time_s,ee_x,ee_y,ee_z,ref_x,ref_y,ref_z,actor_goal_x,actor_goal_y,actor_goal_z,force_x_n,force_y_n,force_z_n,max_abs_ctrl,max_control_fraction
0.001,0.24089753526951235,-0.0730729833318539,1.6609761099930531,0.24089753526951235,-0.0730729833318539,1.6609761099930531,0.24089753526951235,-0.0730729833318539,1.6609761099930531,0.0,0.0,0.0,4.534865693479492,0.07558109489132488
0.002,0.24089792617506692,-0.07307301570812491,1.6609760723441913,0.24089753526951235,-0.0730729833318539,1.6609761099930531,0.24089753526951235,-0.0730729833318539,1.6609761099930531,0.0,0.0,0.0,4.543371965735952,0.07572286609559921
0.003,0.24089831937263367,-0.07307305800194208,1.6609758875775094,0.24089753526951235,-0.0730729833318539,1.6609761099930531,0.24089753526951235,-0.0730729833318539,1.6609761099930531,0.0,0.0,0.0,4.546486206865062,0.0757747701144177
0.004,0.2408985957654861,-0.07307309911920146,1.6609755519563392,0.24089753526951235,-0.0730729833318539,1.6609761099930531,0.24089753526951235,-0.0730729833318539,1.6609761099930531,0.0,0.0,0.0,4.547370392007597,0.07578950653345995
0.005,0.24089873794175637,-0.07307313342751032,1.660975099132559,0.24089753526951235,-0.0730729833318539,1.6609761099930531,0.24089753526951235,-0.0730729833318539,1.6609761099930531,0.0,0.0,0.0,4.547261555272216,0.07578769258787027
0.006,0.24089876347263128,-0.07307315819853082,1.6609745726022926,0.24089753526951235,-0.0730729833318539,1.6609761099930531,0.24089753526951235,-0.0730729833318539,1.6609761099930531,0.0,0.0,0.0,4.546639253210957,0.07577732088684928
0.007,0.24089869906033148,-0.07307317240472247,1.6609740147617835,0.24089753526951235,-0.0730729833318539,1.6609761099930531,0.24089753526951235,-0.0730729833318539,1.6609761099930531,0.0,0.0,0.0,4.5456951358645945,0.07576158559774324
0.008,0.24089857103728676,-0.07307317609414617,1.660973462744322,0.24089753526951235,-0.0730729833318539,1.6609761099930531,0.24089753526951235,-0.0730729833318539,1.6609761099930531,0.0,0.0,0.0,4.544518458494319,0.07574197430823865
0.009000000000000001,0.24089840228452591,-0.07307317002219295,1.66097294704451,0.24089753526951235,-0.0730729833318539,1.6609761099930531,0.24089753526951235,-0.0730729833318539,1.6609761099930531,0.0,0.0,0.0,4.543166597065507,0.0757194432844251
0.010000000000000002,0.2408982115790028,-0.07307315540599268,1.6609724913086854,0.24089753526951235,-0.0730729833318539,1.6609761099930531,0.24089753526951235,-0.0730729833318539,1.6609761099930531,0.0,0.0,0.0,4.54168961561979,0.0756948269269965
0.011000000000000003,0.2408980137941087,-0.07307313374458832,1.6609721126325874,0.24089753526951235,-0.0730729833318539,1.6609761099930531,0.24089753526951235,-0.0730729833318539,1.6609761099930531,0.0,0.0,0.0,4.540136997022979,0.075668949950383
0.012000000000000004,0.24089782035056428,-0.0730731066800805,1.6609718220945973,0.24089753526951235,-0.0730729833318539,1.6609761099930531,0.24089753526951235,-0.0730729833318539,1.6609761099930531,0.0,0.0,0.0,4.53855788726847,0.0756426314544745
0.013000000000000005,0.2408976397008495,-0.07307307588835868,1.660971625406956,0.24089753526951235,-0.0730729833318539,1.6609761099930531,0.24089753526951235,-0.0730729833318539,1.6609761099930531,0.0,0.0,0.0,4.5369993599385365,0.07561665599897562
0.014000000000000005,0.24089747777903403,-0.07307304299363455,1.660971523627682,0.24089753526951235,-0.0730729833318539,1.6609761099930531,0.24089753526951235,-0.0730729833318539,1.6609761099930531,0.0,0.0,0.0,4.535504428268125,0.07559174047113543
0.015000000000000006,0.24089733840195157,-0.0730730095033272,1.6609715138993144,0.24089753526951235,-0.0730729833318539,1.6609761099930531,0.24089753526951235,-0.0730729833318539,1.6609761099930531,0.0,0.0,0.0,4.534110413838359,0.07556850689730599
0.016000000000000007,0.24089722362492136,-0.07307297676078735,1.6609715901899562,0.24089753526951235,-0.0730729833318539,1.6609761099930531,0.24089753526951235,-0.0730729833318539,1.6609761099930531,0.0,0.0,0.0,4.53284783799161,0.07554746396652683
0.017000000000000008,0.2408971340588954,-0.07307294591373117,1.6609717440165266,0.24089753526951235,-0.0730729833318539,1.6609761099930531,0.24089753526951235,-0.0730729833318539,1.6609761099930531,0.0,0.0,0.0,4.531739832061538,0.07552899720102563
0.01800000000000001,0.24089706915506312,-0.07307291789637395,1.660971965133071,0.24089753526951235,-0.0730729833318539,1.6609761099930531,0.24089753526951235,-0.0730729833318539,1.6609761099930531,0.0,0.0,0.0,4.530802001794813,0.07551336669658021
0.01900000000000001,0.2408970274610906,-0.0730728934233149,1.6609722421697333,0.24089753526951235,-0.0730729833318539,1.6609761099930531,0.24089753526951235,-0.0730729833318539,1.6609761099930531,0.0,0.0,0.0,4.530042663789376,0.07550071106315627
0.02000000000000001,0.24089700685148055,-0.07307287299325543,1.6609725632108234,0.24089753526951235,-0.0730729833318539,1.6609761099930531,0.24089753526951235,-0.0730729833318539,1.6609761099930531,0.0,0.0,0.0,4.529463370993197,0.07549105618321995
0.02100000000000001,0.24089700473331438,-0.07307285690068077,1.6609729163033906,0.24089753526951235,-0.0730729833318539,1.6609761099930531,0.24089753526951235,-0.0730729833318539,1.6609761099930531,0.0,0.0,0.0,4.529059649878289,0.07548432749797149
0.022000000000000013,0.24089701822794693,-0.07307284525371727,1.6609732898907015,0.24089753526951235,-0.0730729833318539,1.6609761099930531,0.24089753526951235,-0.0730729833318539,1.6609761099930531,0.0,0.0,0.0,4.528821879773819,0.07548036466289698
0.023000000000000013,0.24089704432890469,-0.07307283799647205,1.6609736731678937,0.24089753526951235,-0.0730729833318539,1.6609761099930531,0.24089753526951235,-0.0730729833318539,1.6609761099930531,0.0,0.0,0.0,4.528736253479231,0.07547893755798718
0.024000000000000014,0.2408970800362349,-0.07307283493431241,1.6609740563597633,0.24089753526951235,-0.0730729833318539,1.6609761099930531,0.24089753526951235,-0.0730729833318539,1.6609761099930531,0.0,0.0,0.0,4.52878576704361,0.07547976278406017
0.025000000000000015,0.24089712246772405,-0.07307283576067443,1.6609744309229924,0.24089753526951235,-0.0730729833318539,1.6609761099930531,0.24089753526951235,-0.0730729833318539,1.6609761099930531,0.0,0.0,0.0,4.52895119522173,0.07548251992036216
0.026000000000000016,0.24089716894769736,-0.07307284008419176,1.6609747896771692,0.24089753526951235,-0.0730729833318539,1.6609761099930531,0.24089753526951235,-0.0730729833318539,1.6609761099930531,0.0,0.0,0.0,4.529212017437883,0.07548686695729806
0.027000000000000017,0.24089721707444164,-0.07307284745508949,1.6609751268705502,0.24089753526951235,-0.0730729833318539,1.6609761099930531,0.24089753526951235,-0.0730729833318539,1.6609761099930531,0.0,0.0,0.0,4.529547266964968,0.07549245444941614
0.028000000000000018,0.24089726476762713,-0.073072857390007,1.6609754381877857,0.24089753526951235,-0.0730729833318539,1.6609761099930531,0.24089753526951235,-0.0730729833318539,1.6609761099930531,0.0,0.0,0.0,4.529936283377032,0.07549893805628387
0.02900000000000002,0.24089731029740602,-0.0730728693945718,1.6609757207076332,0.24089753526951235,-0.0730729833318539,1.6609761099930531,0.24089753526951235,-0.0730729833318539,1.6609761099930531,0.0,0.0,0.0,4.5303593550372945,0.07550598925062157
0.03000000000000002,0.24089735229711196,-0.07307288298325093,1.6609759728191995,0.24089753526951235,-0.0730729833318539,1.6609761099930531,0.24089753526951235,-0.0730729833318539,1.6609761099930531,0.0,0.0,0.0,4.530798244409004,0.0755133040734834
0.03100000000000002,0.2408973897616633,-0.07307289769615757,1.6609761941053596,0.24089753526951235,-0.0730729833318539,1.6609761099930531,0.24089753526951235,-0.0730729833318539,1.6609761099930531,0.0,0.0,0.0,4.5312365942297586,0.0755206099038293
0.03200000000000002,0.2408974220338812,-0.07307291311265307,1.6609763852018569,0.24089753526951235,-0.0730729833318539,1.6609761099930531,0.24089753526951235,-0.0730729833318539,1.6609761099930531,0.0,0.0,0.0,4.531660217081854,0.07552767028469758
0.03300000000000002,0.2408974487809754,-0.0730729288617177,1.660976547640178,0.24089753526951235,-0.0730729833318539,1.6609761099930531,0.24089753526951235,-0.0730729833318539,1.6609761099930531,0.0,0.0,0.0,4.532057274579872,0.07553428790966453
0.03400000000000002,0.24089746996341643,-0.07307294462918135,1.660976683681681,0.24089753526951235,-0.0730729833318539,1.6609761099930531,0.24089753526951235,-0.0730729833318539,1.6609761099930531,0.0,0.0,0.0,4.532418355316935,0.07554030592194891
0.035000000000000024,0.2408974857983316,-0.07307296016199642,1.6609767961496855,0.24089753526951235,-0.0730729833318539,1.6609761099930531,0.24089753526951235,-0.0730729833318539,1.6609761099930531,0.0,0.0,0.0,4.532736462873009,0.07554560771455016
0.036000000000000025,0.24089749671940902,-0.07307297526981779,1.6609768882653404,0.24089753526951235,-0.0730729833318539,1.6609761099930531,0.24089753526951235,-0.0730729833318539,1.6609761099930531,0.0,0.0,0.0,4.533006926649876,0.07555011544416461
0.037000000000000026,0.24089750333512774,-0.07307298982420125,1.6609769634921572,0.24089753526951235,-0.0730729833318539,1.6609761099930531,0.24089753526951235,-0.0730729833318539,1.6609761099930531,0.0,0.0,0.0,4.533227249108215,0.07555378748513691
0.03800000000000003,0.2408975063869125,-0.07307300375577792,1.6609770253930993,0.24089753526951235,-0.0730729833318539,1.6609761099930531,0.24089753526951235,-0.0730729833318539,1.6609761099930531,0.0,0.0,0.0,4.533396903212758,0.07555661505354597
0.03900000000000003,0.24089750670857732,-0.07307301704976854,1.660977077503173,0.24089753526951235,-0.0730729833318539,1.6609761099930531,0.24089753526951235,-0.0730729833318539,1.6609761099930531,0.0,0.0,0.0,4.533517093625028,0.0755586182270838
0.04000000000000003,0.24089750518819092,-0.07307302974021544,1.6609771232195216,0.24089753526951235,-0.0730729833318539,1.6609761099930531,0.24089753526951235,-0.0730729833318539,1.6609761099930531,0.0,0.0,0.0,4.533590494487003,0.07555984157478338
0.04100000000000003,0.2408975027332408,-0.07307304190329826,1.6609771657101875,0.24089753526951235,-0.0730729833318539,1.6609761099930531,0.24089753526951235,-0.0730729833318539,1.6609761099930531,0.0,0.0,0.0,4.533620975618984,0.07556034959364973
0.04200000000000003,0.2408975002397477,-0.07307305365006897,1.660977207841902,0.24089753526951235,-0.0730729833318539,1.6609761099930531,0.24089753526951235,-0.0730729833318539,1.6609761099930531,0.0,0.0,0.0,4.533613327666406,0.07556022212777343
0.04300000000000003,0.24089749856574838,-0.07307306511892749,1.660977252126618,0.24089753526951235,-0.0730729833318539,1.6609761099930531,0.24089753526951235,-0.0730729833318539,1.6609761099930531,0.0,0.0,0.0,4.533572995282841,0.07555954992138068
0.04400000000000003,0.24089749850936754,-0.07307307646810861,1.6609773006858948,0.24089753526951235,-0.0730729833318539,1.6609761099930531,0.24089753526951235,-0.0730729833318539,1.6609761099930531,0.0,0.0,0.0,4.533505825873389,0.07555843043122315
0.04500000000000003,0.24089750079151714,-0.07307308786842388,1.6609773552318294,0.24089753526951235,-0.0730729833318539,1.6609761099930531,0.24089753526951235,-0.0730729833318539,1.6609761099930531,0.0,0.0,0.0,4.533417839842284,0.0755569639973714
0.046000000000000034,0.24089750604309856,-0.0730730994964485,1.660977417062825,0.24089753526951235,-0.0730729833318539,1.6609761099930531,0.24089753526951235,-0.0730729833318539,1.6609761099930531,0.0,0.0,0.0,4.533315026719226,0.07555525044532044
0.047000000000000035,0.24089751479645832,-0.07307311152830669,1.6609774870722964,0.24089753526951235,-0.0730729833318539,1.6609761099930531,0.24089753526951235,-0.0730729833318539,1.6609761099930531,0.0,0.0,0.0,4.533203170057875,0.07555338616763124
0.048000000000000036,0.24089752748075166,-0.07307312413417084,1.660977565768232,0.24089753526951235,-0.0730729833318539,1.6609761099930531,0.24089753526951235,-0.0730729833318539,1.6609761099930531,0.0,0.0,0.0,4.533087702623397,0.07555146171038994
0.04900000000000004,0.24089754442078254,-0.07307313747354023,1.660977653301506,0.24089753526951235,-0.0730729833318539,1.6609761099930531,0.24089753526951235,-0.0730729833318539,1.6609761099930531,0.0,0.0,0.0,4.5329735921653995,0.07554955986942333
0.05000000000000004,0.2408975658388439,-0.07307315169134165,1.6609777495008318,0.24089753526951235,-0.0730729833318539,1.6609761099930531,0.24089753526951235,-0.0730729833318539,1.6609761099930531,0.0,0.0,0.0,4.532865257011487,0.07554775428352478
0.05100000000000004,0.24089759185906717,-0.07307316691485428,1.6609778539123659,0.24089753526951235,-0.0730729833318539,1.6609761099930531,0.24089753526951235,-0.0730729833318539,1.6609761099930531,0.0,0.0,0.0,4.532766509840199,0.07554610849733664
0.05200000000000004,0.24089762251376437,-0.0730731832514367,1.6609779658421033,0.24089753526951235,-0.0730729833318539,1.6609761099930531,0.24089753526951235,-0.0730729833318539,1.6609761099930531,0.0,0.0,0.0,4.532680527303124,0.07554467545505207
0.05300000000000004,0.24089765775128116,-0.07307320078701476,1.6609780843993875,0.24089753526951235,-0.0730729833318539,1.6609761099930531,0.24089753526951235,-0.0730729833318539,1.6609761099930531,0.0,0.0,0.0,4.532609842647594,0.0755434973774599
0.05400000000000004,0.2408976974448972,-0.07307321958526872,1.660978208540091,0.24089753526951235,-0.0730729833318539,1.6609761099930531,0.24089753526951235,-0.0730729833318539,1.6609761099930531,0.0,0.0,0.0,4.532556358165417,0.07554260596942361
0.05500000000000004,0.2408977414023499,-0.07307323968744642,1.6609783371082298,0.24089753526951235,-0.0730729833318539,1.6609761099930531,0.24089753526951235,-0.0730729833318539,1.6609761099930531,0.0,0.0,0.0,4.532521374108093,0.07554202290180155
0.05600000000000004,0.24089778937560627,-0.07307326111272108,1.6609784688750266,0.24089753526951235,-0.0730729833318539,1.6609761099930531,0.24089753526951235,-0.0730729833318539,1.6609761099930531,0.0,0.0,0.0,4.532505630682179,0.07554176051136965
0.057000000000000044,0.24089784107057294,-0.07307328385901064,1.660978602574676,0.24089753526951235,-0.0730729833318539,1.6609761099930531,0.24089753526951235,-0.0730729833318539,1.6609761099930531,0.0,0.0,0.0,4.532509359823617,0.07554182266372696
0.058000000000000045,0.24089789615646795,-0.07307330790417126,1.6609787369362665,0.24089753526951235,-0.0730729833318539,1.6609761099930531,0.24089753526951235,-0.0730729833318539,1.6609761099930531,0.0,0.0,0.0,4.554213386235612,0.0755422057274228
0.059000000000000045,0.24089795427465915,-0.07307333320748392,1.6609788707115403,0.24089753526951235,-0.0730729833318539,1.6609761099930531,0.24089753526951235,-0.0730729833318539,1.6609761099930531,0.0,0.0,0.0,4.595200998921227,0.07554289961198328
0.060000000000000046,0.24089801504680874,-0.07307335971135331,1.66097900269835,0.24089753526951235,-0.0730729833318539,1.6609761099930531,0.24089753526951235,-0.0730729833318539,1.6609761099930531,0.0,0.0,0.0,4.633178382588351,0.07554388882802571
0.06100000000000005,0.24089807808222433,-0.07307338734314918,1.6609791317598215,0.24089753526951235,-0.0730729833318539,1.6609761099930531,0.24089753526951235,-0.0730729833318539,1.6609761099930531,0.0,0.0,0.0,4.668122656316889,0.07554515353364483
0.06200000000000005,0.2408981429843579,-0.07307341601712762,1.6609792568393666,0.24089753526951235,-0.0730729833318539,1.6609761099930531,0.24089753526951235,-0.0730729833318539,1.6609761099930531,0.0,0.0,0.0,4.700020964124993,0.07554667053765884
0.06300000000000004,0.2408982093564348,-0.07307344563637083,1.660979376971816,0.24089753526951235,-0.0730729833318539,1.6609761099930531,0.24089753526951235,-0.0730729833318539,1.6609761099930531,0.0,0.0,0.0,4.728870472780718,0.07554841423663979
0.06400000000000004,0.240898276806227,-0.07307347609470796,1.660979491290978,0.24089753526951235,-0.0730729833318539,1.6609761099930531,0.24089753526951235,-0.0730729833318539,1.6609761099930531,0.0,0.0,0.0,4.754678266777101,0.07555035746868949
0.06500000000000004,0.24089834495000678,-0.07307350727856975,1.6609795990340224,0.24089753526951235,-0.0730729833318539,1.6609761099930531,0.24089753526951235,-0.0730729833318539,1.6609761099930531,0.0,0.0,0.0,4.77746114473715,0.07555247227276524
0.06600000000000004,0.2408984134157467,-0.0730735390687551,1.6609796995431019,0.24089753526951235,-0.0730729833318539,1.6609761099930531,0.24089753526951235,-0.0730729833318539,1.6609761099930531,0.0,0.0,0.0,4.7972453235092996,0.0755547305473221
0.06700000000000005,0.24089848184563104,-0.07307357134208087,1.6609797922646292,0.24089753526951235,-0.0730729833318539,1.6609761099930531,0.24089753526951235,-0.0730729833318539,1.6609761099930531,0.0,0.0,0.0,4.814066057914266,0.07555710460659047
0.06800000000000005,0.24089854989796483,-0.07307360397290753,1.6609798767466433,0.24089753526951235,-0.0730729833318539,1.6609761099930531,0.24089753526951235,-0.0730729833318539,1.6609761099930531,0.0,0.0,0.0,4.827967185512083,0.0755595676364953
0.06900000000000005,0.2408986172485595,-0.07307363683452531,1.6609799526346434,0.24089753526951235,-0.0730729833318539,1.6609761099930531,0.24089753526951235,-0.0730729833318539,1.6609761099930531,0.0,0.0,0.0,4.839000606771438,0.0755620940551955
0.07000000000000005,0.2408986835916794,-0.07307366980040093,1.6609800196662852,0.24089753526951235,-0.0730729833318539,1.6609761099930531,0.24089753526951235,-0.0730729833318539,1.6609761099930531,0.0,0.0,0.0,4.847225711743096,0.07556465978552683
0.07100000000000005,0.2408987486406261,-0.07307370274528378,1.6609800776652555,0.24089753526951235,-0.0730729833318539,1.6609761099930531,0.24089753526951235,-0.0730729833318539,1.6609761099930531,0.0,0.0,0.0,4.85270876464171,0.07556724244811483
0.07200000000000005,0.24089881214092124,-0.07307373554819312,1.660980126525202,0.24089753526951235,-0.0730729833318539,1.6609761099930531,0.24089753526951235,-0.0730729833318539,1.6609761099930531,0.0,0.0,0.0,4.855529241790235,0.07556982885678669
0.07300000000000005,0.24089887386720954,-0.07307376809077988,1.660980166187067,0.24089753526951235,-0.0730729833318539,1.6609761099930531,0.24089753526951235,-0.0730729833318539,1.6609761099930531,0.0,0.0,0.0,4.855781853286503,0.07557241199754482
0.07400000000000005,0.24089893361499862,-0.07307380025713041,1.6609801966170323,0.24089753526951235,-0.0730729833318539,1.6609761099930531,0.24089753526951235,-0.0730729833318539,1.6609761099930531,0.0,0.0,0.0,4.853576990194627,0.075574989255854
0.07500000000000005,0.24089899117326247,-0.07307383193248981,1.6609802178022155,0.24089753526951235,-0.0730729833318539,1.6609761099930531,0.24089753526951235,-0.0730729833318539,1.6609761099930531,0.0,0.0,0.0,4.849029804199268,0.07557755032621993
0.07600000000000005,0.24089904632063736,-0.07307386300325876,1.660980229760831,0.24089753526951235,-0.0730729833318539,1.6609761099930531,0.24089753526951235,-0.0730729833318539,1.6609761099930531,0.0,0.0,0.0,4.842255080600379,0.07558008011042233
0.07700000000000005,0.24089909883370575,-0.07307389335787438,1.6609802325548917,0.24089753526951235,-0.0730729833318539,1.6609761099930531,0.24089753526951235,-0.0730729833318539,1.6609761099930531,0.0,0.0,0.0,4.833365789835424,0.07558256179016813
0.07800000000000006,0.2408991484966808,-0.07307392288798599,1.6609802263002849,0.24089753526951235,-0.0730729833318539,1.6609761099930531,0.24089753526951235,-0.0730729833318539,1.6609761099930531,0.0,0.0,0.0,4.822472651904102,0.07558497812259493
0.07900000000000006,0.24089919510957536,-0.07307395148969115,1.6609802111730314,0.24089753526951235,-0.0730729833318539,1.6609761099930531,0.24089753526951235,-0.0730729833318539,1.6609761099930531,0.0,0.0,0.0,4.809684006879946,0.07558731218785272
0.08000000000000006,0.24089923849428235,-0.07307397906471498,1.6609801874117887,0.24089753526951235,-0.0730729833318539,1.6609761099930531,0.24089753526951235,-0.0730729833318539,1.6609761099930531,0.0,0.0,0.0,4.795105773315193,0.07558954794781705
0.08100000000000006,0.24089927849868126,-0.0730740055214649,1.6609801553170362,0.24089753526951235,-0.0730729833318539,1.6609761099930531,0.24089753526951235,-0.0730729833318539,1.6609761099930531,0.0,0.0,0.0,4.778841429385663,0.07559167070779448
0.08200000000000006,0.24089931499904313,-0.07307403077592299,1.6609801152474992,0.24089753526951235,-0.0730729833318539,1.6609761099930531,0.24089753526951235,-0.0730729833318539,1.6609761099930531,0.0,0.0,0.0,4.760991998514536,0.07559366749641874
0.08300000000000006,0.2408993479010224,-0.07307405475234832,1.6609800676143849,0.24089753526951235,-0.0730729833318539,1.6609761099930531,0.24089753526951235,-0.0730729833318539,1.6609761099930531,0.0,0.0,0.0,4.7416560350694805,0.07559552736087635
0.08400000000000006,0.24089937713950493,-0.07307407738378136,1.6609800128739813,0.24089753526951235,-0.0730729833318539,1.6609761099930531,0.24089753526951235,-0.0730729833318539,1.6609761099930531,0.0,0.0,0.0,4.720929609550142,0.07559724157374877
0.08500000000000006,0.24089940267755006,-0.07307409861234744,1.6609799515191446,0.24089753526951235,-0.0730729833318539,1.6609761099930531,0.24089753526951235,-0.0730729833318539,1.6609761099930531,0.0,0.0,0.0,4.698906293600251,0.07559880375127134
0.08600000000000006,0.2408994245046447,-0.07307411838936556,1.6609798840701475,0.24089753526951235,-0.0730729833318539,1.6609761099930531,0.24089753526951235,-0.0730729833318539,1.6609761099930531,0.0,0.0,0.0,4.675677145284041,0.07560020988674
0.08700000000000006,0.24089944263445073,-0.07307413667527932,1.6609798110653184,0.24089753526951235,-0.0730729833318539,1.6609761099930531,0.24089753526951235,-0.0730729833318539,1.6609761099930531,0.0,0.0,0.0,4.651330695042942,0.0756014583061533
0.08800000000000006,0.24089945710222044,-0.0730741534394243,1.660979733051833,0.24089753526951235,-0.0730729833318539,1.6609761099930531,0.24089753526951235,-0.0730729833318539,1.6609761099930531,0.0,0.0,0.0,4.625952932713831,0.07560254955556327
0.08900000000000007,0.24089946796201467,-0.07307416865965699,1.6609796505769703,0.24089753526951235,-0.0730729833318539,1.6609761099930531,0.24089753526951235,-0.0730729833318539,1.6609761099930531,0.0,0.0,0.0,4.599627295962417,0.07560348623133945
0.09000000000000007,0.24089947528385702,-0.0730741823218687,1.6609795641800789,0.24089753526951235,-0.0730729833318539,1.6609761099930531,0.24089753526951235,-0.0730729833318539,1.6609761099930531,0.0,0.0,0.0,4.5724346604849675,0.0756042727653136
0.09100000000000007,0.24089947915091459,-0.07307419441940764,1.6609794743854382,0.24089753526951235,-0.0730729833318539,1.6609761099930531,0.24089753526951235,-0.0730729833318539,1.6609761099930531,0.0,0.0,0.0,4.544453332345676,0.07560491517708634
0.09200000000000007,0.24089947965680641,-0.07307420495243741,1.6609793816961465,0.24089753526951235,-0.0730729833318539,1.6609761099930531,0.24089753526951235,-0.0730729833318539,1.6609761099930531,0.0,0.0,0.0,4.536325248323577,0.07560542080539295
0.09300000000000007,0.24089947690308816,-0.07307421392725301,1.6609792865891113,0.24089753526951235,-0.0730729833318539,1.6609761099930531,0.24089753526951235,-0.0730729833318539,1.6609761099930531,0.0,0.0,0.0,4.53634788178816,0.07560579802980266
0.09400000000000007,0.24089947099697176,-0.07307422135557896,1.6609791895111703,0.24089753526951235,-0.0730729833318539,1.6609761099930531,0.24089753526951235,-0.0730729833318539,1.6609761099930531,0.0,0.0,0.0,4.536363359568352,0.07560605599280586
0.09500000000000007,0.24089946204931384,-0.07307422725386664,1.660979090876327,0.24089753526951235,-0.0730729833318539,1.6609761099930531,0.24089753526951235,-0.0730729833318539,1.6609761099930531,0.0,0.0,0.0,4.536372259873659,0.07560620433122764
0.09600000000000007,0.24089945017288522,-0.07307423164261359,1.6609789910640556,0.24089753526951235,-0.0730729833318539,1.6609761099930531,0.24089753526951235,-0.0730729833318539,1.6609761099930531,0.0,0.0,0.0,4.536375175461792,0.07560625292436321
0.09700000000000007,0.2408994354809343,-0.07307423454571453,1.6609788904185918,0.24089753526951235,-0.0730729833318539,1.6609761099930531,0.24089753526951235,-0.0730729833318539,1.6609761099930531,0.0,0.0,0.0,4.536372699883327,0.07560621166472212
0.09800000000000007,0.24089941808603502,-0.0730742359898568,1.6609787892491081,0.24089753526951235,-0.0730729833318539,1.6609761099930531,0.24089753526951235,-0.0730729833318539,1.6609761099930531,0.0,0.0,0.0,4.536365415349522,0.07560609025582536
0.09900000000000007,0.2408993980992111,-0.07307423600397443,1.6609786878306618,0.24089753526951235,-0.0730729833318539,1.6609761099930531,0.24089753526951235,-0.0730729833318539,1.6609761099930531,0.0,0.0,0.0,4.536353882396516,0.07560589803994193
0.10000000000000007,0.2408993756293122,-0.07307423461875763,1.6609785864057884,0.24089753526951235,-0.0730729833318539,1.6609761099930531,0.24089753526951235,-0.0730729833318539,1.6609761099930531,0.0,0.0,0.0,4.536338631442069,0.07560564385736782
0.10100000000000008,0.2408993507826176,-0.07307423186622986,1.6609784851865956,0.24089753526951235,-0.0730729833318539,1.6609761099930531,0.24089753526951235,-0.0730729833318539,1.6609761099930531,0.0,0.0,0.0,4.536320156252018,0.07560533593753364
0.10200000000000008,0.24089932366263883,-0.07307422777938868,1.660978384357256,0.24089753526951235,-0.0730729833318539,1.6609761099930531,0.24089753526951235,-0.0730729833318539,1.6609761099930531,0.0,0.0,0.0,4.536298909273719,0.07560498182122864
0.10300000000000008,0.24089929437008983,-0.07307422239190942,1.6609782840767453,0.24089753526951235,-0.0730729833318539,1.6609761099930531,0.24089753526951235,-0.0730729833318539,1.6609761099930531,0.0,0.0,0.0,4.536275298731623,0.07560458831219372
0.10400000000000008,0.24089926300299003,-0.07307421573790986,1.6609781844817246,0.24089753526951235,-0.0730729833318539,1.6609761099930531,0.24089753526951235,-0.0730729833318539,1.6609761099930531,0.0,0.0,0.0,4.536249687345264,0.0756041614557544
0.10500000000000008,0.24089922965687235,-0.0730742078517737,1.6609780856894654,0.24089753526951235,-0.0730729833318539,1.6609761099930531,0.24089753526951235,-0.0730729833318539,1.6609761099930531,0.0,0.0,0.0,4.536222392488093,0.07560370654146822
0.10600000000000008,0.24089919442506202,-0.07307419876802053,1.660977987800711,0.24089753526951235,-0.0730729833318539,1.6609761099930531,0.24089753526951235,-0.0730729833318539,1.6609761099930531,0.0,0.0,0.0,4.536193687587223,0.07560322812645372
0.10700000000000008,0.24089915739900092,-0.07307418852122366,1.6609778909024113,0.24089753526951235,-0.0730729833318539,1.6609761099930531,0.24089753526951235,-0.0730729833318539,1.6609761099930531,0.0,0.0,0.0,4.536163804551102,0.0756027300758517
0.10800000000000008,0.24089911866859254,-0.0730741771459642,1.6609777950702589,0.24089753526951235,-0.0730729833318539,1.6609761099930531,0.24089753526951235,-0.0730729833318539,1.6609761099930531,0.0,0.0,0.0,4.536132937005219,0.07560221561675365
0.10900000000000008,0.24089907832254095,-0.07307416467681654,1.6609777003709867,0.24089753526951235,-0.0730729833318539,1.6609761099930531,0.24089753526951235,-0.0730729833318539,1.6609761099930531,0.0,0.0,0.0,4.536101244123336,0.0756016874020556
0.11000000000000008,0.2408990364486726,-0.07307415114835523,1.6609776068643871,0.24089753526951235,-0.0730729833318539,1.6609761099930531,0.24089753526951235,-0.0730729833318539,1.6609761099930531,0.0,0.0,0.0,4.536068854845178,0.07560114758075297
0.11100000000000008,0.2408989931342213,-0.07307413659518316,1.6609775146050334,0.24089753526951235,-0.0730729833318539,1.6609761099930531,0.24089753526951235,-0.0730729833318539,1.6609761099930531,0.0,0.0,0.0,4.536035872296865,0.07560059787161441
0.11200000000000009,0.24089894846606622,-0.07307412105196634,1.6609774236437125,0.24089753526951235,-0.0730729833318539,1.6609761099930531,0.24089753526951235,-0.0730729833318539,1.6609761099930531,0.0,0.0,0.0,4.5360023782415,0.07560003963735834
0.11300000000000009,0.24089890253091883,-0.0730741045534763,1.66097733402854,0.24089753526951235,-0.0730729833318539,1.6609761099930531,0.24089753526951235,-0.0730729833318539,1.6609761099930531,0.0,0.0,0.0,4.535968437410303,0.07559947395683839
0.11400000000000009,0.24089885541544848,-0.07307408713463187,1.660977245805809,0.24089753526951235,-0.0730729833318539,1.6609761099930531,0.24089753526951235,-0.0730729833318539,1.6609761099930531,0.0,0.0,0.0,4.535934101599211,0.07559890169332019
0.11500000000000009,0.24089880720635193,-0.07307406883053916,1.6609771590205649,0.24089753526951235,-0.0730729833318539,1.6609761099930531,0.24089753526951235,-0.0730729833318539,1.6609761099930531,0.0,0.0,0.0,4.5358994134228965,0.07559832355704828
0.11600000000000009,0.2408987579903628,-0.07307404967652101,1.6609770737169403,0.24089753526951235,-0.0730729833318539,1.6609761099930531,0.24089753526951235,-0.0730729833318539,1.6609761099930531,0.0,0.0,0.0,4.535864409661552,0.07559774016102587
0.11700000000000009,0.24089870785420867,-0.07307402970814066,1.6609769899382927,0.24089753526951235,-0.0730729833318539,1.6609761099930531,0.24089753526951235,-0.0730729833318539,1.6609761099930531,0.0,0.0,0.0,4.535829124147619,0.07559715206912698
0.11800000000000009,0.24089865688451648,-0.073074008961211,1.6609769077271563,0.24089753526951235,-0.0730729833318539,1.6609761099930531,0.24089753526951235,-0.0730729833318539,1.6609761099930531,0.0,0.0,0.0,4.535793590163248,0.07559655983605414
0.11900000000000009,0.24089860516767736,-0.0730739874717937,1.6609768271250605,0.24089753526951235,-0.0730729833318539,1.6609761099930531,0.24089753526951235,-0.0730729833318539,1.6609761099930531,0.0,0.0,0.0,4.535757842345841,0.07559596403909735
0.12000000000000009,0.24089855278967492,-0.07307396527618479,1.66097674817224,0.24089753526951235,-0.0730729833318539,1.6609761099930531,0.24089753526951235,-0.0730729833318539,1.6609761099930531,0.0,0.0,0.0,4.535721918107627,0.07559536530179378
0.1210000000000001,0.24089849983588468,-0.07307394241088616,1.6609766709072709,0.24089753526951235,-0.0730729833318539,1.6609761099930531,0.24089753526951235,-0.0730729833318539,1.6609761099930531,0.0,0.0,0.0,4.535685858595824,0.0755947643099304
0.1220000000000001,0.24089844639085672,-0.07307391891256866,1.6609765953666624,0.24089753526951235,-0.0730729833318539,1.6609761099930531,0.24089753526951235,-0.0730729833318539,1.6609761099930531,0.0,0.0,0.0,4.535649709229658,0.0755941618204943
0.1230000000000001,0.24089839253808182,-0.07307389481802107,1.6609765215844348,0.24089753526951235,-0.0730729833318539,1.6609761099930531,0.24089753526951235,-0.0730729833318539,1.6609761099930531,0.0,0.0,0.0,4.53561351986058,0.075593558664343
0.1240000000000001,0.24089833835975843,-0.073073870164092,1.6609764495916999,0.24089753526951235,-0.0730729833318539,1.6609761099930531,0.24089753526951235,-0.0730729833318539,1.6609761099930531,0.0,0.0,0.0,4.535577344605084,0.07559295574341807
0.12500000000000008,0.24089828393655807,-0.07307384498762236,1.6609763794162786,0.24089753526951235,-0.0730729833318539,1.6609761099930531,0.24089753526951235,-0.0730729833318539,1.6609761099930531,0.0,0.0,0.0,4.5355412414094065,0.07559235402349011
0.12600000000000008,0.2408982293474001,-0.07307381932537338,1.6609763110823514,0.24089753526951235,-0.0730729833318539,1.6609761099930531,0.24089753526951235,-0.0730729833318539,1.6609761099930531,0.0,0.0,0.0,4.5355052713980015,0.07559175452330003
0.12700000000000009,0.24089817466924102,-0.07307379321394962,1.6609762446101781,0.24089753526951235,-0.0730729833318539,1.6609761099930531,0.24089753526951235,-0.0730729833318539,1.6609761099930531,0.0,0.0,0.0,4.535469498066924,0.07559115830111539
0.12800000000000009,0.24089811997688157,-0.07307376668972078,1.6609761800158713,0.24089753526951235,-0.0730729833318539,1.6609761099930531,0.24089753526951235,-0.0730729833318539,1.6609761099930531,0.0,0.0,0.0,4.535433986370351,0.07559056643950585
0.1290000000000001,0.24089806534279434,-0.07307373978874096,1.6609761173112498,0.24089753526951235,-0.0730729833318539,1.6609761099930531,0.24089753526951235,-0.0730729833318539,1.6609761099930531,0.0,0.0,0.0,4.535398801755113,0.07558998002925188
0.1300000000000001,0.24089801083697568,-0.07307371254667078,1.6609760565037592,0.24089753526951235,-0.0730729833318539,1.6609761099930531,0.24089753526951235,-0.0730729833318539,1.6609761099930531,0.0,0.0,0.0,4.535364009182782,0.07558940015304637
0.1310000000000001,0.24089795652682217,-0.0730736849987016,1.6609759975964655,0.24089753526951235,-0.0730729833318539,1.6609761099930531,0.24089753526951235,-0.0730729833318539,1.6609761099930531,0.0,0.0,0.0,4.53532967218157,0.07558882786969283
0.1320000000000001,0.2408979024770344,-0.07307365717948318,1.6609759405881173,0.24089753526951235,-0.0730729833318539,1.6609761099930531,0.24089753526951235,-0.0730729833318539,1.6609761099930531,0.0,0.0,0.0,4.535295851958634,0.07558826419931057
0.1330000000000001,0.24089784874954379,-0.07307362912305689,1.6609758854732672,0.24089753526951235,-0.0730729833318539,1.6609761099930531,0.24089753526951235,-0.0730729833318539,1.6609761099930531,0.0,0.0,0.0,4.535262606599316,0.0755877101099886
0.1340000000000001,0.24089779540346684,-0.07307360086279421,1.6609758322424575,0.24089753526951235,-0.0730729833318539,1.6609761099930531,0.24089753526951235,-0.0730729833318539,1.6609761099930531,0.0,0.0,0.0,4.535229990372922,0.07558716650621536
0.1350000000000001,0.24089774249508145,-0.07307357243134074,1.6609757808824412,0.24089753526951235,-0.0730729833318539,1.6609761099930531,0.24089753526951235,-0.0730729833318539,1.6609761099930531,0.0,0.0,0.0,4.535198053156809,0.07558663421928015
0.1360000000000001,0.24089769007782458,-0.07307354386056947,1.6609757313764502,0.24089753526951235,-0.0730729833318539,1.6609761099930531,0.24089753526951235,-0.0730729833318539,1.6609761099930531,0.0,0.0,0.0,4.535166839989128,0.07558611399981881
0.1370000000000001,0.24089763820231058,-0.07307351518153817,1.660975683704492,0.24089753526951235,-0.0730729833318539,1.6609761099930531,0.24089753526951235,-0.0730729833318539,1.6609761099930531,0.0,0.0,0.0,4.535136390749474,0.07558560651249123
0.1380000000000001,0.2408975869163658,-0.07307348642445635,1.6609756378436666,0.24089753526951235,-0.0730729833318539,1.6609761099930531,0.24089753526951235,-0.0730729833318539,1.6609761099930531,0.0,0.0,0.0,4.535106739966093,0.07558511233276821
0.1390000000000001,0.2408975362650787,-0.07307345761865772,1.6609755937684927,0.24089753526951235,-0.0730729833318539,1.6609761099930531,0.24089753526951235,-0.0730729833318539,1.6609761099930531,0.0,0.0,0.0,4.535077916743724,0.07558463194572873
0.1400000000000001,0.24089748629085972,-0.0730734287925793,1.6609755514512432,0.24089753526951235,-0.0730729833318539,1.6609761099930531,0.24089753526951235,-0.0730729833318539,1.6609761099930531,0.0,0.0,0.0,4.53504994480272,0.075584165746712
0.1410000000000001,0.24089743703351468,-0.07307339997374819,1.6609755108622732,0.24089753526951235,-0.0730729833318539,1.6609761099930531,0.24089753526951235,-0.0730729833318539,1.6609761099930531,0.0,0.0,0.0,4.535022842615379,0.07558371404358964
0.1420000000000001,0.24089738853032105,-0.07307337118877168,1.6609754719703385,0.24089753526951235,-0.0730729833318539,1.6609761099930531,0.24089753526951235,-0.0730729833318539,1.6609761099930531,0.0,0.0,0.0,4.534996623629738,0.07558327706049563
0.1430000000000001,0.24089734081611225,-0.07307334246333572,1.6609754347429015,0.24089753526951235,-0.0730729833318539,1.6609761099930531,0.24089753526951235,-0.0730729833318539,1.6609761099930531,0.0,0.0,0.0,4.534971296562044,0.07558285494270073
0.1440000000000001,0.2408972939233633,-0.07307331382220501,1.6609753991464156,0.24089753526951235,-0.0730729833318539,1.6609761099930531,0.24089753526951235,-0.0730729833318539,1.6609761099930531,0.0,0.0,0.0,4.53494686574594,0.07558244776243234
0.1450000000000001,0.24089724788227804,-0.07307328528923032,1.6609753651465864,0.24089753526951235,-0.0730729833318539,1.6609761099930531,0.24089753526951235,-0.0730729833318539,1.6609761099930531,0.0,0.0,0.0,4.534923331521356,0.07558205552535593
0.1460000000000001,0.24089720272087634,-0.07307325688735572,1.660975332708607,0.24089753526951235,-0.0730729833318539,1.6609761099930531,0.24089753526951235,-0.0730729833318539,1.6609761099930531,0.0,0.0,0.0,4.534900690650654,0.07558167817751091
0.1470000000000001,0.24089715846507845,-0.07307322863863179,1.6609753017973696,0.24089753526951235,-0.0730729833318539,1.6609761099930531,0.24089753526951235,-0.0730729833318539,1.6609761099930531,0.0,0.0,0.0,4.534878936747626,0.07558131561246044
0.1480000000000001,0.24089711513878737,-0.0730732005642298,1.660975272377646,0.24089753526951235,-0.0730729833318539,1.6609761099930531,0.24089753526951235,-0.0730729833318539,1.6609761099930531,0.0,0.0,0.0,4.534858060706261,0.07558096767843768
0.1490000000000001,0.24089707276396888,-0.07307317268445554,1.6609752444142425,0.24089753526951235,-0.0730729833318539,1.6609761099930531,0.24089753526951235,-0.0730729833318539,1.6609761099930531,0.0,0.0,0.0,4.534838051121445,0.0755806341853574
0.1500000000000001,0.24089703136072355,-0.07307314501876992,1.6609752178721298,0.24089753526951235,-0.0730729833318539,1.6609761099930531,0.24089753526951235,-0.0730729833318539,1.6609761099930531,0.0,0.0,0.0,4.53481889469067,0.07558031491151115
0.1510000000000001,0.24089699094736142,-0.07307311758580333,1.660975192716549,0.24089753526951235,-0.0730729833318539,1.6609761099930531,0.24089753526951235,-0.0730729833318539,1.6609761099930531,0.0,0.0,0.0,4.534800576588605,0.07558000960981008
0.1520000000000001,0.24089695154046392,-0.07307309040337663,1.660975168913087,0.24089753526951235,-0.0730729833318539,1.6609761099930531,0.24089753526951235,-0.0730729833318539,1.6609761099930531,0.0,0.0,0.0,4.534783080812537,0.07557971801354228
0.1530000000000001,0.24089691315494793,-0.07307306348851753,1.6609751464277454,0.24089753526951235,-0.0730729833318539,1.6609761099930531,0.24089753526951235,-0.0730729833318539,1.6609761099930531,0.0,0.0,0.0,4.534766390491578,0.0755794398415263
0.1540000000000001,0.24089687580412372,-0.07307303685747961,1.6609751252269773,0.24089753526951235,-0.0730729833318539,1.6609761099930531,0.24089753526951235,-0.0730729833318539,1.6609761099930531,0.0,0.0,0.0,4.534750488157274,0.07557917480262125
0.1550000000000001,0.24089683949974638,-0.07307301052576093,1.660975105277719,0.24089753526951235,-0.0730729833318539,1.6609761099930531,0.24089753526951235,-0.0730729833318539,1.6609761099930531,0.0,0.0,0.0,4.534735355978028,0.0755789225996338
0.1560000000000001,0.2408968042520686,-0.07307298450811948,1.6609750865473998,0.24089753526951235,-0.0730729833318539,1.6609761099930531,0.24089753526951235,-0.0730729833318539,1.6609761099930531,0.0,0.0,0.0,4.534720975952783,0.07557868293254638
0.1570000000000001,0.24089677006988575,-0.07307295881859102,1.6609750690039522,0.24089753526951235,-0.0730729833318539,1.6609761099930531,0.24089753526951235,-0.0730729833318539,1.6609761099930531,0.0,0.0,0.0,4.534707330070327,0.0755784555011721
0.1580000000000001,0.24089673696058184,-0.07307293347050507,1.6609750526158016,0.24089753526951235,-0.0730729833318539,1.6609761099930531,0.24089753526951235,-0.0730729833318539,1.6609761099930531,0.0,0.0,0.0,4.534694400430806,0.0755782400071801
0.1590000000000001,0.2408967049301708,-0.07307290847649904,1.6609750373518597,0.24089753526951235,-0.0730729833318539,1.6609761099930531,0.24089753526951235,-0.0730729833318539,1.6609761099930531,0.0,0.0,0.0,4.534682169339246,0.0755780361556541
0.16000000000000011,0.24089667398333744,-0.07307288384853437,1.6609750231815104,0.24089753526951235,-0.0730729833318539,1.6609761099930531,0.24089753526951235,-0.0730729833318539,1.6609761099930531,0.0,0.0,0.0,4.534670619367635,0.07557784365612724
0.16100000000000012,0.2408966441234771,-0.07307285959790885,1.6609750100745917,0.24089753526951235,-0.0730729833318539,1.6609761099930531,0.24089753526951235,-0.0730729833318539,1.6609761099930531,0.0,0.0,0.0,4.534659733393369,0.0755776622232228
0.16200000000000012,0.240896615352734,-0.07307283573527143,1.6609749980013813,0.24089753526951235,-0.0730729833318539,1.6609761099930531,0.24089753526951235,-0.0730729833318539,1.6609761099930531,0.0,0.0,0.0,4.534649494617874,0.07557749157696456
0.16300000000000012,0.24089658767203956,-0.07307281227063342,1.6609749869325805,0.24089753526951235,-0.0730729833318539,1.6609761099930531,0.24089753526951235,-0.0730729833318539,1.6609761099930531,0.0,0.0,0.0,4.534639886566827,0.07557733144278046
0.16400000000000012,0.24089656108114899,-0.07307278921338171,1.660974976839295,0.24089753526951235,-0.0730729833318539,1.6609761099930531,0.24089753526951235,-0.0730729833318539,1.6609761099930531,0.0,0.0,0.0,4.534630893077496,0.0755771815512916
0.16500000000000012,0.24089653557868024,-0.07307276657229084,1.6609749676930265,0.24089753526951235,-0.0730729833318539,1.6609761099930531,0.24089753526951235,-0.0730729833318539,1.6609761099930531,0.0,0.0,0.0,4.534622498277663,0.07557704163796106
0.16600000000000012,0.24089651116215122,-0.07307274435553412,1.6609749594656609,0.24089753526951235,-0.0730729833318539,1.6609761099930531,0.24089753526951235,-0.0730729833318539,1.6609761099930531,0.0,0.0,0.0,4.534614686556731,0.07557691144261218
0.16700000000000012,0.24089648782801892,-0.07307272257069586,1.6609749521294612,0.24089753526951235,-0.0730729833318539,1.6609761099930531,0.24089753526951235,-0.0730729833318539,1.6609761099930531,0.0,0.0,0.0,4.534607442534154,0.07557679070890257
0.16800000000000012,0.24089646557171576,-0.07307270122478213,1.6609749456570628,0.24089753526951235,-0.0730729833318539,1.6609761099930531,0.24089753526951235,-0.0730729833318539,1.6609761099930531,0.0,0.0,0.0,4.534600751026658,0.07557667918377763
0.16900000000000012,0.24089644438769175,-0.07307268032423272,1.6609749400214715,0.24089753526951235,-0.0730729833318539,1.6609761099930531,0.24089753526951235,-0.0730729833318539,1.6609761099930531,0.0,0.0,0.0,4.534594597016374,0.07557657661693958
0.17000000000000012,0.24089642426945068,-0.07307265987493217,1.6609749351960632,0.24089753526951235,-0.0730729833318539,1.6609761099930531,0.24089753526951235,-0.0730729833318539,1.6609761099930531,0.0,0.0,0.0,4.534588965622689,0.07557648276037815
0.17100000000000012,0.24089640520959132,-0.07307263988222117,1.6609749311545918,0.24089753526951235,-0.0730729833318539,1.6609761099930531,0.24089753526951235,-0.0730729833318539,1.6609761099930531,0.0,0.0,0.0,4.534583842076816,0.07557639736794693
0.17200000000000013,0.2408963871998474,-0.07307262035090886,1.6609749278711883,0.24089753526951235,-0.0730729833318539,1.6609761099930531,0.24089753526951235,-0.0730729833318539,1.6609761099930531,0.0,0.0,0.0,4.53457921170146,0.07557632019502433
0.17300000000000013,0.24089637023112712,-0.07307260128528376,1.6609749253203723,0.24089753526951235,-0.0730729833318539,1.6609761099930531,0.24089753526951235,-0.0730729833318539,1.6609761099930531,0.0,0.0,0.0,4.5345750598975725,0.07557625099829288
0.17400000000000013,0.2408963542935521,-0.07307258268912559,1.660974923477058,0.24089753526951235,-0.0730729833318539,1.6609761099930531,0.24089753526951235,-0.0730729833318539,1.6609761099930531,0.0,0.0,0.0,4.534571372134136,0.07557618953556892
0.17500000000000013,0.24089633937649924,-0.07307256456571912,1.660974922316562,0.24089753526951235,-0.0730729833318539,1.6609761099930531,0.24089753526951235,-0.0730729833318539,1.6609761099930531,0.0,0.0,0.0,4.534568133944693,0.07557613556574488
0.17600000000000013,0.24089632546863876,-0.07307254691786313,1.6609749218146128,0.24089753526951235,-0.0730729833318539,1.6609761099930531,0.24089753526951235,-0.0730729833318539,1.6609761099930531,0.0,0.0,0.0,4.534565330929812,0.0755760888488302
0.17700000000000013,0.2408963125579734,-0.07307252974788597,1.6609749219473602,0.24089753526951235,-0.0730729833318539,1.6609761099930531,0.24089753526951235,-0.0730729833318539,1.6609761099930531,0.0,0.0,0.0,4.534562948762774,0.07557604914604624
0.17800000000000013,0.24089630063187778,-0.07307251305765709,1.6609749226913828,0.24089753526951235,-0.0730729833318539,1.6609761099930531,0.24089753526951235,-0.0730729833318539,1.6609761099930531,0.0,0.0,0.0,4.534560973199879,0.07557601621999797
0.17900000000000013,0.24089628967713544,-0.07307249684859787,1.6609749240236957,0.24089753526951235,-0.0730729833318539,1.6609761099930531,0.24089753526951235,-0.0730729833318539,1.6609761099930531,0.0,0.0,0.0,4.5345593900942625,0.07557598983490438
0.18000000000000013,0.24089627967997584,-0.07307248112169663,1.6609749259217566,0.24089753526951235,-0.0730729833318539,1.6609761099930531,0.24089753526951235,-0.0730729833318539,1.6609761099930531,0.0,0.0,0.0,4.534558185411971,0.07557596975686617
0.18100000000000013,0.2408962706261129,-0.07307246587752138,1.6609749283634745,0.24089753526951235,-0.0730729833318539,1.6609761099930531,0.24089753526951235,-0.0730729833318539,1.6609761099930531,0.0,0.0,0.0,4.534557345249915,0.07557595575416526
0.18200000000000013,0.24089626250077562,-0.07307245111623033,1.6609749313272062,0.24089753526951235,-0.0730729833318539,1.6609761099930531,0.24089753526951235,-0.0730729833318539,1.6609761099930531,0.0,0.0,0.0,4.534556855854725,0.07557594759757875
0.18300000000000013,0.24089625528874875,-0.07307243683758721,1.6609749347917675,0.24089753526951235,-0.0730729833318539,1.6609761099930531,0.24089753526951235,-0.0730729833318539,1.6609761099930531,0.0,0.0,0.0,4.534556703642104,0.07557594506070173
0.18400000000000014,0.24089624897440115,-0.07307242304097324,1.6609749387364332,0.24089753526951235,-0.0730729833318539,1.6609761099930531,0.24089753526951235,-0.0730729833318539,1.6609761099930531,0.0,0.0,0.0,4.53455687521615,0.07557594792026916
0.18500000000000014,0.24089624354171896,-0.07307240972539893,1.6609749431409315,0.24089753526951235,-0.0730729833318539,1.6609761099930531,0.24089753526951235,-0.0730729833318539,1.6609761099930531,0.0,0.0,0.0,4.5345573573857765,0.0755759559564296
0.18600000000000014,0.24089623897433898,-0.07307239688951787,1.6609749479854505,0.24089753526951235,-0.0730729833318539,1.6609761099930531,0.24089753526951235,-0.0730729833318539,1.6609761099930531,0.0,0.0,0.0,4.534558137183025,0.07557596895305041
0.18700000000000014,0.24089623525557669,-0.07307238453163963,1.6609749532506306,0.24089753526951235,-0.0730729833318539,1.6609761099930531,0.24089753526951235,-0.0730729833318539,1.6609761099930531,0.0,0.0,0.0,4.534559201876554,0.07557598669794258
0.18800000000000014,0.24089623236845578,-0.07307237264974042,1.6609749589175662,0.24089753526951235,-0.0730729833318539,1.6609761099930531,0.24089753526951235,-0.0730729833318539,1.6609761099930531,0.0,0.0,0.0,4.534560538984879,0.07557600898308131
0.18900000000000014,0.2408962302957364,-0.07307236124147812,1.6609749649677983,0.24089753526951235,-0.0730729833318539,1.6609761099930531,0.24089753526951235,-0.0730729833318539,1.6609761099930531,0.0,0.0,0.0,4.53456213628627,0.07557603560477116
0.19000000000000014,0.24089622901994207,-0.07307235030420164,1.6609749713833097,0.24089753526951235,-0.0730729833318539,1.6609761099930531,0.24089753526951235,-0.0730729833318539,1.6609761099930531,0.0,0.0,0.0,4.534563981827217,0.07557606636378696
0.19100000000000014,0.24089622852338533,-0.0730723398349652,1.6609749781465222,0.24089753526951235,-0.0730729833318539,1.6609761099930531,0.24089753526951235,-0.0730729833318539,1.6609761099930531,0.0,0.0,0.0,4.534566063928214,0.07557610106547023
0.19200000000000014,0.240896228788193,-0.0730723298305384,1.6609749852402893,0.24089753526951235,-0.0730729833318539,1.6609761099930531,0.24089753526951235,-0.0730729833318539,1.6609761099930531,0.0,0.0,0.0,4.53456837118673,0.07557613951977885
0.19300000000000014,0.24089622979633038,-0.07307232028741935,1.6609749926478907,0.24089753526951235,-0.0730729833318539,1.6609761099930531,0.24089753526951235,-0.0730729833318539,1.6609761099930531,0.0,0.0,0.0,4.534570892478605,0.07557618154131009
0.19400000000000014,0.24089623152962375,-0.07307231120184565,1.660975000353025,0.24089753526951235,-0.0730729833318539,1.6609761099930531,0.24089753526951235,-0.0730729833318539,1.6609761099930531,0.0,0.0,0.0,4.5345736169574815,0.07557622694929136
0.19500000000000015,0.24089623396978416,-0.07307230256980508,1.6609750083398056,0.24089753526951235,-0.0730729833318539,1.6609761099930531,0.24089753526951235,-0.0730729833318539,1.6609761099930531,0.0,0.0,0.0,4.534576534052175,0.07557627556753625
0.19600000000000015,0.2408962370984284,-0.07307229438704822,1.6609750165927528,0.24089753526951235,-0.0730729833318539,1.6609761099930531,0.24089753526951235,-0.0730729833318539,1.6609761099930531,0.0,0.0,0.0,4.534579633462682,0.07557632722437804
0.19700000000000015,0.24089624089709843,-0.07307228664909737,1.6609750250967885,0.24089753526951235,-0.0730729833318539,1.6609761099930531,0.24089753526951235,-0.0730729833318539,1.6609761099930531,0.0,0.0,0.0,4.53458290515485,0.07557638175258083
0.19800000000000015,0.24089624534728418,-0.0730722793512597,1.6609750338372298,0.24089753526951235,-0.0730729833318539,1.6609761099930531,0.24089753526951235,-0.0730729833318539,1.6609761099930531,0.0,0.0,0.0,4.53458633935395,0.07557643898923251
0.19900000000000015,0.24089625043044155,-0.07307227248863533,1.6609750427997847,0.24089753526951235,-0.0730729833318539,1.6609761099930531,0.24089753526951235,-0.0730729833318539,1.6609761099930531,0.0,0.0,0.0,4.534589926538348,0.07557649877563913
0.20000000000000015,0.2408962561280112,-0.07307226605613032,1.660975051970547,0.24089753526951235,-0.0730729833318539,1.6609761099930531,0.24089753526951235,-0.0730729833318539,1.6609761099930531,0.0,0.0,0.0,4.534593657431233,0.07557656095718722
0.20100000000000015,0.24089626242143825,-0.07307226004846507,1.660975061335991,0.24089753526951235,-0.0730729833318539,1.6609761099930531,0.24089753526951235,-0.0730729833318539,1.6609761099930531,0.0,0.0,0.0,4.534597522993089,0.07557662538321815
0.20200000000000015,0.24089626929218694,-0.0730722544601846,1.660975070882965,0.24089753526951235,-0.0730729833318539,1.6609761099930531,0.24089753526951235,-0.0730729833318539,1.6609761099930531,0.0,0.0,0.0,4.534601514414617,0.07557669190691028
0.20300000000000015,0.2408962767217623,-0.07307224928567001,1.6609750805986907,0.24089753526951235,-0.0730729833318539,1.6609761099930531,0.24089753526951235,-0.0730729833318539,1.6609761099930531,0.0,0.0,0.0,4.5346056231082965,0.07557676038513828
0.20400000000000015,0.24089628469172156,-0.0730722445191459,1.6609750904707576,0.24089753526951235,-0.0730729833318539,1.6609761099930531,0.24089753526951235,-0.0730729833318539,1.6609761099930531,0.0,0.0,0.0,4.534609840701965,0.07557683067836608
0.20500000000000015,0.24089629318369438,-0.07307224015469223,1.6609751004871192,0.24089753526951235,-0.0730729833318539,1.6609761099930531,0.24089753526951235,-0.0730729833318539,1.6609761099930531,0.0,0.0,0.0,4.534614159031059,0.07557690265051765
0.20600000000000016,0.24089630217939584,-0.0730722361862519,1.6609751106360888,0.24089753526951235,-0.0730729833318539,1.6609761099930531,0.24089753526951235,-0.0730729833318539,1.6609761099930531,0.0,0.0,0.0,4.534618570133466,0.0755769761688911
0.20700000000000016,0.24089631166064224,-0.07307223260764148,1.6609751209063395,0.24089753526951235,-0.0730729833318539,1.6609761099930531,0.24089753526951235,-0.0730729833318539,1.6609761099930531,0.0,0.0,0.0,4.534623066243479,0.07557705110405798
0.20800000000000016,0.24089632160936458,-0.0730722294125591,1.6609751312868979,0.24089753526951235,-0.0730729833318539,1.6609761099930531,0.24089753526951235,-0.0730729833318539,1.6609761099930531,0.0,0.0,0.0,4.534627639786357,0.0755771273297726
0.20900000000000016,0.24089633200762406,-0.0730722265945949,1.6609751417671412,0.24089753526951235,-0.0730729833318539,1.6609761099930531,0.24089753526951235,-0.0730729833318539,1.6609761099930531,0.0,0.0,0.0,4.534632283374636,0.0755772047229106
0.21000000000000016,0.24089634283762382,-0.07307222414723792,1.6609751523367982,0.24089753526951235,-0.0730729833318539,1.6609761099930531,0.24089753526951235,-0.0730729833318539,1.6609761099930531,0.0,0.0,0.0,4.534636989805005,0.07557728316341675
0.21100000000000016,0.24089635408172197,-0.07307222206388671,1.660975162985942,0.24089753526951235,-0.0730729833318539,1.6609761099930531,0.24089753526951235,-0.0730729833318539,1.6609761099930531,0.0,0.0,0.0,4.534641752054007,0.07557736253423346
0.21200000000000016,0.24089636572244372,-0.07307222033785579,1.66097517370499,0.24089753526951235,-0.0730729833318539,1.6609761099930531,0.24089753526951235,-0.0730729833318539,1.6609761099930531,0.0,0.0,0.0,4.534646563276921,0.07557744272128201
0.21300000000000016,0.24089637774249326,-0.0730722189623857,1.6609751844846967,0.24089753526951235,-0.0730729833318539,1.6609761099930531,0.24089753526951235,-0.0730729833318539,1.6609761099930531,0.0,0.0,0.0,4.534651416805299,0.07557752361342165
0.21400000000000016,0.24089639012476446,-0.07307221793064976,1.660975195316157,0.24089753526951235,-0.0730729833318539,1.6609761099930531,0.24089753526951235,-0.0730729833318539,1.6609761099930531,0.0,0.0,0.0,4.534656306146582,0.07557760510244303
0.21500000000000016,0.2408964028523522,-0.07307221723576332,1.6609752061907976,0.24089753526951235,-0.0730729833318539,1.6609761099930531,0.24089753526951235,-0.0730729833318539,1.6609761099930531,0.0,0.0,0.0,4.534661224981889,0.07557768708303149
0.21600000000000016,0.24089641590856145,-0.07307221687079021,1.6609752171003747,0.24089753526951235,-0.0730729833318539,1.6609761099930531,0.24089753526951235,-0.0730729833318539,1.6609761099930531,0.0,0.0,0.0,4.534666167166746,0.0755777694527791
0.21700000000000016,0.24089642927691618,-0.07307221682875077,1.6609752280369736,0.24089753526951235,-0.0730729833318539,1.6609761099930531,0.24089753526951235,-0.0730729833318539,1.6609761099930531,0.0,0.0,0.0,4.534671126730667,0.07557785211217778
0.21800000000000017,0.24089644294116996,-0.0730722171026298,1.6609752389930008,0.24089753526951235,-0.0730729833318539,1.6609761099930531,0.24089753526951235,-0.0730729833318539,1.6609761099930531,0.0,0.0,0.0,4.53467609787598,0.07557793496459968
0.21900000000000017,0.24089645688531236,-0.07307221768538308,1.6609752499611794,0.24089753526951235,-0.0730729833318539,1.6609761099930531,0.24089753526951235,-0.0730729833318539,1.6609761099930531,0.0,0.0,0.0,4.534681074979479,0.07557801791632464
0.22000000000000017,0.2408964710935788,-0.07307221856994438,1.660975260934551,0.24089753526951235,-0.0730729833318539,1.6609761099930531,0.24089753526951235,-0.0730729833318539,1.6609761099930531,0.0,0.0,0.0,4.534686052592078,0.07557810087653463
0.22100000000000017,0.24089648555045529,-0.07307221974923245,1.6609752719064623,0.24089753526951235,-0.0730729833318539,1.6609761099930531,0.24089753526951235,-0.0730729833318539,1.6609761099930531,0.0,0.0,0.0,4.534691025438517,0.07557818375730861
0.22200000000000017,0.24089650024068715,-0.07307222121615782,1.6609752828705693,0.24089753526951235,-0.0730729833318539,1.6609761099930531,0.24089753526951235,-0.0730729833318539,1.6609761099930531,0.0,0.0,0.0,4.534695988418364,0.0755782664736394
0.22300000000000017,0.24089651514928423,-0.07307222296362857,1.660975293820824,0.24089753526951235,-0.0730729833318539,1.6609761099930531,0.24089753526951235,-0.0730729833318539,1.6609761099930531,0.0,0.0,0.0,4.534700936605151,0.07557834894341918
0.22400000000000017,0.2408965302615272,-0.073072224984557,1.660975304751476,0.24089753526951235,-0.0730729833318539,1.6609761099930531,0.24089753526951235,-0.0730729833318539,1.6609761099930531,0.0,0.0,0.0,4.534705865247606,0.0755784310874601
0.22500000000000017,0.24089654556297227,-0.07307222727186584,1.6609753156570628,0.24089753526951235,-0.0730729833318539,1.6609761099930531,0.24089753526951235,-0.0730729833318539,1.6609761099930531,0.0,0.0,0.0,4.5347107697681555,0.07557851282946926
0.22600000000000017,0.24089656103945592,-0.07307222981849296,1.6609753265324074,0.24089753526951235,-0.0730729833318539,1.6609761099930531,0.24089753526951235,-0.0730729833318539,1.6609761099930531,0.0,0.0,0.0,4.534715645763452,0.07557859409605754
0.22700000000000017,0.24089657667709946,-0.07307223261739856,1.6609753373726077,0.24089753526951235,-0.0730729833318539,1.6609761099930531,0.24089753526951235,-0.0730729833318539,1.6609761099930531,0.0,0.0,0.0,4.534720489003232,0.07557867481672052
0.22800000000000017,0.24089659246231243,-0.07307223566156848,1.6609753481730365,0.24089753526951235,-0.0730729833318539,1.6609761099930531,0.24089753526951235,-0.0730729833318539,1.6609761099930531,0.0,0.0,0.0,4.534725295430698,0.07557875492384496
0.22900000000000018,0.24089660838179686,-0.07307223894402162,1.6609753589293317,0.24089753526951235,-0.0730729833318539,1.6609761099930531,0.24089753526951235,-0.0730729833318539,1.6609761099930531,0.0,0.0,0.0,4.534730061160024,0.07557883435266707
0.23000000000000018,0.24089662442254806,-0.07307224245781356,1.6609753696373906,0.24089753526951235,-0.0730729833318539,1.6609761099930531,0.24089753526951235,-0.0730729833318539,1.6609761099930531,0.0,0.0,0.0,4.534734782476646,0.07557891304127744
0.23100000000000018,0.24089664057185983,-0.07307224619604026,1.660975380293366,0.24089753526951235,-0.0730729833318539,1.6609761099930531,0.24089753526951235,-0.0730729833318539,1.6609761099930531,0.0,0.0,0.0,4.534739455835182,0.07557899093058637
0.23200000000000018,0.24089665681732456,-0.07307225015184593,1.6609753908936549,0.24089753526951235,-0.0730729833318539,1.6609761099930531,0.24089753526951235,-0.0730729833318539,1.6609761099930531,0.0,0.0,0.0,4.534744077857888,0.07557906796429813
0.23300000000000018,0.24089667314683566,-0.07307225431842365,1.660975401434897,0.24089753526951235,-0.0730729833318539,1.6609761099930531,0.24089753526951235,-0.0730729833318539,1.6609761099930531,0.0,0.0,0.0,4.534748645333991,0.07557914408889985
0.23400000000000018,0.24089668954858895,-0.07307225868902194,1.6609754119139664,0.24089753526951235,-0.0730729833318539,1.6609761099930531,0.24089753526951235,-0.0730729833318539,1.6609761099930531,0.0,0.0,0.0,4.534753155216605,0.07557921925361008
0.23500000000000018,0.2408967060110829,-0.07307226325694757,1.660975422327964,0.24089753526951235,-0.0730729833318539,1.6609761099930531,0.24089753526951235,-0.0730729833318539,1.6609761099930531,0.0,0.0,0.0,4.534757604621574,0.07557929341035957
0.23600000000000018,0.24089672252312033,-0.07307226801556967,1.6609754326742123,0.24089753526951235,-0.0730729833318539,1.6609761099930531,0.24089753526951235,-0.0730729833318539,1.6609761099930531,0.0,0.0,0.0,4.534761990824961,0.07557936651374936
0.23700000000000018,0.2408967390738078,-0.07307227295832347,1.6609754429502477,0.24089753526951235,-0.0730729833318539,1.6609761099930531,0.24089753526951235,-0.0730729833318539,1.6609761099930531,0.0,0.0,0.0,4.534766311261265,0.07557943852102109
0.23800000000000018,0.2408967556525555,-0.07307227807871317,1.660975453153815,0.24089753526951235,-0.0730729833318539,1.6609761099930531,0.24089753526951235,-0.0730729833318539,1.6609761099930531,0.0,0.0,0.0,4.534770563520813,0.07557950939201355
0.23900000000000018,0.24089677224907763,-0.07307228337031542,1.6609754632828588,0.24089753526951235,-0.0730729833318539,1.6609761099930531,0.24089753526951235,-0.0730729833318539,1.6609761099930531,0.0,0.0,0.0,4.534774745347231,0.07557957908912051
0.24000000000000019,0.24089678885339058,-0.07307228882678306,1.6609754733355193,0.24089753526951235,-0.0730729833318539,1.6609761099930531,0.24089753526951235,-0.0730729833318539,1.6609761099930531,0.0,0.0,0.0,4.534778854635373,0.07557964757725623
0.2410000000000002,0.24089680545581316,-0.07307229444184604,1.6609754833101238,0.24089753526951235,-0.0730729833318539,1.6609761099930531,0.24089753526951235,-0.0730729833318539,1.6609761099930531,0.0,0.0,0.0,4.534782889427672,0.07557971482379452
0.2420000000000002,0.2408968220469636,-0.07307230020931532,1.6609754932051821,0.24089753526951235,-0.0730729833318539,1.6609761099930531,0.24089753526951235,-0.0730729833318539,1.6609761099930531,0.0,0.0,0.0,4.534786847914205,0.07557978079857008
0.2430000000000002,0.24089683861776084,-0.07307230612308592,1.6609755030193758,0.24089753526951235,-0.0730729833318539,1.6609761099930531,0.24089753526951235,-0.0730729833318539,1.6609761099930531,0.0,0.0,0.0,4.534790728425899,0.07557984547376499
0.2440000000000002,0.24089685515941928,-0.07307231217713744,1.6609755127515566,0.24089753526951235,-0.0730729833318539,1.6609761099930531,0.24089753526951235,-0.0730729833318539,1.6609761099930531,0.0,0.0,0.0,4.534794529435268,0.07557990882392113
0.2450000000000002,0.240896871663449,-0.07307231836553803,1.6609755224007359,0.24089753526951235,-0.0730729833318539,1.6609761099930531,0.24089753526951235,-0.0730729833318539,1.6609761099930531,0.0,0.0,0.0,4.53479824955148,0.075579970825858
0.2460000000000002,0.24089688812165302,-0.07307232468244462,1.6609755319660806,0.24089753526951235,-0.0730729833318539,1.6609761099930531,0.24089753526951235,-0.0730729833318539,1.6609761099930531,0.0,0.0,0.0,4.534801887518836,0.07558003145864726
0.2470000000000002,0.24089690452612433,-0.07307233112210651,1.6609755414469058,0.24089753526951235,-0.0730729833318539,1.6609761099930531,0.24089753526951235,-0.0730729833318539,1.6609761099930531,0.0,0.0,0.0,4.534805442212947,0.07558009070354911
0.2480000000000002,0.24089692086924358,-0.07307233767886502,1.6609755508426685,0.24089753526951235,-0.0730729833318539,1.6609761099930531,0.24089753526951235,-0.0730729833318539,1.6609761099930531,0.0,0.0,0.0,4.534808912638215,0.07558014854397024
0.2490000000000002,0.24089693714367594,-0.07307234434715652,1.6609755601529606,0.24089753526951235,-0.0730729833318539,1.6609761099930531,0.24089753526951235,-0.0730729833318539,1.6609761099930531,0.0,0.0,0.0,4.534812297925006,0.07558020496541677
0.25000000000000017,0.24089695334236738,-0.073072351121513,1.6609755693775043,0.24089753526951235,-0.0730729833318539,1.6609761099930531,0.24089753526951235,-0.0730729833318539,1.6609761099930531,0.0,0.0,0.0,4.53481559732608,0.07558025995543467
0.25100000000000017,0.24089696945854394,-0.07307235799656404,1.660975578516143,0.24089753526951235,-0.0730729833318539,1.6609761099930531,0.24089753526951235,-0.0730729833318539,1.6609761099930531,0.0,0.0,0.0,4.53481881021361,0.07558031350356018
0.25200000000000017,0.2408969854857031,-0.07307236496703584,1.6609755875688386,0.24089753526951235,-0.0730729833318539,1.6609761099930531,0.24089753526951235,-0.0730729833318539,1.6609761099930531,0.0,0.0,0.0,4.534821936077181,0.07558036560128635
0.25300000000000017,0.24089700141761594,-0.07307237202775485,1.6609755965356636,0.24089753526951235,-0.0730729833318539,1.6609761099930531,0.24089753526951235,-0.0730729833318539,1.6609761099930531,0.0,0.0,0.0,4.534824974518382,0.07558041624197304
0.25400000000000017,0.24089701724832016,-0.07307237917364706,1.6609756054167937,0.24089753526951235,-0.0730729833318539,1.6609761099930531,0.24089753526951235,-0.0730729833318539,1.6609761099930531,0.0,0.0,0.0,4.5348279252496235,0.07558046542082705
0.25500000000000017,0.24089703297211523,-0.07307238639973766,1.6609756142125056,0.24089753526951235,-0.0730729833318539,1.6609761099930531,0.24089753526951235,-0.0730729833318539,1.6609761099930531,0.0,0.0,0.0,4.534830788090814,0.0755805131348469
0.25600000000000017,0.2408970485835606,-0.07307239370115393,1.6609756229231658,0.24089753526951235,-0.0730729833318539,1.6609761099930531,0.24089753526951235,-0.0730729833318539,1.6609761099930531,0.0,0.0,0.0,4.534833562964207,0.07558055938273678
0.2570000000000002,0.24089706407747047,-0.07307240107312385,1.6609756315492328,0.24089753526951235,-0.0730729833318539,1.6609761099930531,0.24089753526951235,-0.0730729833318539,1.6609761099930531,0.0,0.0,0.0,4.534836249893814,0.07558060416489691
0.2580000000000002,0.24089707944890953,-0.07307240851097654,1.660975640091243,0.24089753526951235,-0.0730729833318539,1.6609761099930531,0.24089753526951235,-0.0730729833318539,1.6609761099930531,0.0,0.0,0.0,4.534838848999455,0.07558064748332426
0.2590000000000002,0.2408970946931881,-0.07307241601014294,1.6609756485498115,0.24089753526951235,-0.0730729833318539,1.6609761099930531,0.24089753526951235,-0.0730729833318539,1.6609761099930531,0.0,0.0,0.0,4.534841360495576,0.07558068934159293
0.2600000000000002,0.24089710980585816,-0.07307242356615558,1.6609756569256215,0.24089753526951235,-0.0730729833318539,1.6609761099930531,0.24089753526951235,-0.0730729833318539,1.6609761099930531,0.0,0.0,0.0,4.534843784686447,0.07558072974477412
0.2610000000000002,0.2408971247827082,-0.0730724311746489,1.6609756652194247,0.24089753526951235,-0.0730729833318539,1.6609761099930531,0.24089753526951235,-0.0730729833318539,1.6609761099930531,0.0,0.0,0.0,4.534846121963943,0.07558076869939905
0.2620000000000002,0.2408971396197591,-0.07307243883135799,1.6609756734320336,0.24089753526951235,-0.0730729833318539,1.6609761099930531,0.24089753526951235,-0.0730729833318539,1.6609761099930531,0.0,0.0,0.0,4.534848372802885,0.07558080621338141
0.2630000000000002,0.24089715431325892,-0.07307244653211982,1.6609756815643133,0.24089753526951235,-0.0730729833318539,1.6609761099930531,0.24089753526951235,-0.0730729833318539,1.6609761099930531,0.0,0.0,0.0,4.534850537758329,0.07558084229597214
0.2640000000000002,0.24089716885967766,-0.07307245427287178,1.6609756896171826,0.24089753526951235,-0.0730729833318539,1.6609761099930531,0.24089753526951235,-0.0730729833318539,1.6609761099930531,0.0,0.0,0.0,4.534852617462848,0.07558087695771414
0.2650000000000002,0.24089718325570364,-0.07307246204965173,1.6609756975916055,0.24089753526951235,-0.0730729833318539,1.6609761099930531,0.24089753526951235,-0.0730729833318539,1.6609761099930531,0.0,0.0,0.0,4.534854612621512,0.07558091021035854
0.2660000000000002,0.24089719749823696,-0.07307246985859714,1.6609757054885872,0.24089753526951235,-0.0730729833318539,1.6609761099930531,0.24089753526951235,-0.0730729833318539,1.6609761099930531,0.0,0.0,0.0,4.534856524009937,0.07558094206683229
0.2670000000000002,0.24089721158438487,-0.07307247769594469,1.6609757133091707,0.24089753526951235,-0.0730729833318539,1.6609761099930531,0.24089753526951235,-0.0730729833318539,1.6609761099930531,0.0,0.0,0.0,4.53485835247024,0.07558097254117067
0.2680000000000002,0.24089722551145865,-0.07307248555802985,1.6609757210544307,0.24089753526951235,-0.0730729833318539,1.6609761099930531,0.24089753526951235,-0.0730729833318539,1.6609761099930531,0.0,0.0,0.0,4.5348600989073855,0.07558100164845642
0.2690000000000002,0.2408972392769655,-0.07307249344128561,1.660975728725472,0.24089753526951235,-0.0730729833318539,1.6609761099930531,0.24089753526951235,-0.0730729833318539,1.6609761099930531,0.0,0.0,0.0,4.534861764287234,0.07558102940478723
0.2700000000000002,0.24089725287860522,-0.07307250134224173,1.6609757363234223,0.24089753526951235,-0.0730729833318539,1.6609761099930531,0.24089753526951235,-0.0730729833318539,1.6609761099930531,0.0,0.0,0.0,4.53486334963129,0.07558105582718816
0.2710000000000002,0.2408972663142656,-0.07307250925752415,1.6609757438494328,0.24089753526951235,-0.0730729833318539,1.6609761099930531,0.24089753526951235,-0.0730729833318539,1.6609761099930531,0.0,0.0,0.0,4.5348648560148925,0.07558108093358154
0.2720000000000002,0.2408972795820153,-0.0730725171838538,1.6609757513046683,0.24089753526951235,-0.0730729833318539,1.6609761099930531,0.24089753526951235,-0.0730729833318539,1.6609761099930531,0.0,0.0,0.0,4.534866284563156,0.07558110474271927
0.2730000000000002,0.24089729268010152,-0.07307252511804606,1.6609757586903109,0.24089753526951235,-0.0730729833318539,1.6609761099930531,0.24089753526951235,-0.0730729833318539,1.6609761099930531,0.0,0.0,0.0,4.534867636448479,0.07558112727414132
0.2740000000000002,0.24089730560694217,-0.07307253305700892,1.6609757660075493,0.24089753526951235,-0.0730729833318539,1.6609761099930531,0.24089753526951235,-0.0730729833318539,1.6609761099930531,0.0,0.0,0.0,4.53486891288678,0.075581148548113
0.2750000000000002,0.2408973183611226,-0.07307254099774162,1.6609757732575816,0.24089753526951235,-0.0730729833318539,1.6609761099930531,0.24089753526951235,-0.0730729833318539,1.6609761099930531,0.0,0.0,0.0,4.534870115134824,0.07558116858558041
0.2760000000000002,0.24089733094139007,-0.07307254893733556,1.6609757804416085,0.24089753526951235,-0.0730729833318539,1.6609761099930531,0.24089753526951235,-0.0730729833318539,1.6609761099930531,0.0,0.0,0.0,4.534871244486628,0.07558118740811047
0.2770000000000002,0.2408973433466487,-0.07307255687297012,1.660975787560832,0.24089753526951235,-0.0730729833318539,1.6609761099930531,0.24089753526951235,-0.0730729833318539,1.6609761099930531,0.0,0.0,0.0,4.534872302271238,0.07558120503785397
0.2780000000000002,0.24089735557595382,-0.07307256480191393,1.6609757946164518,0.24089753526951235,-0.0730729833318539,1.6609761099930531,0.24089753526951235,-0.0730729833318539,1.6609761099930531,0.0,0.0,0.0,4.534873289849272,0.07558122149748786
0.2790000000000002,0.2408973676285083,-0.07307257272152219,1.6609758016096627,0.24089753526951235,-0.0730729833318539,1.6609761099930531,0.24089753526951235,-0.0730729833318539,1.6609761099930531,0.0,0.0,0.0,4.5348742086100025,0.07558123681016671
0.2800000000000002,0.24089737950365692,-0.07307258062923623,1.6609758085416528,0.24089753526951235,-0.0730729833318539,1.6609761099930531,0.24089753526951235,-0.0730729833318539,1.6609761099930531,0.0,0.0,0.0,4.534875059969107,0.07558125099948511
0.2810000000000002,0.24089739120088088,-0.07307258852258021,1.6609758154136,0.24089753526951235,-0.0730729833318539,1.6609761099930531,0.24089753526951235,-0.0730729833318539,1.6609761099930531,0.0,0.0,0.0,4.534875845365434,0.07558126408942391
0.2820000000000002,0.2408974027197944,-0.07307259639916298,1.6609758222266708,0.24089753526951235,-0.0730729833318539,1.6609761099930531,0.24089753526951235,-0.0730729833318539,1.6609761099930531,0.0,0.0,0.0,4.534876566258422,0.07558127610430704
0.2830000000000002,0.24089741406013848,-0.07307260425667365,1.6609758289820158,0.24089753526951235,-0.0730729833318539,1.6609761099930531,0.24089753526951235,-0.0730729833318539,1.6609761099930531,0.0,0.0,0.0,4.534877224125727,0.07558128706876212
0.2840000000000002,0.2408974252217771,-0.07307261209288193,1.6609758356807716,0.24089753526951235,-0.0730729833318539,1.6609761099930531,0.24089753526951235,-0.0730729833318539,1.6609761099930531,0.0,0.0,0.0,4.534877820460759,0.07558129700767931
0.2850000000000002,0.2408974362046924,-0.07307261990563625,1.6609758423240562,0.24089753526951235,-0.0730729833318539,1.6609761099930531,0.24089753526951235,-0.0730729833318539,1.6609761099930531,0.0,0.0,0.0,4.534878356769716,0.07558130594616193
0.2860000000000002,0.24089744700897991,-0.07307262769286178,1.6609758489129658,0.24089753526951235,-0.0730729833318539,1.6609761099930531,0.24089753526951235,-0.0730729833318539,1.6609761099930531,0.0,0.0,0.0,4.534878834569782,0.07558131390949636
0.2870000000000002,0.24089745763484377,-0.07307263545255899,1.660975855448578,0.24089753526951235,-0.0730729833318539,1.6609761099930531,0.24089753526951235,-0.0730729833318539,1.6609761099930531,0.0,0.0,0.0,4.534879255387188,0.0755813209231198
0.2880000000000002,0.24089746808259216,-0.07307264318280339,1.6609758619319468,0.24089753526951235,-0.0730729833318539,1.6609761099930531,0.24089753526951235,-0.0730729833318539,1.6609761099930531,0.0,0.0,0.0,4.534879620753653,0.07558132701256089
0.2890000000000002,0.24089747835263448,-0.0730726508817429,1.6609758683640994,0.24089753526951235,-0.0730729833318539,1.6609761099930531,0.24089753526951235,-0.0730729833318539,1.6609761099930531,0.0,0.0,0.0,4.534879932205183,0.07558133220341973
0.2900000000000002,0.24089748844547476,-0.07307265854759629,1.6609758747460406,0.24089753526951235,-0.0730729833318539,1.6609761099930531,0.24089753526951235,-0.0730729833318539,1.6609761099930531,0.0,0.0,0.0,4.5348801912808545,0.07558133652134758
0.2910000000000002,0.2408974983617086,-0.07307266617865193,1.6609758810787452,0.24089753526951235,-0.0730729833318539,1.6609761099930531,0.24089753526951235,-0.0730729833318539,1.6609761099930531,0.0,0.0,0.0,4.5348803995187605,0.07558133999197934
0.2920000000000002,0.2408975081020194,-0.07307267377326701,1.660975887363165,0.24089753526951235,-0.0730729833318539,1.6609761099930531,0.24089753526951235,-0.0730729833318539,1.6609761099930531,0.0,0.0,0.0,4.534880558456064,0.0755813426409344
0.2930000000000002,0.24089751766717304,-0.07307268132986411,1.660975893600216,0.24089753526951235,-0.0730729833318539,1.6609761099930531,0.24089753526951235,-0.0730729833318539,1.6609761099930531,0.0,0.0,0.0,4.534880669625496,0.07558134449375827
0.2940000000000002,0.2408975270580141,-0.07307268884693147,1.66097589979079,0.24089753526951235,-0.0730729833318539,1.6609761099930531,0.24089753526951235,-0.0730729833318539,1.6609761099930531,0.0,0.0,0.0,4.534880734555836,0.0755813455759306
0.2950000000000002,0.240897536275463,-0.07307269632302145,1.6609759059357454,0.24089753526951235,-0.0730729833318539,1.6609761099930531,0.24089753526951235,-0.0730729833318539,1.6609761099930531,0.0,0.0,0.0,4.53488075476735,0.07558134591278917
0.2960000000000002,0.24089754532051127,-0.07307270375674729,1.6609759120359102,0.24089753526951235,-0.0730729833318539,1.6609761099930531,0.24089753526951235,-0.0730729833318539,1.6609761099930531,0.0,0.0,0.0,4.534880731772937,0.07558134552954894
0.2970000000000002,0.24089755419421782,-0.07307271114678307,1.660975918092082,0.24089753526951235,-0.0730729833318539,1.6609761099930531,0.24089753526951235,-0.0730729833318539,1.6609761099930531,0.0,0.0,0.0,4.534880667074828,0.07558134445124713
0.2980000000000002,0.24089756289770548,-0.07307271849186242,1.6609759241050233,0.24089753526951235,-0.0730729833318539,1.6609761099930531,0.24089753526951235,-0.0730729833318539,1.6609761099930531,0.0,0.0,0.0,4.5348805621636545,0.07558134270272758
0.2990000000000002,0.24089757143215698,-0.07307272579077538,1.6609759300754665,0.24089753526951235,-0.0730729833318539,1.6609761099930531,0.24089753526951235,-0.0730729833318539,1.6609761099930531,0.0,0.0,0.0,4.5348804185175196,0.07558134030862533
0.3000000000000002,0.2408975797988117,-0.07307273304236923,1.6609759360041096,0.24089753526951235,-0.0730729833318539,1.6609761099930531,0.24089753526951235,-0.0730729833318539,1.6609761099930531,0.0,0.0,0.0,4.534880237599883,0.07558133729333139
0.3010000000000002,0.2408975879989629,-0.07307274024554457,1.6609759418916175,0.24089753526951235,-0.0730729833318539,1.6609761099930531,0.24089753526951235,-0.0730729833318539,1.6609761099930531,0.0,0.0,0.0,4.5348800208589415,0.07558133368098235
0.3020000000000002,0.24089759603395233,-0.0730727473992556,1.6609759477386212,0.24089753526951235,-0.0730729833318539,1.6609761099930531,0.24089753526951235,-0.0730729833318539,1.6609761099930531,0.0,0.0,0.0,4.534879769726357,0.07558132949543929
0.3030000000000002,0.24089760390516995,-0.07307275450250804,1.6609759535457198,0.24089753526951235,-0.0730729833318539,1.6609761099930531,0.24089753526951235,-0.0730729833318539,1.6609761099930531,0.0,0.0,0.0,4.534879485615857,0.07558132476026429
0.3040000000000002,0.24089761161404794,-0.07307276155435746,1.6609759593134772,0.24089753526951235,-0.0730729833318539,1.6609761099930531,0.24089753526951235,-0.0730729833318539,1.6609761099930531,0.0,0.0,0.0,4.534879169922595,0.07558131949870991
0.3050000000000002,0.24089761916205962,-0.07307276855390882,1.6609759650424256,0.24089753526951235,-0.0730729833318539,1.6609761099930531,0.24089753526951235,-0.0730729833318539,1.6609761099930531,0.0,0.0,0.0,4.53487882402183,0.07558131373369717
0.3060000000000002,0.2408976265507148,-0.07307277550031316,1.6609759707330598,0.24089753526951235,-0.0730729833318539,1.6609761099930531,0.24089753526951235,-0.0730729833318539,1.6609761099930531,0.0,0.0,0.0,4.534878449268161,0.07558130748780269
0.3070000000000002,0.24089763378155876,-0.07307278239276854,1.6609759763858476,0.24089753526951235,-0.0730729833318539,1.6609761099930531,0.24089753526951235,-0.0730729833318539,1.6609761099930531,0.0,0.0,0.0,4.534878046995149,0.07558130078325248
0.3080000000000002,0.24089764085616788,-0.07307278923051715,1.6609759820012182,0.24089753526951235,-0.0730729833318539,1.6609761099930531,0.24089753526951235,-0.0730729833318539,1.6609761099930531,0.0,0.0,0.0,4.534877618513384,0.07558129364188974
0.3090000000000002,0.24089764777614703,-0.07307279601284396,1.6609759875795709,0.24089753526951235,-0.0730729833318539,1.6609761099930531,0.24089753526951235,-0.0730729833318539,1.6609761099930531,0.0,0.0,0.0,4.534877165111398,0.07558128608518996
0.3100000000000002,0.24089765454312828,-0.07307280273907615,1.6609759931212722,0.24089753526951235,-0.0730729833318539,1.6609761099930531,0.24089753526951235,-0.0730729833318539,1.6609761099930531,0.0,0.0,0.0,4.53487668805346,0.07558127813422434
0.3110000000000002,0.2408976611587666,-0.07307280940858159,1.6609759986266563,0.24089753526951235,-0.0730729833318539,1.6609761099930531,0.24089753526951235,-0.0730729833318539,1.6609761099930531,0.0,0.0,0.0,4.534876188579871,0.07558126980966452
0.3120000000000002,0.24089766762473902,-0.07307281602076658,1.660976004096026,0.24089753526951235,-0.0730729833318539,1.6609761099930531,0.24089753526951235,-0.0730729833318539,1.6609761099930531,0.0,0.0,0.0,4.534875667906218,0.0755812611317703
0.3130000000000002,0.24089767394274,-0.0730728225750759,1.6609760095296506,0.24089753526951235,-0.0730729833318539,1.6609761099930531,0.24089753526951235,-0.0730729833318539,1.6609761099930531,0.0,0.0,0.0,4.534875127223085,0.07558125212038475
0.3140000000000002,0.2408976801144831,-0.07307282907099173,1.660976014927776,0.24089753526951235,-0.0730729833318539,1.6609761099930531,0.24089753526951235,-0.0730729833318539,1.6609761099930531,0.0,0.0,0.0,4.534874567695354,0.07558124279492257
0.3150000000000002,0.24089768614169332,-0.07307283550803008,1.6609760202906085,0.24089753526951235,-0.0730729833318539,1.6609761099930531,0.24089753526951235,-0.0730729833318539,1.6609761099930531,0.0,0.0,0.0,4.534873990461215,0.07558123317435358
0.3160000000000002,0.24089769202610922,-0.07307284188574238,1.6609760256183312,0.24089753526951235,-0.0730729833318539,1.6609761099930531,0.24089753526951235,-0.0730729833318539,1.6609761099930531,0.0,0.0,0.0,4.534873396633684,0.07558122327722808
0.3170000000000002,0.24089769776947978,-0.0730728482037129,1.6609760309110964,0.24089753526951235,-0.0730729833318539,1.6609761099930531,0.24089753526951235,-0.0730729833318539,1.6609761099930531,0.0,0.0,0.0,4.534872787298299,0.0755812131216383
0.3180000000000002,0.2408977033735626,-0.0730728544615579,1.660976036169029,0.24089753526951235,-0.0730729833318539,1.6609761099930531,0.24089753526951235,-0.0730729833318539,1.6609761099930531,0.0,0.0,0.0,4.534872163514097,0.07558120272523496
0.31900000000000023,0.24089770884012005,-0.0730728606589237,1.6609760413922257,0.24089753526951235,-0.0730729833318539,1.6609761099930531,0.24089753526951235,-0.0730729833318539,1.6609761099930531,0.0,0.0,0.0,4.5348715263131485,0.07558119210521914
0.32000000000000023,0.24089771417092012,-0.07307286679548759,1.6609760465807561,0.24089753526951235,-0.0730729833318539,1.6609761099930531,0.24089753526951235,-0.0730729833318539,1.6609761099930531,0.0,0.0,0.0,4.534870876699896,0.0755811812783316
0.32100000000000023,0.24089771936773335,-0.07307287287095408,1.6609760517346654,0.24089753526951235,-0.0730729833318539,1.6609761099930531,0.24089753526951235,-0.0730729833318539,1.6609761099930531,0.0,0.0,0.0,4.534870215652046,0.07558117026086744
0.32200000000000023,0.240897724432331,-0.07307287888505644,1.66097605685397,0.24089753526951235,-0.0730729833318539,1.6609761099930531,0.24089753526951235,-0.0730729833318539,1.6609761099930531,0.0,0.0,0.0,4.534869544119453,0.07558115906865755
0.32300000000000023,0.24089772936648496,-0.07307288483755371,1.6609760619386649,0.24089753526951235,-0.0730729833318539,1.6609761099930531,0.24089753526951235,-0.0730729833318539,1.6609761099930531,0.0,0.0,0.0,4.5348688630253475,0.07558114771708913
0.32400000000000023,0.2408977341719637,-0.07307289072822999,1.6609760669887217,0.24089753526951235,-0.0730729833318539,1.6609761099930531,0.24089753526951235,-0.0730729833318539,1.6609761099930531,0.0,0.0,0.0,4.534868173265082,0.0755811362210847
0.32500000000000023,0.2408977388505334,-0.07307289655689521,1.6609760720040851,0.24089753526951235,-0.0730729833318539,1.6609761099930531,0.24089753526951235,-0.0730729833318539,1.6609761099930531,0.0,0.0,0.0,4.534867475706262,0.07558112459510437
0.32600000000000023,0.2408977434039551,-0.07307290232338157,1.6609760769846824,0.24089753526951235,-0.0730729833318539,1.6609761099930531,0.24089753526951235,-0.0730729833318539,1.6609761099930531,0.0,0.0,0.0,4.534866771190514,0.07558111285317523
0.32700000000000023,0.24089774783398338,-0.07307290802754476,1.660976081930414,0.24089753526951235,-0.0730729833318539,1.6609761099930531,0.24089753526951235,-0.0730729833318539,1.6609761099930531,0.0,0.0,0.0,4.534866060531163,0.07558110100885272
0.32800000000000024,0.24089775214236614,-0.07307291366926139,1.660976086841166,0.24089753526951235,-0.0730729833318539,1.6609761099930531,0.24089753526951235,-0.0730729833318539,1.6609761099930531,0.0,0.0,0.0,4.534865344515776,0.07558108907526292
0.32900000000000024,0.24089775633084254,-0.07307291924842949,1.6609760917168002,0.24089753526951235,-0.0730729833318539,1.6609761099930531,0.24089753526951235,-0.0730729833318539,1.6609761099930531,0.0,0.0,0.0,4.534864623903754,0.07558107706506258
0.33000000000000024,0.24089776040114264,-0.07307292476496748,1.660976096557162,0.24089753526951235,-0.0730729833318539,1.6609761099930531,0.24089753526951235,-0.0730729833318539,1.6609761099930531,0.0,0.0,0.0,4.534863899428954,0.07558106499048257
0.33100000000000024,0.24089776435498494,-0.07307293021881123,1.6609761013620763,0.24089753526951235,-0.0730729833318539,1.6609761099930531,0.24089753526951235,-0.0730729833318539,1.6609761099930531,0.0,0.0,0.0,4.534863171798544,0.07558105286330906
0.33200000000000024,0.2408977681940775,-0.07307293560991662,1.6609761061313537,0.24089753526951235,-0.0730729833318539,1.6609761099930531,0.24089753526951235,-0.0730729833318539,1.6609761099930531,0.0,0.0,0.0,4.534862441693781,0.07558104069489634
0.33300000000000024,0.2408977719201148,-0.07307294093825635,1.660976110864787,0.24089753526951235,-0.0730729833318539,1.6609761099930531,0.24089753526951235,-0.0730729833318539,1.6609761099930531,0.0,0.0,0.0,4.534861709769815,0.07558102849616358
0.33400000000000024,0.24089777553477926,-0.07307294620382004,1.6609761155621532,0.24089753526951235,-0.0730729833318539,1.6609761099930531,0.24089753526951235,-0.0730729833318539,1.6609761099930531,0.0,0.0,0.0,4.534860976656291,0.07558101627760486
0.33500000000000024,0.2408977790397381,-0.07307295140661299,1.6609761202232154,0.24089753526951235,-0.0730729833318539,1.6609761099930531,0.24089753526951235,-0.0730729833318539,1.6609761099930531,0.0,0.0,0.0,4.5348602429580716,0.0755810040493012
0.33600000000000024,0.2408977824366445,-0.07307295654665598,1.6609761248477224,0.24089753526951235,-0.0730729833318539,1.6609761099930531,0.24089753526951235,-0.0730729833318539,1.6609761099930531,0.0,0.0,0.0,4.534859509254847,0.07558099182091411
0.33700000000000024,0.24089778572713522,-0.07307296162398495,1.6609761294354113,0.24089753526951235,-0.0730729833318539,1.6609761099930531,0.24089753526951235,-0.0730729833318539,1.6609761099930531,0.0,0.0,0.0,4.534858776101893,0.07558097960169821
0.33800000000000024,0.24089778891283187,-0.07307296663864887,1.6609761339860047,0.24089753526951235,-0.0730729833318539,1.6609761099930531,0.24089753526951235,-0.0730729833318539,1.6609761099930531,0.0,0.0,0.0,4.534858044030061,0.07558096740050102
0.33900000000000025,0.24089779199533867,-0.07307297159071047,1.660976138499217,0.24089753526951235,-0.0730729833318539,1.6609761099930531,0.24089753526951235,-0.0730729833318539,1.6609761099930531,0.0,0.0,0.0,4.534857313547235,0.07558095522578726
0.34000000000000025,0.24089779497624275,-0.07307297648024559,1.66097614297475,0.24089753526951235,-0.0730729833318539,1.6609761099930531,0.24089753526951235,-0.0730729833318539,1.6609761099930531,0.0,0.0,0.0,4.534856585137028,0.07558094308561714
0.34100000000000025,0.24089779785711313,-0.07307298130734129,1.6609761474122957,0.24089753526951235,-0.0730729833318539,1.6609761099930531,0.24089753526951235,-0.0730729833318539,1.6609761099930531,0.0,0.0,0.0,4.534855859260693,0.07558093098767822
0.34200000000000025,0.24089780063950159,-0.07307298607209704,1.6609761518115393,0.24089753526951235,-0.0730729833318539,1.6609761099930531,0.24089753526951235,-0.0730729833318539,1.6609761099930531,0.0,0.0,0.0,4.534855136356945,0.07558091893928241
0.34300000000000025,0.24089780332493976,-0.07307299077462234,1.6609761561721559,0.24089753526951235,-0.0730729833318539,1.6609761099930531,0.24089753526951235,-0.0730729833318539,1.6609761099930531,0.0,0.0,0.0,4.534854416842251,0.07558090694737084
0.34400000000000025,0.24089780591494192,-0.07307299541503755,1.6609761604938156,0.24089753526951235,-0.0730729833318539,1.6609761099930531,0.24089753526951235,-0.0730729833318539,1.6609761099930531,0.0,0.0,0.0,4.534853701111071,0.07558089501851785
0.34500000000000025,0.24089780841100192,-0.07307299999347323,1.660976164776179,0.24089753526951235,-0.0730729833318539,1.6609761099930531,0.24089753526951235,-0.0730729833318539,1.6609761099930531,0.0,0.0,0.0,4.534852989538154,0.07558088315896924
0.34600000000000025,0.2408978108145946,-0.07307300451006882,1.6609761690189049,0.24089753526951235,-0.0730729833318539,1.6609761099930531,0.24089753526951235,-0.0730729833318539,1.6609761099930531,0.0,0.0,0.0,4.534852282476413,0.07558087137460688
0.34700000000000025,0.2408978131271749,-0.07307300896497278,1.6609761732216433,0.24089753526951235,-0.0730729833318539,1.6609761099930531,0.24089753526951235,-0.0730729833318539,1.6609761099930531,0.0,0.0,0.0,4.534851580258243,0.07558085967097071
0.34800000000000025,0.24089781535017785,-0.07307301335834204,1.6609761773840421,0.24089753526951235,-0.0730729833318539,1.6609761099930531,0.24089753526951235,-0.0730729833318539,1.6609761099930531,0.0,0.0,0.0,4.534850883196967,0.07558084805328277
0.34900000000000025,0.24089781748501812,-0.07307301769034183,1.6609761815057462,0.24089753526951235,-0.0730729833318539,1.6609761099930531,0.24089753526951235,-0.0730729833318539,1.6609761099930531,0.0,0.0,0.0,4.534850191586465,0.07558083652644108
0.35000000000000026,0.24089781953309033,-0.07307302196114475,1.6609761855863971,0.24089753526951235,-0.0730729833318539,1.6609761099930531,0.24089753526951235,-0.0730729833318539,1.6609761099930531,0.0,0.0,0.0,4.534849505701709,0.07558082509502849
0.35100000000000026,0.2408978214957689,-0.07307302617093042,1.660976189625633,0.24089753526951235,-0.0730729833318539,1.6609761099930531,0.24089753526951235,-0.0730729833318539,1.6609761099930531,0.0,0.0,0.0,4.5348488257993305,0.07558081376332218
0.35200000000000026,0.2408978233744074,-0.07307303031988552,1.660976193623092,0.24089753526951235,-0.0730729833318539,1.6609761099930531,0.24089753526951235,-0.0730729833318539,1.6609761099930531,0.0,0.0,0.0,4.53484815211861,0.07558080253531017
0.35300000000000026,0.24089782517033853,-0.07307303440820302,1.660976197578412,0.24089753526951235,-0.0730729833318539,1.6609761099930531,0.24089753526951235,-0.0730729833318539,1.6609761099930531,0.0,0.0,0.0,4.534847484881109,0.07558079141468514
0.35400000000000026,0.2408978268848766,-0.0730730384360825,1.6609762014912304,0.24089753526951235,-0.0730729833318539,1.6609761099930531,0.24089753526951235,-0.0730729833318539,1.6609761099930531,0.0,0.0,0.0,4.534846824291197,0.07558078040485329
0.35500000000000026,0.24089782851931246,-0.07307304240372832,1.6609762053611836,0.24089753526951235,-0.0730729833318539,1.6609761099930531,0.24089753526951235,-0.0730729833318539,1.6609761099930531,0.0,0.0,0.0,4.534846170537888,0.07558076950896479
0.35600000000000026,0.24089783007491877,-0.07307304631135118,1.660976209187911,0.24089753526951235,-0.0730729833318539,1.6609761099930531,0.24089753526951235,-0.0730729833318539,1.6609761099930531,0.0,0.0,0.0,4.534845523793557,0.07558075872989262
0.35700000000000026,0.2408978315529469,-0.07307305015916649,1.6609762129710532,0.24089753526951235,-0.0730729833318539,1.6609761099930531,0.24089753526951235,-0.0730729833318539,1.6609761099930531,0.0,0.0,0.0,4.534844884215477,0.07558074807025796
0.35800000000000026,0.24089783295462852,-0.07307305394739444,1.660976216710253,0.24089753526951235,-0.0730729833318539,1.6609761099930531,0.24089753526951235,-0.0730729833318539,1.6609761099930531,0.0,0.0,0.0,4.534844251946085,0.07558073753243474
0.35900000000000026,0.24089783428117453,-0.07307305767626047,1.6609762204051566,0.24089753526951235,-0.0730729833318539,1.6609761099930531,0.24089753526951235,-0.0730729833318539,1.6609761099930531,0.0,0.0,0.0,4.5348436271135375,0.07558072711855895
0.36000000000000026,0.24089783553377575,-0.07307306134599306,1.6609762240554111,0.24089753526951235,-0.0730729833318539,1.6609761099930531,0.24089753526951235,-0.0730729833318539,1.6609761099930531,0.0,0.0,0.0,4.534843009831773,0.07558071683052955
0.36100000000000027,0.24089783671360504,-0.07307306495682624,1.6609762276606737,0.24089753526951235,-0.0730729833318539,1.6609761099930531,0.24089753526951235,-0.0730729833318539,1.6609761099930531,0.0,0.0,0.0,4.534842400201823,0.07558070667003039
0.36200000000000027,0.24089783782181262,-0.07307306850899703,1.6609762312205985,0.24089753526951235,-0.0730729833318539,1.6609761099930531,0.24089753526951235,-0.0730729833318539,1.6609761099930531,0.0,0.0,0.0,4.53484179831107,0.07558069663851782
0.36300000000000027,0.2408978388595308,-0.07307307200274592,1.6609762347348482,0.24089753526951235,-0.0730729833318539,1.6609761099930531,0.24089753526951235,-0.0730729833318539,1.6609761099930531,0.0,0.0,0.0,4.534841204235224,0.07558068673725374
0.36400000000000027,0.24089783982787355,-0.07307307543831766,1.6609762382030926,0.24089753526951235,-0.0730729833318539,1.6609761099930531,0.24089753526951235,-0.0730729833318539,1.6609761099930531,0.0,0.0,0.0,4.534840618037449,0.07558067696729082
0.36500000000000027,0.24089784072793358,-0.07307307881595937,1.660976241625004,0.24089753526951235,-0.0730729833318539,1.6609761099930531,0.24089753526951235,-0.0730729833318539,1.6609761099930531,0.0,0.0,0.0,4.534840039769619,0.07558066732949364
0.36600000000000027,0.24089784156078647,-0.07307308213592176,1.6609762450002634,0.24089753526951235,-0.0730729833318539,1.6609761099930531,0.24089753526951235,-0.0730729833318539,1.6609761099930531,0.0,0.0,0.0,4.534839469472456,0.07558065782454094
0.36700000000000027,0.24089784232748912,-0.07307308539845818,1.6609762483285577,0.24089753526951235,-0.0730729833318539,1.6609761099930531,0.24089753526951235,-0.0730729833318539,1.6609761099930531,0.0,0.0,0.0,4.534838907176062,0.07558064845293437
0.36800000000000027,0.24089784302907813,-0.0730730886038245,1.660976251609578,0.24089753526951235,-0.0730729833318539,1.6609761099930531,0.24089753526951235,-0.0730729833318539,1.6609761099930531,0.0,0.0,0.0,4.534838352900339,0.07558063921500564
0.36900000000000027,0.24089784366657474,-0.07307309175227952,1.6609762548430287,0.24089753526951235,-0.0730729833318539,1.6609761099930531,0.24089753526951235,-0.0730729833318539,1.6609761099930531,0.0,0.0,0.0,4.534837806655761,0.07558063011092936
0.3700000000000003,0.24089784424098065,-0.07307309484408439,1.6609762580286176,0.24089753526951235,-0.0730729833318539,1.6609761099930531,0.24089753526951235,-0.0730729833318539,1.6609761099930531,0.0,0.0,0.0,4.534837268442874,0.07558062114071457
0.3710000000000003,0.24089784475328116,-0.07307309787950275,1.6609762611660623,0.24089753526951235,-0.0730729833318539,1.6609761099930531,0.24089753526951235,-0.0730729833318539,1.6609761099930531,0.0,0.0,0.0,4.534836738253847,0.07558061230423078
0.3720000000000003,0.24089784520444346,-0.07307310085879991,1.6609762642550883,0.24089753526951235,-0.0730729833318539,1.6609761099930531,0.24089753526951235,-0.0730729833318539,1.6609761099930531,0.0,0.0,0.0,4.534836216072308,0.07558060360120514
0.3730000000000003,0.2408978455954181,-0.07307310378224327,1.66097626729543,0.24089753526951235,-0.0730729833318539,1.6609761099930531,0.24089753526951235,-0.0730729833318539,1.6609761099930531,0.0,0.0,0.0,4.534835701873655,0.07558059503122759
0.3740000000000003,0.24089784592713948,-0.07307310665010262,1.6609762702868316,0.24089753526951235,-0.0730729833318539,1.6609761099930531,0.24089753526951235,-0.0730729833318539,1.6609761099930531,0.0,0.0,0.0,4.534835195625872,0.07558058659376453
0.3750000000000003,0.24089784620052504,-0.07307310946264951,1.660976273229046,0.24089753526951235,-0.0730729833318539,1.6609761099930531,0.24089753526951235,-0.0730729833318539,1.6609761099930531,0.0,0.0,0.0,4.534834697289415,0.07558057828815691
0.3760000000000003,0.24089784641647682,-0.07307311222015687,1.6609762761218352,0.24089753526951235,-0.0730729833318539,1.6609761099930531,0.24089753526951235,-0.0730729833318539,1.6609761099930531,0.0,0.0,0.0,4.534834206817876,0.07558057011363126
0.3770000000000003,0.24089784657588098,-0.07307311492289992,1.6609762789649727,0.24089753526951235,-0.0730729833318539,1.6609761099930531,0.24089753526951235,-0.0730729833318539,1.6609761099930531,0.0,0.0,0.0,4.534833724158834,0.0755805620693139
0.3780000000000003,0.2408978466796085,-0.07307311757115488,1.6609762817582405,0.24089753526951235,-0.0730729833318539,1.6609761099930531,0.24089753526951235,-0.0730729833318539,1.6609761099930531,0.0,0.0,0.0,4.534833249253131,0.07558055415421885
0.3790000000000003,0.2408978467285149,-0.07307312016519962,1.6609762845014304,0.24089753526951235,-0.0730729833318539,1.6609761099930531,0.24089753526951235,-0.0730729833318539,1.6609761099930531,0.0,0.0,0.0,4.5348327820361884,0.07558054636726981
0.3800000000000003,0.24089784672344208,-0.07307312270531405,1.6609762871943479,0.24089753526951235,-0.0730729833318539,1.6609761099930531,0.24089753526951235,-0.0730729833318539,1.6609761099930531,0.0,0.0,0.0,4.534832322438031,0.07558053870730051
0.3810000000000003,0.2408978466652166,-0.07307312519177896,1.6609762898368055,0.24089753526951235,-0.0730729833318539,1.6609761099930531,0.24089753526951235,-0.0730729833318539,1.6609761099930531,0.0,0.0,0.0,4.5348318703832975,0.07558053117305495
0.3820000000000003,0.2408978465546519,-0.07307312762487661,1.6609762924286275,0.24089753526951235,-0.0730729833318539,1.6609761099930531,0.24089753526951235,-0.0730729833318539,1.6609761099930531,0.0,0.0,0.0,4.5348314257922375,0.07558052376320396
0.3830000000000003,0.24089784639254647,-0.07307313000489062,1.6609762949696512,0.24089753526951235,-0.0730729833318539,1.6609761099930531,0.24089753526951235,-0.0730729833318539,1.6609761099930531,0.0,0.0,0.0,4.534830988580171,0.07558051647633618
0.3840000000000003,0.2408978461796873,-0.07307313233210604,1.6609762974597226,0.24089753526951235,-0.0730729833318539,1.6609761099930531,0.24089753526951235,-0.0730729833318539,1.6609761099930531,0.0,0.0,0.0,4.534830558659424,0.0755805093109904
0.3850000000000003,0.24089784591684715,-0.07307313460680878,1.6609762998987,0.24089753526951235,-0.0730729833318539,1.6609761099930531,0.24089753526951235,-0.0730729833318539,1.6609761099930531,0.0,0.0,0.0,4.534830135937807,0.07558050226563012
0.3860000000000003,0.24089784560478628,-0.07307313682928672,1.6609763022864525,0.24089753526951235,-0.0730729833318539,1.6609761099930531,0.24089753526951235,-0.0730729833318539,1.6609761099930531,0.0,0.0,0.0,4.534829720319378,0.0755804953386563
0.3870000000000003,0.24089784524425317,-0.0730731389998279,1.6609763046228598,0.24089753526951235,-0.0730729833318539,1.6609761099930531,0.24089753526951235,-0.0730729833318539,1.6609761099930531,0.0,0.0,0.0,4.534829311705271,0.07558048852842118
0.3880000000000003,0.24089784483598398,-0.07307314111872254,1.6609763069078158,0.24089753526951235,-0.0730729833318539,1.6609761099930531,0.24089753526951235,-0.0730729833318539,1.6609761099930531,0.0,0.0,0.0,4.534828909994101,0.07558048183323501
0.3890000000000003,0.2408978443807033,-0.07307314318626132,1.6609763091412237,0.24089753526951235,-0.0730729833318539,1.6609761099930531,0.24089753526951235,-0.0730729833318539,1.6609761099930531,0.0,0.0,0.0,4.534828515081189,0.07558047525135315
0.3900000000000003,0.24089784387912436,-0.07307314520273653,1.660976311322998,0.24089753526951235,-0.0730729833318539,1.6609761099930531,0.24089753526951235,-0.0730729833318539,1.6609761099930531,0.0,0.0,0.0,4.534828126859883,0.07558046878099804
0.3910000000000003,0.24089784333194914,-0.07307314716844096,1.660976313453066,0.24089753526951235,-0.0730729833318539,1.6609761099930531,0.24089753526951235,-0.0730729833318539,1.6609761099930531,0.0,0.0,0.0,4.534827745221437,0.07558046242035729
0.3920000000000003,0.24089784273986953,-0.07307314908366905,1.660976315531367,0.24089753526951235,-0.0730729833318539,1.6609761099930531,0.24089753526951235,-0.0730729833318539,1.6609761099930531,0.0,0.0,0.0,4.53482737005507,0.0755804561675845
0.3930000000000003,0.24089784210356635,-0.07307315094871633,1.6609763175578498,0.24089753526951235,-0.0730729833318539,1.6609761099930531,0.24089753526951235,-0.0730729833318539,1.6609761099930531,0.0,0.0,0.0,4.534827001248376,0.07558045002080625
0.3940000000000003,0.240897841423711,-0.07307315276387892,1.6609763195324772,0.24089753526951235,-0.0730729833318539,1.6609761099930531,0.24089753526951235,-0.0730729833318539,1.6609761099930531,0.0,0.0,0.0,4.534826638687739,0.07558044397812898
0.3950000000000003,0.24089784070096495,-0.07307315452945473,1.660976321455222,0.24089753526951235,-0.0730729833318539,1.6609761099930531,0.24089753526951235,-0.0730729833318539,1.6609761099930531,0.0,0.0,0.0,4.534826282258195,0.07558043803763659
0.3960000000000003,0.24089783993597952,-0.0730731562457424,1.6609763233260697,0.24089753526951235,-0.0730729833318539,1.6609761099930531,0.24089753526951235,-0.0730729833318539,1.6609761099930531,0.0,0.0,0.0,4.53482593184393,0.07558043219739882
0.3970000000000003,0.24089783912939822,-0.07307315791304154,1.660976325145017,0.24089753526951235,-0.0730729833318539,1.6609761099930531,0.24089753526951235,-0.0730729833318539,1.6609761099930531,0.0,0.0,0.0,4.5348255873282,0.07558042645547
0.3980000000000003,0.24089783828185432,-0.07307315953165285,1.6609763269120712,0.24089753526951235,-0.0730729833318539,1.6609761099930531,0.24089753526951235,-0.0730729833318539,1.6609761099930531,0.0,0.0,0.0,4.534825248593868,0.0755804208098978
0.3990000000000003,0.24089783739397344,-0.07307316110187846,1.6609763286272536,0.24089753526951235,-0.0730729833318539,1.6609761099930531,0.24089753526951235,-0.0730729833318539,1.6609761099930531,0.0,0.0,0.0,4.53482491552331,0.07558041525872183
0.4000000000000003,0.24089783646637253,-0.073073162624021,1.6609763302905938,0.24089753526951235,-0.0730729833318539,1.6609761099930531,0.24089753526951235,-0.0730729833318539,1.6609761099930531,0.0,0.0,0.0,4.534824587998664,0.07558040979997774
0.4010000000000003,0.24089783549966032,-0.07307316409838474,1.660976331902135,0.24089753526951235,-0.0730729833318539,1.6609761099930531,0.24089753526951235,-0.0730729833318539,1.6609761099930531,0.0,0.0,0.0,4.534824265902398,0.07558040443170663
0.4020000000000003,0.24089783449443816,-0.07307316552527499,1.6609763334619312,0.24089753526951235,-0.0730729833318539,1.6609761099930531,0.24089753526951235,-0.0730729833318539,1.6609761099930531,0.0,0.0,0.0,4.534823949116621,0.07558039915194369
0.4030000000000003,0.2408978334512994,-0.07307316690499814,1.6609763349700462,0.24089753526951235,-0.0730729833318539,1.6609761099930531,0.24089753526951235,-0.0730729833318539,1.6609761099930531,0.0,0.0,0.0,4.53482363752393,0.07558039395873216
0.4040000000000003,0.2408978323708309,-0.07307316823786109,1.6609763364265577,0.24089753526951235,-0.0730729833318539,1.6609761099930531,0.24089753526951235,-0.0730729833318539,1.6609761099930531,0.0,0.0,0.0,4.534823331007632,0.0755803888501272
0.4050000000000003,0.24089783125361186,-0.07307316952417311,1.6609763378315519,0.24089753526951235,-0.0730729833318539,1.6609761099930531,0.24089753526951235,-0.0730729833318539,1.6609761099930531,0.0,0.0,0.0,4.534823029451246,0.07558038382418744
0.4060000000000003,0.24089783010021418,-0.07307317076424294,1.6609763391851253,0.24089753526951235,-0.0730729833318539,1.6609761099930531,0.24089753526951235,-0.0730729833318539,1.6609761099930531,0.0,0.0,0.0,4.534822732739153,0.07558037887898589
0.4070000000000003,0.24089782891120512,-0.07307317195838195,1.660976340487389,0.24089753526951235,-0.0730729833318539,1.6609761099930531,0.24089753526951235,-0.0730729833318539,1.6609761099930531,0.0,0.0,0.0,4.534822440756672,0.07558037401261121
0.4080000000000003,0.24089782768714396,-0.07307317310690208,1.6609763417384618,0.24089753526951235,-0.0730729833318539,1.6609761099930531,0.24089753526951235,-0.0730729833318539,1.6609761099930531,0.0,0.0,0.0,4.5348221533900075,0.07558036922316679
0.4090000000000003,0.24089782642858443,-0.07307317421011633,1.6609763429384734,0.24089753526951235,-0.0730729833318539,1.6609761099930531,0.24089753526951235,-0.0730729833318539,1.6609761099930531,0.0,0.0,0.0,4.5348218705263905,0.07558036450877317
0.4100000000000003,0.24089782513607413,-0.07307317526833892,1.660976344087564,0.24089753526951235,-0.0730729833318539,1.6609761099930531,0.24089753526951235,-0.0730729833318539,1.6609761099930531,0.0,0.0,0.0,4.534821592054379,0.07558035986757299
0.4110000000000003,0.24089782381015537,-0.07307317628188478,1.660976345185884,0.24089753526951235,-0.0730729833318539,1.6609761099930531,0.24089753526951235,-0.0730729833318539,1.6609761099930531,0.0,0.0,0.0,4.534821317863673,0.07558035529772789
0.4120000000000003,0.24089782245136476,-0.07307317725107117,1.660976346233594,0.24089753526951235,-0.0730729833318539,1.6609761099930531,0.24089753526951235,-0.0730729833318539,1.6609761099930531,0.0,0.0,0.0,4.534821047845535,0.07558035079742557
0.4130000000000003,0.24089782106023358,-0.0730731781762153,1.6609763472308652,0.24089753526951235,-0.0730729833318539,1.6609761099930531,0.24089753526951235,-0.0730729833318539,1.6609761099930531,0.0,0.0,0.0,4.534820781892769,0.07558034636487948
0.4140000000000003,0.2408978196372883,-0.0730731790576361,1.6609763481778774,0.24089753526951235,-0.0730729833318539,1.6609761099930531,0.24089753526951235,-0.0730729833318539,1.6609761099930531,0.0,0.0,0.0,4.534820519899177,0.07558034199831962
0.4150000000000003,0.24089781818304995,-0.07307317989565353,1.6609763490748204,0.24089753526951235,-0.0730729833318539,1.6609761099930531,0.24089753526951235,-0.0730729833318539,1.6609761099930531,0.0,0.0,0.0,4.534820261760839,0.07558033769601398
0.4160000000000003,0.240897816698036,-0.07307318069058866,1.6609763499218946,0.24089753526951235,-0.0730729833318539,1.6609761099930531,0.24089753526951235,-0.0730729833318539,1.6609761099930531,0.0,0.0,0.0,4.534820007375341,0.07558033345625569
0.4170000000000003,0.24089781518275752,-0.07307318144276426,1.6609763507193078,0.24089753526951235,-0.0730729833318539,1.6609761099930531,0.24089753526951235,-0.0730729833318539,1.6609761099930531,0.0,0.0,0.0,4.534819756641963,0.07558032927736605
0.4180000000000003,0.2408978136377229,-0.07307318215250391,1.6609763514672786,0.24089753526951235,-0.0730729833318539,1.6609761099930531,0.24089753526951235,-0.0730729833318539,1.6609761099930531,0.0,0.0,0.0,4.534819509461805,0.07558032515769675
0.4190000000000003,0.24089781206343552,-0.07307318282013192,1.660976352166034,0.24089753526951235,-0.0730729833318539,1.6609761099930531,0.24089753526951235,-0.0730729833318539,1.6609761099930531,0.0,0.0,0.0,4.534819265737956,0.07558032109563259
0.4200000000000003,0.2408978104603945,-0.07307318344597447,1.6609763528158081,0.24089753526951235,-0.0730729833318539,1.6609761099930531,0.24089753526951235,-0.0730729833318539,1.6609761099930531,0.0,0.0,0.0,4.534819025375331,0.07558031708958884
0.4210000000000003,0.24089780882909512,-0.07307318403035866,1.6609763534168474,0.24089753526951235,-0.0730729833318539,1.6609761099930531,0.24089753526951235,-0.0730729833318539,1.6609761099930531,0.0,0.0,0.0,4.534818788280385,0.07558031313800642
0.4220000000000003,0.24089780717002932,-0.0730731845736126,1.660976353969403,0.24089753526951235,-0.0730729833318539,1.6609761099930531,0.24089753526951235,-0.0730729833318539,1.6609761099930531,0.0,0.0,0.0,4.53481855436297,0.07558030923938283
0.4230000000000003,0.24089780548368456,-0.07307318507606568,1.6609763544737364,0.24089753526951235,-0.0730729833318539,1.6609761099930531,0.24089753526951235,-0.0730729833318539,1.6609761099930531,0.0,0.0,0.0,4.534818323533973,0.07558030539223289
0.4240000000000003,0.24089780377054493,-0.07307318553804838,1.6609763549301158,0.24089753526951235,-0.0730729833318539,1.6609761099930531,0.24089753526951235,-0.0730729833318539,1.6609761099930531,0.0,0.0,0.0,4.534818095706107,0.07558030159510178
0.4250000000000003,0.24089780203109146,-0.07307318595989247,1.6609763553388188,0.24089753526951235,-0.0730729833318539,1.6609761099930531,0.24089753526951235,-0.0730729833318539,1.6609761099930531,0.0,0.0,0.0,4.534817870794787,0.07558029784657978
0.4260000000000003,0.24089780026580154,-0.0730731863419309,1.660976355700129,0.24089753526951235,-0.0730729833318539,1.6609761099930531,0.24089753526951235,-0.0730729833318539,1.6609761099930531,0.0,0.0,0.0,4.534817648717134,0.07558029414528557
0.4270000000000003,0.2408977984751493,-0.0730731866844974,1.660976356014339,0.24089753526951235,-0.0730729833318539,1.6609761099930531,0.24089753526951235,-0.0730729833318539,1.6609761099930531,0.0,0.0,0.0,4.534817429392821,0.07558029048988035
0.4280000000000003,0.2408977966596056,-0.07307318698792771,1.6609763562817468,0.24089753526951235,-0.0730729833318539,1.6609761099930531,0.24089753526951235,-0.0730729833318539,1.6609761099930531,0.0,0.0,0.0,4.534817212743271,0.07558028687905452
0.4290000000000003,0.2408977948196384,-0.07307318725255713,1.6609763565026592,0.24089753526951235,-0.0730729833318539,1.6609761099930531,0.24089753526951235,-0.0730729833318539,1.6609761099930531,0.0,0.0,0.0,4.534816998692521,0.07558028331154201
0.4300000000000003,0.24089779295571273,-0.07307318747872327,1.6609763566773896,0.24089753526951235,-0.0730729833318539,1.6609761099930531,0.24089753526951235,-0.0730729833318539,1.6609761099930531,0.0,0.0,0.0,4.534816787166497,0.07558027978610828
0.4310000000000003,0.2408977910682903,-0.07307318766676492,1.6609763568062565,0.24089753526951235,-0.0730729833318539,1.6609761099930531,0.24089753526951235,-0.0730729833318539,1.6609761099930531,0.0,0.0,0.0,4.534816578093312,0.0755802763015552
0.43200000000000033,0.24089778915783067,-0.0730731878170211,1.660976356889587,0.24089753526951235,-0.0730729833318539,1.6609761099930531,0.24089753526951235,-0.0730729833318539,1.6609761099930531,0.0,0.0,0.0,4.534816371403545,0.07558027285672576
0.43300000000000033,0.24089778722478983,-0.07307318792983179,1.6609763569277134,0.24089753526951235,-0.0730729833318539,1.6609761099930531,0.24089753526951235,-0.0730729833318539,1.6609761099930531,0.0,0.0,0.0,4.534816167029575,0.07558026945049293
0.43400000000000033,0.24089778526962116,-0.07307318800553926,1.6609763569209728,0.24089753526951235,-0.0730729833318539,1.6609761099930531,0.24089753526951235,-0.0730729833318539,1.6609761099930531,0.0,0.0,0.0,4.534815964906084,0.07558026608176807
0.43500000000000033,0.24089778329277664,-0.07307318804448595,1.6609763568697113,0.24089753526951235,-0.0730729833318539,1.6609761099930531,0.24089753526951235,-0.0730729833318539,1.6609761099930531,0.0,0.0,0.0,4.534815764970184,0.07558026274950307
0.43600000000000033,0.24089778129470413,-0.07307318804701476,1.6609763567742784,0.24089753526951235,-0.0730729833318539,1.6609761099930531,0.24089753526951235,-0.0730729833318539,1.6609761099930531,0.0,0.0,0.0,4.534815567160784,0.07558025945267974
0.43700000000000033,0.2408977792758496,-0.07307318801347036,1.6609763566350293,0.24089753526951235,-0.0730729833318539,1.6609761099930531,0.24089753526951235,-0.0730729833318539,1.6609761099930531,0.0,0.0,0.0,4.534815371419046,0.07558025619031743
0.43800000000000033,0.24089777723665662,-0.07307318794419854,1.660976356452325,0.24089753526951235,-0.0730729833318539,1.6609761099930531,0.24089753526951235,-0.0730729833318539,1.6609761099930531,0.0,0.0,0.0,4.534815177688457,0.07558025296147428
0.43900000000000033,0.24089777517756558,-0.07307318783954465,1.6609763562265298,0.24089753526951235,-0.0730729833318539,1.6609761099930531,0.24089753526951235,-0.0730729833318539,1.6609761099930531,0.0,0.0,0.0,4.534814985914445,0.07558024976524075
0.44000000000000034,0.24089777309901644,-0.07307318769985649,1.660976355958018,0.24089753526951235,-0.0730729833318539,1.6609761099930531,0.24089753526951235,-0.0730729833318539,1.6609761099930531,0.0,0.0,0.0,4.534814796044592,0.0755802466007432
0.44100000000000034,0.24089777100144366,-0.07307318752548228,1.6609763556471626,0.24089753526951235,-0.0730729833318539,1.6609761099930531,0.24089753526951235,-0.0730729833318539,1.6609761099930531,0.0,0.0,0.0,4.534814608028255,0.07558024346713758
0.44200000000000034,0.24089776888528208,-0.0730731873167701,1.6609763552943435,0.24089753526951235,-0.0730729833318539,1.6609761099930531,0.24089753526951235,-0.0730729833318539,1.6609761099930531,0.0,0.0,0.0,4.534814421817064,0.07558024036361773
0.44300000000000034,0.24089776675096253,-0.07307318707406993,1.660976354899945,0.24089753526951235,-0.0730729833318539,1.6609761099930531,0.24089753526951235,-0.0730729833318539,1.6609761099930531,0.0,0.0,0.0,4.53481423736503,0.07558023728941717
0.44400000000000034,0.24089776459891465,-0.07307318679773198,1.6609763544643563,0.24089753526951235,-0.0730729833318539,1.6609761099930531,0.24089753526951235,-0.0730729833318539,1.6609761099930531,0.0,0.0,0.0,4.534814054627613,0.07558023424379354
0.44500000000000034,0.24089776242956523,-0.07307318648810748,1.6609763539879696,0.24089753526951235,-0.0730729833318539,1.6609761099930531,0.24089753526951235,-0.0730729833318539,1.6609761099930531,0.0,0.0,0.0,4.53481387356238,0.07558023122603967
0.44600000000000034,0.2408977602433386,-0.07307318614554834,1.6609763534711812,0.24089753526951235,-0.0730729833318539,1.6609761099930531,0.24089753526951235,-0.0730729833318539,1.6609761099930531,0.0,0.0,0.0,4.5348136941289265,0.0755802282354821
0.44700000000000034,0.2408977580406575,-0.0730731857704066,1.66097635291439,0.24089753526951235,-0.0730729833318539,1.6609761099930531,0.24089753526951235,-0.0730729833318539,1.6609761099930531,0.0,0.0,0.0,4.534813516288578,0.0755802252714763
0.44800000000000034,0.24089775582194123,-0.0730731853630356,1.6609763523179997,0.24089753526951235,-0.0730729833318539,1.6609761099930531,0.24089753526951235,-0.0730729833318539,1.6609761099930531,0.0,0.0,0.0,4.534813340004913,0.07558022233341521
0.44900000000000034,0.24089775358760826,-0.07307318492378906,1.6609763516824168,0.24089753526951235,-0.0730729833318539,1.6609761099930531,0.24089753526951235,-0.0730729833318539,1.6609761099930531,0.0,0.0,0.0,4.53481316524281,0.07558021942071351
0.45000000000000034,0.24089775133807273,-0.07307318445302075,1.6609763510080484,0.24089753526951235,-0.0730729833318539,1.6609761099930531,0.24089753526951235,-0.0730729833318539,1.6609761099930531,0.0,0.0,0.0,4.534812991969199,0.07558021653281997
0.45100000000000035,0.24089774907374925,-0.07307318395108582,1.6609763502953092,0.24089753526951235,-0.0730729833318539,1.6609761099930531,0.24089753526951235,-0.0730729833318539,1.6609761099930531,0.0,0.0,0.0,4.534812820152976,0.07558021366921627
0.45200000000000035,0.24089774679504833,-0.07307318341833952,1.6609763495446133,0.24089753526951235,-0.0730729833318539,1.6609761099930531,0.24089753526951235,-0.0730729833318539,1.6609761099930531,0.0,0.0,0.0,4.534812649764318,0.0755802108294053
0.45300000000000035,0.2408977445023783,-0.07307318285513678,1.6609763487563778,0.24089753526951235,-0.0730729833318539,1.6609761099930531,0.24089753526951235,-0.0730729833318539,1.6609761099930531,0.0,0.0,0.0,4.534812480775388,0.07558020801292313
0.45400000000000035,0.24089774219614546,-0.0730731822618344,1.660976347931022,0.24089753526951235,-0.0730729833318539,1.6609761099930531,0.24089753526951235,-0.0730729833318539,1.6609761099930531,0.0,0.0,0.0,4.534812313159789,0.07558020521932982
0.45500000000000035,0.2408977398767541,-0.07307318163878813,1.660976347068969,0.24089753526951235,-0.0730729833318539,1.6609761099930531,0.24089753526951235,-0.0730729833318539,1.6609761099930531,0.0,0.0,0.0,4.534812146893006,0.07558020244821677
0.45600000000000035,0.2408977375446059,-0.07307318098635497,1.6609763461706406,0.24089753526951235,-0.0730729833318539,1.6609761099930531,0.24089753526951235,-0.0730729833318539,1.6609761099930531,0.0,0.0,0.0,4.534811981951765,0.07558019969919608
0.45700000000000035,0.24089773520009972,-0.07307318030489166,1.6609763452364639,0.24089753526951235,-0.0730729833318539,1.6609761099930531,0.24089753526951235,-0.0730729833318539,1.6609761099930531,0.0,0.0,0.0,4.534811818314771,0.07558019697191284
0.45800000000000035,0.24089773284363297,-0.07307317959475548,1.6609763442668661,0.24089753526951235,-0.0730729833318539,1.6609761099930531,0.24089753526951235,-0.0730729833318539,1.6609761099930531,0.0,0.0,0.0,4.5348116559614855,0.07558019426602476
0.45900000000000035,0.2408977304756002,-0.07307317885630335,1.6609763432622755,0.24089753526951235,-0.0730729833318539,1.6609761099930531,0.24089753526951235,-0.0730729833318539,1.6609761099930531,0.0,0.0,0.0,4.5348114948734315,0.07558019158122385
0.46000000000000035,0.24089772809639337,-0.0730731780898932,1.6609763422231227,0.24089753526951235,-0.0730729833318539,1.6609761099930531,0.24089753526951235,-0.0730729833318539,1.6609761099930531,0.0,0.0,0.0,4.53481133503342,0.07558018891722366
0.46100000000000035,0.24089772570640267,-0.07307317729588225,1.6609763411498393,0.24089753526951235,-0.0730729833318539,1.6609761099930531,0.24089753526951235,-0.0730729833318539,1.6609761099930531,0.0,0.0,0.0,4.534811176425382,0.07558018627375637
0.46200000000000035,0.24089772330601456,-0.07307317647462813,1.6609763400428577,0.24089753526951235,-0.0730729833318539,1.6609761099930531,0.24089753526951235,-0.0730729833318539,1.6609761099930531,0.0,0.0,0.0,4.53481101903491,0.07558018365058183
0.46300000000000036,0.240897720895615,-0.07307317562648817,1.6609763389026106,0.24089753526951235,-0.0730729833318539,1.6609761099930531,0.24089753526951235,-0.0730729833318539,1.6609761099930531,0.0,0.0,0.0,4.5348108628483725,0.07558018104747287
0.46400000000000036,0.2408977184755855,-0.07307317475182015,1.660976337729534,0.24089753526951235,-0.0730729833318539,1.6609761099930531,0.24089753526951235,-0.0730729833318539,1.6609761099930531,0.0,0.0,0.0,4.534810707854064,0.0755801784642344
0.46500000000000036,0.24089771604630614,-0.07307317385098144,1.66097633652406,0.24089753526951235,-0.0730729833318539,1.6609761099930531,0.24089753526951235,-0.0730729833318539,1.6609761099930531,0.0,0.0,0.0,4.534810554040532,0.07558017590067553
0.46600000000000036,0.24089771360815448,-0.07307317292432887,1.660976335286627,0.24089753526951235,-0.0730729833318539,1.6609761099930531,0.24089753526951235,-0.0730729833318539,1.6609761099930531,0.0,0.0,0.0,4.534810401398739,0.07558017335664566
0.46700000000000036,0.24089771116150444,-0.07307317197222006,1.6609763340176682,0.24089753526951235,-0.0730729833318539,1.6609761099930531,0.24089753526951235,-0.0730729833318539,1.6609761099930531,0.0,0.0,0.0,4.534810249919355,0.07558017083198924
0.46800000000000036,0.2408977087067285,-0.07307317099501112,1.6609763327176201,0.24089753526951235,-0.0730729833318539,1.6609761099930531,0.24089753526951235,-0.0730729833318539,1.6609761099930531,0.0,0.0,0.0,4.534810099595153,0.07558016832658589
0.46900000000000036,0.2408977062441957,-0.07307316999305903,1.66097633138692,0.24089753526951235,-0.0730729833318539,1.6609761099930531,0.24089753526951235,-0.0730729833318539,1.6609761099930531,0.0,0.0,0.0,4.53480995041962,0.07558016584032701
0.47000000000000036,0.24089770377427305,-0.07307316896671968,1.6609763300260023,0.24089753526951235,-0.0730729833318539,1.6609761099930531,0.24089753526951235,-0.0730729833318539,1.6609761099930531,0.0,0.0,0.0,4.534809802386835,0.07558016337311392
0.47100000000000036,0.24089770129732427,-0.07307316791634899,1.6609763286353039,0.24089753526951235,-0.0730729833318539,1.6609761099930531,0.24089753526951235,-0.0730729833318539,1.6609761099930531,0.0,0.0,0.0,4.534809655492604,0.07558016092487674
0.47200000000000036,0.24089769881371068,-0.0730731668423021,1.6609763272152605,0.24089753526951235,-0.0730729833318539,1.6609761099930531,0.24089753526951235,-0.0730729833318539,1.6609761099930531,0.0,0.0,0.0,4.534809509732943,0.07558015849554905
0.47300000000000036,0.24089769632379054,-0.07307316574493403,1.6609763257663066,0.24089753526951235,-0.0730729833318539,1.6609761099930531,0.24089753526951235,-0.0730729833318539,1.6609761099930531,0.0,0.0,0.0,4.534809365104999,0.07558015608508331
0.47400000000000037,0.24089769382791967,-0.07307316462459883,1.6609763242888773,0.24089753526951235,-0.0730729833318539,1.6609761099930531,0.24089753526951235,-0.0730729833318539,1.6609761099930531,0.0,0.0,0.0,4.534809221606907,0.07558015369344845
0.47500000000000037,0.2408976913264505,-0.07307316348165027,1.6609763227834058,0.24089753526951235,-0.0730729833318539,1.6609761099930531,0.24089753526951235,-0.0730729833318539,1.6609761099930531,0.0,0.0,0.0,4.5348090792374,0.07558015132062333
0.47600000000000037,0.2408976888197328,-0.07307316231644148,1.6609763212503272,0.24089753526951235,-0.0730729833318539,1.6609761099930531,0.24089753526951235,-0.0730729833318539,1.6609761099930531,0.0,0.0,0.0,4.534808937995411,0.07558014896659018
0.47700000000000037,0.24089768630811376,-0.07307316112932452,1.6609763196900729,0.24089753526951235,-0.0730729833318539,1.6609761099930531,0.24089753526951235,-0.0730729833318539,1.6609761099930531,0.0,0.0,0.0,4.534808797882066,0.07558014663136776
0.47800000000000037,0.24089768379193696,-0.0730731599206515,1.6609763181030746,0.24089753526951235,-0.0730729833318539,1.6609761099930531,0.24089753526951235,-0.0730729833318539,1.6609761099930531,0.0,0.0,0.0,4.534808658898243,0.0755801443149707
0.47900000000000037,0.2408976812715439,-0.0730731586907728,1.6609763164897633,0.24089753526951235,-0.0730729833318539,1.6609761099930531,0.24089753526951235,-0.0730729833318539,1.6609761099930531,0.0,0.0,0.0,4.534808521045143,0.07558014201741906
0.48000000000000037,0.2408976787472718,-0.07307315744003892,1.6609763148505676,0.24089753526951235,-0.0730729833318539,1.6609761099930531,0.24089753526951235,-0.0730729833318539,1.6609761099930531,0.0,0.0,0.0,4.534808384325008,0.07558013973875014
0.48100000000000037,0.24089767621945601,-0.0730731561687986,1.6609763131859172,0.24089753526951235,-0.0730729833318539,1.6609761099930531,0.24089753526951235,-0.0730729833318539,1.6609761099930531,0.0,0.0,0.0,4.534808248740579,0.07558013747900966
0.4820000000000004,0.24089767368842838,-0.07307315487740056,1.6609763114962377,0.24089753526951235,-0.0730729833318539,1.6609761099930531,0.24089753526951235,-0.0730729833318539,1.6609761099930531,0.0,0.0,0.0,4.534808114295003,0.07558013523825005
0.4830000000000004,0.24089767115451693,-0.07307315356619176,1.6609763097819552,0.24089753526951235,-0.0730729833318539,1.6609761099930531,0.24089753526951235,-0.0730729833318539,1.6609761099930531,0.0,0.0,0.0,4.534807980992351,0.07558013301653918
0.4840000000000004,0.24089766861804793,-0.07307315223551822,1.6609763080434938,0.24089753526951235,-0.0730729833318539,1.6609761099930531,0.24089753526951235,-0.0730729833318539,1.6609761099930531,0.0,0.0,0.0,4.534807848836569,0.07558013081394281
0.4850000000000004,0.24089766607934315,-0.07307315088572519,1.6609763062812755,0.24089753526951235,-0.0730729833318539,1.6609761099930531,0.24089753526951235,-0.0730729833318539,1.6609761099930531,0.0,0.0,0.0,4.5348077178326855,0.07558012863054477
0.4860000000000004,0.240897663538722,-0.07307314951715736,1.6609763044957209,0.24089753526951235,-0.0730729833318539,1.6609761099930531,0.24089753526951235,-0.0730729833318539,1.6609761099930531,0.0,0.0,0.0,4.534807587985709,0.07558012646642848
0.4870000000000004,0.24089766099650034,-0.07307314813015688,1.6609763026872502,0.24089753526951235,-0.0730729833318539,1.6609761099930531,0.24089753526951235,-0.0730729833318539,1.6609761099930531,0.0,0.0,0.0,4.534807459301235,0.07558012432168724
0.4880000000000004,0.24089765845299035,-0.07307314672506585,1.6609763008562795,0.24089753526951235,-0.0730729833318539,1.6609761099930531,0.24089753526951235,-0.0730729833318539,1.6609761099930531,0.0,0.0,0.0,4.534807331784932,0.07558012219641554
0.4890000000000004,0.2408976559085017,-0.0730731453022246,1.6609762990032242,0.24089753526951235,-0.0730729833318539,1.6609761099930531,0.24089753526951235,-0.0730729833318539,1.6609761099930531,0.0,0.0,0.0,4.534807205443133,0.07558012009071889
0.4900000000000004,0.24089765336333932,-0.07307314386197249,1.660976297128498,0.24089753526951235,-0.0730729833318539,1.6609761099930531,0.24089753526951235,-0.0730729833318539,1.6609761099930531,0.0,0.0,0.0,4.534807080282412,0.07558011800470686
0.4910000000000004,0.24089765081780823,-0.07307314240464734,1.6609762952325131,0.24089753526951235,-0.0730729833318539,1.6609761099930531,0.24089753526951235,-0.0730729833318539,1.6609761099930531,0.0,0.0,0.0,4.534806956309132,0.07558011593848553
0.4920000000000004,0.2408976482722052,-0.07307314093058553,1.660976293315678,0.24089753526951235,-0.0730729833318539,1.6609761099930531,0.24089753526951235,-0.0730729833318539,1.6609761099930531,0.0,0.0,0.0,4.534806833530944,0.0755801138921824
0.4930000000000004,0.24089764572682676,-0.07307313944012211,1.6609762913783992,0.24089753526951235,-0.0730729833318539,1.6609761099930531,0.24089753526951235,-0.0730729833318539,1.6609761099930531,0.0,0.0,0.0,4.534806711954484,0.07558011186590807
0.4940000000000004,0.24089764318196516,-0.07307313793359078,1.6609762894210818,0.24089753526951235,-0.0730729833318539,1.6609761099930531,0.24089753526951235,-0.0730729833318539,1.6609761099930531,0.0,0.0,0.0,4.534806591587435,0.07558010985979058
0.4950000000000004,0.2408976406379098,-0.07307313641132365,1.6609762874441292,0.24089753526951235,-0.0730729833318539,1.6609761099930531,0.24089753526951235,-0.0730729833318539,1.6609761099930531,0.0,0.0,0.0,4.534806472437356,0.07558010787395593
0.4960000000000004,0.24089763809494535,-0.07307313487365091,1.660976285447941,0.24089753526951235,-0.0730729833318539,1.6609761099930531,0.24089753526951235,-0.0730729833318539,1.6609761099930531,0.0,0.0,0.0,4.534806354512046,0.0755801059085341
0.4970000000000004,0.2408976355533545,-0.07307313332090211,1.660976283432916,0.24089753526951235,-0.0730729833318539,1.6609761099930531,0.24089753526951235,-0.0730729833318539,1.6609761099930531,0.0,0.0,0.0,4.534806237819117,0.07558010396365195
0.4980000000000004,0.240897633013415,-0.07307313175340446,1.660976281399449,0.24089753526951235,-0.0730729833318539,1.6609761099930531,0.24089753526951235,-0.0730729833318539,1.6609761099930531,0.0,0.0,0.0,4.534806122366774,0.07558010203944623
0.4990000000000004,0.24089763047540205,-0.0730731301714834,1.6609762793479332,0.24089753526951235,-0.0730729833318539,1.6609761099930531,0.24089753526951235,-0.0730729833318539,1.6609761099930531,0.0,0.0,0.0,4.534806008162861,0.07558010013604768
0.5000000000000003,0.24089762793958666,-0.07307312857546291,1.6609762772787582,0.24089753526951235,-0.0730729833318539,1.6609761099930531,0.24089753526951235,-0.0730729833318539,1.6609761099930531,0.0,0.0,0.0,4.53480589521554,0.07558009825359234
0.5010000000000003,0.24089762540623683,-0.07307312696566583,1.660976275192313,0.24089753526951235,-0.0730729833318539,1.6609761099930531,0.24089753526951235,-0.0730729833318539,1.6609761099930531,5.0,0.0,0.0,4.5348057835331,0.07558009639221834
0.5020000000000003,0.24090131560492534,-0.07307133165345764,1.6609740283341725,0.24089753526951235,-0.0730729833318539,1.6609761099930531,0.24089753526951235,-0.0730729833318539,1.6609761099930531,5.0,0.0,0.0,4.623427291616062,0.07705712152693438
0.5030000000000003,0.24090848726873929,-0.07306788544210295,1.6609697144747955,0.24089753526951235,-0.0730729833318539,1.6609761099930531,0.24089753526951235,-0.0730729833318539,1.6609761099930531,5.0,0.0,0.0,4.707664946499487,0.07846108244165811
0.5040000000000003,0.24091893952985355,-0.07306292262066502,1.6609635011309902,0.24089753526951235,-0.0730729833318539,1.6609761099930531,0.24089753526951235,-0.0730729833318539,1.6609761099930531,5.0,0.0,0.0,4.787739420594992,0.07979565700991653
0.5050000000000003,0.24093248121564215,-0.07305656970032601,1.6609555459762178,0.24089753526951235,-0.0730729833318539,1.6609761099930531,0.24089753526951235,-0.0730729833318539,1.6609761099930531,5.0,0.0,0.0,4.863858945801887,0.08106431576336479
0.5060000000000003,0.2409489303579087,-0.07304894588591102,1.6609459973930838,0.24089753526951235,-0.0730729833318539,1.6609761099930531,0.24089753526951235,-0.0730729833318539,1.6609761099930531,5.0,0.0,0.0,4.9362201642604315,0.08227033607100719
0.5070000000000003,0.24096811376008903,-0.07304016349128728,1.6609349950181191,0.24089753526951235,-0.0730729833318539,1.6609761099930531,0.24089753526951235,-0.0730729833318539,1.6609761099930531,5.0,0.0,0.0,5.00500896468776,0.08341681607812933
0.5080000000000003,0.24098986659646143,-0.07303032832527764,1.660922670270128,0.24089753526951235,-0.0730729833318539,1.6609761099930531,0.24089753526951235,-0.0730729833318539,1.6609761099930531,5.0,0.0,0.0,5.070401004191291,0.08450668340318819
0.5090000000000003,0.24101403203523686,-0.07301954005332248,1.6609091468569424,0.24089753526951235,-0.0730729833318539,1.6609761099930531,0.24089753526951235,-0.0730729833318539,1.6609761099930531,5.0,0.0,0.0,5.132562191048629,0.08554270318414382
0.5100000000000003,0.2410404608819142,-0.07300789253696538,1.6608945412573441,0.24089753526951235,-0.0730729833318539,1.6609761099930531,0.24089753526951235,-0.0730729833318539,1.6609761099930531,5.0,0.0,0.0,5.191649179440758,0.08652748632401264
0.5110000000000003,0.24106901124049962,-0.0729954741526892,1.6608789631758496,0.24089753526951235,-0.0730729833318539,1.6609761099930531,0.24089753526951235,-0.0730729833318539,1.6609761099930531,5.0,0.0,0.0,5.247809881107851,0.08746349801846418
0.5120000000000003,0.24109954819067062,-0.07298236809146673,1.6608625159688537,0.24089753526951235,-0.0730729833318539,1.6609761099930531,0.24089753526951235,-0.0730729833318539,1.6609761099930531,5.0,0.0,0.0,5.301183988026861,0.08835306646711436
0.5130000000000003,0.24113194347924366,-0.07296865264029179,1.6608452970413348,0.24089753526951235,-0.0730729833318539,1.6609761099930531,0.24089753526951235,-0.0730729833318539,1.6609761099930531,5.0,0.0,0.0,5.351903497862622,0.0891983916310437
0.5140000000000003,0.24116607522452832,-0.07295440144687464,1.6608273982139234,0.24089753526951235,-0.0730729833318539,1.6609761099930531,0.24089753526951235,-0.0730729833318539,1.6609761099930531,5.0,0.0,0.0,5.400093233905973,0.09000155389843288
0.5150000000000003,0.24120182763237072,-0.0729396837686136,1.6608089060607463,0.24089753526951235,-0.0730729833318539,1.6609761099930531,0.24089753526951235,-0.0730729833318539,1.6609761099930531,5.0,0.0,0.0,5.445871351929504,0.0907645225321584
0.5160000000000003,0.24123909072288985,-0.07292456470688304,1.660789902218937,0.24089753526951235,-0.0730729833318539,1.6609761099930531,0.24089753526951235,-0.0730729833318539,1.6609761099930531,5.0,0.0,0.0,5.489349827387142,0.0914891637897857
0.5170000000000003,0.24127776006709828,-0.07290910542762015,1.6607704636711436,0.24089753526951235,-0.0730729833318539,1.6609761099930531,0.24089753526951235,-0.0730729833318539,1.6609761099930531,5.0,0.0,0.0,5.530634917527542,0.09217724862545904
0.5180000000000003,0.24131773653277352,-0.07289336336913611,1.6607506630026978,0.24089753526951235,-0.0730729833318539,1.6609761099930531,0.24089753526951235,-0.0730729833318539,1.6609761099930531,5.0,0.0,0.0,5.569827594179774,0.09283045990299624
0.5190000000000003,0.24135892603910009,-0.07287739243801633,1.6607305686353768,0.24089753526951235,-0.0730729833318539,1.6609761099930531,0.24089753526951235,-0.0730729833318539,1.6609761099930531,5.0,0.0,0.0,5.607023944162108,0.09345039906936847
0.5200000000000004,0.24140123931972612,-0.0728612431939271,1.6607102450398536,0.24089753526951235,-0.0730729833318539,1.6609761099930531,0.24089753526951235,-0.0730729833318539,1.6609761099930531,5.0,0.0,0.0,5.6423155354128225,0.09403859225688037
0.5210000000000004,0.2414445916940065,-0.07284496302409499,1.6606897529290443,0.24089753526951235,-0.0730729833318539,1.6609761099930531,0.24089753526951235,-0.0730729833318539,1.6609761099930531,5.0,0.0,0.0,5.675789748011202,0.09459649580018671
0.5220000000000004,0.24148890284627134,-0.07282859630817304,1.6606691494345853,0.24089753526951235,-0.0730729833318539,1.6609761099930531,0.24089753526951235,-0.0730729833318539,1.6609761099930531,5.0,0.0,0.0,5.7075300702281515,0.0951255011704692
0.5230000000000004,0.2415340966130431,-0.07281218457416316,1.6606484882686252,0.24089753526951235,-0.0730729833318539,1.6609761099930531,0.24089753526951235,-0.0730729833318539,1.6609761099930531,5.0,0.0,0.0,5.737616360584324,0.09562693934307206
0.5240000000000004,0.2415801007781621,-0.07279576664601471,1.6606278198730529,0.24089753526951235,-0.0730729833318539,1.6609761099930531,0.24089753526951235,-0.0730729833318539,1.6609761099930531,5.0,0.0,0.0,5.766125077612724,0.09610208462687873
0.5250000000000004,0.24162684687581237,-0.07277937878347548,1.660607191558129,0.24089753526951235,-0.0730729833318539,1.6609761099930531,0.24089753526951235,-0.0730729833318539,1.6609761099930531,5.0,0.0,0.0,5.793129479584896,0.0965521579930816
0.5260000000000004,0.2416742700014542,-0.07276305481472678,1.660586647632328,0.24089753526951235,-0.0730729833318539,1.6609761099930531,0.24089753526951235,-0.0730729833318539,1.6609761099930531,5.0,0.0,0.0,5.8186997968937035,0.09697832994822839
0.5270000000000004,0.24172230863066232,-0.07274682626228886,1.66056622952501,0.24089753526951235,-0.0730729833318539,1.6609761099930531,0.24089753526951235,-0.0730729833318539,1.6609761099930531,5.0,0.0,0.0,5.84290338007944,0.097381723001324
0.5280000000000004,0.24177090444586272,-0.07273072246264294,1.660545975903332,0.24089753526951235,-0.0730729833318539,1.6609761099930531,0.24089753526951235,-0.0730729833318539,1.6609761099930531,5.0,0.0,0.0,5.865804826645561,0.097763413777426
0.5290000000000004,0.24182000217093097,-0.07271477067997915,1.660525922784581,0.24089753526951235,-0.0730729833318539,1.6609761099930531,0.24089753526951235,-0.0730729833318539,1.6609761099930531,5.0,0.0,0.0,5.887466089865023,0.09812443483108371
0.5300000000000004,0.24186954941359512,-0.0726989962144319,1.6605061036449247,0.24089753526951235,-0.0730729833318539,1.6609761099930531,0.24089753526951235,-0.0730729833318539,1.6609761099930531,5.0,0.0,0.0,5.907946572720995,0.09846577621201659
0.5310000000000004,0.24191949651554143,-0.07268342250514293,1.660486549525334,0.24089753526951235,-0.0730729833318539,1.6609761099930531,0.24089753526951235,-0.0730729833318539,1.6609761099930531,5.0,0.0,0.0,5.927303209982386,0.09878838683303977
0.5320000000000004,0.2419697964101009,-0.0726680712284459,1.6604672891352632,0.24089753526951235,-0.0730729833318539,1.6609761099930531,0.24089753526951235,-0.0730729833318539,1.6609761099930531,5.0,0.0,0.0,5.9455905412089,0.099093175686815
0.5330000000000004,0.24202040448734152,-0.07265296239144034,1.660448348954486,0.24089753526951235,-0.0730729833318539,1.6609761099930531,0.24089753526951235,-0.0730729833318539,1.6609761099930531,5.0,0.0,0.0,5.96286077720746,0.09938101295345766
0.5340000000000004,0.2420712784663726,-0.0726381144211995,1.6604297533333139,0.24089753526951235,-0.0730729833318539,1.6609761099930531,0.24089753526951235,-0.0730729833318539,1.6609761099930531,5.0,0.0,0.0,5.979163862160175,0.09965273103600292
0.5350000000000004,0.24212237827462452,-0.07262354424981943,1.6604115245913198,0.24089753526951235,-0.0730729833318539,1.6609761099930531,0.24089753526951235,-0.0730729833318539,1.6609761099930531,5.0,0.0,0.0,5.994547533317145,0.09990912555528575
0.5360000000000004,0.2421736659338447,-0.07260926739550827,1.6603936831145347,0.24089753526951235,-0.0730729833318539,1.6609761099930531,0.24089753526951235,-0.0730729833318539,1.6609761099930531,5.0,0.0,0.0,6.009057379804089,0.10015095633006815
0.5370000000000004,0.24222510545252418,-0.07259529803988389,1.660376247451023,0.24089753526951235,-0.0730729833318539,1.6609761099930531,0.24089753526951235,-0.0730729833318539,1.6609761099930531,5.0,0.0,0.0,6.022736901767763,0.10037894836279605
0.5380000000000004,0.24227666272445347,-0.07258164910163464,1.6603592344046747,0.24089753526951235,-0.0730729833318539,1.6609761099930531,0.24089753526951235,-0.0730729833318539,1.6609761099930531,5.0,0.0,0.0,6.035627570753079,0.10059379284588466
0.5390000000000004,0.24232830543308925,-0.07256833230668686,1.66034265912698,0.24089753526951235,-0.0730729833318539,1.6609761099930531,0.24089753526951235,-0.0730729833318539,1.6609761099930531,5.0,0.0,0.0,6.0477688919077135,0.10079614819846189
0.5400000000000004,0.24238000296140694,-0.07255535825500653,1.6603265352065624,0.24089753526951235,-0.0730729833318539,1.6609761099930531,0.24089753526951235,-0.0730729833318539,1.6609761099930531,5.0,0.0,0.0,6.059198468340613,0.10098664113901021
0.5410000000000004,0.2424317263069114,-0.07254273648415457,1.6603108747561957,0.24089753526951235,-0.0730729833318539,1.6609761099930531,0.24089753526951235,-0.0730729833318539,1.6609761099930531,5.0,0.0,0.0,6.069952067716665,0.10116586779527775
0.5420000000000004,0.24248344800148028,-0.07253047552971165,1.660295688497084,0.24089753526951235,-0.0730729833318539,1.6609761099930531,0.24089753526951235,-0.0730729833318539,1.6609761099930531,5.0,0.0,0.0,6.08006369097285,0.1013343948495475
0.5430000000000004,0.24253514203571766,-0.07251858298267402,1.6602809858401504,0.24089753526951235,-0.0730729833318539,1.6609761099930531,0.24089753526951235,-0.0730729833318539,1.6609761099930531,5.0,0.0,0.0,6.089565642869785,0.10149276071449642
0.5440000000000004,0.2425867837875087,-0.07250706554392988,1.6602667749641493,0.24089753526951235,-0.0730729833318539,1.6609761099930531,0.24089753526951235,-0.0730729833318539,1.6609761099930531,5.0,0.0,0.0,6.098488603971399,0.10164147673285664
0.5450000000000004,0.2426383499544802,-0.07249592907591466,1.6602530628904373,0.24089753526951235,-0.0730729833318539,1.6609761099930531,0.24089753526951235,-0.0730729833318539,1.6609761099930531,5.0,0.0,0.0,6.106861703548796,0.10178102839247995
0.5460000000000004,0.2426898184900795,-0.07248517865154619,1.6602398555542672,0.24089753526951235,-0.0730729833318539,1.6609761099930531,0.24089753526951235,-0.0730729833318539,1.6609761099930531,5.0,0.0,0.0,6.1147125928514505,0.10191187654752418
0.5470000000000004,0.2427411685430178,-0.07247481860053978,1.6602271578725367,0.24089753526951235,-0.0730729833318539,1.6609761099930531,0.24089753526951235,-0.0730729833318539,1.6609761099930531,5.0,0.0,0.0,6.122067518159574,0.1020344586359929
0.5480000000000004,0.24279238039982193,-0.0724648525532037,1.660214973807948,0.24089753526951235,-0.0730729833318539,1.6609761099930531,0.24089753526951235,-0.0730729833318539,1.6609761099930531,5.0,0.0,0.0,6.1289513930360195,0.10214918988393366
0.5490000000000004,0.2428434354302839,-0.07245528348181743,1.660203306429586,0.24089753526951235,-0.0730729833318539,1.6609761099930531,0.24089753526951235,-0.0730729833318539,1.6609761099930531,5.0,0.0,0.0,6.135387869216384,0.10225646448693973
0.5500000000000004,0.2428943160355898,-0.07244611373969331,1.66019215796996,0.24089753526951235,-0.0730729833318539,1.6609761099930531,0.24089753526951235,-0.0730729833318539,1.6609761099930531,5.0,0.0,0.0,6.141399405625471,0.10235665676042452
0.5510000000000004,0.24294500559895435,-0.07243734509802412,1.660181529878591,0.24089753526951235,-0.0730729833318539,1.6609761099930531,0.24089753526951235,-0.0730729833318539,1.6609761099930531,5.0,0.0,0.0,6.147007335059712,0.1024501222509952
0.5520000000000004,0.24299548843859226,-0.07242897878062468,1.660171422872265,0.24089753526951235,-0.0730729833318539,1.6609761099930531,0.24089753526951235,-0.0730729833318539,1.6609761099930531,5.0,0.0,0.0,6.152231928149789,0.10253719880249648
0.5530000000000004,0.2430457497628784,-0.07242101549666675,1.6601618369820845,0.24089753526951235,-0.0730729833318539,1.6609761099930531,0.24089753526951235,-0.0730729833318539,1.6609761099930531,5.0,0.0,0.0,6.157092454290946,0.10261820757151577
0.5540000000000004,0.24309577562756723,-0.07241345547151389,1.660152771597493,0.24089753526951235,-0.0730729833318539,1.6609761099930531,0.24089753526951235,-0.0730729833318539,1.6609761099930531,5.0,0.0,0.0,6.161607239306214,0.1026934539884369
0.5550000000000004,0.24314555289496034,-0.07240629847576142,1.6601442255074423,0.24089753526951235,-0.0730729833318539,1.6609761099930531,0.24089753526951235,-0.0730729833318539,1.6609761099930531,5.0,0.0,0.0,6.1657937196866355,0.10276322866144393
0.5560000000000004,0.24319506919491546,-0.07239954385258239,1.6601361969388992,0.24089753526951235,-0.0730729833318539,1.6609761099930531,0.24089753526951235,-0.0730729833318539,1.6609761099930531,5.0,0.0,0.0,6.169668493331991,0.10282780822219985
0.5570000000000004,0.24324431288761256,-0.07239319054348121,1.660128683592881,0.24089753526951235,-0.0730729833318539,1.6609761099930531,0.24089753526951235,-0.0730729833318539,1.6609761099930531,5.0,0.0,0.0,6.173247366776932,0.10288745611294887
0.5580000000000004,0.24329327302799475,-0.07238723711255435,1.6601216826782252,0.24089753526951235,-0.0730729833318539,1.6609761099930531,0.24089753526951235,-0.0730729833318539,1.6609761099930531,5.0,0.0,0.0,6.176545398963331,0.1029424233160555
0.5590000000000004,0.24334193933181913,-0.07238168176935623,1.6601151909432765,0.24089753526951235,-0.0730729833318539,1.6609761099930531,0.24089753526951235,-0.0730729833318539,1.6609761099930531,5.0,0.0,0.0,6.179576941660296,0.1029929490276716
0.5600000000000004,0.24339030214324905,-0.07237652239045816,1.6601092047056838,0.24089753526951235,-0.0730729833318539,1.6609761099930531,0.24089753526951235,-0.0730729833318539,1.6609761099930531,5.0,0.0,0.0,6.182355676699283,0.10303926127832137
0.5610000000000004,0.24343835240393297,-0.0723717565397968,1.6601037198804753,0.24089753526951235,-0.0730729833318539,1.6609761099930531,0.24089753526951235,-0.0730729833318539,1.6609761099930531,5.0,0.0,0.0,6.184894650200001,0.10308157750333335
0.5620000000000004,0.24348608162351937,-0.07236738148788963,1.6600987320065892,0.24089753526951235,-0.0730729833318539,1.6609761099930531,0.24089753526951235,-0.0730729833318539,1.6609761099930531,5.0,0.0,0.0,6.187206304026186,0.1031201050671031
0.5630000000000004,0.24353348185155343,-0.07236339423000566,1.6600942362719884,0.24089753526951235,-0.0730729833318539,1.6609761099930531,0.24089753526951235,-0.0730729833318539,1.6609761099930531,5.0,0.0,0.0,6.189302504696886,0.10315504174494809
0.5640000000000004,0.2435805456507103,-0.07235979150335958,1.6600902275375156,0.24089753526951235,-0.0730729833318539,1.6609761099930531,0.24089753526951235,-0.0730729833318539,1.6609761099930531,5.0,0.0,0.0,6.191194570008038,0.10318657616680064
0.5650000000000004,0.24362726607132118,-0.07235656980340675,1.6600867003595903,0.24089753526951235,-0.0730729833318539,1.6609761099930531,0.24089753526951235,-0.0730729833318539,1.6609761099930531,5.0,0.0,0.0,6.19289329361236,0.10321488822687266
0.5660000000000004,0.2436736366271407,-0.07235372539930127,1.6600836490118582,0.24089753526951235,-0.0730729833318539,1.6609761099930531,0.24089753526951235,-0.0730729833318539,1.6609761099930531,5.0,0.0,0.0,6.194408967806451,0.10324014946344086
0.5670000000000004,0.2437196512723157,-0.07235125434857577,1.660081067505885,0.24089753526951235,-0.0730729833318539,1.6609761099930531,0.24089753526951235,-0.0730729833318539,1.6609761099930531,5.0,0.0,0.0,6.195751404758038,0.10326252341263396
0.5680000000000004,0.243765304379509,-0.07234915251110513,1.6600789496109558,0.24089753526951235,-0.0730729833318539,1.6609761099930531,0.24089753526951235,-0.0730729833318539,1.6609761099930531,5.0,0.0,0.0,6.196929956394588,0.10328216593990981
0.5690000000000004,0.2438105907191327,-0.07234741556239806,1.6600772888730535,0.24089753526951235,-0.0730729833318539,1.6609761099930531,0.24089753526951235,-0.0730729833318539,1.6609761099930531,5.0,0.0,0.0,6.197953533156134,0.10329922555260224
0.5700000000000004,0.24385550543964307,-0.0723460390062669,1.6600760786330615,0.24089753526951235,-0.0730729833318539,1.6609761099930531,0.24089753526951235,-0.0730729833318539,1.6609761099930531,5.0,0.0,0.0,6.198830621790036,0.10331384369650061
0.5710000000000004,0.24390004404885407,-0.07234501818691165,1.660075312044216,0.24089753526951235,-0.0730729833318539,1.6609761099930531,0.24089753526951235,-0.0730729833318539,1.6609761099930531,5.0,0.0,0.0,6.199569302344386,0.10332615503907311
0.5720000000000004,0.24394420239622494,-0.07234434830046327,1.660074982088864,0.24089753526951235,-0.0730729833318539,1.6609761099930531,0.24089753526951235,-0.0730729833318539,1.6609761099930531,5.0,0.0,0.0,6.200177264496402,0.10333628774160669
0.5730000000000004,0.24398797665606983,-0.07234402440601075,1.660075081594521,0.24089753526951235,-0.0730729833318539,1.6609761099930531,0.24089753526951235,-0.0730729833318539,1.6609761099930531,5.0,0.0,0.0,6.200661823321146,0.10334436372201909
0.5740000000000004,0.24403136331165054,-0.07234404143614763,1.6600756032492636,0.24089753526951235,-0.0730729833318539,1.6609761099930531,0.24089753526951235,-0.0730729833318539,1.6609761099930531,5.0,0.0,0.0,6.20102993459039,0.10335049890983984
0.5750000000000004,0.24407435914010342,-0.07234439420705861,1.6600765396164578,0.24089753526951235,-0.0730729833318539,1.6609761099930531,0.24089753526951235,-0.0730729833318539,1.6609761099930531,5.0,0.0,0.0,6.201288209665607,0.10335480349442677
0.5760000000000004,0.2441169611981569,-0.07234507742817713,1.6600778831488456,0.24089753526951235,-0.0730729833318539,1.6609761099930531,0.24089753526951235,-0.0730729833318539,1.6609761099930531,5.0,0.0,0.0,6.201442930033597,0.10335738216722662
0.5770000000000004,0.244159166808596,-0.07234608571142145,1.6600796262019744,0.24089753526951235,-0.0730729833318539,1.6609761099930531,0.24089753526951235,-0.0730729833318539,1.6609761099930531,5.0,0.0,0.0,6.201500061510892,0.10335833435851487
0.5780000000000004,0.24420097354743525,-0.07234741358004526,1.660081761047005,0.24089753526951235,-0.0730729833318539,1.6609761099930531,0.24089753526951235,-0.0730729833318539,1.6609761099930531,5.0,0.0,0.0,6.201465268135949,0.10335775446893249
0.5790000000000004,0.24424237923175157,-0.07234905547709874,1.6600842798828832,0.24089753526951235,-0.0730729833318539,1.6609761099930531,0.24089753526951235,-0.0730729833318539,1.6609761099930531,5.0,0.0,0.0,6.201343925747415,0.10335573209579026
0.5800000000000004,0.24428338190814847,-0.07235100577353223,1.6600871748478851,0.24089753526951235,-0.0730729833318539,1.6609761099930531,0.24089753526951235,-0.0730729833318539,1.6609761099930531,5.0,0.0,0.0,6.201141135243304,0.10335235225405508
0.5810000000000004,0.24432397984180554,-0.07235325877594408,1.6600904380305614,0.24089753526951235,-0.0730729833318539,1.6609761099930531,0.24089753526951235,-0.0730729833318539,1.6609761099930531,5.0,0.0,0.0,6.200861735509669,0.10334769559182781
0.5820000000000004,0.24436417150608308,-0.0723558087339907,1.6600940614800657,0.24089753526951235,-0.0730729833318539,1.6609761099930531,0.24089753526951235,-0.0730729833318539,1.6609761099930531,5.0,0.0,0.0,6.200510315993821,0.10334183859989701
0.5830000000000004,0.2444039555726482,-0.07235864984746561,1.6600980372159064,0.24089753526951235,-0.0730729833318539,1.6609761099930531,0.24089753526951235,-0.0730729833318539,1.6609761099930531,5.0,0.0,0.0,6.200091228907296,0.1033348538151216
0.5840000000000004,0.2444433309020892,-0.07236177627306395,1.6601023572371134,0.24089753526951235,-0.0730729833318539,1.6609761099930531,0.24089753526951235,-0.0730729833318539,1.6609761099930531,5.0,0.0,0.0,6.199608601031423,0.10332681001719039
0.5850000000000004,0.2444822965349929,-0.07236518213083572,1.6601070135308578,0.24089753526951235,-0.0730729833318539,1.6609761099930531,0.24089753526951235,-0.0730729833318539,1.6609761099930531,5.0,0.0,0.0,6.199066345107098,0.10331777241845162
0.5860000000000004,0.24452085168345342,-0.07236886151034036,1.660111998080523,0.24089753526951235,-0.0730729833318539,1.6609761099930531,0.24089753526951235,-0.0730729833318539,1.6609761099930531,5.0,0.0,0.0,6.198468170786491,0.10330780284644152
0.5870000000000004,0.24455899572299164,-0.07237280847651469,1.660117302873266,0.24089753526951235,-0.0730729833318539,1.6609761099930531,0.24089753526951235,-0.0730729833318539,1.6609761099930531,5.0,0.0,0.0,6.197817595133619,0.10329695991889366
0.5880000000000004,0.2445967281848591,-0.07237701707525909,1.660122919907079,0.24089753526951235,-0.0730729833318539,1.6609761099930531,0.24089753526951235,-0.0730729833318539,1.6609761099930531,5.0,0.0,0.0,6.197117952658457,0.10328529921097429
0.5890000000000004,0.24463404874870856,-0.07238148133875291,1.660128841197375,0.24089753526951235,-0.0730729833318539,1.6609761099930531,0.24089753526951235,-0.0730729833318539,1.6609761099930531,5.0,0.0,0.0,6.19637240487817,0.10327287341463617
0.5900000000000004,0.2446709572356073,-0.07238619529050884,1.6601350587831318,0.24089753526951235,-0.0730729833318539,1.6609761099930531,0.24089753526951235,-0.0730729833318539,1.6609761099930531,5.0,0.0,0.0,6.1955839494036775,0.10325973249006129
0.5910000000000004,0.24470745360137902,-0.07239115295017505,1.660141564732606,0.24089753526951235,-0.0730729833318539,1.6609761099930531,0.24089753526951235,-0.0730729833318539,1.6609761099930531,5.0,0.0,0.0,6.194755428548573,0.1032459238091429
0.5920000000000004,0.2447435379302555,-0.07239634833809463,1.660148351148648,0.24089753526951235,-0.0730729833318539,1.6609761099930531,0.24089753526951235,-0.0730729833318539,1.6609761099930531,5.0,0.0,0.0,6.193889537470012,0.10323149229116686
0.5930000000000004,0.2447792104288235,-0.07240177547962905,1.6601554101736404,0.24089753526951235,-0.0730729833318539,1.6609761099930531,0.24089753526951235,-0.0730729833318539,1.6609761099930531,5.0,0.0,0.0,6.192988831850551,0.10321648053084251
0.5940000000000004,0.24481447142025264,-0.07240742840925891,1.660162733994088,0.24089753526951235,-0.0730729833318539,1.6609761099930531,0.24089753526951235,-0.0730729833318539,1.6609761099930531,5.0,0.0,0.0,6.192055735133872,0.10320092891889786
0.5950000000000004,0.2448493213387918,-0.07241330117447049,1.6601703148448763,0.24089753526951235,-0.0730729833318539,1.6609761099930531,0.24089753526951235,-0.0730729833318539,1.6609761099930531,5.0,0.0,0.0,6.191092545331814,0.10318487575553023
0.5960000000000004,0.24488376072451912,-0.07241938783942942,1.660178145013222,0.24089753526951235,-0.0730729833318539,1.6609761099930531,0.24089753526951235,-0.0730729833318539,1.6609761099930531,5.0,0.0,0.0,6.19010144142355,0.10316835735705916
0.5970000000000004,0.24491779021833884,-0.07242568248846597,1.6601862168423411,0.24089753526951235,-0.0730729833318539,1.6609761099930531,0.24089753526951235,-0.0730729833318539,1.6609761099930531,5.0,0.0,0.0,6.189084489366265,0.10315140815610442
0.5980000000000004,0.24495141055720943,-0.0724321792293639,1.6601945227348518,0.24089753526951235,-0.0730729833318539,1.6609761099930531,0.24089753526951235,-0.0730729833318539,1.6609761099930531,5.0,0.0,0.0,6.188043647743241,0.10313406079572068
0.5990000000000004,0.24498462256959577,-0.07243887219647392,1.660203055155925,0.24089753526951235,-0.0730729833318539,1.6609761099930531,0.24089753526951235,-0.0730729833318539,1.6609761099930531,5.0,0.0,0.0,6.18698077307139,0.10311634621785651
0.6000000000000004,0.2450174271711329,-0.07244575555365289,1.660211806636212,0.24089753526951235,-0.0730729833318539,1.6609761099930531,0.24089753526951235,-0.0730729833318539,1.6609761099930531,5.0,0.0,0.0,6.1858976247940145,0.10309829374656691
0.6010000000000004,0.24504982536049905,-0.07245282349704282,1.6602207697745532,0.24089753526951235,-0.0730729833318539,1.6609761099930531,0.24089753526951235,-0.0730729833318539,1.6609761099930531,5.0,0.0,0.0,6.184795869981702,0.1030799311663617
0.6020000000000004,0.2450818182154762,-0.07246007025769027,1.660229937240488,0.24089753526951235,-0.0730729833318539,1.6609761099930531,0.24089753526951235,-0.0730729833318539,1.6609761099930531,5.0,0.0,0.0,6.183677087766975,0.10306128479611626
0.6030000000000004,0.2451134068892035,-0.07246749010402229,1.6602393017765742,0.24089753526951235,-0.0730729833318539,1.6609761099930531,0.24089753526951235,-0.0730729833318539,1.6609761099930531,5.0,0.0,0.0,6.182542773532886,0.10304237955888144
0.6040000000000004,0.2451445926066066,-0.0724750773441788,1.660248856200542,0.24089753526951235,-0.0730729833318539,1.6609761099930531,0.24089753526951235,-0.0730729833318539,1.6609761099930531,5.0,0.0,0.0,6.181394342879854,0.10302323904799757
0.6050000000000004,0.24517537666099665,-0.07248282632821194,1.6602585934072671,0.24089753526951235,-0.0730729833318539,1.6609761099930531,0.24089753526951235,-0.0730729833318539,1.6609761099930531,5.0,0.0,0.0,6.180233135385841,0.103003885589764
0.6060000000000004,0.24520576041083356,-0.07249073145016094,1.6602685063706053,0.24089753526951235,-0.0730729833318539,1.6609761099930531,0.24089753526951235,-0.0730729833318539,1.6609761099930531,5.0,0.0,0.0,6.179060418184637,0.10298434030307728
0.6070000000000004,0.24523574527664238,-0.07249878715000121,1.6602785881450663,0.24089753526951235,-0.0730729833318539,1.6609761099930531,0.24089753526951235,-0.0730729833318539,1.6609761099930531,5.0,0.0,0.0,6.1778773893715755,0.10296462315619292
0.6080000000000004,0.24526533273807832,-0.07250698791548428,1.660288831867354,0.24089753526951235,-0.0730729833318539,1.6609761099930531,0.24089753526951235,-0.0730729833318539,1.6609761099930531,5.0,0.0,0.0,6.176685181255204,0.10294475302092006
0.6090000000000004,0.24529452433113189,-0.07251532828386342,1.6602992307577737,0.24089753526951235,-0.0730729833318539,1.6609761099930531,0.24089753526951235,-0.0730729833318539,1.6609761099930531,5.0,0.0,0.0,6.175484863470301,0.10292474772450501
0.6100000000000004,0.24532332164546794,-0.07252380284351817,1.660309778121508,0.24089753526951235,-0.0730729833318539,1.6609761099930531,0.24089753526951235,-0.0730729833318539,1.6609761099930531,5.0,0.0,0.0,6.174277445951599,0.10290462409919332
0.6110000000000004,0.24535172632189128,-0.07253240623547744,1.660320467349777,0.24089753526951235,-0.0730729833318539,1.6609761099930531,0.24089753526951235,-0.0730729833318539,1.6609761099930531,5.0,0.0,0.0,6.173063881792381,0.10288439802987302
0.6120000000000004,0.24537974004993232,-0.07254113315484827,1.6603312919208781,0.24089753526951235,-0.0730729833318539,1.6609761099930531,0.24089753526951235,-0.0730729833318539,1.6609761099930531,5.0,0.0,0.0,6.17184506998561,0.10286408449976017
0.6130000000000004,0.24540736456555073,-0.07254997835215386,1.6603422454011183,0.24089753526951235,-0.0730729833318539,1.6609761099930531,0.24089753526951235,-0.0730729833318539,1.6609761099930531,5.0,0.0,0.0,6.170621858057271,0.10284369763428786
0.6140000000000004,0.24543460164894015,-0.07255893663458494,1.6603533214456332,0.24089753526951235,-0.0730729833318539,1.6609761099930531,0.24089753526951235,-0.0730729833318539,1.6609761099930531,5.0,0.0,0.0,6.169395044596621,0.10282325074327701
0.6150000000000004,0.24546145312244383,-0.07256800286716503,1.6603645137991068,0.24089753526951235,-0.0730729833318539,1.6609761099930531,0.24089753526951235,-0.0730729833318539,1.6609761099930531,5.0,0.0,0.0,6.168165381686496,0.1028027563614416
0.6160000000000004,0.2454879208485633,-0.07257717197384045,1.6603758162963977,0.24089753526951235,-0.0730729833318539,1.6609761099930531,0.24089753526951235,-0.0730729833318539,1.6609761099930531,5.0,0.0,0.0,6.166933577240747,0.10278222628734578
0.6170000000000004,0.24551400672805945,-0.0725864389384887,1.6603872228630616,0.24089753526951235,-0.0730729833318539,1.6609761099930531,0.24089753526951235,-0.0730729833318539,1.6609761099930531,5.0,0.0,0.0,6.165700297245104,0.10276167162075174
0.6180000000000004,0.2455397126981428,-0.0725957988058547,1.6603987275157899,0.24089753526951235,-0.0730729833318539,1.6609761099930531,0.24089753526951235,-0.0730729833318539,1.6609761099930531,5.0,0.0,0.0,6.164466167909778,0.1027411027984963
0.6190000000000004,0.24556504073074598,-0.0726052466824173,1.6604103243627615,0.24089753526951235,-0.0730729833318539,1.6609761099930531,0.24089753526951235,-0.0730729833318539,1.6609761099930531,5.0,0.0,0.0,6.163231777732031,0.10272052962886719
0.6200000000000004,0.2455899928308732,-0.07261477773718393,1.6604220076039096,0.24089753526951235,-0.0730729833318539,1.6609761099930531,0.24089753526951235,-0.0730729833318539,1.6609761099930531,5.0,0.0,0.0,6.161997679470935,0.10269996132451559
0.6210000000000004,0.24561457103502665,-0.07262438720242145,1.6604337715311117,0.24089753526951235,-0.0730729833318539,1.6609761099930531,0.24089753526951235,-0.0730729833318539,1.6609761099930531,5.0,0.0,0.0,6.160764392036414,0.10267940653394024
0.6220000000000004,0.2456387774097013,-0.07263407037432193,1.6604456105283036,0.24089753526951235,-0.0730729833318539,1.6609761099930531,0.24089753526951235,-0.0730729833318539,1.6609761099930531,5.0,0.0,0.0,6.159532402294162,0.10265887337156937
0.6230000000000004,0.24566261404994708,-0.07264382261360673,1.6604575190715285,0.24089753526951235,-0.0730729833318539,1.6609761099930531,0.24089753526951235,-0.0730729833318539,1.6609761099930531,5.0,0.0,0.0,6.158302166787112,0.10263836944645187
0.6240000000000004,0.24568608307799558,-0.07265363934607232,1.6604694917289116,0.24089753526951235,-0.0730729833318539,1.6609761099930531,0.24089753526951235,-0.0730729833318539,1.6609761099930531,5.0,0.0,0.0,6.157074113373879,0.10261790188956464
0.6250000000000004,0.2457091866419451,-0.07266351606307553,1.6604815231605776,0.24089753526951235,-0.0730729833318539,1.6609761099930531,0.24089753526951235,-0.0730729833318539,1.6609761099930531,5.0,0.0,0.0,6.155848642790525,0.10259747737984208
0.6260000000000004,0.24573192691450474,-0.07267344832196729,1.6604936081185047,0.24089753526951235,-0.0730729833318539,1.6609761099930531,0.24089753526951235,-0.0730729833318539,1.6609761099930531,5.0,0.0,0.0,6.154626130132494,0.10257710216887489
0.6270000000000004,0.24575430609179044,-0.0726834317464688,1.6605057414463287,0.24089753526951235,-0.0730729833318539,1.6609761099930531,0.24089753526951235,-0.0730729833318539,1.6609761099930531,5.0,0.0,0.0,6.153406926262638,0.1025567821043773
0.6280000000000004,0.2457763263921754,-0.07269346202699872,1.6605179180790897,0.24089753526951235,-0.0730729833318539,1.6609761099930531,0.24089753526951235,-0.0730729833318539,1.6609761099930531,5.0,0.0,0.0,6.1521913591443536,0.1025365226524059
0.6290000000000004,0.24579799005518727,-0.07270353492094825,1.6605301330429354,0.24089753526951235,-0.0730729833318539,1.6609761099930531,0.24089753526951235,-0.0730729833318539,1.6609761099930531,5.0,0.0,0.0,6.150979735106755,0.10251632891844592
0.6300000000000004,0.24581929934045382,-0.07271364625291038,1.6605423814547748,0.24089753526951235,-0.0730729833318539,1.6609761099930531,0.24089753526951235,-0.0730729833318539,1.6609761099930531,5.0,0.0,0.0,6.1497723400397915,0.10249620566732985
0.6310000000000004,0.24584025652669056,-0.07272379191486023,1.6605546585218933,0.24089753526951235,-0.0730729833318539,1.6609761099930531,0.24089753526951235,-0.0730729833318539,1.6609761099930531,5.0,0.0,0.0,6.148569440527146,0.1024761573421191
0.6320000000000005,0.24586086391073392,-0.07273396786629202,1.6605669595415273,0.24089753526951235,-0.0730729833318539,1.6609761099930531,0.24089753526951235,-0.0730729833318539,1.6609761099930531,5.0,0.0,0.0,6.147371284914924,0.10245618808191541
0.6330000000000005,0.24588112380661212,-0.07274417013431368,1.660579279900405,0.24089753526951235,-0.0730729833318539,1.6609761099930531,0.24089753526951235,-0.0730729833318539,1.6609761099930531,5.0,0.0,0.0,6.146178104323461,0.10243630173872435
0.6340000000000005,0.24590103854465603,-0.07275439481369816,1.6605916150742521,0.24089753526951235,-0.0730729833318539,1.6609761099930531,0.24089753526951235,-0.0730729833318539,1.6609761099930531,5.0,0.0,0.0,6.144990113602443,0.10241650189337405
0.6350000000000005,0.24592061047064528,-0.07276463806689767,1.660603960627264,0.24089753526951235,-0.0730729833318539,1.6609761099930531,0.24089753526951235,-0.0730729833318539,1.6609761099930531,5.0,0.0,0.0,6.143807512234496,0.10239679187057495
0.6360000000000005,0.24593984194498908,-0.07277489612401654,1.6606163122115574,0.24089753526951235,-0.0730729833318539,1.6609761099930531,0.24089753526951235,-0.0730729833318539,1.6609761099930531,5.0,0.0,0.0,6.142630485188439,0.10237717475314065
0.6370000000000005,0.24595873534194337,-0.07278516528275057,1.6606286655665914,0.24089753526951235,-0.0730729833318539,1.6609761099930531,0.24089753526951235,-0.0730729833318539,1.6609761099930531,5.0,0.0,0.0,6.141459203725828,0.10235765339543047
0.6380000000000005,0.2459772930488538,-0.07279544190829054,1.6606410165185588,0.24089753526951235,-0.0730729833318539,1.6609761099930531,0.24089753526951235,-0.0730729833318539,1.6609761099930531,5.0,0.0,0.0,6.140293826164514,0.10233823043607523
0.6390000000000005,0.24599551746543424,-0.07280572243319147,1.6606533609797698,0.24089753526951235,-0.0730729833318539,1.6609761099930531,0.24089753526951235,-0.0730729833318539,1.6609761099930531,5.0,0.0,0.0,6.13913449860139,0.10231890831002316
0.6400000000000005,0.2460134110030696,-0.07281600335721117,1.660665694947998,0.24089753526951235,-0.0730729833318539,1.6609761099930531,0.24089753526951235,-0.0730729833318539,1.6609761099930531,5.0,0.0,0.0,6.137981355595112,0.10229968925991854
0.6410000000000005,0.24603097608414926,-0.07282628124711656,1.6606780145058235,0.24089753526951235,-0.0730729833318539,1.6609761099930531,0.24089753526951235,-0.0730729833318539,1.6609761099930531,5.0,0.0,0.0,6.136834520815471,0.10228057534692452
0.6420000000000005,0.24604821514142353,-0.07283655273646396,1.6606903158199453,0.24089753526951235,-0.0730729833318539,1.6609761099930531,0.24089753526951235,-0.0730729833318539,1.6609761099930531,5.0,0.0,0.0,6.135694107656431,0.10226156846094052
0.6430000000000005,0.24606513061738622,-0.07284681452534866,1.6607025951404912,0.24089753526951235,-0.0730729833318539,1.6609761099930531,0.24089753526951235,-0.0730729833318539,1.6609761099930531,5.0,0.0,0.0,6.134560219819336,0.10224267033032226
0.6440000000000005,0.24608172496367983,-0.07285706338013044,1.6607148488002987,0.24089753526951235,-0.0730729833318539,1.6609761099930531,0.24089753526951235,-0.0730729833318539,1.6609761099930531,5.0,0.0,0.0,6.1334329518676824,0.10222388253112805
0.6450000000000005,0.24609800064052273,-0.07286729613313193,1.6607270732141948,0.24089753526951235,-0.0730729833318539,1.6609761099930531,0.24089753526951235,-0.0730729833318539,1.6609761099930531,5.0,0.0,0.0,6.132312389750001,0.10220520649583335
0.6460000000000005,0.24611396011615783,-0.07287750968231582,1.6607392648782557,0.24089753526951235,-0.0730729833318539,1.6609761099930531,0.24089753526951235,-0.0730729833318539,1.6609761099930531,5.0,0.0,0.0,6.1311986112995625,0.10218664352165938
0.6470000000000005,0.2461296058663205,-0.07288770099093794,1.6607514203690612,0.24089753526951235,-0.0730729833318539,1.6609761099930531,0.24089753526951235,-0.0730729833318539,1.6609761099930531,5.0,0.0,0.0,6.130091686710093,0.10216819477850156
0.6480000000000005,0.24614494037372486,-0.07289786708717845,1.6607635363429316,0.24089753526951235,-0.0730729833318539,1.6609761099930531,0.24089753526951235,-0.0730729833318539,1.6609761099930531,5.0,0.0,0.0,6.128991678985922,0.10214986131643203
0.6490000000000005,0.2461599661275711,-0.07290800506375589,1.660775609535163,0.24089753526951235,-0.0730729833318539,1.6609761099930531,0.24089753526951235,-0.0730729833318539,1.6609761099930531,5.0,0.0,0.0,6.127898644371066,0.1021316440728511
0.6500000000000005,0.24617468562306224,-0.07291811207751739,1.6607876367592442,0.24089753526951235,-0.0730729833318539,1.6609761099930531,0.24089753526951235,-0.0730729833318539,1.6609761099930531,5.0,0.0,0.0,6.126812632757142,0.1021135438792857
0.6510000000000005,0.2461891013609478,-0.07292818534901642,1.6607996149060835,0.24089753526951235,-0.0730729833318539,1.6609761099930531,0.24089753526951235,-0.0730729833318539,1.6609761099930531,5.0,0.0,0.0,6.125733688070854,0.10209556146784757
0.6520000000000005,0.2462032158470716,-0.07293822216206905,1.6608115409432016,0.24089753526951235,-0.0730729833318539,1.6609761099930531,0.24089753526951235,-0.0730729833318539,1.6609761099930531,5.0,0.0,0.0,6.124661848641768,0.1020776974773628
0.6530000000000005,0.24621703159194075,-0.07294821986329639,1.6608234119139424,0.24089753526951235,-0.0730729833318539,1.6609761099930531,0.24089753526951235,-0.0730729833318539,1.6609761099930531,5.0,0.0,0.0,6.123597147554174,0.10205995245923624
0.6540000000000005,0.2462305511103061,-0.072958175861652,1.6608352249366665,0.24089753526951235,-0.0730729833318539,1.6609761099930531,0.24089753526951235,-0.0730729833318539,1.6609761099930531,5.0,0.0,0.0,6.122539612977544,0.10204232688295907
0.6550000000000005,0.24624377692075572,-0.07296808762793444,1.6608469772039425,0.24089753526951235,-0.0730729833318539,1.6609761099930531,0.24089753526951235,-0.0730729833318539,1.6609761099930531,5.0,0.0,0.0,6.121489268483323,0.10202482114138872
0.6560000000000005,0.24625671154531986,-0.0729779526942872,1.6608586659817322,0.24089753526951235,-0.0730729833318539,1.6609761099930531,0.24089753526951235,-0.0730729833318539,1.6609761099930531,5.0,0.0,0.0,6.120446133343272,0.1020074355557212
0.6570000000000005,0.24626935750908757,-0.07298776865368631,1.6608702886085742,0.24089753526951235,-0.0730729833318539,1.6609761099930531,0.24089753526951235,-0.0730729833318539,1.6609761099930531,5.0,0.0,0.0,6.119410222812797,0.10199017038021328
0.6580000000000005,0.24628171733983534,-0.07299753315941525,1.6608818424947627,0.24089753526951235,-0.0730729833318539,1.6609761099930531,0.24089753526951235,-0.0730729833318539,1.6609761099930531,5.0,0.0,0.0,6.1183815484021125,0.10197302580670188
0.6590000000000005,0.24629379356766443,-0.0730072439245304,1.6608933251215228,0.24089753526951235,-0.0730729833318539,1.6609761099930531,0.24089753526951235,-0.0730729833318539,1.6609761099930531,5.0,0.0,0.0,6.117360118125967,0.10195600196876613
0.6600000000000005,0.24630558872464942,-0.07301689872131589,1.6609047340401875,0.24089753526951235,-0.0730729833318539,1.6609761099930531,0.24089753526951235,-0.0730729833318539,1.6609761099930531,5.0,0.0,0.0,6.116345936746871,0.10193909894578118
0.6610000000000005,0.2463171053444938,-0.0730264953807288,1.6609160668713696,0.24089753526951235,-0.0730729833318539,1.6609761099930531,0.24089753526951235,-0.0730729833318539,1.6609761099930531,5.0,0.0,0.0,6.115339006000585,0.10192231676667643
0.6620000000000005,0.24632834596219627,-0.07303603179183533,1.6609273213041311,0.24089753526951235,-0.0730729833318539,1.6609761099930531,0.24089753526951235,-0.0730729833318539,1.6609761099930531,5.0,0.0,0.0,6.114339324810468,0.1019056554135078
0.6630000000000005,0.24633931311372712,-0.0730455059012409,1.6609384950951578,0.24089753526951235,-0.0730729833318539,1.6609761099930531,0.24089753526951235,-0.0730729833318539,1.6609761099930531,5.0,0.0,0.0,6.113346889489272,0.1018891148248212
0.6640000000000005,0.24635000933570506,-0.07305491571251,1.6609495860679302,0.24089753526951235,-0.0730729833318539,1.6609761099930531,0.24089753526951235,-0.0730729833318539,1.6609761099930531,5.0,0.0,0.0,6.112361693929486,0.10187269489882476
0.6650000000000005,0.24636043716508998,-0.0730642592855808,1.6609605921118897,0.24089753526951235,-0.0730729833318539,1.6609761099930531,0.24089753526951235,-0.0730729833318539,1.6609761099930531,5.0,0.0,0.0,6.111383729780318,0.10185639549633864
0.6660000000000005,0.24637059913887943,-0.07307353473617392,1.6609715111816155,0.24089753526951235,-0.0730729833318539,1.6609761099930531,0.24089753526951235,-0.0730729833318539,1.6609761099930531,5.0,0.0,0.0,6.110412986618288,0.10184021644363812
0.6670000000000005,0.2463804977938097,-0.07308274023519411,1.6609823412959945,0.24089753526951235,-0.0730729833318539,1.6609761099930531,0.24089753526951235,-0.0730729833318539,1.6609761099930531,5.0,0.0,0.0,6.109449452103618,0.1018241575350603
0.6680000000000005,0.24639013566606727,-0.07309187400812804,1.6609930805373976,0.24089753526951235,-0.0730729833318539,1.6609761099930531,0.24089753526951235,-0.0730729833318539,1.6609761099930531,5.0,0.0,0.0,6.108493112128912,0.10180821853548186
0.6690000000000005,0.2463995152910031,-0.07310093433443667,1.6610037270508513,0.24089753526951235,-0.0730729833318539,1.6609761099930531,0.24089753526951235,-0.0730729833318539,1.6609761099930531,5.0,0.0,0.0,6.107543950958071,0.10179239918263452
0.6700000000000005,0.24640863920285416,-0.07310991954694351,1.661014279043222,0.24089753526951235,-0.0730729833318539,1.6609761099930531,0.24089753526951235,-0.0730729833318539,1.6609761099930531,5.0,0.0,0.0,6.106601951357768,0.10177669918929613
0.6710000000000005,0.24641750993446998,-0.07311882803121925,1.6610247347823903,0.24089753526951235,-0.0730729833318539,1.6609761099930531,0.24089753526951235,-0.0730729833318539,1.6609761099930531,5.0,0.0,0.0,6.105667094718104,0.10176111824530173
0.6720000000000005,0.246426130017046,-0.07312765822496366,1.6610350925964352,0.24089753526951235,-0.0730729833318539,1.6609761099930531,0.24089753526951235,-0.0730729833318539,1.6609761099930531,5.0,0.0,0.0,6.104739361168251,0.10174565601947086
0.6730000000000005,0.2464345019798585,-0.07313640861738309,1.6610453508728218,0.24089753526951235,-0.0730729833318539,1.6609761099930531,0.24089753526951235,-0.0730729833318539,1.6609761099930531,5.0,0.0,0.0,6.103818729683802,0.10173031216139669
0.6740000000000005,0.24644262835000885,-0.0731450777485685,1.6610555080575873,0.24089753526951235,-0.0730729833318539,1.6609761099930531,0.24089753526951235,-0.0730729833318539,1.6609761099930531,5.0,0.0,0.0,6.102905178186155,0.1017150863031026
0.6750000000000005,0.24645051165216686,-0.07315366420886688,1.6610655626545348,0.24089753526951235,-0.0730729833318539,1.6609761099930531,0.24089753526951235,-0.0730729833318539,1.6609761099930531,5.0,0.0,0.0,6.101998683636924,0.1016999780606154
0.6760000000000005,0.24645815440832472,-0.07316216663825653,1.6610755132244277,0.24089753526951235,-0.0730729833318539,1.6609761099930531,0.24089753526951235,-0.0730729833318539,1.6609761099930531,5.0,0.0,0.0,6.101099222127308,0.10168498703545513
0.6770000000000005,0.24646555913754897,-0.07317058372571583,1.66108535838419,0.24089753526951235,-0.0730729833318539,1.6609761099930531,0.24089753526951235,-0.0730729833318539,1.6609761099930531,5.0,0.0,0.0,6.100206768956784,0.10167011281594639
0.6780000000000005,0.24647272835574124,-0.0731789142085952,1.6610950968061062,0.24089753526951235,-0.0730729833318539,1.6609761099930531,0.24089753526951235,-0.0730729833318539,1.6609761099930531,5.0,0.0,0.0,6.099321298711781,0.10165535497852969
0.6790000000000005,0.24647966457539977,-0.07318715687198576,1.661104727217033,0.24089753526951235,-0.0730729833318539,1.6609761099930531,0.24089753526951235,-0.0730729833318539,1.6609761099930531,5.0,0.0,0.0,6.098442785337376,0.10164071308895627
0.6800000000000005,0.24648637030538584,-0.07319531054808884,1.6611142483976065,0.24089753526951235,-0.0730729833318539,1.6609761099930531,0.24089753526951235,-0.0730729833318539,1.6609761099930531,5.0,0.0,0.0,6.097571202203228,0.10162618670338713
0.6810000000000005,0.24649284805069405,-0.07320337411558556,1.6611236591814604,0.24089753526951235,-0.0730729833318539,1.6609761099930531,0.24089753526951235,-0.0730729833318539,1.6609761099930531,5.0,0.0,0.0,6.096706522166295,0.10161177536943826
0.6820000000000005,0.24649910031222455,-0.07321134649900629,1.6611329584544432,0.24089753526951235,-0.0730729833318539,1.6609761099930531,0.24089753526951235,-0.0730729833318539,1.6609761099930531,5.0,0.0,0.0,6.095848717629206,0.10159747862715343
0.6830000000000005,0.24650512958655982,-0.07321922666810118,1.6611421451538464,0.24089753526951235,-0.0730729833318539,1.6609761099930531,0.24089753526951235,-0.0730729833318539,1.6609761099930531,5.0,0.0,0.0,6.0949977605939765,0.10158329600989961
0.6840000000000005,0.24651093836574345,-0.07322701363721086,1.6611512182676291,0.24089753526951235,-0.0730729833318539,1.6609761099930531,0.24089753526951235,-0.0730729833318539,1.6609761099930531,5.0,0.0,0.0,6.094153622711882,0.10156922704519804
0.6850000000000005,0.2465165291370641,-0.07323470646463909,1.6611601768336555,0.24089753526951235,-0.0730729833318539,1.6609761099930531,0.24089753526951235,-0.0730729833318539,1.6609761099930531,5.0,0.0,0.0,6.093316275331201,0.10155527125552002
0.6860000000000005,0.24652190438283783,-0.0732423042520257,1.6611690199389308,0.24089753526951235,-0.0730729833318539,1.6609761099930531,0.24089753526951235,-0.0730729833318539,1.6609761099930531,5.0,0.0,0.0,6.092485689539979,0.10154142815899965
0.6870000000000005,0.2465270665801999,-0.07324980614372259,1.6611777467188475,0.24089753526951235,-0.0730729833318539,1.6609761099930531,0.24089753526951235,-0.0730729833318539,1.6609761099930531,5.0,0.0,0.0,6.091661836206656,0.10152769727011093
0.6880000000000005,0.24653201820089174,-0.07325721132617034,1.66118635635643,0.24089753526951235,-0.0730729833318539,1.6609761099930531,0.24089753526951235,-0.0730729833318539,1.6609761099930531,5.0,0.0,0.0,6.090844686017163,0.10151407810028605
0.6890000000000005,0.24653676171105732,-0.07326451902727653,1.6611948480815912,0.24089753526951235,-0.0730729833318539,1.6609761099930531,0.24089753526951235,-0.0730729833318539,1.6609761099930531,5.0,0.0,0.0,6.0900342095095885,0.10150057015849315
0.6900000000000005,0.24654129957103765,-0.07327172851579788,1.6612032211703913,0.24089753526951235,-0.0730729833318539,1.6609761099930531,0.24089753526951235,-0.0730729833318539,1.6609761099930531,5.0,0.0,0.0,6.089230377106607,0.10148717295177678
0.6910000000000005,0.2465456342351684,-0.07327883910072332,1.6612114749442968,0.24089753526951235,-0.0730729833318539,1.6609761099930531,0.24089753526951235,-0.0730729833318539,1.6609761099930531,5.0,0.0,0.0,6.0884331591435465,0.10147388598572578
0.6920000000000005,0.2465497681515831,-0.07328585013065989,1.6612196087694575,0.24089753526951235,-0.0730729833318539,1.6609761099930531,0.24089753526951235,-0.0730729833318539,1.6609761099930531,5.0,0.0,0.0,6.087642525896785,0.10146070876494641
0.6930000000000005,0.24655370376201402,-0.07329276099322203,1.6612276220559725,0.24089753526951235,-0.0730729833318539,1.6609761099930531,0.24089753526951235,-0.0730729833318539,1.6609761099930531,5.0,0.0,0.0,6.086858447607334,0.10144764079345556
0.6940000000000005,0.24655744350159853,-0.07329957111442365,1.6612355142571749,0.24089753526951235,-0.0730729833318539,1.6609761099930531,0.24089753526951235,-0.0730729833318539,1.6609761099930531,5.0,0.0,0.0,6.086080894504578,0.1014346815750763
0.6950000000000005,0.24656098979868735,-0.07330627995807121,1.6612432848689143,0.24089753526951235,-0.0730729833318539,1.6609761099930531,0.24089753526951235,-0.0730729833318539,1.6609761099930531,5.0,0.0,0.0,6.0853098368260135,0.10142183061376689
0.6960000000000005,0.24656434507465408,-0.07331288702516403,1.6612509334288479,0.24089753526951235,-0.0730729833318539,1.6609761099930531,0.24089753526951235,-0.0730729833318539,1.6609761099930531,5.0,0.0,0.0,6.084545244836533,0.10140908741394221
0.6970000000000005,0.24656751174370664,-0.07331939185329336,1.661258459515736,0.24089753526951235,-0.0730729833318539,1.6609761099930531,0.24089753526951235,-0.0730729833318539,1.6609761099930531,5.0,0.0,0.0,6.083787088845167,0.10139645148075278
0.6980000000000005,0.24657049221270322,-0.0733257940160487,1.6612658627487435,0.24089753526951235,-0.0730729833318539,1.6609761099930531,0.24089753526951235,-0.0730729833318539,1.6609761099930531,5.0,0.0,0.0,6.083035339220208,0.1013839223203368
0.6990000000000005,0.2465732888809673,-0.07333209312242506,1.6612731427867453,0.24089753526951235,-0.0730729833318539,1.6609761099930531,0.24089753526951235,-0.0730729833318539,1.6609761099930531,5.0,0.0,0.0,6.082289966403483,0.10137149944005805
0.7000000000000005,0.2465759041401073,-0.07333828881623511,1.66128029932764,0.24089753526951235,-0.0730729833318539,1.6609761099930531,0.24089753526951235,-0.0730729833318539,1.6609761099930531,5.0,0.0,0.0,6.08155094092217,0.10135918234870284
0.7010000000000005,0.24657834037383702,-0.07334438077552471,1.6612873321076658,0.24089753526951235,-0.0730729833318539,1.6609761099930531,0.24089753526951235,-0.0730729833318539,1.6609761099930531,5.0,0.0,0.0,6.080818233399372,0.10134697055665619
0.7020000000000005,0.24658059995779802,-0.0733503687119929,1.6612942409007259,0.24089753526951235,-0.0730729833318539,1.6609761099930531,0.24089753526951235,-0.0730729833318539,1.6609761099930531,5.0,0.0,0.0,6.080091814564616,0.10133486357607693
0.7030000000000005,0.2465826852593847,-0.07335625237041432,1.661301025517715,0.24089753526951235,-0.0730729833318539,1.6609761099930531,0.24089753526951235,-0.0730729833318539,1.6609761099930531,5.0,0.0,0.0,6.079371655261232,0.10132286092102054
0.7040000000000005,0.2465845986375717,-0.07336203152806745,1.6613076858058553,0.24089753526951235,-0.0730729833318539,1.6609761099930531,0.24089753526951235,-0.0730729833318539,1.6609761099930531,5.0,0.0,0.0,6.078657726454092,0.10131096210756821
0.7050000000000005,0.2465863424427425,-0.0733677059941654,1.6613142216480379,0.24089753526951235,-0.0730729833318539,1.6609761099930531,0.24089753526951235,-0.0730729833318539,1.6609761099930531,5.0,0.0,0.0,6.077949999235354,0.10129916665392256
0.7060000000000005,0.24658791901651964,-0.0733732756092925,1.6613206329621633,0.24089753526951235,-0.0730729833318539,1.6609761099930531,0.24089753526951235,-0.0730729833318539,1.6609761099930531,5.0,0.0,0.0,6.077248444830016,0.10128747408050028
0.7070000000000005,0.24658933069160002,-0.07337874024484323,1.6613269197004987,0.24089753526951235,-0.0730729833318539,1.6609761099930531,0.24089753526951235,-0.0730729833318539,1.6609761099930531,5.0,0.0,0.0,6.076553034599847,0.10127588390999745
0.7080000000000005,0.24659057979158722,-0.0733840998024664,1.6613330818490317,0.24089753526951235,-0.0730729833318539,1.6609761099930531,0.24089753526951235,-0.0730729833318539,1.6609761099930531,5.0,0.0,0.0,6.07586374004697,0.1012643956674495
0.7090000000000005,0.24659166863083082,-0.07338935421351453,1.661339119426834,0.24089753526951235,-0.0730729833318539,1.6609761099930531,0.24089753526951235,-0.0730729833318539,1.6609761099930531,5.0,0.0,0.0,6.075180532816305,0.10125300888027175
0.7100000000000005,0.24659259951426488,-0.07339450343849588,1.6613450324854295,0.24089753526951235,-0.0730729833318539,1.6609761099930531,0.24089753526951235,-0.0730729833318539,1.6609761099930531,5.0,0.0,0.0,6.074503384697733,0.10124172307829556
0.7110000000000005,0.2465933747372483,-0.07339954746653171,1.6613508211081676,0.24089753526951235,-0.0730729833318539,1.6609761099930531,0.24089753526951235,-0.0730729833318539,1.6609761099930531,5.0,0.0,0.0,6.07383226762704,0.101230537793784
0.7120000000000005,0.2465939965854097,-0.07340448631481816,1.661356485409603,0.24089753526951235,-0.0730729833318539,1.6609761099930531,0.24089753526951235,-0.0730729833318539,1.6609761099930531,5.0,0.0,0.0,6.073167153686686,0.10121945256144477
0.7130000000000005,0.24659446733449164,-0.07340932002809267,1.661362025534884,0.24089753526951235,-0.0730729833318539,1.6609761099930531,0.24089753526951235,-0.0730729833318539,1.6609761099930531,5.0,0.0,0.0,6.0725080151058854,0.10120846691843143
0.7140000000000005,0.24659478925019893,-0.0734140486781045,1.6613674416591386,0.24089753526951235,-0.0730729833318539,1.6609761099930531,0.24089753526951235,-0.0730729833318539,1.6609761099930531,5.0,0.0,0.0,6.071854824259902,0.1011975804043317
0.7150000000000005,0.24659496458804614,-0.07341867236308988,1.6613727339868736,0.24089753526951235,-0.0730729833318539,1.6609761099930531,0.24089753526951235,-0.0730729833318539,1.6609761099930531,5.0,0.0,0.0,6.0712075536696,0.10118679256116
0.7160000000000005,0.24659499559321235,-0.07342319120725241,1.6613779027513773,0.24089753526951235,-0.0730729833318539,1.6609761099930531,0.24089753526951235,-0.0730729833318539,1.6609761099930531,5.0,0.0,0.0,6.070566175999559,0.10117610293332599
0.7170000000000005,0.24659488450039185,-0.07342760536024694,1.6613829482141274,0.24089753526951235,-0.0730729833318539,1.6609761099930531,0.24089753526951235,-0.0730729833318539,1.6609761099930531,5.0,0.0,0.0,6.0699306640572175,0.1011655110676203
0.7180000000000005,0.24659463353365108,-0.07343191499666929,1.6613878706642036,0.24089753526951235,-0.0730729833318539,1.6609761099930531,0.24089753526951235,-0.0730729833318539,1.6609761099930531,5.0,0.0,0.0,6.069300990789641,0.10115501651316068
0.7190000000000005,0.24659424490628729,-0.07343612031554936,1.6613926704177076,0.24089753526951235,-0.0730729833318539,1.6609761099930531,0.24089753526951235,-0.0730729833318539,1.6609761099930531,5.0,0.0,0.0,6.068677129281937,0.10114461882136562
0.7200000000000005,0.24659372082068662,-0.07344022153985018,1.6613973478171864,0.24089753526951235,-0.0730729833318539,1.6609761099930531,0.24089753526951235,-0.0730729833318539,1.6609761099930531,5.0,0.0,0.0,6.068059052754859,0.10113431754591432
0.7210000000000005,0.24659306346818777,-0.07344421891597094,1.6614019032310663,0.24089753526951235,-0.0730729833318539,1.6609761099930531,0.24089753526951235,-0.0730729833318539,1.6609761099930531,5.0,0.0,0.0,6.067446734560937,0.10112411224268228
0.7220000000000005,0.2465922750289452,-0.07344811271325395,1.6614063370530843,0.24089753526951235,-0.0730729833318539,1.6609761099930531,0.24089753526951235,-0.0730729833318539,1.6609761099930531,5.0,0.0,0.0,6.066840148181984,0.10111400246969973
0.7230000000000005,0.24659135767179638,-0.07345190322349798,1.6614106497017342,0.24089753526951235,-0.0730729833318539,1.6609761099930531,0.24089753526951235,-0.0730729833318539,1.6609761099930531,5.0,0.0,0.0,6.066239267226134,0.10110398778710224
0.7240000000000005,0.24659031355412966,-0.07345559076047561,1.6614148416197094,0.24089753526951235,-0.0730729833318539,1.6609761099930531,0.24089753526951235,-0.0730729833318539,1.6609761099930531,5.0,0.0,0.0,6.065644065423391,0.10109406775705651
0.7250000000000005,0.24658914482175492,-0.07345917565945359,1.6614189132733599,0.24089753526951235,-0.0730729833318539,1.6609761099930531,0.24089753526951235,-0.0730729833318539,1.6609761099930531,5.0,0.0,0.0,6.065054516622987,0.10108424194371644
0.7260000000000005,0.24658785360877727,-0.07346265827672092,1.6614228651521488,0.24089753526951235,-0.0730729833318539,1.6609761099930531,0.24089753526951235,-0.0730729833318539,1.6609761099930531,5.0,0.0,0.0,6.0644705947887,0.101074509913145
0.7270000000000005,0.24658644203747057,-0.07346603898911974,1.6614266977681156,0.24089753526951235,-0.0730729833318539,1.6609761099930531,0.24089753526951235,-0.0730729833318539,1.6609761099930531,5.0,0.0,0.0,6.063892273995998,0.10106487123326664
0.7280000000000005,0.24658491221815584,-0.07346931819358063,1.6614304116553444,0.24089753526951235,-0.0730729833318539,1.6609761099930531,0.24089753526951235,-0.0730729833318539,1.6609761099930531,5.0,0.0,0.0,6.06331952842675,0.10105532547377917
0.7290000000000005,0.2465832662490813,-0.07347249630666353,1.6614340073694438,0.24089753526951235,-0.0730729833318539,1.6609761099930531,0.24089753526951235,-0.0730729833318539,1.6609761099930531,5.0,0.0,0.0,6.062752332366698,0.10104587220611164
0.7300000000000005,0.24658150621630226,-0.073475573764103,1.6614374854870209,0.24089753526951235,-0.0730729833318539,1.6609761099930531,0.24089753526951235,-0.0730729833318539,1.6609761099930531,5.0,0.0,0.0,6.062190660200343,0.10103651100333905
0.7310000000000005,0.24657963419356604,-0.07347855102035886,1.6614408466051724,0.24089753526951235,-0.0730729833318539,1.6609761099930531,0.24089753526951235,-0.0730729833318539,1.6609761099930531,5.0,0.0,0.0,6.061634486406952,0.10102724144011586
0.7320000000000005,0.24657765224219833,-0.07348142854816937,1.6614440913409738,0.24089753526951235,-0.0730729833318539,1.6609761099930531,0.24089753526951235,-0.0730729833318539,1.6609761099930531,5.0,0.0,0.0,6.06108378555649,0.10101806309260816
0.7330000000000005,0.24657556241099138,-0.07348420683811205,1.661447220330974,0.24089753526951235,-0.0730729833318539,1.6609761099930531,0.24089753526951235,-0.0730729833318539,1.6609761099930531,5.0,0.0,0.0,6.060538532305481,0.10100897553842468
0.7340000000000005,0.24657336673609337,-0.07348688639816633,1.6614502342307003,0.24089753526951235,-0.0730729833318539,1.6609761099930531,0.24089753526951235,-0.0730729833318539,1.6609761099930531,5.0,0.0,0.0,6.059998701392939,0.10099997835654898
0.7350000000000005,0.2465710672409042,-0.07348946775328316,1.6614531337141696,0.24089753526951235,-0.0730729833318539,1.6609761099930531,0.24089753526951235,-0.0730729833318539,1.6609761099930531,5.0,0.0,0.0,6.059464267635957,0.10099107112726595
0.7360000000000005,0.24656866593596877,-0.07349195144495722,1.6614559194733902,0.24089753526951235,-0.0730729833318539,1.6609761099930531,0.24089753526951235,-0.0730729833318539,1.6609761099930531,5.0,0.0,0.0,6.058935205924644,0.10098225343207741
0.7370000000000005,0.24656616481887317,-0.07349433803080564,1.6614585922178922,0.24089753526951235,-0.0730729833318539,1.6609761099930531,0.24089753526951235,-0.0730729833318539,1.6609761099930531,5.0,0.0,0.0,6.0584114912205775,0.10097352485367629
0.7380000000000005,0.24656356587414668,-0.07349662808414971,1.6614611526742435,0.24089753526951235,-0.0730729833318539,1.6609761099930531,0.24089753526951235,-0.0730729833318539,1.6609761099930531,5.0,0.0,0.0,6.057893098549596,0.1009648849758266
0.7390000000000005,0.24656087107316313,-0.07349882219360221,1.6614636015855822,0.24089753526951235,-0.0730729833318539,1.6609761099930531,0.24089753526951235,-0.0730729833318539,1.6609761099930531,5.0,0.0,0.0,6.057380002999387,0.10095633338332312
0.7400000000000005,0.24655808237404514,-0.07350092096265913,1.6614659397111495,0.24089753526951235,-0.0730729833318539,1.6609761099930531,0.24089753526951235,-0.0730729833318539,1.6609761099930531,5.0,0.0,0.0,6.0568721797153025,0.10094786966192171
0.7410000000000005,0.2465552017215706,-0.07350292500929499,1.6614681678258312,0.24089753526951235,-0.0730729833318539,1.6609761099930531,0.24089753526951235,-0.0730729833318539,1.6609761099930531,5.0,0.0,0.0,6.056369603896236,0.1009394933982706
0.7420000000000005,0.24655223104708168,-0.07350483496556448,1.6614702867197002,0.24089753526951235,-0.0730729833318539,1.6609761099930531,0.24089753526951235,-0.0730729833318539,1.6609761099930531,5.0,0.0,0.0,6.05587225079051,0.10093120417984183
0.7430000000000005,0.24654917226839662,-0.07350665147720703,1.6614722971975677,0.24089753526951235,-0.0730729833318539,1.6609761099930531,0.24089753526951235,-0.0730729833318539,1.6609761099930531,5.0,0.0,0.0,6.0553800956919694,0.10092300159486615
0.7440000000000005,0.24654602728972252,-0.07350837520325648,1.6614742000785399,0.24089753526951235,-0.0730729833318539,1.6609761099930531,0.24089753526951235,-0.0730729833318539,1.6609761099930531,5.0,0.0,0.0,6.0548931139368225,0.10091488523228037
0.7450000000000006,0.2465427980015716,-0.07351000681565562,1.6614759961955756,0.24089753526951235,-0.0730729833318539,1.6609761099930531,0.24089753526951235,-0.0730729833318539,1.6609761099930531,5.0,0.0,0.0,6.0544112808990835,0.10090685468165139
0.7460000000000006,0.24653948628067962,-0.07351154699887436,1.6614776863950556,0.24089753526951235,-0.0730729833318539,1.6609761099930531,0.24089753526951235,-0.0730729833318539,1.6609761099930531,5.0,0.0,0.0,6.053934571986703,0.10089890953311172
0.7470000000000006,0.24653609398992615,-0.07351299644953274,1.6614792715363491,0.24089753526951235,-0.0730729833318539,1.6609761099930531,0.24089753526951235,-0.0730729833318539,1.6609761099930531,5.0,0.0,0.0,6.0534629626411345,0.10089104937735224
0.7480000000000006,0.24653262297825768,-0.07351435587602896,1.6614807524913946,0.24089753526951235,-0.0730729833318539,1.6609761099930531,0.24089753526951235,-0.0730729833318539,1.6609761099930531,5.0,0.0,0.0,6.052996428329095,0.10088327380548492
0.7490000000000006,0.2465290750806124,-0.07351562599817076,1.6614821301442793,0.24089753526951235,-0.0730729833318539,1.6609761099930531,0.24089753526951235,-0.0730729833318539,1.6609761099930531,5.0,0.0,0.0,6.052534944541692,0.10087558240902819
0.7500000000000006,0.24652545211784876,-0.07351680754681192,1.661483405390823,0.24089753526951235,-0.0730729833318539,1.6609761099930531,0.24089753526951235,-0.0730729833318539,1.6609761099930531,5.0,0.0,0.0,6.0520784867909025,0.10086797477984838
0.7510000000000006,0.24652175589667402,-0.07351790126349256,1.6614845791381723,0.24089753526951235,-0.0730729833318539,1.6609761099930531,0.24089753526951235,-0.0730729833318539,1.6609761099930531,5.0,0.0,0.0,6.051627030607225,0.10086045051012042
0.7520000000000006,0.24651798820957704,-0.07351890790008461,1.6614856523043973,0.24089753526951235,-0.0730729833318539,1.6609761099930531,0.24089753526951235,-0.0730729833318539,1.6609761099930531,5.0,0.0,0.0,6.051180551535119,0.10085300919225199
0.7530000000000006,0.24651415083476216,-0.07351982821844068,1.6614866258180896,0.24089753526951235,-0.0730729833318539,1.6609761099930531,0.24089753526951235,-0.0730729833318539,1.6609761099930531,5.0,0.0,0.0,6.050739025130746,0.10084565041884576
0.7540000000000006,0.24651024553608994,-0.0735206629900484,1.6614875006179752,0.24089753526951235,-0.0730729833318539,1.6609761099930531,0.24089753526951235,-0.0730729833318539,1.6609761099930531,5.0,0.0,0.0,6.050302426959123,0.10083837378265205
0.7550000000000006,0.2465062740630082,-0.07352141299568704,1.6614882776525177,0.24089753526951235,-0.0730729833318539,1.6609761099930531,0.24089753526951235,-0.0730729833318539,1.6609761099930531,5.0,0.0,0.0,6.049870732591195,0.10083117887651992
0.7560000000000006,0.24650223815050137,-0.07352207902509084,1.6614889578795409,0.24089753526951235,-0.0730729833318539,1.6609761099930531,0.24089753526951235,-0.0730729833318539,1.6609761099930531,5.0,0.0,0.0,6.049443917600842,0.10082406529334736
0.7570000000000006,0.24649813951903032,-0.07352266187661456,1.6614895422658476,0.24089753526951235,-0.0730729833318539,1.6609761099930531,0.24089753526951235,-0.0730729833318539,1.6609761099930531,5.0,0.0,0.0,6.049021957562841,0.10081703262604735
0.7580000000000006,0.24649397987448005,-0.07352316235690484,1.661490031786848,0.24089753526951235,-0.0730729833318539,1.6609761099930531,0.24089753526951235,-0.0730729833318539,1.6609761099930531,5.0,0.0,0.0,6.048604828050154,0.10081008046750256
0.7590000000000006,0.24648976090810612,-0.07352358128057451,1.6614904274261875,0.24089753526951235,-0.0730729833318539,1.6609761099930531,0.24089753526951235,-0.0730729833318539,1.6609761099930531,5.0,0.0,0.0,6.04819250463129,0.1008032084105215
0.7600000000000006,0.24648548429648778,-0.07352391946988165,1.6614907301753865,0.24089753526951235,-0.0730729833318539,1.6609761099930531,0.24089753526951235,-0.0730729833318539,1.6609761099930531,5.0,0.0,0.0,6.047784962868441,0.10079641604780736
0.7610000000000006,0.246481151701479,-0.07352417775441215,1.6614909410334764,0.24089753526951235,-0.0730729833318539,1.6609761099930531,0.24089753526951235,-0.0730729833318539,1.6609761099930531,5.0,0.0,0.0,6.04738217831484,0.100789702971914
0.7620000000000006,0.24647676477016456,-0.07352435697076838,1.6614910610066516,0.24089753526951235,-0.0730729833318539,1.6609761099930531,0.24089753526951235,-0.0730729833318539,1.6609761099930531,5.0,0.0,0.0,6.0469841265133475,0.10078306877522246
0.7630000000000006,0.24647232513481698,-0.07352445796225884,1.6614910911079133,0.24089753526951235,-0.0730729833318539,1.6609761099930531,0.24089753526951235,-0.0730729833318539,1.6609761099930531,5.0,0.0,0.0,6.04659078299343,0.1007765130498905
0.7640000000000006,0.24646783441285755,-0.07352448157859537,1.6614910323567311,0.24089753526951235,-0.0730729833318539,1.6609761099930531,0.24089753526951235,-0.0730729833318539,1.6609761099930531,5.0,0.0,0.0,6.04620212326965,0.1007700353878275
0.7650000000000006,0.2464632942068169,-0.07352442867559071,1.661490885778698,0.24089753526951235,-0.0730729833318539,1.6609761099930531,0.24089753526951235,-0.0730729833318539,1.6609761099930531,5.0,0.0,0.0,6.045818122842219,0.10076363538070364
0.7660000000000006,0.24645870610429954,-0.07352430011486312,1.661490652405198,0.24089753526951235,-0.0730729833318539,1.6609761099930531,0.24089753526951235,-0.0730729833318539,1.6609761099930531,5.0,0.0,0.0,6.045438757191061,0.10075731261985102
0.7670000000000006,0.2464540716779517,-0.07352409676354466,1.661490333273074,0.24089753526951235,-0.0730729833318539,1.6609761099930531,0.24089753526951235,-0.0730729833318539,1.6609761099930531,5.0,0.0,0.0,6.045064001776536,0.1007510666962756
0.7680000000000006,0.2464493924854279,-0.07352381949399069,1.6614899294243022,0.24089753526951235,-0.0730729833318539,1.6609761099930531,0.24089753526951235,-0.0730729833318539,1.6609761099930531,5.0,0.0,0.0,6.044693832038286,0.1007448972006381
0.7690000000000006,0.24644467006936377,-0.07352346918349709,1.6614894419056705,0.24089753526951235,-0.0730729833318539,1.6609761099930531,0.24089753526951235,-0.0730729833318539,1.6609761099930531,5.0,0.0,0.0,6.044328223393034,0.10073880372321724
0.7700000000000006,0.24643990595734844,-0.07352304671401926,1.6614888717684646,0.24089753526951235,-0.0730729833318539,1.6609761099930531,0.24089753526951235,-0.0730729833318539,1.6609761099930531,5.0,0.0,0.0,6.0439671512335735,0.10073278585389289
0.7710000000000006,0.24643510166190025,-0.07352255297189542,1.6614882200681513,0.24089753526951235,-0.0730729833318539,1.6609761099930531,0.24089753526951235,-0.0730729833318539,1.6609761099930531,5.0,0.0,0.0,6.0436105909276,0.10072684318212667
0.7720000000000006,0.2464302586804425,-0.07352198884757363,1.6614874878640729,0.24089753526951235,-0.0730729833318539,1.6609761099930531,0.24089753526951235,-0.0730729833318539,1.6609761099930531,5.0,0.0,0.0,6.043258517816526,0.1007209752969421
0.7730000000000006,0.2464253784952854,-0.07352135523534295,1.6614866762191458,0.24089753526951235,-0.0730729833318539,1.6609761099930531,0.24089753526951235,-0.0730729833318539,1.6609761099930531,5.0,0.0,0.0,6.042910907214095,0.10071518178690159
0.7740000000000006,0.24642046257360756,-0.07352065303306918,1.661485786199562,0.24089753526951235,-0.0730729833318539,1.6609761099930531,0.24089753526951235,-0.0730729833318539,1.6609761099930531,5.0,0.0,0.0,6.042567734405748,0.10070946224009579
0.7750000000000006,0.24641551236743936,-0.07351988314193306,1.6614848188744913,0.24089753526951235,-0.0730729833318539,1.6609761099930531,0.24089753526951235,-0.0730729833318539,1.6609761099930531,5.0,0.0,0.0,6.0422289746475615,0.10070381624412603
0.7760000000000006,0.24641052931364832,-0.07351904646617322,1.6614837753157947,0.24089753526951235,-0.0730729833318539,1.6609761099930531,0.24089753526951235,-0.0730729833318539,1.6609761099930531,5.0,0.0,0.0,6.041894603166154,0.10069824338610256
0.7770000000000006,0.246405514833928,-0.07351814391283182,1.6614826565977403,0.24089753526951235,-0.0730729833318539,1.6609761099930531,0.24089753526951235,-0.0730729833318539,1.6609761099930531,5.0,0.0,0.0,6.041564595156864,0.1006927432526144
0.7780000000000006,0.24640047033479,-0.07351717639150634,1.66148146379672,0.24089753526951235,-0.0730729833318539,1.6609761099930531,0.24089753526951235,-0.0730729833318539,1.6609761099930531,5.0,0.0,0.0,6.041238925783421,0.10068731542972369
0.7790000000000006,0.24639539720755266,-0.07351614481410193,1.661480197990974,0.24089753526951235,-0.0730729833318539,1.6609761099930531,0.24089753526951235,-0.0730729833318539,1.6609761099930531,5.0,0.0,0.0,6.040917570177998,0.10068195950296663
0.7800000000000006,0.24639029682833935,-0.07351505009459011,1.6614788602603194,0.24089753526951235,-0.0730729833318539,1.6609761099930531,0.24089753526951235,-0.0730729833318539,1.6609761099930531,5.0,0.0,0.0,6.0406005034401264,0.10067667505733544
0.7810000000000006,0.24638517055807208,-0.07351389314876941,1.6614774516858821,0.24089753526951235,-0.0730729833318539,1.6609761099930531,0.24089753526951235,-0.0730729833318539,1.6609761099930531,5.0,0.0,0.0,6.040287700636747,0.10067146167727911
0.7820000000000006,0.24638001974247226,-0.07351267489403157,1.6614759733498339,0.24089753526951235,-0.0730729833318539,1.6609761099930531,0.24089753526951235,-0.0730729833318539,1.6609761099930531,5.0,0.0,0.0,6.03997913680125,0.1006663189466875
0.7830000000000006,0.2463748457120588,-0.07351139624912878,1.6614744263351333,0.24089753526951235,-0.0730729833318539,1.6609761099930531,0.24089753526951235,-0.0730729833318539,1.6609761099930531,5.0,0.0,0.0,6.039674786932991,0.10066124644888319
0.7840000000000006,0.24636964978215342,-0.07351005813394694,1.6614728117252686,0.24089753526951235,-0.0730729833318539,1.6609761099930531,0.24089753526951235,-0.0730729833318539,1.6609761099930531,5.0,0.0,0.0,6.0393746259997325,0.10065624376666221
0.7850000000000006,0.24636443325288251,-0.07350866146928133,1.6614711306040117,0.24089753526951235,-0.0730729833318539,1.6609761099930531,0.24089753526951235,-0.0730729833318539,1.6609761099930531,5.0,0.0,0.0,6.039078628933812,0.1006513104822302
0.7860000000000006,0.24635919740918616,-0.07350720717661599,1.6614693840551649,0.24089753526951235,-0.0730729833318539,1.6609761099930531,0.24089753526951235,-0.0730729833318539,1.6609761099930531,5.0,0.0,0.0,6.038786770633157,0.10064644617721928
0.7870000000000006,0.24635394352082424,-0.07350569617790748,1.6614675731623263,0.24089753526951235,-0.0730729833318539,1.6609761099930531,0.24089753526951235,-0.0730729833318539,1.6609761099930531,5.0,0.0,0.0,6.038499025963437,0.10064165043272394
0.7880000000000006,0.24634867284238882,-0.07350412939536985,1.6614656990086456,0.24089753526951235,-0.0730729833318539,1.6609761099930531,0.24089753526951235,-0.0730729833318539,1.6609761099930531,5.0,0.0,0.0,6.038215369755009,0.10063692282925014
0.7890000000000006,0.24634338661331479,-0.07350250775126707,1.6614637626765931,0.24089753526951235,-0.0730729833318539,1.6609761099930531,0.24089753526951235,-0.0730729833318539,1.6609761099930531,5.0,0.0,0.0,6.03793577680565,0.10063226294676084
0.7900000000000006,0.2463380860578948,-0.07350083216770435,1.661461765247727,0.24089753526951235,-0.0730729833318539,1.6609761099930531,0.24089753526951235,-0.0730729833318539,1.6609761099930531,5.0,0.0,0.0,6.0376602218791025,0.10062767036465171
0.7910000000000006,0.24633277238529655,-0.07349910356642728,1.6614597078024738,0.24089753526951235,-0.0730729833318539,1.6609761099930531,0.24089753526951235,-0.0730729833318539,1.6609761099930531,5.0,0.0,0.0,6.03738867970607,0.10062314466176783
0.7920000000000006,0.24632744678957796,-0.0734973228686206,1.6614575914198966,0.24089753526951235,-0.0730729833318539,1.6609761099930531,0.24089753526951235,-0.0730729833318539,1.6609761099930531,5.0,0.0,0.0,6.037121124984055,0.10061868541640091
0.7930000000000006,0.24632211044970892,-0.07349549099471268,1.6614554171774838,0.24089753526951235,-0.0730729833318539,1.6609761099930531,0.24089753526951235,-0.0730729833318539,1.6609761099930531,5.0,0.0,0.0,6.036857532378336,0.1006142922063056
0.7940000000000006,0.24631676452959242,-0.07349360886418425,1.6614531861509345,0.24089753526951235,-0.0730729833318539,1.6609761099930531,0.24089753526951235,-0.0730729833318539,1.6609761099930531,5.0,0.0,0.0,6.036597876521616,0.10060996460869359
0.7950000000000006,0.24631141017808808,-0.07349167739537657,1.6614508994139467,0.24089753526951235,-0.0730729833318539,1.6609761099930531,0.24089753526951235,-0.0730729833318539,1.6609761099930531,5.0,0.0,0.0,6.0363421320150135,0.10060570220025022
0.7960000000000006,0.2463060485290362,-0.07348969750530765,1.661448558038012,0.24089753526951235,-0.0730729833318539,1.6609761099930531,0.24089753526951235,-0.0730729833318539,1.6609761099930531,5.0,0.0,0.0,6.036090273428382,0.1006015045571397
0.7970000000000006,0.24630068070128677,-0.07348767010948859,1.6614461630922122,0.24089753526951235,-0.0730729833318539,1.6609761099930531,0.24089753526951235,-0.0730729833318539,1.6609761099930531,5.0,0.0,0.0,6.035842275300721,0.10059737125501202
0.7980000000000006,0.24629530779872585,-0.07348559612174452,1.6614437156430228,0.24089753526951235,-0.0730729833318539,1.6609761099930531,0.24089753526951235,-0.0730729833318539,1.6609761099930531,5.0,0.0,0.0,6.035598112141248,0.1005933018690208
0.7990000000000006,0.24628993091030735,-0.07348347645403822,1.661441216754117,0.24089753526951235,-0.0730729833318539,1.6609761099930531,0.24089753526951235,-0.0730729833318539,1.6609761099930531,5.0,0.0,0.0,6.035357758428489,0.10058929597380815
0.8000000000000006,0.24628455111008413,-0.07348131201629853,1.6614386674861745,0.24089753526951235,-0.0730729833318539,1.6609761099930531,0.24089753526951235,-0.0730729833318539,1.6609761099930531,5.0,0.0,0.0,6.035121188614935,0.10058535314358226
0.8010000000000006,0.2462791694572432,-0.07347910371624918,1.661436068896695,0.24089753526951235,-0.0730729833318539,1.6609761099930531,0.24089753526951235,-0.0730729833318539,1.6609761099930531,5.0,0.0,0.0,6.0348883771224795,0.10058147295204133
0.8020000000000006,0.24627378699613958,-0.07347685245924374,1.6614334220398153,0.24089753526951235,-0.0730729833318539,1.6609761099930531,0.24089753526951235,-0.0730729833318539,1.6609761099930531,5.0,0.0,0.0,6.034659298346549,0.10057765497244248
0.8030000000000006,0.24626840475633383,-0.07347455914810136,1.661430727966128,0.24089753526951235,-0.0730729833318539,1.6609761099930531,0.24089753526951235,-0.0730729833318539,1.6609761099930531,5.0,0.0,0.0,6.034433926655677,0.10057389877759461
0.8040000000000006,0.24626302375263107,-0.0734722246829488,1.661427987722507,0.24089753526951235,-0.0730729833318539,1.6609761099930531,0.24089753526951235,-0.0730729833318539,1.6609761099930531,5.0,0.0,0.0,6.034212236393419,0.10057020393989032
0.8050000000000006,0.24625764498512082,-0.07346984996106128,1.661425202351935,0.24089753526951235,-0.0730729833318539,1.6609761099930531,0.24089753526951235,-0.0730729833318539,1.6609761099930531,5.0,0.0,0.0,6.03399420187832,0.10056657003130534
0.8060000000000006,0.24625226943921907,-0.07346743587670945,1.6614223728933335,0.24089753526951235,-0.0730729833318539,1.6609761099930531,0.24089753526951235,-0.0730729833318539,1.6609761099930531,5.0,0.0,0.0,6.033779797404961,0.10056299662341601
0.8070000000000006,0.246246898085711,-0.07346498332101013,1.6614195003813985,0.24089753526951235,-0.0730729833318539,1.6609761099930531,0.24089753526951235,-0.0730729833318539,1.6609761099930531,5.0,0.0,0.0,6.033568997245404,0.10055948328742341
0.8080000000000006,0.24624153188079628,-0.07346249318177661,1.661416585846438,0.24089753526951235,-0.0730729833318539,1.6609761099930531,0.24089753526951235,-0.0730729833318539,1.6609761099930531,5.0,0.0,0.0,6.033361775649388,0.10055602959415647
0.8090000000000006,0.24623617176613646,-0.07345996634337622,1.6614136303142173,0.24089753526951235,-0.0730729833318539,1.6609761099930531,0.24089753526951235,-0.0730729833318539,1.6609761099930531,5.0,0.0,0.0,6.033158106845935,0.10055263511409891
0.8100000000000006,0.24623081866890112,-0.07345740368658728,1.6614106348057993,0.24089753526951235,-0.0730729833318539,1.6609761099930531,0.24089753526951235,-0.0730729833318539,1.6609761099930531,5.0,0.0,0.0,6.03295796504419,0.10054929941740316
0.8110000000000006,0.24622547350181825,-0.07345480608846162,1.6614076003373959,0.24089753526951235,-0.0730729833318539,1.6609761099930531,0.24089753526951235,-0.0730729833318539,1.6609761099930531,5.0,0.0,0.0,6.032761324434562,0.10054602207390936
0.8120000000000006,0.2462201371632249,-0.07345217442218828,1.6614045279202199,0.24089753526951235,-0.0730729833318539,1.6609761099930531,0.24089753526951235,-0.0730729833318539,1.6609761099930531,5.0,0.0,0.0,6.0325681591901015,0.10054280265316835
0.8130000000000006,0.24621481053711877,-0.0734495095569618,1.6614014185603423,0.24089753526951235,-0.0730729833318539,1.6609761099930531,0.24089753526951235,-0.0730729833318539,1.6609761099930531,5.0,0.0,0.0,6.032378443466944,0.10053964072444906
0.8140000000000006,0.2462094944932129,-0.07344681235785157,1.6613982732585477,0.24089753526951235,-0.0730729833318539,1.6609761099930531,0.24089753526951235,-0.0730729833318539,1.6609761099930531,5.0,0.0,0.0,6.0321921514057415,0.10053653585676235
0.8150000000000006,0.2462041898869901,-0.07344408368567659,1.6613950930101997,0.24089753526951235,-0.0730729833318539,1.6609761099930531,0.24089753526951235,-0.0730729833318539,1.6609761099930531,5.0,0.0,0.0,6.032009257133511,0.10053348761889186
0.8160000000000006,0.24619889755975916,-0.07344132439687986,1.6613918788051072,0.24089753526951235,-0.0730729833318539,1.6609761099930531,0.24089753526951235,-0.0730729833318539,1.6609761099930531,5.0,0.0,0.0,6.0318297347639245,0.10053049557939873
0.8170000000000006,0.24619361833871273,-0.07343853534340888,1.6613886316273894,0.24089753526951235,-0.0730729833318539,1.6609761099930531,0.24089753526951235,-0.0730729833318539,1.6609761099930531,5.0,0.0,0.0,6.0316535583988955,0.10052755930664826
0.8180000000000006,0.24618835303698672,-0.07343571737259653,1.6613853524553523,0.24089753526951235,-0.0730729833318539,1.6609761099930531,0.24089753526951235,-0.0730729833318539,1.6609761099930531,5.0,0.0,0.0,6.031480702129166,0.10052467836881943
0.8190000000000006,0.24618310245371966,-0.07343287132704641,1.6613820422613625,0.24089753526951235,-0.0730729833318539,1.6609761099930531,0.24089753526951235,-0.0730729833318539,1.6609761099930531,5.0,0.0,0.0,6.031311140038659,0.10052185233397766
0.8200000000000006,0.24617786737411546,-0.07342999804451973,1.6613787020117239,0.24089753526951235,-0.0730729833318539,1.6609761099930531,0.24089753526951235,-0.0730729833318539,1.6609761099930531,5.0,0.0,0.0,6.031144846200998,0.10051908077001664
0.8210000000000006,0.24617264856950466,-0.07342709835782607,1.661375332666564,0.24089753526951235,-0.0730729833318539,1.6609761099930531,0.24089753526951235,-0.0730729833318539,1.6609761099930531,5.0,0.0,0.0,6.030981794683948,0.10051636324473247
0.8220000000000006,0.24616744679741084,-0.07342417309471543,1.6613719351797136,0.24089753526951235,-0.0730729833318539,1.6609761099930531,0.24089753526951235,-0.0730729833318539,1.6609761099930531,5.0,0.0,0.0,6.030821959549544,0.10051369932582574
0.8230000000000006,0.24616226280161296,-0.07342122307777516,1.6613685104986002,0.24089753526951235,-0.0730729833318539,1.6609761099930531,0.24089753526951235,-0.0730729833318539,1.6609761099930531,5.0,0.0,0.0,6.030665314856719,0.10051108858094532
0.8240000000000006,0.2461570973122147,-0.0734182491243271,1.6613650595641347,0.24089753526951235,-0.0730729833318539,1.6609761099930531,0.24089753526951235,-0.0730729833318539,1.6609761099930531,5.0,0.0,0.0,6.030511834660957,0.10050853057768262
0.8250000000000006,0.24615195104570986,-0.07341525204632952,1.6613615833106083,0.24089753526951235,-0.0730729833318539,1.6609761099930531,0.24089753526951235,-0.0730729833318539,1.6609761099930531,5.0,0.0,0.0,6.030361493017342,0.10050602488362236
0.8260000000000006,0.2461468247050519,-0.07341223265027966,1.6613580826655883,0.24089753526951235,-0.0730729833318539,1.6609761099930531,0.24089753526951235,-0.0730729833318539,1.6609761099930531,5.0,0.0,0.0,6.030214263980621,0.1005035710663437
0.8270000000000006,0.24614171897972378,-0.07340919173712124,1.661354558549818,0.24089753526951235,-0.0730729833318539,1.6609761099930531,0.24089753526951235,-0.0730729833318539,1.6609761099930531,5.0,0.0,0.0,6.0300701216073005,0.100501168693455
0.8280000000000006,0.24613663454581083,-0.0734061301021525,1.6613510118771233,0.24089753526951235,-0.0730729833318539,1.6609761099930531,0.24089753526951235,-0.0730729833318539,1.6609761099930531,5.0,0.0,0.0,6.0299290399569205,0.10049881733261534
0.8290000000000006,0.24613157206606784,-0.0734030485349377,1.6613474435543132,0.24089753526951235,-0.0730729833318539,1.6609761099930531,0.24089753526951235,-0.0730729833318539,1.6609761099930531,5.0,0.0,0.0,6.029790993093547,0.10049651655155913
0.8300000000000006,0.24612653218999864,-0.07339994781922218,1.6613438544810946,0.24089753526951235,-0.0730729833318539,1.6609761099930531,0.24089753526951235,-0.0730729833318539,1.6609761099930531,5.0,0.0,0.0,6.029655955087125,0.10049426591811875
0.8310000000000006,0.24612151555392417,-0.07339682873284614,1.6613402455499788,0.24089753526951235,-0.0730729833318539,1.6609761099930531,0.24089753526951235,-0.0730729833318539,1.6609761099930531,5.0,0.0,0.0,6.029523900015143,0.10049206500025237
0.8320000000000006,0.2461165227810619,-0.07339369204766655,1.6613366176462012,0.24089753526951235,-0.0730729833318539,1.6609761099930531,0.24089753526951235,-0.0730729833318539,1.6609761099930531,5.0,0.0,0.0,6.029394801963545,0.10048991336605909
0.8330000000000006,0.2461115544816,-0.0733905385294774,1.6613329716476324,0.24089753526951235,-0.0730729833318539,1.6609761099930531,0.24089753526951235,-0.0730729833318539,1.6609761099930531,5.0,0.0,0.0,6.029268635028502,0.10048781058380836
0.8340000000000006,0.2461066112527754,-0.07338736893793335,1.661329308424708,0.24089753526951235,-0.0730729833318539,1.6609761099930531,0.24089753526951235,-0.0730729833318539,1.6609761099930531,5.0,0.0,0.0,6.029145373318865,0.1004857562219811
0.8350000000000006,0.24610169367895146,-0.07338418402647606,1.6613256288403435,0.24089753526951235,-0.0730729833318539,1.6609761099930531,0.24089753526951235,-0.0730729833318539,1.6609761099930531,5.0,0.0,0.0,6.02902499095561,0.10048374984926016
0.8360000000000006,0.24609680233169573,-0.07338098454226367,1.6613219337498606,0.24089753526951235,-0.0730729833318539,1.6609761099930531,0.24089753526951235,-0.0730729833318539,1.6609761099930531,5.0,0.0,0.0,6.028907462075283,0.10048179103458806
0.8370000000000006,0.24609193776986227,-0.07337777122610072,1.66131822400092,0.24089753526951235,-0.0730729833318539,1.6609761099930531,0.24089753526951235,-0.0730729833318539,1.6609761099930531,5.0,0.0,0.0,6.028792760830626,0.1004798793471771
0.8380000000000006,0.24608710053967037,-0.07337454481237292,1.6613145004334495,0.24089753526951235,-0.0730729833318539,1.6609761099930531,0.24089753526951235,-0.0730729833318539,1.6609761099930531,5.0,0.0,0.0,6.028680861392182,0.10047801435653637
0.8390000000000006,0.24608229117478825,-0.07337130602898145,1.66131076387958,0.24089753526951235,-0.0730729833318539,1.6609761099930531,0.24089753526951235,-0.0730729833318539,1.6609761099930531,5.0,0.0,0.0,6.0285717379499255,0.10047619563249875
0.8400000000000006,0.2460775101964129,-0.07336805559728206,1.6613070151635791,0.24089753526951235,-0.0730729833318539,1.6609761099930531,0.24089753526951235,-0.0730729833318539,1.6609761099930531,5.0,0.0,0.0,6.028465364714402,0.10047442274524004
0.8410000000000006,0.24607275811335566,-0.07336479423202547,1.6613032551017906,0.24089753526951235,-0.0730729833318539,1.6609761099930531,0.24089753526951235,-0.0730729833318539,1.6609761099930531,5.0,0.0,0.0,6.028361715918703,0.10047269526531172
0.8420000000000006,0.24606803542212585,-0.07336152264129897,1.661299484502578,0.24089753526951235,-0.0730729833318539,1.6609761099930531,0.24089753526951235,-0.0730729833318539,1.6609761099930531,5.0,0.0,0.0,6.028260765820198,0.10047101276366996
0.8430000000000006,0.24606334260701473,-0.07335824152647213,1.6612957041662675,0.24089753526951235,-0.0730729833318539,1.6609761099930531,0.24089753526951235,-0.0730729833318539,1.6609761099930531,5.0,0.0,0.0,6.028162488701634,0.10046937481169389
0.8440000000000006,0.24605868014018206,-0.0733549515821441,1.661291914885092,0.24089753526951235,-0.0730729833318539,1.6609761099930531,0.24089753526951235,-0.0730729833318539,1.6609761099930531,5.0,0.0,0.0,6.02806685887227,0.1004677809812045
0.8450000000000006,0.24605404848174228,-0.07335165349609077,1.661288117443144,0.24089753526951235,-0.0730729833318539,1.6609761099930531,0.24089753526951235,-0.0730729833318539,1.6609761099930531,5.0,0.0,0.0,6.027973850670822,0.1004662308445137
0.8460000000000006,0.24604944807985268,-0.07334834794921939,1.6612843126163255,0.24089753526951235,-0.0730729833318539,1.6609761099930531,0.24089753526951235,-0.0730729833318539,1.6609761099930531,5.0,0.0,0.0,6.027883438465565,0.10046472397442609
0.8470000000000006,0.24604487937079883,-0.0733450356155189,1.6612805011722995,0.24089753526951235,-0.0730729833318539,1.6609761099930531,0.24089753526951235,-0.0730729833318539,1.6609761099930531,5.0,0.0,0.0,6.027795596656877,0.10046325994428128
0.8480000000000006,0.24604034277908537,-0.07334171716201751,1.6612766838704507,0.24089753526951235,-0.0730729833318539,1.6609761099930531,0.24089753526951235,-0.0730729833318539,1.6609761099930531,5.0,0.0,0.0,6.027710299678267,0.10046183832797112
0.8490000000000006,0.24603583871752394,-0.07333839324874,1.6612728614618393,0.24089753526951235,-0.0730729833318539,1.6609761099930531,0.24089753526951235,-0.0730729833318539,1.6609761099930531,5.0,0.0,0.0,6.0276275219978945,0.10046045869996491
0.8500000000000006,0.24603136758732402,-0.07333506452866616,1.6612690346891643,0.24089753526951235,-0.0730729833318539,1.6609761099930531,0.24089753526951235,-0.0730729833318539,1.6609761099930531,5.0,0.0,0.0,6.027547238120449,0.10045912063534082
0.8510000000000006,0.24602692977818297,-0.0733317316476949,1.6612652042867266,0.24089753526951235,-0.0730729833318539,1.6609761099930531,0.24089753526951235,-0.0730729833318539,1.6609761099930531,5.0,0.0,0.0,6.02746942258887,0.1004578237098145
0.8520000000000006,0.24602252566837624,-0.07332839524460569,1.6612613709803934,0.24089753526951235,-0.0730729833318539,1.6609761099930531,0.24089753526951235,-0.0730729833318539,1.6609761099930531,5.0,0.0,0.0,6.027394049985061,0.10045656749975101
0.8530000000000006,0.24601815562485002,-0.07332505595102592,1.6612575354875665,0.24089753526951235,-0.0730729833318539,1.6609761099930531,0.24089753526951235,-0.0730729833318539,1.6609761099930531,5.0,0.0,0.0,6.027321094932368,0.10045535158220614
0.8540000000000006,0.24601382000331382,-0.07332171439139794,1.6612536985171524,0.24089753526951235,-0.0730729833318539,1.6609761099930531,0.24089753526951235,-0.0730729833318539,1.6609761099930531,5.0,0.0,0.0,6.027250532096774,0.10045417553494623
0.8550000000000006,0.24600951914833147,-0.07331837118294869,1.6612498607695314,0.24089753526951235,-0.0730729833318539,1.6609761099930531,0.24089753526951235,-0.0730729833318539,1.6609761099930531,5.0,0.0,0.0,6.027182336188227,0.10045303893647045
0.8560000000000006,0.24600525339341628,-0.07331502693566148,1.661246022936537,0.24089753526951235,-0.0730729833318539,1.6609761099930531,0.24089753526951235,-0.0730729833318539,1.6609761099930531,5.0,0.0,0.0,6.027116481962576,0.10045194136604293
0.8570000000000007,0.2460010230611248,-0.07331168225224977,1.661242185701427,0.24089753526951235,-0.0730729833318539,1.6609761099930531,0.24089753526951235,-0.0730729833318539,1.6609761099930531,5.0,0.0,0.0,6.027052944222791,0.10045088240371318
0.8580000000000007,0.24599682846314874,-0.07330833772813129,1.6612383497388628,0.24089753526951235,-0.0730729833318539,1.6609761099930531,0.24089753526951235,-0.0730729833318539,1.6609761099930531,5.0,0.0,0.0,6.026991697821106,0.10044986163035177
0.8590000000000007,0.24599266990041213,-0.07330499395140713,1.6612345157148938,0.24089753526951235,-0.0730729833318539,1.6609761099930531,0.24089753526951235,-0.0730729833318539,1.6609761099930531,5.0,0.0,0.0,6.026932717659916,0.10044887862766526
0.8600000000000007,0.24598854766316675,-0.0733016515028387,1.661230684286933,0.24089753526951235,-0.0730729833318539,1.6609761099930531,0.24089753526951235,-0.0730729833318539,1.6609761099930531,5.0,0.0,0.0,6.0268759786930595,0.10044793297821766
0.8610000000000007,0.24598446203108543,-0.07329831095583002,1.6612268561037475,0.24089753526951235,-0.0730729833318539,1.6609761099930531,0.24089753526951235,-0.0730729833318539,1.6609761099930531,5.0,0.0,0.0,6.0268214559288635,0.10044702426548106
0.8620000000000007,0.24598041327335993,-0.07329497287640975,1.6612230318054408,0.24089753526951235,-0.0730729833318539,1.6609761099930531,0.24089753526951235,-0.0730729833318539,1.6609761099930531,5.0,0.0,0.0,6.026769124429984,0.10044615207383308
0.8630000000000007,0.245976401648797,-0.0732916378232155,1.6612192120234444,0.24089753526951235,-0.0730729833318539,1.6609761099930531,0.24089753526951235,-0.0730729833318539,1.6609761099930531,5.0,0.0,0.0,6.026718959315792,0.10044531598859653
0.8640000000000007,0.24597242740591538,-0.07328830634747976,1.6612153973805044,0.24089753526951235,-0.0730729833318539,1.6609761099930531,0.24089753526951235,-0.0730729833318539,1.6609761099930531,5.0,0.0,0.0,6.026670935763663,0.10044451559606106
0.8650000000000007,0.24596849078304223,-0.07328497899301781,1.6612115884906749,0.24089753526951235,-0.0730729833318539,1.6609761099930531,0.24089753526951235,-0.0730729833318539,1.6609761099930531,5.0,0.0,0.0,6.026625029010675,0.10044375048351124
0.8660000000000007,0.2459645920084116,-0.07328165629621716,1.661207785959315,0.24089753526951235,-0.0730729833318539,1.6609761099930531,0.24089753526951235,-0.0730729833318539,1.6609761099930531,5.0,0.0,0.0,6.026581214355251,0.10044302023925418
0.8670000000000007,0.24596073130026136,-0.07327833878602823,1.661203990383079,0.24089753526951235,-0.0730729833318539,1.6609761099930531,0.24089753526951235,-0.0730729833318539,1.6609761099930531,5.0,0.0,0.0,6.026539467157908,0.10044232445263179
0.8680000000000007,0.24595690886693222,-0.07327502698395767,1.6612002023499182,0.24089753526951235,-0.0730729833318539,1.6609761099930531,0.24089753526951235,-0.0730729833318539,1.6609761099930531,5.0,0.0,0.0,6.026499762843943,0.10044166271406571
0.8690000000000007,0.2459531249069659,-0.07327172140406266,1.6611964224390798,0.24089753526951235,-0.0730729833318539,1.6609761099930531,0.24089753526951235,-0.0730729833318539,1.6609761099930531,5.0,0.0,0.0,6.0264620769039725,0.1004410346150662
0.8700000000000007,0.24594937960920377,-0.07326842255294602,1.6611926512211053,0.24089753526951235,-0.0730729833318539,1.6609761099930531,0.24089753526951235,-0.0730729833318539,1.6609761099930531,5.0,0.0,0.0,6.026426384895814,0.10044043974826357
0.8710000000000007,0.2459456731528849,-0.07326513092975387,1.6611888892578377,0.24089753526951235,-0.0730729833318539,1.6609761099930531,0.24089753526951235,-0.0730729833318539,1.6609761099930531,5.0,0.0,0.0,6.0263926624460025,0.10043987770743337
0.8720000000000007,0.2459420057077471,-0.0732618470261761,1.6611851371024207,0.24089753526951235,-0.0730729833318539,1.6609761099930531,0.24089753526951235,-0.0730729833318539,1.6609761099930531,5.0,0.0,0.0,6.0263608852508685,0.10043934808751448
0.8730000000000007,0.24593837743412555,-0.07325857132644427,1.66118139529931,0.24089753526951235,-0.0730729833318539,1.6609761099930531,0.24089753526951235,-0.0730729833318539,1.6609761099930531,5.0,0.0,0.0,6.026331029078845,0.10043885048464742
0.8740000000000007,0.24593478848305203,-0.07325530430733632,1.6611776643842793,0.24089753526951235,-0.0730729833318539,1.6609761099930531,0.24089753526951235,-0.0730729833318539,1.6609761099930531,5.0,0.0,0.0,6.0263030697713935,0.10043838449618989
0.8750000000000007,0.24593123899635458,-0.07325204643817801,1.6611739448844272,0.24089753526951235,-0.0730729833318539,1.6609761099930531,0.24089753526951235,-0.0730729833318539,1.6609761099930531,5.0,0.0,0.0,6.026276983244007,0.10043794972073346
0.8760000000000007,0.2459277291067583,-0.0732487981808487,1.661170237318193,0.24089753526951235,-0.0730729833318539,1.6609761099930531,0.24089753526951235,-0.0730729833318539,1.6609761099930531,5.0,0.0,0.0,6.026252745488756,0.10043754575814592
0.8770000000000007,0.24592425893798553,-0.073245559989788,1.6611665421953654,0.24089753526951235,-0.0730729833318539,1.6609761099930531,0.24089753526951235,-0.0730729833318539,1.6609761099930531,5.0,0.0,0.0,6.026230332574663,0.10043717220957772
0.8780000000000007,0.24592082860485498,-0.07324233231200293,1.6611628600170985,0.24089753526951235,-0.0730729833318539,1.6609761099930531,0.24089753526951235,-0.0730729833318539,1.6609761099930531,5.0,0.0,0.0,6.026209720649979,0.10043682867749966
0.8790000000000007,0.24591743821338344,-0.0732391155870768,1.6611591912759278,0.24089753526951235,-0.0730729833318539,1.6609761099930531,0.24089753526951235,-0.0730729833318539,1.6609761099930531,5.0,0.0,0.0,6.026190885943111,0.10043651476571851
0.8800000000000007,0.2459140878608863,-0.07323591024718101,1.6611555364557875,0.24089753526951235,-0.0730729833318539,1.6609761099930531,0.24089753526951235,-0.0730729833318539,1.6609761099930531,5.0,0.0,0.0,6.0261738047641344,0.10043623007940224
0.8810000000000007,0.24591077763607558,-0.07323271671708535,1.661151896032026,0.24089753526951235,-0.0730729833318539,1.6609761099930531,0.24089753526951235,-0.0730729833318539,1.6609761099930531,5.0,0.0,0.0,6.026158453506228,0.1004359742251038
0.8820000000000007,0.24590750761916524,-0.07322953541417226,1.6611482704714307,0.24089753526951235,-0.0730729833318539,1.6609761099930531,0.24089753526951235,-0.0730729833318539,1.6609761099930531,5.0,0.0,0.0,6.026144808647288,0.10043574681078814
0.8830000000000007,0.2459042778819674,-0.07322636674845046,1.6611446602322462,0.24089753526951235,-0.0730729833318539,1.6609761099930531,0.24089753526951235,-0.0730729833318539,1.6609761099930531,5.0,0.0,0.0,6.026132846751228,0.1004355474458538
0.8840000000000007,0.2459010884879962,-0.07322321112257146,1.6611410657641996,0.24089753526951235,-0.0730729833318539,1.6609761099930531,0.24089753526951235,-0.0730729833318539,1.6609761099930531,5.0,0.0,0.0,6.026122544468755,0.10043537574114593
0.8850000000000007,0.24589793949256655,-0.07322006893184554,1.661137487508522,0.24089753526951235,-0.0730729833318539,1.6609761099930531,0.24089753526951235,-0.0730729833318539,1.6609761099930531,5.0,0.0,0.0,6.026113878539739,0.10043523130899565
0.8860000000000007,0.24589483094289705,-0.07321694056426124,1.661133925897978,0.24089753526951235,-0.0730729833318539,1.6609761099930531,0.24089753526951235,-0.0730729833318539,1.6609761099930531,5.0,0.0,0.0,6.026106825793816,0.10043511376323026
0.8870000000000007,0.2458917628782085,-0.07321382640050292,1.6611303813568874,0.24089753526951235,-0.0730729833318539,1.6609761099930531,0.24089753526951235,-0.0730729833318539,1.6609761099930531,5.0,0.0,0.0,6.026101363152099,0.10043502271920166
0.8880000000000007,0.2458887353298266,-0.07321072681397368,1.6611268543011584,0.24089753526951235,-0.0730729833318539,1.6609761099930531,0.24089753526951235,-0.0730729833318539,1.6609761099930531,5.0,0.0,0.0,6.02609746762847,0.10043495779380783
0.8890000000000007,0.24588574832128124,-0.07320764217081473,1.6611233451383132,0.24089753526951235,-0.0730729833318539,1.6609761099930531,0.24089753526951235,-0.0730729833318539,1.6609761099930531,5.0,0.0,0.0,6.026095116330556,0.10043491860550927
0.8900000000000007,0.2458828018684093,-0.07320457282992937,1.6611198542675232,0.24089753526951235,-0.0730729833318539,1.6609761099930531,0.24089753526951235,-0.0730729833318539,1.6609761099930531,5.0,0.0,0.0,6.026094286461801,0.10043490477436334
0.8910000000000007,0.24587989597945253,-0.07320151914300786,1.6611163820796353,0.24089753526951235,-0.0730729833318539,1.6609761099930531,0.24089753526951235,-0.0730729833318539,1.6609761099930531,5.0,0.0,0.0,6.026094955321923,0.10043491592203206
0.8920000000000007,0.24587703065516034,-0.07319848145455067,1.6611129289572102,0.24089753526951235,-0.0730729833318539,1.6609761099930531,0.24089753526951235,-0.0730729833318539,1.6609761099930531,5.0,0.0,0.0,6.026097100308977,0.10043495167181629
0.8930000000000007,0.24587420588889006,-0.0731954601018952,1.6611094952745538,0.24089753526951235,-0.0730729833318539,1.6609761099930531,0.24089753526951235,-0.0730729833318539,1.6609761099930531,5.0,0.0,0.0,6.026100698919765,0.10043501164866275
0.8940000000000007,0.24587142166670595,-0.07319245541524497,1.6611060813977518,0.24089753526951235,-0.0730729833318539,1.6609761099930531,0.24089753526951235,-0.0730729833318539,1.6609761099930531,5.0,0.0,0.0,6.026105728752123,0.10043509547920206
0.8950000000000007,0.2458686779674812,-0.07318946771769473,1.661102687684711,0.24089753526951235,-0.0730729833318539,1.6609761099930531,0.24089753526951235,-0.0730729833318539,1.6609761099930531,5.0,0.0,0.0,6.026112167505378,0.1004352027917563
0.8960000000000007,0.24586597476299699,-0.07318649732526206,1.6610993144851904,0.24089753526951235,-0.0730729833318539,1.6609761099930531,0.24089753526951235,-0.0730729833318539,1.6609761099930531,5.0,0.0,0.0,6.02611999298168,0.10043533321636135
0.8970000000000007,0.24586331201804318,-0.0731835445469167,1.6610959621408459,0.24089753526951235,-0.0730729833318539,1.6609761099930531,0.24089753526951235,-0.0730729833318539,1.6609761099930531,5.0,0.0,0.0,6.026129183087955,0.10043548638479924
0.8980000000000007,0.24586068969051816,-0.07318060968461161,1.6610926309852658,0.24089753526951235,-0.0730729833318539,1.6609761099930531,0.24089753526951235,-0.0730729833318539,1.6609761099930531,5.0,0.0,0.0,6.026139715836173,0.10043566193060288
0.8990000000000007,0.2458581077315276,-0.073177693033316,1.6610893213440145,0.24089753526951235,-0.0730729833318539,1.6609761099930531,0.24089753526951235,-0.0730729833318539,1.6609761099930531,5.0,0.0,0.0,6.026151569345254,0.10043585948908756
0.9000000000000007,0.24585556608548495,-0.0731747948810472,1.6610860335346729,0.24089753526951235,-0.0730729833318539,1.6609761099930531,0.24089753526951235,-0.0730729833318539,1.6609761099930531,5.0,0.0,0.0,6.0261647218415195,0.10043607869735866
0.9010000000000007,0.24585306469021137,-0.07317191550890663,1.6610827678668805,0.24089753526951235,-0.0730729833318539,1.6609761099930531,0.24089753526951235,-0.0730729833318539,1.6609761099930531,5.0,0.0,0.0,6.026179151660889,0.10043631919434816
0.9020000000000007,0.245850603477033,-0.07316905519111266,1.661079524642381,0.24089753526951235,-0.0730729833318539,1.6609761099930531,0.24089753526951235,-0.0730729833318539,1.6609761099930531,5.0,0.0,0.0,6.026194837249254,0.1004365806208209
0.9030000000000007,0.24584818237088207,-0.0731662141950382,1.661076304155068,0.24089753526951235,-0.0730729833318539,1.6609761099930531,0.24089753526951235,-0.0730729833318539,1.6609761099930531,5.0,0.0,0.0,6.026211757163835,0.10043686261939724
0.9040000000000007,0.24584580129039227,-0.07316339278124503,1.661073106691024,0.24089753526951235,-0.0730729833318539,1.6609761099930531,0.24089753526951235,-0.0730729833318539,1.6609761099930531,5.0,0.0,0.0,6.026229890074214,0.10043716483457024
0.9050000000000007,0.2458434601480018,-0.07316059120352449,1.6610699325285767,0.24089753526951235,-0.0730729833318539,1.6609761099930531,0.24089753526951235,-0.0730729833318539,1.6609761099930531,5.0,0.0,0.0,6.0262492147637925,0.10043748691272987
0.9060000000000007,0.2458411588500482,-0.07315780970893339,1.6610667819383382,0.24089753526951235,-0.0730729833318539,1.6609761099930531,0.24089753526951235,-0.0730729833318539,1.6609761099930531,5.0,0.0,0.0,6.026269710130528,0.10043782850217546
0.9070000000000007,0.2458388972968669,-0.07315504853783356,1.6610636551832578,0.24089753526951235,-0.0730729833318539,1.6609761099930531,0.24089753526951235,-0.0730729833318539,1.6609761099930531,5.0,0.0,0.0,6.026291355188571,0.10043818925314284
0.9080000000000007,0.24583667538288922,-0.07315230792393285,1.6610605525186697,0.24089753526951235,-0.0730729833318539,1.6609761099930531,0.24089753526951235,-0.0730729833318539,1.6609761099930531,5.0,0.0,0.0,6.026314129068497,0.10043856881780829
0.9090000000000007,0.24583449299674043,-0.07314958809432436,1.6610574741923418,0.24089753526951235,-0.0730729833318539,1.6609761099930531,0.24089753526951235,-0.0730729833318539,1.6609761099930531,5.0,0.0,0.0,6.026338011019084,0.10043896685031807
0.9100000000000007,0.24583235002133505,-0.07314688926952857,1.661054420444529,0.24089753526951235,-0.0730729833318539,1.6609761099930531,0.24089753526951235,-0.0730729833318539,1.6609761099930531,5.0,0.0,0.0,6.026362980408397,0.10043938300680662
0.9110000000000007,0.24583024633397554,-0.07314421166353585,1.6610513915080218,0.24089753526951235,-0.0730729833318539,1.6609761099930531,0.24089753526951235,-0.0730729833318539,1.6609761099930531,5.0,0.0,0.0,6.0263890167238205,0.10043981694539701
0.9120000000000007,0.2458281818064471,-0.07314155548384826,1.6610483876081994,0.24089753526951235,-0.0730729833318539,1.6609761099930531,0.24089753526951235,-0.0730729833318539,1.6609761099930531,5.0,0.0,0.0,6.026416099574435,0.10044026832624059
0.9130000000000007,0.24582615630511478,-0.07313892093152378,1.6610454089630853,0.24089753526951235,-0.0730729833318539,1.6609761099930531,0.24089753526951235,-0.0730729833318539,1.6609761099930531,5.0,0.0,0.0,6.0264442086913625,0.10044073681152271
0.9140000000000007,0.24582416969101906,-0.07313630820122068,1.6610424557833965,0.24089753526951235,-0.0730729833318539,1.6609761099930531,0.24089753526951235,-0.0730729833318539,1.6609761099930531,5.0,0.0,0.0,6.026473323928302,0.10044122206547171
0.9150000000000007,0.2458222218199711,-0.07313371748124164,1.6610395282725994,0.24089753526951235,-0.0730729833318539,1.6609761099930531,0.24089753526951235,-0.0730729833318539,1.6609761099930531,5.0,0.0,0.0,6.026503425263334,0.1004417237543889
0.9160000000000007,0.24582031254264702,-0.07313114895357989,1.6610366266269665,0.24089753526951235,-0.0730729833318539,1.6609761099930531,0.24089753526951235,-0.0730729833318539,1.6609761099930531,5.0,0.0,0.0,6.026534492799847,0.10044224154666412
0.9170000000000007,0.2458184417046847,-0.07312860279396458,1.6610337510356306,0.24089753526951235,-0.0730729833318539,1.6609761099930531,0.24089753526951235,-0.0730729833318539,1.6609761099930531,5.0,0.0,0.0,6.026566506766386,0.1004427751127731
0.9180000000000007,0.24581660914677528,-0.07312607917190847,1.66103090168064,0.24089753526951235,-0.0730729833318539,1.6609761099930531,0.24089753526951235,-0.0730729833318539,1.6609761099930531,5.0,0.0,0.0,6.026599447519042,0.10044332412531737
0.9190000000000007,0.24581481470475933,-0.07312357825075373,1.661028078737018,0.24089753526951235,-0.0730729833318539,1.6609761099930531,0.24089753526951235,-0.0730729833318539,1.6609761099930531,5.0,0.0,0.0,6.026633295540285,0.10044388825900476
0.9200000000000007,0.2458130582097194,-0.07312110018772122,1.6610252823728175,0.24089753526951235,-0.0730729833318539,1.6609761099930531,0.24089753526951235,-0.0730729833318539,1.6609761099930531,5.0,0.0,0.0,6.02666803144415,0.10044446719073584
0.9210000000000007,0.24581133948807254,-0.07311864513395833,1.6610225127491804,0.24089753526951235,-0.0730729833318539,1.6609761099930531,0.24089753526951235,-0.0730729833318539,1.6609761099930531,5.0,0.0,0.0,6.02670363597168,0.100445060599528
0.9220000000000007,0.245809658361664,-0.07311621323458725,1.661019770020395,0.24089753526951235,-0.0730729833318539,1.6609761099930531,0.24089753526951235,-0.0730729833318539,1.6609761099930531,5.0,0.0,0.0,6.026740089994755,0.10044566816657925
0.9230000000000007,0.2458080146478587,-0.07311380462875525,1.6610170543339575,0.24089753526951235,-0.0730729833318539,1.6609761099930531,0.24089753526951235,-0.0730729833318539,1.6609761099930531,5.0,0.0,0.0,6.026777374516914,0.10044628957528191
0.9240000000000007,0.24580640815963367,-0.07311141944968387,1.6610143658306304,0.24089753526951235,-0.0730729833318539,1.6609761099930531,0.24089753526951235,-0.0730729833318539,1.6609761099930531,5.0,0.0,0.0,6.026815470673366,0.10044692451122277
0.9250000000000007,0.24580483870566822,-0.07310905782471998,1.6610117046444999,0.24089753526951235,-0.0730729833318539,1.6609761099930531,0.24089753526951235,-0.0730729833318539,1.6609761099930531,5.0,0.0,0.0,6.0268543597321935,0.10044757266220322
0.9260000000000007,0.24580330609043632,-0.07310671987538593,1.6610090709030394,0.24089753526951235,-0.0730729833318539,1.6609761099930531,0.24089753526951235,-0.0730729833318539,1.6609761099930531,5.0,0.0,0.0,6.02689402309541,0.10044823371825683
0.9270000000000007,0.24580181011429508,-0.0731044057174314,1.6610064647271705,0.24089753526951235,-0.0730729833318539,1.6609761099930531,0.24089753526951235,-0.0730729833318539,1.6609761099930531,5.0,0.0,0.0,6.026934442299462,0.1004489073716577
0.9280000000000007,0.24580035057357696,-0.07310211546088444,1.661003886231323,0.24089753526951235,-0.0730729833318539,1.6609761099930531,0.24089753526951235,-0.0730729833318539,1.6609761099930531,5.0,0.0,0.0,6.02697559901554,0.10044959331692566
0.9290000000000007,0.2457989272606771,-0.07309984921010404,1.661001335523497,0.24089753526951235,-0.0730729833318539,1.6609761099930531,0.24089753526951235,-0.0730729833318539,1.6609761099930531,5.0,0.0,0.0,6.0270174750511,0.10045029125085166
0.9300000000000007,0.24579753996414377,-0.07309760706383309,1.6609988127053268,0.24089753526951235,-0.0730729833318539,1.6609761099930531,0.24089753526951235,-0.0730729833318539,1.6609761099930531,5.0,0.0,0.0,6.027060052350032,0.10045100087250054
0.9310000000000007,0.2457961884687655,-0.0730953891152501,1.6609963178721405,0.24089753526951235,-0.0730729833318539,1.6609761099930531,0.24089753526951235,-0.0730729833318539,1.6609761099930531,5.0,0.0,0.0,6.0271033129936455,0.10045172188322743
0.9320000000000007,0.24579487255566043,-0.07309319545202307,1.6609938511130249,0.24089753526951235,-0.0730729833318539,1.6609761099930531,0.24089753526951235,-0.0730729833318539,1.6609761099930531,5.0,0.0,0.0,6.027147239201191,0.10045245398668651
0.9330000000000007,0.24579359200236273,-0.073091026156364,1.6609914125108889,0.24089753526951235,-0.0730729833318539,1.6609761099930531,0.24089753526951235,-0.0730729833318539,1.6609761099930531,5.0,0.0,0.0,6.027191813330964,0.10045319688884939
0.9340000000000007,0.24579234658290924,-0.07308888130508036,1.6609890021425266,0.24089753526951235,-0.0730729833318539,1.6609761099930531,0.24089753526951235,-0.0730729833318539,1.6609761099930531,5.0,0.0,0.0,6.027237017879938,0.10045395029799896
0.9350000000000007,0.24579113606792674,-0.07308676096963272,1.6609866200786818,0.24089753526951235,-0.0730729833318539,1.6609761099930531,0.24089753526951235,-0.0730729833318539,1.6609761099930531,5.0,0.0,0.0,6.027282835485395,0.10045471392475659
0.9360000000000007,0.2457899602247176,-0.07308466521618576,1.6609842663841115,0.24089753526951235,-0.0730729833318539,1.6609761099930531,0.24089753526951235,-0.0730729833318539,1.6609761099930531,5.0,0.0,0.0,6.027329248925206,0.10045548748208676
0.9370000000000007,0.24578881881734385,-0.07308259410566652,1.6609819411176487,0.24089753526951235,-0.0730729833318539,1.6609761099930531,0.24089753526951235,-0.0730729833318539,1.6609761099930531,5.0,0.0,0.0,6.027376241118313,0.10045627068530522
0.9380000000000007,0.24578771160671392,-0.07308054769381683,1.6609796443322742,0.24089753526951235,-0.0730729833318539,1.6609761099930531,0.24089753526951235,-0.0730729833318539,1.6609761099930531,5.0,0.0,0.0,6.027423795125481,0.10045706325209135
0.9390000000000007,0.24578663835066566,-0.07307852603124972,1.6609773760751727,0.24089753526951235,-0.0730729833318539,1.6609761099930531,0.24089753526951235,-0.0730729833318539,1.6609761099930531,5.0,0.0,0.0,6.027471894149514,0.1004578649024919
0.9400000000000007,0.24578559880405032,-0.07307652916350617,1.6609751363878034,0.24089753526951235,-0.0730729833318539,1.6609761099930531,0.24089753526951235,-0.0730729833318539,1.6609761099930531,5.0,0.0,0.0,6.027520521536461,0.10045867535894101
0.9410000000000007,0.24578459271881187,-0.073074557131108,1.6609729253059633,0.24089753526951235,-0.0730729833318539,1.6609761099930531,0.24089753526951235,-0.0730729833318539,1.6609761099930531,5.0,0.0,0.0,6.027569660775562,0.10045949434625936
0.9420000000000007,0.2457836198440786,-0.07307260996961813,1.6609707428598566,0.24089753526951235,-0.0730729833318539,1.6609761099930531,0.24089753526951235,-0.0730729833318539,1.6609761099930531,5.0,0.0,0.0,6.027619295499381,0.10046032159165635
0.9430000000000007,0.24578267992623362,-0.07307068770969288,1.6609685890741541,0.24089753526951235,-0.0730729833318539,1.6609761099930531,0.24089753526951235,-0.0730729833318539,1.6609761099930531,5.0,0.0,0.0,6.02766940948581,0.1004611568247635
0.9440000000000007,0.24578177270900617,-0.07306879037714087,1.660966463968066,0.24089753526951235,-0.0730729833318539,1.6609761099930531,0.24089753526951235,-0.0730729833318539,1.6609761099930531,5.0,0.0,0.0,6.027719986656368,0.10046199977760614
0.9450000000000007,0.24578089793354396,-0.07306691799297872,1.660964367555402,0.24089753526951235,-0.0730729833318539,1.6609761099930531,0.24089753526951235,-0.0730729833318539,1.6609761099930531,5.0,0.0,0.0,6.027771011079181,0.10046285018465301
0.9460000000000007,0.24578005533850095,-0.0730650705734886,1.6609622998446456,0.24089753526951235,-0.0730729833318539,1.6609761099930531,0.24089753526951235,-0.0730729833318539,1.6609761099930531,5.0,0.0,0.0,6.0278224669668425,0.10046370778278071
0.9470000000000007,0.24577924466011086,-0.0730632481302744,1.6609602608390128,0.24089753526951235,-0.0730729833318539,1.6609761099930531,0.24089753526951235,-0.0730729833318539,1.6609761099930531,5.0,0.0,0.0,6.027874338678696,0.1004645723113116
0.9480000000000007,0.24577846563226782,-0.07306145067031905,1.6609582505365208,0.24089753526951235,-0.0730729833318539,1.6609761099930531,0.24089753526951235,-0.0730729833318539,1.6609761099930531,5.0,0.0,0.0,6.027926610720157,0.10046544351200262
0.9490000000000007,0.24577771798660553,-0.07305967819604235,1.6609562689300568,0.24089753526951235,-0.0730729833318539,1.6609761099930531,0.24089753526951235,-0.0730729833318539,1.6609761099930531,5.0,0.0,0.0,6.027979267743767,0.10046632112906279
0.9500000000000007,0.24577700145257492,-0.07305793070535785,1.660954316007444,0.24089753526951235,-0.0730729833318539,1.6609761099930531,0.24089753526951235,-0.0730729833318539,1.6609761099930531,5.0,0.0,0.0,6.028032294549359,0.10046720490915598
0.9510000000000007,0.24577631575751985,-0.07305620819172946,1.6609523917515077,0.24089753526951235,-0.0730729833318539,1.6609761099930531,0.24089753526951235,-0.0730729833318539,1.6609761099930531,5.0,0.0,0.0,6.028085676084,0.10046809460140001
0.9520000000000007,0.24577566062675427,-0.07305451064423166,1.660950496140143,0.24089753526951235,-0.0730729833318539,1.6609761099930531,0.24089753526951235,-0.0730729833318539,1.6609761099930531,5.0,0.0,0.0,6.028139397442826,0.10046898995738043
0.9530000000000007,0.24577503578363746,-0.0730528380476039,1.660948629146381,0.24089753526951235,-0.0730729833318539,1.6609761099930531,0.24089753526951235,-0.0730729833318539,1.6609761099930531,5.0,0.0,0.0,6.028193443868847,0.10046989073114745
0.9540000000000007,0.24577444094965023,-0.07305119038230973,1.660946790738456,0.24089753526951235,-0.0730729833318539,1.6609761099930531,0.24089753526951235,-0.0730729833318539,1.6609761099930531,5.0,0.0,0.0,6.028247800753626,0.1004707966792271
0.9550000000000007,0.24577387584446841,-0.07304956762459569,1.6609449808798737,0.24089753526951235,-0.0730729833318539,1.6609761099930531,0.24089753526951235,-0.0730729833318539,1.6609761099930531,5.0,0.0,0.0,6.028302453637693,0.10047170756062822
0.9560000000000007,0.2457733401860359,-0.07304796974654676,1.660943199529476,0.24089753526951235,-0.0730729833318539,1.6609761099930531,0.24089753526951235,-0.0730729833318539,1.6609761099930531,5.0,0.0,0.0,6.028357388210008,0.10047262313683346
0.9570000000000007,0.24577283369063962,-0.0730463967161465,1.660941446641511,0.24089753526951235,-0.0730729833318539,1.6609761099930531,0.24089753526951235,-0.0730729833318539,1.6609761099930531,5.0,0.0,0.0,6.0284125903089985,0.10047354317181664
0.9580000000000007,0.24577235607298115,-0.07304484849733268,1.6609397221656963,0.24089753526951235,-0.0730729833318539,1.6609761099930531,0.24089753526951235,-0.0730729833318539,1.6609761099930531,5.0,0.0,0.0,6.028468045922207,0.10047446743203678
0.9590000000000007,0.24577190704624757,-0.07304332505005676,1.6609380260472895,0.24089753526951235,-0.0730729833318539,1.6609761099930531,0.24089753526951235,-0.0730729833318539,1.6609761099930531,5.0,0.0,0.0,6.028523741187151,0.10047539568645251
0.9600000000000007,0.24577148632218393,-0.07304182633034088,1.6609363582271526,0.24089753526951235,-0.0730729833318539,1.6609761099930531,0.24089753526951235,-0.0730729833318539,1.6609761099930531,5.0,0.0,0.0,6.028579662390275,0.10047632770650458
0.9610000000000007,0.24577109361116362,-0.07304035229033633,1.6609347186418204,0.24089753526951235,-0.0730729833318539,1.6609761099930531,0.24089753526951235,-0.0730729833318539,1.6609761099930531,5.0,0.0,0.0,6.028635795968611,0.10047726326614352
0.9620000000000007,0.2457707286222573,-0.07303890287838025,1.6609331072235674,0.24089753526951235,-0.0730729833318539,1.6609761099930531,0.24089753526951235,-0.0730729833318539,1.6609761099930531,5.0,0.0,0.0,6.02869212850881,0.10047820214181351
0.9630000000000007,0.24577039106330267,-0.07303747803905491,1.6609315239004725,0.24089753526951235,-0.0730729833318539,1.6609761099930531,0.24089753526951235,-0.0730729833318539,1.6609761099930531,5.0,0.0,0.0,6.028748646747545,0.10047914411245908
0.9640000000000007,0.24577008064097344,-0.07303607771324411,1.660929968596488,0.24089753526951235,-0.0730729833318539,1.6609761099930531,0.24089753526951235,-0.0730729833318539,1.6609761099930531,5.0,0.0,0.0,6.0288053375717725,0.10048008895952955
0.9650000000000007,0.24576979706084506,-0.07303470183819143,1.6609284412315046,0.24089753526951235,-0.0730729833318539,1.6609761099930531,0.24089753526951235,-0.0730729833318539,1.6609761099930531,5.0,0.0,0.0,6.028862188018691,0.10048103646697817
0.9660000000000007,0.24576954002746437,-0.07303335034755712,1.6609269417214199,0.24089753526951235,-0.0730729833318539,1.6609761099930531,0.24089753526951235,-0.0730729833318539,1.6609761099930531,5.0,0.0,0.0,6.0289191852757735,0.1004819864212629
0.9670000000000007,0.2457693092444141,-0.0730320231714769,1.6609254699782003,0.24089753526951235,-0.0730729833318539,1.6609761099930531,0.24089753526951235,-0.0730729833318539,1.6609761099930531,5.0,0.0,0.0,6.028976316680568,0.1004829386113428
0.9680000000000007,0.2457691044143807,-0.07303072023661858,1.660924025909954,0.24089753526951235,-0.0730729833318539,1.6609761099930531,0.24089753526951235,-0.0730729833318539,1.6609761099930531,5.0,0.0,0.0,6.029033569721419,0.10048389282869032
0.9690000000000007,0.24576892523921573,-0.0730294414662388,1.6609226094209897,0.24089753526951235,-0.0730729833318539,1.6609761099930531,0.24089753526951235,-0.0730729833318539,1.6609761099930531,5.0,0.0,0.0,6.029090932036816,0.10048484886728026
0.9700000000000008,0.24576877142000414,-0.07302818678024135,1.660921220411887,0.24089753526951235,-0.0730729833318539,1.6609761099930531,0.24089753526951235,-0.0730729833318539,1.6609761099930531,5.0,0.0,0.0,6.0291483914152515,0.10048580652358753
0.9710000000000008,0.24576864265712484,-0.07302695609523353,1.6609198587795606,0.24089753526951235,-0.0730729833318539,1.6609761099930531,0.24089753526951235,-0.0730729833318539,1.6609761099930531,5.0,0.0,0.0,6.029205935796071,0.10048676559660118
0.9720000000000008,0.24576853865031628,-0.07302574932458347,1.6609185244173277,0.24089753526951235,-0.0730729833318539,1.6609761099930531,0.24089753526951235,-0.0730729833318539,1.6609761099930531,5.0,0.0,0.0,6.029263553268361,0.10048772588780602
0.9730000000000008,0.24576845909873712,-0.0730245663784771,1.6609172172149707,0.24089753526951235,-0.0730729833318539,1.6609761099930531,0.24089753526951235,-0.0730729833318539,1.6609761099930531,5.0,0.0,0.0,6.029321232071491,0.10048868720119151
0.9740000000000008,0.245768403701027,-0.07302340716397439,1.6609159370588025,0.24089753526951235,-0.0730729833318539,1.6609761099930531,0.24089753526951235,-0.0730729833318539,1.6609761099930531,5.0,0.0,0.0,6.029378960595258,0.1004896493432543
0.9750000000000008,0.24576837215536862,-0.07302227158506541,1.6609146838317341,0.24089753526951235,-0.0730729833318539,1.6609761099930531,0.24089753526951235,-0.0730729833318539,1.6609761099930531,5.0,0.0,0.0,6.029436727378964,0.10049061212298273
0.9760000000000008,0.245768364159548,-0.07302115954272848,1.6609134574133355,0.24089753526951235,-0.0730729833318539,1.6609761099930531,0.24089753526951235,-0.0730729833318539,1.6609761099930531,5.0,0.0,0.0,6.029494521111535,0.10049157535185892
0.9770000000000008,0.24576837941101362,-0.07302007093498436,1.6609122576799042,0.24089753526951235,-0.0730729833318539,1.6609761099930531,0.24089753526951235,-0.0730729833318539,1.6609761099930531,5.0,0.0,0.0,6.029552330632406,0.10049253884387342
0.9780000000000008,0.24576841760693438,-0.0730190056569539,1.6609110845045274,0.24089753526951235,-0.0730729833318539,1.6609761099930531,0.24089753526951235,-0.0730729833318539,1.6609761099930531,5.0,0.0,0.0,6.029610144929817,0.10049350241549695
0.9790000000000008,0.2457684784442582,-0.07301796360091284,1.660909937757146,0.24089753526951235,-0.0730729833318539,1.6609761099930531,0.24089753526951235,-0.0730729833318539,1.6609761099930531,5.0,0.0,0.0,6.029667953141438,0.10049446588569062
0.9800000000000008,0.24576856161977,-0.07301694465634737,1.6609088173046167,0.24089753526951235,-0.0730729833318539,1.6609761099930531,0.24089753526951235,-0.0730729833318539,1.6609761099930531,5.0,0.0,0.0,6.029725744554055,0.10049542907590091
0.9810000000000008,0.24576866683014675,-0.073015948710011,1.6609077230107796,0.24089753526951235,-0.0730729833318539,1.6609761099930531,0.24089753526951235,-0.0730729833318539,1.6609761099930531,5.0,0.0,0.0,6.029783508603855,0.10049639181006426
0.9820000000000008,0.24576879377201424,-0.07301497564597764,1.6609066547365186,0.24089753526951235,-0.0730729833318539,1.6609761099930531,0.24089753526951235,-0.0730729833318539,1.6609761099930531,5.0,0.0,0.0,6.029841234875034,0.1004973539145839
0.9830000000000008,0.2457689421420031,-0.07301402534569919,1.6609056123398245,0.24089753526951235,-0.0730729833318539,1.6609761099930531,0.24089753526951235,-0.0730729833318539,1.6609761099930531,5.0,0.0,0.0,6.029898913100462,0.10049831521834103
0.9840000000000008,0.245769111636801,-0.07301309768805717,1.6609045956758586,0.24089753526951235,-0.0730729833318539,1.6609761099930531,0.24089753526951235,-0.0730729833318539,1.6609761099930531,5.0,0.0,0.0,6.029956533161526,0.1004992755526921
0.9850000000000008,0.24576930195320837,-0.07301219254942025,1.6609036045970145,0.24089753526951235,-0.0730729833318539,1.6609761099930531,0.24089753526951235,-0.0730729833318539,1.6609761099930531,5.0,0.0,0.0,6.030014085086859,0.10050023475144765
0.9860000000000008,0.2457695127881907,-0.07301130980369702,1.66090263895298,0.24089753526951235,-0.0730729833318539,1.6609761099930531,0.24089753526951235,-0.0730729833318539,1.6609761099930531,5.0,0.0,0.0,6.030071559052998,0.1005011926508833
0.9870000000000008,0.24576974383893052,-0.0730104493223904,1.6609016985908,0.24089753526951235,-0.0730729833318539,1.6609761099930531,0.24089753526951235,-0.0730729833318539,1.6609761099930531,5.0,0.0,0.0,6.0301289453840035,0.10050214908973339
0.9880000000000008,0.24576999480288006,-0.07300961097465168,1.6609007833549363,0.24089753526951235,-0.0730729833318539,1.6609761099930531,0.24089753526951235,-0.0730729833318539,1.6609761099930531,5.0,0.0,0.0,6.030186234550196,0.10050310390916993
0.9890000000000008,0.24577026537781038,-0.07300879462733335,1.6608998930873302,0.24089753526951235,-0.0730729833318539,1.6609761099930531,0.24089753526951235,-0.0730729833318539,1.6609761099930531,5.0,0.0,0.0,6.0302434171693085,0.1005040569528218
0.9900000000000008,0.24577055526186314,-0.07300800014504302,1.6608990276274629,0.24089753526951235,-0.0730729833318539,1.6609761099930531,0.24089753526951235,-0.0730729833318539,1.6609761099930531,5.0,0.0,0.0,6.03030048400463,0.10050500806674383
0.9910000000000008,0.24577086415360005,-0.07300722739019742,1.6608981868124162,0.24089753526951235,-0.0730729833318539,1.6609761099930531,0.24089753526951235,-0.0730729833318539,1.6609761099930531,5.0,0.0,0.0,6.030357425965421,0.10050595709942368
0.9920000000000008,0.2457711917520499,-0.07300647622307253,1.66089737047693,0.24089753526951235,-0.0730729833318539,1.6609761099930531,0.24089753526951235,-0.0730729833318539,1.6609761099930531,5.0,0.0,0.0,6.0304142341064795,0.10050690390177466
0.9930000000000008,0.2457715377567587,-0.0730057465018585,1.6608965784534675,0.24089753526951235,-0.0730729833318539,1.6609761099930531,0.24089753526951235,-0.0730729833318539,1.6609761099930531,5.0,0.0,0.0,6.0304708996277645,0.1005078483271294
0.9940000000000008,0.24577190186783524,-0.07300503808271028,1.6608958105722695,0.24089753526951235,-0.0730729833318539,1.6609761099930531,0.24089753526951235,-0.0730729833318539,1.6609761099930531,5.0,0.0,0.0,6.030527413873403,0.10050879023122339
0.9950000000000008,0.24577228378599925,-0.0730043508198012,1.6608950666614168,0.24089753526951235,-0.0730729833318539,1.6609761099930531,0.24089753526951235,-0.0730729833318539,1.6609761099930531,5.0,0.0,0.0,6.0305837683320185,0.10050972947220031
0.9960000000000008,0.24577268321262596,-0.07300368456537215,1.6608943465468873,0.24089753526951235,-0.0730729833318539,1.6609761099930531,0.24089753526951235,-0.0730729833318539,1.6609761099930531,5.0,0.0,0.0,6.030639954635387,0.10051066591058978
0.9970000000000008,0.24577309984979265,-0.07300303916978532,1.6608936500526137,0.24089753526951235,-0.0730729833318539,1.6609761099930531,0.24089753526951235,-0.0730729833318539,1.6609761099930531,5.0,0.0,0.0,6.030695964559051,0.10051159940931752
0.9980000000000008,0.24577353340032188,-0.07300241448157327,1.6608929770005443,0.24089753526951235,-0.0730729833318539,1.6609761099930531,0.24089753526951235,-0.0730729833318539,1.6609761099930531,5.0,0.0,0.0,6.030751790021278,0.10051252983368797
0.9990000000000008,0.24577398356782593,-0.07300181034749034,1.6608923272106966,0.24089753526951235,-0.0730729833318539,1.6609761099930531,0.24089753526951235,-0.0730729833318539,1.6609761099930531,5.0,0.0,0.0,6.030807423082022,0.10051345705136704
1.0000000000000007,0.24577445005674975,-0.07300122661256277,1.6608917005012183,0.24089753526951235,-0.0730729833318539,1.6609761099930531,0.24089753526951235,-0.0730729833318539,1.6609761099930531,5.0,0.0,0.0,6.030862855943406,0.1005143809323901
1.0010000000000006,0.24577493257241323,-0.07300066312013957,1.6608910966884414,0.24089753526951235,-0.0730729833318539,1.6609761099930531,0.24089753526951235,-0.0730729833318539,1.6609761099930531,0.0,0.0,0.0,6.030918080948398,0.10051530134913997
1.0020000000000004,0.24577175757607983,-0.07300191834282922,1.6608927607345594,0.24089753526951235,-0.0730729833318539,1.6609761099930531,0.24089753526951235,-0.0730729833318539,1.6609761099930531,0.0,0.0,0.0,5.942829973063389,0.09904716621772315
1.0030000000000003,0.24576513486424412,-0.07300484783801317,1.6608965142841645,0.24089753526951235,-0.0730729833318539,1.6609761099930531,0.24089753526951235,-0.0730729833318539,1.6609761099930531,0.0,0.0,0.0,5.859134161945213,0.09765223603242021
1.0040000000000002,0.2457552636244867,-0.07300931577207381,1.6609021892261848,0.24089753526951235,-0.0730729833318539,1.6609761099930531,0.24089753526951235,-0.0730729833318539,1.6609761099930531,0.0,0.0,0.0,5.7796052396358215,0.09632675399393036
1.0050000000000001,0.24574233319223282,-0.07301519421798926,1.6609096272671269,0.24089753526951235,-0.0730729833318539,1.6609761099930531,0.24089753526951235,-0.0730729833318539,1.6609761099930531,0.0,0.0,0.0,5.70403122143143,0.09506718702385716
1.006,0.24572652358655014,-0.07302236268285738,1.6609186793897193,0.24089753526951235,-0.0730729833318539,1.6609761099930531,0.24089753526951235,-0.0730729833318539,1.6609761099930531,0.0,0.0,0.0,5.632212131936391,0.09387020219893985
1.007,0.24570800598250936,-0.07303070768801052,1.6609292053234934,0.24089753526951235,-0.0730729833318539,1.6609761099930531,0.24089753526951235,-0.0730729833318539,1.6609761099930531,0.0,0.0,0.0,5.563959043517398,0.09273265072528997
1.0079999999999998,0.2456869431460622,-0.07304012237774964,1.660941073030309,0.24089753526951235,-0.0730729833318539,1.6609761099930531,0.24089753526951235,-0.0730729833318539,1.6609761099930531,0.0,0.0,0.0,5.499093525900831,0.09165155876501384
1.0089999999999997,0.24566348983989666,-0.07305050615200706,1.6609541582088283,0.24089753526951235,-0.0730729833318539,1.6609761099930531,0.24089753526951235,-0.0730729833318539,1.6609761099930531,0.0,0.0,0.0,5.437447154588983,0.09062411924314971
1.0099999999999996,0.24563779320444362,-0.07306176432107707,1.6609683438212621,0.24089753526951235,-0.0730729833318539,1.6609761099930531,0.24089753526951235,-0.0730729833318539,1.6609761099930531,0.0,0.0,0.0,5.378861009869018,0.08964768349781697
1.0109999999999995,0.24560999311699672,-0.07307380778100651,1.6609835196449934,0.24089753526951235,-0.0730729833318539,1.6609761099930531,0.24089753526951235,-0.0730729833318539,1.6609761099930531,0.0,0.0,0.0,5.323185158075776,0.08871975263459626
1.0119999999999993,0.24558022253138517,-0.07308655270836233,1.6609995818509056,0.24089753526951235,-0.0730729833318539,1.6609761099930531,0.24089753526951235,-0.0730729833318539,1.6609761099930531,0.0,0.0,0.0,5.270278120723131,0.08783796867871886
1.0129999999999992,0.24554860780031243,-0.07309992027314535,1.661016432609539,0.24089753526951235,-0.0730729833318539,1.6609761099930531,0.24089753526951235,-0.0730729833318539,1.6609761099930531,0.0,0.0,0.0,5.220006340050448,0.08700010566750746
1.0139999999999991,0.2455152689821719,-0.07311383636869073,1.6610339797254974,0.24089753526951235,-0.0730729833318539,1.6609761099930531,0.24089753526951235,-0.0730729833318539,1.6609761099930531,0.0,0.0,0.0,5.1722436495875765,0.08620406082645961
1.014999999999999,0.24548032013388593,-0.07312823135743697,1.6610521362999333,0.24089753526951235,-0.0730729833318539,1.6609761099930531,0.24089753526951235,-0.0730729833318539,1.6609761099930531,0.0,0.0,0.0,5.126870757554153,0.08544784595923588
1.015999999999999,0.24544386959106373,-0.07314303983151713,1.6610708204203861,0.24089753526951235,-0.0730729833318539,1.6609761099930531,0.24089753526951235,-0.0730729833318539,1.6609761099930531,0.0,0.0,0.0,5.083774749817427,0.08472957916362378
1.0169999999999988,0.2454060202365363,-0.07315820038716128,1.6610899548768225,0.24089753526951235,-0.0730729833318539,1.6609761099930531,0.24089753526951235,-0.0730729833318539,1.6609761099930531,0.0,0.0,0.0,5.042848617930924,0.08404747696551541
1.0179999999999987,0.24536686975812422,-0.07317365541197642,1.6611094669023359,0.24089753526951235,-0.0730729833318539,1.6609761099930531,0.24089753526951235,-0.0730729833318539,1.6609761099930531,0.0,0.0,0.0,5.003990816524542,0.08339984694207571
1.0189999999999986,0.24532651089630392,-0.07318935088420771,1.661129287936709,0.24089753526951235,-0.0730729833318539,1.6609761099930531,0.24089753526951235,-0.0730729833318539,1.6609761099930531,0.0,0.0,0.0,4.967104853103692,0.08278508088506152
1.0199999999999985,0.24528503168228993,-0.07320523618315274,1.6611493534108543,0.24089753526951235,-0.0730729833318539,1.6609761099930531,0.24089753526951235,-0.0730729833318539,1.6609761099930531,0.0,0.0,0.0,4.932098912135812,0.08220164853559687
1.0209999999999984,0.24524251566691152,-0.0732212639099488,1.6611696025500158,0.24089753526951235,-0.0730729833318539,1.6609761099930531,0.24089753526951235,-0.0730729833318539,1.6609761099930531,0.0,0.0,0.0,4.89888551423094,0.081648091903849
1.0219999999999982,0.24519904214056207,-0.0732373897180129,1.6611899781936057,0.24089753526951235,-0.0730729833318539,1.6609761099930531,0.24089753526951235,-0.0730729833318539,1.6609761099930531,0.0,0.0,0.0,4.867381210256275,0.0811230201709379
1.0229999999999981,0.24515468634441917,-0.07325357215246521,1.6612104266295646,0.24089753526951235,-0.0730729833318539,1.6609761099930531,0.24089753526951235,-0.0730729833318539,1.6609761099930531,0.0,0.0,0.0,4.837506309385242,0.0806251051564207
1.023999999999998,0.2451095196730741,-0.07326977249791997,1.6612308974411971,0.24089753526951235,-0.0730729833318539,1.6609761099930531,0.24089753526951235,-0.0730729833318539,1.6609761099930531,0.0,0.0,0.0,4.809184639384041,0.08015307732306735
1.024999999999998,0.24506360986867595,-0.07328595463407911,1.6612513433646081,0.24089753526951235,-0.0730729833318539,1.6609761099930531,0.24089753526951235,-0.0730729833318539,1.6609761099930531,0.0,0.0,0.0,4.782343336885986,0.07970572228143309
1.0259999999999978,0.24501702120666805,-0.07330208489861463,1.66127172015496,0.24089753526951235,-0.0730729833318539,1.6609761099930531,0.24089753526951235,-0.0730729833318539,1.6609761099930531,0.0,0.0,0.0,4.756912664983224,0.0792818777497204
1.0269999999999977,0.24496981467320092,-0.07331813195686702,1.6612919864600164,0.24089753526951235,-0.0730729833318539,1.6609761099930531,0.24089753526951235,-0.0730729833318539,1.6609761099930531,0.0,0.0,0.0,4.732825855192576,0.07888043091987627
1.0279999999999976,0.24492204813430551,-0.07333406667794083,1.6613121036996021,0.24089753526951235,-0.0730729833318539,1.6609761099930531,0.24089753526951235,-0.0730729833318539,1.6609761099930531,0.0,0.0,0.0,4.710018970696885,0.07850031617828142
1.0289999999999975,0.2448737764969281,-0.07334986201680785,1.6613320359498234,0.24089753526951235,-0.0730729833318539,1.6609761099930531,0.24089753526951235,-0.0730729833318539,1.6609761099930531,0.0,0.0,0.0,4.688430787722093,0.07814051312870156
1.0299999999999974,0.24482505186195727,-0.07336549290207828,1.6613517498311077,0.24089753526951235,-0.0730729833318539,1.6609761099930531,0.24089753526951235,-0.0730729833318539,1.6609761099930531,0.0,0.0,0.0,4.668002691974164,0.07780004486623607
1.0309999999999973,0.24477592366939668,-0.07338093612912819,1.6613712143993176,0.24089753526951235,-0.0730729833318539,1.6609761099930531,0.24089753526951235,-0.0730729833318539,1.6609761099930531,0.0,0.0,0.0,4.648678587202348,0.07747797645337247
1.0319999999999971,0.24472643883586925,-0.07339617025830555,1.6613904010393727,0.24089753526951235,-0.0730729833318539,1.6609761099930531,0.24089753526951235,-0.0730729833318539,1.6609761099930531,0.0,0.0,0.0,4.630404813164088,0.0771734135527348
1.032999999999997,0.2446766418846697,-0.0734111755179676,1.661409283361004,0.24089753526951235,-0.0730729833318539,1.6609761099930531,0.24089753526951235,-0.0730729833318539,1.6609761099930531,0.0,0.0,0.0,4.613130070537359,0.07688550117562265
1.033999999999997,0.24462657506861152,-0.07342593371212519,1.661427837096398,0.24089753526951235,-0.0730729833318539,1.6609761099930531,0.24089753526951235,-0.0730729833318539,1.6609761099930531,0.0,0.0,0.0,4.596805350616124,0.07661342251026874
1.0349999999999968,0.24457627848594213,-0.07344042813249663,1.6614460399996338,0.24089753526951235,-0.0730729833318539,1.6609761099930531,0.24089753526951235,-0.0730729833318539,1.6609761099930531,0.0,0.0,0.0,4.581383867952173,0.07635639779920288
1.0359999999999967,0.24452579018961815,-0.07345464347478319,1.6614638717479095,0.24089753526951235,-0.0730729833318539,1.6609761099930531,0.24089753526951235,-0.0730729833318539,1.6609761099930531,0.0,0.0,0.0,4.566820994431938,0.07611368324053229
1.0369999999999966,0.24447514629026135,-0.07346856575900843,1.6614813138446625,0.24089753526951235,-0.0730729833318539,1.6609761099930531,0.24089753526951235,-0.0730729833318539,1.6609761099930531,0.0,0.0,0.0,4.553074193600203,0.07588456989333672
1.0379999999999965,0.2444243810531168,-0.07348218225376518,1.6614983495247253,0.24089753526951235,-0.0730729833318539,1.6609761099930531,0.24089753526951235,-0.0730729833318539,1.6609761099930531,0.0,0.0,0.0,4.540102954356687,0.07566838257261145
1.0389999999999964,0.2443735269893565,-0.07349548140422832,1.6615149636617306,0.24089753526951235,-0.0730729833318539,1.6609761099930531,0.24089753526951235,-0.0730729833318539,1.6609761099930531,0.0,0.0,0.0,4.5278687234404025,0.0754644787240067
1.0399999999999963,0.2443226149420654,-0.07350845276380678,1.6615311426779764,0.24089753526951235,-0.0730729833318539,1.6609761099930531,0.24089753526951235,-0.0730729833318539,1.6609761099930531,0.0,0.0,0.0,4.516334836372653,0.07527224727287755
1.0409999999999962,0.24427167416725418,-0.07352108692929875,1.6615468744569954,0.24089753526951235,-0.0730729833318539,1.6609761099930531,0.24089753526951235,-0.0730729833318539,1.6609761099930531,0.0,0.0,0.0,4.505466446768816,0.07509110744614693
1.041999999999996,0.24422073241022546,-0.07353337547943843,1.6615621482590448,0.24089753526951235,-0.0730729833318539,1.6609761099930531,0.24089753526951235,-0.0730729833318539,1.6609761099930531,0.0,0.0,0.0,4.495230454112468,0.07492050756854113
1.042999999999996,0.24416981597763193,-0.07354531091670936,1.661576954639731,0.24089753526951235,-0.0730729833318539,1.6609761099930531,0.24089753526951235,-0.0730729833318539,1.6609761099930531,0.0,0.0,0.0,4.485595430248007,0.07475992383746678
1.0439999999999958,0.24411894980552556,-0.07355688661231068,1.6615912853719434,0.24089753526951235,-0.0730729833318539,1.6609761099930531,0.24089753526951235,-0.0730729833318539,1.6609761099930531,0.0,0.0,0.0,4.476531544971347,0.07460885908285578
1.0449999999999957,0.24406815752370387,-0.0735680967541552,1.6616051333712474,0.24089753526951235,-0.0730729833318539,1.6609761099930531,0.24089753526951235,-0.0730729833318539,1.6609761099930531,0.0,0.0,0.0,4.468010491177289,0.07446684151962148
1.0459999999999956,0.24401746151663073,-0.07357893629778967,1.661618492624839,0.24089753526951235,-0.0730729833318539,1.6609761099930531,0.24089753526951235,-0.0730729833318539,1.6609761099930531,0.0,0.0,0.0,4.460005410082253,0.07433342350137088
1.0469999999999955,0.24396688298118724,-0.07358940092011479,1.6616313581241273,0.24089753526951235,-0.0730729833318539,1.6609761099930531,0.24089753526951235,-0.0730729833318539,1.6609761099930531,0.0,0.0,0.0,4.452490817062654,0.07420818028437756
1.0479999999999954,0.2439164419814992,-0.07359948697578833,1.6616437258009618,0.24089753526951235,-0.0730729833318539,1.6609761099930531,0.24089753526951235,-0.0730729833318539,1.6609761099930531,0.0,0.0,0.0,4.445442528645412,0.07409070881075687
1.0489999999999953,0.2438661575010528,-0.0736091914561938,1.6616555924674907,0.24089753526951235,-0.0730729833318539,1.6609761099930531,0.24089753526951235,-0.0730729833318539,1.6609761099930531,0.0,0.0,0.0,4.438837591167215,0.07398062651945359
1.0499999999999952,0.24381604749230246,-0.07361851195085413,1.6616669557595944,0.24089753526951235,-0.0730729833318539,1.6609761099930531,0.24089753526951235,-0.0730729833318539,1.6609761099930531,0.0,0.0,0.0,4.432654211571666,0.0738775701928611
1.050999999999995,0.24376612892394217,-0.07362744661116913,1.6616778140837885,0.24089753526951235,-0.0730729833318539,1.6609761099930531,0.24089753526951235,-0.0730729833318539,1.6609761099930531,0.0,0.0,0.0,4.426871690760234,0.0737811948460039
1.051999999999995,0.2437164178260044,-0.07363599411635766,1.66168816656749,0.24089753526951235,-0.0730729833318539,1.6609761099930531,0.24089753526951235,-0.0730729833318539,1.6609761099930531,0.0,0.0,0.0,4.4214703598497636,0.07369117266416272
1.0529999999999948,0.24366692933292233,-0.07364415364148333,1.6616980130124888,0.24089753526951235,-0.0730729833318539,1.6609761099930531,0.24089753526951235,-0.0730729833318539,1.6609761099930531,0.0,0.0,0.0,4.416431519609181,0.07360719199348635
1.0539999999999947,0.24361767772468074,-0.07365192482744531,1.6617073538514575,0.24089753526951235,-0.0730729833318539,1.6609761099930531,0.24089753526951235,-0.0730729833318539,1.6609761099930531,0.0,0.0,0.0,4.411737383282641,0.073528956388044
1.0549999999999946,0.24356867646616115,-0.07365930775281501,1.6617161901073125,0.24089753526951235,-0.0730729833318539,1.6609761099930531,0.24089753526951235,-0.0730729833318539,1.6609761099930531,0.0,0.0,0.0,4.407371022924203,0.07345618371540338
1.0559999999999945,0.2435199382447805,-0.07366630290740475,1.6617245233552476,0.24089753526951235,-0.0730729833318539,1.6609761099930531,0.24089753526951235,-0.0730729833318539,1.6609761099930531,0.0,0.0,0.0,4.403316319303829,0.07338860532173049
1.0569999999999944,0.2434714750065013,-0.07367291116745298,1.6617323556872192,0.24089753526951235,-0.0730729833318539,1.6609761099930531,0.24089753526951235,-0.0730729833318539,1.6609761099930531,0.0,0.0,0.0,4.39955791537186,0.07332596525619767
1.0579999999999943,0.24342329799028845,-0.07367913377231872,1.661739689678711,0.24089753526951235,-0.0730729833318539,1.6609761099930531,0.24089753526951235,-0.0730729833318539,1.6609761099930531,0.0,0.0,0.0,4.396081173215835,0.07326801955359726
1.0589999999999942,0.24337541776107713,-0.07368497230257794,1.6617465283575679,0.24089753526951235,-0.0730729833318539,1.6609761099930531,0.24089753526951235,-0.0730729833318539,1.6609761099930531,0.0,0.0,0.0,4.392872134385284,0.07321453557308806
1.059999999999994,0.2433278442413091,-0.07369042865941948,1.661752875174717,0.24089753526951235,-0.0730729833318539,1.6609761099930531,0.24089753526951235,-0.0730729833318539,1.6609761099930531,0.0,0.0,0.0,4.389917483420671,0.07316529139034451
1.060999999999994,0.2432805867410901,-0.07369550504524884,1.6617587339766036,0.24089753526951235,-0.0730729833318539,1.6609761099930531,0.24089753526951235,-0.0730729833318539,1.6609761099930531,0.0,0.0,0.0,4.387204514389071,0.07312007523981785
1.0619999999999938,0.24323365398701413,-0.0737002039453996,1.6617641089791755,0.24089753526951235,-0.0730729833318539,1.6609761099930531,0.24089753526951235,-0.0730729833318539,1.6609761099930531,0.0,0.0,0.0,4.384721100199903,0.07307868500333173
1.0629999999999937,0.2431870541497053,-0.07370452811087677,1.6617690047432667,0.24089753526951235,-0.0730729833318539,1.6609761099930531,0.24089753526951235,-0.0730729833318539,1.6609761099930531,0.0,0.0,0.0,4.382455664460056,0.07304092774100093
1.0639999999999936,0.24314079487011186,-0.07370848054204304,1.6617734261512496,0.24089753526951235,-0.0730729833318539,1.6609761099930531,0.24089753526951235,-0.0730729833318539,1.6609761099930531,0.0,0.0,0.0,4.380397155621136,0.07300661926035226
1.0649999999999935,0.2430948832846039,-0.07371206447318007,1.6617773783848304,0.24089753526951235,-0.0730729833318539,1.6609761099930531,0.24089753526951235,-0.0730729833318539,1.6609761099930531,0.0,0.0,0.0,4.378535023163692,0.07297558371939486
1.0659999999999934,0.24304932604890594,-0.07371528335785289,1.661780866903889,0.24089753526951235,-0.0730729833318539,1.6609761099930531,0.24089753526951235,-0.0730729833318539,1.6609761099930531,0.0,0.0,0.0,4.376859195578735,0.07294765325964558
1.0669999999999933,0.2430041293609132,-0.0737181408550137,1.6617838974262769,0.24089753526951235,-0.0730729833318539,1.6609761099930531,0.24089753526951235,-0.0730729833318539,1.6609761099930531,0.0,0.0,0.0,4.37536005990763,0.07292266766512716
1.0679999999999932,0.24295929898242682,-0.07372064081579341,1.6617864759084895,0.24089753526951235,-0.0730729833318539,1.6609761099930531,0.24089753526951235,-0.0730729833318539,1.6609761099930531,0.0,0.0,0.0,4.374028442623114,0.07290047404371856
1.068999999999993,0.24291484025985222,-0.07372278727092292,1.6617886085271643,0.24089753526951235,-0.0730729833318539,1.6609761099930531,0.24089753526951235,-0.0730729833318539,1.6609761099930531,0.0,0.0,0.0,4.372855591652531,0.07288092652754218
1.069999999999993,0.2428707581438998,-0.07372458441874276,1.6617903016613402,0.24089753526951235,-0.0730729833318539,1.6609761099930531,0.24089753526951235,-0.0730729833318539,1.6609761099930531,0.0,0.0,0.0,4.371833159361308,0.07286388598935513
1.0709999999999928,0.24282705720833042,-0.0737260366137565,1.6617915618754573,0.24089753526951235,-0.0730729833318539,1.6609761099930531,0.24089753526951235,-0.0730729833318539,1.6609761099930531,0.0,0.0,0.0,4.370953186344016,0.07284921977240026
1.0719999999999927,0.24278374166778816,-0.0737271483556956,1.6617923959030458,0.24089753526951235,-0.0730729833318539,1.6609761099930531,0.24089753526951235,-0.0730729833318539,1.6609761099930531,0.0,0.0,0.0,4.370208085885509,0.07283680143142515
1.0729999999999926,0.24274081539475884,-0.07372792427905853,1.6617928106310942,0.24089753526951235,-0.0730729833318539,1.6609761099930531,0.24089753526951235,-0.0730729833318539,1.6609761099930531,0.0,0.0,0.0,4.369590628987025,0.07282651048311709
1.0739999999999925,0.24269828193569898,-0.07372836914309953,1.6617928130850792,0.24089753526951235,-0.0730729833318539,1.6609761099930531,0.24089753526951235,-0.0730729833318539,1.6609761099930531,0.0,0.0,0.0,4.369093929865479,0.07281823216442465
1.0749999999999924,0.242656144526375,-0.07372848782224059,1.661792410414634,0.24089753526951235,-0.0730729833318539,1.6609761099930531,0.24089753526951235,-0.0730729833318539,1.6609761099930531,0.0,0.0,0.0,4.36871143185945,0.0728118571976575
1.0759999999999923,0.24261440610645146,-0.07372828529688698,1.661791609879855,0.24089753526951235,-0.0730729833318539,1.6609761099930531,0.24089753526951235,-0.0730729833318539,1.6609761099930531,0.0,0.0,0.0,4.368436893696063,0.07280728156160104
1.0769999999999922,0.2425730693333699,-0.07372776664462284,1.6617904188382349,0.24089753526951235,-0.0730729833318539,1.6609761099930531,0.24089753526951235,-0.0730729833318539,1.6609761099930531,0.0,0.0,0.0,4.368264376082669,0.07280440626804448
1.077999999999992,0.2425321365955545,-0.07372693703177838,1.6617888447322118,0.24089753526951235,-0.0730729833318539,1.6609761099930531,0.24089753526951235,-0.0730729833318539,1.6609761099930531,0.0,0.0,0.0,4.3681882286106095,0.07280313714351015
1.078999999999992,0.24249161002498337,-0.07372580170534436,1.6617868950773296,0.24089753526951235,-0.0730729833318539,1.6609761099930531,0.24089753526951235,-0.0730729833318539,1.6609761099930531,0.0,0.0,0.0,4.368203076962467,0.07280338461604112
1.0799999999999919,0.2424514915091585,-0.07372436598522922,1.6617845774510056,0.24089753526951235,-0.0730729833318539,1.6609761099930531,0.24089753526951235,-0.0730729833318539,1.6609761099930531,0.0,0.0,0.0,4.368303810428938,0.07280506350714896
1.0809999999999917,0.24241178270251015,-0.07372263525684378,1.661781899481882,0.24089753526951235,-0.0730729833318539,1.6609761099930531,0.24089753526951235,-0.0730729833318539,1.6609761099930531,0.0,0.0,0.0,4.36848556974461,0.07280809282907684
1.0819999999999916,0.24237248503726644,-0.07372061496400278,1.6617788688397719,0.24089753526951235,-0.0730729833318539,1.6609761099930531,0.24089753526951235,-0.0730729833318539,1.6609761099930531,0.0,0.0,0.0,4.368743735261893,0.07281239558769823
1.0829999999999915,0.2423335997338198,-0.07371831060213459,1.6617754932261641,0.24089753526951235,-0.0730729833318539,1.6609761099930531,0.24089753526951235,-0.0730729833318539,1.6609761099930531,0.0,0.0,0.0,4.369073915477054,0.07281789859128424
1.0839999999999914,0.24229512781061413,-0.07371572771179095,1.6617717803652878,0.24089753526951235,-0.0730729833318539,1.6609761099930531,0.24089753526951235,-0.0730729833318539,1.6609761099930531,0.0,0.0,0.0,4.369471935934538,0.07282453226557563
1.0849999999999913,0.2422570700935871,-0.07371287187244535,1.6617677379957148,0.24089753526951235,-0.0730729833318539,1.6609761099930531,0.24089753526951235,-0.0730729833318539,1.6609761099930531,0.0,0.0,0.0,4.369933828523109,0.07283223047538516
1.0859999999999912,0.24221942722518358,-0.07370974869657582,1.6617633738624817,0.24089753526951235,-0.0730729833318539,1.6609761099930531,0.24089753526951235,-0.0730729833318539,1.6609761099930531,0.0,0.0,0.0,4.37045582118537,0.0728409303530895
1.086999999999991,0.24218219967297,-0.07370636382401932,1.6617586957097115,0.24089753526951235,-0.0730729833318539,1.6609761099930531,0.24089753526951235,-0.0730729833318539,1.6609761099930531,0.0,0.0,0.0,4.3710343280540425,0.07285057213423404
1.087999999999991,0.2421453877378651,-0.07370272291659295,1.6617537112737113,0.24089753526951235,-0.0730729833318539,1.6609761099930531,0.24089753526951235,-0.0730729833318539,1.6609761099930531,0.0,0.0,0.0,4.371665940025823,0.07286109900043038
1.0889999999999909,0.24210899156200988,-0.07369883165297177,1.6617484282765345,0.24089753526951235,-0.0730729833318539,1.6609761099930531,0.24089753526951235,-0.0730729833318539,1.6609761099930531,0.0,0.0,0.0,4.372347415781129,0.07287245692968548
1.0899999999999908,0.24207301113629595,-0.07369469572381665,1.6617428544199633,0.24089753526951235,-0.0730729833318539,1.6609761099930531,0.24089753526951235,-0.0730729833318539,1.6609761099930531,0.0,0.0,0.0,4.37307567325072,0.07288459455417867
1.0909999999999906,0.24203744630756444,-0.07369032082714086,1.6617369973799139,0.24089753526951235,-0.0730729833318539,1.6609761099930531,0.24089753526951235,-0.0730729833318539,1.6609761099930531,0.0,0.0,0.0,4.373847781530944,0.07289746302551572
1.0919999999999905,0.2420022967854939,-0.07368571266391113,1.6617308648012192,0.24089753526951235,-0.0730729833318539,1.6609761099930531,0.24089753526951235,-0.0730729833318539,1.6609761099930531,0.0,0.0,0.0,4.3746609532386245,0.0729110158873104
1.0929999999999904,0.24196756214919182,-0.07368087693386954,1.661724464292778,0.24089753526951235,-0.0730729833318539,1.6609761099930531,0.24089753526951235,-0.0730729833318539,1.6609761099930531,0.0,0.0,0.0,4.375512537297379,0.07292520895495631
1.0939999999999903,0.2419332418534984,-0.07367581933157019,1.6617178034230409,0.24089753526951235,-0.0730729833318539,1.6609761099930531,0.24089753526951235,-0.0730729833318539,1.6609761099930531,0.0,0.0,0.0,4.376400012143459,0.07294000020239098
1.0949999999999902,0.24189933523502435,-0.07367054554262394,1.6617108897158217,0.24089753526951235,-0.0730729833318539,1.6609761099930531,0.24089753526951235,-0.0730729833318539,1.6609761099930531,0.0,0.0,0.0,4.3773209793320085,0.07295534965553348
1.09599999999999,0.2418658415179179,-0.0736650612401365,1.6617037306463878,0.24089753526951235,-0.0730729833318539,1.6609761099930531,0.24089753526951235,-0.0730729833318539,1.6609761099930531,0.0,0.0,0.0,4.378273157528811,0.07297121929214685
1.09699999999999,0.24183275981939242,-0.07365937208133755,1.6616963336378494,0.24089753526951235,-0.0730729833318539,1.6609761099930531,0.24089753526951235,-0.0730729833318539,1.6609761099930531,0.0,0.0,0.0,4.379254376860578,0.0729875729476763
1.0979999999999899,0.24180008915500645,-0.07365348370438833,1.6616887060577876,0.24089753526951235,-0.0730729833318539,1.6609761099930531,0.24089753526951235,-0.0730729833318539,1.6609761099930531,0.0,0.0,0.0,4.380262573612267,0.07300437622687111
1.0989999999999898,0.24176782844371494,-0.07364740172535902,1.6616808552151292,0.24089753526951235,-0.0730729833318539,1.6609761099930531,0.24089753526951235,-0.0730729833318539,1.6609761099930531,0.0,0.0,0.0,4.381295785236383,0.07302159642060639
1.0999999999999897,0.24173597651269974,-0.07364113173537155,1.6616727883572429,0.24089753526951235,-0.0730729833318539,1.6609761099930531,0.24089753526951235,-0.0730729833318539,1.6609761099930531,0.0,0.0,0.0,4.38235214565884,0.07303920242764733
1.1009999999999895,0.24170453210198745,-0.07363467929789429,1.6616645126672414,0.24089753526951235,-0.0730729833318539,1.6609761099930531,0.24089753526951235,-0.0730729833318539,1.6609761099930531,0.0,0.0,0.0,4.383429880855298,0.07305716468092163
1.1019999999999894,0.24167349386886083,-0.07362804994618516,1.6616560352614798,0.24089753526951235,-0.0730729833318539,1.6609761099930531,0.24089753526951235,-0.0730729833318539,1.6609761099930531,0.0,0.0,0.0,4.3845273046780555,0.07307545507796759
1.1029999999999893,0.24164286039207633,-0.07362124918087308,1.6616473631872344,0.24089753526951235,-0.0730729833318539,1.6609761099930531,0.24089753526951235,-0.0730729833318539,1.6609761099930531,0.0,0.0,0.0,4.385642814907652,0.07309404691512754
1.1039999999999892,0.24161263017589124,-0.07361428246767329,1.6616385034205514,0.24089753526951235,-0.0730729833318539,1.6609761099930531,0.24089753526951235,-0.0730729833318539,1.6609761099930531,0.0,0.0,0.0,4.386774889513711,0.07311291482522851
1.104999999999989,0.2415828016539115,-0.07360715523522553,1.6616294628642556,0.24089753526951235,-0.0730729833318539,1.6609761099930531,0.24089753526951235,-0.0730729833318539,1.6609761099930531,0.0,0.0,0.0,4.387922083101835,0.07313203471836392
1.105999999999989,0.24155337319276485,-0.07359987287305382,1.6616202483461113,0.24089753526951235,-0.0730729833318539,1.6609761099930531,0.24089753526951235,-0.0730729833318539,1.6609761099930531,0.0,0.0,0.0,4.389083023533412,0.07315138372555686
1.1069999999999889,0.24152434309560888,-0.07359244072963658,1.6616108666171232,0.24089753526951235,-0.0730729833318539,1.6609761099930531,0.24089753526951235,-0.0730729833318539,1.6609761099930531,0.0,0.0,0.0,4.390256408699037,0.07317094014498396
1.1079999999999888,0.24149570960547873,-0.07358486411058712,1.6616013243499808,0.24089753526951235,-0.0730729833318539,1.6609761099930531,0.24089753526951235,-0.0730729833318539,1.6609761099930531,0.0,0.0,0.0,4.391441003435681,0.07319068339059467
1.1089999999999887,0.2414674709084835,-0.07357714827693203,1.6615916281376193,0.24089753526951235,-0.0730729833318539,1.6609761099930531,0.24089753526951235,-0.0730729833318539,1.6609761099930531,0.0,0.0,0.0,4.3926356365707715,0.0732105939428462
1.1099999999999886,0.2414396251368566,-0.0735692984434917,1.661581784491921,0.24089753526951235,-0.0730729833318539,1.6609761099930531,0.24089753526951235,-0.0730729833318539,1.6609761099930531,0.0,0.0,0.0,4.393839198089385,0.07323065330148974
1.1109999999999884,0.24141217037186663,-0.07356131977734809,1.6615717998425181,0.24089753526951235,-0.0730729833318539,1.6609761099930531,0.24089753526951235,-0.0730729833318539,1.6609761099930531,0.0,0.0,0.0,4.395050636408355,0.07325084394013924
1.1119999999999883,0.2413851046465944,-0.0735532173964062,1.6615616805357212,0.24089753526951235,-0.0730729833318539,1.6609761099930531,0.24089753526951235,-0.0730729833318539,1.6609761099930531,0.0,0.0,0.0,4.396268955757693,0.0732711492626282
1.1129999999999882,0.24135842594858573,-0.07354499636803576,1.6615514328335506,0.24089753526951235,-0.0730729833318539,1.6609761099930531,0.24089753526951235,-0.0730729833318539,1.6609761099930531,0.0,0.0,0.0,4.3974932136567695,0.07329155356094616
1.113999999999988,0.24133213222237904,-0.0735366617077959,1.661541062912873,0.24089753526951235,-0.0730729833318539,1.6609761099930531,0.24089753526951235,-0.0730729833318539,1.6609761099930531,0.0,0.0,0.0,4.398722518484748,0.07331204197474579
1.114999999999988,0.24130622137191998,-0.07352821837823817,1.6615305768646405,0.24089753526951235,-0.0730729833318539,1.6609761099930531,0.24089753526951235,-0.0730729833318539,1.6609761099930531,0.0,0.0,0.0,4.399956027139948,0.07333260045233246
1.115999999999988,0.2412806912628653,-0.07351967128778295,1.661519980693224,0.24089753526951235,-0.0730729833318539,1.6609761099930531,0.24089753526951235,-0.0730729833318539,1.6609761099930531,0.0,0.0,0.0,4.401192942785604,0.0733532157130934
1.1169999999999878,0.2412555397247798,-0.07351102528966794,1.6615092803158373,0.24089753526951235,-0.0730729833318539,1.6609761099930531,0.24089753526951235,-0.0730729833318539,1.6609761099930531,0.0,0.0,0.0,4.402432512678697,0.07337387521131161
1.1179999999999877,0.24123076455323578,-0.07350228518096832,1.661498481562056,0.24089753526951235,-0.0730729833318539,1.6609761099930531,0.24089753526951235,-0.0730729833318539,1.6609761099930531,0.0,0.0,0.0,4.403674026082452,0.07339456710137421
1.1189999999999876,0.24120636351181352,-0.07349345570167926,1.6614875901734136,0.24089753526951235,-0.0730729833318539,1.6609761099930531,0.24089753526951235,-0.0730729833318539,1.6609761099930531,0.0,0.0,0.0,4.4049168122572535,0.07341528020428756
1.1199999999999875,0.24118233433401404,-0.07348454153386912,1.6614766118030873,0.24089753526951235,-0.0730729833318539,1.6609761099930531,0.24089753526951235,-0.0730729833318539,1.6609761099930531,0.0,0.0,0.0,4.406160238532807,0.07343600397554678
1.1209999999999873,0.2411586747250798,-0.07347554730089015,1.6614655520156474,0.24089753526951235,-0.0730729833318539,1.6609761099930531,0.24089753526951235,-0.0730729833318539,1.6609761099930531,0.0,0.0,0.0,4.407403708457505,0.07345672847429174
1.1219999999999872,0.24113538236373883,-0.0734664775666538,1.6614544162868985,0.24089753526951235,-0.0730729833318539,1.6609761099930531,0.24089753526951235,-0.0730729833318539,1.6609761099930531,0.0,0.0,0.0,4.408646660025709,0.07347744433376181
1.1229999999999871,0.24111245490386335,-0.07345733683496222,1.6614432100037748,0.24089753526951235,-0.0730729833318539,1.6609761099930531,0.24089753526951235,-0.0730729833318539,1.6609761099930531,0.0,0.0,0.0,4.409888563979802,0.0734981427329967
1.123999999999987,0.24108988997605646,-0.07344812954889873,1.6614319384643075,0.24089753526951235,-0.0730729833318539,1.6609761099930531,0.24089753526951235,-0.0730729833318539,1.6609761099930531,0.0,0.0,0.0,4.411128922187981,0.07351881536979968
1.124999999999987,0.24106768518916538,-0.07343886009027203,1.6614206068776576,0.24089753526951235,-0.0730729833318539,1.6609761099930531,0.24089753526951235,-0.0730729833318539,1.6609761099930531,0.0,0.0,0.0,4.412367266095155,0.07353945443491926
1.1259999999999868,0.24104583813172561,-0.073429532779116,1.6614092203642026,0.24089753526951235,-0.0730729833318539,1.6609761099930531,0.24089753526951235,-0.0730729833318539,1.6609761099930531,0.0,0.0,0.0,4.413603155243959,0.07356005258739932
1.1269999999999867,0.2410243463733393,-0.0734201518732392,1.661397783955679,0.24089753526951235,-0.0730729833318539,1.6609761099930531,0.24089753526951235,-0.0730729833318539,1.6609761099930531,0.0,0.0,0.0,4.414836175867398,0.0735806029311233
1.1279999999999866,0.24100320746599013,-0.07341072156782791,1.6613863025953797,0.24089753526951235,-0.0730729833318539,1.6609761099930531,0.24089753526951235,-0.0730729833318539,1.6609761099930531,0.0,0.0,0.0,4.416065939547945,0.07360109899246575
1.1289999999999865,0.24098241894529832,-0.07340124599509451,1.6613747811383985,0.24089753526951235,-0.0730729833318539,1.6609761099930531,0.24089753526951235,-0.0730729833318539,1.6609761099930531,0.0,0.0,0.0,4.41729208194191,0.07362153469903183
1.1299999999999863,0.24096197833171712,-0.07339172922397608,1.6613632243519172,0.24089753526951235,-0.0730729833318539,1.6609761099930531,0.24089753526951235,-0.0730729833318539,1.6609761099930531,0.0,0.0,0.0,4.418514261567428,0.07364190435945714
1.1309999999999862,0.24094188313167658,-0.07338217525987696,1.6613516369155397,0.24089753526951235,-0.0730729833318539,1.6609761099930531,0.24089753526951235,-0.0730729833318539,1.6609761099930531,0.0,0.0,0.0,4.419732158652608,0.07366220264421014
1.1319999999999861,0.24092213083867015,-0.07337258804445687,1.661340023421662,0.24089753526951235,-0.0730729833318539,1.6609761099930531,0.24089753526951235,-0.0730729833318539,1.6609761099930531,0.0,0.0,0.0,4.4209454740418614,0.07368242456736436
1.132999999999986,0.24090271893429566,-0.07336297145546088,1.6613283883758792,0.24089753526951235,-0.0730729833318539,1.6609761099930531,0.24089753526951235,-0.0730729833318539,1.6609761099930531,0.0,0.0,0.0,4.42215392815586,0.07370256546926433
1.133999999999986,0.24088364488924363,-0.07335332930659026,1.6613167361974281,0.24089753526951235,-0.0730729833318539,1.6609761099930531,0.24089753526951235,-0.0730729833318539,1.6609761099930531,0.0,0.0,0.0,4.423357260006469,0.07372262100010782
1.1349999999999858,0.24086490616424272,-0.07334366534741425,1.6613050712196598,0.24089753526951235,-0.0730729833318539,1.6609761099930531,0.24089753526951235,-0.0730729833318539,1.6609761099930531,0.0,0.0,0.0,4.424555226258502,0.07374258710430838
1.1359999999999857,0.24084650021095957,-0.07333398326331854,1.66129339769054,0.24089753526951235,-0.0730729833318539,1.6609761099930531,0.24089753526951235,-0.0730729833318539,1.6609761099930531,0.0,0.0,0.0,4.425747600340339,0.07376246000567231
1.1369999999999856,0.2408284244728559,-0.07332428667549293,1.6612817197731815,0.24089753526951235,-0.0730729833318539,1.6609761099930531,0.24089753526951235,-0.0730729833318539,1.6609761099930531,0.0,0.0,0.0,4.426934171597562,0.0737822361932927
1.1379999999999855,0.2408106763860059,-0.07331457914095041,1.6612700415463928,0.24089753526951235,-0.0730729833318539,1.6609761099930531,0.24089753526951235,-0.0730729833318539,1.6609761099930531,0.0,0.0,0.0,4.428114744488869,0.0738019124081478
1.1389999999999854,0.24079325337987567,-0.07330486415258435,1.6612583670052623,0.24089753526951235,-0.0730729833318539,1.6609761099930531,0.24089753526951235,-0.0730729833318539,1.6609761099930531,0.0,0.0,0.0,4.429289137820948,0.07382148563034914
1.1399999999999852,0.2407761528780637,-0.07329514513925516,1.6612467000617492,0.24089753526951235,-0.0730729833318539,1.6609761099930531,0.24089753526951235,-0.0730729833318539,1.6609761099930531,0.0,0.0,0.0,4.430457184019405,0.07384095306699008
1.1409999999999851,0.24075937229900973,-0.07328542546590874,1.6612350445453077,0.24089753526951235,-0.0730729833318539,1.6609761099930531,0.24089753526951235,-0.0730729833318539,1.6609761099930531,0.0,0.0,0.0,4.431618728435329,0.07386031214058882
1.141999999999985,0.24074290905666457,-0.0732757084337255,1.6612234042035146,0.24089753526951235,-0.0730729833318539,1.6609761099930531,0.24089753526951235,-0.0730729833318539,1.6609761099930531,0.0,0.0,0.0,4.432773628684298,0.07387956047807162
1.142999999999985,0.24072676056113496,-0.0732659972802968,1.6612117827027348,0.24089753526951235,-0.0730729833318539,1.6609761099930531,0.24089753526951235,-0.0730729833318539,1.6609761099930531,0.0,0.0,0.0,4.4339217540121165,0.07389869590020194
1.1439999999999848,0.2407109242192917,-0.07325629517982815,1.6612001836287817,0.24089753526951235,-0.0730729833318539,1.6609761099930531,0.24089753526951235,-0.0730729833318539,1.6609761099930531,0.0,0.0,0.0,4.4350629846968275,0.07391771641161379
1.1449999999999847,0.24069539743535245,-0.07324660524337047,1.6611886104876015,0.24089753526951235,-0.0730729833318539,1.6609761099930531,0.24089753526951235,-0.0730729833318539,1.6609761099930531,0.0,0.0,0.0,4.436197211470895,0.07393662019118158
1.1459999999999846,0.24068017761143543,-0.07323693051907203,1.6611770667059718,0.24089753526951235,-0.0730729833318539,1.6609761099930531,0.24089753526951235,-0.0730729833318539,1.6609761099930531,0.0,0.0,0.0,4.437324334972191,0.07395540558286985
1.1469999999999845,0.24066526214808615,-0.07322727399245726,1.6611655556322102,0.24089753526951235,-0.0730729833318539,1.6609761099930531,0.24089753526951235,-0.0730729833318539,1.6609761099930531,0.0,0.0,0.0,4.438444265218152,0.0739740710869692
1.1479999999999844,0.24065064844478212,-0.07321763858672639,1.6611540805368938,0.24089753526951235,-0.0730729833318539,1.6609761099930531,0.24089753526951235,-0.0730729833318539,1.6609761099930531,0.0,0.0,0.0,4.439556921103144,0.07399261535171905
1.1489999999999843,0.24063633390040978,-0.07320802716307591,1.6611426446135908,0.24089753526951235,-0.0730729833318539,1.6609761099930531,0.24089753526951235,-0.0730729833318539,1.6609761099930531,0.0,0.0,0.0,4.440662229919035,0.07401103716531725
1.1499999999999841,0.2406223159137217,-0.073198442521039,1.661131250979601,0.24089753526951235,-0.0730729833318539,1.6609761099930531,0.24089753526951235,-0.0730729833318539,1.6609761099930531,0.0,0.0,0.0,4.441760126894972,0.07402933544824954
1.150999999999984,0.24060859188377126,-0.07318888739884669,1.6611199026767052,0.24089753526951235,-0.0730729833318539,1.6609761099930531,0.24089753526951235,-0.0730729833318539,1.6609761099930531,0.0,0.0,0.0,4.4428505547577215,0.07404750924596203
1.151999999999984,0.24059515921032704,-0.0731793644738033,1.6611086026719233,0.24089753526951235,-0.0730729833318539,1.6609761099930531,0.24089753526951235,-0.0730729833318539,1.6609761099930531,0.0,0.0,0.0,4.443933463312226,0.07406555772187044
1.1529999999999838,0.24058201529426912,-0.07316987636268356,1.6610973538582785,0.24089753526951235,-0.0730729833318539,1.6609761099930531,0.24089753526951235,-0.0730729833318539,1.6609761099930531,0.0,0.0,0.0,4.445008809039326,0.07408348015065543
1.1539999999999837,0.24056915753796432,-0.07316042562214214,1.66108615905557,0.24089753526951235,-0.0730729833318539,1.6609761099930531,0.24089753526951235,-0.0730729833318539,1.6609761099930531,0.0,0.0,0.0,4.446076554712664,0.07410127591187773
1.1549999999999836,0.24055658334562685,-0.07315101474913929,1.661075021011149,0.24089753526951235,-0.0730729833318539,1.6609761099930531,0.24089753526951235,-0.0730729833318539,1.6609761099930531,0.0,0.0,0.0,4.447136669030855,0.07411894448384758
1.1559999999999835,0.24054429012366121,-0.07314164618138187,1.6610639424007037,0.24089753526951235,-0.0730729833318539,1.6609761099930531,0.24089753526951235,-0.0730729833318539,1.6609761099930531,0.0,0.0,0.0,4.448189126268677,0.07413648543781128
1.1569999999999834,0.24053227528099036,-0.07313232229777701,1.6610529258290443,0.24089753526951235,-0.0730729833318539,1.6609761099930531,0.24089753526951235,-0.0730729833318539,1.6609761099930531,0.0,0.0,0.0,4.449233905942368,0.0741538984323728
1.1579999999999833,0.2405205362293682,-0.07312304541889832,1.6610419738308984,0.24089753526951235,-0.0730729833318539,1.6609761099930531,0.24089753526951235,-0.0730729833318539,1.6609761099930531,0.0,0.0,0.0,4.450270992491612,0.07417118320819353
1.1589999999999832,0.24050907038367775,-0.07311381780746415,1.6610310888717028,0.24089753526951235,-0.0730729833318539,1.6609761099930531,0.24089753526951235,-0.0730729833318539,1.6609761099930531,0.0,0.0,0.0,4.4513003749759354,0.07418833958293226
1.159999999999983,0.24049787516221888,-0.07310464166882832,1.661020273348405,0.24089753526951235,-0.0730729833318539,1.6609761099930531,0.24089753526951235,-0.0730729833318539,1.6609761099930531,0.0,0.0,0.0,4.452322046785421,0.07420536744642368
1.160999999999983,0.24048694798697956,-0.073095519151479,1.6610095295902625,0.24089753526951235,-0.0730729833318539,1.6609761099930531,0.24089753526951235,-0.0730729833318539,1.6609761099930531,0.0,0.0,0.0,4.45333600536593,0.07422226675609883
1.1619999999999828,0.24047628628389867,-0.07308645234754897,1.6609988598596448,0.24089753526951235,-0.0730729833318539,1.6609761099930531,0.24089753526951235,-0.0730729833318539,1.6609761099930531,0.0,0.0,0.0,4.454342251957219,0.07423903753262032
1.1629999999999827,0.24046588748311648,-0.07307744329333596,1.6609882663528404,0.24089753526951235,-0.0730729833318539,1.6609761099930531,0.24089753526951235,-0.0730729833318539,1.6609761099930531,0.0,0.0,0.0,4.455340791344955,0.07425567985574925
1.1639999999999826,0.2404557490192139,-0.07306849396982888,1.6609777512008599,0.24089753526951235,-0.0730729833318539,1.6609761099930531,0.24089753526951235,-0.0730729833318539,1.6609761099930531,0.0,0.0,0.0,4.456331631623783,0.07427219386039638
1.1649999999999825,0.2404458683314424,-0.07305960630324479,1.6609673164702423,0.24089753526951235,-0.0730729833318539,1.6609761099930531,0.24089753526951235,-0.0730729833318539,1.6609761099930531,0.0,0.0,0.0,4.457314783973731,0.07428857973289552
1.1659999999999824,0.24043624286394497,-0.07305078216557226,1.6609569641638617,0.24089753526951235,-0.0730729833318539,1.6609761099930531,0.24089753526951235,-0.0730729833318539,1.6609761099930531,0.0,0.0,0.0,4.458290262447106,0.07430483770745176
1.1669999999999823,0.24042687006596808,-0.07304202337511993,1.6609466962217327,0.24089753526951235,-0.0730729833318539,1.6609761099930531,0.24089753526951235,-0.0730729833318539,1.6609761099930531,0.0,0.0,0.0,4.459258083767045,0.07432096806278408
1.1679999999999822,0.24041774739206434,-0.07303333169707485,1.6609365145218145,0.24089753526951235,-0.0730729833318539,1.6609761099930531,0.24089753526951235,-0.0730729833318539,1.6609761099930531,0.0,0.0,0.0,4.460218267136583,0.07433697111894305
1.168999999999982,0.24040887230228802,-0.07302470884406351,1.6609264208808159,0.24089753526951235,-0.0730729833318539,1.6609761099930531,0.24089753526951235,-0.0730729833318539,1.6609761099930531,0.0,0.0,0.0,4.461170834057687,0.07435284723429478
1.169999999999982,0.2404002422623841,-0.07301615647672002,1.6609164170549975,0.24089753526951235,-0.0730729833318539,1.6609761099930531,0.24089753526951235,-0.0730729833318539,1.6609761099930531,0.0,0.0,0.0,4.462115808159193,0.07436859680265322
1.1709999999999818,0.240391854743968,-0.07300767620425865,1.6609065047409732,0.24089753526951235,-0.0730729833318539,1.6609761099930531,0.24089753526951235,-0.0730729833318539,1.6609761099930531,0.0,0.0,0.0,4.463053215035284,0.07438422025058807
1.1719999999999817,0.24038370722470148,-0.07299926958504975,1.6608966855765093,0.24089753526951235,-0.0730729833318539,1.6609761099930531,0.24089753526951235,-0.0730729833318539,1.6609761099930531,0.0,0.0,0.0,4.463983082091328,0.07439971803485547
1.1729999999999816,0.24037579718845942,-0.07299093812720245,1.6608869611413177,0.24089753526951235,-0.0730729833318539,1.6609761099930531,0.24089753526951235,-0.0730729833318539,1.6609761099930531,0.0,0.0,0.0,4.464905438399111,0.07441509063998518
1.1739999999999815,0.24036812212549408,-0.07298268328914644,1.6608773329578557,0.24089753526951235,-0.0730729833318539,1.6609761099930531,0.24089753526951235,-0.0730729833318539,1.6609761099930531,0.0,0.0,0.0,4.465820314559398,0.07443033857598996
1.1749999999999814,0.2403606795325911,-0.07297450648022268,1.6608678024921122,0.24089753526951235,-0.0730729833318539,1.6609761099930531,0.24089753526951235,-0.0730729833318539,1.6609761099930531,0.0,0.0,0.0,4.466727742572041,0.07444546237620069
1.1759999999999813,0.24035346691322138,-0.07296640906127007,1.6608583711543994,0.24089753526951235,-0.0730729833318539,1.6609761099930531,0.24089753526951235,-0.0730729833318539,1.6609761099930531,0.0,0.0,0.0,4.467627755713116,0.0744604625952186
1.1769999999999812,0.24034648177768902,-0.0729583923452214,1.6608490403001355,0.24089753526951235,-0.0730729833318539,1.6609761099930531,0.24089753526951235,-0.0730729833318539,1.6609761099930531,0.0,0.0,0.0,4.468520388418963,0.0744753398069827
1.177999999999981,0.2403397216432733,-0.07295045759769614,1.6608398112306275,0.24089753526951235,-0.0730729833318539,1.6609761099930531,0.24089753526951235,-0.0730729833318539,1.6609761099930531,0.0,0.0,0.0,4.469405676177209,0.07449009460295349
1.178999999999981,0.2403331840343682,-0.07294260603759649,1.660830685193849,0.24089753526951235,-0.0730729833318539,1.6609761099930531,0.24089753526951235,-0.0730729833318539,1.6609761099930531,0.0,0.0,0.0,4.470283655422432,0.07450472759037387
1.1799999999999808,0.2403268664826151,-0.0729348388377062,1.660821663385216,0.24089753526951235,-0.0730729833318539,1.6609761099930531,0.24089753526951235,-0.0730729833318539,1.6609761099930531,0.0,0.0,0.0,4.471154363439616,0.07451923939066026
1.1809999999999807,0.24032076652703574,-0.07292715712528774,1.6608127469483533,0.24089753526951235,-0.0730729833318539,1.6609761099930531,0.24089753526951235,-0.0730729833318539,1.6609761099930531,0.0,0.0,0.0,4.472017838270664,0.07453363063784439
1.1819999999999806,0.24031488171415838,-0.07291956198268283,1.660803936975865,0.24089753526951235,-0.0730729833318539,1.6609761099930531,0.24089753526951235,-0.0730729833318539,1.6609761099930531,0.0,0.0,0.0,4.472874118628928,0.0745479019771488
1.1829999999999805,0.2403092095981424,-0.07291205444791105,1.6607952345100938,0.24089753526951235,-0.0730729833318539,1.6609761099930531,0.24089753526951235,-0.0730729833318539,1.6609761099930531,0.0,0.0,0.0,4.473723243816674,0.07456205406361123
1.1839999999999804,0.24030374774089971,-0.07290463551527006,1.660786640543881,0.24089753526951235,-0.0730729833318539,1.6609761099930531,0.24089753526951235,-0.0730729833318539,1.6609761099930531,0.0,0.0,0.0,4.474565253647803,0.07457608756079673
1.1849999999999803,0.240298493712213,-0.07289730613593474,1.6607781560213166,0.24089753526951235,-0.0730729833318539,1.6609761099930531,0.24089753526951235,-0.0730729833318539,1.6609761099930531,0.0,0.0,0.0,4.475400188375375,0.07459000313958959
1.1859999999999802,0.24029344508985195,-0.07289006721855676,1.6607697818384928,0.24089753526951235,-0.0730729833318539,1.6609761099930531,0.24089753526951235,-0.0730729833318539,1.6609761099930531,0.0,0.0,0.0,4.476228088623969,0.07460380147706616
1.18699999999998,0.24028859945968636,-0.072882919629862,1.6607615188442448,0.24089753526951235,-0.0730729833318539,1.6609761099930531,0.24089753526951235,-0.0730729833318539,1.6609761099930531,0.0,0.0,0.0,4.477048995324104,0.07461748325540173
1.18799999999998,0.24028395441579792,-0.07287586419524882,1.66075336784089,0.24089753526951235,-0.0730729833318539,1.6609761099930531,0.24089753526951235,-0.0730729833318539,1.6609761099930531,0.0,0.0,0.0,4.477862949653328,0.07463104916088881
1.1889999999999799,0.24027950756058886,-0.07286890169938355,1.6607453295849646,0.24089753526951235,-0.0730729833318539,1.6609761099930531,0.24089753526951235,-0.0730729833318539,1.6609761099930531,0.0,0.0,0.0,4.478669992979436,0.07464449988299059
1.1899999999999797,0.24027525650488935,-0.0728620328867966,1.6607374047879522,0.24089753526951235,-0.0730729833318539,1.6609761099930531,0.24089753526951235,-0.0730729833318539,1.6609761099930531,0.0,0.0,0.0,4.479470166806648,0.07465783611344413
1.1909999999999796,0.24027119886806317,-0.07285525846247393,1.660729594117009,0.24089753526951235,-0.0730729833318539,1.6609761099930531,0.24089753526951235,-0.0730729833318539,1.6609761099930531,0.0,0.0,0.0,4.480263512727314,0.07467105854545524
1.1919999999999795,0.24026733227811153,-0.07284857909244939,1.6607218981956833,0.24089753526951235,-0.0730729833318539,1.6609761099930531,0.24089753526951235,-0.0730729833318539,1.6609761099930531,0.0,0.0,0.0,4.481050072374926,0.07468416787291544
1.1929999999999794,0.2402636543717748,-0.07284199540439454,1.66071431760463,0.24089753526951235,-0.0730729833318539,1.6609761099930531,0.24089753526951235,-0.0730729833318539,1.6609761099930531,0.0,0.0,0.0,4.481829887381537,0.0746971647896923
1.1939999999999793,0.2402601627946342,-0.0728355079882048,1.6607068528823208,0.24089753526951235,-0.0730729833318539,1.6609761099930531,0.24089753526951235,-0.0730729833318539,1.6609761099930531,0.0,0.0,0.0,4.482602999337048,0.0747100499889508
1.1949999999999792,0.2402568552012106,-0.07282911739658526,1.6606995045257469,0.24089753526951235,-0.0730729833318539,1.6609761099930531,0.24089753526951235,-0.0730729833318539,1.6609761099930531,0.0,0.0,0.0,4.483369449752179,0.07472282416253632
1.195999999999979,0.24025372925506241,-0.07282282414563311,1.6606922729911202,0.24089753526951235,-0.0730729833318539,1.6609761099930531,0.24089753526951235,-0.0730729833318539,1.6609761099930531,0.0,0.0,0.0,4.484129280024303,0.07473548800040504
1.196999999999979,0.24025078262888389,-0.07281662871541662,1.660685158694566,0.24089753526951235,-0.0730729833318539,1.6609761099930531,0.24089753526951235,-0.0730729833318539,1.6609761099930531,0.0,0.0,0.0,4.484882531404604,0.07474804219007673
1.1979999999999789,0.24024801300459975,-0.07281053155055256,1.6606781620128077,0.24089753526951235,-0.0730729833318539,1.6609761099930531,0.24089753526951235,-0.0730729833318539,1.6609761099930531,0.0,0.0,0.0,4.485629244969378,0.0747604874161563
1.1989999999999787,0.2402454180734614,-0.07280453306078134,1.6606712832838575,0.24089753526951235,-0.0730729833318539,1.6609761099930531,0.24089753526951235,-0.0730729833318539,1.6609761099930531,0.0,0.0,0.0,4.486369461592834,0.07477282435988057
1.1999999999999786,0.24024299553613987,-0.0727986336215353,1.6606645228076862,0.24089753526951235,-0.0730729833318539,1.6609761099930531,0.24089753526951235,-0.0730729833318539,1.6609761099930531,0.0,0.0,0.0,4.487103221921515,0.07478505369869191
1.2009999999999785,0.24024074310281926,-0.07279283357450897,1.6606578808468988,0.24089753526951235,-0.0730729833318539,1.6609761099930531,0.24089753526951235,-0.0730729833318539,1.6609761099930531,0.0,0.0,0.0,4.487830566352367,0.07479717610587279
1.2019999999999784,0.24023865849328996,-0.07278713322822314,1.6606513576274016,0.24089753526951235,-0.0730729833318539,1.6609761099930531,0.24089753526951235,-0.0730729833318539,1.6609761099930531,0.0,0.0,0.0,4.488551535011209,0.07480919225018681
1.2029999999999783,0.24023673943703844,-0.07278153285858492,1.6606449533390595,0.24089753526951235,-0.0730729833318539,1.6609761099930531,0.24089753526951235,-0.0730729833318539,1.6609761099930531,0.0,0.0,0.0,4.489266167734592,0.07482110279557654
1.2039999999999782,0.24023498367334006,-0.07277603270944637,1.6606386681363543,0.24089753526951235,-0.0730729833318539,1.6609761099930531,0.24089753526951235,-0.0730729833318539,1.6609761099930531,0.0,0.0,0.0,4.489974504052624,0.07483290840087706
1.204999999999978,0.24023338895134722,-0.07277063299315766,1.6606325021390342,0.24089753526951235,-0.0730729833318539,1.6609761099930531,0.24089753526951235,-0.0730729833318539,1.6609761099930531,0.0,0.0,0.0,4.490676583173733,0.07484460971956222
1.205999999999978,0.24023195303017936,-0.07276533389111836,1.6606264554327552,0.24089753526951235,-0.0730729833318539,1.6609761099930531,0.24089753526951235,-0.0730729833318539,1.6609761099930531,0.0,0.0,0.0,4.491372443970499,0.07485620739950831
1.2069999999999779,0.24023067367901263,-0.0727601355543237,1.6606205280697244,0.24089753526951235,-0.0730729833318539,1.6609761099930531,0.24089753526951235,-0.0730729833318539,1.6609761099930531,0.0,0.0,0.0,4.492062124968573,0.07486770208280955
1.2079999999999778,0.2402295486771668,-0.07275503810390632,1.6606147200693264,0.24089753526951235,-0.0730729833318539,1.6609761099930531,0.24089753526951235,-0.0730729833318539,1.6609761099930531,0.0,0.0,0.0,4.492745664335032,0.07487909440558387
1.2089999999999776,0.24022857581419294,-0.07275004163167714,1.660609031418756,0.24089753526951235,-0.0730729833318539,1.6609761099930531,0.24089753526951235,-0.0730729833318539,1.6609761099930531,0.0,0.0,0.0,4.493423099870267,0.07489038499783778
1.2099999999999775,0.24022775288996084,-0.07274514620065815,1.660603462073636,0.24089753526951235,-0.0730729833318539,1.6609761099930531,0.24089753526951235,-0.0730729833318539,1.6609761099930531,0.0,0.0,0.0,4.494094468999188,0.07490157448331981
1.2109999999999774,0.2402270777147446,-0.07274035184561453,1.6605980119586348,0.24089753526951235,-0.0730729833318539,1.6609761099930531,0.24089753526951235,-0.0730729833318539,1.6609761099930531,0.0,0.0,0.0,4.4947598087649645,0.07491266347941608
1.2119999999999773,0.24022654810930924,-0.07273565857358137,1.6605926809680764,0.24089753526951235,-0.0730729833318539,1.6609761099930531,0.24089753526951235,-0.0730729833318539,1.6609761099930531,0.0,0.0,0.0,4.495419155823337,0.07492365259705562
1.2129999999999772,0.24022616190499393,-0.07273106636438531,1.6605874689665416,0.24089753526951235,-0.0730729833318539,1.6609761099930531,0.24089753526951235,-0.0730729833318539,1.6609761099930531,0.0,0.0,0.0,4.496072546438142,0.0749345424406357
1.213999999999977,0.24022591694380008,-0.07272657517116446,1.6605823757894727,0.24089753526951235,-0.0730729833318539,1.6609761099930531,0.24089753526951235,-0.0730729833318539,1.6609761099930531,0.0,0.0,0.0,4.496720016478276,0.07494533360797127
1.214999999999977,0.24022581107847096,-0.07272218492088106,1.6605774012437606,0.24089753526951235,-0.0730729833318539,1.6609761099930531,0.24089753526951235,-0.0730729833318539,1.6609761099930531,0.0,0.0,0.0,4.497361601414718,0.0749560266902453
1.2159999999999769,0.24022584217257892,-0.07271789551483254,1.6605725451083346,0.24089753526951235,-0.0730729833318539,1.6609761099930531,0.24089753526951235,-0.0730729833318539,1.6609761099930531,0.0,0.0,0.0,4.49799733631919,0.0749666222719865
1.2169999999999768,0.24022600810060604,-0.07271370682915676,1.6605678071347447,0.24089753526951235,-0.0730729833318539,1.6609761099930531,0.24089753526951235,-0.0730729833318539,1.6609761099930531,0.0,0.0,0.0,4.498627255863746,0.07497712093106243
1.2179999999999767,0.24022630674802709,-0.07270961871533341,1.6605631870477344,0.24089753526951235,-0.0730729833318539,1.6609761099930531,0.24089753526951235,-0.0730729833318539,1.6609761099930531,0.0,0.0,0.0,4.499251394320381,0.07498752323867301
1.2189999999999765,0.24022673601139133,-0.07270563100068107,1.6605586845458165,0.24089753526951235,-0.0730729833318539,1.6609761099930531,0.24089753526951235,-0.0730729833318539,1.6609761099930531,0.0,0.0,0.0,4.499869785562158,0.07499782975936929
1.2199999999999764,0.24022729379840352,-0.07270174348884906,1.660554299301829,0.24089753526951235,-0.0730729833318539,1.6609761099930531,0.24089753526951235,-0.0730729833318539,1.6609761099930531,0.0,0.0,0.0,4.500482463064165,0.07500804105106941
1.2209999999999763,0.24022797802800466,-0.0726979559603069,1.6605500309635035,0.24089753526951235,-0.0730729833318539,1.6609761099930531,0.24089753526951235,-0.0730729833318539,1.6609761099930531,0.0,0.0,0.0,4.5010894599068445,0.07501815766511408
1.2219999999999762,0.24022878663045125,-0.07269426817282623,1.6605458791540118,0.24089753526951235,-0.0730729833318539,1.6609761099930531,0.24089753526951235,-0.0730729833318539,1.6609761099930531,0.0,0.0,0.0,4.501690808777491,0.07502818014629152
1.222999999999976,0.2402297175473952,-0.07269067986196215,1.6605418434725163,0.24089753526951235,-0.0730729833318539,1.6609761099930531,0.24089753526951235,-0.0730729833318539,1.6609761099930531,0.0,0.0,0.0,4.50228654197437,0.07503810903290617
1.223999999999976,0.24023076873196175,-0.07268719074152569,1.6605379234947109,0.24089753526951235,-0.0730729833318539,1.6609761099930531,0.24089753526951235,-0.0730729833318539,1.6609761099930531,0.0,0.0,0.0,4.50287669140992,0.075047944856832
1.2249999999999759,0.24023193814882807,-0.07268380050405643,1.6605341187733562,0.24089753526951235,-0.0730729833318539,1.6609761099930531,0.24089753526951235,-0.0730729833318539,1.6609761099930531,0.0,0.0,0.0,4.5034612886156555,0.07505768814359426
1.2259999999999758,0.24023322377430023,-0.07268050882128668,1.6605304288388147,0.24089753526951235,-0.0730729833318539,1.6609761099930531,0.24089753526951235,-0.0730729833318539,1.6609761099930531,0.0,0.0,0.0,4.50404036474682,0.075067339412447
1.2269999999999757,0.24023462359638903,-0.0726773153446029,1.6605268531995696,0.24089753526951235,-0.0730729833318539,1.6609761099930531,0.24089753526951235,-0.0730729833318539,1.6609761099930531,0.0,0.0,0.0,4.504613950587017,0.07507689917645029
1.2279999999999756,0.24023613561488757,-0.0726742197055033,1.66052339134275,0.24089753526951235,-0.0730729833318539,1.6609761099930531,0.24089753526951235,-0.0730729833318539,1.6609761099930531,0.0,0.0,0.0,4.505182076554868,0.07508636794258113
1.2289999999999754,0.24023775784144352,-0.07267122151604954,1.6605200427346412,0.24089753526951235,-0.0730729833318539,1.6609761099930531,0.24089753526951235,-0.0730729833318539,1.6609761099930531,0.0,0.0,0.0,4.505744772708443,0.07509574621180738
1.2299999999999753,0.24023948829963615,-0.07266832036931496,1.6605168068211944,0.24089753526951235,-0.0730729833318539,1.6609761099930531,0.24089753526951235,-0.0730729833318539,1.6609761099930531,0.0,0.0,0.0,4.506302068752559,0.07510503447920931
1.2309999999999752,0.2402413250250489,-0.07266551583982657,1.66051368302853,0.24089753526951235,-0.0730729833318539,1.6609761099930531,0.24089753526951235,-0.0730729833318539,1.6609761099930531,0.0,0.0,0.0,4.50685399404534,0.075114233234089
1.2319999999999751,0.2402432660653404,-0.07266280748400493,1.660510670763436,0.24089753526951235,-0.0730729833318539,1.6609761099930531,0.24089753526951235,-0.0730729833318539,1.6609761099930531,0.0,0.0,0.0,4.507400577604497,0.07512334296007496
1.232999999999975,0.2402453094803187,-0.07266019484059857,1.660507769413855,0.24089753526951235,-0.0730729833318539,1.6609761099930531,0.24089753526951235,-0.0730729833318539,1.6609761099930531,0.0,0.0,0.0,4.507941848114046,0.07513236413523411
1.233999999999975,0.24024745334201056,-0.07265767743111232,1.6605049783493786,0.24089753526951235,-0.0730729833318539,1.6609761099930531,0.24089753526951235,-0.0730729833318539,1.6609761099930531,0.0,0.0,0.0,4.508477833933003,0.07514129723221671
1.2349999999999748,0.2402496957347326,-0.07265525476023317,1.6605022969217214,0.24089753526951235,-0.0730729833318539,1.6609761099930531,0.24089753526951235,-0.0730729833318539,1.6609761099930531,0.0,0.0,0.0,4.50900856310096,0.07515014271834934
1.2359999999999747,0.24025203475515908,-0.07265292631625121,1.6604997244651991,0.24089753526951235,-0.0730729833318539,1.6609761099930531,0.24089753526951235,-0.0730729833318539,1.6609761099930531,0.0,0.0,0.0,4.509534063347161,0.07515890105578601
1.2369999999999746,0.24025446851239168,-0.072650691571476,1.6604972602972015,0.24089753526951235,-0.0730729833318539,1.6609761099930531,0.24089753526951235,-0.0730729833318539,1.6609761099930531,0.0,0.0,0.0,4.5100543620976765,0.07516757270162794
1.2379999999999745,0.24025699512802573,-0.07264854998264653,1.6604949037186523,0.24089753526951235,-0.0730729833318539,1.6609761099930531,0.24089753526951235,-0.0730729833318539,1.6609761099930531,0.0,0.0,0.0,4.510569486482927,0.07517615810804879
1.2389999999999743,0.2402596127362166,-0.07264650099133997,1.6604926540144727,0.24089753526951235,-0.0730729833318539,1.6609761099930531,0.24089753526951235,-0.0730729833318539,1.6609761099930531,0.0,0.0,0.0,4.511079463346722,0.07518465772244537
1.2399999999999742,0.24026231948374488,-0.07264454402437444,1.660490510454032,0.24089753526951235,-0.0730729833318539,1.6609761099930531,0.24089753526951235,-0.0730729833318539,1.6609761099930531,0.0,0.0,0.0,4.511584319253177,0.07519307198755294
1.2409999999999741,0.24026511353008034,-0.0726426784942057,1.660488472291599,0.24089753526951235,-0.0730729833318539,1.6609761099930531,0.24089753526951235,-0.0730729833318539,1.6609761099930531,0.0,0.0,0.0,4.512084080495676,0.0752014013415946
1.241999999999974,0.24026799304744723,-0.07264090379932266,1.6604865387667869,0.24089753526951235,-0.0730729833318539,1.6609761099930531,0.24089753526951235,-0.0730729833318539,1.6609761099930531,0.0,0.0,0.0,4.51257877310516,0.07520964621841933
1.242999999999974,0.24027095622088196,-0.07263921932463505,1.6604847091049857,0.24089753526951235,-0.0730729833318539,1.6609761099930531,0.24089753526951235,-0.0730729833318539,1.6609761099930531,0.0,0.0,0.0,4.5130684228577085,0.07521780704762847
1.2439999999999738,0.24027400124829779,-0.07263762444186005,1.6604829825178005,0.24089753526951235,-0.0730729833318539,1.6609761099930531,0.24089753526951235,-0.0730729833318539,1.6609761099930531,0.0,0.0,0.0,4.513553055283436,0.07522588425472394
1.2449999999999737,0.24027712634054388,-0.07263611850990045,1.660481358203478,0.24089753526951235,-0.0730729833318539,1.6609761099930531,0.24089753526951235,-0.0730729833318539,1.6609761099930531,0.0,0.0,0.0,4.514032695674848,0.07523387826124746
1.2459999999999736,0.24028032972146207,-0.07263470087522367,1.6604798353473276,0.24089753526951235,-0.0730729833318539,1.6609761099930531,0.24089753526951235,-0.0730729833318539,1.6609761099930531,0.0,0.0,0.0,4.5145073690948925,0.07524178948491488
1.2469999999999735,0.24028360962794826,-0.0726333708722307,1.6604784131221426,0.24089753526951235,-0.0730729833318539,1.6609761099930531,0.24089753526951235,-0.0730729833318539,1.6609761099930531,0.0,0.0,0.0,4.514977100385378,0.07524961833975631
1.2479999999999734,0.24028696431000263,-0.07263212782362483,1.660477090688605,0.24089753526951235,-0.0730729833318539,1.6609761099930531,0.24089753526951235,-0.0730729833318539,1.6609761099930531,0.0,0.0,0.0,4.5154419141751845,0.07525736523625308
1.2489999999999732,0.24029039203079103,-0.07263097104077428,1.660475867195701,0.24089753526951235,-0.0730729833318539,1.6609761099930531,0.24089753526951235,-0.0730729833318539,1.6609761099930531,0.0,0.0,0.0,4.515901834888839,0.07526503058148065
1.2499999999999731,0.24029389106669405,-0.07262989982407099,1.660474741781116,0.24089753526951235,-0.0730729833318539,1.6609761099930531,0.24089753526951235,-0.0730729833318539,1.6609761099930531,0.0,0.0,0.0,4.5163568867547506,0.07527261477924584
1.250999999999973,0.2402974597073629,-0.07262891346328477,1.660473713571639,0.24089753526951235,-0.0730729833318539,1.6609761099930531,0.24089753526951235,-0.0730729833318539,1.6609761099930531,0.0,0.0,0.0,4.5168070938131235,0.07528011823021873
1.251999999999973,0.2403010962557686,-0.07262801123791333,1.660472781683549,0.24089753526951235,-0.0730729833318539,1.6609761099930531,0.24089753526951235,-0.0730729833318539,1.6609761099930531,0.0,0.0,0.0,4.517252479923707,0.07528754133206178
1.2529999999999728,0.24030479902825044,-0.07262719241752713,1.6604719452229983,0.24089753526951235,-0.0730729833318539,1.6609761099930531,0.24089753526951235,-0.0730729833318539,1.6609761099930531,0.0,0.0,0.0,4.517693068774606,0.07529488447957676
1.2539999999999727,0.24030856635457087,-0.0726264562621134,1.6604712032864066,0.24089753526951235,-0.0730729833318539,1.6609761099930531,0.24089753526951235,-0.0730729833318539,1.6609761099930531,0.0,0.0,0.0,4.518128883890227,0.07530214806483711
1.2549999999999726,0.24031239657795328,-0.07262580202240998,1.660470554960824,0.24089753526951235,-0.0730729833318539,1.6609761099930531,0.24089753526951235,-0.0730729833318539,1.6609761099930531,0.0,0.0,0.0,4.518559948638834,0.0753093324773139
1.2559999999999725,0.24031628805513688,-0.0726252289402412,1.6604699993243153,0.24089753526951235,-0.0730729833318539,1.6609761099930531,0.24089753526951235,-0.0730729833318539,1.6609761099930531,0.0,0.0,0.0,4.518986286239995,0.07531643810399992
1.2569999999999724,0.24032023915641482,-0.07262473624884441,1.6604695354463157,0.24089753526951235,-0.0730729833318539,1.6609761099930531,0.24089753526951235,-0.0730729833318539,1.6609761099930531,0.0,0.0,0.0,4.519407919772693,0.07532346532954488
1.2579999999999723,0.24032424826568066,-0.07262432317319663,1.6604691623880021,0.24089753526951235,-0.0730729833318539,1.6609761099930531,0.24089753526951235,-0.0730729833318539,1.6609761099930531,0.0,0.0,0.0,4.519824872183643,0.07533041453639405
1.2589999999999721,0.24032831378046968,-0.0726239889303337,1.6604688792026456,0.24089753526951235,-0.0730729833318539,1.6609761099930531,0.24089753526951235,-0.0730729833318539,1.6609761099930531,0.0,0.0,0.0,4.520237166293166,0.07533728610488609
1.259999999999972,0.24033243411199723,-0.07262373272966655,1.6604686849359651,0.24089753526951235,-0.0730729833318539,1.6609761099930531,0.24089753526951235,-0.0730729833318539,1.6609761099930531,0.0,0.0,0.0,4.520644824804235,0.07534408041340392
1.260999999999972,0.24033660768519893,-0.07262355377329395,1.6604685786264737,0.24089753526951235,-0.0730729833318539,1.6609761099930531,0.24089753526951235,-0.0730729833318539,1.6609761099930531,0.0,0.0,0.0,4.521047870308097,0.07535079783846828
1.2619999999999718,0.24034083293876896,-0.0726234512563107,1.6604685593058262,0.24089753526951235,-0.0730729833318539,1.6609761099930531,0.24089753526951235,-0.0730729833318539,1.6609761099930531,0.0,0.0,0.0,4.5214463252928905,0.0753574387548815
1.2629999999999717,0.24034510832519348,-0.07262342436711097,1.6604686259991515,0.24089753526951235,-0.0730729833318539,1.6609761099930531,0.24089753526951235,-0.0730729833318539,1.6609761099930531,0.0,0.0,0.0,4.5218402121497006,0.07536400353582834
1.2639999999999716,0.24034943231078582,-0.07262347228768914,1.6604687777253866,0.24089753526951235,-0.0730729833318539,1.6609761099930531,0.24089753526951235,-0.0730729833318539,1.6609761099930531,0.0,0.0,0.0,4.522229553179524,0.07537049255299207
1.2649999999999715,0.24035380337571982,-0.07262359419393419,1.6604690134976108,0.24089753526951235,-0.0730729833318539,1.6609761099930531,0.24089753526951235,-0.0730729833318539,1.6609761099930531,0.0,0.0,0.0,4.5226143706007775,0.07537690617667962
1.2659999999999714,0.24035822001406196,-0.07262378925592425,1.6604693323233632,0.24089753526951235,-0.0730729833318539,1.6609761099930531,0.24089753526951235,-0.0730729833318539,1.6609761099930531,0.0,0.0,0.0,4.52299468655438,0.07538324477590634
1.2669999999999713,0.2403626807337989,-0.07262405663821171,1.660469733204967,0.24089753526951235,-0.0730729833318539,1.6609761099930531,0.24089753526951235,-0.0730729833318539,1.6609761099930531,0.0,0.0,0.0,4.523370523112155,0.07538950871853592
1.2679999999999712,0.24036718405686713,-0.072624395500109,1.6604702151398412,0.24089753526951235,-0.0730729833318539,1.6609761099930531,0.24089753526951235,-0.0730729833318539,1.6609761099930531,0.0,0.0,0.0,4.523741902281222,0.07539569837135371
1.268999999999971,0.24037172851917882,-0.07262480499596786,1.660470777120812,0.24089753526951235,-0.0730729833318539,1.6609761099930531,0.24089753526951235,-0.0730729833318539,1.6609761099930531,0.0,0.0,0.0,4.524108846011332,0.07540181410018887
1.269999999999971,0.2403763126706479,-0.07262528427545577,1.660471418136419,0.24089753526951235,-0.0730729833318539,1.6609761099930531,0.24089753526951235,-0.0730729833318539,1.6609761099930531,0.0,0.0,0.0,4.524471376200385,0.07540785627000642
1.2709999999999708,0.2403809350752124,-0.07262583248382726,1.6604721371712123,0.24089753526951235,-0.0730729833318539,1.6609761099930531,0.24089753526951235,-0.0730729833318539,1.6609761099930531,0.0,0.0,0.0,4.524829514700709,0.07541382524501182
1.2719999999999707,0.24038559431085765,-0.07262644876219446,1.6604729332060584,0.24089753526951235,-0.0730729833318539,1.6609761099930531,0.24089753526951235,-0.0730729833318539,1.6609761099930531,0.0,0.0,0.0,4.525183283324957,0.07541972138874928
1.2729999999999706,0.24039028896963638,-0.07262713224778902,1.6604738052184238,0.24089753526951235,-0.0730729833318539,1.6609761099930531,0.24089753526951235,-0.0730729833318539,1.6609761099930531,0.0,0.0,0.0,4.525532703850386,0.07542554506417311
1.2739999999999705,0.2403950176576844,-0.07262788207422394,1.6604747521826622,0.24089753526951235,-0.0730729833318539,1.6609761099930531,0.24089753526951235,-0.0730729833318539,1.6609761099930531,0.0,0.0,0.0,4.525877798025342,0.07543129663375571
1.2749999999999704,0.2403997789952444,-0.07262869737175072,1.660475773070307,0.24089753526951235,-0.0730729833318539,1.6609761099930531,0.24089753526951235,-0.0730729833318539,1.6609761099930531,0.0,0.0,0.0,4.526218587574761,0.07543697645957935
1.2759999999999703,0.24040457161667358,-0.0726295772675116,1.6604768668503411,0.24089753526951235,-0.0730729833318539,1.6609761099930531,0.24089753526951235,-0.0730729833318539,1.6609761099930531,0.0,0.0,0.0,4.5265550942046096,0.07544258490341016
1.2769999999999702,0.2404093941704632,-0.07263052088578975,1.6604780324894743,0.24089753526951235,-0.0730729833318539,1.6609761099930531,0.24089753526951235,-0.0730729833318539,1.6609761099930531,0.0,0.0,0.0,4.526887339606518,0.07544812232677531
1.27799999999997,0.24041424531925037,-0.07263152734825395,1.6604792689524182,0.24089753526951235,-0.0730729833318539,1.6609761099930531,0.24089753526951235,-0.0730729833318539,1.6609761099930531,0.0,0.0,0.0,4.527215345463822,0.0754535890910637
1.27899999999997,0.24041912373982405,-0.07263259577420074,1.660480575202143,0.24089753526951235,-0.0730729833318539,1.6609761099930531,0.24089753526951235,-0.0730729833318539,1.6609761099930531,0.0,0.0,0.0,4.527539133455025,0.07545898555758375
1.2799999999999698,0.24042402812314076,-0.07263372528079311,1.6604819502001484,0.24089753526951235,-0.0730729833318539,1.6609761099930531,0.24089753526951235,-0.0730729833318539,1.6609761099930531,0.0,0.0,0.0,4.52785872525887,0.07546431208764784
1.2809999999999697,0.24042895717432722,-0.07263491498329436,1.6604833929067164,0.24089753526951235,-0.0730729833318539,1.6609761099930531,0.24089753526951235,-0.0730729833318539,1.6609761099930531,0.0,0.0,0.0,4.528174142558426,0.07546956904264043
1.2819999999999696,0.2404339096126864,-0.07263616399529887,1.6604849022811636,0.24089753526951235,-0.0730729833318539,1.6609761099930531,0.24089753526951235,-0.0730729833318539,1.6609761099930531,0.0,0.0,0.0,4.528485407045273,0.07547475678408788
1.2829999999999695,0.24043888417170545,-0.07263747142896022,1.6604864772820946,0.24089753526951235,-0.0730729833318539,1.6609761099930531,0.24089753526951235,-0.0730729833318539,1.6609761099930531,0.0,0.0,0.0,4.5287925404236935,0.07547987567372823
1.2839999999999694,0.24044387959905414,-0.07263883639521374,1.6604881168676449,0.24089753526951235,-0.0730729833318539,1.6609761099930531,0.24089753526951235,-0.0730729833318539,1.6609761099930531,0.0,0.0,0.0,4.529095564414527,0.07548492607357546
1.2849999999999693,0.24044889465658728,-0.07264025800399684,1.6604898199957192,0.24089753526951235,-0.0730729833318539,1.6609761099930531,0.24089753526951235,-0.0730729833318539,1.6609761099930531,0.0,0.0,0.0,4.529394500758239,0.07548990834597065
1.2859999999999692,0.24045392812034447,-0.07264173536446687,1.6604915856242326,0.24089753526951235,-0.0730729833318539,1.6609761099930531,0.24089753526951235,-0.0730729833318539,1.6609761099930531,0.0,0.0,0.0,4.5296893712196145,0.07549482285366024
1.286999999999969,0.24045897878054684,-0.072643267585211,1.6604934127113404,0.24089753526951235,-0.0730729833318539,1.6609761099930531,0.24089753526951235,-0.0730729833318539,1.6609761099930531,0.0,0.0,0.0,4.52998019759036,0.07549966995983934
1.287999999999969,0.24046404544159344,-0.07264485377445959,1.6604953002156686,0.24089753526951235,-0.0730729833318539,1.6609761099930531,0.24089753526951235,-0.0730729833318539,1.6609761099930531,0.0,0.0,0.0,4.530267001692395,0.07550445002820658
1.2889999999999688,0.24046912692205608,-0.07264649304028924,1.6604972470965382,0.24089753526951235,-0.0730729833318539,1.6609761099930531,0.24089753526951235,-0.0730729833318539,1.6609761099930531,0.0,0.0,0.0,4.5305498053812885,0.07550916342302147
1.2899999999999687,0.24047422205467137,-0.07264818449082644,1.6604992523141846,0.24089753526951235,-0.0730729833318539,1.6609761099930531,0.24089753526951235,-0.0730729833318539,1.6609761099930531,0.0,0.0,0.0,4.530828630548864,0.07551381050914774
1.2909999999999686,0.2404793296863319,-0.07264992723444703,1.6605013148299763,0.24089753526951235,-0.0730729833318539,1.6609761099930531,0.24089753526951235,-0.0730729833318539,1.6609761099930531,0.0,0.0,0.0,4.531103499126426,0.07551839165210711
1.2919999999999685,0.24048444867807622,-0.07265172037997139,1.6605034336066269,0.24089753526951235,-0.0730729833318539,1.6609761099930531,0.24089753526951235,-0.0730729833318539,1.6609761099930531,0.0,0.0,0.0,4.531374433087176,0.0755229072181196
1.2929999999999684,0.24048957790507713,-0.07265356303685683,1.6605056076084048,0.24089753526951235,-0.0730729833318539,1.6609761099930531,0.24089753526951235,-0.0730729833318539,1.6609761099930531,0.0,0.0,0.0,4.53164145444857,0.07552735757414283
1.2939999999999683,0.24049471625662597,-0.0726554543153866,1.6605078358013379,0.24089753526951235,-0.0730729833318539,1.6609761099930531,0.24089753526951235,-0.0730729833318539,1.6609761099930531,0.0,0.0,0.0,4.531904585275049,0.07553174308791748
1.2949999999999682,0.24049986263612055,-0.07265739332685581,1.6605101171534158,0.24089753526951235,-0.0730729833318539,1.6609761099930531,0.24089753526951235,-0.0730729833318539,1.6609761099930531,0.0,0.0,0.0,4.5321638476796675,0.07553606412799446
1.295999999999968,0.24050501596104462,-0.0726593791837532,1.6605124506347846,0.24089753526951235,-0.0730729833318539,1.6609761099930531,0.24089753526951235,-0.0730729833318539,1.6609761099930531,0.0,0.0,0.0,4.5324192638272525,0.07554032106378754
1.296999999999968,0.24051017516295276,-0.07266141099994101,1.6605148352179464,0.24089753526951235,-0.0730729833318539,1.6609761099930531,0.24089753526951235,-0.0730729833318539,1.6609761099930531,0.0,0.0,0.0,4.532670855935382,0.0755445142655897
1.2979999999999678,0.2405153391874489,-0.07266348789083048,1.6605172698779442,0.24089753526951235,-0.0730729833318539,1.6609761099930531,0.24089753526951235,-0.0730729833318539,1.6609761099930531,0.0,0.0,0.0,4.532918646276662,0.07554864410461103
1.2989999999999677,0.24052050699416336,-0.0726656089735533,1.6605197535925498,0.24089753526951235,-0.0730729833318539,1.6609761099930531,0.24089753526951235,-0.0730729833318539,1.6609761099930531,0.0,0.0,0.0,4.533162657180495,0.07555271095300825
1.2999999999999676,0.24052567755673226,-0.07266777336713282,1.6605222853424484,0.24089753526951235,-0.0730729833318539,1.6609761099930531,0.24089753526951235,-0.0730729833318539,1.6609761099930531,0.0,0.0,0.0,4.533402911034311,0.07555671518390518
1.3009999999999675,0.24053084986277087,-0.07266998019264888,1.660524864111416,0.24089753526951235,-0.0730729833318539,1.6609761099930531,0.24089753526951235,-0.0730729833318539,1.6609761099930531,0.0,0.0,0.0,4.533639430285204,0.07556065717142006
1.3019999999999674,0.2405360229138485,-0.07267222857340123,1.6605274888864952,0.24089753526951235,-0.0730729833318539,1.6609761099930531,0.24089753526951235,-0.0730729833318539,1.6609761099930531,0.0,0.0,0.0,4.533872237441018,0.07556453729068363
1.3029999999999673,0.24054119572546018,-0.07267451763506996,1.6605301586581682,0.24089753526951235,-0.0730729833318539,1.6609761099930531,0.24089753526951235,-0.0730729833318539,1.6609761099930531,0.0,0.0,0.0,4.534101355072345,0.0755683559178724
1.3039999999999672,0.24054636732699686,-0.0726768465058707,1.6605328724205222,0.24089753526951235,-0.0730729833318539,1.6609761099930531,0.24089753526951235,-0.0730729833318539,1.6609761099930531,0.0,0.0,0.0,4.534326805812262,0.07557211343020437
1.304999999999967,0.24055153676171548,-0.07267921431670915,1.660535629171419,0.24089753526951235,-0.0730729833318539,1.6609761099930531,0.24089753526951235,-0.0730729833318539,1.6609761099930531,0.0,0.0,0.0,4.5345486123584955,0.07557581020597492
1.305999999999967,0.2405567030867064,-0.07268162020133304,1.6605384279126547,0.24089753526951235,-0.0730729833318539,1.6609761099930531,0.24089753526951235,-0.0730729833318539,1.6609761099930531,0.0,0.0,0.0,4.53476679747343,0.07557944662455716
1.3069999999999669,0.24056186537285904,-0.07268406329647634,1.6605412676501146,0.24089753526951235,-0.0730729833318539,1.6609761099930531,0.24089753526951235,-0.0730729833318539,1.6609761099930531,0.0,0.0,0.0,4.534981383985108,0.07558302306641847
1.3079999999999667,0.2405670227048275,-0.07268654274200777,1.6605441473939302,0.24089753526951235,-0.0730729833318539,1.6609761099930531,0.24089753526951235,-0.0730729833318539,1.6609761099930531,0.0,0.0,0.0,4.535192394787851,0.07558653991313084
1.3089999999999666,0.24057217418099244,-0.07268905768106874,1.660547066158633,0.24089753526951235,-0.0730729833318539,1.6609761099930531,0.24089753526951235,-0.0730729833318539,1.6609761099930531,0.0,0.0,0.0,4.535399852842781,0.07558999754737969
1.3099999999999665,0.24057731891342443,-0.07269160726021409,1.6605500229632968,0.24089753526951235,-0.0730729833318539,1.6609761099930531,0.24089753526951235,-0.0730729833318539,1.6609761099930531,0.0,0.0,0.0,4.5356037811776835,0.07559339635296139
1.3109999999999664,0.24058245602784306,-0.07269419062954713,1.6605530168316869,0.24089753526951235,-0.0730729833318539,1.6609761099930531,0.24089753526951235,-0.0730729833318539,1.6609761099930531,0.0,0.0,0.0,4.535804202888295,0.07559673671480492
1.3119999999999663,0.24058758466357627,-0.07269680694285167,1.6605560467923985,0.24089753526951235,-0.0730729833318539,1.6609761099930531,0.24089753526951235,-0.0730729833318539,1.6609761099930531,0.0,0.0,0.0,4.536001141137259,0.07560001901895431
1.3129999999999662,0.24059270397351862,-0.07269945535772261,1.6605591118789955,0.24089753526951235,-0.0730729833318539,1.6609761099930531,0.24089753526951235,-0.0730729833318539,1.6609761099930531,0.0,0.0,0.0,4.536194619154784,0.07560324365257974
1.313999999999966,0.24059781312408512,-0.07270213503569302,1.6605622111301452,0.24089753526951235,-0.0730729833318539,1.6609761099930531,0.24089753526951235,-0.0730729833318539,1.6609761099930531,0.0,0.0,0.0,4.5363846602391,0.07560641100398499
1.314999999999966,0.24060291129516842,-0.07270484514235688,1.6605653435897492,0.24089753526951235,-0.0730729833318539,1.6609761099930531,0.24089753526951235,-0.0730729833318539,1.6609761099930531,0.0,0.0,0.0,4.53657128775486,0.075609521462581
1.3159999999999659,0.24060799768009153,-0.07270758484749218,1.6605685083070736,0.24089753526951235,-0.0730729833318539,1.6609761099930531,0.24089753526951235,-0.0730729833318539,1.6609761099930531,0.0,0.0,0.0,4.536754525134352,0.07561257541890587
1.3169999999999658,0.24061307148555877,-0.07271035332517735,1.6605717043368702,0.24089753526951235,-0.0730729833318539,1.6609761099930531,0.24089753526951235,-0.0730729833318539,1.6609761099930531,0.0,0.0,0.0,4.536934395876099,0.07561557326460164
1.3179999999999656,0.2406181319316064,-0.07271314975390852,1.6605749307395015,0.24089753526951235,-0.0730729833318539,1.6609761099930531,0.24089753526951235,-0.0730729833318539,1.6609761099930531,0.0,0.0,0.0,4.53711092354536,0.07561851539242267
1.3189999999999655,0.24062317825155372,-0.07271597331671159,1.6605781865810603,0.24089753526951235,-0.0730729833318539,1.6609761099930531,0.24089753526951235,-0.0730729833318539,1.6609761099930531,0.0,0.0,0.0,4.537284131772575,0.07562140219620958
1.3199999999999654,0.2406282096919493,-0.07271882320125242,1.6605814709334812,0.24089753526951235,-0.0730729833318539,1.6609761099930531,0.24089753526951235,-0.0730729833318539,1.6609761099930531,0.0,0.0,0.0,4.537454044253516,0.07562423407089193
1.3209999999999653,0.24063322551251845,-0.07272169859994526,1.6605847828746578,0.24089753526951235,-0.0730729833318539,1.6609761099930531,0.24089753526951235,-0.0730729833318539,1.6609761099930531,0.0,0.0,0.0,4.53762068474844,0.075627011412474
1.3219999999999652,0.24063822498610823,-0.07272459871005574,1.6605881214885516,0.24089753526951235,-0.0730729833318539,1.6609761099930531,0.24089753526951235,-0.0730729833318539,1.6609761099930531,0.0,0.0,0.0,4.537784077080978,0.07562973461801631
1.322999999999965,0.2406432073986317,-0.07272752273380448,1.6605914858652946,0.24089753526951235,-0.0730729833318539,1.6609761099930531,0.24089753526951235,-0.0730729833318539,1.6609761099930531,0.0,0.0,0.0,4.53794424513722,0.07563240408562034
1.323999999999965,0.24064817204901187,-0.07273046987846661,1.6605948751012993,0.24089753526951235,-0.0730729833318539,1.6609761099930531,0.24089753526951235,-0.0730729833318539,1.6609761099930531,0.0,0.0,0.0,4.538101212865637,0.07563502021442729
1.3249999999999649,0.24065311824912086,-0.07273343935646757,1.6605982882993546,0.24089753526951235,-0.0730729833318539,1.6609761099930531,0.24089753526951235,-0.0730729833318539,1.6609761099930531,0.0,0.0,0.0,4.538255004274884,0.0756375834045814
1.3259999999999648,0.24065804532372378,-0.07273643038547808,1.6606017245687281,0.24089753526951235,-0.0730729833318539,1.6609761099930531,0.24089753526951235,-0.0730729833318539,1.6609761099930531,0.0,0.0,0.0,4.538405643433266,0.0756400940572211
1.3269999999999647,0.2406629526104146,-0.07273944218850688,1.6606051830252546,0.24089753526951235,-0.0730729833318539,1.6609761099930531,0.24089753526951235,-0.0730729833318539,1.6609761099930531,0.0,0.0,0.0,4.538553154467696,0.07564255257446159
1.3279999999999645,0.2406678394595574,-0.07274247399398732,1.6606086627914372,0.24089753526951235,-0.0730729833318539,1.6609761099930531,0.24089753526951235,-0.0730729833318539,1.6609761099930531,0.0,0.0,0.0,4.538697561562309,0.07564495935937181
1.3289999999999644,0.24067270523422007,-0.07274552503586723,1.6606121629965287,0.24089753526951235,-0.0730729833318539,1.6609761099930531,0.24089753526951235,-0.0730729833318539,1.6609761099930531,0.0,0.0,0.0,4.538838888956768,0.07564731481594614
1.3299999999999643,0.24067754931011334,-0.07274859455369116,1.6606156827766243,0.24089753526951235,-0.0730729833318539,1.6609761099930531,0.24089753526951235,-0.0730729833318539,1.6609761099930531,0.0,0.0,0.0,4.538977160945541,0.07564961934909235
1.3309999999999642,0.24068237107552298,-0.07275168179268247,1.6606192212747406,0.24089753526951235,-0.0730729833318539,1.6609761099930531,0.24089753526951235,-0.0730729833318539,1.6609761099930531,0.0,0.0,0.0,4.539112401875782,0.07565187336459636
1.331999999999964,0.24068716993124475,-0.0727547860038228,1.6606227776409006,0.24089753526951235,-0.0730729833318539,1.6609761099930531,0.24089753526951235,-0.0730729833318539,1.6609761099930531,0.0,0.0,0.0,4.539244636146517,0.07565407726910861
1.332999999999964,0.2406919452905163,-0.0727579064439299,1.6606263510322103,0.24089753526951235,-0.0730729833318539,1.6609761099930531,0.24089753526951235,-0.0730729833318539,1.6609761099930531,0.0,0.0,0.0,4.539373888206634,0.07565623147011057
1.3339999999999639,0.24069669657894904,-0.07276104237573057,1.6606299406129357,0.24089753526951235,-0.0730729833318539,1.6609761099930531,0.24089753526951235,-0.0730729833318539,1.6609761099930531,0.0,0.0,0.0,4.539500182553062,0.07565833637588436
1.3349999999999638,0.2407014232344578,-0.07276419306793389,1.660633545554574,0.24089753526951235,-0.0730729833318539,1.6609761099930531,0.24089753526951235,-0.0730729833318539,1.6609761099930531,0.0,0.0,0.0,4.539623543729652,0.0756603923954942
1.3359999999999637,0.2407061247071911,-0.07276735779530082,1.6606371650359266,0.24089753526951235,-0.0730729833318539,1.6609761099930531,0.24089753526951235,-0.0730729833318539,1.6609761099930531,0.0,0.0,0.0,4.539743996325223,0.07566239993875372
1.3369999999999636,0.24071080045945822,-0.07277053583871199,1.660640798243167,0.24089753526951235,-0.0730729833318539,1.6609761099930531,0.24089753526951235,-0.0730729833318539,1.6609761099930531,0.0,0.0,0.0,4.539861564971525,0.07566435941619208
1.3379999999999634,0.24071544996565888,-0.07277372648523207,1.6606444443699038,0.24089753526951235,-0.0730729833318539,1.6609761099930531,0.24089753526951235,-0.0730729833318539,1.6609761099930531,0.0,0.0,0.0,4.539976274341172,0.07566627123901953
1.3389999999999633,0.2407200727122064,-0.07277692902817447,1.6606481026172464,0.24089753526951235,-0.0730729833318539,1.6609761099930531,0.24089753526951235,-0.0730729833318539,1.6609761099930531,0.0,0.0,0.0,4.540088149147222,0.07566813581912037
1.3399999999999632,0.2407246681974557,-0.07278014276715984,1.6606517721938638,0.24089753526951235,-0.0730729833318539,1.6609761099930531,0.24089753526951235,-0.0730729833318539,1.6609761099930531,0.0,0.0,0.0,4.540197214139237,0.07566995356898729
1.340999999999963,0.24072923593162635,-0.07278336700817634,1.660655452316044,0.24089753526951235,-0.0730729833318539,1.6609761099930531,0.24089753526951235,-0.0730729833318539,1.6609761099930531,0.0,0.0,0.0,4.540303494102773,0.07567172490171288
1.341999999999963,0.24073377543672736,-0.0727866010636358,1.660659142207749,0.24089753526951235,-0.0730729833318539,1.6609761099930531,0.24089753526951235,-0.0730729833318539,1.6609761099930531,0.0,0.0,0.0,4.540407013856669,0.07567345023094448
1.342999999999963,0.2407382862464785,-0.07278984425242613,1.6606628411006672,0.24089753526951235,-0.0730729833318539,1.6609761099930531,0.24089753526951235,-0.0730729833318539,1.6609761099930531,0.0,0.0,0.0,4.54050779825124,0.075675129970854
1.3439999999999628,0.24074276790623317,-0.0727930958999662,1.660666548234266,0.24089753526951235,-0.0730729833318539,1.6609761099930531,0.24089753526951235,-0.0730729833318539,1.6609761099930531,0.0,0.0,0.0,4.540605872166098,0.07567676453610163
1.3449999999999627,0.24074721997289925,-0.0727963553382534,1.6606702628558376,0.24089753526951235,-0.0730729833318539,1.6609761099930531,0.24089753526951235,-0.0730729833318539,1.6609761099930531,0.0,0.0,0.0,4.540701260508069,0.07567835434180115
1.3459999999999626,0.24075164201485794,-0.07279962190591234,1.6606739842205498,0.24089753526951235,-0.0730729833318539,1.6609761099930531,0.24089753526951235,-0.0730729833318539,1.6609761099930531,0.0,0.0,0.0,4.540793988209419,0.07567989980349031
1.3469999999999624,0.24075603361188488,-0.0728028949482406,1.6606777115914841,0.24089753526951235,-0.0730729833318539,1.6609761099930531,0.24089753526951235,-0.0730729833318539,1.6609761099930531,0.0,0.0,0.0,4.540884080224326,0.0756814013370721
1.3479999999999623,0.24076039435506752,-0.07280617381725225,1.660681444239681,0.24089753526951235,-0.0730729833318539,1.6609761099930531,0.24089753526951235,-0.0730729833318539,1.6609761099930531,0.0,0.0,0.0,4.540971561528315,0.07568285935880525
1.3489999999999622,0.2407647238467233,-0.0728094578717196,1.6606851814441799,0.24089753526951235,-0.0730729833318539,1.6609761099930531,0.24089753526951235,-0.0730729833318539,1.6609761099930531,0.0,0.0,0.0,4.5410564571153715,0.07568427428525619
1.3499999999999621,0.24076902170031617,-0.07281274647721322,1.6606889224920518,0.24089753526951235,-0.0730729833318539,1.6609761099930531,0.24089753526951235,-0.0730729833318539,1.6609761099930531,0.0,0.0,0.0,4.541138791994998,0.07568564653324997
1.350999999999962,0.24077328754037364,-0.0728160390061384,1.660692666678441,0.24089753526951235,-0.0730729833318539,1.6609761099930531,0.24089753526951235,-0.0730729833318539,1.6609761099930531,0.0,0.0,0.0,4.541218591191089,0.07568697651985148
1.351999999999962,0.24077752100240102,-0.07281933483777236,1.6606964133065925,0.24089753526951235,-0.0730729833318539,1.6609761099930531,0.24089753526951235,-0.0730729833318539,1.6609761099930531,0.0,0.0,0.0,4.541295879738689,0.07568826466231147
1.3529999999999618,0.2407817217327977,-0.07282263335829714,1.6607001616878838,0.24089753526951235,-0.0730729833318539,1.6609761099930531,0.24089753526951235,-0.0730729833318539,1.6609761099930531,0.0,0.0,0.0,4.541370682681765,0.07568951137802941
1.3539999999999617,0.24078588938876988,-0.07282593396083155,1.6607039111418551,0.24089753526951235,-0.0730729833318539,1.6609761099930531,0.24089753526951235,-0.0730729833318539,1.6609761099930531,0.0,0.0,0.0,4.541443025071664,0.07569071708452774
1.3549999999999616,0.24079002363824553,-0.07282923604546196,1.6607076609962363,0.24089753526951235,-0.0730729833318539,1.6609761099930531,0.24089753526951235,-0.0730729833318539,1.6609761099930531,0.0,0.0,0.0,4.541512931962623,0.07569188219937704
1.3559999999999615,0.2407941241597859,-0.07283253901926917,1.6607114105869685,0.24089753526951235,-0.0730729833318539,1.6609761099930531,0.24089753526951235,-0.0730729833318539,1.6609761099930531,0.0,0.0,0.0,4.541580428413465,0.07569300714022442
1.3569999999999613,0.24079819064249902,-0.07283584229635581,1.6607151592582292,0.24089753526951235,-0.0730729833318539,1.6609761099930531,0.24089753526951235,-0.0730729833318539,1.6609761099930531,0.0,0.0,0.0,4.5416455394804265,0.07569409232467378
1.3579999999999612,0.24080222278594973,-0.07283914529787061,1.6607189063624506,0.24089753526951235,-0.0730729833318539,1.6609761099930531,0.24089753526951235,-0.0730729833318539,1.6609761099930531,0.0,0.0,0.0,4.541708290217277,0.07569513817028795
1.3589999999999611,0.24080622030007207,-0.07284244745202986,1.6607226512603401,0.24089753526951235,-0.0730729833318539,1.6609761099930531,0.24089753526951235,-0.0730729833318539,1.6609761099930531,0.0,0.0,0.0,4.541768705672572,0.07569614509454287
1.359999999999961,0.24081018290507955,-0.0728457481941407,1.6607263933208967,0.24089753526951235,-0.0730729833318539,1.6609761099930531,0.24089753526951235,-0.0730729833318539,1.6609761099930531,0.0,0.0,0.0,4.541826810886976,0.07569711351478293
1.360999999999961,0.24081411033137484,-0.07284904696661854,1.660730131921424,0.24089753526951235,-0.0730729833318539,1.6609761099930531,0.24089753526951235,-0.0730729833318539,1.6609761099930531,0.0,0.0,0.0,4.541882630890929,0.07569804384818216
1.3619999999999608,0.24081800231945918,-0.07285234321900486,1.660733866447546,0.24089753526951235,-0.0730729833318539,1.6609761099930531,0.24089753526951235,-0.0730729833318539,1.6609761099930531,0.0,0.0,0.0,4.5419361907023035,0.07569893651170506
1.3629999999999607,0.24082185861984123,-0.07285563640798334,1.6607375962932136,0.24089753526951235,-0.0730729833318539,1.6609761099930531,0.24089753526951235,-0.0730729833318539,1.6609761099930531,0.0,0.0,0.0,4.541987515323542,0.07569979192205903
1.3639999999999606,0.2408256789929462,-0.0728589259973936,1.6607413208607185,0.24089753526951235,-0.0730729833318539,1.6609761099930531,0.24089753526951235,-0.0730729833318539,1.6609761099930531,0.0,0.0,0.0,4.542036629739445,0.07570061049565742
1.3649999999999605,0.24082946320902304,-0.0728622114582447,1.6607450395606986,0.24089753526951235,-0.0730729833318539,1.6609761099930531,0.24089753526951235,-0.0730729833318539,1.6609761099930531,0.0,0.0,0.0,4.542083558914563,0.07570139264857606
1.3659999999999604,0.24083321104805236,-0.07286549226872399,1.660748751812141,0.24089753526951235,-0.0730729833318539,1.6609761099930531,0.24089753526951235,-0.0730729833318539,1.6609761099930531,0.0,0.0,0.0,4.542128327790646,0.07570213879651076
1.3669999999999602,0.2408369222996541,-0.07286876791420835,1.66075245704239,0.24089753526951235,-0.0730729833318539,1.6609761099930531,0.24089753526951235,-0.0730729833318539,1.6609761099930531,0.0,0.0,0.0,4.542170961284707,0.07570284935474512
1.3679999999999601,0.24084059676299255,-0.07287203788727038,1.6607561546871472,0.24089753526951235,-0.0730729833318539,1.6609761099930531,0.24089753526951235,-0.0730729833318539,1.6609761099930531,0.0,0.0,0.0,4.542211484285939,0.07570352473809899
1.36899999999996,0.24084423424668533,-0.07287530168768565,1.6607598441904723,0.24089753526951235,-0.0730729833318539,1.6609761099930531,0.24089753526951235,-0.0730729833318539,1.6609761099930531,0.0,0.0,0.0,4.54224992165281,0.07570416536088016
1.36999999999996,0.24084783456870645,-0.0728785588224362,1.6607635250047796,0.24089753526951235,-0.0730729833318539,1.6609761099930531,0.24089753526951235,-0.0730729833318539,1.6609761099930531,0.0,0.0,0.0,4.542286298211643,0.07570477163686071
1.3709999999999598,0.24085139755629478,-0.07288180880571454,1.660767196590841,0.24089753526951235,-0.0730729833318539,1.6609761099930531,0.24089753526951235,-0.0730729833318539,1.6609761099930531,0.0,0.0,0.0,4.5423206387537265,0.07570534397922878
1.3719999999999597,0.2408549230458572,-0.07288505115892432,1.6607708584177723,0.24089753526951235,-0.0730729833318539,1.6609761099930531,0.24089753526951235,-0.0730729833318539,1.6609761099930531,0.0,0.0,0.0,4.542352968032155,0.07570588280053592
1.3729999999999596,0.2408584108828743,-0.07288828541068082,1.660774509963036,0.24089753526951235,-0.0730729833318539,1.6609761099930531,0.24089753526951235,-0.0730729833318539,1.6609761099930531,0.0,0.0,0.0,4.5423833107606795,0.075706388512678
1.3739999999999595,0.24086186092180584,-0.0728915110968102,1.6607781507124282,0.24089753526951235,-0.0730729833318539,1.6609761099930531,0.24089753526951235,-0.0730729833318539,1.6609761099930531,0.0,0.0,0.0,4.542411691609791,0.07570686152682986
1.3749999999999594,0.2408652730259942,-0.07289472776034515,1.6607817801600722,0.24089753526951235,-0.0730729833318539,1.6609761099930531,0.24089753526951235,-0.0730729833318539,1.6609761099930531,0.0,0.0,0.0,4.542438135205514,0.07570730225342523
1.3759999999999593,0.2408686470675685,-0.07289793495152229,1.6607853978084037,0.24089753526951235,-0.0730729833318539,1.6609761099930531,0.24089753526951235,-0.0730729833318539,1.6609761099930531,0.0,0.0,0.0,4.542462666125934,0.07570771110209891
1.3769999999999591,0.24087198292735013,-0.07290113222777539,1.6607890031681645,0.24089753526951235,-0.0730729833318539,1.6609761099930531,0.24089753526951235,-0.0730729833318539,1.6609761099930531,0.0,0.0,0.0,4.542485308899671,0.07570808848166119
1.377999999999959,0.24087528049475393,-0.07290431915372945,1.6607925957583831,0.24089753526951235,-0.0730729833318539,1.6609761099930531,0.24089753526951235,-0.0730729833318539,1.6609761099930531,0.0,0.0,0.0,4.542506088002617,0.07570843480004362
1.378999999999959,0.24087853966769449,-0.07290749530119148,1.6607961751063647,0.24089753526951235,-0.0730729833318539,1.6609761099930531,0.24089753526951235,-0.0730729833318539,1.6609761099930531,0.0,0.0,0.0,4.542525027856071,0.07570875046426785
1.3799999999999588,0.24088176035248698,-0.07291066024914171,1.660799740747667,0.24089753526951235,-0.0730729833318539,1.6609761099930531,0.24089753526951235,-0.0730729833318539,1.6609761099930531,0.0,0.0,0.0,4.542542152824004,0.07570903588040007
1.3809999999999587,0.24088494246375267,-0.07291381358372168,1.6608032922260918,0.24089753526951235,-0.0730729833318539,1.6609761099930531,0.24089753526951235,-0.0730729833318539,1.6609761099930531,0.0,0.0,0.0,4.542557487211301,0.07570929145352169
1.3819999999999586,0.24088808592431968,-0.07291695489822342,1.6608068290936586,0.24089753526951235,-0.0730729833318539,1.6609761099930531,0.24089753526951235,-0.0730729833318539,1.6609761099930531,0.0,0.0,0.0,4.542571055260383,0.07570951758767304
1.3829999999999585,0.24089119066512785,-0.07292008379307509,1.6608103509105854,0.24089753526951235,-0.0730729833318539,1.6609761099930531,0.24089753526951235,-0.0730729833318539,1.6609761099930531,0.0,0.0,0.0,4.542582881149454,0.07570971468582424
1.3839999999999584,0.24089425662513073,-0.07292319987582624,1.6608138572452689,0.24089753526951235,-0.0730729833318539,1.6609761099930531,0.24089753526951235,-0.0730729833318539,1.6609761099930531,0.0,0.0,0.0,4.542592988990585,0.07570988314984309
1.3849999999999583,0.24089728375119823,-0.07292630276113246,1.660817347674258,0.24089753526951235,-0.0730729833318539,1.6609761099930531,0.24089753526951235,-0.0730729833318539,1.6609761099930531,0.0,0.0,0.0,4.542601402826364,0.07571002338043939
1.3859999999999582,0.2409002719980194,-0.07292939207073826,1.660820821782233,0.24089753526951235,-0.0730729833318539,1.6609761099930531,0.24089753526951235,-0.0730729833318539,1.6609761099930531,0.0,0.0,0.0,4.542608146628489,0.07571013577714149
1.386999999999958,0.2409032213280045,-0.0729324674334586,1.6608242791619734,0.24089753526951235,-0.0730729833318539,1.6609761099930531,0.24089753526951235,-0.0730729833318539,1.6609761099930531,0.0,0.0,0.0,4.542613244294674,0.07571022073824456
1.387999999999958,0.24090613171118874,-0.07293552848515987,1.660827719414339,0.24089753526951235,-0.0730729833318539,1.6609761099930531,0.24089753526951235,-0.0730729833318539,1.6609761099930531,0.0,0.0,0.0,4.542616719647434,0.07571027866079057
1.3889999999999578,0.24090900312513405,-0.0729385748687387,1.6608311421482354,0.24089753526951235,-0.0730729833318539,1.6609761099930531,0.24089753526951235,-0.0730729833318539,1.6609761099930531,0.0,0.0,0.0,4.542618596430653,0.0757103099405109
1.3899999999999577,0.24091183555483076,-0.07294160623410134,1.6608345469805854,0.24089753526951235,-0.0730729833318539,1.6609761099930531,0.24089753526951235,-0.0730729833318539,1.6609761099930531,0.0,0.0,0.0,4.542618898308228,0.07571031497180379
1.3909999999999576,0.24091462899260188,-0.07294462223814,1.6608379335363022,0.24089753526951235,-0.0730729833318539,1.6609761099930531,0.24089753526951235,-0.0730729833318539,1.6609761099930531,0.0,0.0,0.0,4.5426176488615155,0.07571029414769193
1.3919999999999575,0.24091738343800445,-0.0729476225447101,1.6608413014482515,0.24089753526951235,-0.0730729833318539,1.6609761099930531,0.24089753526951235,-0.0730729833318539,1.6609761099930531,0.0,0.0,0.0,4.54261487158701,0.0757102478597835
1.3929999999999574,0.2409200988977317,-0.07295060682460486,1.6608446503572236,0.24089753526951235,-0.0730729833318539,1.6609761099930531,0.24089753526951235,-0.0730729833318539,1.6609761099930531,0.0,0.0,0.0,4.542610589894902,0.07571017649824836
1.3939999999999573,0.24092277538551737,-0.072953574755529,1.6608479799118987,0.24089753526951235,-0.0730729833318539,1.6609761099930531,0.24089753526951235,-0.0730729833318539,1.6609761099930531,0.0,0.0,0.0,4.542604827105777,0.07571008045176295
1.3949999999999572,0.24092541292203673,-0.07295652602207305,1.6608512897688086,0.24089753526951235,-0.0730729833318539,1.6609761099930531,0.24089753526951235,-0.0730729833318539,1.6609761099930531,0.0,0.0,0.0,4.542597606449628,0.0757099601074938
1.395999999999957,0.24092801153481033,-0.0729594603156851,1.6608545795923038,0.24089753526951235,-0.0730729833318539,1.6609761099930531,0.24089753526951235,-0.0730729833318539,1.6609761099930531,0.0,0.0,0.0,4.542588951063046,0.07570981585105077
1.396999999999957,0.24093057125810627,-0.07296237733464171,1.6608578490545156,0.24089753526951235,-0.0730729833318539,1.6609761099930531,0.24089753526951235,-0.0730729833318539,1.6609761099930531,0.0,0.0,0.0,4.542578883987509,0.07570964806645848
1.3979999999999568,0.24093309213284314,-0.07296527678401799,1.6608610978353164,0.24089753526951235,-0.0730729833318539,1.6609761099930531,0.24089753526951235,-0.0730729833318539,1.6609761099930531,0.0,0.0,0.0,4.5425674281672554,0.07570945713612093
1.3989999999999567,0.24093557420649414,-0.07296815837565798,1.660864325622283,0.24089753526951235,-0.0730729833318539,1.6609761099930531,0.24089753526951235,-0.0730729833318539,1.6609761099930531,0.0,0.0,0.0,4.542554606447071,0.07570924344078452
1.3999999999999566,0.24093801753298888,-0.0729710218281424,1.6608675321106552,0.24089753526951235,-0.0730729833318539,1.6609761099930531,0.24089753526951235,-0.0730729833318539,1.6609761099930531,0.0,0.0,0.0,4.54254044157084,0.075709007359514
1.4009999999999565,0.2409404221726184,-0.07297386686675593,1.6608707170032937,0.24089753526951235,-0.0730729833318539,1.6609761099930531,0.24089753526951235,-0.0730729833318539,1.6609761099930531,0.0,0.0,0.0,4.542524956178956,0.07570874926964927
1.4019999999999564,0.24094278819193723,-0.07297669322345454,1.6608738800106415,0.24089753526951235,-0.0730729833318539,1.6609761099930531,0.24089753526951235,-0.0730729833318539,1.6609761099930531,0.0,0.0,0.0,4.542508172807021,0.07570846954678369
1.4029999999999563,0.24094511566366772,-0.07297950063683106,1.6608770208506758,0.24089753526951235,-0.0730729833318539,1.6609761099930531,0.24089753526951235,-0.0730729833318539,1.6609761099930531,0.0,0.0,0.0,4.542490113882985,0.07570816856471642
1.4039999999999562,0.24094740466660514,-0.07298228885208036,1.6608801392488708,0.24089753526951235,-0.0730729833318539,1.6609761099930531,0.24089753526951235,-0.0730729833318539,1.6609761099930531,0.0,0.0,0.0,4.542470801726758,0.07570784669544596
1.404999999999956,0.24094965528551962,-0.07298505762096259,1.6608832349381462,0.24089753526951235,-0.0730729833318539,1.6609761099930531,0.24089753526951235,-0.0730729833318539,1.6609761099930531,0.0,0.0,0.0,4.542450258546864,0.0757075043091144
1.405999999999956,0.24095186761106283,-0.07298780670176858,1.6608863076588296,0.24089753526951235,-0.0730729833318539,1.6609761099930531,0.24089753526951235,-0.0730729833318539,1.6609761099930531,0.0,0.0,0.0,4.542428506439752,0.07570714177399586
1.4069999999999558,0.24095404173967083,-0.0729905358592804,1.6608893571586014,0.24089753526951235,-0.0730729833318539,1.6609761099930531,0.24089753526951235,-0.0730729833318539,1.6609761099930531,0.0,0.0,0.0,4.542405567386925,0.07570675945644874
1.4079999999999557,0.24095617777347011,-0.07299324486473416,1.6608923831924556,0.24089753526951235,-0.0730729833318539,1.6609761099930531,0.24089753526951235,-0.0730729833318539,1.6609761099930531,0.0,0.0,0.0,4.542381463254565,0.07570635772090942
1.4089999999999556,0.2409582758201828,-0.07299593349578173,1.6608953855226463,0.24089753526951235,-0.0730729833318539,1.6609761099930531,0.24089753526951235,-0.0730729833318539,1.6609761099930531,0.0,0.0,0.0,4.542356215790475,0.07570593692984125
1.4099999999999555,0.24096033599303135,-0.07299860153644969,1.6608983639186448,0.24089753526951235,-0.0730729833318539,1.6609761099930531,0.24089753526951235,-0.0730729833318539,1.6609761099930531,0.0,0.0,0.0,4.54232984662361,0.07570549744372683
1.4109999999999554,0.2409623584106444,-0.07300124877710035,1.6609013181570838,0.24089753526951235,-0.0730729833318539,1.6609761099930531,0.24089753526951235,-0.0730729833318539,1.6609761099930531,0.0,0.0,0.0,4.542302377260967,0.07570503962101612
1.4119999999999553,0.24096434319696408,-0.07300387501439064,1.6609042480217138,0.24089753526951235,-0.0730729833318539,1.6609761099930531,0.24089753526951235,-0.0730729833318539,1.6609761099930531,0.0,0.0,0.0,4.54227382908745,0.07570456381812417
1.4129999999999552,0.24096629048115062,-0.07300648005122928,1.6609071533033477,0.24089753526951235,-0.0730729833318539,1.6609761099930531,0.24089753526951235,-0.0730729833318539,1.6609761099930531,0.0,0.0,0.0,4.542244223363296,0.07570407038938827
1.413999999999955,0.24096820039749,-0.07300906369673622,1.660910033799812,0.24089753526951235,-0.0730729833318539,1.6609761099930531,0.24089753526951235,-0.0730729833318539,1.6609761099930531,0.0,0.0,0.0,4.542213581222862,0.0757035596870477
1.414999999999955,0.2409700730853011,-0.07301162576619792,1.6609128893158942,0.24089753526951235,-0.0730729833318539,1.6609761099930531,0.24089753526951235,-0.0730729833318539,1.6609761099930531,0.0,0.0,0.0,4.542181923672951,0.07570303206121584
1.4159999999999549,0.24097190868884263,-0.07301416608102584,1.6609157196632893,0.24089753526951235,-0.0730729833318539,1.6609761099930531,0.24089753526951235,-0.0730729833318539,1.6609761099930531,0.0,0.0,0.0,4.5421492715913825,0.07570248785985638
1.4169999999999547,0.2409737073572214,-0.07301668446871068,1.6609185246605478,0.24089753526951235,-0.0730729833318539,1.6609761099930531,0.24089753526951235,-0.0730729833318539,1.6609761099930531,0.0,0.0,0.0,4.542115645725778,0.07570192742876296
1.4179999999999546,0.24097546924429986,-0.07301918076277791,1.6609213041330215,0.24089753526951235,-0.0730729833318539,1.6609761099930531,0.24089753526951235,-0.0730729833318539,1.6609761099930531,0.0,0.0,0.0,4.5420810666918126,0.07570135111153022
1.4189999999999545,0.24097719450860494,-0.07302165480274327,1.66092405791281,0.24089753526951235,-0.0730729833318539,1.6609761099930531,0.24089753526951235,-0.0730729833318539,1.6609761099930531,0.0,0.0,0.0,4.542045554971662,0.07570075924952771
1.4199999999999544,0.2409788833132369,-0.07302410643406633,1.6609267858387025,0.24089753526951235,-0.0730729833318539,1.6609761099930531,0.24089753526951235,-0.0730729833318539,1.6609761099930531,0.0,0.0,0.0,4.542009130912786,0.07570015218187977
1.4209999999999543,0.24098053582577894,-0.07302653550810453,1.6609294877561267,0.24089753526951235,-0.0730729833318539,1.6609761099930531,0.24089753526951235,-0.0730729833318539,1.6609761099930531,0.0,0.0,0.0,4.5419718147269705,0.07569953024544951
1.4219999999999542,0.24098215221820674,-0.07302894188206557,1.6609321635170895,0.24089753526951235,-0.0730729833318539,1.6609761099930531,0.24089753526951235,-0.0730729833318539,1.6609761099930531,0.0,0.0,0.0,4.541933626488232,0.07569889377480386
1.422999999999954,0.24098373266679823,-0.07303132541896097,1.6609348129801227,0.24089753526951235,-0.0730729833318539,1.6609761099930531,0.24089753526951235,-0.0730729833318539,1.6609761099930531,0.0,0.0,0.0,4.541894586132511,0.0756982431022085
1.423999999999954,0.2409852773520443,-0.07303368598755748,1.6609374360102218,0.24089753526951235,-0.0730729833318539,1.6609761099930531,0.24089753526951235,-0.0730729833318539,1.6609761099930531,0.0,0.0,0.0,4.541854713455578,0.07569757855759297
1.4249999999999539,0.24098678645856086,-0.07303602346232968,1.6609400324787968,0.24089753526951235,-0.0730729833318539,1.6609761099930531,0.24089753526951235,-0.0730729833318539,1.6609761099930531,0.0,0.0,0.0,4.541814028112401,0.07569690046854001
1.4259999999999537,0.24098826017499914,-0.07303833772340954,1.6609426022636051,0.24089753526951235,-0.0730729833318539,1.6609761099930531,0.24089753526951235,-0.0730729833318539,1.6609761099930531,0.0,0.0,0.0,4.5417725496151755,0.07569620916025292
1.4269999999999536,0.24098969869395784,-0.07304062865653944,1.6609451452486987,0.24089753526951235,-0.0730729833318539,1.6609761099930531,0.24089753526951235,-0.0730729833318539,1.6609761099930531,0.0,0.0,0.0,4.541730297333269,0.0756955049555545
1.4279999999999535,0.24099110221189596,-0.07304289615302081,1.6609476613243637,0.24089753526951235,-0.0730729833318539,1.6609761099930531,0.24089753526951235,-0.0730729833318539,1.6609761099930531,0.0,0.0,0.0,4.541687290491274,0.07569478817485457
1.4289999999999534,0.24099247092904647,-0.0730451401096649,1.6609501503870605,0.24089753526951235,-0.0730729833318539,1.6609761099930531,0.24089753526951235,-0.0730729833318539,1.6609761099930531,0.0,0.0,0.0,4.541643548168234,0.07569405913613723
1.4299999999999533,0.24099380504932716,-0.07304736042874223,1.6609526123393659,0.24089753526951235,-0.0730729833318539,1.6609761099930531,0.24089753526951235,-0.0730729833318539,1.6609761099930531,0.0,0.0,0.0,4.541599089296792,0.07569331815494654
1.4309999999999532,0.24099510478025793,-0.07304955701793141,1.660955047089913,0.24089753526951235,-0.0730729833318539,1.6609761099930531,0.24089753526951235,-0.0730729833318539,1.6609761099930531,0.0,0.0,0.0,4.541553932661625,0.07569256554436041
1.431999999999953,0.24099637033287247,-0.07305172979026878,1.660957454553328,0.24089753526951235,-0.0730729833318539,1.6609761099930531,0.24089753526951235,-0.0730729833318539,1.6609761099930531,0.0,0.0,0.0,4.541508096898925,0.07569180161498208
1.432999999999953,0.2409976019216346,-0.07305387866409617,1.660959834650175,0.24089753526951235,-0.0730729833318539,1.6609761099930531,0.24089753526951235,-0.0730729833318539,1.6609761099930531,0.0,0.0,0.0,4.541461600495551,0.07569102667492585
1.4339999999999529,0.2409987997643538,-0.07305600356300979,1.6609621873068892,0.24089753526951235,-0.0730729833318539,1.6609761099930531,0.24089753526951235,-0.0730729833318539,1.6609761099930531,0.0,0.0,0.0,4.541414461787053,0.07569024102978421
1.4349999999999528,0.2409999640821002,-0.07305810441580728,1.6609645124557182,0.24089753526951235,-0.0730729833318539,1.6609761099930531,0.24089753526951235,-0.0730729833318539,1.6609761099930531,0.0,0.0,0.0,4.541366698958392,0.07568944498263987
1.4359999999999526,0.2410010950991225,-0.07306018115643616,1.6609668100346635,0.24089753526951235,-0.0730729833318539,1.6609761099930531,0.24089753526951235,-0.0730729833318539,1.6609761099930531,0.0,0.0,0.0,4.54131833004238,0.07568863883403966
1.4369999999999525,0.2410021930427641,-0.07306223372394019,1.6609690799874128,0.24089753526951235,-0.0730729833318539,1.6609761099930531,0.24089753526951235,-0.0730729833318539,1.6609761099930531,0.0,0.0,0.0,4.541269372917864,0.0756878228819644
1.4379999999999524,0.24100325814338125,-0.07306426206240735,1.6609713222632838,0.24089753526951235,-0.0730729833318539,1.6609761099930531,0.24089753526951235,-0.0730729833318539,1.6609761099930531,0.0,0.0,0.0,4.541219845310803,0.07568699742184672
1.4389999999999523,0.24100429063426082,-0.07306626612091544,1.6609735368171565,0.24089753526951235,-0.0730729833318539,1.6609761099930531,0.24089753526951235,-0.0730729833318539,1.6609761099930531,0.0,0.0,0.0,4.541169764791757,0.07568616274652928
1.4399999999999522,0.24100529075153945,-0.07306824585348037,1.6609757236094151,0.24089753526951235,-0.0730729833318539,1.6609761099930531,0.24089753526951235,-0.0730729833318539,1.6609761099930531,0.0,0.0,0.0,4.541119148776617,0.07568531914627695
1.440999999999952,0.2410062587341224,-0.07307020121899989,1.6609778826058832,0.24089753526951235,-0.0730729833318539,1.6609761099930531,0.24089753526951235,-0.0730729833318539,1.6609761099930531,0.0,0.0,0.0,4.54106801452489,0.07568446690874817
1.441999999999952,0.24100719482360572,-0.07307213218120254,1.6609800137777613,0.24089753526951235,-0.0730729833318539,1.6609761099930531,0.24089753526951235,-0.0730729833318539,1.6609761099930531,0.0,0.0,0.0,4.541016379139184,0.0756836063189864
1.4429999999999519,0.24100809926419298,-0.07307403870859092,1.660982117101563,0.24089753526951235,-0.0730729833318539,1.6609761099930531,0.24089753526951235,-0.0730729833318539,1.6609761099930531,0.0,0.0,0.0,4.540964259565251,0.07568273765942085
1.4439999999999518,0.2410089723026192,-0.07307592077438871,1.6609841925590536,0.24089753526951235,-0.0730729833318539,1.6609761099930531,0.24089753526951235,-0.0730729833318539,1.6609761099930531,0.0,0.0,0.0,4.54091167259052,0.075681861209842
1.4449999999999517,0.241009814188072,-0.07307777835648642,1.6609862401371844,0.24089753526951235,-0.0730729833318539,1.6609761099930531,0.24089753526951235,-0.0730729833318539,1.6609761099930531,0.0,0.0,0.0,4.540858634844051,0.07568097724740085
1.4459999999999515,0.24101062517211405,-0.07307961143738587,1.6609882598280306,0.24089753526951235,-0.0730729833318539,1.6609761099930531,0.24089753526951235,-0.0730729833318539,1.6609761099930531,0.0,0.0,0.0,4.540805162795906,0.07568008604659844
1.4469999999999514,0.2410114055086055,-0.0730814200041455,1.6609902516287283,0.24089753526951235,-0.0730729833318539,1.6609761099930531,0.24089753526951235,-0.0730729833318539,1.6609761099930531,0.0,0.0,0.0,4.540751272756645,0.07567918787927742
1.4479999999999513,0.2410121554536278,-0.07308320404832579,1.660992215541408,0.24089753526951235,-0.0730729833318539,1.6609761099930531,0.24089753526951235,-0.0730729833318539,1.6609761099930531,0.0,0.0,0.0,4.540696980876389,0.07567828301460648
1.4489999999999512,0.2410128752654082,-0.0730849635659341,1.660994151573134,0.24089753526951235,-0.0730729833318539,1.6609761099930531,0.24089753526951235,-0.0730729833318539,1.6609761099930531,0.0,0.0,0.0,4.540642303145219,0.07567737171908699
1.449999999999951,0.24101356520424444,-0.07308669855736923,1.660996059735838,0.24089753526951235,-0.0730729833318539,1.6609761099930531,0.24089753526951235,-0.0730729833318539,1.6609761099930531,0.0,0.0,0.0,4.540587255392124,0.0756764542565354
1.450999999999951,0.24101422553243051,-0.07308840902736581,1.660997940046257,0.24089753526951235,-0.0730729833318539,1.6609761099930531,0.24089753526951235,-0.0730729833318539,1.6609761099930531,0.0,0.0,0.0,4.540531853284808,0.07567553088808013
1.4519999999999509,0.2410148565141816,-0.07309009498493954,1.660999792525867,0.24089753526951235,-0.0730729833318539,1.6609761099930531,0.24089753526951235,-0.0730729833318539,1.6609761099930531,0.0,0.0,0.0,4.540476112329462,0.0756746018721577
1.4529999999999508,0.24101545841556268,-0.07309175644333175,1.6610016172008204,0.24089753526951235,-0.0730729833318539,1.6609761099930531,0.24089753526951235,-0.0730729833318539,1.6609761099930531,0.0,0.0,0.0,4.540420047870063,0.07567366746450105
1.4539999999999507,0.24101603150441447,-0.07309339341995301,1.6610034141018826,0.24089753526951235,-0.0730729833318539,1.6609761099930531,0.24089753526951235,-0.0730729833318539,1.6609761099930531,0.0,0.0,0.0,4.540363675088538,0.07567272791814231
1.4549999999999506,0.24101657605028146,-0.07309500593632787,1.6610051832643653,0.24089753526951235,-0.0730729833318539,1.6609761099930531,0.24089753526951235,-0.0730729833318539,1.6609761099930531,0.0,0.0,0.0,4.540307009004125,0.07567178348340207
1.4559999999999504,0.24101709232434232,-0.07309659401803978,1.6610069247280652,0.24089753526951235,-0.0730729833318539,1.6609761099930531,0.24089753526951235,-0.0730729833318539,1.6609761099930531,0.0,0.0,0.0,4.540250064473044,0.07567083440788407
1.4569999999999503,0.24101758059933742,-0.07309815769467451,1.6610086385371967,0.24089753526951235,-0.0730729833318539,1.6609761099930531,0.24089753526951235,-0.0730729833318539,1.6609761099930531,0.0,0.0,0.0,4.540192856188898,0.07566988093648162
1.4579999999999502,0.24101804114949943,-0.07309969699976535,1.6610103247403325,0.24089753526951235,-0.0730729833318539,1.6609761099930531,0.24089753526951235,-0.0730729833318539,1.6609761099930531,0.0,0.0,0.0,4.540135398682119,0.07566892331136864
1.4589999999999501,0.24101847425048462,-0.0731012119707358,1.6610119833903323,0.24089753526951235,-0.0730729833318539,1.6609761099930531,0.24089753526951235,-0.0730729833318539,1.6609761099930531,0.0,0.0,0.0,4.540077706319085,0.07566796177198475
1.45999999999995,0.24101888017930387,-0.07310270264884666,1.6610136145442862,0.24089753526951235,-0.0730729833318539,1.6609761099930531,0.24089753526951235,-0.0730729833318539,1.6609761099930531,0.0,0.0,0.0,4.540019793303546,0.07566699655505911
1.46099999999995,0.24101925921425377,-0.07310416907913654,1.661015218263446,0.24089753526951235,-0.0730729833318539,1.6609761099930531,0.24089753526951235,-0.0730729833318539,1.6609761099930531,0.0,0.0,0.0,4.539961673675236,0.07566602789458728
1.4619999999999498,0.24101961163485136,-0.07310561131036958,1.6610167946131624,0.24089753526951235,-0.0730729833318539,1.6609761099930531,0.24089753526951235,-0.0730729833318539,1.6609761099930531,0.0,0.0,0.0,4.539903361310122,0.07566505602183536
1.4629999999999497,0.24101993772176555,-0.07310702939497718,1.6610183436628214,0.24089753526951235,-0.0730729833318539,1.6609761099930531,0.24089753526951235,-0.0730729833318539,1.6609761099930531,0.0,0.0,0.0,4.539844869920595,0.07566408116534325
1.4639999999999496,0.24102023775675263,-0.07310842338900471,1.6610198654857813,0.24089753526951235,-0.0730729833318539,1.6609761099930531,0.24089753526951235,-0.0730729833318539,1.6609761099930531,0.0,0.0,0.0,4.539786213055395,0.07566310355092325
1.4649999999999495,0.24102051202259017,-0.07310979335205356,1.6610213601593065,0.24089753526951235,-0.0730729833318539,1.6609761099930531,0.24089753526951235,-0.0730729833318539,1.6609761099930531,0.0,0.0,0.0,4.5397274040992555,0.07566212340165426
1.4659999999999493,0.24102076080301305,-0.07311113934722743,1.661022827764506,0.24089753526951235,-0.0730729833318539,1.6609761099930531,0.24089753526951235,-0.0730729833318539,1.6609761099930531,0.0,0.0,0.0,4.539668456273354,0.07566114093788924
1.4669999999999492,0.24102098438264874,-0.07311246144107565,1.6610242683862686,0.24089753526951235,-0.0730729833318539,1.6609761099930531,0.24089753526951235,-0.0730729833318539,1.6609761099930531,0.0,0.0,0.0,4.539609382635244,0.07566015637725407
1.4679999999999491,0.2410211830469565,-0.07311375970353892,1.6610256821132043,0.24089753526951235,-0.0730729833318539,1.6609761099930531,0.24089753526951235,-0.0730729833318539,1.6609761099930531,0.0,0.0,0.0,4.539550196078901,0.07565916993464834
1.468999999999949,0.24102135708216166,-0.07311503420789305,1.6610270690375708,0.24089753526951235,-0.0730729833318539,1.6609761099930531,0.24089753526951235,-0.0730729833318539,1.6609761099930531,0.0,0.0,0.0,4.539490909334306,0.07565818182223844
1.469999999999949,0.24102150677519507,-0.07311628503069365,1.6610284292552202,0.24089753526951235,-0.0730729833318539,1.6609761099930531,0.24089753526951235,-0.0730729833318539,1.6609761099930531,0.0,0.0,0.0,4.539431534968989,0.07565719224948314
1.4709999999999488,0.24102163241363334,-0.07311751225172206,1.6610297628655326,0.24089753526951235,-0.0730729833318539,1.6609761099930531,0.24089753526951235,-0.0730729833318539,1.6609761099930531,0.0,0.0,0.0,4.53937208538651,0.0756562014231085
1.4719999999999487,0.2410217342856379,-0.07311871595392963,1.6610310699713533,0.24089753526951235,-0.0730729833318539,1.6609761099930531,0.24089753526951235,-0.0730729833318539,1.6609761099930531,0.0,0.0,0.0,4.539312572827663,0.07565520954712772
1.4729999999999486,0.24102181267989392,-0.0731198962233827,1.6610323506789277,0.24089753526951235,-0.0730729833318539,1.6609761099930531,0.24089753526951235,-0.0730729833318539,1.6609761099930531,0.0,0.0,0.0,4.539253009370387,0.07565421682283978
1.4739999999999485,0.2410218678855531,-0.07312105314920853,1.661033605097845,0.24089753526951235,-0.0730729833318539,1.6609761099930531,0.24089753526951235,-0.0730729833318539,1.6609761099930531,0.0,0.0,0.0,4.539193406930409,0.07565322344884015
1.4749999999999484,0.24102190019217423,-0.07312218682354042,1.6610348333409701,0.24089753526951235,-0.0730729833318539,1.6609761099930531,0.24089753526951235,-0.0730729833318539,1.6609761099930531,0.0,0.0,0.0,4.539133777260492,0.0756522296210082
1.4759999999999482,0.24102190988966649,-0.07312329734146214,1.6610360355243847,0.24089753526951235,-0.0730729833318539,1.6609761099930531,0.24089753526951235,-0.0730729833318539,1.6609761099930531,0.0,0.0,0.0,4.539074131951661,0.07565123553252769
1.4769999999999481,0.2410218972682318,-0.07312438480095565,1.6610372117673249,0.24089753526951235,-0.0730729833318539,1.6609761099930531,0.24089753526951235,-0.0730729833318539,1.6609761099930531,0.0,0.0,0.0,4.539014482432983,0.07565024137388306
1.477999999999948,0.24102186261830932,-0.07312544930284631,1.661038362192119,0.24089753526951235,-0.0730729833318539,1.6609761099930531,0.24089753526951235,-0.0730729833318539,1.6609761099930531,0.0,0.0,0.0,4.538954839971941,0.07564924733286568
1.478999999999948,0.24102180623052016,-0.07312649095074727,1.661039486924127,0.24089753526951235,-0.0730729833318539,1.6609761099930531,0.24089753526951235,-0.0730729833318539,1.6609761099930531,0.0,0.0,0.0,4.5388952156752405,0.07564825359458734
1.4799999999999478,0.24102172839561103,-0.07312750985100842,1.6610405860916782,0.24089753526951235,-0.0730729833318539,1.6609761099930531,0.24089753526951235,-0.0730729833318539,1.6609761099930531,0.0,0.0,0.0,4.538835620488636,0.07564726034147727
1.4809999999999477,0.24102162940440292,-0.07312850611266065,1.6610416598260134,0.24089753526951235,-0.0730729833318539,1.6609761099930531,0.24089753526951235,-0.0730729833318539,1.6609761099930531,0.0,0.0,0.0,4.538776065197313,0.07564626775328855
1.4819999999999476,0.24102150954773538,-0.07312947984736344,1.66104270826122,0.24089753526951235,-0.0730729833318539,1.6609761099930531,0.24089753526951235,-0.0730729833318539,1.6609761099930531,0.0,0.0,0.0,4.538716560426694,0.07564527600711157
1.4829999999999475,0.24102136911641514,-0.07313043116935142,1.6610437315341762,0.24089753526951235,-0.0730729833318539,1.6609761099930531,0.24089753526951235,-0.0730729833318539,1.6609761099930531,0.0,0.0,0.0,4.538657116642473,0.07564428527737456
1.4839999999999474,0.24102120840116348,-0.0731313601953819,1.6610447297844861,0.24089753526951235,-0.0730729833318539,1.6609761099930531,0.24089753526951235,-0.0730729833318539,1.6609761099930531,0.0,0.0,0.0,4.538597744151195,0.07564329573585325
1.4849999999999473,0.24102102769256561,-0.0731322670446809,1.6610457031544241,0.24089753526951235,-0.0730729833318539,1.6609761099930531,0.24089753526951235,-0.0730729833318539,1.6609761099930531,0.0,0.0,0.0,4.538538453100733,0.07564230755167888
1.4859999999999471,0.2410208272810206,-0.07313315183889225,1.6610466517888745,0.24089753526951235,-0.0730729833318539,1.6609761099930531,0.24089753526951235,-0.0730729833318539,1.6609761099930531,0.0,0.0,0.0,4.538479253480891,0.07564132089134819
1.486999999999947,0.24102060745668996,-0.07313401470202383,1.661047575835269,0.24089753526951235,-0.0730729833318539,1.6609761099930531,0.24089753526951235,-0.0730729833318539,1.6609761099930531,0.0,0.0,0.0,4.5384201551235765,0.07564033591872628
1.487999999999947,0.24102036850945013,-0.07313485576039624,1.661048475443532,0.24089753526951235,-0.0730729833318539,1.6609761099930531,0.24089753526951235,-0.0730729833318539,1.6609761099930531,0.0,0.0,0.0,4.538361167703773,0.07563935279506288
1.4889999999999468,0.24102011072884336,-0.07313567514259105,1.6610493507660207,0.24089753526951235,-0.0730729833318539,1.6609761099930531,0.24089753526951235,-0.0730729833318539,1.6609761099930531,0.0,0.0,0.0,4.538302300739724,0.0756383716789954
1.4899999999999467,0.24101983440403052,-0.07313647297939917,1.6610502019574651,0.24089753526951235,-0.0730729833318539,1.6609761099930531,0.24089753526951235,-0.0730729833318539,1.6609761099930531,0.0,0.0,0.0,4.5382435635932445,0.07563739272655408
1.4909999999999466,0.24101953982374275,-0.07313724940376898,1.6610510291749137,0.24089753526951235,-0.0730729833318539,1.6609761099930531,0.24089753526951235,-0.0730729833318539,1.6609761099930531,0.0,0.0,0.0,4.538184965471108,0.07563641609118513
1.4919999999999465,0.2410192272762373,-0.073138004550756,1.661051832577671,0.24089753526951235,-0.0730729833318539,1.6609761099930531,0.24089753526951235,-0.0730729833318539,1.6609761099930531,0.0,0.0,0.0,4.53812651542465,0.07563544192374416
1.4929999999999464,0.24101889704925036,-0.07313873855747191,1.6610526123272442,0.24089753526951235,-0.0730729833318539,1.6609761099930531,0.24089753526951235,-0.0730729833318539,1.6609761099930531,0.0,0.0,0.0,4.538068222351531,0.07563447037252552
1.4939999999999463,0.24101854942995302,-0.07313945156303359,1.6610533685872841,0.24089753526951235,-0.0730729833318539,1.6609761099930531,0.24089753526951235,-0.0730729833318539,1.6609761099930531,0.0,0.0,0.0,4.538010094995265,0.07563350158325441
1.4949999999999461,0.24101818470490627,-0.07314014370851402,1.6610541015235303,0.24089753526951235,-0.0730729833318539,1.6609761099930531,0.24089753526951235,-0.0730729833318539,1.6609761099930531,0.0,0.0,0.0,4.537952141946611,0.07563253569911017
1.495999999999946,0.2410178031600178,-0.07314081513689065,1.6610548113037518,0.24089753526951235,-0.0730729833318539,1.6609761099930531,0.24089753526951235,-0.0730729833318539,1.6609761099930531,0.0,0.0,0.0,4.537894371643567,0.07563157286072612
1.496999999999946,0.24101740508050107,-0.07314146599299802,1.661055498097696,0.24089753526951235,-0.0730729833318539,1.6609761099930531,0.24089753526951235,-0.0730729833318539,1.6609761099930531,0.0,0.0,0.0,4.5378367923728895,0.07563061320621482
1.4979999999999458,0.24101699075082933,-0.07314209642347594,1.6610561620770272,0.24089753526951235,-0.0730729833318539,1.6609761099930531,0.24089753526951235,-0.0730729833318539,1.6609761099930531,0.0,0.0,0.0,4.537779412269964,0.07562965687116607
1.4989999999999457,0.24101656045469685,-0.07314270657672181,1.6610568034152757,0.24089753526951235,-0.0730729833318539,1.6609761099930531,0.24089753526951235,-0.0730729833318539,1.6609761099930531,0.0,0.0,0.0,4.537722239320043,0.07562870398866739
1.4999999999999456,0.24101611447497934,-0.07314329660284231,1.6610574222877814,0.24089753526951235,-0.0730729833318539,1.6609761099930531,0.24089753526951235,-0.0730729833318539,1.6609761099930531,0.0,0.0,0.0,4.537665281358555,0.07562775468930924
1.5009999999999455,0.24101565309369033,-0.07314386665360377,1.6610580188716402,0.24089753526951235,-0.0730729833318539,1.6609761099930531,0.24089753526951235,-0.0730729833318539,1.6609761099930531,0.0,0.0,0.0,4.537608546072672,0.0756268091012112
