time_s,ee_x,ee_y,ee_z,ref_x,ref_y,ref_z,actor_goal_x,actor_goal_y,actor_goal_z,force_x_n,force_y_n,force_z_n,max_abs_ctrl,max_control_fraction
0.001,0.24089753526951235,-0.0730729833318539,1.6609761099930531,0.24089753526951235,-0.0730729833318539,1.6609761099930531,0.24089753526951235,-0.0730729833318539,1.6609761099930531,0.0,0.0,0.0,4.534865693479492,0.07558109489132488
0.002,0.24089792617506692,-0.07307301570812491,1.6609760723441913,0.24089753526951235,-0.0730729833318539,1.6609761099930531,0.24089753526951235,-0.0730729833318539,1.6609761099930531,0.0,0.0,0.0,4.543371965735952,0.07572286609559921
0.003,0.24089831937263367,-0.07307305800194208,1.6609758875775094,0.24089753526951235,-0.0730729833318539,1.6609761099930531,0.24089753526951235,-0.0730729833318539,1.6609761099930531,0.0,0.0,0.0,4.546486206865062,0.0757747701144177
0.004,0.2408985957654861,-0.07307309911920146,1.6609755519563392,0.24089753526951235,-0.0730729833318539,1.6609761099930531,0.24089753526951235,-0.0730729833318539,1.6609761099930531,0.0,0.0,0.0,4.547370392007597,0.07578950653345995
0.005,0.24089873794175637,-0.07307313342751032,1.660975099132559,0.24089753526951235,-0.0730729833318539,1.6609761099930531,0.24089753526951235,-0.0730729833318539,1.6609761099930531,0.0,0.0,0.0,4.547261555272216,0.07578769258787027
0.006,0.24089876347263128,-0.07307315819853082,1.6609745726022926,0.24089753526951235,-0.0730729833318539,1.6609761099930531,0.24089753526951235,-0.0730729833318539,1.6609761099930531,0.0,0.0,0.0,4.546639253210957,0.07577732088684928
0.007,0.24089869906033148,-0.07307317240472247,1.6609740147617835,0.24089753526951235,-0.0730729833318539,1.6609761099930531,0.24089753526951235,-0.0730729833318539,1.6609761099930531,0.0,0.0,0.0,4.5456951358645945,0.07576158559774324
0.008,0.24089857103728676,-0.07307317609414617,1.660973462744322,0.24089753526951235,-0.0730729833318539,1.6609761099930531,0.24089753526951235,-0.0730729833318539,1.6609761099930531,0.0,0.0,0.0,4.544518458494319,0.07574197430823865
0.009000000000000001,0.24089840228452591,-0.07307317002219295,1.66097294704451,0.24089753526951235,-0.0730729833318539,1.6609761099930531,0.24089753526951235,-0.0730729833318539,1.6609761099930531,0.0,0.0,0.0,4.543166597065507,0.0757194432844251
0.010000000000000002,0.2408982115790028,-0.07307315540599268,1.6609724913086854,0.24089753526951235,-0.0730729833318539,1.6609761099930531,0.24089753526951235,-0.0730729833318539,1.6609761099930531,0.0,0.0,0.0,4.54168961561979,0.0756948269269965
0.011000000000000003,0.2408980137941087,-0.07307313374458832,1.6609721126325874,0.24089753526951235,-0.0730729833318539,1.6609761099930531,0.24089753526951235,-0.0730729833318539,1.6609761099930531,0.0,0.0,0.0,4.540136997022979,0.075668949950383
0.012000000000000004,0.24089782035056428,-0.0730731066800805,1.6609718220945973,0.24089753526951235,-0.0730729833318539,1.6609761099930531,0.24089753526951235,-0.0730729833318539,1.6609761099930531,0.0,0.0,0.0,4.53855788726847,0.0756426314544745
0.013000000000000005,0.2408976397008495,-0.07307307588835868,1.660971625406956,0.24089753526951235,-0.0730729833318539,1.6609761099930531,0.24089753526951235,-0.0730729833318539,1.6609761099930531,0.0,0.0,0.0,4.5369993599385365,0.07561665599897562
0.014000000000000005,0.24089747777903403,-0.07307304299363455,1.660971523627682,0.24089753526951235,-0.0730729833318539,1.6609761099930531,0.24089753526951235,-0.0730729833318539,1.6609761099930531,0.0,0.0,0.0,4.535504428268125,0.07559174047113543
0.015000000000000006,0.24089733840195157,-0.0730730095033272,1.6609715138993144,0.24089753526951235,-0.0730729833318539,1.6609761099930531,0.24089753526951235,-0.0730729833318539,1.6609761099930531,0.0,0.0,0.0,4.534110413838359,0.07556850689730599
0.016000000000000007,0.24089722362492136,-0.07307297676078735,1.6609715901899562,0.24089753526951235,-0.0730729833318539,1.6609761099930531,0.24089753526951235,-0.0730729833318539,1.6609761099930531,0.0,0.0,0.0,4.53284783799161,0.07554746396652683
0.017000000000000008,0.2408971340588954,-0.07307294591373117,1.6609717440165266,0.24089753526951235,-0.0730729833318539,1.6609761099930531,0.24089753526951235,-0.0730729833318539,1.6609761099930531,0.0,0.0,0.0,4.531739832061538,0.07552899720102563
0.01800000000000001,0.24089706915506312,-0.07307291789637395,1.660971965133071,0.24089753526951235,-0.0730729833318539,1.6609761099930531,0.24089753526951235,-0.0730729833318539,1.6609761099930531,0.0,0.0,0.0,4.530802001794813,0.07551336669658021
0.01900000000000001,0.2408970274610906,-0.0730728934233149,1.6609722421697333,0.24089753526951235,-0.0730729833318539,1.6609761099930531,0.24089753526951235,-0.0730729833318539,1.6609761099930531,0.0,0.0,0.0,4.530042663789376,0.07550071106315627
0.02000000000000001,0.24089700685148055,-0.07307287299325543,1.6609725632108234,0.24089753526951235,-0.0730729833318539,1.6609761099930531,0.24089753526951235,-0.0730729833318539,1.6609761099930531,0.0,0.0,0.0,4.529463370993197,0.07549105618321995
0.02100000000000001,0.24089700473331438,-0.07307285690068077,1.6609729163033906,0.24089753526951235,-0.0730729833318539,1.6609761099930531,0.24089753526951235,-0.0730729833318539,1.6609761099930531,0.0,0.0,0.0,4.529059649878289,0.07548432749797149
0.022000000000000013,0.24089701822794693,-0.07307284525371727,1.6609732898907015,0.24089753526951235,-0.0730729833318539,1.6609761099930531,0.24089753526951235,-0.0730729833318539,1.6609761099930531,0.0,0.0,0.0,4.528821879773819,0.07548036466289698
0.023000000000000013,0.24089704432890469,-0.07307283799647205,1.6609736731678937,0.24089753526951235,-0.0730729833318539,1.6609761099930531,0.24089753526951235,-0.0730729833318539,1.6609761099930531,0.0,0.0,0.0,4.528736253479231,0.07547893755798718
0.024000000000000014,0.2408970800362349,-0.07307283493431241,1.6609740563597633,0.24089753526951235,-0.0730729833318539,1.6609761099930531,0.24089753526951235,-0.0730729833318539,1.6609761099930531,0.0,0.0,0.0,4.52878576704361,0.07547976278406017
0.025000000000000015,0.24089712246772405,-0.07307283576067443,1.6609744309229924,0.24089753526951235,-0.0730729833318539,1.6609761099930531,0.24089753526951235,-0.0730729833318539,1.6609761099930531,0.0,0.0,0.0,4.52895119522173,0.07548251992036216
0.026000000000000016,0.24089716894769736,-0.07307284008419176,1.6609747896771692,0.24089753526951235,-0.0730729833318539,1.6609761099930531,0.24089753526951235,-0.0730729833318539,1.6609761099930531,0.0,0.0,0.0,4.529212017437883,0.07548686695729806
0.027000000000000017,0.24089721707444164,-0.07307284745508949,1.6609751268705502,0.24089753526951235,-0.0730729833318539,1.6609761099930531,0.24089753526951235,-0.0730729833318539,1.6609761099930531,0.0,0.0,0.0,4.529547266964968,0.07549245444941614
0.028000000000000018,0.24089726476762713,-0.073072857390007,1.6609754381877857,0.24089753526951235,-0.0730729833318539,1.6609761099930531,0.24089753526951235,-0.0730729833318539,1.6609761099930531,0.0,0.0,0.0,4.529936283377032,0.07549893805628387
0.02900000000000002,0.24089731029740602,-0.0730728693945718,1.6609757207076332,0.24089753526951235,-0.0730729833318539,1.6609761099930531,0.24089753526951235,-0.0730729833318539,1.6609761099930531,0.0,0.0,0.0,4.5303593550372945,0.07550598925062157
0.03000000000000002,0.24089735229711196,-0.07307288298325093,1.6609759728191995,0.24089753526951235,-0.0730729833318539,1.6609761099930531,0.24089753526951235,-0.0730729833318539,1.6609761099930531,0.0,0.0,0.0,4.530798244409004,0.0755133040734834
0.03100000000000002,0.2408973897616633,-0.07307289769615757,1.6609761941053596,0.24089753526951235,-0.0730729833318539,1.6609761099930531,0.24089753526951235,-0.0730729833318539,1.6609761099930531,0.0,0.0,0.0,4.5312365942297586,0.0755206099038293
0.03200000000000002,0.2408974220338812,-0.07307291311265307,1.6609763852018569,0.24089753526951235,-0.0730729833318539,1.6609761099930531,0.24089753526951235,-0.0730729833318539,1.6609761099930531,0.0,0.0,0.0,4.531660217081854,0.07552767028469758
0.03300000000000002,0.2408974487809754,-0.0730729288617177,1.660976547640178,0.24089753526951235,-0.0730729833318539,1.6609761099930531,0.24089753526951235,-0.0730729833318539,1.6609761099930531,0.0,0.0,0.0,4.532057274579872,0.07553428790966453
0.03400000000000002,0.24089746996341643,-0.07307294462918135,1.660976683681681,0.24089753526951235,-0.0730729833318539,1.6609761099930531,0.24089753526951235,-0.0730729833318539,1.6609761099930531,0.0,0.0,0.0,4.532418355316935,0.07554030592194891
0.035000000000000024,0.2408974857983316,-0.07307296016199642,1.6609767961496855,0.24089753526951235,-0.0730729833318539,1.6609761099930531,0.24089753526951235,-0.0730729833318539,1.6609761099930531,0.0,0.0,0.0,4.532736462873009,0.07554560771455016
0.036000000000000025,0.24089749671940902,-0.07307297526981779,1.6609768882653404,0.24089753526951235,-0.0730729833318539,1.6609761099930531,0.24089753526951235,-0.0730729833318539,1.6609761099930531,0.0,0.0,0.0,4.533006926649876,0.07555011544416461
0.037000000000000026,0.24089750333512774,-0.07307298982420125,1.6609769634921572,0.24089753526951235,-0.0730729833318539,1.6609761099930531,0.24089753526951235,-0.0730729833318539,1.6609761099930531,0.0,0.0,0.0,4.533227249108215,0.07555378748513691
0.03800000000000003,0.2408975063869125,-0.07307300375577792,1.6609770253930993,0.24089753526951235,-0.0730729833318539,1.6609761099930531,0.24089753526951235,-0.0730729833318539,1.6609761099930531,0.0,0.0,0.0,4.533396903212758,0.07555661505354597
0.03900000000000003,0.24089750670857732,-0.07307301704976854,1.660977077503173,0.24089753526951235,-0.0730729833318539,1.6609761099930531,0.24089753526951235,-0.0730729833318539,1.6609761099930531,0.0,0.0,0.0,4.533517093625028,0.0755586182270838
0.04000000000000003,0.24089750518819092,-0.07307302974021544,1.6609771232195216,0.24089753526951235,-0.0730729833318539,1.6609761099930531,0.24089753526951235,-0.0730729833318539,1.6609761099930531,0.0,0.0,0.0,4.533590494487003,0.07555984157478338
0.04100000000000003,0.2408975027332408,-0.07307304190329826,1.6609771657101875,0.24089753526951235,-0.0730729833318539,1.6609761099930531,0.24089753526951235,-0.0730729833318539,1.6609761099930531,0.0,0.0,0.0,4.533620975618984,0.07556034959364973
0.04200000000000003,0.2408975002397477,-0.07307305365006897,1.660977207841902,0.24089753526951235,-0.0730729833318539,1.6609761099930531,0.24089753526951235,-0.0730729833318539,1.6609761099930531,0.0,0.0,0.0,4.533613327666406,0.07556022212777343
0.04300000000000003,0.24089749856574838,-0.07307306511892749,1.660977252126618,0.24089753526951235,-0.0730729833318539,1.6609761099930531,0.24089753526951235,-0.0730729833318539,1.6609761099930531,0.0,0.0,0.0,4.533572995282841,0.07555954992138068
0.04400000000000003,0.24089749850936754,-0.07307307646810861,1.6609773006858948,0.24089753526951235,-0.0730729833318539,1.6609761099930531,0.24089753526951235,-0.0730729833318539,1.6609761099930531,0.0,0.0,0.0,4.533505825873389,0.07555843043122315
0.04500000000000003,0.24089750079151714,-0.07307308786842388,1.6609773552318294,0.24089753526951235,-0.0730729833318539,1.6609761099930531,0.24089753526951235,-0.0730729833318539,1.6609761099930531,0.0,0.0,0.0,4.533417839842284,0.0755569639973714
0.046000000000000034,0.24089750604309856,-0.0730730994964485,1.660977417062825,0.24089753526951235,-0.0730729833318539,1.6609761099930531,0.24089753526951235,-0.0730729833318539,1.6609761099930531,0.0,0.0,0.0,4.533315026719226,0.07555525044532044
0.047000000000000035,0.24089751479645832,-0.07307311152830669,1.6609774870722964,0.24089753526951235,-0.0730729833318539,1.6609761099930531,0.24089753526951235,-0.0730729833318539,1.6609761099930531,0.0,0.0,0.0,4.533203170057875,0.07555338616763124
0.048000000000000036,0.24089752748075166,-0.07307312413417084,1.660977565768232,0.24089753526951235,-0.0730729833318539,1.6609761099930531,0.24089753526951235,-0.0730729833318539,1.6609761099930531,0.0,0.0,0.0,4.533087702623397,0.07555146171038994
0.04900000000000004,0.24089754442078254,-0.07307313747354023,1.660977653301506,0.24089753526951235,-0.0730729833318539,1.6609761099930531,0.24089753526951235,-0.0730729833318539,1.6609761099930531,0.0,0.0,0.0,4.5329735921653995,0.07554955986942333
0.05000000000000004,0.2408975658388439,-0.07307315169134165,1.6609777495008318,0.24089753526951235,-0.0730729833318539,1.6609761099930531,0.24089753526951235,-0.0730729833318539,1.6609761099930531,0.0,0.0,0.0,4.532865257011487,0.07554775428352478
0.05100000000000004,0.24089759185906717,-0.07307316691485428,1.6609778539123659,0.24089753526951235,-0.0730729833318539,1.6609761099930531,0.24089753526951235,-0.0730729833318539,1.6609761099930531,0.0,0.0,0.0,4.532766509840199,0.07554610849733664
0.05200000000000004,0.24089762251376437,-0.0730731832514367,1.6609779658421033,0.24089753526951235,-0.0730729833318539,1.6609761099930531,0.24089753526951235,-0.0730729833318539,1.6609761099930531,0.0,0.0,0.0,4.532680527303124,0.07554467545505207
0.05300000000000004,0.24089765775128116,-0.07307320078701476,1.6609780843993875,0.24089753526951235,-0.0730729833318539,1.6609761099930531,0.24089753526951235,-0.0730729833318539,1.6609761099930531,0.0,0.0,0.0,4.532609842647594,0.0755434973774599
0.05400000000000004,0.2408976974448972,-0.07307321958526872,1.660978208540091,0.24089753526951235,-0.0730729833318539,1.6609761099930531,0.24089753526951235,-0.0730729833318539,1.6609761099930531,0.0,0.0,0.0,4.532556358165417,0.07554260596942361
0.05500000000000004,0.2408977414023499,-0.07307323968744642,1.6609783371082298,0.24089753526951235,-0.0730729833318539,1.6609761099930531,0.24089753526951235,-0.0730729833318539,1.6609761099930531,0.0,0.0,0.0,4.532521374108093,0.07554202290180155
0.05600000000000004,0.24089778937560627,-0.07307326111272108,1.6609784688750266,0.24089753526951235,-0.0730729833318539,1.6609761099930531,0.24089753526951235,-0.0730729833318539,1.6609761099930531,0.0,0.0,0.0,4.532505630682179,0.07554176051136965
0.057000000000000044,0.24089784107057294,-0.07307328385901064,1.660978602574676,0.24089753526951235,-0.0730729833318539,1.6609761099930531,0.24089753526951235,-0.0730729833318539,1.6609761099930531,0.0,0.0,0.0,4.532509359823617,0.07554182266372696
0.058000000000000045,0.24089789615646795,-0.07307330790417126,1.6609787369362665,0.24089753526951235,-0.0730729833318539,1.6609761099930531,0.24089753526951235,-0.0730729833318539,1.6609761099930531,0.0,0.0,0.0,4.554213386235612,0.0755422057274228
0.059000000000000045,0.24089795427465915,-0.07307333320748392,1.6609788707115403,0.24089753526951235,-0.0730729833318539,1.6609761099930531,0.24089753526951235,-0.0730729833318539,1.6609761099930531,0.0,0.0,0.0,4.595200998921227,0.07554289961198328
0.060000000000000046,0.24089801504680874,-0.07307335971135331,1.66097900269835,0.24089753526951235,-0.0730729833318539,1.6609761099930531,0.24089753526951235,-0.0730729833318539,1.6609761099930531,0.0,0.0,0.0,4.633178382588351,0.07554388882802571
0.06100000000000005,0.24089807808222433,-0.07307338734314918,1.6609791317598215,0.24089753526951235,-0.0730729833318539,1.6609761099930531,0.24089753526951235,-0.0730729833318539,1.6609761099930531,0.0,0.0,0.0,4.668122656316889,0.07554515353364483
0.06200000000000005,0.2408981429843579,-0.07307341601712762,1.6609792568393666,0.24089753526951235,-0.0730729833318539,1.6609761099930531,0.24089753526951235,-0.0730729833318539,1.6609761099930531,0.0,0.0,0.0,4.700020964124993,0.07554667053765884
0.06300000000000004,0.2408982093564348,-0.07307344563637083,1.660979376971816,0.24089753526951235,-0.0730729833318539,1.6609761099930531,0.24089753526951235,-0.0730729833318539,1.6609761099930531,0.0,0.0,0.0,4.728870472780718,0.07554841423663979
0.06400000000000004,0.240898276806227,-0.07307347609470796,1.660979491290978,0.24089753526951235,-0.0730729833318539,1.6609761099930531,0.24089753526951235,-0.0730729833318539,1.6609761099930531,0.0,0.0,0.0,4.754678266777101,0.07555035746868949
0.06500000000000004,0.24089834495000678,-0.07307350727856975,1.6609795990340224,0.24089753526951235,-0.0730729833318539,1.6609761099930531,0.24089753526951235,-0.0730729833318539,1.6609761099930531,0.0,0.0,0.0,4.77746114473715,0.07555247227276524
0.06600000000000004,0.2408984134157467,-0.0730735390687551,1.6609796995431019,0.24089753526951235,-0.0730729833318539,1.6609761099930531,0.24089753526951235,-0.0730729833318539,1.6609761099930531,0.0,0.0,0.0,4.7972453235092996,0.0755547305473221
0.06700000000000005,0.24089848184563104,-0.07307357134208087,1.6609797922646292,0.24089753526951235,-0.0730729833318539,1.6609761099930531,0.24089753526951235,-0.0730729833318539,1.6609761099930531,0.0,0.0,0.0,4.814066057914266,0.07555710460659047
0.06800000000000005,0.24089854989796483,-0.07307360397290753,1.6609798767466433,0.24089753526951235,-0.0730729833318539,1.6609761099930531,0.24089753526951235,-0.0730729833318539,1.6609761099930531,0.0,0.0,0.0,4.827967185512083,0.0755595676364953
0.06900000000000005,0.2408986172485595,-0.07307363683452531,1.6609799526346434,0.24089753526951235,-0.0730729833318539,1.6609761099930531,0.24089753526951235,-0.0730729833318539,1.6609761099930531,0.0,0.0,0.0,4.839000606771438,0.0755620940551955
0.07000000000000005,0.2408986835916794,-0.07307366980040093,1.6609800196662852,0.24089753526951235,-0.0730729833318539,1.6609761099930531,0.24089753526951235,-0.0730729833318539,1.6609761099930531,0.0,0.0,0.0,4.847225711743096,0.07556465978552683
0.07100000000000005,0.2408987486406261,-0.07307370274528378,1.6609800776652555,0.24089753526951235,-0.0730729833318539,1.6609761099930531,0.24089753526951235,-0.0730729833318539,1.6609761099930531,0.0,0.0,0.0,4.85270876464171,0.07556724244811483
0.07200000000000005,0.24089881214092124,-0.07307373554819312,1.660980126525202,0.24089753526951235,-0.0730729833318539,1.6609761099930531,0.24089753526951235,-0.0730729833318539,1.6609761099930531,0.0,0.0,0.0,4.855529241790235,0.07556982885678669
0.07300000000000005,0.24089887386720954,-0.07307376809077988,1.660980166187067,0.24089753526951235,-0.0730729833318539,1.6609761099930531,0.24089753526951235,-0.0730729833318539,1.6609761099930531,0.0,0.0,0.0,4.855781853286503,0.07557241199754482
0.07400000000000005,0.24089893361499862,-0.07307380025713041,1.6609801966170323,0.24089753526951235,-0.0730729833318539,1.6609761099930531,0.24089753526951235,-0.0730729833318539,1.6609761099930531,0.0,0.0,0.0,4.853576990194627,0.075574989255854
0.07500000000000005,0.24089899117326247,-0.07307383193248981,1.6609802178022155,0.24089753526951235,-0.0730729833318539,1.6609761099930531,0.24089753526951235,-0.0730729833318539,1.6609761099930531,0.0,0.0,0.0,4.849029804199268,0.07557755032621993
0.07600000000000005,0.24089904632063736,-0.07307386300325876,1.660980229760831,0.24089753526951235,-0.0730729833318539,1.6609761099930531,0.24089753526951235,-0.0730729833318539,1.6609761099930531,0.0,0.0,0.0,4.842255080600379,0.07558008011042233
0.07700000000000005,0.24089909883370575,-0.07307389335787438,1.6609802325548917,0.24089753526951235,-0.0730729833318539,1.6609761099930531,0.24089753526951235,-0.0730729833318539,1.6609761099930531,0.0,0.0,0.0,4.833365789835424,0.07558256179016813
0.07800000000000006,0.2408991484966808,-0.07307392288798599,1.6609802263002849,0.24089753526951235,-0.0730729833318539,1.6609761099930531,0.24089753526951235,-0.0730729833318539,1.6609761099930531,0.0,0.0,0.0,4.822472651904102,0.07558497812259493
0.07900000000000006,0.24089919510957536,-0.07307395148969115,1.6609802111730314,0.24089753526951235,-0.0730729833318539,1.6609761099930531,0.24089753526951235,-0.0730729833318539,1.6609761099930531,0.0,0.0,0.0,4.809684006879946,0.07558731218785272
0.08000000000000006,0.24089923849428235,-0.07307397906471498,1.6609801874117887,0.24089753526951235,-0.0730729833318539,1.6609761099930531,0.24089753526951235,-0.0730729833318539,1.6609761099930531,0.0,0.0,0.0,4.795105773315193,0.07558954794781705
0.08100000000000006,0.24089927849868126,-0.0730740055214649,1.6609801553170362,0.24089753526951235,-0.0730729833318539,1.6609761099930531,0.24089753526951235,-0.0730729833318539,1.6609761099930531,0.0,0.0,0.0,4.778841429385663,0.07559167070779448
0.08200000000000006,0.24089931499904313,-0.07307403077592299,1.6609801152474992,0.24089753526951235,-0.0730729833318539,1.6609761099930531,0.24089753526951235,-0.0730729833318539,1.6609761099930531,0.0,0.0,0.0,4.760991998514536,0.07559366749641874
0.08300000000000006,0.2408993479010224,-0.07307405475234832,1.6609800676143849,0.24089753526951235,-0.0730729833318539,1.6609761099930531,0.24089753526951235,-0.0730729833318539,1.6609761099930531,0.0,0.0,0.0,4.7416560350694805,0.07559552736087635
0.08400000000000006,0.24089937713950493,-0.07307407738378136,1.6609800128739813,0.24089753526951235,-0.0730729833318539,1.6609761099930531,0.24089753526951235,-0.0730729833318539,1.6609761099930531,0.0,0.0,0.0,4.720929609550142,0.07559724157374877
0.08500000000000006,0.24089940267755006,-0.07307409861234744,1.6609799515191446,0.24089753526951235,-0.0730729833318539,1.6609761099930531,0.24089753526951235,-0.0730729833318539,1.6609761099930531,0.0,0.0,0.0,4.698906293600251,0.07559880375127134
0.08600000000000006,0.2408994245046447,-0.07307411838936556,1.6609798840701475,0.24089753526951235,-0.0730729833318539,1.6609761099930531,0.24089753526951235,-0.0730729833318539,1.6609761099930531,0.0,0.0,0.0,4.675677145284041,0.07560020988674
0.08700000000000006,0.24089944263445073,-0.07307413667527932,1.6609798110653184,0.24089753526951235,-0.0730729833318539,1.6609761099930531,0.24089753526951235,-0.0730729833318539,1.6609761099930531,0.0,0.0,0.0,4.651330695042942,0.0756014583061533
0.08800000000000006,0.24089945710222044,-0.0730741534394243,1.660979733051833,0.24089753526951235,-0.0730729833318539,1.6609761099930531,0.24089753526951235,-0.0730729833318539,1.6609761099930531,0.0,0.0,0.0,4.625952932713831,0.07560254955556327
0.08900000000000007,0.24089946796201467,-0.07307416865965699,1.6609796505769703,0.24089753526951235,-0.0730729833318539,1.6609761099930531,0.24089753526951235,-0.0730729833318539,1.6609761099930531,0.0,0.0,0.0,4.599627295962417,0.07560348623133945
0.09000000000000007,0.24089947528385702,-0.0730741823218687,1.6609795641800789,0.24089753526951235,-0.0730729833318539,1.6609761099930531,0.24089753526951235,-0.0730729833318539,1.6609761099930531,0.0,0.0,0.0,4.5724346604849675,0.0756042727653136
0.09100000000000007,0.24089947915091459,-0.07307419441940764,1.6609794743854382,0.24089753526951235,-0.0730729833318539,1.6609761099930531,0.24089753526951235,-0.0730729833318539,1.6609761099930531,0.0,0.0,0.0,4.544453332345676,0.07560491517708634
0.09200000000000007,0.24089947965680641,-0.07307420495243741,1.6609793816961465,0.24089753526951235,-0.0730729833318539,1.6609761099930531,0.24089753526951235,-0.0730729833318539,1.6609761099930531,0.0,0.0,0.0,4.536325248323577,0.07560542080539295
0.09300000000000007,0.24089947690308816,-0.07307421392725301,1.6609792865891113,0.24089753526951235,-0.0730729833318539,1.6609761099930531,0.24089753526951235,-0.0730729833318539,1.6609761099930531,0.0,0.0,0.0,4.53634788178816,0.07560579802980266
0.09400000000000007,0.24089947099697176,-0.07307422135557896,1.6609791895111703,0.24089753526951235,-0.0730729833318539,1.6609761099930531,0.24089753526951235,-0.0730729833318539,1.6609761099930531,0.0,0.0,0.0,4.536363359568352,0.07560605599280586
0.09500000000000007,0.24089946204931384,-0.07307422725386664,1.660979090876327,0.24089753526951235,-0.0730729833318539,1.6609761099930531,0.24089753526951235,-0.0730729833318539,1.6609761099930531,0.0,0.0,0.0,4.536372259873659,0.07560620433122764
0.09600000000000007,0.24089945017288522,-0.07307423164261359,1.6609789910640556,0.24089753526951235,-0.0730729833318539,1.6609761099930531,0.24089753526951235,-0.0730729833318539,1.6609761099930531,0.0,0.0,0.0,4.536375175461792,0.07560625292436321
0.09700000000000007,0.2408994354809343,-0.07307423454571453,1.6609788904185918,0.24089753526951235,-0.0730729833318539,1.6609761099930531,0.24089753526951235,-0.0730729833318539,1.6609761099930531,0.0,0.0,0.0,4.536372699883327,0.07560621166472212
0.09800000000000007,0.24089941808603502,-0.0730742359898568,1.6609787892491081,0.24089753526951235,-0.0730729833318539,1.6609761099930531,0.24089753526951235,-0.0730729833318539,1.6609761099930531,0.0,0.0,0.0,4.536365415349522,0.07560609025582536
0.09900000000000007,0.2408993980992111,-0.07307423600397443,1.6609786878306618,0.24089753526951235,-0.0730729833318539,1.6609761099930531,0.24089753526951235,-0.0730729833318539,1.6609761099930531,0.0,0.0,0.0,4.536353882396516,0.07560589803994193
0.10000000000000007,0.2408993756293122,-0.07307423461875763,1.6609785864057884,0.24089753526951235,-0.0730729833318539,1.6609761099930531,0.24089753526951235,-0.0730729833318539,1.6609761099930531,0.0,0.0,0.0,4.536338631442069,0.07560564385736782
0.10100000000000008,0.2408993507826176,-0.07307423186622986,1.6609784851865956,0.24089753526951235,-0.0730729833318539,1.6609761099930531,0.24089753526951235,-0.0730729833318539,1.6609761099930531,0.0,0.0,0.0,4.536320156252018,0.07560533593753364
0.10200000000000008,0.24089932366263883,-0.07307422777938868,1.660978384357256,0.24089753526951235,-0.0730729833318539,1.6609761099930531,0.24089753526951235,-0.0730729833318539,1.6609761099930531,0.0,0.0,0.0,4.536298909273719,0.07560498182122864
0.10300000000000008,0.24089929437008983,-0.07307422239190942,1.6609782840767453,0.24089753526951235,-0.0730729833318539,1.6609761099930531,0.24089753526951235,-0.0730729833318539,1.6609761099930531,0.0,0.0,0.0,4.536275298731623,0.07560458831219372
0.10400000000000008,0.24089926300299003,-0.07307421573790986,1.6609781844817246,0.24089753526951235,-0.0730729833318539,1.6609761099930531,0.24089753526951235,-0.0730729833318539,1.6609761099930531,0.0,0.0,0.0,4.536249687345264,0.0756041614557544
0.10500000000000008,0.24089922965687235,-0.0730742078517737,1.6609780856894654,0.24089753526951235,-0.0730729833318539,1.6609761099930531,0.24089753526951235,-0.0730729833318539,1.6609761099930531,0.0,0.0,0.0,4.536222392488093,0.07560370654146822
0.10600000000000008,0.24089919442506202,-0.07307419876802053,1.660977987800711,0.24089753526951235,-0.0730729833318539,1.6609761099930531,0.24089753526951235,-0.0730729833318539,1.6609761099930531,0.0,0.0,0.0,4.536193687587223,0.07560322812645372
0.10700000000000008,0.24089915739900092,-0.07307418852122366,1.6609778909024113,0.24089753526951235,-0.0730729833318539,1.6609761099930531,0.24089753526951235,-0.0730729833318539,1.6609761099930531,0.0,0.0,0.0,4.536163804551102,0.0756027300758517
0.10800000000000008,0.24089911866859254,-0.0730741771459642,1.6609777950702589,0.24089753526951235,-0.0730729833318539,1.6609761099930531,0.24089753526951235,-0.0730729833318539,1.6609761099930531,0.0,0.0,0.0,4.536132937005219,0.07560221561675365
0.10900000000000008,0.24089907832254095,-0.07307416467681654,1.6609777003709867,0.24089753526951235,-0.0730729833318539,1.6609761099930531,0.24089753526951235,-0.0730729833318539,1.6609761099930531,0.0,0.0,0.0,4.536101244123336,0.0756016874020556
0.11000000000000008,0.2408990364486726,-0.07307415114835523,1.6609776068643871,0.24089753526951235,-0.0730729833318539,1.6609761099930531,0.24089753526951235,-0.0730729833318539,1.6609761099930531,0.0,0.0,0.0,4.536068854845178,0.07560114758075297
0.11100000000000008,0.2408989931342213,-0.07307413659518316,1.6609775146050334,0.24089753526951235,-0.0730729833318539,1.6609761099930531,0.24089753526951235,-0.0730729833318539,1.6609761099930531,0.0,0.0,0.0,4.536035872296865,0.07560059787161441
0.11200000000000009,0.24089894846606622,-0.07307412105196634,1.6609774236437125,0.24089753526951235,-0.0730729833318539,1.6609761099930531,0.24089753526951235,-0.0730729833318539,1.6609761099930531,0.0,0.0,0.0,4.5360023782415,0.07560003963735834
0.11300000000000009,0.24089890253091883,-0.0730741045534763,1.66097733402854,0.24089753526951235,-0.0730729833318539,1.6609761099930531,0.24089753526951235,-0.0730729833318539,1.6609761099930531,0.0,0.0,0.0,4.535968437410303,0.07559947395683839
0.11400000000000009,0.24089885541544848,-0.07307408713463187,1.660977245805809,0.24089753526951235,-0.0730729833318539,1.6609761099930531,0.24089753526951235,-0.0730729833318539,1.6609761099930531,0.0,0.0,0.0,4.535934101599211,0.07559890169332019
0.11500000000000009,0.24089880720635193,-0.07307406883053916,1.6609771590205649,0.24089753526951235,-0.0730729833318539,1.6609761099930531,0.24089753526951235,-0.0730729833318539,1.6609761099930531,0.0,0.0,0.0,4.5358994134228965,0.07559832355704828
0.11600000000000009,0.2408987579903628,-0.07307404967652101,1.6609770737169403,0.24089753526951235,-0.0730729833318539,1.6609761099930531,0.24089753526951235,-0.0730729833318539,1.6609761099930531,0.0,0.0,0.0,4.535864409661552,0.07559774016102587
0.11700000000000009,0.24089870785420867,-0.07307402970814066,1.6609769899382927,0.24089753526951235,-0.0730729833318539,1.6609761099930531,0.24089753526951235,-0.0730729833318539,1.6609761099930531,0.0,0.0,0.0,4.535829124147619,0.07559715206912698
0.11800000000000009,0.24089865688451648,-0.073074008961211,1.6609769077271563,0.24089753526951235,-0.0730729833318539,1.6609761099930531,0.24089753526951235,-0.0730729833318539,1.6609761099930531,0.0,0.0,0.0,4.535793590163248,0.07559655983605414
0.11900000000000009,0.24089860516767736,-0.0730739874717937,1.6609768271250605,0.24089753526951235,-0.0730729833318539,1.6609761099930531,0.24089753526951235,-0.0730729833318539,1.6609761099930531,0.0,0.0,0.0,4.535757842345841,0.07559596403909735
0.12000000000000009,0.24089855278967492,-0.07307396527618479,1.66097674817224,0.24089753526951235,-0.0730729833318539,1.6609761099930531,0.24089753526951235,-0.0730729833318539,1.6609761099930531,0.0,0.0,0.0,4.535721918107627,0.07559536530179378
0.1210000000000001,0.24089849983588468,-0.07307394241088616,1.6609766709072709,0.24089753526951235,-0.0730729833318539,1.6609761099930531,0.24089753526951235,-0.0730729833318539,1.6609761099930531,0.0,0.0,0.0,4.535685858595824,0.0755947643099304
0.1220000000000001,0.24089844639085672,-0.07307391891256866,1.6609765953666624,0.24089753526951235,-0.0730729833318539,1.6609761099930531,0.24089753526951235,-0.0730729833318539,1.6609761099930531,0.0,0.0,0.0,4.535649709229658,0.0755941618204943
0.1230000000000001,0.24089839253808182,-0.07307389481802107,1.6609765215844348,0.24089753526951235,-0.0730729833318539,1.6609761099930531,0.24089753526951235,-0.0730729833318539,1.6609761099930531,0.0,0.0,0.0,4.53561351986058,0.075593558664343
0.1240000000000001,0.24089833835975843,-0.073073870164092,1.6609764495916999,0.24089753526951235,-0.0730729833318539,1.6609761099930531,0.24089753526951235,-0.0730729833318539,1.6609761099930531,0.0,0.0,0.0,4.535577344605084,0.07559295574341807
0.12500000000000008,0.24089828393655807,-0.07307384498762236,1.6609763794162786,0.24089753526951235,-0.0730729833318539,1.6609761099930531,0.24089753526951235,-0.0730729833318539,1.6609761099930531,0.0,0.0,0.0,4.5355412414094065,0.07559235402349011
0.12600000000000008,0.2408982293474001,-0.07307381932537338,1.6609763110823514,0.24089753526951235,-0.0730729833318539,1.6609761099930531,0.24089753526951235,-0.0730729833318539,1.6609761099930531,0.0,0.0,0.0,4.5355052713980015,0.07559175452330003
0.12700000000000009,0.24089817466924102,-0.07307379321394962,1.6609762446101781,0.24089753526951235,-0.0730729833318539,1.6609761099930531,0.24089753526951235,-0.0730729833318539,1.6609761099930531,0.0,0.0,0.0,4.535469498066924,0.07559115830111539
0.12800000000000009,0.24089811997688157,-0.07307376668972078,1.6609761800158713,0.24089753526951235,-0.0730729833318539,1.6609761099930531,0.24089753526951235,-0.0730729833318539,1.6609761099930531,0.0,0.0,0.0,4.535433986370351,0.07559056643950585
0.1290000000000001,0.24089806534279434,-0.07307373978874096,1.6609761173112498,0.24089753526951235,-0.0730729833318539,1.6609761099930531,0.24089753526951235,-0.0730729833318539,1.6609761099930531,0.0,0.0,0.0,4.535398801755113,0.07558998002925188
0.1300000000000001,0.24089801083697568,-0.07307371254667078,1.6609760565037592,0.24089753526951235,-0.0730729833318539,1.6609761099930531,0.24089753526951235,-0.0730729833318539,1.6609761099930531,0.0,0.0,0.0,4.535364009182782,0.07558940015304637
0.1310000000000001,0.24089795652682217,-0.0730736849987016,1.6609759975964655,0.24089753526951235,-0.0730729833318539,1.6609761099930531,0.24089753526951235,-0.0730729833318539,1.6609761099930531,0.0,0.0,0.0,4.53532967218157,0.07558882786969283
0.1320000000000001,0.2408979024770344,-0.07307365717948318,1.6609759405881173,0.24089753526951235,-0.0730729833318539,1.6609761099930531,0.24089753526951235,-0.0730729833318539,1.6609761099930531,0.0,0.0,0.0,4.535295851958634,0.07558826419931057
0.1330000000000001,0.24089784874954379,-0.07307362912305689,1.6609758854732672,0.24089753526951235,-0.0730729833318539,1.6609761099930531,0.24089753526951235,-0.0730729833318539,1.6609761099930531,0.0,0.0,0.0,4.535262606599316,0.0755877101099886
0.1340000000000001,0.24089779540346684,-0.07307360086279421,1.6609758322424575,0.24089753526951235,-0.0730729833318539,1.6609761099930531,0.24089753526951235,-0.0730729833318539,1.6609761099930531,0.0,0.0,0.0,4.535229990372922,0.07558716650621536
0.1350000000000001,0.24089774249508145,-0.07307357243134074,1.6609757808824412,0.24089753526951235,-0.0730729833318539,1.6609761099930531,0.24089753526951235,-0.0730729833318539,1.6609761099930531,0.0,0.0,0.0,4.535198053156809,0.07558663421928015
0.1360000000000001,0.24089769007782458,-0.07307354386056947,1.6609757313764502,0.24089753526951235,-0.0730729833318539,1.6609761099930531,0.24089753526951235,-0.0730729833318539,1.6609761099930531,0.0,0.0,0.0,4.535166839989128,0.07558611399981881
0.1370000000000001,0.24089763820231058,-0.07307351518153817,1.660975683704492,0.24089753526951235,-0.0730729833318539,1.6609761099930531,0.24089753526951235,-0.0730729833318539,1.6609761099930531,0.0,0.0,0.0,4.535136390749474,0.07558560651249123
0.1380000000000001,0.2408975869163658,-0.07307348642445635,1.6609756378436666,0.24089753526951235,-0.0730729833318539,1.6609761099930531,0.24089753526951235,-0.0730729833318539,1.6609761099930531,0.0,0.0,0.0,4.535106739966093,0.07558511233276821
0.1390000000000001,0.2408975362650787,-0.07307345761865772,1.6609755937684927,0.24089753526951235,-0.0730729833318539,1.6609761099930531,0.24089753526951235,-0.0730729833318539,1.6609761099930531,0.0,0.0,0.0,4.535077916743724,0.07558463194572873
0.1400000000000001,0.24089748629085972,-0.0730734287925793,1.6609755514512432,0.24089753526951235,-0.0730729833318539,1.6609761099930531,0.24089753526951235,-0.0730729833318539,1.6609761099930531,0.0,0.0,0.0,4.53504994480272,0.075584165746712
0.1410000000000001,0.24089743703351468,-0.07307339997374819,1.6609755108622732,0.24089753526951235,-0.0730729833318539,1.6609761099930531,0.24089753526951235,-0.0730729833318539,1.6609761099930531,0.0,0.0,0.0,4.535022842615379,0.07558371404358964
0.1420000000000001,0.24089738853032105,-0.07307337118877168,1.6609754719703385,0.24089753526951235,-0.0730729833318539,1.6609761099930531,0.24089753526951235,-0.0730729833318539,1.6609761099930531,0.0,0.0,0.0,4.534996623629738,0.07558327706049563
0.1430000000000001,0.24089734081611225,-0.07307334246333572,1.6609754347429015,0.24089753526951235,-0.0730729833318539,1.6609761099930531,0.24089753526951235,-0.0730729833318539,1.6609761099930531,0.0,0.0,0.0,4.534971296562044,0.07558285494270073
0.1440000000000001,0.2408972939233633,-0.07307331382220501,1.6609753991464156,0.24089753526951235,-0.0730729833318539,1.6609761099930531,0.24089753526951235,-0.0730729833318539,1.6609761099930531,0.0,0.0,0.0,4.53494686574594,0.07558244776243234
0.1450000000000001,0.24089724788227804,-0.07307328528923032,1.6609753651465864,0.24089753526951235,-0.0730729833318539,1.6609761099930531,0.24089753526951235,-0.0730729833318539,1.6609761099930531,0.0,0.0,0.0,4.534923331521356,0.07558205552535593
0.1460000000000001,0.24089720272087634,-0.07307325688735572,1.660975332708607,0.24089753526951235,-0.0730729833318539,1.6609761099930531,0.24089753526951235,-0.0730729833318539,1.6609761099930531,0.0,0.0,0.0,4.534900690650654,0.07558167817751091
0.1470000000000001,0.24089715846507845,-0.07307322863863179,1.6609753017973696,0.24089753526951235,-0.0730729833318539,1.6609761099930531,0.24089753526951235,-0.0730729833318539,1.6609761099930531,0.0,0.0,0.0,4.534878936747626,0.07558131561246044
0.1480000000000001,0.24089711513878737,-0.0730732005642298,1.660975272377646,0.24089753526951235,-0.0730729833318539,1.6609761099930531,0.24089753526951235,-0.0730729833318539,1.6609761099930531,0.0,0.0,0.0,4.534858060706261,0.07558096767843768
0.1490000000000001,0.24089707276396888,-0.07307317268445554,1.6609752444142425,0.24089753526951235,-0.0730729833318539,1.6609761099930531,0.24089753526951235,-0.0730729833318539,1.6609761099930531,0.0,0.0,0.0,4.534838051121445,0.0755806341853574
0.1500000000000001,0.24089703136072355,-0.07307314501876992,1.6609752178721298,0.24089753526951235,-0.0730729833318539,1.6609761099930531,0.24089753526951235,-0.0730729833318539,1.6609761099930531,0.0,0.0,0.0,4.53481889469067,0.07558031491151115
0.1510000000000001,0.24089699094736142,-0.07307311758580333,1.660975192716549,0.24089753526951235,-0.0730729833318539,1.6609761099930531,0.24089753526951235,-0.0730729833318539,1.6609761099930531,0.0,0.0,0.0,4.534800576588605,0.07558000960981008
0.1520000000000001,0.24089695154046392,-0.07307309040337663,1.660975168913087,0.24089753526951235,-0.0730729833318539,1.6609761099930531,0.24089753526951235,-0.0730729833318539,1.6609761099930531,0.0,0.0,0.0,4.534783080812537,0.07557971801354228
0.1530000000000001,0.24089691315494793,-0.07307306348851753,1.6609751464277454,0.24089753526951235,-0.0730729833318539,1.6609761099930531,0.24089753526951235,-0.0730729833318539,1.6609761099930531,0.0,0.0,0.0,4.534766390491578,0.0755794398415263
0.1540000000000001,0.24089687580412372,-0.07307303685747961,1.6609751252269773,0.24089753526951235,-0.0730729833318539,1.6609761099930531,0.24089753526951235,-0.0730729833318539,1.6609761099930531,0.0,0.0,0.0,4.534750488157274,0.07557917480262125
0.1550000000000001,0.24089683949974638,-0.07307301052576093,1.660975105277719,0.24089753526951235,-0.0730729833318539,1.6609761099930531,0.24089753526951235,-0.0730729833318539,1.6609761099930531,0.0,0.0,0.0,4.534735355978028,0.0755789225996338
0.1560000000000001,0.2408968042520686,-0.07307298450811948,1.6609750865473998,0.24089753526951235,-0.0730729833318539,1.6609761099930531,0.24089753526951235,-0.0730729833318539,1.6609761099930531,0.0,0.0,0.0,4.534720975952783,0.07557868293254638
0.1570000000000001,0.24089677006988575,-0.07307295881859102,1.6609750690039522,0.24089753526951235,-0.0730729833318539,1.6609761099930531,0.24089753526951235,-0.0730729833318539,1.6609761099930531,0.0,0.0,0.0,4.534707330070327,0.0755784555011721
0.1580000000000001,0.24089673696058184,-0.07307293347050507,1.6609750526158016,0.24089753526951235,-0.0730729833318539,1.6609761099930531,0.24089753526951235,-0.0730729833318539,1.6609761099930531,0.0,0.0,0.0,4.534694400430806,0.0755782400071801
0.1590000000000001,0.2408967049301708,-0.07307290847649904,1.6609750373518597,0.24089753526951235,-0.0730729833318539,1.6609761099930531,0.24089753526951235,-0.0730729833318539,1.6609761099930531,0.0,0.0,0.0,4.534682169339246,0.0755780361556541
0.16000000000000011,0.24089667398333744,-0.07307288384853437,1.6609750231815104,0.24089753526951235,-0.0730729833318539,1.6609761099930531,0.24089753526951235,-0.0730729833318539,1.6609761099930531,0.0,0.0,0.0,4.534670619367635,0.07557784365612724
0.16100000000000012,0.2408966441234771,-0.07307285959790885,1.6609750100745917,0.24089753526951235,-0.0730729833318539,1.6609761099930531,0.24089753526951235,-0.0730729833318539,1.6609761099930531,0.0,0.0,0.0,4.534659733393369,0.0755776622232228
0.16200000000000012,0.240896615352734,-0.07307283573527143,1.6609749980013813,0.24089753526951235,-0.0730729833318539,1.6609761099930531,0.24089753526951235,-0.0730729833318539,1.6609761099930531,0.0,0.0,0.0,4.534649494617874,0.07557749157696456
0.16300000000000012,0.24089658767203956,-0.07307281227063342,1.6609749869325805,0.24089753526951235,-0.0730729833318539,1.6609761099930531,0.24089753526951235,-0.0730729833318539,1.6609761099930531,0.0,0.0,0.0,4.534639886566827,0.07557733144278046
0.16400000000000012,0.24089656108114899,-0.07307278921338171,1.660974976839295,0.24089753526951235,-0.0730729833318539,1.6609761099930531,0.24089753526951235,-0.0730729833318539,1.6609761099930531,0.0,0.0,0.0,4.534630893077496,0.0755771815512916
0.16500000000000012,0.24089653557868024,-0.07307276657229084,1.6609749676930265,0.24089753526951235,-0.0730729833318539,1.6609761099930531,0.24089753526951235,-0.0730729833318539,1.6609761099930531,0.0,0.0,0.0,4.534622498277663,0.07557704163796106
0.16600000000000012,0.24089651116215122,-0.07307274435553412,1.6609749594656609,0.24089753526951235,-0.0730729833318539,1.6609761099930531,0.24089753526951235,-0.0730729833318539,1.6609761099930531,0.0,0.0,0.0,4.534614686556731,0.07557691144261218
0.16700000000000012,0.24089648782801892,-0.07307272257069586,1.6609749521294612,0.24089753526951235,-0.0730729833318539,1.6609761099930531,0.24089753526951235,-0.0730729833318539,1.6609761099930531,0.0,0.0,0.0,4.534607442534154,0.07557679070890257
0.16800000000000012,0.24089646557171576,-0.07307270122478213,1.6609749456570628,0.24089753526951235,-0.0730729833318539,1.6609761099930531,0.24089753526951235,-0.0730729833318539,1.6609761099930531,0.0,0.0,0.0,4.534600751026658,0.07557667918377763
0.16900000000000012,0.24089644438769175,-0.07307268032423272,1.6609749400214715,0.24089753526951235,-0.0730729833318539,1.6609761099930531,0.24089753526951235,-0.0730729833318539,1.6609761099930531,0.0,0.0,0.0,4.534594597016374,0.07557657661693958
0.17000000000000012,0.24089642426945068,-0.07307265987493217,1.6609749351960632,0.24089753526951235,-0.0730729833318539,1.6609761099930531,0.24089753526951235,-0.0730729833318539,1.6609761099930531,0.0,0.0,0.0,4.534588965622689,0.07557648276037815
0.17100000000000012,0.24089640520959132,-0.07307263988222117,1.6609749311545918,0.24089753526951235,-0.0730729833318539,1.6609761099930531,0.24089753526951235,-0.0730729833318539,1.6609761099930531,0.0,0.0,0.0,4.534583842076816,0.07557639736794693
0.17200000000000013,0.2408963871998474,-0.07307262035090886,1.6609749278711883,0.24089753526951235,-0.0730729833318539,1.6609761099930531,0.24089753526951235,-0.0730729833318539,1.6609761099930531,0.0,0.0,0.0,4.53457921170146,0.07557632019502433
0.17300000000000013,0.24089637023112712,-0.07307260128528376,1.6609749253203723,0.24089753526951235,-0.0730729833318539,1.6609761099930531,0.24089753526951235,-0.0730729833318539,1.6609761099930531,0.0,0.0,0.0,4.5345750598975725,0.07557625099829288
0.17400000000000013,0.2408963542935521,-0.07307258268912559,1.660974923477058,0.24089753526951235,-0.0730729833318539,1.6609761099930531,0.24089753526951235,-0.0730729833318539,1.6609761099930531,0.0,0.0,0.0,4.534571372134136,0.07557618953556892
0.17500000000000013,0.24089633937649924,-0.07307256456571912,1.660974922316562,0.24089753526951235,-0.0730729833318539,1.6609761099930531,0.24089753526951235,-0.0730729833318539,1.6609761099930531,0.0,0.0,0.0,4.534568133944693,0.07557613556574488
0.17600000000000013,0.24089632546863876,-0.07307254691786313,1.6609749218146128,0.24089753526951235,-0.0730729833318539,1.6609761099930531,0.24089753526951235,-0.0730729833318539,1.6609761099930531,0.0,0.0,0.0,4.534565330929812,0.0755760888488302
0.17700000000000013,0.2408963125579734,-0.07307252974788597,1.6609749219473602,0.24089753526951235,-0.0730729833318539,1.6609761099930531,0.24089753526951235,-0.0730729833318539,1.6609761099930531,0.0,0.0,0.0,4.534562948762774,0.07557604914604624
0.17800000000000013,0.24089630063187778,-0.07307251305765709,1.6609749226913828,0.24089753526951235,-0.0730729833318539,1.6609761099930531,0.24089753526951235,-0.0730729833318539,1.6609761099930531,0.0,0.0,0.0,4.534560973199879,0.07557601621999797
0.17900000000000013,0.24089628967713544,-0.07307249684859787,1.6609749240236957,0.24089753526951235,-0.0730729833318539,1.6609761099930531,0.24089753526951235,-0.0730729833318539,1.6609761099930531,0.0,0.0,0.0,4.5345593900942625,0.07557598983490438
0.18000000000000013,0.24089627967997584,-0.07307248112169663,1.6609749259217566,0.24089753526951235,-0.0730729833318539,1.6609761099930531,0.24089753526951235,-0.0730729833318539,1.6609761099930531,0.0,0.0,0.0,4.534558185411971,0.07557596975686617
0.18100000000000013,0.2408962706261129,-0.07307246587752138,1.6609749283634745,0.24089753526951235,-0.0730729833318539,1.6609761099930531,0.24089753526951235,-0.0730729833318539,1.6609761099930531,0.0,0.0,0.0,4.534557345249915,0.07557595575416526
0.18200000000000013,0.24089626250077562,-0.07307245111623033,1.6609749313272062,0.24089753526951235,-0.0730729833318539,1.6609761099930531,0.24089753526951235,-0.0730729833318539,1.6609761099930531,0.0,0.0,0.0,4.534556855854725,0.07557594759757875
0.18300000000000013,0.24089625528874875,-0.07307243683758721,1.6609749347917675,0.24089753526951235,-0.0730729833318539,1.6609761099930531,0.24089753526951235,-0.0730729833318539,1.6609761099930531,0.0,0.0,0.0,4.534556703642104,0.07557594506070173
0.18400000000000014,0.24089624897440115,-0.07307242304097324,1.6609749387364332,0.24089753526951235,-0.0730729833318539,1.6609761099930531,0.24089753526951235,-0.0730729833318539,1.6609761099930531,0.0,0.0,0.0,4.53455687521615,0.07557594792026916
0.18500000000000014,0.24089624354171896,-0.07307240972539893,1.6609749431409315,0.24089753526951235,-0.0730729833318539,1.6609761099930531,0.24089753526951235,-0.0730729833318539,1.6609761099930531,0.0,0.0,0.0,4.5345573573857765,0.0755759559564296
0.18600000000000014,0.24089623897433898,-0.07307239688951787,1.6609749479854505,0.24089753526951235,-0.0730729833318539,1.6609761099930531,0.24089753526951235,-0.0730729833318539,1.6609761099930531,0.0,0.0,0.0,4.534558137183025,0.07557596895305041
0.18700000000000014,0.24089623525557669,-0.07307238453163963,1.6609749532506306,0.24089753526951235,-0.0730729833318539,1.6609761099930531,0.24089753526951235,-0.0730729833318539,1.6609761099930531,0.0,0.0,0.0,4.534559201876554,0.07557598669794258
0.18800000000000014,0.24089623236845578,-0.07307237264974042,1.6609749589175662,0.24089753526951235,-0.0730729833318539,1.6609761099930531,0.24089753526951235,-0.0730729833318539,1.6609761099930531,0.0,0.0,0.0,4.534560538984879,0.07557600898308131
0.18900000000000014,0.2408962302957364,-0.07307236124147812,1.6609749649677983,0.24089753526951235,-0.0730729833318539,1.6609761099930531,0.24089753526951235,-0.0730729833318539,1.6609761099930531,0.0,0.0,0.0,4.53456213628627,0.07557603560477116
0.19000000000000014,0.24089622901994207,-0.07307235030420164,1.6609749713833097,0.24089753526951235,-0.0730729833318539,1.6609761099930531,0.24089753526951235,-0.0730729833318539,1.6609761099930531,0.0,0.0,0.0,4.534563981827217,0.07557606636378696
0.19100000000000014,0.24089622852338533,-0.0730723398349652,1.6609749781465222,0.24089753526951235,-0.0730729833318539,1.6609761099930531,0.24089753526951235,-0.0730729833318539,1.6609761099930531,0.0,0.0,0.0,4.534566063928214,0.07557610106547023
0.19200000000000014,0.240896228788193,-0.0730723298305384,1.6609749852402893,0.24089753526951235,-0.0730729833318539,1.6609761099930531,0.24089753526951235,-0.0730729833318539,1.6609761099930531,0.0,0.0,0.0,4.53456837118673,0.07557613951977885
0.19300000000000014,0.24089622979633038,-0.07307232028741935,1.6609749926478907,0.24089753526951235,-0.0730729833318539,1.6609761099930531,0.24089753526951235,-0.0730729833318539,1.6609761099930531,0.0,0.0,0.0,4.534570892478605,0.07557618154131009
0.19400000000000014,0.24089623152962375,-0.07307231120184565,1.660975000353025,0.24089753526951235,-0.0730729833318539,1.6609761099930531,0.24089753526951235,-0.0730729833318539,1.6609761099930531,0.0,0.0,0.0,4.5345736169574815,0.07557622694929136
0.19500000000000015,0.24089623396978416,-0.07307230256980508,1.6609750083398056,0.24089753526951235,-0.0730729833318539,1.6609761099930531,0.24089753526951235,-0.0730729833318539,1.6609761099930531,0.0,0.0,0.0,4.534576534052175,0.07557627556753625
0.19600000000000015,0.2408962370984284,-0.07307229438704822,1.6609750165927528,0.24089753526951235,-0.0730729833318539,1.6609761099930531,0.24089753526951235,-0.0730729833318539,1.6609761099930531,0.0,0.0,0.0,4.534579633462682,0.07557632722437804
0.19700000000000015,0.24089624089709843,-0.07307228664909737,1.6609750250967885,0.24089753526951235,-0.0730729833318539,1.6609761099930531,0.24089753526951235,-0.0730729833318539,1.6609761099930531,0.0,0.0,0.0,4.53458290515485,0.07557638175258083
0.19800000000000015,0.24089624534728418,-0.0730722793512597,1.6609750338372298,0.24089753526951235,-0.0730729833318539,1.6609761099930531,0.24089753526951235,-0.0730729833318539,1.6609761099930531,0.0,0.0,0.0,4.53458633935395,0.07557643898923251
0.19900000000000015,0.24089625043044155,-0.07307227248863533,1.6609750427997847,0.24089753526951235,-0.0730729833318539,1.6609761099930531,0.24089753526951235,-0.0730729833318539,1.6609761099930531,0.0,0.0,0.0,4.534589926538348,0.07557649877563913
0.20000000000000015,0.2408962561280112,-0.07307226605613032,1.660975051970547,0.24089753526951235,-0.0730729833318539,1.6609761099930531,0.24089753526951235,-0.0730729833318539,1.6609761099930531,0.0,0.0,0.0,4.534593657431233,0.07557656095718722
0.20100000000000015,0.24089626242143825,-0.07307226004846507,1.660975061335991,0.24089753526951235,-0.0730729833318539,1.6609761099930531,0.24089753526951235,-0.0730729833318539,1.6609761099930531,0.0,0.0,0.0,4.534597522993089,0.07557662538321815
0.20200000000000015,0.24089626929218694,-0.0730722544601846,1.660975070882965,0.24089753526951235,-0.0730729833318539,1.6609761099930531,0.24089753526951235,-0.0730729833318539,1.6609761099930531,0.0,0.0,0.0,4.534601514414617,0.07557669190691028
0.20300000000000015,0.2408962767217623,-0.07307224928567001,1.6609750805986907,0.24089753526951235,-0.0730729833318539,1.6609761099930531,0.24089753526951235,-0.0730729833318539,1.6609761099930531,0.0,0.0,0.0,4.5346056231082965,0.07557676038513828
0.20400000000000015,0.24089628469172156,-0.0730722445191459,1.6609750904707576,0.24089753526951235,-0.0730729833318539,1.6609761099930531,0.24089753526951235,-0.0730729833318539,1.6609761099930531,0.0,0.0,0.0,4.534609840701965,0.07557683067836608
0.20500000000000015,0.24089629318369438,-0.07307224015469223,1.6609751004871192,0.24089753526951235,-0.0730729833318539,1.6609761099930531,0.24089753526951235,-0.0730729833318539,1.6609761099930531,0.0,0.0,0.0,4.534614159031059,0.07557690265051765
0.20600000000000016,0.24089630217939584,-0.0730722361862519,1.6609751106360888,0.24089753526951235,-0.0730729833318539,1.6609761099930531,0.24089753526951235,-0.0730729833318539,1.6609761099930531,0.0,0.0,0.0,4.534618570133466,0.0755769761688911
0.20700000000000016,0.24089631166064224,-0.07307223260764148,1.6609751209063395,0.24089753526951235,-0.0730729833318539,1.6609761099930531,0.24089753526951235,-0.0730729833318539,1.6609761099930531,0.0,0.0,0.0,4.534623066243479,0.07557705110405798
0.20800000000000016,0.24089632160936458,-0.0730722294125591,1.6609751312868979,0.24089753526951235,-0.0730729833318539,1.6609761099930531,0.24089753526951235,-0.0730729833318539,1.6609761099930531,0.0,0.0,0.0,4.534627639786357,0.0755771273297726
0.20900000000000016,0.24089633200762406,-0.0730722265945949,1.6609751417671412,0.24089753526951235,-0.0730729833318539,1.6609761099930531,0.24089753526951235,-0.0730729833318539,1.6609761099930531,0.0,0.0,0.0,4.534632283374636,0.0755772047229106
0.21000000000000016,0.24089634283762382,-0.07307222414723792,1.6609751523367982,0.24089753526951235,-0.0730729833318539,1.6609761099930531,0.24089753526951235,-0.0730729833318539,1.6609761099930531,0.0,0.0,0.0,4.534636989805005,0.07557728316341675
0.21100000000000016,0.24089635408172197,-0.07307222206388671,1.660975162985942,0.24089753526951235,-0.0730729833318539,1.6609761099930531,0.24089753526951235,-0.0730729833318539,1.6609761099930531,0.0,0.0,0.0,4.534641752054007,0.07557736253423346
0.21200000000000016,0.24089636572244372,-0.07307222033785579,1.66097517370499,0.24089753526951235,-0.0730729833318539,1.6609761099930531,0.24089753526951235,-0.0730729833318539,1.6609761099930531,0.0,0.0,0.0,4.534646563276921,0.07557744272128201
0.21300000000000016,0.24089637774249326,-0.0730722189623857,1.6609751844846967,0.24089753526951235,-0.0730729833318539,1.6609761099930531,0.24089753526951235,-0.0730729833318539,1.6609761099930531,0.0,0.0,0.0,4.534651416805299,0.07557752361342165
0.21400000000000016,0.24089639012476446,-0.07307221793064976,1.660975195316157,0.24089753526951235,-0.0730729833318539,1.6609761099930531,0.24089753526951235,-0.0730729833318539,1.6609761099930531,0.0,0.0,0.0,4.534656306146582,0.07557760510244303
0.21500000000000016,0.2408964028523522,-0.07307221723576332,1.6609752061907976,0.24089753526951235,-0.0730729833318539,1.6609761099930531,0.24089753526951235,-0.0730729833318539,1.6609761099930531,0.0,0.0,0.0,4.534661224981889,0.07557768708303149
0.21600000000000016,0.24089641590856145,-0.07307221687079021,1.6609752171003747,0.24089753526951235,-0.0730729833318539,1.6609761099930531,0.24089753526951235,-0.0730729833318539,1.6609761099930531,0.0,0.0,0.0,4.534666167166746,0.0755777694527791
0.21700000000000016,0.24089642927691618,-0.07307221682875077,1.6609752280369736,0.24089753526951235,-0.0730729833318539,1.6609761099930531,0.24089753526951235,-0.0730729833318539,1.6609761099930531,0.0,0.0,0.0,4.534671126730667,0.07557785211217778
0.21800000000000017,0.24089644294116996,-0.0730722171026298,1.6609752389930008,0.24089753526951235,-0.0730729833318539,1.6609761099930531,0.24089753526951235,-0.0730729833318539,1.6609761099930531,0.0,0.0,0.0,4.53467609787598,0.07557793496459968
0.21900000000000017,0.24089645688531236,-0.07307221768538308,1.6609752499611794,0.24089753526951235,-0.0730729833318539,1.6609761099930531,0.24089753526951235,-0.0730729833318539,1.6609761099930531,0.0,0.0,0.0,4.534681074979479,0.07557801791632464
0.22000000000000017,0.2408964710935788,-0.07307221856994438,1.660975260934551,0.24089753526951235,-0.0730729833318539,1.6609761099930531,0.24089753526951235,-0.0730729833318539,1.6609761099930531,0.0,0.0,0.0,4.534686052592078,0.07557810087653463
0.22100000000000017,0.24089648555045529,-0.07307221974923245,1.6609752719064623,0.24089753526951235,-0.0730729833318539,1.6609761099930531,0.24089753526951235,-0.0730729833318539,1.6609761099930531,0.0,0.0,0.0,4.534691025438517,0.07557818375730861
0.22200000000000017,0.24089650024068715,-0.07307222121615782,1.6609752828705693,0.24089753526951235,-0.0730729833318539,1.6609761099930531,0.24089753526951235,-0.0730729833318539,1.6609761099930531,0.0,0.0,0.0,4.534695988418364,0.0755782664736394
0.22300000000000017,0.24089651514928423,-0.07307222296362857,1.660975293820824,0.24089753526951235,-0.0730729833318539,1.6609761099930531,0.24089753526951235,-0.0730729833318539,1.6609761099930531,0.0,0.0,0.0,4.534700936605151,0.07557834894341918
0.22400000000000017,0.2408965302615272,-0.073072224984557,1.660975304751476,0.24089753526951235,-0.0730729833318539,1.6609761099930531,0.24089753526951235,-0.0730729833318539,1.6609761099930531,0.0,0.0,0.0,4.534705865247606,0.0755784310874601
0.22500000000000017,0.24089654556297227,-0.07307222727186584,1.6609753156570628,0.24089753526951235,-0.0730729833318539,1.6609761099930531,0.24089753526951235,-0.0730729833318539,1.6609761099930531,0.0,0.0,0.0,4.5347107697681555,0.07557851282946926
0.22600000000000017,0.24089656103945592,-0.07307222981849296,1.6609753265324074,0.24089753526951235,-0.0730729833318539,1.6609761099930531,0.24089753526951235,-0.0730729833318539,1.6609761099930531,0.0,0.0,0.0,4.534715645763452,0.07557859409605754
0.22700000000000017,0.24089657667709946,-0.07307223261739856,1.6609753373726077,0.24089753526951235,-0.0730729833318539,1.6609761099930531,0.24089753526951235,-0.0730729833318539,1.6609761099930531,0.0,0.0,0.0,4.534720489003232,0.07557867481672052
0.22800000000000017,0.24089659246231243,-0.07307223566156848,1.6609753481730365,0.24089753526951235,-0.0730729833318539,1.6609761099930531,0.24089753526951235,-0.0730729833318539,1.6609761099930531,0.0,0.0,0.0,4.534725295430698,0.07557875492384496
0.22900000000000018,0.24089660838179686,-0.07307223894402162,1.6609753589293317,0.24089753526951235,-0.0730729833318539,1.6609761099930531,0.24089753526951235,-0.0730729833318539,1.6609761099930531,0.0,0.0,0.0,4.534730061160024,0.07557883435266707
0.23000000000000018,0.24089662442254806,-0.07307224245781356,1.6609753696373906,0.24089753526951235,-0.0730729833318539,1.6609761099930531,0.24089753526951235,-0.0730729833318539,1.6609761099930531,0.0,0.0,0.0,4.534734782476646,0.07557891304127744
0.23100000000000018,0.24089664057185983,-0.07307224619604026,1.660975380293366,0.24089753526951235,-0.0730729833318539,1.6609761099930531,0.24089753526951235,-0.0730729833318539,1.6609761099930531,0.0,0.0,0.0,4.534739455835182,0.07557899093058637
0.23200000000000018,0.24089665681732456,-0.07307225015184593,1.6609753908936549,0.24089753526951235,-0.0730729833318539,1.6609761099930531,0.24089753526951235,-0.0730729833318539,1.6609761099930531,0.0,0.0,0.0,4.534744077857888,0.07557906796429813
0.23300000000000018,0.24089667314683566,-0.07307225431842365,1.660975401434897,0.24089753526951235,-0.0730729833318539,1.6609761099930531,0.24089753526951235,-0.0730729833318539,1.6609761099930531,0.0,0.0,0.0,4.534748645333991,0.07557914408889985
0.23400000000000018,0.24089668954858895,-0.07307225868902194,1.6609754119139664,0.24089753526951235,-0.0730729833318539,1.6609761099930531,0.24089753526951235,-0.0730729833318539,1.6609761099930531,0.0,0.0,0.0,4.534753155216605,0.07557921925361008
0.23500000000000018,0.2408967060110829,-0.07307226325694757,1.660975422327964,0.24089753526951235,-0.0730729833318539,1.6609761099930531,0.24089753526951235,-0.0730729833318539,1.6609761099930531,0.0,0.0,0.0,4.534757604621574,0.07557929341035957
0.23600000000000018,0.24089672252312033,-0.07307226801556967,1.6609754326742123,0.24089753526951235,-0.0730729833318539,1.6609761099930531,0.24089753526951235,-0.0730729833318539,1.6609761099930531,0.0,0.0,0.0,4.534761990824961,0.07557936651374936
0.23700000000000018,0.2408967390738078,-0.07307227295832347,1.6609754429502477,0.24089753526951235,-0.0730729833318539,1.6609761099930531,0.24089753526951235,-0.0730729833318539,1.6609761099930531,0.0,0.0,0.0,4.534766311261265,0.07557943852102109
0.23800000000000018,0.2408967556525555,-0.07307227807871317,1.660975453153815,0.24089753526951235,-0.0730729833318539,1.6609761099930531,0.24089753526951235,-0.0730729833318539,1.6609761099930531,0.0,0.0,0.0,4.534770563520813,0.07557950939201355
0.23900000000000018,0.24089677224907763,-0.07307228337031542,1.6609754632828588,0.24089753526951235,-0.0730729833318539,1.6609761099930531,0.24089753526951235,-0.0730729833318539,1.6609761099930531,0.0,0.0,0.0,4.534774745347231,0.07557957908912051
0.24000000000000019,0.24089678885339058,-0.07307228882678306,1.6609754733355193,0.24089753526951235,-0.0730729833318539,1.6609761099930531,0.24089753526951235,-0.0730729833318539,1.6609761099930531,0.0,0.0,0.0,4.534778854635373,0.07557964757725623
0.2410000000000002,0.24089680545581316,-0.07307229444184604,1.6609754833101238,0.24089753526951235,-0.0730729833318539,1.6609761099930531,0.24089753526951235,-0.0730729833318539,1.6609761099930531,0.0,0.0,0.0,4.534782889427672,0.07557971482379452
0.2420000000000002,0.2408968220469636,-0.07307230020931532,1.6609754932051821,0.24089753526951235,-0.0730729833318539,1.6609761099930531,0.24089753526951235,-0.0730729833318539,1.6609761099930531,0.0,0.0,0.0,4.534786847914205,0.07557978079857008
0.2430000000000002,0.24089683861776084,-0.07307230612308592,1.6609755030193758,0.24089753526951235,-0.0730729833318539,1.6609761099930531,0.24089753526951235,-0.0730729833318539,1.6609761099930531,0.0,0.0,0.0,4.534790728425899,0.07557984547376499
0.2440000000000002,0.24089685515941928,-0.07307231217713744,1.6609755127515566,0.24089753526951235,-0.0730729833318539,1.6609761099930531,0.24089753526951235,-0.0730729833318539,1.6609761099930531,0.0,0.0,0.0,4.534794529435268,0.07557990882392113
0.2450000000000002,0.240896871663449,-0.07307231836553803,1.6609755224007359,0.24089753526951235,-0.0730729833318539,1.6609761099930531,0.24089753526951235,-0.0730729833318539,1.6609761099930531,0.0,0.0,0.0,4.53479824955148,0.075579970825858
0.2460000000000002,0.24089688812165302,-0.07307232468244462,1.6609755319660806,0.24089753526951235,-0.0730729833318539,1.6609761099930531,0.24089753526951235,-0.0730729833318539,1.6609761099930531,0.0,0.0,0.0,4.534801887518836,0.07558003145864726
0.2470000000000002,0.24089690452612433,-0.07307233112210651,1.6609755414469058,0.24089753526951235,-0.0730729833318539,1.6609761099930531,0.24089753526951235,-0.0730729833318539,1.6609761099930531,0.0,0.0,0.0,4.534805442212947,0.07558009070354911
0.2480000000000002,0.24089692086924358,-0.07307233767886502,1.6609755508426685,0.24089753526951235,-0.0730729833318539,1.6609761099930531,0.24089753526951235,-0.0730729833318539,1.6609761099930531,0.0,0.0,0.0,4.534808912638215,0.07558014854397024
0.2490000000000002,0.24089693714367594,-0.07307234434715652,1.6609755601529606,0.24089753526951235,-0.0730729833318539,1.6609761099930531,0.24089753526951235,-0.0730729833318539,1.6609761099930531,0.0,0.0,0.0,4.534812297925006,0.07558020496541677
0.25000000000000017,0.24089695334236738,-0.073072351121513,1.6609755693775043,0.24089753526951235,-0.0730729833318539,1.6609761099930531,0.24089753526951235,-0.0730729833318539,1.6609761099930531,0.0,0.0,0.0,4.53481559732608,0.07558025995543467
0.25100000000000017,0.24089696945854394,-0.07307235799656404,1.660975578516143,0.24089753526951235,-0.0730729833318539,1.6609761099930531,0.24089753526951235,-0.0730729833318539,1.6609761099930531,0.0,0.0,0.0,4.53481881021361,0.07558031350356018
0.25200000000000017,0.2408969854857031,-0.07307236496703584,1.6609755875688386,0.24089753526951235,-0.0730729833318539,1.6609761099930531,0.24089753526951235,-0.0730729833318539,1.6609761099930531,0.0,0.0,0.0,4.534821936077181,0.07558036560128635
0.25300000000000017,0.24089700141761594,-0.07307237202775485,1.6609755965356636,0.24089753526951235,-0.0730729833318539,1.6609761099930531,0.24089753526951235,-0.0730729833318539,1.6609761099930531,0.0,0.0,0.0,4.534824974518382,0.07558041624197304
0.25400000000000017,0.24089701724832016,-0.07307237917364706,1.6609756054167937,0.24089753526951235,-0.0730729833318539,1.6609761099930531,0.24089753526951235,-0.0730729833318539,1.6609761099930531,0.0,0.0,0.0,4.5348279252496235,0.07558046542082705
0.25500000000000017,0.24089703297211523,-0.07307238639973766,1.6609756142125056,0.24089753526951235,-0.0730729833318539,1.6609761099930531,0.24089753526951235,-0.0730729833318539,1.6609761099930531,0.0,0.0,0.0,4.534830788090814,0.0755805131348469
0.25600000000000017,0.2408970485835606,-0.07307239370115393,1.6609756229231658,0.24089753526951235,-0.0730729833318539,1.6609761099930531,0.24089753526951235,-0.0730729833318539,1.6609761099930531,0.0,0.0,0.0,4.534833562964207,0.07558055938273678
0.2570000000000002,0.24089706407747047,-0.07307240107312385,1.6609756315492328,0.24089753526951235,-0.0730729833318539,1.6609761099930531,0.24089753526951235,-0.0730729833318539,1.6609761099930531,0.0,0.0,0.0,4.534836249893814,0.07558060416489691
0.2580000000000002,0.24089707944890953,-0.07307240851097654,1.660975640091243,0.24089753526951235,-0.0730729833318539,1.6609761099930531,0.24089753526951235,-0.0730729833318539,1.6609761099930531,0.0,0.0,0.0,4.534838848999455,0.07558064748332426
0.2590000000000002,0.2408970946931881,-0.07307241601014294,1.6609756485498115,0.24089753526951235,-0.0730729833318539,1.6609761099930531,0.24089753526951235,-0.0730729833318539,1.6609761099930531,0.0,0.0,0.0,4.534841360495576,0.07558068934159293
0.2600000000000002,0.24089710980585816,-0.07307242356615558,1.6609756569256215,0.24089753526951235,-0.0730729833318539,1.6609761099930531,0.24089753526951235,-0.0730729833318539,1.6609761099930531,0.0,0.0,0.0,4.534843784686447,0.07558072974477412
0.2610000000000002,0.2408971247827082,-0.0730724311746489,1.6609756652194247,0.24089753526951235,-0.0730729833318539,1.6609761099930531,0.24089753526951235,-0.0730729833318539,1.6609761099930531,0.0,0.0,0.0,4.534846121963943,0.07558076869939905
0.2620000000000002,0.2408971396197591,-0.07307243883135799,1.6609756734320336,0.24089753526951235,-0.0730729833318539,1.6609761099930531,0.24089753526951235,-0.0730729833318539,1.6609761099930531,0.0,0.0,0.0,4.534848372802885,0.07558080621338141
0.2630000000000002,0.24089715431325892,-0.07307244653211982,1.6609756815643133,0.24089753526951235,-0.0730729833318539,1.6609761099930531,0.24089753526951235,-0.0730729833318539,1.6609761099930531,0.0,0.0,0.0,4.534850537758329,0.07558084229597214
0.2640000000000002,0.24089716885967766,-0.07307245427287178,1.6609756896171826,0.24089753526951235,-0.0730729833318539,1.6609761099930531,0.24089753526951235,-0.0730729833318539,1.6609761099930531,0.0,0.0,0.0,4.534852617462848,0.07558087695771414
0.2650000000000002,0.24089718325570364,-0.07307246204965173,1.6609756975916055,0.24089753526951235,-0.0730729833318539,1.6609761099930531,0.24089753526951235,-0.0730729833318539,1.6609761099930531,0.0,0.0,0.0,4.534854612621512,0.07558091021035854
0.2660000000000002,0.24089719749823696,-0.07307246985859714,1.6609757054885872,0.24089753526951235,-0.0730729833318539,1.6609761099930531,0.24089753526951235,-0.0730729833318539,1.6609761099930531,0.0,0.0,0.0,4.534856524009937,0.07558094206683229
0.2670000000000002,0.24089721158438487,-0.07307247769594469,1.6609757133091707,0.24089753526951235,-0.0730729833318539,1.6609761099930531,0.24089753526951235,-0.0730729833318539,1.6609761099930531,0.0,0.0,0.0,4.53485835247024,0.07558097254117067
0.2680000000000002,0.24089722551145865,-0.07307248555802985,1.6609757210544307,0.24089753526951235,-0.0730729833318539,1.6609761099930531,0.24089753526951235,-0.0730729833318539,1.6609761099930531,0.0,0.0,0.0,4.5348600989073855,0.07558100164845642
0.2690000000000002,0.2408972392769655,-0.07307249344128561,1.660975728725472,0.24089753526951235,-0.0730729833318539,1.6609761099930531,0.24089753526951235,-0.0730729833318539,1.6609761099930531,0.0,0.0,0.0,4.534861764287234,0.07558102940478723
0.2700000000000002,0.24089725287860522,-0.07307250134224173,1.6609757363234223,0.24089753526951235,-0.0730729833318539,1.6609761099930531,0.24089753526951235,-0.0730729833318539,1.6609761099930531,0.0,0.0,0.0,4.53486334963129,0.07558105582718816
0.2710000000000002,0.2408972663142656,-0.07307250925752415,1.6609757438494328,0.24089753526951235,-0.0730729833318539,1.6609761099930531,0.24089753526951235,-0.0730729833318539,1.6609761099930531,0.0,0.0,0.0,4.5348648560148925,0.07558108093358154
0.2720000000000002,0.2408972795820153,-0.0730725171838538,1.6609757513046683,0.24089753526951235,-0.0730729833318539,1.6609761099930531,0.24089753526951235,-0.0730729833318539,1.6609761099930531,0.0,0.0,0.0,4.534866284563156,0.07558110474271927
0.2730000000000002,0.24089729268010152,-0.07307252511804606,1.6609757586903109,0.24089753526951235,-0.0730729833318539,1.6609761099930531,0.24089753526951235,-0.0730729833318539,1.6609761099930531,0.0,0.0,0.0,4.534867636448479,0.07558112727414132
0.2740000000000002,0.24089730560694217,-0.07307253305700892,1.6609757660075493,0.24089753526951235,-0.0730729833318539,1.6609761099930531,0.24089753526951235,-0.0730729833318539,1.6609761099930531,0.0,0.0,0.0,4.53486891288678,0.075581148548113
0.2750000000000002,0.2408973183611226,-0.07307254099774162,1.6609757732575816,0.24089753526951235,-0.0730729833318539,1.6609761099930531,0.24089753526951235,-0.0730729833318539,1.6609761099930531,0.0,0.0,0.0,4.534870115134824,0.07558116858558041
0.2760000000000002,0.24089733094139007,-0.07307254893733556,1.6609757804416085,0.24089753526951235,-0.0730729833318539,1.6609761099930531,0.24089753526951235,-0.0730729833318539,1.6609761099930531,0.0,0.0,0.0,4.534871244486628,0.07558118740811047
0.2770000000000002,0.2408973433466487,-0.07307255687297012,1.660975787560832,0.24089753526951235,-0.0730729833318539,1.6609761099930531,0.24089753526951235,-0.0730729833318539,1.6609761099930531,0.0,0.0,0.0,4.534872302271238,0.07558120503785397
0.2780000000000002,0.24089735557595382,-0.07307256480191393,1.6609757946164518,0.24089753526951235,-0.0730729833318539,1.6609761099930531,0.24089753526951235,-0.0730729833318539,1.6609761099930531,0.0,0.0,0.0,4.534873289849272,0.07558122149748786
0.2790000000000002,0.2408973676285083,-0.07307257272152219,1.6609758016096627,0.24089753526951235,-0.0730729833318539,1.6609761099930531,0.24089753526951235,-0.0730729833318539,1.6609761099930531,0.0,0.0,0.0,4.5348742086100025,0.07558123681016671
0.2800000000000002,0.24089737950365692,-0.07307258062923623,1.6609758085416528,0.24089753526951235,-0.0730729833318539,1.6609761099930531,0.24089753526951235,-0.0730729833318539,1.6609761099930531,0.0,0.0,0.0,4.534875059969107,0.07558125099948511
0.2810000000000002,0.24089739120088088,-0.07307258852258021,1.6609758154136,0.24089753526951235,-0.0730729833318539,1.6609761099930531,0.24089753526951235,-0.0730729833318539,1.6609761099930531,0.0,0.0,0.0,4.534875845365434,0.07558126408942391
0.2820000000000002,0.2408974027197944,-0.07307259639916298,1.6609758222266708,0.24089753526951235,-0.0730729833318539,1.6609761099930531,0.24089753526951235,-0.0730729833318539,1.6609761099930531,0.0,0.0,0.0,4.534876566258422,0.07558127610430704
0.2830000000000002,0.24089741406013848,-0.07307260425667365,1.6609758289820158,0.24089753526951235,-0.0730729833318539,1.6609761099930531,0.24089753526951235,-0.0730729833318539,1.6609761099930531,0.0,0.0,0.0,4.534877224125727,0.07558128706876212
0.2840000000000002,0.2408974252217771,-0.07307261209288193,1.6609758356807716,0.24089753526951235,-0.0730729833318539,1.6609761099930531,0.24089753526951235,-0.0730729833318539,1.6609761099930531,0.0,0.0,0.0,4.534877820460759,0.07558129700767931
0.2850000000000002,0.2408974362046924,-0.07307261990563625,1.6609758423240562,0.24089753526951235,-0.0730729833318539,1.6609761099930531,0.24089753526951235,-0.0730729833318539,1.6609761099930531,0.0,0.0,0.0,4.534878356769716,0.07558130594616193
0.2860000000000002,0.24089744700897991,-0.07307262769286178,1.6609758489129658,0.24089753526951235,-0.0730729833318539,1.6609761099930531,0.24089753526951235,-0.0730729833318539,1.6609761099930531,0.0,0.0,0.0,4.534878834569782,0.07558131390949636
0.2870000000000002,0.24089745763484377,-0.07307263545255899,1.660975855448578,0.24089753526951235,-0.0730729833318539,1.6609761099930531,0.24089753526951235,-0.0730729833318539,1.6609761099930531,0.0,0.0,0.0,4.534879255387188,0.0755813209231198
0.2880000000000002,0.24089746808259216,-0.07307264318280339,1.6609758619319468,0.24089753526951235,-0.0730729833318539,1.6609761099930531,0.24089753526951235,-0.0730729833318539,1.6609761099930531,0.0,0.0,0.0,4.534879620753653,0.07558132701256089
0.2890000000000002,0.24089747835263448,-0.0730726508817429,1.6609758683640994,0.24089753526951235,-0.0730729833318539,1.6609761099930531,0.24089753526951235,-0.0730729833318539,1.6609761099930531,0.0,0.0,0.0,4.534879932205183,0.07558133220341973
0.2900000000000002,0.24089748844547476,-0.07307265854759629,1.6609758747460406,0.24089753526951235,-0.0730729833318539,1.6609761099930531,0.24089753526951235,-0.0730729833318539,1.6609761099930531,0.0,0.0,0.0,4.5348801912808545,0.07558133652134758
0.2910000000000002,0.2408974983617086,-0.07307266617865193,1.6609758810787452,0.24089753526951235,-0.0730729833318539,1.6609761099930531,0.24089753526951235,-0.0730729833318539,1.6609761099930531,0.0,0.0,0.0,4.5348803995187605,0.07558133999197934
0.2920000000000002,0.2408975081020194,-0.07307267377326701,1.660975887363165,0.24089753526951235,-0.0730729833318539,1.6609761099930531,0.24089753526951235,-0.0730729833318539,1.6609761099930531,0.0,0.0,0.0,4.534880558456064,0.0755813426409344
0.2930000000000002,0.24089751766717304,-0.07307268132986411,1.660975893600216,0.24089753526951235,-0.0730729833318539,1.6609761099930531,0.24089753526951235,-0.0730729833318539,1.6609761099930531,0.0,0.0,0.0,4.534880669625496,0.07558134449375827
0.2940000000000002,0.2408975270580141,-0.07307268884693147,1.66097589979079,0.24089753526951235,-0.0730729833318539,1.6609761099930531,0.24089753526951235,-0.0730729833318539,1.6609761099930531,0.0,0.0,0.0,4.534880734555836,0.0755813455759306
0.2950000000000002,0.240897536275463,-0.07307269632302145,1.6609759059357454,0.24089753526951235,-0.0730729833318539,1.6609761099930531,0.24089753526951235,-0.0730729833318539,1.6609761099930531,0.0,0.0,0.0,4.53488075476735,0.07558134591278917
0.2960000000000002,0.24089754532051127,-0.07307270375674729,1.6609759120359102,0.24089753526951235,-0.0730729833318539,1.6609761099930531,0.24089753526951235,-0.0730729833318539,1.6609761099930531,0.0,0.0,0.0,4.534880731772937,0.07558134552954894
0.2970000000000002,0.24089755419421782,-0.07307271114678307,1.660975918092082,0.24089753526951235,-0.0730729833318539,1.6609761099930531,0.24089753526951235,-0.0730729833318539,1.6609761099930531,0.0,0.0,0.0,4.534880667074828,0.07558134445124713
0.2980000000000002,0.24089756289770548,-0.07307271849186242,1.6609759241050233,0.24089753526951235,-0.0730729833318539,1.6609761099930531,0.24089753526951235,-0.0730729833318539,1.6609761099930531,0.0,0.0,0.0,4.5348805621636545,0.07558134270272758
0.2990000000000002,0.24089757143215698,-0.07307272579077538,1.6609759300754665,0.24089753526951235,-0.0730729833318539,1.6609761099930531,0.24089753526951235,-0.0730729833318539,1.6609761099930531,0.0,0.0,0.0,4.5348804185175196,0.07558134030862533
0.3000000000000002,0.2408975797988117,-0.07307273304236923,1.6609759360041096,0.24089753526951235,-0.0730729833318539,1.6609761099930531,0.24089753526951235,-0.0730729833318539,1.6609761099930531,0.0,0.0,0.0,4.534880237599883,0.07558133729333139
0.3010000000000002,0.2408975879989629,-0.07307274024554457,1.6609759418916175,0.24089753526951235,-0.0730729833318539,1.6609761099930531,0.24089753526951235,-0.0730729833318539,1.6609761099930531,0.0,0.0,0.0,4.5348800208589415,0.07558133368098235
0.3020000000000002,0.24089759603395233,-0.0730727473992556,1.6609759477386212,0.24089753526951235,-0.0730729833318539,1.6609761099930531,0.24089753526951235,-0.0730729833318539,1.6609761099930531,0.0,0.0,0.0,4.534879769726357,0.07558132949543929
0.3030000000000002,0.24089760390516995,-0.07307275450250804,1.6609759535457198,0.24089753526951235,-0.0730729833318539,1.6609761099930531,0.24089753526951235,-0.0730729833318539,1.6609761099930531,0.0,0.0,0.0,4.534879485615857,0.07558132476026429
0.3040000000000002,0.24089761161404794,-0.07307276155435746,1.6609759593134772,0.24089753526951235,-0.0730729833318539,1.6609761099930531,0.24089753526951235,-0.0730729833318539,1.6609761099930531,0.0,0.0,0.0,4.534879169922595,0.07558131949870991
0.3050000000000002,0.24089761916205962,-0.07307276855390882,1.6609759650424256,0.24089753526951235,-0.0730729833318539,1.6609761099930531,0.24089753526951235,-0.0730729833318539,1.6609761099930531,0.0,0.0,0.0,4.53487882402183,0.07558131373369717
0.3060000000000002,0.2408976265507148,-0.07307277550031316,1.6609759707330598,0.24089753526951235,-0.0730729833318539,1.6609761099930531,0.24089753526951235,-0.0730729833318539,1.6609761099930531,0.0,0.0,0.0,4.534878449268161,0.07558130748780269
0.3070000000000002,0.24089763378155876,-0.07307278239276854,1.6609759763858476,0.24089753526951235,-0.0730729833318539,1.6609761099930531,0.24089753526951235,-0.0730729833318539,1.6609761099930531,0.0,0.0,0.0,4.534878046995149,0.07558130078325248
0.3080000000000002,0.24089764085616788,-0.07307278923051715,1.6609759820012182,0.24089753526951235,-0.0730729833318539,1.6609761099930531,0.24089753526951235,-0.0730729833318539,1.6609761099930531,0.0,0.0,0.0,4.534877618513384,0.07558129364188974
0.3090000000000002,0.24089764777614703,-0.07307279601284396,1.6609759875795709,0.24089753526951235,-0.0730729833318539,1.6609761099930531,0.24089753526951235,-0.0730729833318539,1.6609761099930531,0.0,0.0,0.0,4.534877165111398,0.07558128608518996
0.3100000000000002,0.24089765454312828,-0.07307280273907615,1.6609759931212722,0.24089753526951235,-0.0730729833318539,1.6609761099930531,0.24089753526951235,-0.0730729833318539,1.6609761099930531,0.0,0.0,0.0,4.53487668805346,0.07558127813422434
0.3110000000000002,0.2408976611587666,-0.07307280940858159,1.6609759986266563,0.24089753526951235,-0.0730729833318539,1.6609761099930531,0.24089753526951235,-0.0730729833318539,1.6609761099930531,0.0,0.0,0.0,4.534876188579871,0.07558126980966452
0.3120000000000002,0.24089766762473902,-0.07307281602076658,1.660976004096026,0.24089753526951235,-0.0730729833318539,1.6609761099930531,0.24089753526951235,-0.0730729833318539,1.6609761099930531,0.0,0.0,0.0,4.534875667906218,0.0755812611317703
0.3130000000000002,0.24089767394274,-0.0730728225750759,1.6609760095296506,0.24089753526951235,-0.0730729833318539,1.6609761099930531,0.24089753526951235,-0.0730729833318539,1.6609761099930531,0.0,0.0,0.0,4.534875127223085,0.07558125212038475
0.3140000000000002,0.2408976801144831,-0.07307282907099173,1.660976014927776,0.24089753526951235,-0.0730729833318539,1.6609761099930531,0.24089753526951235,-0.0730729833318539,1.6609761099930531,0.0,0.0,0.0,4.534874567695354,0.07558124279492257
0.3150000000000002,0.24089768614169332,-0.07307283550803008,1.6609760202906085,0.24089753526951235,-0.0730729833318539,1.6609761099930531,0.24089753526951235,-0.0730729833318539,1.6609761099930531,0.0,0.0,0.0,4.534873990461215,0.07558123317435358
0.3160000000000002,0.24089769202610922,-0.07307284188574238,1.6609760256183312,0.24089753526951235,-0.0730729833318539,1.6609761099930531,0.24089753526951235,-0.0730729833318539,1.6609761099930531,0.0,0.0,0.0,4.534873396633684,0.07558122327722808
0.3170000000000002,0.24089769776947978,-0.0730728482037129,1.6609760309110964,0.24089753526951235,-0.0730729833318539,1.6609761099930531,0.24089753526951235,-0.0730729833318539,1.6609761099930531,0.0,0.0,0.0,4.534872787298299,0.0755812131216383
0.3180000000000002,0.2408977033735626,-0.0730728544615579,1.660976036169029,0.24089753526951235,-0.0730729833318539,1.6609761099930531,0.24089753526951235,-0.0730729833318539,1.6609761099930531,0.0,0.0,0.0,4.534872163514097,0.07558120272523496
0.31900000000000023,0.24089770884012005,-0.0730728606589237,1.6609760413922257,0.24089753526951235,-0.0730729833318539,1.6609761099930531,0.24089753526951235,-0.0730729833318539,1.6609761099930531,0.0,0.0,0.0,4.5348715263131485,0.07558119210521914
0.32000000000000023,0.24089771417092012,-0.07307286679548759,1.6609760465807561,0.24089753526951235,-0.0730729833318539,1.6609761099930531,0.24089753526951235,-0.0730729833318539,1.6609761099930531,0.0,0.0,0.0,4.534870876699896,0.0755811812783316
0.32100000000000023,0.24089771936773335,-0.07307287287095408,1.6609760517346654,0.24089753526951235,-0.0730729833318539,1.6609761099930531,0.24089753526951235,-0.0730729833318539,1.6609761099930531,0.0,0.0,0.0,4.534870215652046,0.07558117026086744
0.32200000000000023,0.240897724432331,-0.07307287888505644,1.66097605685397,0.24089753526951235,-0.0730729833318539,1.6609761099930531,0.24089753526951235,-0.0730729833318539,1.6609761099930531,0.0,0.0,0.0,4.534869544119453,0.07558115906865755
0.32300000000000023,0.24089772936648496,-0.07307288483755371,1.6609760619386649,0.24089753526951235,-0.0730729833318539,1.6609761099930531,0.24089753526951235,-0.0730729833318539,1.6609761099930531,0.0,0.0,0.0,4.5348688630253475,0.07558114771708913
0.32400000000000023,0.2408977341719637,-0.07307289072822999,1.6609760669887217,0.24089753526951235,-0.0730729833318539,1.6609761099930531,0.24089753526951235,-0.0730729833318539,1.6609761099930531,0.0,0.0,0.0,4.534868173265082,0.0755811362210847
0.32500000000000023,0.2408977388505334,-0.07307289655689521,1.6609760720040851,0.24089753526951235,-0.0730729833318539,1.6609761099930531,0.24089753526951235,-0.0730729833318539,1.6609761099930531,0.0,0.0,0.0,4.534867475706262,0.07558112459510437
0.32600000000000023,0.2408977434039551,-0.07307290232338157,1.6609760769846824,0.24089753526951235,-0.0730729833318539,1.6609761099930531,0.24089753526951235,-0.0730729833318539,1.6609761099930531,0.0,0.0,0.0,4.534866771190514,0.07558111285317523
0.32700000000000023,0.24089774783398338,-0.07307290802754476,1.660976081930414,0.24089753526951235,-0.0730729833318539,1.6609761099930531,0.24089753526951235,-0.0730729833318539,1.6609761099930531,0.0,0.0,0.0,4.534866060531163,0.07558110100885272
0.32800000000000024,0.24089775214236614,-0.07307291366926139,1.660976086841166,0.24089753526951235,-0.0730729833318539,1.6609761099930531,0.24089753526951235,-0.0730729833318539,1.6609761099930531,0.0,0.0,0.0,4.534865344515776,0.07558108907526292
0.32900000000000024,0.24089775633084254,-0.07307291924842949,1.6609760917168002,0.24089753526951235,-0.0730729833318539,1.6609761099930531,0.24089753526951235,-0.0730729833318539,1.6609761099930531,0.0,0.0,0.0,4.534864623903754,0.07558107706506258
0.33000000000000024,0.24089776040114264,-0.07307292476496748,1.660976096557162,0.24089753526951235,-0.0730729833318539,1.6609761099930531,0.24089753526951235,-0.0730729833318539,1.6609761099930531,0.0,0.0,0.0,4.534863899428954,0.07558106499048257
0.33100000000000024,0.24089776435498494,-0.07307293021881123,1.6609761013620763,0.24089753526951235,-0.0730729833318539,1.6609761099930531,0.24089753526951235,-0.0730729833318539,1.6609761099930531,0.0,0.0,0.0,4.534863171798544,0.07558105286330906
0.33200000000000024,0.2408977681940775,-0.07307293560991662,1.6609761061313537,0.24089753526951235,-0.0730729833318539,1.6609761099930531,0.24089753526951235,-0.0730729833318539,1.6609761099930531,0.0,0.0,0.0,4.534862441693781,0.07558104069489634
0.33300000000000024,0.2408977719201148,-0.07307294093825635,1.660976110864787,0.24089753526951235,-0.0730729833318539,1.6609761099930531,0.24089753526951235,-0.0730729833318539,1.6609761099930531,0.0,0.0,0.0,4.534861709769815,0.07558102849616358
0.33400000000000024,0.24089777553477926,-0.07307294620382004,1.6609761155621532,0.24089753526951235,-0.0730729833318539,1.6609761099930531,0.24089753526951235,-0.0730729833318539,1.6609761099930531,0.0,0.0,0.0,4.534860976656291,0.07558101627760486
0.33500000000000024,0.2408977790397381,-0.07307295140661299,1.6609761202232154,0.24089753526951235,-0.0730729833318539,1.6609761099930531,0.24089753526951235,-0.0730729833318539,1.6609761099930531,0.0,0.0,0.0,4.5348602429580716,0.0755810040493012
0.33600000000000024,0.2408977824366445,-0.07307295654665598,1.6609761248477224,0.24089753526951235,-0.0730729833318539,1.6609761099930531,0.24089753526951235,-0.0730729833318539,1.6609761099930531,0.0,0.0,0.0,4.534859509254847,0.07558099182091411
0.33700000000000024,0.24089778572713522,-0.07307296162398495,1.6609761294354113,0.24089753526951235,-0.0730729833318539,1.6609761099930531,0.24089753526951235,-0.0730729833318539,1.6609761099930531,0.0,0.0,0.0,4.534858776101893,0.07558097960169821
0.33800000000000024,0.24089778891283187,-0.07307296663864887,1.6609761339860047,0.24089753526951235,-0.0730729833318539,1.6609761099930531,0.24089753526951235,-0.0730729833318539,1.6609761099930531,0.0,0.0,0.0,4.534858044030061,0.07558096740050102
0.33900000000000025,0.24089779199533867,-0.07307297159071047,1.660976138499217,0.24089753526951235,-0.0730729833318539,1.6609761099930531,0.24089753526951235,-0.0730729833318539,1.6609761099930531,0.0,0.0,0.0,4.534857313547235,0.07558095522578726
0.34000000000000025,0.24089779497624275,-0.07307297648024559,1.66097614297475,0.24089753526951235,-0.0730729833318539,1.6609761099930531,0.24089753526951235,-0.0730729833318539,1.6609761099930531,0.0,0.0,0.0,4.534856585137028,0.07558094308561714
0.34100000000000025,0.24089779785711313,-0.07307298130734129,1.6609761474122957,0.24089753526951235,-0.0730729833318539,1.6609761099930531,0.24089753526951235,-0.0730729833318539,1.6609761099930531,0.0,0.0,0.0,4.534855859260693,0.07558093098767822
0.34200000000000025,0.24089780063950159,-0.07307298607209704,1.6609761518115393,0.24089753526951235,-0.0730729833318539,1.6609761099930531,0.24089753526951235,-0.0730729833318539,1.6609761099930531,0.0,0.0,0.0,4.534855136356945,0.07558091893928241
0.34300000000000025,0.24089780332493976,-0.07307299077462234,1.6609761561721559,0.24089753526951235,-0.0730729833318539,1.6609761099930531,0.24089753526951235,-0.0730729833318539,1.6609761099930531,0.0,0.0,0.0,4.534854416842251,0.07558090694737084
0.34400000000000025,0.24089780591494192,-0.07307299541503755,1.6609761604938156,0.24089753526951235,-0.0730729833318539,1.6609761099930531,0.24089753526951235,-0.0730729833318539,1.6609761099930531,0.0,0.0,0.0,4.534853701111071,0.07558089501851785
0.34500000000000025,0.24089780841100192,-0.07307299999347323,1.660976164776179,0.24089753526951235,-0.0730729833318539,1.6609761099930531,0.24089753526951235,-0.0730729833318539,1.6609761099930531,0.0,0.0,0.0,4.534852989538154,0.07558088315896924
0.34600000000000025,0.2408978108145946,-0.07307300451006882,1.6609761690189049,0.24089753526951235,-0.0730729833318539,1.6609761099930531,0.24089753526951235,-0.0730729833318539,1.6609761099930531,0.0,0.0,0.0,4.534852282476413,0.07558087137460688
0.34700000000000025,0.2408978131271749,-0.07307300896497278,1.6609761732216433,0.24089753526951235,-0.0730729833318539,1.6609761099930531,0.24089753526951235,-0.0730729833318539,1.6609761099930531,0.0,0.0,0.0,4.534851580258243,0.07558085967097071
0.34800000000000025,0.24089781535017785,-0.07307301335834204,1.6609761773840421,0.24089753526951235,-0.0730729833318539,1.6609761099930531,0.24089753526951235,-0.0730729833318539,1.6609761099930531,0.0,0.0,0.0,4.534850883196967,0.07558084805328277
0.34900000000000025,0.24089781748501812,-0.07307301769034183,1.6609761815057462,0.24089753526951235,-0.0730729833318539,1.6609761099930531,0.24089753526951235,-0.0730729833318539,1.6609761099930531,0.0,0.0,0.0,4.534850191586465,0.07558083652644108
0.35000000000000026,0.24089781953309033,-0.07307302196114475,1.6609761855863971,0.24089753526951235,-0.0730729833318539,1.6609761099930531,0.24089753526951235,-0.0730729833318539,1.6609761099930531,0.0,0.0,0.0,4.534849505701709,0.07558082509502849
0.35100000000000026,0.2408978214957689,-0.07307302617093042,1.660976189625633,0.24089753526951235,-0.0730729833318539,1.6609761099930531,0.24089753526951235,-0.0730729833318539,1.6609761099930531,0.0,0.0,0.0,4.5348488257993305,0.07558081376332218
0.35200000000000026,0.2408978233744074,-0.07307303031988552,1.660976193623092,0.24089753526951235,-0.0730729833318539,1.6609761099930531,0.24089753526951235,-0.0730729833318539,1.6609761099930531,0.0,0.0,0.0,4.53484815211861,0.07558080253531017
0.35300000000000026,0.24089782517033853,-0.07307303440820302,1.660976197578412,0.24089753526951235,-0.0730729833318539,1.6609761099930531,0.24089753526951235,-0.0730729833318539,1.6609761099930531,0.0,0.0,0.0,4.534847484881109,0.07558079141468514
0.35400000000000026,0.2408978268848766,-0.0730730384360825,1.6609762014912304,0.24089753526951235,-0.0730729833318539,1.6609761099930531,0.24089753526951235,-0.0730729833318539,1.6609761099930531,0.0,0.0,0.0,4.534846824291197,0.07558078040485329
0.35500000000000026,0.24089782851931246,-0.07307304240372832,1.6609762053611836,0.24089753526951235,-0.0730729833318539,1.6609761099930531,0.24089753526951235,-0.0730729833318539,1.6609761099930531,0.0,0.0,0.0,4.534846170537888,0.07558076950896479
0.35600000000000026,0.24089783007491877,-0.07307304631135118,1.660976209187911,0.24089753526951235,-0.0730729833318539,1.6609761099930531,0.24089753526951235,-0.0730729833318539,1.6609761099930531,0.0,0.0,0.0,4.534845523793557,0.07558075872989262
0.35700000000000026,0.2408978315529469,-0.07307305015916649,1.6609762129710532,0.24089753526951235,-0.0730729833318539,1.6609761099930531,0.24089753526951235,-0.0730729833318539,1.6609761099930531,0.0,0.0,0.0,4.534844884215477,0.07558074807025796
0.35800000000000026,0.24089783295462852,-0.07307305394739444,1.660976216710253,0.24089753526951235,-0.0730729833318539,1.6609761099930531,0.24089753526951235,-0.0730729833318539,1.6609761099930531,0.0,0.0,0.0,4.534844251946085,0.07558073753243474
0.35900000000000026,0.24089783428117453,-0.07307305767626047,1.6609762204051566,0.24089753526951235,-0.0730729833318539,1.6609761099930531,0.24089753526951235,-0.0730729833318539,1.6609761099930531,0.0,0.0,0.0,4.5348436271135375,0.07558072711855895
0.36000000000000026,0.24089783553377575,-0.07307306134599306,1.6609762240554111,0.24089753526951235,-0.0730729833318539,1.6609761099930531,0.24089753526951235,-0.0730729833318539,1.6609761099930531,0.0,0.0,0.0,4.534843009831773,0.07558071683052955
0.36100000000000027,0.24089783671360504,-0.07307306495682624,1.6609762276606737,0.24089753526951235,-0.0730729833318539,1.6609761099930531,0.24089753526951235,-0.0730729833318539,1.6609761099930531,0.0,0.0,0.0,4.534842400201823,0.07558070667003039
0.36200000000000027,0.24089783782181262,-0.07307306850899703,1.6609762312205985,0.24089753526951235,-0.0730729833318539,1.6609761099930531,0.24089753526951235,-0.0730729833318539,1.6609761099930531,0.0,0.0,0.0,4.53484179831107,0.07558069663851782
0.36300000000000027,0.2408978388595308,-0.07307307200274592,1.6609762347348482,0.24089753526951235,-0.0730729833318539,1.6609761099930531,0.24089753526951235,-0.0730729833318539,1.6609761099930531,0.0,0.0,0.0,4.534841204235224,0.07558068673725374
0.36400000000000027,0.24089783982787355,-0.07307307543831766,1.6609762382030926,0.24089753526951235,-0.0730729833318539,1.6609761099930531,0.24089753526951235,-0.0730729833318539,1.6609761099930531,0.0,0.0,0.0,4.534840618037449,0.07558067696729082
0.36500000000000027,0.24089784072793358,-0.07307307881595937,1.660976241625004,0.24089753526951235,-0.0730729833318539,1.6609761099930531,0.24089753526951235,-0.0730729833318539,1.6609761099930531,0.0,0.0,0.0,4.534840039769619,0.07558066732949364
0.36600000000000027,0.24089784156078647,-0.07307308213592176,1.6609762450002634,0.24089753526951235,-0.0730729833318539,1.6609761099930531,0.24089753526951235,-0.0730729833318539,1.6609761099930531,0.0,0.0,0.0,4.534839469472456,0.07558065782454094
0.36700000000000027,0.24089784232748912,-0.07307308539845818,1.6609762483285577,0.24089753526951235,-0.0730729833318539,1.6609761099930531,0.24089753526951235,-0.0730729833318539,1.6609761099930531,0.0,0.0,0.0,4.534838907176062,0.07558064845293437
0.36800000000000027,0.24089784302907813,-0.0730730886038245,1.660976251609578,0.24089753526951235,-0.0730729833318539,1.6609761099930531,0.24089753526951235,-0.0730729833318539,1.6609761099930531,0.0,0.0,0.0,4.534838352900339,0.07558063921500564
0.36900000000000027,0.24089784366657474,-0.07307309175227952,1.6609762548430287,0.24089753526951235,-0.0730729833318539,1.6609761099930531,0.24089753526951235,-0.0730729833318539,1.6609761099930531,0.0,0.0,0.0,4.534837806655761,0.07558063011092936
0.3700000000000003,0.24089784424098065,-0.07307309484408439,1.6609762580286176,0.24089753526951235,-0.0730729833318539,1.6609761099930531,0.24089753526951235,-0.0730729833318539,1.6609761099930531,0.0,0.0,0.0,4.534837268442874,0.07558062114071457
0.3710000000000003,0.24089784475328116,-0.07307309787950275,1.6609762611660623,0.24089753526951235,-0.0730729833318539,1.6609761099930531,0.24089753526951235,-0.0730729833318539,1.6609761099930531,0.0,0.0,0.0,4.534836738253847,0.07558061230423078
0.3720000000000003,0.24089784520444346,-0.07307310085879991,1.6609762642550883,0.24089753526951235,-0.0730729833318539,1.6609761099930531,0.24089753526951235,-0.0730729833318539,1.6609761099930531,0.0,0.0,0.0,4.534836216072308,0.07558060360120514
0.3730000000000003,0.2408978455954181,-0.07307310378224327,1.66097626729543,0.24089753526951235,-0.0730729833318539,1.6609761099930531,0.24089753526951235,-0.0730729833318539,1.6609761099930531,0.0,0.0,0.0,4.534835701873655,0.07558059503122759
0.3740000000000003,0.24089784592713948,-0.07307310665010262,1.6609762702868316,0.24089753526951235,-0.0730729833318539,1.6609761099930531,0.24089753526951235,-0.0730729833318539,1.6609761099930531,0.0,0.0,0.0,4.534835195625872,0.07558058659376453
0.3750000000000003,0.24089784620052504,-0.07307310946264951,1.660976273229046,0.24089753526951235,-0.0730729833318539,1.6609761099930531,0.24089753526951235,-0.0730729833318539,1.6609761099930531,0.0,0.0,0.0,4.534834697289415,0.07558057828815691
0.3760000000000003,0.24089784641647682,-0.07307311222015687,1.6609762761218352,0.24089753526951235,-0.0730729833318539,1.6609761099930531,0.24089753526951235,-0.0730729833318539,1.6609761099930531,0.0,0.0,0.0,4.534834206817876,0.07558057011363126
0.3770000000000003,0.24089784657588098,-0.07307311492289992,1.6609762789649727,0.24089753526951235,-0.0730729833318539,1.6609761099930531,0.24089753526951235,-0.0730729833318539,1.6609761099930531,0.0,0.0,0.0,4.534833724158834,0.0755805620693139
0.3780000000000003,0.2408978466796085,-0.07307311757115488,1.6609762817582405,0.24089753526951235,-0.0730729833318539,1.6609761099930531,0.24089753526951235,-0.0730729833318539,1.6609761099930531,0.0,0.0,0.0,4.534833249253131,0.07558055415421885
0.3790000000000003,0.2408978467285149,-0.07307312016519962,1.6609762845014304,0.24089753526951235,-0.0730729833318539,1.6609761099930531,0.24089753526951235,-0.0730729833318539,1.6609761099930531,0.0,0.0,0.0,4.5348327820361884,0.07558054636726981
0.3800000000000003,0.24089784672344208,-0.07307312270531405,1.6609762871943479,0.24089753526951235,-0.0730729833318539,1.6609761099930531,0.24089753526951235,-0.0730729833318539,1.6609761099930531,0.0,0.0,0.0,4.534832322438031,0.07558053870730051
0.3810000000000003,0.2408978466652166,-0.07307312519177896,1.6609762898368055,0.24089753526951235,-0.0730729833318539,1.6609761099930531,0.24089753526951235,-0.0730729833318539,1.6609761099930531,0.0,0.0,0.0,4.5348318703832975,0.07558053117305495
0.3820000000000003,0.2408978465546519,-0.07307312762487661,1.6609762924286275,0.24089753526951235,-0.0730729833318539,1.6609761099930531,0.24089753526951235,-0.0730729833318539,1.6609761099930531,0.0,0.0,0.0,4.5348314257922375,0.07558052376320396
0.3830000000000003,0.24089784639254647,-0.07307313000489062,1.6609762949696512,0.24089753526951235,-0.0730729833318539,1.6609761099930531,0.24089753526951235,-0.0730729833318539,1.6609761099930531,0.0,0.0,0.0,4.534830988580171,0.07558051647633618
0.3840000000000003,0.2408978461796873,-0.07307313233210604,1.6609762974597226,0.24089753526951235,-0.0730729833318539,1.6609761099930531,0.24089753526951235,-0.0730729833318539,1.6609761099930531,0.0,0.0,0.0,4.534830558659424,0.0755805093109904
0.3850000000000003,0.24089784591684715,-0.07307313460680878,1.6609762998987,0.24089753526951235,-0.0730729833318539,1.6609761099930531,0.24089753526951235,-0.0730729833318539,1.6609761099930531,0.0,0.0,0.0,4.534830135937807,0.07558050226563012
0.3860000000000003,0.24089784560478628,-0.07307313682928672,1.6609763022864525,0.24089753526951235,-0.0730729833318539,1.6609761099930531,0.24089753526951235,-0.0730729833318539,1.6609761099930531,0.0,0.0,0.0,4.534829720319378,0.0755804953386563
0.3870000000000003,0.24089784524425317,-0.0730731389998279,1.6609763046228598,0.24089753526951235,-0.0730729833318539,1.6609761099930531,0.24089753526951235,-0.0730729833318539,1.6609761099930531,0.0,0.0,0.0,4.534829311705271,0.07558048852842118
0.3880000000000003,0.24089784483598398,-0.07307314111872254,1.6609763069078158,0.24089753526951235,-0.0730729833318539,1.6609761099930531,0.24089753526951235,-0.0730729833318539,1.6609761099930531,0.0,0.0,0.0,4.534828909994101,0.07558048183323501
0.3890000000000003,0.2408978443807033,-0.07307314318626132,1.6609763091412237,0.24089753526951235,-0.0730729833318539,1.6609761099930531,0.24089753526951235,-0.0730729833318539,1.6609761099930531,0.0,0.0,0.0,4.534828515081189,0.07558047525135315
0.3900000000000003,0.24089784387912436,-0.07307314520273653,1.660976311322998,0.24089753526951235,-0.0730729833318539,1.6609761099930531,0.24089753526951235,-0.0730729833318539,1.6609761099930531,0.0,0.0,0.0,4.534828126859883,0.07558046878099804
0.3910000000000003,0.24089784333194914,-0.07307314716844096,1.660976313453066,0.24089753526951235,-0.0730729833318539,1.6609761099930531,0.24089753526951235,-0.0730729833318539,1.6609761099930531,0.0,0.0,0.0,4.534827745221437,0.07558046242035729
0.3920000000000003,0.24089784273986953,-0.07307314908366905,1.660976315531367,0.24089753526951235,-0.0730729833318539,1.6609761099930531,0.24089753526951235,-0.0730729833318539,1.6609761099930531,0.0,0.0,0.0,4.53482737005507,0.0755804561675845
0.3930000000000003,0.24089784210356635,-0.07307315094871633,1.6609763175578498,0.24089753526951235,-0.0730729833318539,1.6609761099930531,0.24089753526951235,-0.0730729833318539,1.6609761099930531,0.0,0.0,0.0,4.534827001248376,0.07558045002080625
0.3940000000000003,0.240897841423711,-0.07307315276387892,1.6609763195324772,0.24089753526951235,-0.0730729833318539,1.6609761099930531,0.24089753526951235,-0.0730729833318539,1.6609761099930531,0.0,0.0,0.0,4.534826638687739,0.07558044397812898
0.3950000000000003,0.24089784070096495,-0.07307315452945473,1.660976321455222,0.24089753526951235,-0.0730729833318539,1.6609761099930531,0.24089753526951235,-0.0730729833318539,1.6609761099930531,0.0,0.0,0.0,4.534826282258195,0.07558043803763659
0.3960000000000003,0.24089783993597952,-0.0730731562457424,1.6609763233260697,0.24089753526951235,-0.0730729833318539,1.6609761099930531,0.24089753526951235,-0.0730729833318539,1.6609761099930531,0.0,0.0,0.0,4.53482593184393,0.07558043219739882
0.3970000000000003,0.24089783912939822,-0.07307315791304154,1.660976325145017,0.24089753526951235,-0.0730729833318539,1.6609761099930531,0.24089753526951235,-0.0730729833318539,1.6609761099930531,0.0,0.0,0.0,4.5348255873282,0.07558042645547
0.3980000000000003,0.24089783828185432,-0.07307315953165285,1.6609763269120712,0.24089753526951235,-0.0730729833318539,1.6609761099930531,0.24089753526951235,-0.0730729833318539,1.6609761099930531,0.0,0.0,0.0,4.534825248593868,0.0755804208098978
0.3990000000000003,0.24089783739397344,-0.07307316110187846,1.6609763286272536,0.24089753526951235,-0.0730729833318539,1.6609761099930531,0.24089753526951235,-0.0730729833318539,1.6609761099930531,0.0,0.0,0.0,4.53482491552331,0.07558041525872183
0.4000000000000003,0.24089783646637253,-0.073073162624021,1.6609763302905938,0.24089753526951235,-0.0730729833318539,1.6609761099930531,0.24089753526951235,-0.0730729833318539,1.6609761099930531,0.0,0.0,0.0,4.534824587998664,0.07558040979997774
0.4010000000000003,0.24089783549966032,-0.07307316409838474,1.660976331902135,0.24089753526951235,-0.0730729833318539,1.6609761099930531,0.24089753526951235,-0.0730729833318539,1.6609761099930531,0.0,0.0,0.0,4.534824265902398,0.07558040443170663
0.4020000000000003,0.24089783449443816,-0.07307316552527499,1.6609763334619312,0.24089753526951235,-0.0730729833318539,1.6609761099930531,0.24089753526951235,-0.0730729833318539,1.6609761099930531,0.0,0.0,0.0,4.534823949116621,0.07558039915194369
0.4030000000000003,0.2408978334512994,-0.07307316690499814,1.6609763349700462,0.24089753526951235,-0.0730729833318539,1.6609761099930531,0.24089753526951235,-0.0730729833318539,1.6609761099930531,0.0,0.0,0.0,4.53482363752393,0.07558039395873216
0.4040000000000003,0.2408978323708309,-0.07307316823786109,1.6609763364265577,0.24089753526951235,-0.0730729833318539,1.6609761099930531,0.24089753526951235,-0.0730729833318539,1.6609761099930531,0.0,0.0,0.0,4.534823331007632,0.0755803888501272
0.4050000000000003,0.24089783125361186,-0.07307316952417311,1.6609763378315519,0.24089753526951235,-0.0730729833318539,1.6609761099930531,0.24089753526951235,-0.0730729833318539,1.6609761099930531,0.0,0.0,0.0,4.534823029451246,0.07558038382418744
0.4060000000000003,0.24089783010021418,-0.07307317076424294,1.6609763391851253,0.24089753526951235,-0.0730729833318539,1.6609761099930531,0.24089753526951235,-0.0730729833318539,1.6609761099930531,0.0,0.0,0.0,4.534822732739153,0.07558037887898589
0.4070000000000003,0.24089782891120512,-0.07307317195838195,1.660976340487389,0.24089753526951235,-0.0730729833318539,1.6609761099930531,0.24089753526951235,-0.0730729833318539,1.6609761099930531,0.0,0.0,0.0,4.534822440756672,0.07558037401261121
0.4080000000000003,0.24089782768714396,-0.07307317310690208,1.6609763417384618,0.24089753526951235,-0.0730729833318539,1.6609761099930531,0.24089753526951235,-0.0730729833318539,1.6609761099930531,0.0,0.0,0.0,4.5348221533900075,0.07558036922316679
0.4090000000000003,0.24089782642858443,-0.07307317421011633,1.6609763429384734,0.24089753526951235,-0.0730729833318539,1.6609761099930531,0.24089753526951235,-0.0730729833318539,1.6609761099930531,0.0,0.0,0.0,4.5348218705263905,0.07558036450877317
0.4100000000000003,0.24089782513607413,-0.07307317526833892,1.660976344087564,0.24089753526951235,-0.0730729833318539,1.6609761099930531,0.24089753526951235,-0.0730729833318539,1.6609761099930531,0.0,0.0,0.0,4.534821592054379,0.07558035986757299
0.4110000000000003,0.24089782381015537,-0.07307317628188478,1.660976345185884,0.24089753526951235,-0.0730729833318539,1.6609761099930531,0.24089753526951235,-0.0730729833318539,1.6609761099930531,0.0,0.0,0.0,4.534821317863673,0.07558035529772789
0.4120000000000003,0.24089782245136476,-0.07307317725107117,1.660976346233594,0.24089753526951235,-0.0730729833318539,1.6609761099930531,0.24089753526951235,-0.0730729833318539,1.6609761099930531,0.0,0.0,0.0,4.534821047845535,0.07558035079742557
0.4130000000000003,0.24089782106023358,-0.0730731781762153,1.6609763472308652,0.24089753526951235,-0.0730729833318539,1.6609761099930531,0.24089753526951235,-0.0730729833318539,1.6609761099930531,0.0,0.0,0.0,4.534820781892769,0.07558034636487948
0.4140000000000003,0.2408978196372883,-0.0730731790576361,1.6609763481778774,0.24089753526951235,-0.0730729833318539,1.6609761099930531,0.24089753526951235,-0.0730729833318539,1.6609761099930531,0.0,0.0,0.0,4.534820519899177,0.07558034199831962
0.4150000000000003,0.24089781818304995,-0.07307317989565353,1.6609763490748204,0.24089753526951235,-0.0730729833318539,1.6609761099930531,0.24089753526951235,-0.0730729833318539,1.6609761099930531,0.0,0.0,0.0,4.534820261760839,0.07558033769601398
0.4160000000000003,0.240897816698036,-0.07307318069058866,1.6609763499218946,0.24089753526951235,-0.0730729833318539,1.6609761099930531,0.24089753526951235,-0.0730729833318539,1.6609761099930531,0.0,0.0,0.0,4.534820007375341,0.07558033345625569
0.4170000000000003,0.24089781518275752,-0.07307318144276426,1.6609763507193078,0.24089753526951235,-0.0730729833318539,1.6609761099930531,0.24089753526951235,-0.0730729833318539,1.6609761099930531,0.0,0.0,0.0,4.534819756641963,0.07558032927736605
0.4180000000000003,0.2408978136377229,-0.07307318215250391,1.6609763514672786,0.24089753526951235,-0.0730729833318539,1.6609761099930531,0.24089753526951235,-0.0730729833318539,1.6609761099930531,0.0,0.0,0.0,4.534819509461805,0.07558032515769675
0.4190000000000003,0.24089781206343552,-0.07307318282013192,1.660976352166034,0.24089753526951235,-0.0730729833318539,1.6609761099930531,0.24089753526951235,-0.0730729833318539,1.6609761099930531,0.0,0.0,0.0,4.534819265737956,0.07558032109563259
0.4200000000000003,0.2408978104603945,-0.07307318344597447,1.6609763528158081,0.24089753526951235,-0.0730729833318539,1.6609761099930531,0.24089753526951235,-0.0730729833318539,1.6609761099930531,0.0,0.0,0.0,4.534819025375331,0.07558031708958884
0.4210000000000003,0.24089780882909512,-0.07307318403035866,1.6609763534168474,0.24089753526951235,-0.0730729833318539,1.6609761099930531,0.24089753526951235,-0.0730729833318539,1.6609761099930531,0.0,0.0,0.0,4.534818788280385,0.07558031313800642
0.4220000000000003,0.24089780717002932,-0.0730731845736126,1.660976353969403,0.24089753526951235,-0.0730729833318539,1.6609761099930531,0.24089753526951235,-0.0730729833318539,1.6609761099930531,0.0,0.0,0.0,4.53481855436297,0.07558030923938283
0.4230000000000003,0.24089780548368456,-0.07307318507606568,1.6609763544737364,0.24089753526951235,-0.0730729833318539,1.6609761099930531,0.24089753526951235,-0.0730729833318539,1.6609761099930531,0.0,0.0,0.0,4.534818323533973,0.07558030539223289
0.4240000000000003,0.24089780377054493,-0.07307318553804838,1.6609763549301158,0.24089753526951235,-0.0730729833318539,1.6609761099930531,0.24089753526951235,-0.0730729833318539,1.6609761099930531,0.0,0.0,0.0,4.534818095706107,0.07558030159510178
0.4250000000000003,0.24089780203109146,-0.07307318595989247,1.6609763553388188,0.24089753526951235,-0.0730729833318539,1.6609761099930531,0.24089753526951235,-0.0730729833318539,1.6609761099930531,0.0,0.0,0.0,4.534817870794787,0.07558029784657978
0.4260000000000003,0.24089780026580154,-0.0730731863419309,1.660976355700129,0.24089753526951235,-0.0730729833318539,1.6609761099930531,0.24089753526951235,-0.0730729833318539,1.6609761099930531,0.0,0.0,0.0,4.534817648717134,0.07558029414528557
0.4270000000000003,0.2408977984751493,-0.0730731866844974,1.660976356014339,0.24089753526951235,-0.0730729833318539,1.6609761099930531,0.24089753526951235,-0.0730729833318539,1.6609761099930531,0.0,0.0,0.0,4.534817429392821,0.07558029048988035
0.4280000000000003,0.2408977966596056,-0.07307318698792771,1.6609763562817468,0.24089753526951235,-0.0730729833318539,1.6609761099930531,0.24089753526951235,-0.0730729833318539,1.6609761099930531,0.0,0.0,0.0,4.534817212743271,0.07558028687905452
0.4290000000000003,0.2408977948196384,-0.07307318725255713,1.6609763565026592,0.24089753526951235,-0.0730729833318539,1.6609761099930531,0.24089753526951235,-0.0730729833318539,1.6609761099930531,0.0,0.0,0.0,4.534816998692521,0.07558028331154201
0.4300000000000003,0.24089779295571273,-0.07307318747872327,1.6609763566773896,0.24089753526951235,-0.0730729833318539,1.6609761099930531,0.24089753526951235,-0.0730729833318539,1.6609761099930531,0.0,0.0,0.0,4.534816787166497,0.07558027978610828
0.4310000000000003,0.2408977910682903,-0.07307318766676492,1.6609763568062565,0.24089753526951235,-0.0730729833318539,1.6609761099930531,0.24089753526951235,-0.0730729833318539,1.6609761099930531,0.0,0.0,0.0,4.534816578093312,0.0755802763015552
0.43200000000000033,0.24089778915783067,-0.0730731878170211,1.660976356889587,0.24089753526951235,-0.0730729833318539,1.6609761099930531,0.24089753526951235,-0.0730729833318539,1.6609761099930531,0.0,0.0,0.0,4.534816371403545,0.07558027285672576
0.43300000000000033,0.24089778722478983,-0.07307318792983179,1.6609763569277134,0.24089753526951235,-0.0730729833318539,1.6609761099930531,0.24089753526951235,-0.0730729833318539,1.6609761099930531,0.0,0.0,0.0,4.534816167029575,0.07558026945049293
0.43400000000000033,0.24089778526962116,-0.07307318800553926,1.6609763569209728,0.24089753526951235,-0.0730729833318539,1.6609761099930531,0.24089753526951235,-0.0730729833318539,1.6609761099930531,0.0,0.0,0.0,4.534815964906084,0.07558026608176807
0.43500000000000033,0.24089778329277664,-0.07307318804448595,1.6609763568697113,0.24089753526951235,-0.0730729833318539,1.6609761099930531,0.24089753526951235,-0.0730729833318539,1.6609761099930531,0.0,0.0,0.0,4.534815764970184,0.07558026274950307
0.43600000000000033,0.24089778129470413,-0.07307318804701476,1.6609763567742784,0.24089753526951235,-0.0730729833318539,1.6609761099930531,0.24089753526951235,-0.0730729833318539,1.6609761099930531,0.0,0.0,0.0,4.534815567160784,0.07558025945267974
0.43700000000000033,0.2408977792758496,-0.07307318801347036,1.6609763566350293,0.24089753526951235,-0.0730729833318539,1.6609761099930531,0.24089753526951235,-0.0730729833318539,1.6609761099930531,0.0,0.0,0.0,4.534815371419046,0.07558025619031743
0.43800000000000033,0.24089777723665662,-0.07307318794419854,1.660976356452325,0.24089753526951235,-0.0730729833318539,1.6609761099930531,0.24089753526951235,-0.0730729833318539,1.6609761099930531,0.0,0.0,0.0,4.534815177688457,0.07558025296147428
0.43900000000000033,0.24089777517756558,-0.07307318783954465,1.6609763562265298,0.24089753526951235,-0.0730729833318539,1.6609761099930531,0.24089753526951235,-0.0730729833318539,1.6609761099930531,0.0,0.0,0.0,4.534814985914445,0.07558024976524075
0.44000000000000034,0.24089777309901644,-0.07307318769985649,1.660976355958018,0.24089753526951235,-0.0730729833318539,1.6609761099930531,0.24089753526951235,-0.0730729833318539,1.6609761099930531,0.0,0.0,0.0,4.534814796044592,0.0755802466007432
0.44100000000000034,0.24089777100144366,-0.07307318752548228,1.6609763556471626,0.24089753526951235,-0.0730729833318539,1.6609761099930531,0.24089753526951235,-0.0730729833318539,1.6609761099930531,0.0,0.0,0.0,4.534814608028255,0.07558024346713758
0.44200000000000034,0.24089776888528208,-0.0730731873167701,1.6609763552943435,0.24089753526951235,-0.0730729833318539,1.6609761099930531,0.24089753526951235,-0.0730729833318539,1.6609761099930531,0.0,0.0,0.0,4.534814421817064,0.07558024036361773
0.44300000000000034,0.24089776675096253,-0.07307318707406993,1.660976354899945,0.24089753526951235,-0.0730729833318539,1.6609761099930531,0.24089753526951235,-0.0730729833318539,1.6609761099930531,0.0,0.0,0.0,4.53481423736503,0.07558023728941717
0.44400000000000034,0.24089776459891465,-0.07307318679773198,1.6609763544643563,0.24089753526951235,-0.0730729833318539,1.6609761099930531,0.24089753526951235,-0.0730729833318539,1.6609761099930531,0.0,0.0,0.0,4.534814054627613,0.07558023424379354
0.44500000000000034,0.24089776242956523,-0.07307318648810748,1.6609763539879696,0.24089753526951235,-0.0730729833318539,1.6609761099930531,0.24089753526951235,-0.0730729833318539,1.6609761099930531,0.0,0.0,0.0,4.53481387356238,0.07558023122603967
0.44600000000000034,0.2408977602433386,-0.07307318614554834,1.6609763534711812,0.24089753526951235,-0.0730729833318539,1.6609761099930531,0.24089753526951235,-0.0730729833318539,1.6609761099930531,0.0,0.0,0.0,4.5348136941289265,0.0755802282354821
0.44700000000000034,0.2408977580406575,-0.0730731857704066,1.66097635291439,0.24089753526951235,-0.0730729833318539,1.6609761099930531,0.24089753526951235,-0.0730729833318539,1.6609761099930531,0.0,0.0,0.0,4.534813516288578,0.0755802252714763
0.44800000000000034,0.24089775582194123,-0.0730731853630356,1.6609763523179997,0.24089753526951235,-0.0730729833318539,1.6609761099930531,0.24089753526951235,-0.0730729833318539,1.6609761099930531,0.0,0.0,0.0,4.534813340004913,0.07558022233341521
0.44900000000000034,0.24089775358760826,-0.07307318492378906,1.6609763516824168,0.24089753526951235,-0.0730729833318539,1.6609761099930531,0.24089753526951235,-0.0730729833318539,1.6609761099930531,0.0,0.0,0.0,4.53481316524281,0.07558021942071351
0.45000000000000034,0.24089775133807273,-0.07307318445302075,1.6609763510080484,0.24089753526951235,-0.0730729833318539,1.6609761099930531,0.24089753526951235,-0.0730729833318539,1.6609761099930531,0.0,0.0,0.0,4.534812991969199,0.07558021653281997
0.45100000000000035,0.24089774907374925,-0.07307318395108582,1.6609763502953092,0.24089753526951235,-0.0730729833318539,1.6609761099930531,0.24089753526951235,-0.0730729833318539,1.6609761099930531,0.0,0.0,0.0,4.534812820152976,0.07558021366921627
0.45200000000000035,0.24089774679504833,-0.07307318341833952,1.6609763495446133,0.24089753526951235,-0.0730729833318539,1.6609761099930531,0.24089753526951235,-0.0730729833318539,1.6609761099930531,0.0,0.0,0.0,4.534812649764318,0.0755802108294053
0.45300000000000035,0.2408977445023783,-0.07307318285513678,1.6609763487563778,0.24089753526951235,-0.0730729833318539,1.6609761099930531,0.24089753526951235,-0.0730729833318539,1.6609761099930531,0.0,0.0,0.0,4.534812480775388,0.07558020801292313
0.45400000000000035,0.24089774219614546,-0.0730731822618344,1.660976347931022,0.24089753526951235,-0.0730729833318539,1.6609761099930531,0.24089753526951235,-0.0730729833318539,1.6609761099930531,0.0,0.0,0.0,4.534812313159789,0.07558020521932982
0.45500000000000035,0.2408977398767541,-0.07307318163878813,1.660976347068969,0.24089753526951235,-0.0730729833318539,1.6609761099930531,0.24089753526951235,-0.0730729833318539,1.6609761099930531,0.0,0.0,0.0,4.534812146893006,0.07558020244821677
0.45600000000000035,0.2408977375446059,-0.07307318098635497,1.6609763461706406,0.24089753526951235,-0.0730729833318539,1.6609761099930531,0.24089753526951235,-0.0730729833318539,1.6609761099930531,0.0,0.0,0.0,4.534811981951765,0.07558019969919608
0.45700000000000035,0.24089773520009972,-0.07307318030489166,1.6609763452364639,0.24089753526951235,-0.0730729833318539,1.6609761099930531,0.24089753526951235,-0.0730729833318539,1.6609761099930531,0.0,0.0,0.0,4.534811818314771,0.07558019697191284
0.45800000000000035,0.24089773284363297,-0.07307317959475548,1.6609763442668661,0.24089753526951235,-0.0730729833318539,1.6609761099930531,0.24089753526951235,-0.0730729833318539,1.6609761099930531,0.0,0.0,0.0,4.5348116559614855,0.07558019426602476
0.45900000000000035,0.2408977304756002,-0.07307317885630335,1.6609763432622755,0.24089753526951235,-0.0730729833318539,1.6609761099930531,0.24089753526951235,-0.0730729833318539,1.6609761099930531,0.0,0.0,0.0,4.5348114948734315,0.07558019158122385
0.46000000000000035,0.24089772809639337,-0.0730731780898932,1.6609763422231227,0.24089753526951235,-0.0730729833318539,1.6609761099930531,0.24089753526951235,-0.0730729833318539,1.6609761099930531,0.0,0.0,0.0,4.53481133503342,0.07558018891722366
0.46100000000000035,0.24089772570640267,-0.07307317729588225,1.6609763411498393,0.24089753526951235,-0.0730729833318539,1.6609761099930531,0.24089753526951235,-0.0730729833318539,1.6609761099930531,0.0,0.0,0.0,4.534811176425382,0.07558018627375637
0.46200000000000035,0.24089772330601456,-0.07307317647462813,1.6609763400428577,0.24089753526951235,-0.0730729833318539,1.6609761099930531,0.24089753526951235,-0.0730729833318539,1.6609761099930531,0.0,0.0,0.0,4.53481101903491,0.07558018365058183
0.46300000000000036,0.240897720895615,-0.07307317562648817,1.6609763389026106,0.24089753526951235,-0.0730729833318539,1.6609761099930531,0.24089753526951235,-0.0730729833318539,1.6609761099930531,0.0,0.0,0.0,4.5348108628483725,0.07558018104747287
0.46400000000000036,0.2408977184755855,-0.07307317475182015,1.660976337729534,0.24089753526951235,-0.0730729833318539,1.6609761099930531,0.24089753526951235,-0.0730729833318539,1.6609761099930531,0.0,0.0,0.0,4.534810707854064,0.0755801784642344
0.46500000000000036,0.24089771604630614,-0.07307317385098144,1.66097633652406,0.24089753526951235,-0.0730729833318539,1.6609761099930531,0.24089753526951235,-0.0730729833318539,1.6609761099930531,0.0,0.0,0.0,4.534810554040532,0.07558017590067553
0.46600000000000036,0.24089771360815448,-0.07307317292432887,1.660976335286627,0.24089753526951235,-0.0730729833318539,1.6609761099930531,0.24089753526951235,-0.0730729833318539,1.6609761099930531,0.0,0.0,0.0,4.534810401398739,0.07558017335664566
0.46700000000000036,0.24089771116150444,-0.07307317197222006,1.6609763340176682,0.24089753526951235,-0.0730729833318539,1.6609761099930531,0.24089753526951235,-0.0730729833318539,1.6609761099930531,0.0,0.0,0.0,4.534810249919355,0.07558017083198924
0.46800000000000036,0.2408977087067285,-0.07307317099501112,1.6609763327176201,0.24089753526951235,-0.0730729833318539,1.6609761099930531,0.24089753526951235,-0.0730729833318539,1.6609761099930531,0.0,0.0,0.0,4.534810099595153,0.07558016832658589
0.46900000000000036,0.2408977062441957,-0.07307316999305903,1.66097633138692,0.24089753526951235,-0.0730729833318539,1.6609761099930531,0.24089753526951235,-0.0730729833318539,1.6609761099930531,0.0,0.0,0.0,4.53480995041962,0.07558016584032701
0.47000000000000036,0.24089770377427305,-0.07307316896671968,1.6609763300260023,0.24089753526951235,-0.0730729833318539,1.6609761099930531,0.24089753526951235,-0.0730729833318539,1.6609761099930531,0.0,0.0,0.0,4.534809802386835,0.07558016337311392
0.47100000000000036,0.24089770129732427,-0.07307316791634899,1.6609763286353039,0.24089753526951235,-0.0730729833318539,1.6609761099930531,0.24089753526951235,-0.0730729833318539,1.6609761099930531,0.0,0.0,0.0,4.534809655492604,0.07558016092487674
0.47200000000000036,0.24089769881371068,-0.0730731668423021,1.6609763272152605,0.24089753526951235,-0.0730729833318539,1.6609761099930531,0.24089753526951235,-0.0730729833318539,1.6609761099930531,0.0,0.0,0.0,4.534809509732943,0.07558015849554905
0.47300000000000036,0.24089769632379054,-0.07307316574493403,1.6609763257663066,0.24089753526951235,-0.0730729833318539,1.6609761099930531,0.24089753526951235,-0.0730729833318539,1.6609761099930531,0.0,0.0,0.0,4.534809365104999,0.07558015608508331
0.47400000000000037,0.24089769382791967,-0.07307316462459883,1.6609763242888773,0.24089753526951235,-0.0730729833318539,1.6609761099930531,0.24089753526951235,-0.0730729833318539,1.6609761099930531,0.0,0.0,0.0,4.534809221606907,0.07558015369344845
0.47500000000000037,0.2408976913264505,-0.07307316348165027,1.6609763227834058,0.24089753526951235,-0.0730729833318539,1.6609761099930531,0.24089753526951235,-0.0730729833318539,1.6609761099930531,0.0,0.0,0.0,4.5348090792374,0.07558015132062333
0.47600000000000037,0.2408976888197328,-0.07307316231644148,1.6609763212503272,0.24089753526951235,-0.0730729833318539,1.6609761099930531,0.24089753526951235,-0.0730729833318539,1.6609761099930531,0.0,0.0,0.0,4.534808937995411,0.07558014896659018
0.47700000000000037,0.24089768630811376,-0.07307316112932452,1.6609763196900729,0.24089753526951235,-0.0730729833318539,1.6609761099930531,0.24089753526951235,-0.0730729833318539,1.6609761099930531,0.0,0.0,0.0,4.534808797882066,0.07558014663136776
0.47800000000000037,0.24089768379193696,-0.0730731599206515,1.6609763181030746,0.24089753526951235,-0.0730729833318539,1.6609761099930531,0.24089753526951235,-0.0730729833318539,1.6609761099930531,0.0,0.0,0.0,4.534808658898243,0.0755801443149707
0.47900000000000037,0.2408976812715439,-0.0730731586907728,1.6609763164897633,0.24089753526951235,-0.0730729833318539,1.6609761099930531,0.24089753526951235,-0.0730729833318539,1.6609761099930531,0.0,0.0,0.0,4.534808521045143,0.07558014201741906
0.48000000000000037,0.2408976787472718,-0.07307315744003892,1.6609763148505676,0.24089753526951235,-0.0730729833318539,1.6609761099930531,0.24089753526951235,-0.0730729833318539,1.6609761099930531,0.0,0.0,0.0,4.534808384325008,0.07558013973875014
0.48100000000000037,0.24089767621945601,-0.0730731561687986,1.6609763131859172,0.24089753526951235,-0.0730729833318539,1.6609761099930531,0.24089753526951235,-0.0730729833318539,1.6609761099930531,0.0,0.0,0.0,4.534808248740579,0.07558013747900966
0.4820000000000004,0.24089767368842838,-0.07307315487740056,1.6609763114962377,0.24089753526951235,-0.0730729833318539,1.6609761099930531,0.24089753526951235,-0.0730729833318539,1.6609761099930531,0.0,0.0,0.0,4.534808114295003,0.07558013523825005
0.4830000000000004,0.24089767115451693,-0.07307315356619176,1.6609763097819552,0.24089753526951235,-0.0730729833318539,1.6609761099930531,0.24089753526951235,-0.0730729833318539,1.6609761099930531,0.0,0.0,0.0,4.534807980992351,0.07558013301653918
0.4840000000000004,0.24089766861804793,-0.07307315223551822,1.6609763080434938,0.24089753526951235,-0.0730729833318539,1.6609761099930531,0.24089753526951235,-0.0730729833318539,1.6609761099930531,0.0,0.0,0.0,4.534807848836569,0.07558013081394281
0.4850000000000004,0.24089766607934315,-0.07307315088572519,1.6609763062812755,0.24089753526951235,-0.0730729833318539,1.6609761099930531,0.24089753526951235,-0.0730729833318539,1.6609761099930531,0.0,0.0,0.0,4.5348077178326855,0.07558012863054477
0.4860000000000004,0.240897663538722,-0.07307314951715736,1.6609763044957209,0.24089753526951235,-0.0730729833318539,1.6609761099930531,0.24089753526951235,-0.0730729833318539,1.6609761099930531,0.0,0.0,0.0,4.534807587985709,0.07558012646642848
0.4870000000000004,0.24089766099650034,-0.07307314813015688,1.6609763026872502,0.24089753526951235,-0.0730729833318539,1.6609761099930531,0.24089753526951235,-0.0730729833318539,1.6609761099930531,0.0,0.0,0.0,4.534807459301235,0.07558012432168724
0.4880000000000004,0.24089765845299035,-0.07307314672506585,1.6609763008562795,0.24089753526951235,-0.0730729833318539,1.6609761099930531,0.24089753526951235,-0.0730729833318539,1.6609761099930531,0.0,0.0,0.0,4.534807331784932,0.07558012219641554
0.4890000000000004,0.2408976559085017,-0.0730731453022246,1.6609762990032242,0.24089753526951235,-0.0730729833318539,1.6609761099930531,0.24089753526951235,-0.0730729833318539,1.6609761099930531,0.0,0.0,0.0,4.534807205443133,0.07558012009071889
0.4900000000000004,0.24089765336333932,-0.07307314386197249,1.660976297128498,0.24089753526951235,-0.0730729833318539,1.6609761099930531,0.24089753526951235,-0.0730729833318539,1.6609761099930531,0.0,0.0,0.0,4.534807080282412,0.07558011800470686
0.4910000000000004,0.24089765081780823,-0.07307314240464734,1.6609762952325131,0.24089753526951235,-0.0730729833318539,1.6609761099930531,0.24089753526951235,-0.0730729833318539,1.6609761099930531,0.0,0.0,0.0,4.534806956309132,0.07558011593848553
0.4920000000000004,0.2408976482722052,-0.07307314093058553,1.660976293315678,0.24089753526951235,-0.0730729833318539,1.6609761099930531,0.24089753526951235,-0.0730729833318539,1.6609761099930531,0.0,0.0,0.0,4.534806833530944,0.0755801138921824
0.4930000000000004,0.24089764572682676,-0.07307313944012211,1.6609762913783992,0.24089753526951235,-0.0730729833318539,1.6609761099930531,0.24089753526951235,-0.0730729833318539,1.6609761099930531,0.0,0.0,0.0,4.534806711954484,0.07558011186590807
0.4940000000000004,0.24089764318196516,-0.07307313793359078,1.6609762894210818,0.24089753526951235,-0.0730729833318539,1.6609761099930531,0.24089753526951235,-0.0730729833318539,1.6609761099930531,0.0,0.0,0.0,4.534806591587435,0.07558010985979058
0.4950000000000004,0.2408976406379098,-0.07307313641132365,1.6609762874441292,0.24089753526951235,-0.0730729833318539,1.6609761099930531,0.24089753526951235,-0.0730729833318539,1.6609761099930531,0.0,0.0,0.0,4.534806472437356,0.07558010787395593
0.4960000000000004,0.24089763809494535,-0.07307313487365091,1.660976285447941,0.24089753526951235,-0.0730729833318539,1.6609761099930531,0.24089753526951235,-0.0730729833318539,1.6609761099930531,0.0,0.0,0.0,4.534806354512046,0.0755801059085341
0.4970000000000004,0.2408976355533545,-0.07307313332090211,1.660976283432916,0.24089753526951235,-0.0730729833318539,1.6609761099930531,0.24089753526951235,-0.0730729833318539,1.6609761099930531,0.0,0.0,0.0,4.534806237819117,0.07558010396365195
0.4980000000000004,0.240897633013415,-0.07307313175340446,1.660976281399449,0.24089753526951235,-0.0730729833318539,1.6609761099930531,0.24089753526951235,-0.0730729833318539,1.6609761099930531,0.0,0.0,0.0,4.534806122366774,0.07558010203944623
0.4990000000000004,0.24089763047540205,-0.0730731301714834,1.6609762793479332,0.24089753526951235,-0.0730729833318539,1.6609761099930531,0.24089753526951235,-0.0730729833318539,1.6609761099930531,0.0,0.0,0.0,4.534806008162861,0.07558010013604768
0.5000000000000003,0.24089762793958666,-0.07307312857546291,1.6609762772787582,0.24089753526951235,-0.0730729833318539,1.6609761099930531,0.24089753526951235,-0.0730729833318539,1.6609761099930531,0.0,0.0,0.0,4.53480589521554,0.07558009825359234
0.5010000000000003,0.24089762540623683,-0.07307312696566583,1.660976275192313,0.24089753526951235,-0.0730729833318539,1.6609761099930531,0.24089753526951235,-0.0730729833318539,1.6609761099930531,10.0,0.0,0.0,4.5348057835331,0.07558009639221834
0.5020000000000003,0.24090500829688793,-0.07306953794208587,1.660971783537878,0.24089753526951235,-0.0730729833318539,1.6609761099930531,0.24089753526951235,-0.0730729833318539,1.6609761099930531,10.0,0.0,0.0,4.712048909921089,0.07853414849868481
0.5030000000000003,0.24091935380728668,-0.07306264706986391,1.6609631577177393,0.24089753526951235,-0.0730729833318539,1.6609761099930531,0.24089753526951235,-0.0730729833318539,1.6609761099930531,10.0,0.0,0.0,4.880522175057246,0.0813420362509541
0.5040000000000003,0.24094025972094024,-0.07305272286516604,1.660950732539795,0.24089753526951235,-0.0730729833318539,1.6609761099930531,0.24089753526951235,-0.0730729833318539,1.6609761099930531,10.0,0.0,0.0,5.040664789524948,0.08401107982541581
0.5050000000000003,0.2409673430539569,-0.0730400182814148,1.6609348230698375,0.24089753526951235,-0.0730729833318539,1.6609761099930531,0.24089753526951235,-0.0730729833318539,1.6609761099930531,10.0,0.0,0.0,5.192891173603146,0.08654818622671909
0.5060000000000003,0.24100023911837967,-0.07302477166267216,1.660915725762046,0.24089753526951235,-0.0730729833318539,1.6609761099930531,0.24089753526951235,-0.0730729833318539,1.6609761099930531,10.0,0.0,0.0,5.337592687510043,0.08895987812516738
0.5070000000000003,0.2410386006947337,-0.07300720758209037,1.6608937195689086,0.24089753526951235,-0.0730729833318539,1.6609761099930531,0.24089753526951235,-0.0730729833318539,1.6609761099930531,10.0,0.0,0.0,5.4751393253623455,0.09125232208937242
0.5080000000000003,0.24108209726262725,-0.0729875376191848,1.6608690670138293,0.24089753526951235,-0.0730729833318539,1.6609761099930531,0.24089753526951235,-0.0730729833318539,1.6609761099930531,10.0,0.0,0.0,5.605880773741983,0.09343134622903305
0.5090000000000003,0.24113041427396428,-0.07296596108684407,1.6608420152168943,0.24089753526951235,-0.0730729833318539,1.6609761099930531,0.24089753526951235,-0.0730729833318539,1.6609761099930531,10.0,0.0,0.0,5.730147386933029,0.09550245644888382
0.5100000000000003,0.24118325246217143,-0.07294266571257897,1.6608127968678488,0.24089753526951235,-0.0730729833318539,1.6609761099930531,0.24089753526951235,-0.0730729833318539,1.6609761099930531,10.0,0.0,0.0,5.84825118175981,0.09747085302933017
0.5110000000000003,0.2412403271832389,-0.07291782827735982,1.660781631142226,0.24089753526951235,-0.0730729833318539,1.6609761099930531,0.24089753526951235,-0.0730729833318539,1.6609761099930531,10.0,0.0,0.0,5.9604868627978185,0.09934144771329698
0.5120000000000003,0.24130136778525524,-0.07289161521501475,1.660748724558087,0.24089753526951235,-0.0730729833318539,1.6609761099930531,0.24089753526951235,-0.0730729833318539,1.6609761099930531,10.0,0.0,0.0,6.067132866852608,0.10111888111421014
0.5130000000000003,0.24136611700359673,-0.0728641831749212,1.660714271772102,0.24089753526951235,-0.0730729833318539,1.6609761099930531,0.24089753526951235,-0.0730729833318539,1.6609761099930531,10.0,0.0,0.0,6.16845241079185,0.10280754017986417
0.5140000000000003,0.24143433037933393,-0.07283567955050728,1.6606784563149466,0.24089753526951235,-0.0730729833318539,1.6609761099930531,0.24089753526951235,-0.0730729833318539,1.6609761099930531,10.0,0.0,0.0,6.264694526653502,0.10441157544422502
0.5150000000000003,0.24150577569880777,-0.07280624297591998,1.6606414512670824,0.24089753526951235,-0.0730729833318539,1.6609761099930531,0.24089753526951235,-0.0730729833318539,1.6609761099930531,10.0,0.0,0.0,6.356095069279436,0.10593491782132394
0.5160000000000003,0.24158023245266613,-0.07277600379303312,1.660603419876949,0.24089753526951235,-0.0730729833318539,1.6609761099930531,0.24089753526951235,-0.0730729833318539,1.6609761099930531,10.0,0.0,0.0,6.442877683658699,0.10738129472764497
0.5170000000000003,0.2416574913130034,-0.07274508449084197,1.6605645161244014,0.24089753526951235,-0.0730729833318539,1.6609761099930531,0.24089753526951235,-0.0730729833318539,1.6609761099930531,10.0,0.0,0.0,6.52525472137259,0.10875424535620984
0.5180000000000003,0.24173735362756396,-0.07271360011914675,1.660524885232909,0.24089753526951235,-0.0730729833318539,1.6609761099930531,0.24089753526951235,-0.0730729833318539,1.6609761099930531,10.0,0.0,0.0,6.60342809786551,0.11005713496442518
0.5190000000000003,0.24181963093022413,-0.07268165867830977,1.6604846641344861,0.24089753526951235,-0.0730729833318539,1.6609761099930531,0.24089753526951235,-0.0730729833318539,1.6609761099930531,10.0,0.0,0.0,6.677590084603245,0.11129316807672075
0.5200000000000004,0.2419041444672349,-0.07264936148675553,1.6604439818916872,0.24089753526951235,-0.0730729833318539,1.6609761099930531,0.24089753526951235,-0.0730729833318539,1.6609761099930531,10.0,0.0,0.0,6.747924032438048,0.11246540054063413
0.5210000000000004,0.24199072473888325,-0.07261680352777194,1.6604029600811547,0.24089753526951235,-0.0730729833318539,1.6609761099930531,0.24089753526951235,-0.0730729833318539,1.6609761099930531,10.0,0.0,0.0,6.814605024615353,0.11357675041025588
0.5220000000000004,0.24207921105641317,-0.07258407377707406,1.660361713143291,0.24089753526951235,-0.0730729833318539,1.6609761099930531,0.24089753526951235,-0.0730729833318539,1.6609761099930531,10.0,0.0,0.0,6.877800459773696,0.11463000766289494
0.5230000000000004,0.24216945111414812,-0.07255125551248515,1.6603203487024794,0.24089753526951235,-0.0730729833318539,1.6609761099930531,0.24089753526951235,-0.0730729833318539,1.6609761099930531,10.0,0.0,0.0,6.937670566958183,0.1156278427826364
0.5240000000000004,0.24226130057685274,-0.07251842660699787,1.6602789678621617,0.24089753526951235,-0.0730729833318539,1.6609761099930531,0.24089753526951235,-0.0730729833318539,1.6609761099930531,10.0,0.0,0.0,6.994368856092159,0.11657281426820264
0.5250000000000004,0.24235462268240032,-0.07248565980638504,1.660237665478758,0.24089753526951235,-0.0730729833318539,1.6609761099930531,0.24089753526951235,-0.0730729833318539,1.6609761099930531,10.0,0.0,0.0,7.048042508476505,0.11746737514127509
0.5260000000000004,0.24244928785986197,-0.07245302299243572,1.6601965304180875,0.24089753526951235,-0.0730729833318539,1.6609761099930531,0.24089753526951235,-0.0730729833318539,1.6609761099930531,10.0,0.0,0.0,7.09883271274485,0.1183138785457475
0.5270000000000004,0.24254517336308695,-0.07242057943281592,1.6601556457975655,0.24089753526951235,-0.0730729833318539,1.6609761099930531,0.24089753526951235,-0.0730729833318539,1.6609761099930531,10.0,0.0,0.0,7.146874952298152,0.11911458253830252
0.5280000000000004,0.24264216291983193,-0.07238838801844838,1.660115089217026,0.24089753526951235,-0.0730729833318539,1.6609761099930531,0.24089753526951235,-0.0730729833318539,1.6609761099930531,10.0,0.0,0.0,7.192299250555373,0.11987165417592288
0.5290000000000004,0.2427401463964356,-0.07235650348924923,1.6600749329805569,0.24089753526951235,-0.0730729833318539,1.6609761099930531,0.24089753526951235,-0.0730729833318539,1.6609761099930531,10.0,0.0,0.0,7.235230380464635,0.12058717300774392
0.5300000000000004,0.24283901947798653,-0.07232497664895846,1.660035244311363,0.24089753526951235,-0.0730729833318539,1.6609761099930531,0.24089753526951235,-0.0730729833318539,1.6609761099930531,10.0,0.0,0.0,7.275788044609833,0.12126313407683055
0.5310000000000004,0.24293868336383662,-0.0722938545697507,1.6599960855611715,0.24089753526951235,-0.0730729833318539,1.6609761099930531,0.24089753526951235,-0.0730729833318539,1.6609761099930531,10.0,0.0,0.0,7.3140870319557205,0.12190145053259534
0.5320000000000004,0.2430390444782642,-0.07226318078722267,1.659957514415385,0.24089753526951235,-0.0730729833318539,1.6609761099930531,0.24089753526951235,-0.0730729833318539,1.6609761099930531,10.0,0.0,0.0,7.350237356855087,0.12250395594758477
0.5330000000000004,0.2431400141959821,-0.0722329954863046,1.659919584094736,0.24089753526951235,-0.0730729833318539,1.6609761099930531,0.24089753526951235,-0.0730729833318539,1.6609761099930531,10.0,0.0,0.0,7.384344385394813,0.12307240642324689
0.5340000000000004,0.24324150858214302,-0.07220333567858168,1.6598823435539622,0.24089753526951235,-0.0730729833318539,1.6609761099930531,0.24089753526951235,-0.0730729833318539,1.6609761099930531,10.0,0.0,0.0,7.416508953552904,0.12360848255921505
0.5350000000000004,0.24334344814640174,-0.07217423537145236,1.6598458376776757,0.24089753526951235,-0.0730729833318539,1.6609761099930531,0.24089753526951235,-0.0730729833318539,1.6609761099930531,10.0,0.0,0.0,7.446827480964464,0.12411379134940773
0.5360000000000004,0.2434457576105443,-0.07214572572951225,1.6598101074734168,0.24089753526951235,-0.0730729833318539,1.6609761099930531,0.24089753526951235,-0.0730729833318539,1.6609761099930531,10.0,0.0,0.0,7.475392083419056,0.12458986805698427
0.5370000000000004,0.24354836568913735,-0.07211783522850486,1.659775190261666,0.24089753526951235,-0.0730729833318539,1.6609761099930531,0.24089753526951235,-0.0730729833318539,1.6609761099930531,10.0,0.0,0.0,7.502290686531916,0.12503817810886528
0.5380000000000004,0.24365120488261205,-0.07209058980214601,1.6597411198624716,0.24089753526951235,-0.0730729833318539,1.6609761099930531,0.24089753526951235,-0.0730729833318539,1.6609761099930531,10.0,0.0,0.0,7.5276071423795745,0.12546011903965956
0.5390000000000004,0.24375421128215924,-0.07206401298210188,1.6597079267782497,0.24089753526951235,-0.0730729833318539,1.6609761099930531,0.24089753526951235,-0.0730729833318539,1.6609761099930531,10.0,0.0,0.0,7.551421350284807,0.12585702250474678
0.5400000000000004,0.2438573243858002,-0.07203812603137001,1.6596756383722453,0.24089753526951235,-0.0730729833318539,1.6609761099930531,0.24089753526951235,-0.0730729833318539,1.6609761099930531,10.0,0.0,0.0,7.573809382383043,0.1262301563730507
0.5410000000000004,0.24396048692498035,-0.07201294807129774,1.659644279042155,0.24089753526951235,-0.0730729833318539,1.6609761099930531,0.24089753526951235,-0.0730729833318539,1.6609761099930531,10.0,0.0,0.0,7.594843614123052,0.12658072690205086
0.5420000000000004,0.24406364470103825,-0.07198849620245627,1.6596138703883816,0.24089753526951235,-0.0730729833318539,1.6609761099930531,0.24089753526951235,-0.0730729833318539,1.6609761099930531,10.0,0.0,0.0,7.614592859438888,0.12690988099064812
0.5430000000000004,0.2441667464309071,-0.07196478561957093,1.6595844313764652,0.24089753526951235,-0.0730729833318539,1.6609761099930531,0.24089753526951235,-0.0730729833318539,1.6609761099930531,10.0,0.0,0.0,7.633122510003309,0.12721870850005515
0.5440000000000004,0.24426974360142945,-0.07194182972071493,1.6595559784932703,0.24089753526951235,-0.0730729833318539,1.6609761099930531,0.24089753526951235,-0.0730729833318539,1.6609761099930531,10.0,0.0,0.0,7.650494677709295,0.12750824462848825
0.5450000000000004,0.2443725903316858,-0.07191964021094917,1.6595285258965842,0.24089753526951235,-0.0730729833318539,1.6609761099930531,0.24089753526951235,-0.0730729833318539,1.6609761099930531,10.0,0.0,0.0,7.666768339344976,0.12777947232241627
0.5460000000000004,0.2444752432427662,-0.07189822720060655,1.6595020855578688,0.24089753526951235,-0.0730729833318539,1.6609761099930531,0.24089753526951235,-0.0730729833318539,1.6609761099930531,10.0,0.0,0.0,7.681999482314098,0.12803332470523496
0.5470000000000004,0.24457766133445513,-0.07187759929840812,1.6594766673979886,0.24089753526951235,-0.0730729833318539,1.6609761099930531,0.24089753526951235,-0.0730729833318539,1.6609761099930531,10.0,0.0,0.0,7.69624125019647,0.1282706875032745
0.5480000000000004,0.24467980586833285,-0.07185776369960248,1.6594522794158304,0.24089753526951235,-0.0730729833318539,1.6609761099930531,0.24089753526951235,-0.0730729833318539,1.6609761099930531,10.0,0.0,0.0,7.7095440869528336,0.1284924014492139
0.5490000000000004,0.24478164025683724,-0.07183872626932386,1.6594289278098233,0.24089753526951235,-0.0730729833318539,1.6609761099930531,0.24089753526951235,-0.0730729833318539,1.6609761099930531,10.0,0.0,0.0,7.721955878624181,0.12869926464373635
0.5500000000000004,0.24488312995786238,-0.07182049162136081,1.659406617092417,0.24089753526951235,-0.0730729833318539,1.6609761099930531,0.24089753526951235,-0.0730729833318539,1.6609761099930531,10.0,0.0,0.0,7.733522091465967,0.12889203485776612
0.5510000000000004,0.24498424237453076,-0.0718030631925361,1.659385350197718,0.24089753526951235,-0.0730729833318539,1.6609761099930531,0.24089753526951235,-0.0730729833318539,1.6609761099930531,10.0,0.0,0.0,7.744285905578547,0.12907143175964245
0.5520000000000004,0.2450849467597889,-0.07178644331289816,1.6593651285824609,0.24089753526951235,-0.0730729833318539,1.6609761099930531,0.24089753526951235,-0.0730729833318539,1.6609761099930531,10.0,0.0,0.0,7.7542883432290575,0.12923813905381762
0.5530000000000004,0.2451852141255279,-0.07177063327192354,1.6593459523206207,0.24089753526951235,-0.0730729833318539,1.6609761099930531,0.24089753526951235,-0.0730729833318539,1.6609761099930531,10.0,0.0,0.0,7.7635683912230204,0.12939280652038368
0.5540000000000004,0.2452850171559655,-0.07175563338093559,1.659327820191982,0.24089753526951235,-0.0730729833318539,1.6609761099930531,0.24089753526951235,-0.0730729833318539,1.6609761099930531,10.0,0.0,0.0,7.772163116834269,0.12953605194723783
0.5550000000000004,0.2453843301250467,-0.07174144303193669,1.659310729765011,0.24089753526951235,-0.0730729833318539,1.6609761099930531,0.24089753526951235,-0.0730729833318539,1.6609761099930531,10.0,0.0,0.0,7.780107776967979,0.12966846294946632
0.5560000000000004,0.24548312881765788,-0.0717280607530611,1.6592946774744097,0.24089753526951235,-0.0730729833318539,1.6609761099930531,0.24089753526951235,-0.0730729833318539,1.6609761099930531,10.0,0.0,0.0,7.7874359203816566,0.1297905986730276
0.5570000000000004,0.24558139045447142,-0.07171548426083776,1.65927965869375,0.24089753526951235,-0.0730729833318539,1.6609761099930531,0.24089753526951235,-0.0730729833318539,1.6609761099930531,10.0,0.0,0.0,7.79417948293316,0.12990299138221933
0.5580000000000004,0.24567909362025303,-0.07170371050946675,1.6592656678035598,0.24089753526951235,-0.0730729833318539,1.6609761099930531,0.24089753526951235,-0.0730729833318539,1.6609761099930531,10.0,0.0,0.0,7.800368875953082,0.13000614793255136
0.5590000000000004,0.24577621819549011,-0.07169273573728754,1.6592526982552533,0.24089753526951235,-0.0730729833318539,1.6609761099930531,0.24089753526951235,-0.0730729833318539,1.6609761099930531,10.0,0.0,0.0,7.8060330679535035,0.1301005511325584
0.5600000000000004,0.24587274529120784,-0.07168255551063257,1.6592407426312803,0.24089753526951235,-0.0730729833318539,1.6609761099930531,0.24089753526951235,-0.0730729833318539,1.6609761099930531,10.0,0.0,0.0,7.811199659977518,0.1301866609996253
0.5610000000000004,0.24596865718685573,-0.0716731647652335,1.6592297927018274,0.24089753526951235,-0.0730729833318539,1.6609761099930531,0.24089753526951235,-0.0730729833318539,1.6609761099930531,10.0,0.0,0.0,7.815894954968872,0.13026491591614786
0.5620000000000004,0.24606393727115167,-0.07166455784535192,1.6592198394784123,0.24089753526951235,-0.0730729833318539,1.6609761099930531,0.24089753526951235,-0.0730729833318539,1.6609761099930531,10.0,0.0,0.0,7.820144021600961,0.13033573369334936
0.5630000000000004,0.24615856998577862,-0.07165672854079394,1.65921087326466,0.24089753526951235,-0.0730729833318539,1.6609761099930531,0.24089753526951235,-0.0730729833318539,1.6609761099930531,10.0,0.0,0.0,7.82397075303737,0.13039951255062285
0.5640000000000004,0.24625254077184014,-0.07164967012195653,1.6592028837045256,0.24089753526951235,-0.0730729833318539,1.6609761099930531,0.24089753526951235,-0.0730729833318539,1.6609761099930531,10.0,0.0,0.0,7.827397921118219,0.130456632018637
0.5650000000000004,0.24634583601896717,-0.07164337537304635,1.6591958598282066,0.24089753526951235,-0.0730729833318539,1.6609761099930531,0.24089753526951235,-0.0730729833318539,1.6609761099930531,10.0,0.0,0.0,7.830447226476554,0.13050745377460923
0.5660000000000004,0.24643844301699247,-0.07163783662360249,1.6591897900959445,0.24089753526951235,-0.0730729833318539,1.6609761099930531,0.24089753526951235,-0.0730729833318539,1.6609761099930531,10.0,0.0,0.0,7.833139345067982,0.1305523224177997
0.5670000000000004,0.24653034991009104,-0.07163304577844296,1.6591846624398956,0.24089753526951235,-0.0730729833318539,1.6609761099930531,0.24089753526951235,-0.0730729833318539,1.6609761099930531,10.0,0.0,0.0,7.835493971589333,0.13059156619315554
0.5680000000000004,0.24662154565329208,-0.0716289943461445,1.6591804643042025,0.24089753526951235,-0.0730729833318539,1.6609761099930531,0.24089753526951235,-0.0730729833318539,1.6609761099930531,10.0,0.0,0.0,7.837529860221787,0.1306254976703631
0.5690000000000004,0.24671201997127165,-0.0716256734661584,1.6591771826834147,0.24089753526951235,-0.0730729833318539,1.6609761099930531,0.24089753526951235,-0.0730729833318539,1.6609761099930531,10.0,0.0,0.0,7.839264863100542,0.13065441438500905
0.5700000000000004,0.24680176331932605,-0.0716230739346497,1.6591748041593195,0.24089753526951235,-0.0730729833318539,1.6609761099930531,0.24089753526951235,-0.0730729833318539,1.6609761099930531,10.0,0.0,0.0,7.840715966867371,0.13067859944778953
0.5710000000000004,0.24689076684643202,-0.07162118622914873,1.6591733149362926,0.24089753526951235,-0.0730729833318539,1.6609761099930531,0.24089753526951235,-0.0730729833318539,1.6609761099930531,10.0,0.0,0.0,7.841899327620656,0.13069832212701094
0.5720000000000004,0.24697902236029792,-0.07162000053208266,1.659172700875196,0.24089753526951235,-0.0730729833318539,1.6609761099930531,0.24089753526951235,-0.0730729833318539,1.6609761099930531,10.0,0.0,0.0,7.8428303045223675,0.13071383840870612
0.5730000000000004,0.24706652229430826,-0.07161950675325553,1.6591729475258927,0.24089753526951235,-0.0730729833318539,1.6609761099930531,0.24089753526951235,-0.0730729833318539,1.6609761099930531,10.0,0.0,0.0,7.843523492284185,0.13072539153806975
0.5740000000000004,0.2471532596762674,-0.07161969455133854,1.6591740401583972,0.24089753526951235,-0.0730729833318539,1.6609761099930531,0.24089753526951235,-0.0730729833318539,1.6609761099930531,10.0,0.0,0.0,7.843992752698472,0.13073321254497453
0.5750000000000004,0.24723922809884832,-0.07162055335441811,1.6591759637926784,0.24089753526951235,-0.0730729833318539,1.6609761099930531,0.24089753526951235,-0.0730729833318539,1.6609761099930531,10.0,0.0,0.0,7.8442512453475075,0.1307375207557918
0.5760000000000004,0.24732442169165308,-0.07162207237965029,1.6591787032271545,0.24089753526951235,-0.0730729833318539,1.6609761099930531,0.24089753526951235,-0.0730729833318539,1.6609761099930531,10.0,0.0,0.0,7.844311457579664,0.1307385242929944
0.5770000000000004,0.24740883509479328,-0.07162424065206645,1.6591822430658754,0.24089753526951235,-0.0730729833318539,1.6609761099930531,0.24089753526951235,-0.0730729833318539,1.6609761099930531,10.0,0.0,0.0,7.844185233807492,0.1307364205634582
0.5780000000000004,0.24749246343390666,-0.07162704702255936,1.6591865677444124,0.24089753526951235,-0.0730729833318539,1.6609761099930531,0.24089753526951235,-0.0730729833318539,1.6609761099930531,10.0,0.0,0.0,7.8438838041564445,0.13073139673594075
0.5790000000000004,0.2475753022965218,-0.0716304801850916,1.6591916615544717,0.24089753526951235,-0.0730729833318539,1.6609761099930531,0.24089753526951235,-0.0730729833318539,1.6609761099930531,10.0,0.0,0.0,7.8434178124674565,0.13072363020779093
0.5800000000000004,0.24765734770969003,-0.07163452869314932,1.659197508667242,0.24089753526951235,-0.0730729833318539,1.6609761099930531,0.24089753526951235,-0.0730729833318539,1.6609761099930531,10.0,0.0,0.0,7.842797343635855,0.1307132890605976
0.5810000000000004,0.24773859611880886,-0.07163918097547017,1.659204093155498,0.24089753526951235,-0.0730729833318539,1.6609761099930531,0.24089753526951235,-0.0730729833318539,1.6609761099930531,10.0,0.0,0.0,7.8420319502575655,0.13070053250429275
0.5820000000000004,0.24781904436756352,-0.07164442535107426,1.6592113990144846,0.24089753526951235,-0.0730729833318539,1.6609761099930531,0.24089753526951235,-0.0730729833318539,1.6609761099930531,10.0,0.0,0.0,7.841130678544193,0.13068551130906988
0.5830000000000004,0.24789868967891554,-0.07165025004361424,1.6592194101815962,0.24089753526951235,-0.0730729833318539,1.6609761099930531,0.24089753526951235,-0.0730729833318539,1.6609761099930531,10.0,0.0,0.0,7.840102093460709,0.13066836822434516
0.5840000000000004,0.2479775296370768,-0.07165664319507241,1.6592281105548996,0.24089753526951235,-0.0730729833318539,1.6609761099930531,0.24089753526951235,-0.0730729833318539,1.6609761099930531,10.0,0.0,0.0,7.838954303042604,0.13064923838404338
0.5850000000000004,0.24805556217040636,-0.07166359287882372,1.6592374840105164,0.24089753526951235,-0.0730729833318539,1.6609761099930531,0.24089753526951235,-0.0730729833318539,1.6609761099930531,10.0,0.0,0.0,7.837694981846498,0.13062824969744163
0.5860000000000004,0.2481327855351756,-0.07167108711208299,1.6592475144189192,0.24089753526951235,-0.0730729833318539,1.6609761099930531,0.24089753526951235,-0.0730729833318539,1.6609761099930531,10.0,0.0,0.0,7.8363313934971845,0.13060552322495309
0.5870000000000004,0.24820919830014887,-0.07167911386775876,1.65925818566017,0.24089753526951235,-0.0730729833318539,1.6609761099930531,0.24089753526951235,-0.0730729833318539,1.6609761099930531,10.0,0.0,0.0,7.834870412296418,0.13058117353827364
0.5880000000000004,0.2482847993319316,-0.07168766108573181,1.659269481638155,0.24089753526951235,-0.0730729833318539,1.6609761099930531,0.24089753526951235,-0.0730729833318539,1.6609761099930531,10.0,0.0,0.0,7.833318543870307,0.13055530906450513
0.5890000000000004,0.2483595877810435,-0.07169671668357824,1.6592813862938618,0.24089753526951235,-0.0730729833318539,1.6609761099930531,0.24089753526951235,-0.0730729833318539,1.6609761099930531,10.0,0.0,0.0,7.83168194483958,0.130528032413993
0.5900000000000004,0.24843356306867415,-0.07170626856675492,1.6592938836177384,0.24089753526951235,-0.0730729833318539,1.6609761099930531,0.24089753526951235,-0.0730729833318539,1.6609761099930531,10.0,0.0,0.0,7.8299664415051815,0.13049944069175304
0.5910000000000004,0.24850672487408465,-0.0717163046382677,1.6593069576611987,0.24089753526951235,-0.0730729833318539,1.6609761099930531,0.24089753526951235,-0.0730729833318539,1.6609761099930531,10.0,0.0,0.0,7.828177547554993,0.1304696257925832
0.5920000000000004,0.2485790731226217,-0.07172681280784239,1.6593205925473067,0.24089753526951235,-0.0730729833318539,1.6609761099930531,0.24089753526951235,-0.0730729833318539,1.6609761099930531,10.0,0.0,0.0,7.826320480801444,0.13043867468002407
0.5930000000000004,0.24865060797431082,-0.07173778100061375,1.6593347724807115,0.24089753526951235,-0.0730729833318539,1.6609761099930531,0.24089753526951235,-0.0730729833318539,1.6609761099930531,10.0,0.0,0.0,7.824400178973981,0.13040666964956635
0.5940000000000004,0.24872132981300177,-0.0717491971653575,1.6593494817568533,0.24089753526951235,-0.0730729833318539,1.6609761099930531,0.24089753526951235,-0.0730729833318539,1.6609761099930531,10.0,0.0,0.0,7.822421314590945,0.13037368857651574
0.5950000000000004,0.2487912392360359,-0.07176104928227832,1.6593647047705127,0.24089753526951235,-0.0730729833318539,1.6609761099930531,0.24089753526951235,-0.0730729833318539,1.6609761099930531,10.0,0.0,0.0,7.82038830895149,0.1303398051491915
0.5960000000000004,0.24886033704441468,-0.07177332537037562,1.659380426023737,0.24089753526951235,-0.0730729833318539,1.6609761099930531,0.24089753526951235,-0.0730729833318539,1.6609761099930531,10.0,0.0,0.0,7.818305345282578,0.13030508908804297
0.5970000000000004,0.24892862423344111,-0.07178601349440686,1.6593966301331815,0.24089753526951235,-0.0730729833318539,1.6609761099930531,0.24089753526951235,-0.0730729833318539,1.6609761099930531,10.0,0.0,0.0,7.816176381088955,0.13026960635148258
0.5980000000000004,0.2489961019838159,-0.07179910177146269,1.6594133018369197,0.24089753526951235,-0.0730729833318539,1.6609761099930531,0.24089753526951235,-0.0730729833318539,1.6609761099930531,10.0,0.0,0.0,7.814005159754395,0.13023341932923993
0.5990000000000004,0.24906277165316465,-0.0718125783771752,1.6594304260007466,0.24089753526951235,-0.0730729833318539,1.6609761099930531,0.24089753526951235,-0.0730729833318539,1.6609761099930531,10.0,0.0,0.0,7.811795221439616,0.1301965870239936
0.6000000000000004,0.2491286347679779,-0.0718264315515757,1.6594479876240171,0.24089753526951235,-0.0730729833318539,1.6609761099930531,0.24089753526951235,-0.0730729833318539,1.6609761099930531,10.0,0.0,0.0,7.80954991333182,0.130159165222197
0.6010000000000004,0.24919369301594485,-0.07184064960461745,1.659465971845053,0.24089753526951235,-0.0730729833318539,1.6609761099930531,0.24089753526951235,-0.0730729833318539,1.6609761099930531,10.0,0.0,0.0,7.807272399291923,0.1301212066548654
0.6020000000000004,0.24925794823866132,-0.0718552209213824,1.6594843639461387,0.24089753526951235,-0.0730729833318539,1.6609761099930531,0.24089753526951235,-0.0730729833318539,1.6609761099930531,10.0,0.0,0.0,7.804965668948759,0.130082761149146
0.6030000000000004,0.24932140242469647,-0.07187013396698227,1.659503149358142,0.24089753526951235,-0.0730729833318539,1.6609761099930531,0.24089753526951235,-0.0730729833318539,1.6609761099930531,10.0,0.0,0.0,7.802632546286498,0.13004387577144164
0.6040000000000004,0.24938405770300004,-0.07188537729117714,1.6595223136647768,0.24089753526951235,-0.0730729833318539,1.6609761099930531,0.24089753526951235,-0.0730729833318539,1.6609761099930531,10.0,0.0,0.0,7.800275697769209,0.13000459496282016
0.6050000000000004,0.2494459163366347,-0.07190093953271809,1.6595418426065336,0.24089753526951235,-0.0730729833318539,1.6609761099930531,0.24089753526951235,-0.0730729833318539,1.6609761099930531,10.0,0.0,0.0,7.7978976400424855,0.12996496066737476
0.6060000000000004,0.24950698071681648,-0.07191680942343069,1.659561722084291,0.24089753526951235,-0.0730729833318539,1.6609761099930531,0.24089753526951235,-0.0730729833318539,1.6609761099930531,10.0,0.0,0.0,7.79550074724831,0.1299250124541385
0.6070000000000004,0.24956725335724975,-0.07193297579205186,1.6595819381626373,0.24089753526951235,-0.0730729833318539,1.6609761099930531,0.24089753526951235,-0.0730729833318539,1.6609761099930531,10.0,0.0,0.0,7.7930872579878345,0.12988478763313058
0.6080000000000004,0.24962673688874082,-0.07194942756783315,1.6596024770728965,0.24089753526951235,-0.0730729833318539,1.6609761099930531,0.24089753526951235,-0.0730729833318539,1.6609761099930531,10.0,0.0,0.0,7.790659281959908,0.12984432136599847
0.6090000000000004,0.24968543405407606,-0.07196615378391893,1.6596233252158976,0.24089753526951235,-0.0730729833318539,1.6609761099930531,0.24089753526951235,-0.0730729833318539,1.6609761099930531,10.0,0.0,0.0,7.788218806303801,0.12980364677173
0.6100000000000004,0.2497433477031502,-0.07198314358051267,1.6596444691644796,0.24089753526951235,-0.0730729833318539,1.6609761099930531,0.24089753526951235,-0.0730729833318539,1.6609761099930531,10.0,0.0,0.0,7.785767701664529,0.12976279502774216
0.6110000000000004,0.24980048078833444,-0.07200038620784074,1.6596658956657562,0.24089753526951235,-0.0730729833318539,1.6609761099930531,0.24089753526951235,-0.0730729833318539,1.6609761099930531,10.0,0.0,0.0,7.783307728003144,0.12972179546671905
0.6120000000000004,0.2498568363600667,-0.07201787102892132,1.6596875916431422,0.24089753526951235,-0.0730729833318539,1.6609761099930531,0.24089753526951235,-0.0730729833318539,1.6609761099930531,10.0,0.0,0.0,7.780840540166604,0.1296806756694434
0.6130000000000004,0.2499124175626551,-0.07203558752214871,1.6597095441981566,0.24089753526951235,-0.0730729833318539,1.6609761099930531,0.24089753526951235,-0.0730729833318539,1.6609761099930531,10.0,0.0,0.0,7.77836769322942,0.12963946155382366
0.6140000000000004,0.24996722763028328,-0.07205352528370176,1.6597317406120131,0.24089753526951235,-0.0730729833318539,1.6609761099930531,0.24089753526951235,-0.0730729833318539,1.6609761099930531,10.0,0.0,0.0,7.775890647619866,0.1295981774603311
0.6150000000000004,0.25002126988320456,-0.07207167402978104,1.6597541683469994,0.24089753526951235,-0.0730729833318539,1.6609761099930531,0.24089753526951235,-0.0730729833318539,1.6609761099930531,10.0,0.0,0.0,7.773410774037333,0.12955684623395555
0.6160000000000004,0.2500745477241135,-0.07209002359868441,1.6597768150476626,0.24089753526951235,-0.0730729833318539,1.6609761099930531,0.24089753526951235,-0.0730729833318539,1.6609761099930531,10.0,0.0,0.0,7.770929358169738,0.12951548930282897
0.6170000000000004,0.25012706463468926,-0.07210856395272638,1.6597996685418026,0.24089753526951235,-0.0730729833318539,1.6609761099930531,0.24089753526951235,-0.0730729833318539,1.6609761099930531,10.0,0.0,0.0,7.7684476052148685,0.12947412675358114
0.6180000000000004,0.2501788241722956,-0.07212728518000805,1.6598227168412876,0.24089753526951235,-0.0730729833318539,1.6609761099930531,0.24089753526951235,-0.0730729833318539,1.6609761099930531,10.0,0.0,0.0,7.765966644212231,0.12943277740353717
0.6190000000000004,0.25022982996683196,-0.07214617749604253,1.659845948142693,0.24089753526951235,-0.0730729833318539,1.6609761099930531,0.24089753526951235,-0.0730729833318539,1.6609761099930531,10.0,0.0,0.0,7.763487532187559,0.12939145886979267
0.6200000000000004,0.2502800857177258,-0.07216523124524143,1.6598693508277786,0.24089753526951235,-0.0730729833318539,1.6609761099930531,0.24089753526951235,-0.0730729833318539,1.6609761099930531,10.0,0.0,0.0,7.761011258115419,0.129350187635257
0.6210000000000004,0.25032959519105885,-0.07218443690226782,1.6598929134638074,0.24089753526951235,-0.0730729833318539,1.6609761099930531,0.24089753526951235,-0.0730729833318539,1.6609761099930531,10.0,0.0,0.0,7.758538746701373,0.12930897911168956
0.6220000000000004,0.25037836221681975,-0.07220378507326174,1.6599166248037165,0.24089753526951235,-0.0730729833318539,1.6609761099930531,0.24089753526951235,-0.0730729833318539,1.6609761099930531,10.0,0.0,0.0,7.7560708619882535,0.12926784769980423
0.6230000000000004,0.2504263906862757,-0.07222326649694073,1.6599404737861496,0.24089753526951235,-0.0730729833318539,1.6609761099930531,0.24089753526951235,-0.0730729833318539,1.6609761099930531,10.0,0.0,0.0,7.753608410790445,0.12922680684650742
0.6240000000000004,0.2504736845494543,-0.07224287204557944,1.6599644495353498,0.24089753526951235,-0.0730729833318539,1.6609761099930531,0.24089753526951235,-0.0730729833318539,1.6609761099930531,10.0,0.0,0.0,7.751152145957949,0.12918586909929916
0.6250000000000004,0.2505202478127369,-0.07226259272587726,1.6599885413609397,0.24089753526951235,-0.0730729833318539,1.6609761099930531,0.24089753526951235,-0.0730729833318539,1.6609761099930531,10.0,0.0,0.0,7.748702769476706,0.12914504615794511
0.6260000000000004,0.25056608453654583,-0.07228241967971177,1.6600127387575703,0.24089753526951235,-0.0730729833318539,1.6609761099930531,0.24089753526951235,-0.0730729833318539,1.6609761099930531,10.0,0.0,0.0,7.746260935407717,0.12910434892346195
0.6270000000000004,0.25061119883313276,-0.07230234418478658,1.6600370314044695,0.24089753526951235,-0.0730729833318539,1.6609761099930531,0.24089753526951235,-0.0730729833318539,1.6609761099930531,10.0,0.0,0.0,7.743827252670615,0.12906378754451026
0.6280000000000004,0.25065559486445294,-0.07232235765517563,1.6600614091648884,0.24089753526951235,-0.0730729833318539,1.6609761099930531,0.24089753526951235,-0.0730729833318539,1.6609761099930531,10.0,0.0,0.0,7.741402287677763,0.12902337146129605
0.6290000000000004,0.2506992768401275,-0.07234245164176795,1.6600858620854437,0.24089753526951235,-0.0730729833318539,1.6609761099930531,0.24089753526951235,-0.0730729833318539,1.6609761099930531,10.0,0.0,0.0,7.738986566821468,0.12898310944702446
0.6300000000000004,0.2507422490154854,-0.07236261783261778,1.660110380395381,0.24089753526951235,-0.0730729833318539,1.6609761099930531,0.24089753526951235,-0.0730729833318539,1.6609761099930531,10.0,0.0,0.0,7.736580578825267,0.12894300964708777
0.6310000000000004,0.25078451568968174,-0.07238284805320103,1.6601349545057493,0.24089753526951235,-0.0730729833318539,1.6609761099930531,0.24089753526951235,-0.0730729833318539,1.6609761099930531,10.0,0.0,0.0,7.734184776959376,0.1289030796159896
0.6320000000000005,0.2508260812038896,-0.0724031342665833,1.660159575008503,0.24089753526951235,-0.0730729833318539,1.6609761099930531,0.24089753526951235,-0.0730729833318539,1.6609761099930531,10.0,0.0,0.0,7.731799581131655,0.12886332635219425
0.6330000000000005,0.2508669499395614,-0.07242346857350553,1.6601842326755292,0.24089753526951235,-0.0730729833318539,1.6609761099930531,0.24089753526951235,-0.0730729833318539,1.6609761099930531,10.0,0.0,0.0,7.72942537985703,0.1288237563309505
0.6340000000000005,0.2509071263167547,-0.07244384321238534,1.6602089184576156,0.24089753526951235,-0.0730729833318539,1.6609761099930531,0.24089753526951235,-0.0730729833318539,1.6609761099930531,10.0,0.0,0.0,7.727062532115461,0.12878437553525768
0.6350000000000005,0.25094661479252084,-0.07246425055924138,1.660233623483357,0.24089753526951235,-0.0730729833318539,1.6609761099930531,0.24089753526951235,-0.0730729833318539,1.6609761099930531,10.0,0.0,0.0,7.724711369100301,0.12874518948500502
0.6360000000000005,0.2509854198593535,-0.07248468312754275,1.6602583390579995,0.24089753526951235,-0.0730729833318539,1.6609761099930531,0.24089753526951235,-0.0730729833318539,1.6609761099930531,10.0,0.0,0.0,7.722372195866445,0.12870620326444074
0.6370000000000005,0.25102354604369087,-0.0725051335679868,1.6602830566622455,0.24089753526951235,-0.0730729833318539,1.6609761099930531,0.24089753526951235,-0.0730729833318539,1.6609761099930531,10.0,0.0,0.0,7.720045292885957,0.1286674215480993
0.6380000000000005,0.25106099790447417,-0.07252559466820913,1.6603077679510045,0.24089753526951235,-0.0730729833318539,1.6609761099930531,0.24089753526951235,-0.0730729833318539,1.6609761099930531,10.0,0.0,0.0,7.717730917510842,0.1286288486251807
0.6390000000000005,0.25109778003175454,-0.07254605935242807,1.660332464752104,0.24089753526951235,-0.0730729833318539,1.6609761099930531,0.24089753526951235,-0.0730729833318539,1.6609761099930531,10.0,0.0,0.0,7.715429305356821,0.1285904884226137
0.6400000000000005,0.2511338970453485,-0.07256652068102498,1.6603571390649596,0.24089753526951235,-0.0730729833318539,1.6609761099930531,0.24089753526951235,-0.0730729833318539,1.6609761099930531,10.0,0.0,0.0,7.7131406716061885,0.1285523445267698
0.6410000000000005,0.25116935359353926,-0.07258697185006967,1.6603817830592107,0.24089753526951235,-0.0730729833318539,1.6609761099930531,0.24089753526951235,-0.0730729833318539,1.6609761099930531,10.0,0.0,0.0,7.710865212240499,0.12851442020400833
0.6420000000000005,0.25120415435181975,-0.07260740619078489,1.6604063890733234,0.24089753526951235,-0.0730729833318539,1.6609761099930531,0.24089753526951235,-0.0730729833318539,1.6609761099930531,10.0,0.0,0.0,7.708603105203638,0.12847671842006064
0.6430000000000005,0.251238304021678,-0.07262781716895944,1.660430949613161,0.24089753526951235,-0.0730729833318539,1.6609761099930531,0.24089753526951235,-0.0730729833318539,1.6609761099930531,10.0,0.0,0.0,7.706354511501544,0.12843924185835906
0.6440000000000005,0.25127180732942045,-0.07264819838431207,1.6604554573505288,0.24089753526951235,-0.0730729833318539,1.6609761099930531,0.24089753526951235,-0.0730729833318539,1.6609761099930531,10.0,0.0,0.0,7.704119576243772,0.1284019929373962
0.6450000000000005,0.2513046690250306,-0.07266854356980254,1.660479905121693,0.24089753526951235,-0.0730729833318539,1.6609761099930531,0.24089753526951235,-0.0730729833318539,1.6609761099930531,10.0,0.0,0.0,7.701898429627579,0.1283649738271263
0.6460000000000005,0.25133689388106506,-0.07268884659090193,1.6605042859258767,0.24089753526951235,-0.0730729833318539,1.6609761099930531,0.24089753526951235,-0.0730729833318539,1.6609761099930531,10.0,0.0,0.0,7.6996911878699965,0.12832818646449995
0.6470000000000005,0.2513684866915791,-0.072709101444817,1.6605285929237337,0.24089753526951235,-0.0730729833318539,1.6609761099930531,0.24089753526951235,-0.0730729833318539,1.6609761099930531,10.0,0.0,0.0,7.6974979540911335,0.12829163256818557
0.6480000000000005,0.2513994522710846,-0.07272930225967522,1.660552819435805,0.24089753526951235,-0.0730729833318539,1.6609761099930531,0.24089753526951235,-0.0730729833318539,1.6609761099930531,10.0,0.0,0.0,7.695318819150559,0.12825531365250933
0.6490000000000005,0.2514297954535377,-0.0727494432936695,1.6605769589409511,0.24089753526951235,-0.0730729833318539,1.6609761099930531,0.24089753526951235,-0.0730729833318539,1.6609761099930531,10.0,0.0,0.0,7.6931538624384075,0.12821923104064012
0.6500000000000005,0.2514595210913533,-0.07276951893416905,1.6606010050747828,0.24089753526951235,-0.0730729833318539,1.6609761099930531,0.24089753526951235,-0.0730729833318539,1.6609761099930531,10.0,0.0,0.0,7.6910031526272675,0.12818338587712114
0.6510000000000005,0.25148863405444477,-0.07278952369679428,1.66062495162806,0.24089753526951235,-0.0730729833318539,1.6609761099930531,0.24089753526951235,-0.0730729833318539,1.6609761099930531,10.0,0.0,0.0,7.68886674838059,0.1281477791396765
0.6520000000000005,0.25151713922929037,-0.07280945222446047,1.6606487925450888,0.24089753526951235,-0.0730729833318539,1.6609761099930531,0.24089753526951235,-0.0730729833318539,1.6609761099930531,10.0,0.0,0.0,7.68674469902644,0.12811241165044068
0.6530000000000005,0.2515450415180208,-0.07282929928639136,1.6606725219221083,0.24089753526951235,-0.0730729833318539,1.6609761099930531,0.24089753526951235,-0.0730729833318539,1.6609761099930531,10.0,0.0,0.0,7.684637045193303,0.12807728408655505
0.6540000000000005,0.2515723458375295,-0.07284905977710486,1.6606961340056543,0.24089753526951235,-0.0730729833318539,1.6609761099930531,0.24089753526951235,-0.0730729833318539,1.6609761099930531,10.0,0.0,0.0,7.682543819411098,0.12804239699018496
0.6550000000000005,0.2515990571186048,-0.0728687287153711,1.6607196231909316,0.24089753526951235,-0.0730729833318539,1.6609761099930531,0.24089753526951235,-0.0730729833318539,1.6609761099930531,10.0,0.0,0.0,7.680465046680366,0.1280077507780061
0.6560000000000005,0.2516251803050791,-0.07288830124314691,1.6607429840201642,0.24089753526951235,-0.0730729833318539,1.6609761099930531,0.24089753526951235,-0.0730729833318539,1.6609761099930531,10.0,0.0,0.0,7.678400745007833,0.12797334575013056
0.6570000000000005,0.25165072035300023,-0.07290777262448775,1.6607662111809485,0.24089753526951235,-0.0730729833318539,1.6609761099930531,0.24089753526951235,-0.0730729833318539,1.6609761099930531,10.0,0.0,0.0,7.676350925913114,0.1279391820985519
0.6580000000000005,0.25167568222981673,-0.07292713824443722,1.6607892995045936,0.24089753526951235,-0.0730729833318539,1.6609761099930531,0.24089753526951235,-0.0730729833318539,1.6609761099930531,10.0,0.0,0.0,7.674315594904964,0.12790525991508275
0.6590000000000005,0.2517000709135812,-0.07294639360789726,1.6608122439644644,0.24089753526951235,-0.0730729833318539,1.6609761099930531,0.24089753526951235,-0.0730729833318539,1.6609761099930531,10.0,0.0,0.0,7.67229475193033,0.12787157919883885
0.6600000000000005,0.25172389139217155,-0.07296553433847933,1.6608350396743157,0.24089753526951235,-0.0730729833318539,1.6609761099930531,0.24089753526951235,-0.0730729833318539,1.6609761099930531,10.0,0.0,0.0,7.670288391795564,0.1278381398632594
0.6610000000000005,0.2517471486625243,-0.07298455617734056,1.6608576818866272,0.24089753526951235,-0.0730729833318539,1.6609761099930531,0.24089753526951235,-0.0730729833318539,1.6609761099930531,10.0,0.0,0.0,7.668296504563526,0.12780494174272544
0.6620000000000005,0.2517698477298824,-0.0730034549820011,1.6608801659909356,0.24089753526951235,-0.0730729833318539,1.6609761099930531,0.24089753526951235,-0.0730729833318539,1.6609761099930531,10.0,0.0,0.0,7.6663190759242,0.12777198459873668
0.6630000000000005,0.2517919936070588,-0.0730222267251503,1.6609024875121685,0.24089753526951235,-0.0730729833318539,1.6609761099930531,0.24089753526951235,-0.0730729833318539,1.6609761099930531,10.0,0.0,0.0,7.664356087543346,0.12773926812572242
0.6640000000000005,0.2518135913137105,-0.07304086749343738,1.6609246421089734,0.24089753526951235,-0.0730729833318539,1.6609761099930531,0.24089753526951235,-0.0730729833318539,1.6609761099930531,10.0,0.0,0.0,7.662407517387564,0.1277067919564594
0.6650000000000005,0.2518346458756269,-0.07305937348625173,1.6609466255720575,0.24089753526951235,-0.0730729833318539,1.6609761099930531,0.24089753526951235,-0.0730729833318539,1.6609761099930531,10.0,0.0,0.0,7.660473340029814,0.12767455566716357
0.6660000000000005,0.25185516232402816,-0.07307774101449117,1.6609684338225177,0.24089753526951235,-0.0730729833318539,1.6609761099930531,0.24089753526951235,-0.0730729833318539,1.6609761099930531,10.0,0.0,0.0,7.658553526932312,0.1276425587822052
0.6670000000000005,0.251875145694876,-0.07309596649932198,1.6609900629101835,0.24089753526951235,-0.0730729833318539,1.6609761099930531,0.24089753526951235,-0.0730729833318539,1.6609761099930531,10.0,0.0,0.0,7.65664804671267,0.1276108007785445
0.6680000000000005,0.2518946010281949,-0.07311404647092798,1.661011509011957,0.24089753526951235,-0.0730729833318539,1.6609761099930531,0.24089753526951235,-0.0730729833318539,1.6609761099930531,10.0,0.0,0.0,7.654756865390372,0.12757928108983954
0.6690000000000005,0.25191353336740246,-0.07313197756725448,1.661032768430159,0.24089753526951235,-0.0730729833318539,1.6609761099930531,0.24089753526951235,-0.0730729833318539,1.6609761099930531,10.0,0.0,0.0,7.652879946616874,0.12754799911028122
0.6700000000000005,0.2519319477586529,-0.07314975653274315,1.6610538375908819,0.24089753526951235,-0.0730729833318539,1.6609761099930531,0.24089753526951235,-0.0730729833318539,1.6609761099930531,10.0,0.0,0.0,7.651017251888763,0.12751695419814604
0.6710000000000005,0.25194984925018554,-0.0731673802170627,1.6610747130423444,0.24089753526951235,-0.0730729833318539,1.6609761099930531,0.24089753526951235,-0.0730729833318539,1.6609761099930531,10.0,0.0,0.0,7.649168740747291,0.1274861456791215
0.6720000000000005,0.2519672428916857,-0.07318484557383331,1.6610953914532522,0.24089753526951235,-0.0730729833318539,1.6609761099930531,0.24089753526951235,-0.0730729833318539,1.6609761099930531,10.0,0.0,0.0,7.647334370961342,0.1274555728493557
0.6730000000000005,0.25198413373365364,-0.07320214965934876,1.661115869611171,0.24089753526951235,-0.0730729833318539,1.6609761099930531,0.24089753526951235,-0.0730729833318539,1.6609761099930531,10.0,0.0,0.0,7.645514098699604,0.12742523497832675
0.6740000000000005,0.25200052682678065,-0.0732192896312923,1.6611361444208899,0.24089753526951235,-0.0730729833318539,1.6609761099930531,0.24089753526951235,-0.0730729833318539,1.6609761099930531,10.0,0.0,0.0,7.643707878688121,0.12739513131146868
0.6750000000000005,0.25201642722133566,-0.073236262747452,1.661156212902817,0.24089753526951235,-0.0730729833318539,1.6609761099930531,0.24089753526951235,-0.0730729833318539,1.6609761099930531,10.0,0.0,0.0,7.641915664355976,0.1273652610725996
0.6760000000000005,0.2520318399665578,-0.0732530663644347,1.661176072191362,0.24089753526951235,-0.0730729833318539,1.6609761099930531,0.24089753526951235,-0.0730729833318539,1.6609761099930531,10.0,0.0,0.0,7.640137407973163,0.12733562346621938
0.6770000000000005,0.25204677011005744,-0.0732696979363768,1.6611957195333318,0.24089753526951235,-0.0730729833318539,1.6609761099930531,0.24089753526951235,-0.0730729833318539,1.6609761099930531,10.0,0.0,0.0,7.638373060774189,0.12730621767956982
0.6780000000000005,0.2520612226972251,-0.07328615501365593,1.661215152286338,0.24089753526951235,-0.0730729833318539,1.6609761099930531,0.24089753526951235,-0.0730729833318539,1.6609761099930531,10.0,0.0,0.0,7.6366225730747725,0.12727704288457956
0.6790000000000005,0.2520752027706456,-0.0733024352416028,1.6612343679172106,0.24089753526951235,-0.0730729833318539,1.6609761099930531,0.24089753526951235,-0.0730729833318539,1.6609761099930531,10.0,0.0,0.0,7.634885894377856,0.12724809823963093
0.6800000000000005,0.252088715369522,-0.07331853635921239,1.6612533640004181,0.24089753526951235,-0.0730729833318539,1.6609761099930531,0.24089753526951235,-0.0730729833318539,1.6609761099930531,10.0,0.0,0.0,7.633162973472482,0.12721938289120802
0.6810000000000005,0.2521017655291046,-0.07333445619785878,1.6612721382164994,0.24089753526951235,-0.0730729833318539,1.6609761099930531,0.24089753526951235,-0.0730729833318539,1.6609761099930531,10.0,0.0,0.0,7.631453758524114,0.1271908959754019
0.6820000000000005,0.25211435828012685,-0.07335019268000877,1.6612906883505048,0.24089753526951235,-0.0730729833318539,1.6609761099930531,0.24089753526951235,-0.0730729833318539,1.6609761099930531,10.0,0.0,0.0,7.62975819715871,0.12716263661931182
0.6830000000000005,0.25212649864824893,-0.0733657438179415,1.6613090122904441,0.24089753526951235,-0.0730729833318539,1.6609761099930531,0.24089753526951235,-0.0730729833318539,1.6609761099930531,10.0,0.0,0.0,7.628076236538293,0.12713460394230489
0.6840000000000005,0.25213819165350526,-0.07338110771246836,1.6613271080257455,0.24089753526951235,-0.0730729833318539,1.6609761099930531,0.24089753526951235,-0.0730729833318539,1.6609761099930531,10.0,0.0,0.0,7.62640782343189,0.12710679705719816
0.6850000000000005,0.2521494423097615,-0.07339628255165652,1.6613449736457246,0.24089753526951235,-0.0730729833318539,1.6609761099930531,0.24089753526951235,-0.0730729833318539,1.6609761099930531,10.0,0.0,0.0,7.624752904279689,0.12707921507132816
0.6860000000000005,0.2521602556241741,-0.07341126660955707,1.6613626073380616,0.24089753526951235,-0.0730729833318539,1.6609761099930531,0.24089753526951235,-0.0730729833318539,1.6609761099930531,10.0,0.0,0.0,7.62311142525108,0.127051857087518
0.6870000000000005,0.2521706365966603,-0.07342605824493775,1.6613800073872906,0.24089753526951235,-0.0730729833318539,1.6609761099930531,0.24089753526951235,-0.0730729833318539,1.6609761099930531,10.0,0.0,0.0,7.621483332298722,0.1270247222049787
0.6880000000000005,0.25218059021936945,-0.07344065590001861,1.6613971721732959,0.24089753526951235,-0.0730729833318539,1.6609761099930531,0.24089753526951235,-0.0730729833318539,1.6609761099930531,10.0,0.0,0.0,7.619868571207181,0.1269978095201197
0.6890000000000005,0.2521901214761631,-0.07345505809921483,1.6614141001698228,0.24089753526951235,-0.0730729833318539,1.6609761099930531,0.24089753526951235,-0.0730729833318539,1.6609761099930531,10.0,0.0,0.0,7.618267087636539,0.12697111812727566
0.6900000000000005,0.252199235342101,-0.07346926344788357,1.6614307899429936,0.24089753526951235,-0.0730729833318539,1.6609761099930531,0.24089753526951235,-0.0730729833318539,1.6609761099930531,10.0,0.0,0.0,7.616678827162222,0.12694464711937037
0.6910000000000005,0.2522079367829311,-0.07348327063107675,1.6614472401498375,0.24089753526951235,-0.0730729833318539,1.6609761099930531,0.24089753526951235,-0.0730729833318539,1.6609761099930531,10.0,0.0,0.0,7.6151037353109725,0.1269183955885162
0.6920000000000005,0.25221623075458577,-0.07349707841230013,1.6614634495368306,0.24089753526951235,-0.0730729833318539,1.6609761099930531,0.24089753526951235,-0.0730729833318539,1.6609761099930531,10.0,0.0,0.0,7.61354175759285,0.12689236262654752
0.6930000000000005,0.2522241222026861,-0.0735106856322791,1.6614794169384453,0.24089753526951235,-0.0730729833318539,1.6609761099930531,0.24089753526951235,-0.0730729833318539,1.6609761099930531,10.0,0.0,0.0,7.61199283952896,0.12686654732548266
0.6940000000000005,0.25223161606204736,-0.07352409120772999,1.6614951412757097,0.24089753526951235,-0.0730729833318539,1.6609761099930531,0.24089753526951235,-0.0730729833318539,1.6609761099930531,10.0,0.0,0.0,7.610456926677982,0.12684094877796637
0.6950000000000005,0.25223871725619446,-0.07353729413014001,1.661510621554781,0.24089753526951235,-0.0730729833318539,1.6609761099930531,0.24089753526951235,-0.0730729833318539,1.6609761099930531,10.0,0.0,0.0,7.608933964657003,0.1268155660776167
0.6960000000000005,0.2522454306968802,-0.07355029346455264,1.6615258568655245,0.24089753526951235,-0.0730729833318539,1.6609761099930531,0.24089753526951235,-0.0730729833318539,1.6609761099930531,10.0,0.0,0.0,7.607423899161638,0.12679039831936065
0.6970000000000005,0.2522517612836105,-0.07356308834836182,1.661540846380111,0.24089753526951235,-0.0730729833318539,1.6609761099930531,0.24089753526951235,-0.0730729833318539,1.6609761099930531,10.0,0.0,0.0,7.605926675982749,0.12676544459971248
0.6980000000000005,0.2522577139031735,-0.07357567799011286,1.6615555893516143,0.24089753526951235,-0.0730729833318539,1.6609761099930531,0.24089753526951235,-0.0730729833318539,1.6609761099930531,10.0,0.0,0.0,7.604442241019393,0.12674070401698986
0.6990000000000005,0.25226329342917714,-0.07358806166831135,1.6615700851126318,0.24089753526951235,-0.0730729833318539,1.6609761099930531,0.24089753526951235,-0.0730729833318539,1.6609761099930531,10.0,0.0,0.0,7.602970540292128,0.12671617567153548
0.7000000000000005,0.25226850472158896,-0.07360023873024085,1.6615843330739066,0.24089753526951235,-0.0730729833318539,1.6609761099930531,0.24089753526951235,-0.0730729833318539,1.6609761099930531,10.0,0.0,0.0,7.60151151995203,0.12669185866586716
0.7010000000000005,0.2522733526262834,-0.07361220859078722,1.6615983327229644,0.24089753526951235,-0.0730729833318539,1.6609761099930531,0.24089753526951235,-0.0730729833318539,1.6609761099930531,10.0,0.0,0.0,7.600065126288273,0.12666775210480455
0.7020000000000005,0.25227784197459485,-0.07362397073127318,1.6616120836227617,0.24089753526951235,-0.0730729833318539,1.6609761099930531,0.24089753526951235,-0.0730729833318539,1.6609761099930531,10.0,0.0,0.0,7.598631305734534,0.12664385509557557
0.7030000000000005,0.25228197758287496,-0.07363552469829975,1.6616255854103446,0.24089753526951235,-0.0730729833318539,1.6609761099930531,0.24089753526951235,-0.0730729833318539,1.6609761099930531,10.0,0.0,0.0,7.5972100048729505,0.1266201667478825
0.7040000000000005,0.2522857642520567,-0.07364687010259813,1.6616388377955194,0.24089753526951235,-0.0730729833318539,1.6609761099930531,0.24089753526951235,-0.0730729833318539,1.6609761099930531,10.0,0.0,0.0,7.5958011704371895,0.12659668617395317
0.7050000000000005,0.25228920676722333,-0.07365800661788813,1.661651840559531,0.24089753526951235,-0.0730729833318539,1.6609761099930531,0.24089753526951235,-0.0730729833318539,1.6609761099930531,10.0,0.0,0.0,7.594404749313499,0.12657341248855833
0.7060000000000005,0.2522923098971831,-0.07366893397974669,1.6616645935537577,0.24089753526951235,-0.0730729833318539,1.6609761099930531,0.24089753526951235,-0.0730729833318539,1.6609761099930531,10.0,0.0,0.0,7.593020688541114,0.12655034480901856
0.7070000000000005,0.2522950783940502,-0.07367965198448581,1.661677096698413,0.24089753526951235,-0.0730729833318539,1.6609761099930531,0.24089753526951235,-0.0730729833318539,1.6609761099930531,10.0,0.0,0.0,7.591648935311328,0.1265274822551888
0.7080000000000005,0.25229751699282915,-0.0736901604880395,1.6616893499812595,0.24089753526951235,-0.0730729833318539,1.6609761099930531,0.24089753526951235,-0.0730729833318539,1.6609761099930531,10.0,0.0,0.0,7.590289436965131,0.12650482394941884
0.7090000000000005,0.2522996304110101,-0.07370045940485824,1.6617013534563378,0.24089753526951235,-0.0730729833318539,1.6609761099930531,0.24089753526951235,-0.0730729833318539,1.6609761099930531,10.0,0.0,0.0,7.588942140990143,0.1264823690165024
0.7100000000000005,0.2523014233481628,-0.07371054870681538,1.6617131072427003,0.24089753526951235,-0.0730729833318539,1.6609761099930531,0.24089753526951235,-0.0730729833318539,1.6609761099930531,10.0,0.0,0.0,7.58760699501784,0.12646011658363066
0.7110000000000005,0.25230290048554077,-0.07372042842211965,1.661724611523158,0.24089753526951235,-0.0730729833318539,1.6609761099930531,0.24089753526951235,-0.0730729833318539,1.6609761099930531,10.0,0.0,0.0,7.586283946818039,0.12643806578030065
0.7120000000000005,0.252304066485691,-0.07373009863424079,1.6617358665430433,0.24089753526951235,-0.0730729833318539,1.6609761099930531,0.24089753526951235,-0.0730729833318539,1.6609761099930531,10.0,0.0,0.0,7.584972944294467,0.1264162157382411
0.7130000000000005,0.25230492599206766,-0.07373955948084097,1.661746872608978,0.24089753526951235,-0.0730729833318539,1.6609761099930531,0.24089753526951235,-0.0730729833318539,1.6609761099930531,10.0,0.0,0.0,7.583673935478931,0.1263945655913155
0.7140000000000005,0.25230548362865446,-0.07374881115271828,1.6617576300876562,0.24089753526951235,-0.0730729833318539,1.6609761099930531,0.24089753526951235,-0.0730729833318539,1.6609761099930531,10.0,0.0,0.0,7.582386868525212,0.1263731144754202
0.7150000000000005,0.25230574399958694,-0.07375785389275871,1.661768139404635,0.24089753526951235,-0.0730729833318539,1.6609761099930531,0.24089753526951235,-0.0730729833318539,1.6609761099930531,10.0,0.0,0.0,7.581111691702864,0.12635186152838107
0.7160000000000005,0.2523057116887896,-0.07376668799489694,1.6617784010431416,0.24089753526951235,-0.0730729833318539,1.6609761099930531,0.24089753526951235,-0.0730729833318539,1.6609761099930531,10.0,0.0,0.0,7.5798483533899255,0.1263308058898321
0.7170000000000005,0.2523053912596096,-0.07377531380308859,1.6617884155428841,0.24089753526951235,-0.0730729833318539,1.6609761099930531,0.24089753526951235,-0.0730729833318539,1.6609761099930531,10.0,0.0,0.0,7.578596802066684,0.1263099467011114
0.7180000000000005,0.25230478725446365,-0.07378373171029072,1.6617981834988822,0.24089753526951235,-0.0730729833318539,1.6609761099930531,0.24089753526951235,-0.0730729833318539,1.6609761099930531,10.0,0.0,0.0,7.577356986307709,0.1262892831051285
0.7190000000000005,0.2523039041944862,-0.07379194215745219,1.6618077055603018,0.24089753526951235,-0.0730729833318539,1.6609761099930531,0.24089753526951235,-0.0730729833318539,1.6609761099930531,10.0,0.0,0.0,7.576128854774519,0.12626881424624198
0.7200000000000005,0.252302746579183,-0.0737999456325127,1.6618169824292994,0.24089753526951235,-0.0730729833318539,1.6609761099930531,0.24089753526951235,-0.0730729833318539,1.6609761099930531,10.0,0.0,0.0,7.574912356208313,0.12624853927013854
0.7210000000000005,0.25230131888609875,-0.07380774266941421,1.6618260148598938,0.24089753526951235,-0.0730729833318539,1.6609761099930531,0.24089753526951235,-0.0730729833318539,1.6609761099930531,10.0,0.0,0.0,7.57370743942238,0.12622845732370633
0.7220000000000005,0.252299625570479,-0.07381533384711891,1.6618348036568211,0.24089753526951235,-0.0730729833318539,1.6609761099930531,0.24089753526951235,-0.0730729833318539,1.6609761099930531,10.0,0.0,0.0,7.572514053293876,0.12620856755489793
0.7230000000000005,0.2522976710649443,-0.0738227197886388,1.6618433496744278,0.24089753526951235,-0.0730729833318539,1.6609761099930531,0.24089753526951235,-0.0730729833318539,1.6609761099930531,10.0,0.0,0.0,7.571332146757813,0.12618886911263022
0.7240000000000005,0.2522954597791728,-0.07382990116007393,1.6618516538155585,0.24089753526951235,-0.0730729833318539,1.6609761099930531,0.24089753526951235,-0.0730729833318539,1.6609761099930531,10.0,0.0,0.0,7.570161668796684,0.1261693611466114
0.7250000000000005,0.2522929960995821,-0.07383687866966081,1.6618597170304577,0.24089753526951235,-0.0730729833318539,1.6609761099930531,0.24089753526951235,-0.0730729833318539,1.6609761099930531,10.0,0.0,0.0,7.569002568435723,0.12615004280726205
0.7260000000000005,0.25229028438902396,-0.07384365306682968,1.6618675403156877,0.24089753526951235,-0.0730729833318539,1.6609761099930531,0.24089753526951235,-0.0730729833318539,1.6609761099930531,10.0,0.0,0.0,7.56785479473418,0.12613091324556966
0.7270000000000005,0.2522873289864789,-0.07385022514127312,1.6618751247130528,0.24089753526951235,-0.0730729833318539,1.6609761099930531,0.24089753526951235,-0.0730729833318539,1.6609761099930531,10.0,0.0,0.0,7.56671829677806,0.12611197161296767
0.7280000000000005,0.2522841342067619,-0.0738565957220213,1.6618824713085347,0.24089753526951235,-0.0730729833318539,1.6609761099930531,0.24089753526951235,-0.0730729833318539,1.6609761099930531,10.0,0.0,0.0,7.56559302367309,0.12609321706121818
0.7290000000000005,0.2522807043402311,-0.07386276567653098,1.6618895812312418,0.24089753526951235,-0.0730729833318539,1.6609761099930531,0.24089753526951235,-0.0730729833318539,1.6609761099930531,10.0,0.0,0.0,7.564478924537536,0.12607464874229227
0.7300000000000005,0.25227704365250253,-0.07386873590977858,1.661896455652363,0.24089753526951235,-0.0730729833318539,1.6609761099930531,0.24089753526951235,-0.0730729833318539,1.6609761099930531,10.0,0.0,0.0,7.563375948495297,0.12605626580825496
0.7310000000000005,0.2522731563841732,-0.07387450736336817,1.661903095784138,0.24089753526951235,-0.0730729833318539,1.6609761099930531,0.24089753526951235,-0.0730729833318539,1.6609761099930531,10.0,0.0,0.0,7.5622840446695445,0.12603806741115908
0.7320000000000005,0.25226904675054934,-0.07388008101464535,1.6619095028788433,0.24089753526951235,-0.0730729833318539,1.6609761099930531,0.24089753526951235,-0.0730729833318539,1.6609761099930531,10.0,0.0,0.0,7.561203162176229,0.12602005270293715
0.7330000000000005,0.2522647189413783,-0.07388545787582276,1.6619156782277715,0.24089753526951235,-0.0730729833318539,1.6609761099930531,0.24089753526951235,-0.0730729833318539,1.6609761099930531,10.0,0.0,0.0,7.56013325011706,0.12600222083528434
0.7340000000000005,0.252260177120588,-0.07389063899311302,1.6619216231602367,0.24089753526951235,-0.0730729833318539,1.6609761099930531,0.24089753526951235,-0.0730729833318539,1.6609761099930531,10.0,0.0,0.0,7.5590742575743475,0.12598457095957247
0.7350000000000005,0.25225542542603707,-0.07389562544587316,1.6619273390425917,0.24089753526951235,-0.0730729833318539,1.6609761099930531,0.24089753526951235,-0.0730729833318539,1.6609761099930531,10.0,0.0,0.0,7.5580261336049075,0.12596710222674845
0.7360000000000005,0.2522504679692619,-0.07390041834575636,1.6619328272772427,0.24089753526951235,-0.0730729833318539,1.6609761099930531,0.24089753526951235,-0.0730729833318539,1.6609761099930531,10.0,0.0,0.0,7.5569888272342265,0.1259498137872371
0.7370000000000005,0.25224530883523716,-0.07390501883587498,1.6619380893016846,0.24089753526951235,-0.0730729833318539,1.6609761099930531,0.24089753526951235,-0.0730729833318539,1.6609761099930531,10.0,0.0,0.0,7.555962287451033,0.12593270479085056
0.7380000000000005,0.25223995208213984,-0.0739094280899715,1.6619431265875462,0.24089753526951235,-0.0730729833318539,1.6609761099930531,0.24089753526951235,-0.0730729833318539,1.6609761099930531,10.0,0.0,0.0,7.554946463202622,0.12591577438671037
0.7390000000000005,0.252234401741119,-0.07391364731159931,1.6619479406396425,0.24089753526951235,-0.0730729833318539,1.6609761099930531,0.24089753526951235,-0.0730729833318539,1.6609761099930531,10.0,0.0,0.0,7.5539413033898075,0.12589902172316345
0.7400000000000005,0.2522286618160717,-0.07391767773331206,1.6619525329950404,0.24089753526951235,-0.0730729833318539,1.6609761099930531,0.24089753526951235,-0.0730729833318539,1.6609761099930531,10.0,0.0,0.0,7.5529467568620925,0.12588244594770154
0.7410000000000005,0.252222736283426,-0.07392152061586449,1.6619569052221317,0.24089753526951235,-0.0730729833318539,1.6609761099930531,0.24089753526951235,-0.0730729833318539,1.6609761099930531,10.0,0.0,0.0,7.551962772413484,0.1258660462068914
0.7420000000000005,0.2522166290919283,-0.07392517724741801,1.6619610589197211,0.24089753526951235,-0.0730729833318539,1.6609761099930531,0.24089753526951235,-0.0730729833318539,1.6609761099930531,10.0,0.0,0.0,7.55098929877872,0.125849821646312
0.7430000000000005,0.2522103441624385,-0.07392864894276016,1.661964995716122,0.24089753526951235,-0.0730729833318539,1.6609761099930531,0.24089753526951235,-0.0730729833318539,1.6609761099930531,10.0,0.0,0.0,7.550026284628651,0.12583377141047752
0.7440000000000005,0.2522038853877296,-0.07393193704253025,1.66196871726826,0.24089753526951235,-0.0730729833318539,1.6609761099930531,0.24089753526951235,-0.0730729833318539,1.6609761099930531,10.0,0.0,0.0,7.54907367856717,0.12581789464278617
0.7450000000000006,0.25219725663229375,-0.07393504291245423,1.6619722252607918,0.24089753526951235,-0.0730729833318539,1.6609761099930531,0.24089753526951235,-0.0730729833318539,1.6609761099930531,10.0,0.0,0.0,7.5481314291282775,0.12580219048547128
0.7460000000000006,0.2521904617321553,-0.07393796794259,1.661975521405232,0.24089753526951235,-0.0730729833318539,1.6609761099930531,0.24089753526951235,-0.0730729833318539,1.6609761099930531,10.0,0.0,0.0,7.5471994847723565,0.1257866580795393
0.7470000000000006,0.2521835044946885,-0.07394071354658016,1.6619786074390908,0.24089753526951235,-0.0730729833318539,1.6609761099930531,0.24089753526951235,-0.0730729833318539,1.6609761099930531,10.0,0.0,0.0,7.546277793883451,0.1257712965647242
0.7480000000000006,0.2521763886984405,-0.07394328116091436,1.6619814851250179,0.24089753526951235,-0.0730729833318539,1.6609761099930531,0.24089753526951235,-0.0730729833318539,1.6609761099930531,10.0,0.0,0.0,7.545366304767185,0.1257561050794531
0.7490000000000006,0.2521691180929632,-0.07394567224419997,1.6619841562499664,0.24089753526951235,-0.0730729833318539,1.6609761099930531,0.24089753526951235,-0.0730729833318539,1.6609761099930531,10.0,0.0,0.0,7.544464965648267,0.12574108276080445
0.7500000000000006,0.2521616963986471,-0.07394788827644252,1.6619866226243527,0.24089753526951235,-0.0730729833318539,1.6609761099930531,0.24089753526951235,-0.0730729833318539,1.6609761099930531,10.0,0.0,0.0,7.543573724667768,0.1257262287444628
0.7510000000000006,0.25215412730656417,-0.07394993075833353,1.661988886081241,0.24089753526951235,-0.0730729833318539,1.6609761099930531,0.24089753526951235,-0.0730729833318539,1.6609761099930531,10.0,0.0,0.0,7.542692529882873,0.12571154216471456
0.7520000000000006,0.2521464144783152,-0.07395180121054917,1.6619909484755295,0.24089753526951235,-0.0730729833318539,1.6609761099930531,0.24089753526951235,-0.0730729833318539,1.6609761099930531,10.0,0.0,0.0,7.541821329262655,0.12569702215437759
0.7530000000000006,0.2521385615458816,-0.07395350117305322,1.6619928116831442,0.24089753526951235,-0.0730729833318539,1.6609761099930531,0.24089753526951235,-0.0730729833318539,1.6609761099930531,10.0,0.0,0.0,7.540960070691451,0.12568266784485752
0.7540000000000006,0.25213057211148737,-0.0739550322044157,1.6619944776002524,0.24089753526951235,-0.0730729833318539,1.6609761099930531,0.24089753526951235,-0.0730729833318539,1.6609761099930531,10.0,0.0,0.0,7.540108701962411,0.12566847836604017
0.7550000000000006,0.25212244974745973,-0.07395639588113234,1.6619959481424769,0.24089753526951235,-0.0730729833318539,1.6609761099930531,0.24089753526951235,-0.0730729833318539,1.6609761099930531,10.0,0.0,0.0,7.539267170779517,0.1256544528463253
0.7560000000000006,0.25211419799610396,-0.07395759379695875,1.6619972252441253,0.24089753526951235,-0.0730729833318539,1.6609761099930531,0.24089753526951235,-0.0730729833318539,1.6609761099930531,10.0,0.0,0.0,7.538435424756447,0.12564059041260744
0.7570000000000006,0.25210582036957546,-0.07395862756224866,1.6619983108574266,0.24089753526951235,-0.0730729833318539,1.6609761099930531,0.24089753526951235,-0.0730729833318539,1.6609761099930531,10.0,0.0,0.0,7.537613411416492,0.12562689019027487
0.7580000000000006,0.2520973203497643,-0.07395949880330377,1.66199920695178,0.24089753526951235,-0.0730729833318539,1.6609761099930531,0.24089753526951235,-0.0730729833318539,1.6609761099930531,10.0,0.0,0.0,7.536801078191607,0.12561335130319345
0.7590000000000006,0.2520887013881802,-0.07396020916172925,1.661999915513008,0.24089753526951235,-0.0730729833318539,1.6609761099930531,0.24089753526951235,-0.0730729833318539,1.6609761099930531,10.0,0.0,0.0,7.53599837242302,0.125599972873717
0.7600000000000006,0.25207996690584966,-0.07396076029380139,1.6620004385426317,0.24089753526951235,-0.0730729833318539,1.6609761099930531,0.24089753526951235,-0.0730729833318539,1.6609761099930531,10.0,0.0,0.0,7.535205241361483,0.1255867540226914
0.7610000000000006,0.2520711202932074,-0.07396115386983775,1.6620007780571378,0.24089753526951235,-0.0730729833318539,1.6609761099930531,0.24089753526951235,-0.0730729833318539,1.6609761099930531,10.0,0.0,0.0,7.534421632167042,0.1255736938694507
0.7620000000000006,0.2520621649100066,-0.07396139157358163,1.6620009360872685,0.24089753526951235,-0.0730729833318539,1.6609761099930531,0.24089753526951235,-0.0730729833318539,1.6609761099930531,10.0,0.0,0.0,7.53364749190956,0.125560791531826
0.7630000000000006,0.2520531040852242,-0.0739614751015911,1.6620009146773207,0.24089753526951235,-0.0730729833318539,1.6609761099930531,0.24089753526951235,-0.0730729833318539,1.6609761099930531,10.0,0.0,0.0,7.532882767570541,0.12554804612617568
0.7640000000000006,0.25204394111697803,-0.07396140616263619,1.6620007158844439,0.24089753526951235,-0.0730729833318539,1.6609761099930531,0.24089753526951235,-0.0730729833318539,1.6609761099930531,10.0,0.0,0.0,7.532127406042315,0.12553545676737193
0.7650000000000006,0.2520346792724457,-0.07396118647710716,1.6620003417779623,0.24089753526951235,-0.0730729833318539,1.6609761099930531,0.24089753526951235,-0.0730729833318539,1.6609761099930531,10.0,0.0,0.0,7.531381354131292,0.12552302256885486
0.7660000000000006,0.2520253217877898,-0.07396081777642573,1.6619997944386944,0.24089753526951235,-0.0730729833318539,1.6609761099930531,0.24089753526951235,-0.0730729833318539,1.6609761099930531,10.0,0.0,0.0,7.530644558557004,0.12551074264261672
0.7670000000000006,0.2520158718680885,-0.07396030180247039,1.661999075958288,0.24089753526951235,-0.0730729833318539,1.6609761099930531,0.24089753526951235,-0.0730729833318539,1.6609761099930531,10.0,0.0,0.0,7.529916965955095,0.1254986160992516
0.7680000000000006,0.2520063326872724,-0.07395964030700458,1.6619981884385628,0.24089753526951235,-0.0730729833318539,1.6609761099930531,0.24089753526951235,-0.0730729833318539,1.6609761099930531,10.0,0.0,0.0,7.529198522877607,0.12548664204796012
0.7690000000000006,0.25199670738806407,-0.07395883505111502,1.6619971339908657,0.24089753526951235,-0.0730729833318539,1.6609761099930531,0.24089753526951235,-0.0730729833318539,1.6609761099930531,10.0,0.0,0.0,7.528489175795095,0.12547481959658494
0.7700000000000006,0.2519869990819252,-0.07395788780465824,1.6619959147354249,0.24089753526951235,-0.0730729833318539,1.6609761099930531,0.24089753526951235,-0.0730729833318539,1.6609761099930531,10.0,0.0,0.0,7.52778887110013,0.12546314785166884
0.7710000000000006,0.25197721084900754,-0.07395680034571424,1.6619945328007275,0.24089753526951235,-0.0730729833318539,1.6609761099930531,0.24089753526951235,-0.0730729833318539,1.6609761099930531,10.0,0.0,0.0,7.527097555106245,0.12545162591843742
0.7720000000000006,0.2519673457381092,-0.0739555744600472,1.661992990322898,0.24089753526951235,-0.0730729833318539,1.6609761099930531,0.24089753526951235,-0.0730729833318539,1.6609761099930531,10.0,0.0,0.0,7.526415174051586,0.12544025290085975
0.7730000000000006,0.2519574067666355,-0.07395421194057591,1.6619912894450848,0.24089753526951235,-0.0730729833318539,1.6609761099930531,0.24089753526951235,-0.0730729833318539,1.6609761099930531,10.0,0.0,0.0,7.525741674100669,0.12542902790167781
0.7740000000000006,0.25194739692056634,-0.07395271458684935,1.6619894323168602,0.24089753526951235,-0.0730729833318539,1.6609761099930531,0.24089753526951235,-0.0730729833318539,1.6609761099930531,10.0,0.0,0.0,7.52507700134734,0.12541795002245565
0.7750000000000006,0.2519373191544252,-0.07395108420453256,1.6619874210936285,0.24089753526951235,-0.0730729833318539,1.6609761099930531,0.24089753526951235,-0.0730729833318539,1.6609761099930531,10.0,0.0,0.0,7.524421101816273,0.12540701836360454
0.7760000000000006,0.2519271763912578,-0.07394932260489764,1.6619852579360377,0.24089753526951235,-0.0730729833318539,1.6609761099930531,0.24089753526951235,-0.0730729833318539,1.6609761099930531,10.0,0.0,0.0,7.523773921465642,0.12539623202442737
0.7770000000000006,0.2519169715226096,-0.0739474316043239,1.6619829450094084,0.24089753526951235,-0.0730729833318539,1.6609761099930531,0.24089753526951235,-0.0730729833318539,1.6609761099930531,10.0,0.0,0.0,7.523135406190532,0.12538559010317554
0.7780000000000006,0.2519067074085144,-0.07394541302380554,1.661980484483167,0.24089753526951235,-0.0730729833318539,1.6609761099930531,0.24089753526951235,-0.0730729833318539,1.6609761099930531,10.0,0.0,0.0,7.52250550182417,0.1253750916970695
0.7790000000000006,0.25189638687748217,-0.07394326868846443,1.6619778785302879,0.24089753526951235,-0.0730729833318539,1.6609761099930531,0.24089753526951235,-0.0730729833318539,1.6609761099930531,10.0,0.0,0.0,7.52188415414148,0.125364735902358
0.7800000000000006,0.25188601272649547,-0.07394100042707434,1.661975129326743,0.24089753526951235,-0.0730729833318539,1.6609761099930531,0.24089753526951235,-0.0730729833318539,1.6609761099930531,10.0,0.0,0.0,7.521271308861579,0.12535452181435963
0.7810000000000006,0.25187558772100727,-0.07393861007158847,1.6619722390509644,0.24089753526951235,-0.0730729833318539,1.6609761099930531,0.24089753526951235,-0.0730729833318539,1.6609761099930531,10.0,0.0,0.0,7.520666911650949,0.1253444485275158
0.7820000000000006,0.2518651145949464,-0.07393609945667791,1.661969209883312,0.24089753526951235,-0.0730729833318539,1.6609761099930531,0.24089753526951235,-0.0730729833318539,1.6609761099930531,10.0,0.0,0.0,7.520070908126114,0.12533451513543523
0.7830000000000006,0.25185459605072424,-0.0739334704192726,1.6619660440055504,0.24089753526951235,-0.0730729833318539,1.6609761099930531,0.24089753526951235,-0.0730729833318539,1.6609761099930531,10.0,0.0,0.0,7.51948324385636,0.12532472073093934
0.7840000000000006,0.2518440347592481,-0.07393072479811558,1.661962743600335,0.24089753526951235,-0.0730729833318539,1.6609761099930531,0.24089753526951235,-0.0730729833318539,1.6609761099930531,10.0,0.0,0.0,7.518903864367304,0.12531506440612172
0.7850000000000006,0.25183343335994135,-0.07392786443331938,1.661959310850707,0.24089753526951235,-0.0730729833318539,1.6609761099930531,0.24089753526951235,-0.0730729833318539,1.6609761099930531,10.0,0.0,0.0,7.518332715143281,0.12530554525238802
0.7860000000000006,0.2518227944607588,-0.07392489116593229,1.6619557479395963,0.24089753526951235,-0.0730729833318539,1.6609761099930531,0.24089753526951235,-0.0730729833318539,1.6609761099930531,10.0,0.0,0.0,7.5177697416318505,0.12529616236053084
0.7870000000000006,0.25181212063821756,-0.0739218068375097,1.6619520570493302,0.24089753526951235,-0.0730729833318539,1.6609761099930531,0.24089753526951235,-0.0730729833318539,1.6609761099930531,10.0,0.0,0.0,7.5172148892446184,0.12528691482074364
0.7880000000000006,0.2518014144374255,-0.07391861328969464,1.661948240361156,0.24089753526951235,-0.0730729833318539,1.6609761099930531,0.24089753526951235,-0.0730729833318539,1.6609761099930531,10.0,0.0,0.0,7.516668103362876,0.1252778017227146
0.7890000000000006,0.2517906783721142,-0.07391531236380379,1.6619443000547667,0.24089753526951235,-0.0730729833318539,1.6609761099930531,0.24089753526951235,-0.0730729833318539,1.6609761099930531,10.0,0.0,0.0,7.516129329339387,0.12526882215565646
0.7900000000000006,0.2517799149246796,-0.07391190590042074,1.6619402383078379,0.24089753526951235,-0.0730729833318539,1.6609761099930531,0.24089753526951235,-0.0730729833318539,1.6609761099930531,10.0,0.0,0.0,7.515598512501886,0.12525997520836477
0.7910000000000006,0.2517691265462206,-0.0739083957389967,1.6619360572955726,0.24089753526951235,-0.0730729833318539,1.6609761099930531,0.24089753526951235,-0.0730729833318539,1.6609761099930531,10.0,0.0,0.0,7.515075598156773,0.12525125996927955
0.7920000000000006,0.25175831565658946,-0.0739047837174573,1.661931759190252,0.24089753526951235,-0.0730729833318539,1.6609761099930531,0.24089753526951235,-0.0730729833318539,1.6609761099930531,10.0,0.0,0.0,7.514560531591725,0.12524267552652874
0.7930000000000006,0.2517474846444392,-0.07390107167181646,1.6619273461607968,0.24089753526951235,-0.0730729833318539,1.6609761099930531,0.24089753526951235,-0.0730729833318539,1.6609761099930531,10.0,0.0,0.0,7.5140532580798265,0.1252342209679971
0.7940000000000006,0.25173663586727835,-0.0738972614357967,1.661922820372335,0.24089753526951235,-0.0730729833318539,1.6609761099930531,0.24089753526951235,-0.0730729833318539,1.6609761099930531,10.0,0.0,0.0,7.513553722882175,0.12522589538136958
0.7950000000000006,0.2517257716515291,-0.07389335484045774,1.6619181839857786,0.24089753526951235,-0.0730729833318539,1.6609761099930531,0.24089753526951235,-0.0730729833318539,1.6609761099930531,10.0,0.0,0.0,7.513061871251789,0.12521769785419648
0.7960000000000006,0.25171489429258875,-0.07388935371382886,1.6619134391574077,0.24089753526951235,-0.0730729833318539,1.6609761099930531,0.24089753526951235,-0.0730729833318539,1.6609761099930531,10.0,0.0,0.0,7.512577648436521,0.12520962747394201
0.7970000000000006,0.2517040060548955,-0.07388525988055093,1.6619085880384632,0.24089753526951235,-0.0730729833318539,1.6609761099930531,0.24089753526951235,-0.0730729833318539,1.6609761099930531,10.0,0.0,0.0,7.51210099968277,0.12520168332804615
0.7980000000000006,0.2516931091719964,-0.07388107516152286,1.661903632774745,0.24089753526951235,-0.0730729833318539,1.6609761099930531,0.24089753526951235,-0.0730729833318539,1.6609761099930531,10.0,0.0,0.0,7.511631870238535,0.12519386450397557
0.7990000000000006,0.25168220584662104,-0.07387680137355532,1.6618985755062208,0.24089753526951235,-0.0730729833318539,1.6609761099930531,0.24089753526951235,-0.0730729833318539,1.6609761099930531,10.0,0.0,0.0,7.511170205356686,0.1251861700892781
0.8000000000000006,0.25167129825075774,-0.07387244032903117,1.6618934183666418,0.24089753526951235,-0.0730729833318539,1.6609761099930531,0.24089753526951235,-0.0730729833318539,1.6609761099930531,10.0,0.0,0.0,7.510715950299057,0.12517859917165094
0.8010000000000006,0.2516603885257333,-0.07386799383557235,1.661888163483164,0.24089753526951235,-0.0730729833318539,1.6609761099930531,0.24089753526951235,-0.0730729833318539,1.6609761099930531,10.0,0.0,0.0,7.510269050338762,0.12517115083897937
0.8020000000000006,0.2516494787822939,-0.07386346369571191,1.6618828129759775,0.24089753526951235,-0.0730729833318539,1.6609761099930531,0.24089753526951235,-0.0730729833318539,1.6609761099930531,10.0,0.0,0.0,7.509829450764379,0.1251638241794063
0.8030000000000006,0.2516385711006958,-0.07385885170657444,1.6618773689579491,0.24089753526951235,-0.0730729833318539,1.6609761099930531,0.24089753526951235,-0.0730729833318539,1.6609761099930531,10.0,0.0,0.0,7.5093970968827835,0.12515661828137972
0.8040000000000006,0.25162766753079135,-0.07385415965956076,1.6618718335342626,0.24089753526951235,-0.0730729833318539,1.6609761099930531,0.24089753526951235,-0.0730729833318539,1.6609761099930531,10.0,0.0,0.0,7.50897193402264,0.12514953223371067
0.8050000000000006,0.25161677009212424,-0.07384938934004046,1.6618662088020753,0.24089753526951235,-0.0730729833318539,1.6609761099930531,0.24089753526951235,-0.0730729833318539,1.6609761099930531,10.0,0.0,0.0,7.508553907536852,0.1251425651256142
0.8060000000000006,0.25160588077402535,-0.07384454252704925,1.6618604968501733,0.24089753526951235,-0.0730729833318539,1.6609761099930531,0.24089753526951235,-0.0730729833318539,1.6609761099930531,10.0,0.0,0.0,7.508142962809043,0.12513571604681736
0.8070000000000006,0.2515950015357119,-0.07383962099299393,1.6618546997586443,0.24089753526951235,-0.0730729833318539,1.6609761099930531,0.24089753526951235,-0.0730729833318539,1.6609761099930531,10.0,0.0,0.0,7.507739045252354,0.12512898408753922
0.8080000000000006,0.2515841343063912,-0.0738346265033624,1.6618488195985477,0.24089753526951235,-0.0730729833318539,1.6609761099930531,0.24089753526951235,-0.0730729833318539,1.6609761099930531,10.0,0.0,0.0,7.507342100315029,0.1251223683385838
0.8090000000000006,0.25157328098536474,-0.07382956081643957,1.661842858431599,0.24089753526951235,-0.0730729833318539,1.6609761099930531,0.24089753526951235,-0.0730729833318539,1.6609761099930531,10.0,0.0,0.0,7.506952073483762,0.12511586789139603
0.8100000000000006,0.25156244344213813,-0.07382442568303049,1.6618368183098557,0.24089753526951235,-0.0730729833318539,1.6609761099930531,0.24089753526951235,-0.0730729833318539,1.6609761099930531,10.0,0.0,0.0,7.506568910286363,0.12510948183810605
0.8110000000000006,0.2515516235165324,-0.07381922284618712,1.6618307012754168,0.24089753526951235,-0.0730729833318539,1.6609761099930531,0.24089753526951235,-0.0730729833318539,1.6609761099930531,10.0,0.0,0.0,7.506192556295318,0.12510320927158863
0.8120000000000006,0.25154082301879926,-0.07381395404094528,1.6618245093601214,0.24089753526951235,-0.0730729833318539,1.6609761099930531,0.24089753526951235,-0.0730729833318539,1.6609761099930531,10.0,0.0,0.0,7.505822957130407,0.12509704928550677
0.8130000000000006,0.25153004372973725,-0.07380862099406171,1.661818244585261,0.24089753526951235,-0.0730729833318539,1.6609761099930531,0.24089753526951235,-0.0730729833318539,1.6609761099930531,10.0,0.0,0.0,7.5054600584626,0.12509100097437667
0.8140000000000006,0.2515192874008129,-0.07380322542376193,1.661811908961296,0.24089753526951235,-0.0730729833318539,1.6609761099930531,0.24089753526951235,-0.0730729833318539,1.6609761099930531,10.0,0.0,0.0,7.505103806016347,0.1250850634336058
0.8150000000000006,0.2515085557542842,-0.07379776903949165,1.6618055044875761,0.24089753526951235,-0.0730729833318539,1.6609761099930531,0.24089753526951235,-0.0730729833318539,1.6609761099930531,10.0,0.0,0.0,7.504754145572994,0.1250792357595499
0.8160000000000006,0.2514978504833246,-0.07379225354167304,1.6617990331520744,0.24089753526951235,-0.0730729833318539,1.6609761099930531,0.24089753526951235,-0.0730729833318539,1.6609761099930531,10.0,0.0,0.0,7.504411022974317,0.12507351704957195
0.8170000000000006,0.2514871732521527,-0.07378668062146905,1.6617924969311202,0.24089753526951235,-0.0730729833318539,1.6609761099930531,0.24089753526951235,-0.0730729833318539,1.6609761099930531,10.0,0.0,0.0,7.504074384124346,0.12506790640207244
0.8180000000000006,0.25147652569616397,-0.07378105196055185,1.6617858977891455,0.24089753526951235,-0.0730729833318539,1.6609761099930531,0.24089753526951235,-0.0730729833318539,1.6609761099930531,10.0,0.0,0.0,7.503744174993599,0.12506240291655998
0.8190000000000006,0.2514659094220619,-0.07377536923087682,1.661779237678432,0.24089753526951235,-0.0730729833318539,1.6609761099930531,0.24089753526951235,-0.0730729833318539,1.6609761099930531,10.0,0.0,0.0,7.503420341621286,0.1250570056936881
0.8200000000000006,0.25145532600799575,-0.07376963409446259,1.6617725185388692,0.24089753526951235,-0.0730729833318539,1.6609761099930531,0.24089753526951235,-0.0730729833318539,1.6609761099930531,10.0,0.0,0.0,7.503102830118539,0.125051713835309
0.8210000000000006,0.25144477700369866,-0.0737638482031755,1.6617657422977161,0.24089753526951235,-0.0730729833318539,1.6609761099930531,0.24089753526951235,-0.0730729833318539,1.6609761099930531,10.0,0.0,0.0,7.502791586671063,0.12504652644451772
0.8220000000000006,0.25143426393062823,-0.07375801319852228,1.6617589108693716,0.24089753526951235,-0.0730729833318539,1.6609761099930531,0.24089753526951235,-0.0730729833318539,1.6609761099930531,10.0,0.0,0.0,7.50248655754232,0.12504144262570532
0.8230000000000006,0.25142378828211015,-0.07375213071144429,1.6617520261551488,0.24089753526951235,-0.0730729833318539,1.6609761099930531,0.24089753526951235,-0.0730729833318539,1.6609761099930531,10.0,0.0,0.0,7.502187689075884,0.12503646148459807
0.8240000000000006,0.25141335152348243,-0.07374620236211933,1.6617450900430564,0.24089753526951235,-0.0730729833318539,1.6609761099930531,0.24089753526951235,-0.0730729833318539,1.6609761099930531,10.0,0.0,0.0,7.501894927698875,0.12503158212831458
0.8250000000000006,0.25140295509224486,-0.07374022975977007,1.6617381044075887,0.24089753526951235,-0.0730729833318539,1.6609761099930531,0.24089753526951235,-0.0730729833318539,1.6609761099930531,10.0,0.0,0.0,7.501608219924229,0.1250268036654038
0.8260000000000006,0.25139260039820727,-0.07373421450247317,1.6617310711095148,0.24089753526951235,-0.0730729833318539,1.6609761099930531,0.24089753526951235,-0.0730729833318539,1.6609761099930531,10.0,0.0,0.0,7.501327512353239,0.12502212520588732
0.8270000000000006,0.2513822888236431,-0.07372815817697928,1.6617239919956843,0.24089753526951235,-0.0730729833318539,1.6609761099930531,0.24089753526951235,-0.0730729833318539,1.6609761099930531,10.0,0.0,0.0,7.501052751678951,0.12501754586131583
0.8280000000000006,0.2513720217234425,-0.07372206235853378,1.6617168688988313,0.24089753526951235,-0.0730729833318539,1.6609761099930531,0.24089753526951235,-0.0730729833318539,1.6609761099930531,10.0,0.0,0.0,7.500783884688531,0.12501306474480883
0.8290000000000006,0.2513618004252692,-0.07371592861070513,1.6617097036373851,0.24089753526951235,-0.0730729833318539,1.6609761099930531,0.24089753526951235,-0.0730729833318539,1.6609761099930531,10.0,0.0,0.0,7.500520858265389,0.12500868097108983
0.8300000000000006,0.2513516262297175,-0.07370975848521591,1.6617024980152888,0.24089753526951235,-0.0730729833318539,1.6609761099930531,0.24089753526951235,-0.0730729833318539,1.6609761099930531,10.0,0.0,0.0,7.500263619392442,0.1250043936565407
0.8310000000000006,0.2513415004104741,-0.07370355352178325,1.6616952538218237,0.24089753526951235,-0.0730729833318539,1.6609761099930531,0.24089753526951235,-0.0730729833318539,1.6609761099930531,10.0,0.0,0.0,7.500012115154304,0.12500020191923839
0.8320000000000006,0.25133142421447985,-0.0736973152479575,1.6616879728314409,0.24089753526951235,-0.0730729833318539,1.6609761099930531,0.24089753526951235,-0.0730729833318539,1.6609761099930531,10.0,0.0,0.0,7.499766292740034,0.12499610487900056
0.8330000000000006,0.2513213988620918,-0.07369104517897292,1.6616806568035871,0.24089753526951235,-0.0730729833318539,1.6609761099930531,0.24089753526951235,-0.0730729833318539,1.6609761099930531,10.0,0.0,0.0,7.499526099446,0.12499210165743334
0.8340000000000006,0.2513114255472517,-0.07368474481759855,1.6616733074825594,0.24089753526951235,-0.0730729833318539,1.6609761099930531,0.24089753526951235,-0.0730729833318539,1.6609761099930531,10.0,0.0,0.0,7.499291482676148,0.1249881913779358
0.8350000000000006,0.25130150543765184,-0.07367841565399495,1.6616659265973417,0.24089753526951235,-0.0730729833318539,1.6609761099930531,0.24089753526951235,-0.0730729833318539,1.6609761099930531,10.0,0.0,0.0,7.4990623899476905,0.12498437316579485
0.8360000000000006,0.2512916396749053,-0.07367205916557706,1.6616585158614612,0.24089753526951235,-0.0730729833318539,1.6609761099930531,0.24089753526951235,-0.0730729833318539,1.6609761099930531,10.0,0.0,0.0,7.498838768891828,0.12498064614819712
0.8370000000000006,0.25128182937471594,-0.07366567681687984,1.6616510769728432,0.24089753526951235,-0.0730729833318539,1.6609761099930531,0.24089753526951235,-0.0730729833318539,1.6609761099930531,10.0,0.0,0.0,7.498620567256143,0.12497700945426905
0.8380000000000006,0.2512720756270514,-0.07365927005943053,1.661643611613676,0.24089753526951235,-0.0730729833318539,1.6609761099930531,0.24089753526951235,-0.0730729833318539,1.6609761099930531,10.0,0.0,0.0,7.498407732906953,0.12497346221511589
0.8390000000000006,0.25126237949631847,-0.07365284033162334,1.6616361214502782,0.24089753526951235,-0.0730729833318539,1.6609761099930531,0.24089753526951235,-0.0730729833318539,1.6609761099930531,10.0,0.0,0.0,7.498200213831577,0.12497000356385962
0.8400000000000006,0.2512527420215367,-0.0736463890586006,1.6616286081329716,0.24089753526951235,-0.0730729833318539,1.6609761099930531,0.24089753526951235,-0.0730729833318539,1.6609761099930531,10.0,0.0,0.0,7.497997958140918,0.12496663263568197
0.8410000000000006,0.25124316421651705,-0.0736399176521375,1.6616210732959613,0.24089753526951235,-0.0730729833318539,1.6609761099930531,0.24089753526951235,-0.0730729833318539,1.6609761099930531,10.0,0.0,0.0,7.497800914071599,0.12496334856785998
0.8420000000000006,0.25123364707004037,-0.07363342751053197,1.6616135185572212,0.24089753526951235,-0.0730729833318539,1.6609761099930531,0.24089753526951235,-0.0730729833318539,1.6609761099930531,10.0,0.0,0.0,7.497609029988203,0.12496015049980339
0.8430000000000006,0.25122419154603826,-0.07362692001849837,1.6616059455183767,0.24089753526951235,-0.0730729833318539,1.6609761099930531,0.24089753526951235,-0.0730729833318539,1.6609761099930531,10.0,0.0,0.0,7.497422254384746,0.1249570375730791
0.8440000000000006,0.2512147985837732,-0.07362039654706477,1.6615983557646052,0.24089753526951235,-0.0730729833318539,1.6609761099930531,0.24089753526951235,-0.0730729833318539,1.6609761099930531,10.0,0.0,0.0,7.497240535888505,0.12495400893147508
0.8450000000000006,0.2512054690980218,-0.07361385845347687,1.6615907508645353,0.24089753526951235,-0.0730729833318539,1.6609761099930531,0.24089753526951235,-0.0730729833318539,1.6609761099930531,10.0,0.0,0.0,7.49706382326061,0.12495106372101016
0.8460000000000006,0.2511962039792606,-0.07360730708110452,1.6615831323701427,0.24089753526951235,-0.0730729833318539,1.6609761099930531,0.24089753526951235,-0.0730729833318539,1.6609761099930531,10.0,0.0,0.0,7.496892065398287,0.12494820108997144
0.8470000000000006,0.2511870040938493,-0.07360074375935236,1.6615755018166705,0.24089753526951235,-0.0730729833318539,1.6609761099930531,0.24089753526951235,-0.0730729833318539,1.6609761099930531,10.0,0.0,0.0,7.496725211338432,0.12494542018897387
0.8480000000000006,0.25117787028421856,-0.07359416980357575,1.6615678607225335,0.24089753526951235,-0.0730729833318539,1.6609761099930531,0.24089753526951235,-0.0730729833318539,1.6609761099930531,10.0,0.0,0.0,7.496563210257417,0.12494272017095695
0.8490000000000006,0.25116880336905806,-0.07358758651499937,1.6615602105892429,0.24089753526951235,-0.0730729833318539,1.6609761099930531,0.24089753526951235,-0.0730729833318539,1.6609761099930531,10.0,0.0,0.0,7.496406011474857,0.12494010019124761
0.8500000000000006,0.25115980414350514,-0.07358099518064176,1.6615525529013242,0.24089753526951235,-0.0730729833318539,1.6609761099930531,0.24089753526951235,-0.0730729833318539,1.6609761099930531,10.0,0.0,0.0,7.496253564454655,0.12493755940757759
0.8510000000000006,0.251150873379334,-0.07357439707324201,1.66154488912625,0.24089753526951235,-0.0730729833318539,1.6609761099930531,0.24089753526951235,-0.0730729833318539,1.6609761099930531,10.0,0.0,0.0,7.496105818808062,0.12493509698013437
0.8520000000000006,0.2511420118251488,-0.07356779345119235,1.6615372207143697,0.24089753526951235,-0.0730729833318539,1.6609761099930531,0.24089753526951235,-0.0730729833318539,1.6609761099930531,10.0,0.0,0.0,7.495962724294269,0.12493271207157114
0.8530000000000006,0.2511332202065739,-0.07356118555847216,1.6615295490988446,0.24089753526951235,-0.0730729833318539,1.6609761099930531,0.24089753526951235,-0.0730729833318539,1.6609761099930531,10.0,0.0,0.0,7.495824230823074,0.12493040384705124
0.8540000000000006,0.2511244992264486,-0.07355457462458867,1.6615218756955936,0.24089753526951235,-0.0730729833318539,1.6609761099930531,0.24089753526951235,-0.0730729833318539,1.6609761099930531,10.0,0.0,0.0,7.495690288457031,0.12492817147428385
0.8550000000000006,0.25111584956501926,-0.07354796186451998,1.661514201903236,0.24089753526951235,-0.0730729833318539,1.6609761099930531,0.24089753526951235,-0.0730729833318539,1.6609761099930531,10.0,0.0,0.0,7.495560847412838,0.1249260141235473
0.8560000000000006,0.2511072718801364,-0.07354134847866206,1.6615065291030413,0.24089753526951235,-0.0730729833318539,1.6609761099930531,0.24089753526951235,-0.0730729833318539,1.6609761099930531,10.0,0.0,0.0,7.4954358580632885,0.12492393096772147
0.8570000000000007,0.25109876680744975,-0.07353473565277875,1.6614988586588852,0.24089753526951235,-0.0730729833318539,1.6609761099930531,0.24089753526951235,-0.0730729833318539,1.6609761099930531,10.0,0.0,0.0,7.49531527093922,0.12492192118232033
0.8580000000000007,0.2510903349606045,-0.07352812455795782,1.6614911919172086,0.24089753526951235,-0.0730729833318539,1.6609761099930531,0.24089753526951235,-0.0730729833318539,1.6609761099930531,10.0,0.0,0.0,7.495199036731762,0.12491998394552936
0.8590000000000007,0.25108197693143824,-0.07352151635056842,1.6614835302069775,0.24089753526951235,-0.0730729833318539,1.6609761099930531,0.24089753526951235,-0.0730729833318539,1.6609761099930531,10.0,0.0,0.0,7.495087106293202,0.12491811843822002
0.8600000000000007,0.25107369329018114,-0.07351491217222222,1.6614758748396516,0.24089753526951235,-0.0730729833318539,1.6609761099930531,0.24089753526951235,-0.0730729833318539,1.6609761099930531,10.0,0.0,0.0,7.494979430639371,0.12491632384398951
0.8610000000000007,0.2510654845856533,-0.07350831314974018,1.6614682271091563,0.24089753526951235,-0.0730729833318539,1.6609761099930531,0.24089753526951235,-0.0730729833318539,1.6609761099930531,10.0,0.0,0.0,7.494875960951697,0.12491459934919495
0.8620000000000007,0.2510573513454655,-0.07350172039512032,1.6614605882918572,0.24089753526951235,-0.0730729833318539,1.6609761099930531,0.24089753526951235,-0.0730729833318539,1.6609761099930531,10.0,0.0,0.0,7.4947766485782035,0.12491294414297006
0.8630000000000007,0.2510492940762178,-0.07349513500551055,1.6614529596465353,0.24089753526951235,-0.0730729833318539,1.6609761099930531,0.24089753526951235,-0.0730729833318539,1.6609761099930531,10.0,0.0,0.0,7.494681445035763,0.12491135741726271
0.8640000000000007,0.2510413132637025,-0.07348855806318456,1.661445342414376,0.24089753526951235,-0.0730729833318539,1.6609761099930531,0.24089753526951235,-0.0730729833318539,1.6609761099930531,10.0,0.0,0.0,7.49459030201181,0.1249098383668635
0.8650000000000007,0.2510334093731038,-0.07348199063552098,1.661437737818952,0.24089753526951235,-0.0730729833318539,1.6609761099930531,0.24089753526951235,-0.0730729833318539,1.6609761099930531,10.0,0.0,0.0,7.494503171365725,0.12490838618942875
0.8660000000000007,0.2510255828492017,-0.07347543377498575,1.661430147066212,0.24089753526951235,-0.0730729833318539,1.6609761099930531,0.24089753526951235,-0.0730729833318539,1.6609761099930531,10.0,0.0,0.0,7.494420005130483,0.12490700008550805
0.8670000000000007,0.25101783411657186,-0.07346888851911779,1.6614225713444795,0.24089753526951235,-0.0730729833318539,1.6609761099930531,0.24089753526951235,-0.0730729833318539,1.6609761099930531,10.0,0.0,0.0,7.494340755515024,0.12490567925858373
0.8680000000000007,0.25101016357979256,-0.07346235589051851,1.661415011824446,0.24089753526951235,-0.0730729833318539,1.6609761099930531,0.24089753526951235,-0.0730729833318539,1.6609761099930531,10.0,0.0,0.0,7.4942653749048205,0.12490442291508035
0.8690000000000007,0.25100257162364387,-0.07345583689684329,1.661407469659176,0.24089753526951235,-0.0730729833318539,1.6609761099930531,0.24089753526951235,-0.0730729833318539,1.6609761099930531,10.0,0.0,0.0,7.494193815864788,0.12490323026441313
0.8700000000000007,0.25099505861331456,-0.0734493325307983,1.6613999459841082,0.24089753526951235,-0.0730729833318539,1.6609761099930531,0.24089753526951235,-0.0730729833318539,1.6609761099930531,10.0,0.0,0.0,7.4941260311397455,0.12490210051899577
0.8710000000000007,0.250987624894605,-0.07344284377013698,1.6613924419170683,0.24089753526951235,-0.0730729833318539,1.6609761099930531,0.24089753526951235,-0.0730729833318539,1.6609761099930531,10.0,0.0,0.0,7.494061973656756,0.12490103289427927
0.8720000000000007,0.2509802707941322,-0.07343637157766311,1.661384958558277,0.24089753526951235,-0.0730729833318539,1.6609761099930531,0.24089753526951235,-0.0730729833318539,1.6609761099930531,10.0,0.0,0.0,7.49400159652591,0.12490002660876517
0.8730000000000007,0.25097299661953465,-0.07342991690123471,1.6613774969903659,0.24089753526951235,-0.0730729833318539,1.6609761099930531,0.24089753526951235,-0.0730729833318539,1.6609761099930531,10.0,0.0,0.0,7.493944853043021,0.12489908088405036
0.8740000000000007,0.2509658026596771,-0.07342348067377227,1.6613700582783988,0.24089753526951235,-0.0730729833318539,1.6609761099930531,0.24089753526951235,-0.0730729833318539,1.6609761099930531,10.0,0.0,0.0,7.493891696690676,0.12489819494484461
0.8750000000000007,0.25095868918485675,-0.07341706381326783,1.6613626434698896,0.24089753526951235,-0.0730729833318539,1.6609761099930531,0.24089753526951235,-0.0730729833318539,1.6609761099930531,10.0,0.0,0.0,7.493842081139157,0.12489736801898595
0.8760000000000007,0.2509516564470091,-0.07341066722279946,1.6613552535948306,0.24089753526951235,-0.0730729833318539,1.6609761099930531,0.24089753526951235,-0.0730729833318539,1.6609761099930531,10.0,0.0,0.0,7.493795960249079,0.12489659933748465
0.8770000000000007,0.25094470467991203,-0.0734042917905468,1.6613478896657192,0.24089753526951235,-0.0730729833318539,1.6609761099930531,0.24089753526951235,-0.0730729833318539,1.6609761099930531,10.0,0.0,0.0,7.49375328807233,0.12489588813453883
0.8780000000000007,0.2509378340993943,-0.07339793838981039,1.6613405526775884,0.24089753526951235,-0.0730729833318539,1.6609761099930531,0.24089753526951235,-0.0730729833318539,1.6609761099930531,10.0,0.0,0.0,7.4937140188531535,0.12489523364755256
0.8790000000000007,0.2509310449035395,-0.07339160787903273,1.6613332436080435,0.24089753526951235,-0.0730729833318539,1.6609761099930531,0.24089753526951235,-0.0730729833318539,1.6609761099930531,10.0,0.0,0.0,7.4936781070309175,0.12489463511718196
0.8800000000000007,0.25092433727289387,-0.07338530110182334,1.6613259634172963,0.24089753526951235,-0.0730729833318539,1.6609761099930531,0.24089753526951235,-0.0730729833318539,1.6609761099930531,10.0,0.0,0.0,7.493645507240306,0.12489409178733843
0.8810000000000007,0.25091771137067165,-0.07337901888698484,1.6613187130482092,0.24089753526951235,-0.0730729833318539,1.6609761099930531,0.24089753526951235,-0.0730729833318539,1.6609761099930531,10.0,0.0,0.0,7.493616174313696,0.12489360290522827
0.8820000000000007,0.25091116734296215,-0.07337276204854341,1.6613114934263362,0.24089753526951235,-0.0730729833318539,1.6609761099930531,0.24089753526951235,-0.0730729833318539,1.6609761099930531,10.0,0.0,0.0,7.493590063281918,0.1248931677213653
0.8830000000000007,0.2509047053189353,-0.0733665313857807,1.6613043054599688,0.24089753526951235,-0.0730729833318539,1.6609761099930531,0.24089753526951235,-0.0730729833318539,1.6609761099930531,10.0,0.0,0.0,7.493567129376396,0.12489278548960661
0.8840000000000007,0.250898325411049,-0.07336032768326764,1.661297150040186,0.24089753526951235,-0.0730729833318539,1.6609761099930531,0.24089753526951235,-0.0730729833318539,1.6609761099930531,10.0,0.0,0.0,7.493547328030033,0.12489245546716722
0.8850000000000007,0.2508920277152547,-0.07335415171090306,1.6612900280409062,0.24089753526951235,-0.0730729833318539,1.6609761099930531,0.24089753526951235,-0.0730729833318539,1.6609761099930531,10.0,0.0,0.0,7.493530614879337,0.12489217691465561
0.8860000000000007,0.25088581231120327,-0.07334800422395218,1.661282940318938,0.24089753526951235,-0.0730729833318539,1.6609761099930531,0.24089753526951235,-0.0730729833318539,1.6609761099930531,10.0,0.0,0.0,7.493516945764901,0.12489194909608167
0.8870000000000007,0.2508796792624528,-0.07334188596308845,1.6612758877140437,0.24089753526951235,-0.0730729833318539,1.6609761099930531,0.24089753526951235,-0.0730729833318539,1.6609761099930531,10.0,0.0,0.0,7.493506276733765,0.12489177127889609
0.8880000000000007,0.2508736286166724,-0.07333579765443886,1.6612688710489936,0.24089753526951235,-0.0730729833318539,1.6609761099930531,0.24089753526951235,-0.0730729833318539,1.6609761099930531,10.0,0.0,0.0,7.49349856404,0.12489164273400001
0.8890000000000007,0.25086766040584996,-0.07332974000962948,1.66126189112963,0.24089753526951235,-0.0730729833318539,1.6609761099930531,0.24089753526951235,-0.0730729833318539,1.6609761099930531,10.0,0.0,0.0,7.493493764146838,0.12489156273578064
0.8900000000000007,0.25086177464649695,-0.07332371372583436,1.661254948744931,0.24089753526951235,-0.0730729833318539,1.6609761099930531,0.24089753526951235,-0.0730729833318539,1.6609761099930531,10.0,0.0,0.0,7.4934918337278535,0.1248915305621309
0.8910000000000007,0.25085597133985355,-0.07331771948582781,1.6612480446670799,0.24089753526951235,-0.0730729833318539,1.6609761099930531,0.24089753526951235,-0.0730729833318539,1.6609761099930531,10.0,0.0,0.0,7.493492729668185,0.12489154549446975
0.8920000000000007,0.2508502504720939,-0.07331175795803577,1.6612411796515314,0.24089753526951235,-0.0730729833318539,1.6609761099930531,0.24089753526951235,-0.0730729833318539,1.6609761099930531,10.0,0.0,0.0,7.493496409065661,0.12489160681776101
0.8930000000000007,0.25084461201453273,-0.07330582979659242,1.6612343544370862,0.24089753526951235,-0.0730729833318539,1.6609761099930531,0.24089753526951235,-0.0730729833318539,1.6609761099930531,10.0,0.0,0.0,7.493502829232738,0.12489171382054563
0.8940000000000007,0.2508390559238277,-0.07329993564139763,1.6612275697459644,0.24089753526951235,-0.0730729833318539,1.6609761099930531,0.24089753526951235,-0.0730729833318539,1.6609761099930531,10.0,0.0,0.0,7.493511947697644,0.12489186579496073
0.8950000000000007,0.25083358214218543,-0.0732940761181757,1.6612208262838806,0.24089753526951235,-0.0730729833318539,1.6609761099930531,0.24089753526951235,-0.0730729833318539,1.6609761099930531,10.0,0.0,0.0,7.493523722205779,0.124892062036763
0.8960000000000007,0.25082819059756395,-0.07328825183853724,1.6612141247401238,0.24089753526951235,-0.0730729833318539,1.6609761099930531,0.24089753526951235,-0.0730729833318539,1.6609761099930531,10.0,0.0,0.0,7.493538110720714,0.12489230184534524
0.8970000000000007,0.2508228812038792,-0.07328246340004266,1.661207465787639,0.24089753526951235,-0.0730729833318539,1.6609761099930531,0.24089753526951235,-0.0730729833318539,1.6609761099930531,10.0,0.0,0.0,7.493555071425849,0.12489258452376414
0.8980000000000007,0.2508176538612047,-0.07327671138626757,1.661200850083107,0.24089753526951235,-0.0730729833318539,1.6609761099930531,0.24089753526951235,-0.0730729833318539,1.6609761099930531,10.0,0.0,0.0,7.493574562725737,0.12489290937876228
0.8990000000000007,0.25081250845597725,-0.07327099636687004,1.6611942782670344,0.24089753526951235,-0.0730729833318539,1.6609761099930531,0.24089753526951235,-0.0730729833318539,1.6609761099930531,10.0,0.0,0.0,7.493596543247483,0.12489327572079138
0.9000000000000007,0.25080744486119766,-0.07326531889765915,1.6611877509638326,0.24089753526951235,-0.0730729833318539,1.6609761099930531,0.24089753526951235,-0.0730729833318539,1.6609761099930531,10.0,0.0,0.0,7.493620971841246,0.12489368286402076
0.9010000000000007,0.25080246293663433,-0.07325967952066688,1.6611812687819159,0.24089753526951235,-0.0730729833318539,1.6609761099930531,0.24089753526951235,-0.0730729833318539,1.6609761099930531,10.0,0.0,0.0,7.493647807582976,0.12489413012638292
0.9020000000000007,0.2507975625290231,-0.07325407876421974,1.661174832313787,0.24089753526951235,-0.0730729833318539,1.6609761099930531,0.24089753526951235,-0.0730729833318539,1.6609761099930531,10.0,0.0,0.0,7.493677009774354,0.12489461682957256
0.9030000000000007,0.25079274347226965,-0.07324851714301406,1.66116844213613,0.24089753526951235,-0.0730729833318539,1.6609761099930531,0.24089753526951235,-0.0730729833318539,1.6609761099930531,10.0,0.0,0.0,7.493708537944778,0.12489514229907964
0.9040000000000007,0.25078800558764913,-0.07324299515819117,1.6611620988099047,0.24089753526951235,-0.0730729833318539,1.6609761099930531,0.24089753526951235,-0.0730729833318539,1.6609761099930531,10.0,0.0,0.0,7.49374235185246,0.12489570586420767
0.9050000000000007,0.2507833486840064,-0.07323751329741598,1.6611558028804472,0.24089753526951235,-0.0730729833318539,1.6609761099930531,0.24089753526951235,-0.0730729833318539,1.6609761099930531,10.0,0.0,0.0,7.493778411485769,0.12489630685809615
0.9060000000000007,0.25077877255795566,-0.07323207203495499,1.6611495548775626,0.24089753526951235,-0.0730729833318539,1.6609761099930531,0.24089753526951235,-0.0730729833318539,1.6609761099930531,10.0,0.0,0.0,7.493816677064154,0.1248969446177359
0.9070000000000007,0.2507742769940784,-0.07322667183175946,1.6611433553156252,0.24089753526951235,-0.0730729833318539,1.6609761099930531,0.24089753526951235,-0.0730729833318539,1.6609761099930531,10.0,0.0,0.0,7.493857109039496,0.1248976184839916
0.9080000000000007,0.2507698617651227,-0.07322131313554474,1.6611372046936854,0.24089753526951235,-0.0730729833318539,1.6609761099930531,0.24089753526951235,-0.0730729833318539,1.6609761099930531,10.0,0.0,0.0,7.493899668098262,0.1248983278016377
0.9090000000000007,0.25076552663220025,-0.07321599638087703,1.6611311034955665,0.24089753526951235,-0.0730729833318539,1.6609761099930531,0.24089753526951235,-0.0730729833318539,1.6609761099930531,10.0,0.0,0.0,7.493944315160817,0.12489907191934696
0.9100000000000007,0.2507612713449828,-0.0732107219892566,1.6611250521899725,0.24089753526951235,-0.0730729833318539,1.6609761099930531,0.24089753526951235,-0.0730729833318539,1.6609761099930531,10.0,0.0,0.0,7.493991011384137,0.12489985018973561
0.9110000000000007,0.2507570956418994,-0.0732054903692058,1.6611190512305938,0.24089753526951235,-0.0730729833318539,1.6609761099930531,0.24089753526951235,-0.0730729833318539,1.6609761099930531,10.0,0.0,0.0,7.4940397181627745,0.12490066196937957
0.9120000000000007,0.25075299925033095,-0.07320030191635693,1.6611131010562143,0.24089753526951235,-0.0730729833318539,1.6609761099930531,0.24089753526951235,-0.0730729833318539,1.6609761099930531,10.0,0.0,0.0,7.494090397129617,0.12490150661882696
0.9130000000000007,0.2507489818868053,-0.073195157013541,1.6611072020908204,0.24089753526951235,-0.0730729833318539,1.6609761099930531,0.24089753526951235,-0.0730729833318539,1.6609761099930531,10.0,0.0,0.0,7.494143010157296,0.12490238350262159
0.9140000000000007,0.2507450432571917,-0.07319005603087991,1.6611013547437126,0.24089753526951235,-0.0730729833318539,1.6609761099930531,0.24089753526951235,-0.0730729833318539,1.6609761099930531,10.0,0.0,0.0,7.494197519359409,0.12490329198932347
0.9150000000000007,0.25074118305689425,-0.07318499932587703,1.6610955594096157,0.24089753526951235,-0.0730729833318539,1.6609761099930531,0.24089753526951235,-0.0730729833318539,1.6609761099930531,10.0,0.0,0.0,7.4942538870914355,0.12490423145152392
0.9160000000000007,0.250737400971043,-0.07317998724351141,1.6610898164687935,0.24089753526951235,-0.0730729833318539,1.6609761099930531,0.24089753526951235,-0.0730729833318539,1.6609761099930531,10.0,0.0,0.0,7.494312075952099,0.12490520126586831
0.9170000000000007,0.2507336966746878,-0.07317502011633177,1.6610841262871625,0.24089753526951235,-0.0730729833318539,1.6609761099930531,0.24089753526951235,-0.0730729833318539,1.6609761099930531,10.0,0.0,0.0,7.49437204878436,0.12490620081307266
0.9180000000000007,0.25073006983298796,-0.07317009826455248,1.661078489216407,0.24089753526951235,-0.0730729833318539,1.6609761099930531,0.24089753526951235,-0.0730729833318539,1.6609761099930531,10.0,0.0,0.0,7.494433768676588,0.12490722947794314
0.9190000000000007,0.2507265201014021,-0.07316522199615001,1.6610729055940965,0.24089753526951235,-0.0730729833318539,1.6609761099930531,0.24089753526951235,-0.0730729833318539,1.6609761099930531,10.0,0.0,0.0,7.494497198963447,0.12490828664939077
0.9200000000000007,0.2507230471258788,-0.07316039160696138,1.6610673757438041,0.24089753526951235,-0.0730729833318539,1.6609761099930531,0.24089753526951235,-0.0730729833318539,1.6609761099930531,10.0,0.0,0.0,7.4945623032274025,0.12490937172045671
0.9210000000000007,0.2507196505430437,-0.07315560738078197,1.6610618999752254,0.24089753526951235,-0.0730729833318539,1.6609761099930531,0.24089753526951235,-0.0730729833318539,1.6609761099930531,10.0,0.0,0.0,7.494629045299518,0.1249104840883253
0.9220000000000007,0.2507163299803875,-0.07315086958946662,1.6610564785842963,0.24089753526951235,-0.0730729833318539,1.6609761099930531,0.24089753526951235,-0.0730729833318539,1.6609761099930531,10.0,0.0,0.0,7.494697389260411,0.12491162315434018
0.9230000000000007,0.2507130850564529,-0.0731461784930296,1.6610511118533204,0.24089753526951235,-0.0730729833318539,1.6609761099930531,0.24089753526951235,-0.0730729833318539,1.6609761099930531,10.0,0.0,0.0,7.494767299441696,0.12491278832402826
0.9240000000000007,0.25070991538101994,-0.07314153433974753,1.6610458000510842,0.24089753526951235,-0.0730729833318539,1.6609761099930531,0.24089753526951235,-0.0730729833318539,1.6609761099930531,10.0,0.0,0.0,7.494838740426044,0.12491397900710073
0.9250000000000007,0.2507068205552908,-0.0731369373662608,1.6610405434329842,0.24089753526951235,-0.0730729833318539,1.6609761099930531,0.24089753526951235,-0.0730729833318539,1.6609761099930531,10.0,0.0,0.0,7.494911677049713,0.12491519461749521
0.9260000000000007,0.2507038001720734,-0.07313238779767876,1.6610353422411492,0.24089753526951235,-0.0730729833318539,1.6609761099930531,0.24089753526951235,-0.0730729833318539,1.6609761099930531,10.0,0.0,0.0,7.494986074402281,0.12491643457337134
0.9270000000000007,0.25070085381596546,-0.0731278858476829,1.6610301967045689,0.24089753526951235,-0.0730729833318539,1.6609761099930531,0.24089753526951235,-0.0730729833318539,1.6609761099930531,10.0,0.0,0.0,7.495061897828213,0.12491769829713689
0.9280000000000007,0.2506979810635349,-0.07312343171863331,1.661025107039214,0.24089753526951235,-0.0730729833318539,1.6609761099930531,0.24089753526951235,-0.0730729833318539,1.6609761099930531,10.0,0.0,0.0,7.495139112927358,0.12491898521545597
0.9290000000000007,0.2506951814835013,-0.07311902560167403,1.6610200734481677,0.24089753526951235,-0.0730729833318539,1.6609761099930531,0.24089753526951235,-0.0730729833318539,1.6609761099930531,10.0,0.0,0.0,7.4952176855566846,0.12492029475927807
0.9300000000000007,0.2506924546369163,-0.0731146676768406,1.6610150961217514,0.24089753526951235,-0.0730729833318539,1.6609761099930531,0.24089753526951235,-0.0730729833318539,1.6609761099930531,10.0,0.0,0.0,7.495297581830091,0.12492162636383485
0.9310000000000007,0.2506898000773415,-0.07311035811316703,1.661010175237653,0.24089753526951235,-0.0730729833318539,1.6609761099930531,0.24089753526951235,-0.0730729833318539,1.6609761099930531,10.0,0.0,0.0,7.495378768120853,0.12492297946868088
0.9320000000000007,0.2506872173510273,-0.07310609706879481,1.6610053109610554,0.24089753526951235,-0.0730729833318539,1.6609761099930531,0.24089753526951235,-0.0730729833318539,1.6609761099930531,10.0,0.0,0.0,7.4954612110607215,0.1249243535176787
0.9330000000000007,0.2506847059970891,-0.0731018846910814,1.6610005034447664,0.24089753526951235,-0.0730729833318539,1.6609761099930531,0.24089753526951235,-0.0730729833318539,1.6609761099930531,10.0,0.0,0.0,7.495544877542133,0.12492574795903555
0.9340000000000007,0.2506822655476828,-0.07309772111671049,1.6609957528293497,0.24089753526951235,-0.0730729833318539,1.6609761099930531,0.24089753526951235,-0.0730729833318539,1.6609761099930531,10.0,0.0,0.0,7.495629734718909,0.12492716224531515
0.9350000000000007,0.2506798955281796,-0.07309360647180117,1.6609910592432542,0.24089753526951235,-0.0730729833318539,1.6609761099930531,0.24089753526951235,-0.0730729833318539,1.6609761099930531,10.0,0.0,0.0,7.495715750006525,0.12492859583344208
0.9360000000000007,0.2506775954573401,-0.07308954087202027,1.6609864228029472,0.24089753526951235,-0.0730729833318539,1.6609761099930531,0.24089753526951235,-0.0730729833318539,1.6609761099930531,10.0,0.0,0.0,7.495802891083122,0.1249300481847187
0.9370000000000007,0.2506753648474857,-0.07308552442269226,1.6609818436130437,0.24089753526951235,-0.0730729833318539,1.6609761099930531,0.24089753526951235,-0.0730729833318539,1.6609761099930531,10.0,0.0,0.0,7.495891125890866,0.12493151876484777
0.9380000000000007,0.25067320320467046,-0.073081557218912,1.6609773217664427,0.24089753526951235,-0.0730729833318539,1.6609761099930531,0.24089753526951235,-0.0730729833318539,1.6609761099930531,10.0,0.0,0.0,7.495980422636,0.12493300704393334
0.9390000000000007,0.25067111002885145,-0.07307763934565706,1.6609728573444578,0.24089753526951235,-0.0730729833318539,1.6609761099930531,0.24089753526951235,-0.0730729833318539,1.6609761099930531,10.0,0.0,0.0,7.496070749789985,0.12493451249649976
0.9400000000000007,0.25066908481405764,-0.07307377087790035,1.6609684504169486,0.24089753526951235,-0.0730729833318539,1.6609761099930531,0.24089753526951235,-0.0730729833318539,1.6609761099930531,10.0,0.0,0.0,7.496162076090269,0.12493603460150449
0.9410000000000007,0.25066712704855665,-0.07306995188072309,1.6609641010424583,0.24089753526951235,-0.0730729833318539,1.6609761099930531,0.24089753526951235,-0.0730729833318539,1.6609761099930531,10.0,0.0,0.0,7.496254370541021,0.12493757284235035
0.9420000000000007,0.2506652362150229,-0.07306618240942937,1.6609598092683462,0.24089753526951235,-0.0730729833318539,1.6609761099930531,0.24089753526951235,-0.0730729833318539,1.6609761099930531,10.0,0.0,0.0,7.496347602413702,0.12493912670689504
0.9430000000000007,0.2506634117907027,-0.07306246250965945,1.6609555751309226,0.24089753526951235,-0.0730729833318539,1.6609761099930531,0.24089753526951235,-0.0730729833318539,1.6609761099930531,10.0,0.0,0.0,7.49644174124742,0.124940695687457
0.9440000000000007,0.2506616532475786,-0.07305879221750453,1.6609513986555822,0.24089753526951235,-0.0730729833318539,1.6609761099930531,0.24089753526951235,-0.0730729833318539,1.6609761099930531,10.0,0.0,0.0,7.496536756850421,0.12494227928084035
0.9450000000000007,0.250659960052531,-0.07305517155962085,1.6609472798569405,0.24089753526951235,-0.0730729833318539,1.6609761099930531,0.24089753526951235,-0.0730729833318539,1.6609761099930531,10.0,0.0,0.0,7.496632619300552,0.12494387698834254
0.9460000000000007,0.25065833166750284,-0.07305160055334617,1.6609432187389706,0.24089753526951235,-0.0730729833318539,1.6609761099930531,0.24089753526951235,-0.0730729833318539,1.6609761099930531,10.0,0.0,0.0,7.49672929894504,0.12494548831575066
0.9470000000000007,0.2506567675496574,-0.07304807920681293,1.660939215295135,0.24089753526951235,-0.0730729833318539,1.6609761099930531,0.24089753526951235,-0.0730729833318539,1.6609761099930531,10.0,0.0,0.0,7.496826766401912,0.1249471127733652
0.9480000000000007,0.2506552671515389,-0.07304460751906566,1.6609352695085247,0.24089753526951235,-0.0730729833318539,1.6609761099930531,0.24089753526951235,-0.0730729833318539,1.6609761099930531,10.0,0.0,0.0,7.496924992560496,0.12494874987600826
0.9490000000000007,0.25065382992123175,-0.0730411854801764,1.6609313813519941,0.24089753526951235,-0.0730729833318539,1.6609761099930531,0.24089753526951235,-0.0730729833318539,1.6609761099930531,10.0,0.0,0.0,7.497023948581534,0.12495039914302557
0.9500000000000007,0.25065245530251523,-0.07303781307135905,1.660927550788297,0.24089753526951235,-0.0730729833318539,1.6609761099930531,0.24089753526951235,-0.0730729833318539,1.6609761099930531,10.0,0.0,0.0,7.497123605898418,0.12495206009830696
0.9510000000000007,0.2506511427350209,-0.07303449026508756,1.6609237777702226,0.24089753526951235,-0.0730729833318539,1.6609761099930531,0.24089753526951235,-0.0730729833318539,1.6609761099930531,10.0,0.0,0.0,7.497223936216949,0.12495373227028249
0.9520000000000007,0.25064989165438595,-0.07303121702521162,1.660920062240733,0.24089753526951235,-0.0730729833318539,1.6609761099930531,0.24089753526951235,-0.0730729833318539,1.6609761099930531,10.0,0.0,0.0,7.497324911516435,0.12495541519194057
0.9530000000000007,0.25064870149240664,-0.07302799330707174,1.6609164041330986,0.24089753526951235,-0.0730729833318539,1.6609761099930531,0.24089753526951235,-0.0730729833318539,1.6609761099930531,10.0,0.0,0.0,7.497426504049502,0.12495710840082502
0.9540000000000007,0.25064757167718993,-0.07302481905761744,1.660912803371034,0.24089753526951235,-0.0730729833318539,1.6609761099930531,0.24089753526951235,-0.0730729833318539,1.6609761099930531,10.0,0.0,0.0,7.497528686343352,0.12495881143905586
0.9550000000000007,0.2506465016333038,-0.07302169421552296,1.6609092598688358,0.24089753526951235,-0.0730729833318539,1.6609761099930531,0.24089753526951235,-0.0730729833318539,1.6609761099930531,10.0,0.0,0.0,7.4976314311993635,0.12496052385332272
0.9560000000000007,0.2506454907819272,-0.07301861871130351,1.6609057735315185,0.24089753526951235,-0.0730729833318539,1.6609761099930531,0.24089753526951235,-0.0730729833318539,1.6609761099930531,10.0,0.0,0.0,7.497734711694029,0.12496224519490048
0.9570000000000007,0.25064453854099644,-0.07301559246743285,1.6609023442549506,0.24089753526951235,-0.0730729833318539,1.6609761099930531,0.24089753526951235,-0.0730729833318539,1.6609761099930531,10.0,0.0,0.0,7.4978385011794515,0.12496397501965753
0.9580000000000007,0.250643644325353,-0.07301261539845931,1.6608989719259901,0.24089753526951235,-0.0730729833318539,1.6609761099930531,0.24089753526951235,-0.0730729833318539,1.6609761099930531,10.0,0.0,0.0,7.497942773282704,0.12496571288804506
0.9590000000000007,0.2506428075468878,-0.07300968741112183,1.6608956564226234,0.24089753526951235,-0.0730729833318539,1.6609761099930531,0.24089753526951235,-0.0730729833318539,1.6609761099930531,10.0,0.0,0.0,7.4980475019076405,0.12496745836512733
0.9600000000000007,0.2506420276146858,-0.07300680840446783,1.6608923976140988,0.24089753526951235,-0.0730729833318539,1.6609761099930531,0.24089753526951235,-0.0730729833318539,1.6609761099930531,10.0,0.0,0.0,7.498152661233551,0.12496921102055918
0.9610000000000007,0.25064130393516765,-0.07300397826996867,1.660889195361062,0.24089753526951235,-0.0730729833318539,1.6609761099930531,0.24089753526951235,-0.0730729833318539,1.6609761099930531,10.0,0.0,0.0,7.498258225716693,0.12497097042861155
0.9620000000000007,0.25064063591223135,-0.07300119689163628,1.660886049515696,0.24089753526951235,-0.0730729833318539,1.6609761099930531,0.24089753526951235,-0.0730729833318539,1.6609761099930531,10.0,0.0,0.0,7.498364170090362,0.1249727361681727
0.9630000000000007,0.2506400229473919,-0.07299846414613978,1.6608829599218506,0.24089753526951235,-0.0730729833318539,1.6609761099930531,0.24089753526951235,-0.0730729833318539,1.6609761099930531,10.0,0.0,0.0,7.49847046936387,0.12497450782273116
0.9640000000000007,0.2506394644399194,-0.07299577990292064,1.6608799264151843,0.24089753526951235,-0.0730729833318539,1.6609761099930531,0.24089753526951235,-0.0730729833318539,1.6609761099930531,10.0,0.0,0.0,7.49857709882477,0.12497628498041283
0.9650000000000007,0.25063895978697665,-0.07299314402431081,1.6608769488232948,0.24089753526951235,-0.0730729833318539,1.6609761099930531,0.24089753526951235,-0.0730729833318539,1.6609761099930531,10.0,0.0,0.0,7.498684034037118,0.12497806723395197
0.9660000000000007,0.2506385083837539,-0.07299055636564579,1.660874026965854,0.24089753526951235,-0.0730729833318539,1.6609761099930531,0.24089753526951235,-0.0730729833318539,1.6609761099930531,10.0,0.0,0.0,7.498791250842663,0.12497985418071104
0.9670000000000007,0.25063810962360406,-0.0729880167753824,1.6608711606547453,0.24089753526951235,-0.0730729833318539,1.6609761099930531,0.24089753526951235,-0.0730729833318539,1.6609761099930531,10.0,0.0,0.0,7.498898725360883,0.12498164542268138
0.9680000000000007,0.2506377628981746,-0.07298552509521311,1.6608683496941972,0.24089753526951235,-0.0730729833318539,1.6609761099930531,0.24089753526951235,-0.0730729833318539,1.6609761099930531,10.0,0.0,0.0,7.499006433988573,0.12498344056647621
0.9690000000000007,0.25063746759754024,-0.07298308116018211,1.6608655938809145,0.24089753526951235,-0.0730729833318539,1.6609761099930531,0.24089753526951235,-0.0730729833318539,1.6609761099930531,10.0,0.0,0.0,7.499114353400142,0.1249852392233357
0.9700000000000008,0.250637223110331,-0.07298068479879949,1.6608628930042153,0.24089753526951235,-0.0730729833318539,1.6609761099930531,0.24089753526951235,-0.0730729833318539,1.6609761099930531,10.0,0.0,0.0,7.499222460548079,0.12498704100913466
0.9710000000000008,0.25063702882386274,-0.07297833583315586,1.6608602468461626,0.24089753526951235,-0.0730729833318539,1.6609761099930531,0.24089753526951235,-0.0730729833318539,1.6609761099930531,10.0,0.0,0.0,7.499330732662259,0.124988845544371
0.9720000000000008,0.2506368841242638,-0.0729760340790381,1.6608576551816985,0.24089753526951235,-0.0730729833318539,1.6609761099930531,0.24089753526951235,-0.0730729833318539,1.6609761099930531,10.0,0.0,0.0,7.499439147250037,0.12499065245416728
0.9730000000000008,0.2506367883966013,-0.07297377934604223,1.660855117778775,0.24089753526951235,-0.0730729833318539,1.6609761099930531,0.24089753526951235,-0.0730729833318539,1.6609761099930531,10.0,0.0,0.0,7.499547682096551,0.12499246136827585
0.9740000000000008,0.25063674102500394,-0.07297157143768704,1.6608526343984862,0.24089753526951235,-0.0730729833318539,1.6609761099930531,0.24089753526951235,-0.0730729833318539,1.6609761099930531,10.0,0.0,0.0,7.499656315264421,0.12499427192107368
0.9750000000000008,0.25063674139278613,-0.07296941015152883,1.6608502047952014,0.24089753526951235,-0.0730729833318539,1.6609761099930531,0.24089753526951235,-0.0730729833318539,1.6609761099930531,10.0,0.0,0.0,7.499765025093719,0.12499608375156199
0.9760000000000008,0.25063678888256996,-0.07296729527927277,1.6608478287166952,0.24089753526951235,-0.0730729833318539,1.6609761099930531,0.24089753526951235,-0.0730729833318539,1.6609761099930531,10.0,0.0,0.0,7.4998737902013355,0.12499789650335559
0.9770000000000008,0.2506368828764052,-0.07296522660688746,1.6608455059042786,0.24089753526951235,-0.0730729833318539,1.6609761099930531,0.24089753526951235,-0.0730729833318539,1.6609761099930531,10.0,0.0,0.0,7.499982589481511,0.12499970982469184
0.9780000000000008,0.25063702275588673,-0.07296320391471607,1.6608432360929282,0.24089753526951235,-0.0730729833318539,1.6609761099930531,0.24089753526951235,-0.0730729833318539,1.6609761099930531,10.0,0.0,0.0,7.500091402105335,0.12500152336842224
0.9790000000000008,0.25063720790227345,-0.07296122697758867,1.6608410190114176,0.24089753526951235,-0.0730729833318539,1.6609761099930531,0.24089753526951235,-0.0730729833318539,1.6609761099930531,10.0,0.0,0.0,7.500200207520544,0.12500333679200906
0.9800000000000008,0.25063743769660274,-0.07295929556493366,1.6608388543824444,0.24089753526951235,-0.0730729833318539,1.6609761099930531,0.24089753526951235,-0.0730729833318539,1.6609761099930531,10.0,0.0,0.0,7.500308985450922,0.12500514975751537
0.9810000000000008,0.25063771151980657,-0.07295740944088915,1.6608367419227608,0.24089753526951235,-0.0730729833318539,1.6609761099930531,0.24089753526951235,-0.0730729833318539,1.6609761099930531,10.0,0.0,0.0,7.5004177158963365,0.1250069619316056
0.9820000000000008,0.2506380287528226,-0.07295556836441337,1.6608346813433004,0.24089753526951235,-0.0730729833318539,1.6609761099930531,0.24089753526951235,-0.0730729833318539,1.6609761099930531,10.0,0.0,0.0,7.500526379132758,0.12500877298554597
0.9830000000000008,0.250638388776707,-0.07295377208939463,1.660832672349306,0.24089753526951235,-0.0730729833318539,1.6609761099930531,0.24089753526951235,-0.0730729833318539,1.6609761099930531,10.0,0.0,0.0,7.500634955711101,0.12501058259518502
0.9840000000000008,0.25063879097274366,-0.07295202036476144,1.6608307146404566,0.24089753526951235,-0.0730729833318539,1.6609761099930531,0.24089753526951235,-0.0730729833318539,1.6609761099930531,10.0,0.0,0.0,7.500743426457422,0.12501239044095705
0.9850000000000008,0.25063923472255417,-0.07295031293459159,1.6608288079109923,0.24089753526951235,-0.0730729833318539,1.6609761099930531,0.24089753526951235,-0.0730729833318539,1.6609761099930531,10.0,0.0,0.0,7.500851772472465,0.1250141962078744
0.9860000000000008,0.2506397194082039,-0.07294864953822018,1.6608269518498429,0.24089753526951235,-0.0730729833318539,1.6609761099930531,0.24089753526951235,-0.0730729833318539,1.6609761099930531,10.0,0.0,0.0,7.5009599751311296,0.12501599958551882
0.9870000000000008,0.2506402444123071,-0.07294702991034945,1.6608251461407482,0.24089753526951235,-0.0730729833318539,1.6609761099930531,0.24089753526951235,-0.0730729833318539,1.6609761099930531,10.0,0.0,0.0,7.501068016081858,0.12501780026803097
0.9880000000000008,0.2506408091181338,-0.07294545378115462,1.660823390462388,0.24089753526951235,-0.0730729833318539,1.6609761099930531,0.24089753526951235,-0.0730729833318539,1.6609761099930531,10.0,0.0,0.0,7.501175877246445,0.12501959795410741
0.9890000000000008,0.2506414129097101,-0.07294392087639187,1.6608216844885006,0.24089753526951235,-0.0730729833318539,1.6609761099930531,0.24089753526951235,-0.0730729833318539,1.6609761099930531,10.0,0.0,0.0,7.50128354081932,0.12502139234698867
0.9900000000000008,0.25064205517192095,-0.07294243091750476,1.660820027888008,0.24089753526951235,-0.0730729833318539,1.6609761099930531,0.24089753526951235,-0.0730729833318539,1.6609761099930531,10.0,0.0,0.0,7.501390989266991,0.12502318315444985
0.9910000000000008,0.25064273529060943,-0.07294098362173017,1.6608184203251384,0.24089753526951235,-0.0730729833318539,1.6609761099930531,0.24089753526951235,-0.0730729833318539,1.6609761099930531,10.0,0.0,0.0,7.50149820532766,0.12502497008879435
0.9920000000000008,0.2506434526526765,-0.07293957870220372,1.660816861459547,0.24089753526951235,-0.0730729833318539,1.6609761099930531,0.24089753526951235,-0.0730729833318539,1.6609761099930531,10.0,0.0,0.0,7.501605172010423,0.1250267528668404
0.9930000000000008,0.25064420664617704,-0.07293821586806425,1.6608153509464365,0.24089753526951235,-0.0730729833318539,1.6609761099930531,0.24089753526951235,-0.0730729833318539,1.6609761099930531,10.0,0.0,0.0,7.501711872594675,0.12502853120991125
0.9940000000000008,0.25064499666041506,-0.07293689482455827,1.660813888436679,0.24089753526951235,-0.0730729833318539,1.6609761099930531,0.24089753526951235,-0.0730729833318539,1.6609761099930531,10.0,0.0,0.0,7.501818290629543,0.1250303048438257
0.9950000000000008,0.2506458220860396,-0.0729356152731433,1.6608124735769307,0.24089753526951235,-0.0730729833318539,1.6609761099930531,0.24089753526951235,-0.0730729833318539,1.6609761099930531,10.0,0.0,0.0,7.501924409932739,0.125032073498879
0.9960000000000008,0.2506466823151371,-0.07293437691159102,1.660811106009757,0.24089753526951235,-0.0730729833318539,1.6609761099930531,0.24089753526951235,-0.0730729833318539,1.6609761099930531,10.0,0.0,0.0,7.502030214590848,0.12503383690984746
0.9970000000000008,0.25064757674132093,-0.07293317943408907,1.6608097853737438,0.24089753526951235,-0.0730729833318539,1.6609761099930531,0.24089753526951235,-0.0730729833318539,1.6609761099930531,10.0,0.0,0.0,7.502135688957653,0.12503559481596088
0.9980000000000008,0.2506485047598247,-0.07293202253134383,1.6608085113036202,0.24089753526951235,-0.0730729833318539,1.6609761099930531,0.24089753526951235,-0.0730729833318539,1.6609761099930531,10.0,0.0,0.0,7.502240817653567,0.12503734696089278
0.9990000000000008,0.25064946576758684,-0.07293090589067935,1.6608072834303687,0.24089753526951235,-0.0730729833318539,1.6609761099930531,0.24089753526951235,-0.0730729833318539,1.6609761099930531,10.0,0.0,0.0,7.502345585564985,0.12503909309274974
1.0000000000000007,0.2506504591633414,-0.07292982919613925,1.6608061013813462,0.24089753526951235,-0.0730729833318539,1.6609761099930531,0.24089753526951235,-0.0730729833318539,1.6609761099930531,10.0,0.0,0.0,7.502449977843405,0.12504083296405674
1.0010000000000006,0.2506514843477007,-0.0729287921285855,1.6608049647803926,0.24089753526951235,-0.0730729833318539,1.6609761099930531,0.24089753526951235,-0.0730729833318539,1.6609761099930531,0.0,0.0,0.0,7.502553979904524,0.12504256633174207
1.0020000000000004,0.25064523272728967,-0.07293140054404038,1.660808364696772,0.24089753526951235,-0.0730729833318539,1.6609761099930531,0.24089753526951235,-0.0730729833318539,1.6609761099930531,0.0,0.0,0.0,7.327306600076415,0.12212177666794026
1.0030000000000003,0.25063212185159267,-0.07293736256946719,1.660815943825172,0.24089753526951235,-0.0730729833318539,1.6609761099930531,0.24089753526951235,-0.0730729833318539,1.6609761099930531,0.0,0.0,0.0,7.160862400162084,0.11934770666936806
1.0040000000000002,0.2506125478214932,-0.07294640383903932,1.660827365319244,0.24089753526951235,-0.0730729833318539,1.6609761099930531,0.24089753526951235,-0.0730729833318539,1.6609761099930531,0.0,0.0,0.0,7.002764937359912,0.11671274895599854
1.0050000000000001,0.2505868868671224,-0.07295826608342673,1.6608423119594247,0.24089753526951235,-0.0730729833318539,1.6609761099930531,0.24089753526951235,-0.0730729833318539,1.6609761099930531,0.0,0.0,0.0,6.852585032039673,0.11420975053399454
1.006,0.2505554964712311,-0.07297270616650772,1.6608604850884314,0.24089753526951235,-0.0730729833318539,1.6609761099930531,0.24089753526951235,-0.0730729833318539,1.6609761099930531,0.0,0.0,0.0,6.709917934975688,0.11183196558292813
1.007,0.2505187163573736,-0.07298949522737941,1.6608816035671095,0.24089753526951235,-0.0730729833318539,1.6609761099930531,0.24089753526951235,-0.0730729833318539,1.6609761099930531,0.0,0.0,0.0,6.574381387057789,0.10957302311762981
1.0079999999999998,0.2504768693962913,-0.07300841788069573,1.6609054027568673,0.24089753526951235,-0.0730729833318539,1.6609761099930531,0.24089753526951235,-0.0730729833318539,1.6609761099930531,0.0,0.0,0.0,6.445614505230877,0.10742690842051461
1.0089999999999997,0.2504302624484823,-0.07302927146609975,1.6609316335371822,0.24089753526951235,-0.0730729833318539,1.6609761099930531,0.24089753526951235,-0.0730729833318539,1.6609761099930531,0.0,0.0,0.0,6.32327678579568,0.105387946429928
1.0099999999999996,0.2503791871521498,-0.07305186534299897,1.6609600613653264,0.24089753526951235,-0.0730729833318539,1.6609761099930531,0.24089753526951235,-0.0730729833318539,1.6609761099930531,0.0,0.0,0.0,6.207047087501392,0.10345078479168987
1.0109999999999995,0.2503239206631469,-0.07307602022780021,1.6609904653838963,0.24089753526951235,-0.0730729833318539,1.6609761099930531,0.24089753526951235,-0.0730729833318539,1.6609761099930531,0.0,0.0,0.0,6.096622577950836,0.1016103762991806
1.0119999999999993,0.2502647263523943,-0.07310156757092692,1.66102263758016,0.24089753526951235,-0.0730729833318539,1.6609761099930531,0.24089753526951235,-0.0730729833318539,1.6609761099930531,0.0,0.0,0.0,5.991717655080669,0.09986196091801115
1.0129999999999992,0.2502018544654978,-0.07312834897104281,1.6610563819997246,0.24089753526951235,-0.0730729833318539,1.6609761099930531,0.24089753526951235,-0.0730729833318539,1.6609761099930531,0.0,0.0,0.0,5.892062861297304,0.0982010476882884
1.0139999999999991,0.25013554274862504,-0.07315621562403735,1.6610915140156073,0.24089753526951235,-0.0730729833318539,1.6609761099930531,0.24089753526951235,-0.0730729833318539,1.6609761099930531,0.0,0.0,0.0,5.797403807855949,0.09662339679759915
1.014999999999999,0.2500660170440985,-0.07318502780441995,1.6611278596525278,0.24089753526951235,-0.0730729833318539,1.6609761099930531,0.24089753526951235,-0.0730729833318539,1.6609761099930531,0.0,0.0,0.0,5.707500125365069,0.09512500208941782
1.015999999999999,0.24999349185859415,-0.07321465437690067,1.6611652549651488,0.24089753526951235,-0.0730729833318539,1.6609761099930531,0.24089753526951235,-0.0730729833318539,1.6609761099930531,0.0,0.0,0.0,5.622124454016909,0.09370207423361515
1.0169999999999988,0.249918170906332,-0.07324497233605136,1.661203545468053,0.24089753526951235,-0.0730729833318539,1.6609761099930531,0.24089753526951235,-0.0730729833318539,1.6609761099930531,0.0,0.0,0.0,5.541061484639074,0.09235102474398456
1.0179999999999987,0.24984024762917673,-0.07327586637207086,1.6612425856145128,0.24089753526951235,-0.0730729833318539,1.6609761099930531,0.24089753526951235,-0.0730729833318539,1.6609761099930531,0.0,0.0,0.0,5.464107059119978,0.09106845098533296
1.0189999999999986,0.24975990569517525,-0.07330722846079511,1.6612822383205412,0.24089753526951235,-0.0730729833318539,1.6609761099930531,0.24089753526951235,-0.0730729833318539,1.6609761099930531,0.0,0.0,0.0,5.391067336258637,0.08985112227097729
1.0199999999999985,0.24967731947671346,-0.07333895747623662,1.6613223745303283,0.24089753526951235,-0.0730729833318539,1.6609761099930531,0.24089753526951235,-0.0730729833318539,1.6609761099930531,0.0,0.0,0.0,5.3217580267361795,0.08869596711226965
1.0209999999999984,0.24959265450918633,-0.07337095882404657,1.6613628728189314,0.24089753526951235,-0.0730729833318539,1.6609761099930531,0.24089753526951235,-0.0730729833318539,1.6609761099930531,0.0,0.0,0.0,5.256003698734916,0.08760006164558193
1.0219999999999982,0.24950606793086372,-0.07340314409443346,1.6614036190280244,0.24089753526951235,-0.0730729833318539,1.6609761099930531,0.24089753526951235,-0.0730729833318539,1.6609761099930531,0.0,0.0,0.0,5.193637153797713,0.08656061922996189
1.0229999999999981,0.24941770890444237,-0.07343543073318475,1.6614445059305452,0.24089753526951235,-0.0730729833318539,1.6609761099930531,0.24089753526951235,-0.0730729833318539,1.6609761099930531,0.0,0.0,0.0,5.134498870860194,0.08557498118100323
1.023999999999998,0.24932771902066564,-0.07346774172955867,1.6614854329202415,0.24089753526951235,-0.0730729833318539,1.6609761099930531,0.24089753526951235,-0.0730729833318539,1.6609761099930531,0.0,0.0,0.0,5.0784365150009165,0.08464060858334861
1.024999999999998,0.24923623268429995,-0.07350000531992648,1.6615263057223701,0.24089753526951235,-0.0730729833318539,1.6609761099930531,0.24089753526951235,-0.0730729833318539,1.6609761099930531,0.0,0.0,0.0,5.025304506364466,0.08375507510607444
1.0259999999999978,0.24914337748271492,-0.07353215470615312,1.6615670361221082,0.24089753526951235,-0.0730729833318539,1.6609761099930531,0.24089753526951235,-0.0730729833318539,1.6609761099930531,0.0,0.0,0.0,4.974963643897489,0.08291606073162482
1.0269999999999977,0.24904927453730477,-0.07356412778779908,1.6616075417076086,0.24089753526951235,-0.0730729833318539,1.6609761099930531,0.24089753526951235,-0.0730729833318539,1.6609761099930531,0.0,0.0,0.0,4.927280778004505,0.08212134630007509
1.0279999999999976,0.24895403883798983,-0.07359586690732664,1.661647745625026,0.24089753526951235,-0.0730729833318539,1.6609761099930531,0.24089753526951235,-0.0730729833318539,1.6609761099930531,0.0,0.0,0.0,4.88212852593361,0.08136880876556017
1.0289999999999975,0.24885777956107974,-0.07362731860757434,1.6616875763432397,0.24089753526951235,-0.0730729833318539,1.6609761099930531,0.24089753526951235,-0.0730729833318539,1.6609761099930531,0.0,0.0,0.0,4.839385023641714,0.08065641706069523
1.0299999999999974,0.2487606003708154,-0.07365843340083979,1.661726967426422,0.24089753526951235,-0.0730729833318539,1.6609761099930531,0.24089753526951235,-0.0730729833318539,1.6609761099930531,0.0,0.0,0.0,4.798933708022649,0.07998222846704416
1.0309999999999973,0.24866259970496296,-0.07368916554898741,1.6617658573129848,0.24089753526951235,-0.0730729833318539,1.6609761099930531,0.24089753526951235,-0.0730729833318539,1.6609761099930531,0.0,0.0,0.0,4.76066312367064,0.07934438539451066
1.0319999999999971,0.24856387104489114,-0.07371947285405346,1.6618041890998023,0.24089753526951235,-0.0730729833318539,1.6609761099930531,0.24089753526951235,-0.0730729833318539,1.6609761099930531,0.0,0.0,0.0,4.724466748786896,0.0787411124797816
1.032999999999997,0.2484645031706223,-0.07374931645887539,1.6618419103309698,0.24089753526951235,-0.0730729833318539,1.6609761099930531,0.24089753526951235,-0.0730729833318539,1.6609761099930531,0.0,0.0,0.0,4.690242835362052,0.07817071392270086
1.033999999999997,0.24836458040139517,-0.07377866065732656,1.6618789727906125,0.24089753526951235,-0.0730729833318539,1.6609761099930531,0.24089753526951235,-0.0730729833318539,1.6609761099930531,0.0,0.0,0.0,4.657894259362393,0.0776315709893732
1.0349999999999968,0.24826418282233842,-0.07380747271376806,1.6619153322995723,0.24089753526951235,-0.0730729833318539,1.6609761099930531,0.24089753526951235,-0.0730729833318539,1.6609761099930531,0.0,0.0,0.0,4.627328377292979,0.07712213962154965
1.0359999999999967,0.24816338649788278,-0.0738357226913683,1.6619509485159554,0.24089753526951235,-0.0730729833318539,1.6609761099930531,0.24089753526951235,-0.0730729833318539,1.6609761099930531,0.0,0.0,0.0,4.598456886148802,0.07664094810248004
1.0369999999999966,0.24806226367258416,-0.07386338328896704,1.6619857847397372,0.24089753526951235,-0.0730729833318539,1.6609761099930531,0.24089753526951235,-0.0730729833318539,1.6609761099930531,0.0,0.0,0.0,4.571195684423034,0.0761865947403839
1.0379999999999965,0.24796088296004284,-0.07389042968618456,1.662019807721711,0.24089753526951235,-0.0730729833318539,1.6609761099930531,0.24089753526951235,-0.0730729833318539,1.6609761099930531,0.0,0.0,0.0,4.545464732443412,0.07575774554072352
1.0389999999999964,0.24785930952062593,-0.07391683939648652,1.6620529874771852,0.24089753526951235,-0.0730729833318539,1.6609761099930531,0.24089753526951235,-0.0730729833318539,1.6609761099930531,0.0,0.0,0.0,4.521187910884757,0.07535313184807929
1.0399999999999963,0.24775760522869705,-0.07394259212793346,1.662085297104838,0.24089753526951235,-0.0730729833318539,1.6609761099930531,0.24089753526951235,-0.0730729833318539,1.6609761099930531,0.0,0.0,0.0,4.498292876815127,0.07497154794691879
1.0409999999999962,0.24765582883005205,-0.07396766965135299,1.6621167126111982,0.24089753526951235,-0.0730729833318539,1.6609761099930531,0.24089753526951235,-0.0730729833318539,1.6609761099930531,0.0,0.0,0.0,4.476710917087693,0.07461184861812821
1.041999999999996,0.24755403609025198,-0.07399205567567221,1.6621472127411703,0.24089753526951235,-0.0730729833318539,1.6609761099930531,0.24089753526951235,-0.0730729833318539,1.6609761099930531,0.0,0.0,0.0,4.456376799262373,0.07427294665437288
1.042999999999996,0.2474522799345058,-0.07401573573015324,1.6621767788150086,0.24089753526951235,-0.0730729833318539,1.6609761099930531,0.24089753526951235,-0.0730729833318539,1.6609761099930531,0.0,0.0,0.0,4.437228620554476,0.0739538103425746
1.0439999999999958,0.2473506105797485,-0.07403869705327891,1.662205394572065,0.24089753526951235,-0.0730729833318539,1.6609761099930531,0.24089753526951235,-0.0730729833318539,1.6609761099930531,0.0,0.0,0.0,4.419207655538979,0.07365346092564964
1.0449999999999957,0.2472490756595046,-0.0740609284880299,1.6622330460216004,0.24089753526951235,-0.0730729833318539,1.6609761099930531,0.24089753526951235,-0.0730729833318539,1.6609761099930531,0.0,0.0,0.0,4.402258203509968,0.07337097005849946
1.0459999999999956,0.2471477203420988,-0.0740824203832917,1.6622597213008299,0.24089753526951235,-0.0730729833318539,1.6609761099930531,0.24089753526951235,-0.0730729833318539,1.6609761099930531,0.0,0.0,0.0,4.386327436489152,0.0731054572748192
1.0469999999999955,0.24704658744274022,-0.07410316450113824,1.662285410540329,0.24089753526951235,-0.0730729833318539,1.6609761099930531,0.24089753526951235,-0.0730729833318539,1.6609761099930531,0.0,0.0,0.0,4.371365248930925,0.07285608748218207
1.0479999999999954,0.24694571752994973,-0.07412315392971963,1.6623101057368137,0.24089753526951235,-0.0730729833318539,1.6609761099930531,0.24089753526951235,-0.0730729833318539,1.6609761099930531,0.0,0.0,0.0,4.357324110157582,0.07262206850262637
1.0489999999999953,0.24684514902676527,-0.07414238300149467,1.6623338006332489,0.24089753526951235,-0.0730729833318539,1.6609761099930531,0.24089753526951235,-0.0730729833318539,1.6609761099930531,0.0,0.0,0.0,4.344158920511702,0.07240264867519502
1.0499999999999952,0.24674491830711953,-0.07416084721654077,1.662356490606148,0.24089753526951235,-0.0730729833318539,1.6609761099930531,0.24089753526951235,-0.0730729833318539,1.6609761099930531,0.0,0.0,0.0,4.331826872125777,0.07219711453542962
1.050999999999995,0.24664505978773382,-0.07417854317067342,1.6623781725598772,0.24089753526951235,-0.0730729833318539,1.6609761099930531,0.24089753526951235,-0.0730729833318539,1.6609761099930531,0.0,0.0,0.0,4.320287315102267,0.0720047885850378
1.051999999999995,0.24654560601584152,-0.07419546848810853,1.6623988448276847,0.24089753526951235,-0.0730729833318539,1.6609761099930531,0.24089753526951235,-0.0730729833318539,1.6609761099930531,0.0,0.0,0.0,4.30950162975662,0.07182502716261034
1.0529999999999948,0.24644658775301193,-0.07421162175840466,1.662418507079181,0.24089753526951235,-0.0730729833318539,1.6609761099930531,0.24089753526951235,-0.0730729833318539,1.6609761099930531,0.0,0.0,0.0,4.299433105448339,0.07165721842413898
1.0539999999999947,0.2463480340553163,-0.07422700247742381,1.6624371602338912,0.24089753526951235,-0.0730729833318539,1.6609761099930531,0.24089753526951235,-0.0730729833318539,1.6609761099930531,0.0,0.0,0.0,4.29004682636139,0.07150078043935651
1.0549999999999946,0.2462499723500382,-0.07424161099205383,1.6624548063805336,0.24089753526951235,-0.0730729833318539,1.6609761099930531,0.24089753526951235,-0.0730729833318539,1.6609761099930531,0.0,0.0,0.0,4.281309564466867,0.07135515940778112
1.0559999999999945,0.2461524285091211,-0.07425544844844179,1.6624714487016181,0.24089753526951235,-0.0730729833318539,1.6609761099930531,0.24089753526951235,-0.0730729833318539,1.6609761099930531,0.0,0.0,0.0,4.273189679741819,0.07121982799569698
1.0569999999999944,0.24605542691949997,-0.07426851674349517,1.6624870914029752,0.24089753526951235,-0.0730729833318539,1.6609761099930531,0.24089753526951235,-0.0730729833318539,1.6609761099930531,0.0,0.0,0.0,4.265657027609641,0.07109428379349401
1.0579999999999943,0.24595899055046339,-0.07428081847941875,1.662501739647805,0.24089753526951235,-0.0730729833318539,1.6609761099930531,0.24089753526951235,-0.0730729833318539,1.6609761099930531,0.0,0.0,0.0,4.2586828734298585,0.07097804789049764
1.0589999999999942,0.24586314101816692,-0.07429235692105596,1.6625153994948774,0.24089753526951235,-0.0730729833318539,1.6609761099930531,0.24089753526951235,-0.0730729833318539,1.6609761099930531,0.0,0.0,0.0,4.252239813785165,0.07087066356308608
1.059999999999994,0.24576789864740245,-0.07430313595582896,1.662528077840489,0.24089753526951235,-0.0730729833318539,1.6609761099930531,0.24089753526951235,-0.0730729833318539,1.6609761099930531,0.0,0.0,0.0,4.246301704210987,0.07077169507018312
1.060999999999994,0.24567328253072973,-0.07431316005606531,1.6625397823638428,0.24089753526951235,-0.0730729833318539,1.6609761099930531,0.24089753526951235,-0.0730729833318539,1.6609761099930531,0.0,0.0,0.0,4.240843592963564,0.07068072654939274
1.0619999999999938,0.24557931058505322,-0.07432243424352797,1.6625505214755114,0.24089753526951235,-0.0730729833318539,1.6609761099930531,0.24089753526951235,-0.0730729833318539,1.6609761099930531,0.0,0.0,0.0,4.235841660363807,0.07059736100606345
1.0629999999999937,0.24548599960573175,-0.07433096405596479,1.6625603042686894,0.24089753526951235,-0.0730729833318539,1.6609761099930531,0.24089753526951235,-0.0730729833318539,1.6609761099930531,0.0,0.0,0.0,4.231273163226737,0.07052121938711228
1.0639999999999936,0.24539336531830513,-0.07433875551551469,1.6625691404729712,0.24089753526951235,-0.0730729833318539,1.6609761099930531,0.24089753526951235,-0.0730729833318539,1.6609761099930531,0.0,0.0,0.0,4.2271163838757335,0.07045193973126222
1.0649999999999935,0.24530142242790887,-0.07434581509881732,1.6625770404104063,0.24089753526951235,-0.0730729833318539,1.6609761099930531,0.24089753526951235,-0.0730729833318539,1.6609761099930531,0.0,0.0,0.0,4.223350583231934,0.0703891763871989
1.0659999999999934,0.245210184666461,-0.07435214970868628,1.6625840149536406,0.24089753526951235,-0.0730729833318539,1.6609761099930531,0.24089753526951235,-0.0730729833318539,1.6609761099930531,0.0,0.0,0.0,4.219955957488847,0.07033259929148078
1.0669999999999933,0.2451196648376947,-0.0743577666472188,1.662590075485948,0.24089753526951235,-0.0730729833318539,1.6609761099930531,0.24089753526951235,-0.0730729833318539,1.6609761099930531,0.0,0.0,0.0,4.2169135979004215,0.07028189329834036
1.0679999999999932,0.24502987486011335,-0.07436267359022737,1.6625952338630259,0.24089753526951235,-0.0730729833318539,1.6609761099930531,0.24089753526951235,-0.0730729833318539,1.6609761099930531,0.0,0.0,0.0,4.214205453248699,0.07023675755414498
1.068999999999993,0.24494082580794665,-0.07436687856288964,1.6625995023764053,0.24089753526951235,-0.0730729833318539,1.6609761099930531,0.24089753526951235,-0.0730729833318539,1.6609761099930531,0.0,0.0,0.0,4.211814294583773,0.07019690490972955
1.069999999999993,0.24485252795018703,-0.07437038991652674,1.6626028937184039,0.24089753526951235,-0.0730729833318539,1.6609761099930531,0.24089753526951235,-0.0730729833318539,1.6609761099930531,0.0,0.0,0.0,4.2097236818870165,0.0701620613647836
1.0709999999999928,0.24476499078778208,-0.07437321630642608,1.6626054209485215,0.24089753526951235,-0.0730729833318539,1.6609761099930531,0.24089753526951235,-0.0730729833318539,1.6609761099930531,0.0,0.0,0.0,4.207917932340542,0.07013196553900904
1.0719999999999927,0.24467822308906517,-0.07437536667064137,1.662607097461226,0.24089753526951235,-0.0730729833318539,1.6609761099930531,0.24089753526951235,-0.0730729833318539,1.6609761099930531,0.0,0.0,0.0,4.206382089938308,0.07010636816563846
1.0729999999999926,0.2445922329235019,-0.07437685020970096,1.6626079369550812,0.24089753526951235,-0.0730729833318539,1.6609761099930531,0.24089753526951235,-0.0730729833318539,1.6609761099930531,0.0,0.0,0.0,4.205101896222925,0.07008503160371542
1.0739999999999925,0.24450702769383187,-0.07437767636717968,1.6626079534031812,0.24089753526951235,-0.0730729833318539,1.6609761099930531,0.24089753526951235,-0.0730729833318539,1.6609761099930531,0.0,0.0,0.0,4.204063761968427,0.07006772936614045
1.0749999999999924,0.24442261416668298,-0.07437785481107567,1.662607161024857,0.24089753526951235,-0.0730729833318539,1.6609761099930531,0.24089753526951235,-0.0730729833318539,1.6609761099930531,0.0,0.0,0.0,4.2032547396782824,0.0700542456613047
1.0759999999999923,0.24433899850173635,-0.07437739541596251,1.6626055742586476,0.24089753526951235,-0.0730729833318539,1.6609761099930531,0.24089753526951235,-0.0730729833318539,1.6609761099930531,0.0,0.0,0.0,4.202662496801143,0.07004437494668571
1.0769999999999922,0.2442561862795169,-0.07437630824587367,1.6626032077365107,0.24089753526951235,-0.0730729833318539,1.6609761099930531,0.24089753526951235,-0.0730729833318539,1.6609761099930531,0.0,0.0,0.0,4.202275289599466,0.07003792149332444
1.077999999999992,0.24417418252787662,-0.07437460353789205,1.6626000762592397,0.24089753526951235,-0.0730729833318539,1.6609761099930531,0.24089753526951235,-0.0730729833318539,1.6609761099930531,0.0,0.0,0.0,4.202081937636543,0.07003469896060906
1.078999999999992,0.2440929917472548,-0.0743722916864192,1.6625961947731165,0.24089753526951235,-0.0730729833318539,1.6609761099930531,0.24089753526951235,-0.0730729833318539,1.6609761099930531,0.0,0.0,0.0,4.202071798873782,0.0700345299812297
1.0799999999999919,0.24401261793476448,-0.0743693832280965,1.6625915783477303,0.24089753526951235,-0.0730729833318539,1.6609761099930531,0.24089753526951235,-0.0730729833318539,1.6609761099930531,0.0,0.0,0.0,4.202234745378447,0.07003724575630745
1.0809999999999917,0.24393306460718558,-0.0743658888273645,1.6625862421549829,0.24089753526951235,-0.0730729833318539,1.6609761099930531,0.24089753526951235,-0.0730729833318539,1.6609761099930531,0.0,0.0,0.0,4.202561139669111,0.07004268566115185
1.0819999999999916,0.24385433482291485,-0.0743618192626327,1.6625802014492326,0.24089753526951235,-0.0730729833318539,1.6609761099930531,0.24089753526951235,-0.0730729833318539,1.6609761099930531,0.0,0.0,0.0,4.203041811726634,0.07005069686211057
1.0829999999999915,0.24377643120293563,-0.074357185413052,1.6625734715485687,0.24089753526951235,-0.0730729833318539,1.6609761099930531,0.24089753526951235,-0.0730729833318539,1.6609761099930531,0.0,0.0,0.0,4.203668036706938,0.07006113394511564
1.0839999999999914,0.24369935595085992,-0.07435199824586554,1.6625660678171756,0.24089753526951235,-0.0730729833318539,1.6609761099930531,0.24089753526951235,-0.0730729833318539,1.6609761099930531,0.0,0.0,0.0,4.204431513395193,0.07007385855658654
1.0849999999999913,0.24362311087209054,-0.07434626880432588,1.6625580056487552,0.24089753526951235,-0.0730729833318539,1.6609761099930531,0.24089753526951235,-0.0730729833318539,1.6609761099930531,0.0,0.0,0.0,4.205324343435588,0.07008873905725979
1.0859999999999912,0.24354769739215604,-0.07434000819616479,1.6625493004509764,0.24089753526951235,-0.0730729833318539,1.6609761099930531,0.24089753526951235,-0.0730729833318539,1.6609761099930531,0.0,0.0,0.0,4.206339011373817,0.07010565018956362
1.086999999999991,0.2434731165742557,-0.07433322758259397,1.6625399676309078,0.24089753526951235,-0.0730729833318539,1.6609761099930531,0.24089753526951235,-0.0730729833318539,1.6609761099930531,0.0,0.0,0.0,4.207468365537222,0.0701244727589537
1.087999999999991,0.2433993691360571,-0.07432593816782845,1.6625300225813864,0.24089753526951235,-0.0730729833318539,1.6609761099930531,0.24089753526951235,-0.0730729833318539,1.6609761099930531,0.0,0.0,0.0,4.208705599774863,0.07014509332958105
1.0889999999999909,0.24332645546578546,-0.07431815118911234,1.6625194806682897,0.24089753526951235,-0.0730729833318539,1.6609761099930531,0.24089753526951235,-0.0730729833318539,1.6609761099930531,0.0,0.0,0.0,4.210044236071237,0.07016740393452062
1.0899999999999908,0.2432543756376338,-0.07430987790723106,1.6625083572186556,0.24089753526951235,-0.0730729833318539,1.6609761099930531,0.24089753526951235,-0.0730729833318539,1.6609761099930531,0.0,0.0,0.0,4.21147810803624,0.070191301800604
1.0909999999999906,0.2431831294265308,-0.07430112959749446,1.6624966675096085,0.24089753526951235,-0.0730729833318539,1.6609761099930531,0.24089753526951235,-0.0730729833318539,1.6609761099930531,0.0,0.0,0.0,4.213001345269209,0.07021668908782015
1.0919999999999905,0.2431127163222916,-0.0742919175411755,1.6624844267580428,0.24089753526951235,-0.0730729833318539,1.6609761099930531,0.24089753526951235,-0.0730729833318539,1.6609761099930531,0.0,0.0,0.0,4.214608358584686,0.07024347264307809
1.0929999999999904,0.2430431355431791,-0.07428225301738371,1.662471650111018,0.24089753526951235,-0.0730729833318539,1.6609761099930531,0.24089753526951235,-0.0730729833318539,1.6609761099930531,0.0,0.0,0.0,4.216293826078798,0.07027156376797997
1.0939999999999903,0.2429743860489018,-0.07427214729535707,1.6624583526368235,0.24089753526951235,-0.0730729833318539,1.6609761099930531,0.24089753526951235,-0.0730729833318539,1.6609761099930531,0.0,0.0,0.0,4.21805268001214,0.07030087800020234
1.0949999999999902,0.24290646655307013,-0.07426161162715857,1.662444549316662,0.24089753526951235,-0.0730729833318539,1.6609761099930531,0.24089753526951235,-0.0730729833318539,1.6609761099930531,0.0,0.0,0.0,4.219880094472701,0.07033133490787834
1.09599999999999,0.2428393755351332,-0.07425065724075357,1.6624302550369163,0.24089753526951235,-0.0730729833318539,1.6609761099930531,0.24089753526951235,-0.0730729833318539,1.6609761099930531,0.0,0.0,0.0,4.221771473785717,0.07036285789642861
1.09699999999999,0.2427731112518156,-0.0742392953334555,1.6624154845819576,0.24089753526951235,-0.0730729833318539,1.6609761099930531,0.24089753526951235,-0.0730729833318539,1.6609761099930531,0.0,0.0,0.0,4.223722441625984,0.07039537402709974
1.0979999999999899,0.24270767174807534,-0.07422753706571836,1.6624002526274604,0.24089753526951235,-0.0730729833318539,1.6609761099930531,0.24089753526951235,-0.0730729833318539,1.6609761099930531,0.0,0.0,0.0,4.22572883079007,0.07042881384650117
1.0989999999999898,0.24264305486759818,-0.0742153935552634,1.6623845737341776,0.24089753526951235,-0.0730729833318539,1.6609761099930531,0.24089753526951235,-0.0730729833318539,1.6609761099930531,0.0,0.0,0.0,4.227786673581579,0.07046311122635965
1.0999999999999897,0.24257925826284815,-0.07420287587151939,1.6623684623421622,0.24089753526951235,-0.0730729833318539,1.6609761099930531,0.24089753526951235,-0.0730729833318539,1.6609761099930531,0.0,0.0,0.0,4.229892192766728,0.0704982032127788
1.1009999999999895,0.24251627940469064,-0.074189995030362,1.6623519327653902,0.24089753526951235,-0.0730729833318539,1.6609761099930531,0.24089753526951235,-0.0730729833318539,1.6609761099930531,0.0,0.0,0.0,4.232041793050234,0.07053402988417057
1.1019999999999894,0.24245411559160082,-0.07417676198913636,1.6623349991867682,0.24089753526951235,-0.0730729833318539,1.6609761099930531,0.24089753526951235,-0.0730729833318539,1.6609761099930531,0.0,0.0,0.0,4.234232053031235,0.07057053421718724
1.1029999999999893,0.24239276395847914,-0.0741631876419474,1.66231767565349,0.24089753526951235,-0.0730729833318539,1.6609761099930531,0.24089753526951235,-0.0730729833318539,1.6609761099930531,0.0,0.0,0.0,4.236459717593336,0.07060766195988893
1.1039999999999892,0.2423322214850827,-0.07414928281520336,1.662299976072739,0.24089753526951235,-0.0730729833318539,1.6609761099930531,0.24089753526951235,-0.0730729833318539,1.6609761099930531,0.0,0.0,0.0,4.238721690692811,0.07064536151154685
1.104999999999989,0.2422724850040916,-0.07413505826340343,1.6622819142076923,0.24089753526951235,-0.0730729833318539,1.6609761099930531,0.24089753526951235,-0.0730729833318539,1.6609761099930531,0.0,0.0,0.0,4.241015028504684,0.0706835838084114
1.105999999999989,0.24221355120882093,-0.07412052466514586,1.6622635036738342,0.24089753526951235,-0.0730729833318539,1.6609761099930531,0.24089753526951235,-0.0730729833318539,1.6609761099930531,0.0,0.0,0.0,4.2433369328945245,0.07072228221490874
1.1069999999999889,0.24215541666059676,-0.07410569261935869,1.6622447579355404,0.24089753526951235,-0.0730729833318539,1.6609761099930531,0.24089753526951235,-0.0730729833318539,1.6609761099930531,0.0,0.0,0.0,4.245684745186017,0.07076141241976694
1.1079999999999888,0.242098077795805,-0.07409057264173091,1.662225690302937,0.24089753526951235,-0.0730729833318539,1.6609761099930531,0.24089753526951235,-0.0730729833318539,1.6609761099930531,0.0,0.0,0.0,4.248055940197567,0.07080093233662611
1.1089999999999887,0.24204153093262948,-0.07407517516133896,1.6622063139290146,0.24089753526951235,-0.0730729833318539,1.6609761099930531,0.24089753526951235,-0.0730729833318539,1.6609761099930531,0.0,0.0,0.0,4.25044812052442,0.07084080200874034
1.1099999999999886,0.24198577227749013,-0.07405951051745792,1.6621866418069802,0.24089753526951235,-0.0730729833318539,1.6609761099930531,0.24089753526951235,-0.0730729833318539,1.6609761099930531,0.0,0.0,0.0,4.252859011045652,0.07088098351742754
1.1109999999999884,0.2419307979311971,-0.07404358895654842,1.6621666867678466,0.24089753526951235,-0.0730729833318539,1.6609761099930531,0.24089753526951235,-0.0730729833318539,1.6609761099930531,0.0,0.0,0.0,4.255286453641457,0.07092144089402427
1.1119999999999883,0.24187660389482757,-0.07402742062941187,1.6621464614782488,0.24089753526951235,-0.0730729833318539,1.6609761099930531,0.24089753526951235,-0.0730729833318539,1.6609761099930531,0.0,0.0,0.0,4.2577284021054655,0.07096214003509109
1.1129999999999882,0.24182318607534187,-0.07401101558850673,1.662125978438465,0.24089753526951235,-0.0730729833318539,1.6609761099930531,0.24089753526951235,-0.0730729833318539,1.6609761099930531,0.0,0.0,0.0,4.260182917239851,0.07100304862066417
1.113999999999988,0.2417705402909476,-0.07399438378541737,1.6621052499806557,0.24089753526951235,-0.0730729833318539,1.6609761099930531,0.24089753526951235,-0.0730729833318539,1.6609761099930531,0.0,0.0,0.0,4.262648162127882,0.07104413603546471
1.114999999999988,0.24171866227622435,-0.07397753506847159,1.662084288267292,0.24089753526951235,-0.0730729833318539,1.6609761099930531,0.24089753526951235,-0.0730729833318539,1.6609761099930531,0.0,0.0,0.0,4.265122397571616,0.07108537329286027
1.115999999999988,0.24166754768701676,-0.07396047918050212,1.6620631052897812,0.24089753526951235,-0.0730729833318539,1.6609761099930531,0.24089753526951235,-0.0730729833318539,1.6609761099930531,0.0,0.0,0.0,4.267603977695198,0.07112673296158663
1.1169999999999878,0.2416171921051099,-0.07394322575674232,1.6620417128672709,0.24089753526951235,-0.0730729833318539,1.6609761099930531,0.24089753526951235,-0.0730729833318539,1.6609761099930531,0.0,0.0,0.0,4.270091345704412,0.07116818909507353
1.1179999999999877,0.24156759104269276,-0.07392578432285672,1.6620201226456304,0.24089753526951235,-0.0730729833318539,1.6609761099930531,0.24089753526951235,-0.0730729833318539,1.6609761099930531,0.0,0.0,0.0,4.2725830298027425,0.07120971716337904
1.1189999999999876,0.24151873994662107,-0.07390816429309899,1.6619983460965997,0.24089753526951235,-0.0730729833318539,1.6609761099930531,0.24089753526951235,-0.0730729833318539,1.6609761099930531,0.0,0.0,0.0,4.275077639259864,0.0712512939876644
1.1199999999999875,0.2414706342024895,-0.07389037496859445,1.6619763945170993,0.24089753526951235,-0.0730729833318539,1.6609761099930531,0.24089753526951235,-0.0730729833318539,1.6609761099930531,0.0,0.0,0.0,4.27757386063066,0.07129289767717767
1.1209999999999873,0.24142326913851828,-0.07387242553574419,1.6619542790286952,0.24089753526951235,-0.0730729833318539,1.6609761099930531,0.24089753526951235,-0.0730729833318539,1.6609761099930531,0.0,0.0,0.0,4.280070454123679,0.07133450756872799
1.1219999999999872,0.24137664002926368,-0.0738543250647436,1.661932010577203,0.24089753526951235,-0.0730729833318539,1.6609761099930531,0.24089753526951235,-0.0730729833318539,1.6609761099930531,0.0,0.0,0.0,4.282566250115831,0.07137610416859719
1.1229999999999871,0.24133074209916236,-0.07383608250821777,1.6619095999324422,0.24089753526951235,-0.0730729833318539,1.6609761099930531,0.24089753526951235,-0.0730729833318539,1.6609761099930531,0.0,0.0,0.0,4.285060145812325,0.0714176690968721
1.123999999999987,0.24128557052591365,-0.07381770669996633,1.6618870576881086,0.24089753526951235,-0.0730729833318539,1.6609761099930531,0.24089753526951235,-0.0730729833318539,1.6609761099930531,0.0,0.0,0.0,4.287551102048238,0.0714591850341373
1.124999999999987,0.2412411204437065,-0.07379920635381457,1.661864394261782,0.24089753526951235,-0.0730729833318539,1.6609761099930531,0.24089753526951235,-0.0730729833318539,1.6609761099930531,0.0,0.0,0.0,4.290038140232626,0.07150063567054378
1.1259999999999868,0.24119738694630136,-0.073780590062571,1.6618416198950443,0.24089753526951235,-0.0730729833318539,1.6609761099930531,0.24089753526951235,-0.0730729833318539,1.6609761099930531,0.0,0.0,0.0,4.292520339425626,0.07154200565709376
1.1269999999999867,0.241154365089968,-0.07376186629708605,1.661818744653711,0.24089753526951235,-0.0730729833318539,1.6609761099930531,0.24089753526951235,-0.0730729833318539,1.6609761099930531,0.0,0.0,0.0,4.294996833552707,0.07158328055921179
1.1279999999999866,0.2411120498962897,-0.07374304340540835,1.6617957784281647,0.24089753526951235,-0.0730729833318539,1.6609761099930531,0.24089753526951235,-0.0730729833318539,1.6609761099930531,0.0,0.0,0.0,4.297466808746613,0.07162444681244355
1.1289999999999865,0.2410704363548382,-0.07372412961203917,1.6617727309337864,0.24089753526951235,-0.0730729833318539,1.6609761099930531,0.24089753526951235,-0.0730729833318539,1.6609761099930531,0.0,0.0,0.0,4.2999295008154315,0.0716654916802572
1.1299999999999863,0.241029519425721,-0.07370513301727685,1.661749611711476,0.24089753526951235,-0.0730729833318539,1.6609761099930531,0.24089753526951235,-0.0730729833318539,1.6609761099930531,0.0,0.0,0.0,4.302384192831929,0.07170640321386548
1.1309999999999862,0.24098929404201463,-0.07368606159665414,1.6617264301282624,0.24089753526951235,-0.0730729833318539,1.6609761099930531,0.24089753526951235,-0.0730729833318539,1.6609761099930531,0.0,0.0,0.0,4.304830212838737,0.07174717021397894
1.1319999999999861,0.24094975511207783,-0.07366692320046109,1.6617031953779828,0.24089753526951235,-0.0730729833318539,1.6609761099930531,0.24089753526951235,-0.0730729833318539,1.6609761099930531,0.0,0.0,0.0,4.307266931664976,0.07178778219441626
1.132999999999986,0.2409108975217605,-0.07364772555335383,1.6616799164820486,0.24089753526951235,-0.0730729833318539,1.6609761099930531,0.24089753526951235,-0.0730729833318539,1.6609761099930531,0.0,0.0,0.0,4.309693760848854,0.07182822934748091
1.133999999999986,0.24087271613650418,-0.07362847625404251,1.661656602290266,0.24089753526951235,-0.0730729833318539,1.6609761099930531,0.24089753526951235,-0.0730729833318539,1.6609761099930531,0.0,0.0,0.0,4.312110150660752,0.07186850251101254
1.1349999999999858,0.24083520580334328,-0.07360918277506173,1.6616332614817328,0.24089753526951235,-0.0730729833318539,1.6609761099930531,0.24089753526951235,-0.0730729833318539,1.6609761099930531,0.0,0.0,0.0,4.314515588222987,0.07190859313704978
1.1359999999999857,0.24079836135281074,-0.07358985246261296,1.6616099025657813,0.24089753526951235,-0.0730729833318539,1.6609761099930531,0.24089753526951235,-0.0730729833318539,1.6609761099930531,0.0,0.0,0.0,4.316909595718463,0.07194849326197438
1.1369999999999856,0.24076217760074994,-0.07357049253648333,1.66158653388299,0.24089753526951235,-0.0730729833318539,1.6609761099930531,0.24089753526951235,-0.0730729833318539,1.6609761099930531,0.0,0.0,0.0,4.319291728686181,0.07198819547810302
1.1379999999999855,0.24072664935003854,-0.07355111009003205,1.6615631636062314,0.24089753526951235,-0.0730729833318539,1.6609761099930531,0.24089753526951235,-0.0730729833318539,1.6609761099930531,0.0,0.0,0.0,4.321661574394478,0.07202769290657464
1.1389999999999854,0.24069177139222997,-0.0735317120902468,1.6615397997417793,0.24089753526951235,-0.0730729833318539,1.6609761099930531,0.24089753526951235,-0.0730729833318539,1.6609761099930531,0.0,0.0,0.0,4.324018750293186,0.07206697917155311
1.1399999999999852,0.2406575385091112,-0.0735123053778633,1.661516450130452,0.24089753526951235,-0.0730729833318539,1.6609761099930531,0.24089753526951235,-0.0730729833318539,1.6609761099930531,0.0,0.0,0.0,4.326362902534107,0.07210604837556844
1.1409999999999851,0.24062394547418478,-0.07349289666754723,1.6614931224487994,0.24089753526951235,-0.0730729833318539,1.6609761099930531,0.24089753526951235,-0.0730729833318539,1.6609761099930531,0.0,0.0,0.0,4.328693704559524,0.07214489507599206
1.141999999999985,0.24059098705407683,-0.07347349254813659,1.6614698242103272,0.24089753526951235,-0.0730729833318539,1.6609761099930531,0.24089753526951235,-0.0730729833318539,1.6609761099930531,0.0,0.0,0.0,4.331010855752773,0.07218351426254621
1.142999999999985,0.2405586580098753,-0.07345409948293886,1.6614465627667532,0.24089753526951235,-0.0730729833318539,1.6609761099930531,0.24089753526951235,-0.0730729833318539,1.6609761099930531,0.0,0.0,0.0,4.333314080149048,0.07222190133581746
1.1439999999999848,0.24052695309839853,-0.07343472381008585,1.6614233453093017,0.24089753526951235,-0.0730729833318539,1.6609761099930531,0.24089753526951235,-0.0730729833318539,1.6609761099930531,0.0,0.0,0.0,4.3356031252011755,0.07226005208668626
1.1449999999999847,0.24049586707340365,-0.07341537174293666,1.6614001788700257,0.24089753526951235,-0.0730729833318539,1.6609761099930531,0.24089753526951235,-0.0730729833318539,1.6609761099930531,0.0,0.0,0.0,4.337877760597541,0.07229796267662568
1.1459999999999846,0.2404653946867295,-0.07339604937053215,1.6613770703231494,0.24089753526951235,-0.0730729833318539,1.6609761099930531,0.24089753526951235,-0.0730729833318539,1.6609761099930531,0.0,0.0,0.0,4.340137777131153,0.07233562961885255
1.1469999999999845,0.24043553068938445,-0.07337676265809727,1.661354026386452,0.24089753526951235,-0.0730729833318539,1.6609761099930531,0.24089753526951235,-0.0730729833318539,1.6609761099930531,0.0,0.0,0.0,4.342382985615984,0.0723730497602664
1.1479999999999844,0.24040626983257696,-0.07335751744758523,1.6613310536226604,0.24089753526951235,-0.0730729833318539,1.6609761099930531,0.24089753526951235,-0.0730729833318539,1.6609761099930531,0.0,0.0,0.0,4.344613215846731,0.07241022026411219
1.1489999999999843,0.24037760686869464,-0.07333831945826777,1.6613081584408738,0.24089753526951235,-0.0730729833318539,1.6609761099930531,0.24089753526951235,-0.0730729833318539,1.6609761099930531,0.0,0.0,0.0,4.34682831560375,0.07244713859339583
1.1499999999999841,0.24034953655223185,-0.0733191742873638,1.6612853470980058,0.24089753526951235,-0.0730729833318539,1.6609761099930531,0.24089753526951235,-0.0730729833318539,1.6609761099930531,0.0,0.0,0.0,4.349028149697677,0.07248380249496128
1.150999999999984,0.2403220536406705,-0.07330008741070701,1.6612626257002427,0.24089753526951235,-0.0730729833318539,1.6609761099930531,0.24089753526951235,-0.0730729833318539,1.6609761099930531,0.0,0.0,0.0,4.351212599054322,0.0725202099842387
1.151999999999984,0.24029515289531508,-0.07328106418345012,1.6612400002045258,0.24089753526951235,-0.0730729833318539,1.6609761099930531,0.24089753526951235,-0.0730729833318539,1.6609761099930531,0.0,0.0,0.0,4.353381559837746,0.0725563593306291
1.1529999999999838,0.24026882908208436,-0.07326210984080408,1.6612174764200411,0.24089753526951235,-0.0730729833318539,1.6609761099930531,0.24089753526951235,-0.0730729833318539,1.6609761099930531,0.0,0.0,0.0,4.355534942608367,0.07259224904347278
1.1539999999999837,0.2402430769722641,-0.0732432294988092,1.6611950600097334,0.24089753526951235,-0.0730729833318539,1.6609761099930531,0.24089753526951235,-0.0730729833318539,1.6609761099930531,0.0,0.0,0.0,4.35767267151919,0.07262787785865316
1.1549999999999836,0.24021789134321764,-0.0732244281551384,1.6611727564918246,0.24089753526951235,-0.0730729833318539,1.6609761099930531,0.24089753526951235,-0.0730729833318539,1.6609761099930531,0.0,0.0,0.0,4.359794683543923,0.07266324472573205
1.1559999999999835,0.2401932669790624,-0.07320571068992858,1.6611505712413484,0.24089753526951235,-0.0730729833318539,1.6609761099930531,0.24089753526951235,-0.0730729833318539,1.6609761099930531,0.0,0.0,0.0,4.361900927738992,0.07269834879564986
1.1569999999999834,0.2401691986713116,-0.07318708186664132,1.6611285094916972,0.24089753526951235,-0.0730729833318539,1.6609761099930531,0.24089753526951235,-0.0730729833318539,1.6609761099930531,0.0,0.0,0.0,4.363991364538022,0.07273318940896704
1.1579999999999833,0.24014568121948124,-0.07316854633294873,1.6611065763361739,0.24089753526951235,-0.0730729833318539,1.6609761099930531,0.24089753526951235,-0.0730729833318539,1.6609761099930531,0.0,0.0,0.0,4.366065965076714,0.07276776608461191
1.1589999999999832,0.2401227094316674,-0.07315010862164434,1.6610847767295556,0.24089753526951235,-0.0730729833318539,1.6609761099930531,0.24089753526951235,-0.0730729833318539,1.6609761099930531,0.0,0.0,0.0,4.368124710548276,0.07280207850913793
1.159999999999983,0.24010027812509305,-0.07313177315157672,1.6610631154896627,0.24089753526951235,-0.0730729833318539,1.6609761099930531,0.24089753526951235,-0.0730729833318539,1.6609761099930531,0.0,0.0,0.0,4.370167591587976,0.07283612652646627
1.160999999999983,0.24007838212662747,-0.07311354422860647,1.6610415972989356,0.24089753526951235,-0.0730729833318539,1.6609761099930531,0.24089753526951235,-0.0730729833318539,1.6609761099930531,0.0,0.0,0.0,4.372194607685502,0.0728699101280917
1.1619999999999828,0.24005701627328024,-0.0730954260465826,1.6610202267060152,0.24089753526951235,-0.0730729833318539,1.6609761099930531,0.24089753526951235,-0.0730729833318539,1.6609761099930531,0.0,0.0,0.0,4.374205766624908,0.07290342944374847
1.1629999999999827,0.24003617541266736,-0.07307742268833903,1.6609990081273263,0.24089753526951235,-0.0730729833318539,1.6609761099930531,0.24089753526951235,-0.0730729833318539,1.6609761099930531,0.0,0.0,0.0,4.3762010839506855,0.07293668473251143
1.1639999999999826,0.24001585440345755,-0.07305953812670858,1.6609779458486673,0.24089753526951235,-0.0730729833318539,1.6609761099930531,0.24089753526951235,-0.0730729833318539,1.6609761099930531,0.0,0.0,0.0,4.3781805824593345,0.07296967637432224
1.1649999999999825,0.23999604811579278,-0.07304177622555433,1.6609570440268002,0.24089753526951235,-0.0730729833318539,1.6609761099930531,0.24089753526951235,-0.0730729833318539,1.6609761099930531,0.0,0.0,0.0,4.380144291715507,0.07300240486192512
1.1659999999999824,0.23997675143169078,-0.07302414074081677,1.66093630669104,0.24089753526951235,-0.0730729833318539,1.6609761099930531,0.24089753526951235,-0.0730729833318539,1.6609761099930531,0.0,0.0,0.0,4.38209224759085,0.07303487079318084
1.1669999999999823,0.2399579592454265,-0.07300663532157645,1.6609157377448491,0.24089753526951235,-0.0730729833318539,1.6609761099930531,0.24089753526951235,-0.0730729833318539,1.6609761099930531,0.0,0.0,0.0,4.384024491826868,0.07306707486378114
1.1679999999999822,0.23993966646389406,-0.07298926351112853,1.6608953409674245,0.24089753526951235,-0.0730729833318539,1.6609761099930531,0.24089753526951235,-0.0730729833318539,1.6609761099930531,0.0,0.0,0.0,4.385941071617946,0.0730990178602991
1.168999999999982,0.23992186800695373,-0.0729720287480723,1.6608751200152947,0.24089753526951235,-0.0730729833318539,1.6609761099930531,0.24089753526951235,-0.0730729833318539,1.6609761099930531,0.0,0.0,0.0,4.387842039216457,0.07313070065360762
1.169999999999982,0.2399045588077596,-0.07295493436741074,1.660855078423902,0.24089753526951235,-0.0730729833318539,1.6609761099930531,0.24089753526951235,-0.0730729833318539,1.6609761099930531,0.0,0.0,0.0,4.389727451556171,0.07316212419260285
1.1709999999999818,0.23988773381307418,-0.07293798360166129,1.6608352196091898,0.24089753526951235,-0.0730729833318539,1.6609761099930531,0.24089753526951235,-0.0730729833318539,1.6609761099930531,0.0,0.0,0.0,4.391597369896178,0.07319328949826963
1.1719999999999817,0.2398713879835675,-0.07292117958197782,1.660815546869189,0.24089753526951235,-0.0730729833318539,1.6609761099930531,0.24089753526951235,-0.0730729833318539,1.6609761099930531,0.0,0.0,0.0,4.393451859482874,0.0732241976580479
1.1729999999999816,0.23985551629410246,-0.07290452533927855,1.660796063385593,0.24089753526951235,-0.0730729833318539,1.6609761099930531,0.24089753526951235,-0.0730729833318539,1.6609761099930531,0.0,0.0,0.0,4.395290989227568,0.07325484982045946
1.1739999999999815,0.23984011373400804,-0.07288802380538646,1.6607767722253342,0.24089753526951235,-0.0730729833318539,1.6609761099930531,0.24089753526951235,-0.0730729833318539,1.6609761099930531,0.0,0.0,0.0,4.397114831402591,0.07328524719004319
1.1749999999999814,0.2398251753073392,-0.07287167781417246,1.660757676342154,0.24089753526951235,-0.0730729833318539,1.6609761099930531,0.24089753526951235,-0.0730729833318539,1.6609761099930531,0.0,0.0,0.0,4.398923461352147,0.07331539102253577
1.1759999999999813,0.23981069603312943,-0.07285549010270871,1.660738778578169,0.24089753526951235,-0.0730729833318539,1.6609761099930531,0.24089753526951235,-0.0730729833318539,1.6609761099930531,0.0,0.0,0.0,4.4007169572185365,0.07334528262030894
1.1769999999999812,0.23979667094562807,-0.0728394633124253,1.6607200816654293,0.24089753526951235,-0.0730729833318539,1.6609761099930531,0.24089753526951235,-0.0730729833318539,1.6609761099930531,0.0,0.0,0.0,4.402495399682249,0.07337492332803748
1.177999999999981,0.23978309509453125,-0.0728235999902738,1.66070158822747,0.24089753526951235,-0.0730729833318539,1.6609761099930531,0.24089753526951235,-0.0730729833318539,1.6609761099930531,0.0,0.0,0.0,4.404258871716029,0.07340431452860048
1.178999999999981,0.2397699635452042,-0.07280790258989397,1.660683300780862,0.24089753526951235,-0.0730729833318539,1.6609761099930531,0.24089753526951235,-0.0730729833318539,1.6609761099930531,0.0,0.0,0.0,4.406007458352269,0.07343345763920447
1.1799999999999808,0.23975727137889233,-0.0727923734727843,1.6606652217367488,0.24089753526951235,-0.0730729833318539,1.6609761099930531,0.24089753526951235,-0.0730729833318539,1.6609761099930531,0.0,0.0,0.0,4.407741246462636,0.0734623541077106
1.1809999999999807,0.2397450136929271,-0.07277701490947543,1.6606473534023802,0.24089753526951235,-0.0730729833318539,1.6609761099930531,0.24089753526951235,-0.0730729833318539,1.6609761099930531,0.0,0.0,0.0,4.409460324548525,0.07349100540914208
1.1819999999999806,0.23973318560092524,-0.0727618290807065,1.6606296979826387,0.24089753526951235,-0.0730729833318539,1.6609761099930531,0.24089753526951235,-0.0730729833318539,1.6609761099930531,0.0,0.0,0.0,4.4111647825443905,0.07351941304240651
1.1829999999999805,0.23972178223297919,-0.07274681807860305,1.660612257581554,0.24089753526951235,-0.0730729833318539,1.6609761099930531,0.24089753526951235,-0.0730729833318539,1.6609761099930531,0.0,0.0,0.0,4.412854711630776,0.0735475785271796
1.1839999999999804,0.23971079873584344,-0.07273198390785551,1.6605950342038185,0.24089753526951235,-0.0730729833318539,1.6609761099930531,0.24089753526951235,-0.0730729833318539,1.6609761099930531,0.0,0.0,0.0,4.414530204058646,0.07357550340097743
1.1849999999999803,0.23970023027311435,-0.07271732848689799,1.6605780297562804,0.24089753526951235,-0.0730729833318539,1.6609761099930531,0.24089753526951235,-0.0730729833318539,1.6609761099930531,0.0,0.0,0.0,4.416191352981767,0.07360318921636279
1.1859999999999802,0.23969007202540477,-0.07270285364908838,1.6605612460494457,0.24089753526951235,-0.0730729833318539,1.6609761099930531,0.24089753526951235,-0.0730729833318539,1.6609761099930531,0.0,0.0,0.0,4.41783825230157,0.0736306375383595
1.18699999999998,0.2396803191905158,-0.07268856114388722,1.6605446847989538,0.24089753526951235,-0.0730729833318539,1.6609761099930531,0.24089753526951235,-0.0730729833318539,1.6609761099930531,0.0,0.0,0.0,4.4194709965168695,0.07365784994194782
1.18799999999998,0.23967096698360196,-0.07267445263803553,1.6605283476270587,0.24089753526951235,-0.0730729833318539,1.6609761099930531,0.24089753526951235,-0.0730729833318539,1.6609761099930531,0.0,0.0,0.0,4.421089680586842,0.0736848280097807
1.1889999999999799,0.239662010637334,-0.0726605297167303,1.6605122360640938,0.24089753526951235,-0.0730729833318539,1.6609761099930531,0.24089753526951235,-0.0730729833318539,1.6609761099930531,0.0,0.0,0.0,4.422694399798831,0.07371157332998052
1.1899999999999797,0.23965344540205746,-0.0726467938848002,1.6604963515499267,0.24089753526951235,-0.0730729833318539,1.6609761099930531,0.24089753526951235,-0.0730729833318539,1.6609761099930531,0.0,0.0,0.0,4.4242852496449325,0.07373808749408221
1.1909999999999796,0.2396452665459488,-0.07263324656787631,1.6604806954354068,0.24089753526951235,-0.0730729833318539,1.6609761099930531,0.24089753526951235,-0.0730729833318539,1.6609761099930531,0.0,0.0,0.0,4.425862325707817,0.07376437209513027
1.1919999999999795,0.2396374693551693,-0.07261988911356247,1.6604652689838064,0.24089753526951235,-0.0730729833318539,1.6609761099930531,0.24089753526951235,-0.0730729833318539,1.6609761099930531,0.0,0.0,0.0,4.427425723551815,0.07379042872586358
1.1929999999999794,0.23963004913401315,-0.07260672279260005,1.6604500733722438,0.24089753526951235,-0.0730729833318539,1.6609761099930531,0.24089753526951235,-0.0730729833318539,1.6609761099930531,0.0,0.0,0.0,4.428975538621768,0.07381625897702947
1.1939999999999793,0.23962300120505858,-0.07259374880003125,1.660435109693104,0.24089753526951235,-0.0730729833318539,1.6609761099930531,0.24089753526951235,-0.0730729833318539,1.6609761099930531,0.0,0.0,0.0,4.43051186614881,0.07384186443581349
1.1949999999999792,0.23961632090931198,-0.07258096825635746,1.6604203789554477,0.24089753526951235,-0.0730729833318539,1.6609761099930531,0.24089753526951235,-0.0730729833318539,1.6609761099930531,0.0,0.0,0.0,4.432034801062745,0.07386724668437908
1.195999999999979,0.2396100036063526,-0.07256838220869241,1.6604058820864038,0.24089753526951235,-0.0730729833318539,1.6609761099930531,0.24089753526951235,-0.0730729833318539,1.6609761099930531,0.0,0.0,0.0,4.433544437909197,0.07389240729848662
1.196999999999979,0.23960404467447752,-0.07255599163191338,1.6603916199325655,0.24089753526951235,-0.0730729833318539,1.6609761099930531,0.24089753526951235,-0.0730729833318539,1.6609761099930531,0.0,0.0,0.0,4.435040870775237,0.07391734784625395
1.1979999999999789,0.2395984395108399,-0.07254379742980445,1.6603775932613574,0.24089753526951235,-0.0730729833318539,1.6609761099930531,0.24089753526951235,-0.0730729833318539,1.6609761099930531,0.0,0.0,0.0,4.436524193217145,0.07394206988695241
1.1989999999999787,0.23959318353159242,-0.0725318004361955,1.6603638027624101,0.24089753526951235,-0.0730729833318539,1.6609761099930531,0.24089753526951235,-0.0730729833318539,1.6609761099930531,0.0,0.0,0.0,4.437994498197536,0.07396657496995894
1.1999999999999786,0.23958827217202372,-0.07252000141609764,1.6603502490489093,0.24089753526951235,-0.0730729833318539,1.6609761099930531,0.24089753526951235,-0.0730729833318539,1.6609761099930531,0.0,0.0,0.0,4.439451878024271,0.07399086463373786
1.2009999999999785,0.2395837008866985,-0.07250840106683007,1.6603369326589446,0.24089753526951235,-0.0730729833318539,1.6609761099930531,0.24089753526951235,-0.0730729833318539,1.6609761099930531,0.0,0.0,0.0,4.4408964242963735,0.07401494040493956
1.2019999999999784,0.23957946514959744,-0.07249700001914311,1.6603238540568472,0.24089753526951235,-0.0730729833318539,1.6609761099930531,0.24089753526951235,-0.0730729833318539,1.6609761099930531,0.0,0.0,0.0,4.442328227853637,0.07403880379756062
1.2029999999999783,0.23957556045424994,-0.07248579883833324,1.6603110136345074,0.24089753526951235,-0.0730729833318539,1.6609761099930531,0.24089753526951235,-0.0730729833318539,1.6609761099930531,0.0,0.0,0.0,4.443747378730706,0.07406245631217842
1.2039999999999782,0.23957198231387283,-0.0724747980253525,1.660298411712688,0.24089753526951235,-0.0730729833318539,1.6609761099930531,0.24089753526951235,-0.0730729833318539,1.6609761099930531,0.0,0.0,0.0,4.445153966116051,0.07408589943526751
1.204999999999978,0.23956872626150766,-0.0724639980179123,1.6602860485423294,0.24089753526951235,-0.0730729833318539,1.6609761099930531,0.24089753526951235,-0.0730729833318539,1.6609761099930531,0.0,0.0,0.0,4.446548078314941,0.07410913463858235
1.205999999999978,0.23956578785015534,-0.07245339919157809,1.6602739243058373,0.24089753526951235,-0.0730729833318539,1.6609761099930531,0.24089753526951235,-0.0730729833318539,1.6609761099930531,0.0,0.0,0.0,4.4479298027156,0.07413216337859334
1.2069999999999779,0.2395631626529112,-0.07244300186085911,1.6602620391183627,0.24089753526951235,-0.0730729833318539,1.6609761099930531,0.24089753526951235,-0.0730729833318539,1.6609761099930531,0.0,0.0,0.0,4.449299225759513,0.07415498709599189
1.2079999999999778,0.23956084626310234,-0.07243280628028932,1.6602503930290715,0.24089753526951235,-0.0730729833318539,1.6609761099930531,0.24089753526951235,-0.0730729833318539,1.6609761099930531,0.0,0.0,0.0,4.4506564329149665,0.07417760721524944
1.2089999999999776,0.2395588342944211,-0.07242281264550259,1.6602389860223992,0.24089753526951235,-0.0730729833318539,1.6609761099930531,0.24089753526951235,-0.0730729833318539,1.6609761099930531,0.0,0.0,0.0,4.452001508654208,0.07420002514423679
1.2099999999999775,0.23955712238106214,-0.07241302109429923,1.6602278180193009,0.24089753526951235,-0.0730729833318539,1.6609761099930531,0.24089753526951235,-0.0730729833318539,1.6609761099930531,0.0,0.0,0.0,4.453334536433881,0.07422224227389802
1.2109999999999774,0.2395557061778555,-0.07240343170770398,1.6602168888784803,0.24089753526951235,-0.0730729833318539,1.6609761099930531,0.24089753526951235,-0.0730729833318539,1.6609761099930531,0.0,0.0,0.0,4.4546555986773475,0.07424425997795579
1.2119999999999773,0.23955458136040358,-0.07239404451102,1.6602061983976206,0.24089753526951235,-0.0730729833318539,1.6609761099930531,0.24089753526951235,-0.0730729833318539,1.6609761099930531,0.0,0.0,0.0,4.455964776761415,0.07426607961269024
1.2129999999999772,0.23955374362521575,-0.0723848594748689,1.6601957463145876,0.24089753526951235,-0.0730729833318539,1.6609761099930531,0.24089753526951235,-0.0730729833318539,1.6609761099930531,0.0,0.0,0.0,4.457262151003772,0.07428770251672953
1.213999999999977,0.23955318868984304,-0.07237587651622998,1.6601855323086396,0.24089753526951235,-0.0730729833318539,1.6609761099930531,0.24089753526951235,-0.0730729833318539,1.6609761099930531,0.0,0.0,0.0,4.458547800655883,0.07430913001093138
1.214999999999977,0.239552912293014,-0.07236709549946448,1.6601755560016125,0.24089753526951235,-0.0730729833318539,1.6609761099930531,0.24089753526951235,-0.0730729833318539,1.6609761099930531,0.0,0.0,0.0,4.459821803892842,0.07433036339821403
1.2159999999999769,0.2395529101947696,-0.07235851623733679,1.6601658169590976,0.24089753526951235,-0.0730729833318539,1.6609761099930531,0.24089753526951235,-0.0730729833318539,1.6609761099930531,0.0,0.0,0.0,4.461084237814784,0.07435140396357974
1.2169999999999768,0.23955317817659832,-0.07235013849202389,1.660156314691611,0.24089753526951235,-0.0730729833318539,1.6609761099930531,0.24089753526951235,-0.0730729833318539,1.6609761099930531,0.0,0.0,0.0,4.462335178438529,0.07437225297397548
1.2179999999999767,0.23955371204157208,-0.0723419619761196,1.660147048655748,0.24089753526951235,-0.0730729833318539,1.6609761099930531,0.24089753526951235,-0.0730729833318539,1.6609761099930531,0.0,0.0,0.0,4.4635747007001445,0.07439291167833574
1.2189999999999765,0.23955450761448005,-0.07233398635362674,1.6601380182553274,0.24089753526951235,-0.0730729833318539,1.6609761099930531,0.24089753526951235,-0.0730729833318539,1.6609761099930531,0.0,0.0,0.0,4.464802878456507,0.07441338130760845
1.2199999999999764,0.23955556074196582,-0.07232621124094421,1.6601292228425266,0.24089753526951235,-0.0730729833318539,1.6609761099930531,0.24089753526951235,-0.0730729833318539,1.6609761099930531,0.0,0.0,0.0,4.466019784488088,0.07443366307480147
1.2209999999999763,0.23955686729266,-0.07231863620784278,1.6601206617190007,0.24089753526951235,-0.0730729833318539,1.6609761099930531,0.24089753526951235,-0.0730729833318539,1.6609761099930531,0.0,0.0,0.0,4.467225490504053,0.07445375817506755
1.2219999999999762,0.23955842315731754,-0.07231126077843522,1.6601123341369963,0.24089753526951235,-0.0730729833318539,1.6609761099930531,0.24089753526951235,-0.0730729833318539,1.6609761099930531,0.0,0.0,0.0,4.468420067148637,0.07447366778581062
1.222999999999976,0.2395602242489513,-0.07230408443213332,1.6601042393004486,0.24089753526951235,-0.0730729833318539,1.6609761099930531,0.24089753526951235,-0.0730729833318539,1.6609761099930531,0.0,0.0,0.0,4.469603584009005,0.07449339306681675
1.223999999999976,0.23956226650296633,-0.07229710660460159,1.6600963763660703,0.24089753526951235,-0.0730729833318539,1.6609761099930531,0.24089753526951235,-0.0730729833318539,1.6609761099930531,0.0,0.0,0.0,4.470776109624505,0.07451293516040841
1.2249999999999759,0.23956454587729564,-0.07229032668869784,1.660088744444428,0.24089753526951235,-0.0730729833318539,1.6609761099930531,0.24089753526951235,-0.0730729833318539,1.6609761099930531,0.0,0.0,0.0,4.471937711497089,0.07453229519161815
1.2259999999999758,0.23956705835253286,-0.07228374403540695,1.6600813426010115,0.24089753526951235,-0.0730729833318539,1.6609761099930531,0.24089753526951235,-0.0730729833318539,1.6609761099930531,0.0,0.0,0.0,4.4730884561032385,0.0745514742683873
1.2269999999999757,0.23956979993206795,-0.07227735795476534,1.660074169857282,0.24089753526951235,-0.0730729833318539,1.6609761099930531,0.24089753526951235,-0.0730729833318539,1.6609761099930531,0.0,0.0,0.0,4.474228408905752,0.07457047348176253
1.2279999999999756,0.23957276664221808,-0.07227116771677754,1.6600672251917228,0.24089753526951235,-0.0730729833318539,1.6609761099930531,0.24089753526951235,-0.0730729833318539,1.6609761099930531,0.0,0.0,0.0,4.475357634369338,0.07458929390615564
1.2289999999999754,0.23957595453236355,-0.0722651725523214,1.6600605075408652,0.24089753526951235,-0.0730729833318539,1.6609761099930531,0.24089753526951235,-0.0730729833318539,1.6609761099930531,0.0,0.0,0.0,4.476476195973273,0.07460793659955454
1.2299999999999753,0.2395793596750782,-0.07225937165404743,1.6600540158003163,0.24089753526951235,-0.0730729833318539,1.6609761099930531,0.24089753526951235,-0.0730729833318539,1.6609761099930531,0.0,0.0,0.0,4.477584156228555,0.07462640260380925
1.2309999999999752,0.2395829781662629,-0.07225376417726777,1.6600477488257657,0.24089753526951235,-0.0730729833318539,1.6609761099930531,0.24089753526951235,-0.0730729833318539,1.6609761099930531,0.0,0.0,0.0,4.478681576692718,0.07464469294487865
1.2319999999999751,0.2395868061252749,-0.07224834924083513,1.66004170543398,0.24089753526951235,-0.0730729833318539,1.6609761099930531,0.24089753526951235,-0.0730729833318539,1.6609761099930531,0.0,0.0,0.0,4.479768517989554,0.07466280863315924
1.232999999999975,0.23959083969506076,-0.07224312592801525,1.6600358844038017,0.24089753526951235,-0.0730729833318539,1.6609761099930531,0.24089753526951235,-0.0730729833318539,1.6609761099930531,0.0,0.0,0.0,4.480845039822463,0.07468075066370772
1.233999999999975,0.23959507504228633,-0.07223809328734851,1.6600302844771193,0.24089753526951235,-0.0730729833318539,1.6609761099930531,0.24089753526951235,-0.0730729833318539,1.6609761099930531,0.0,0.0,0.0,4.481911200997445,0.07469852001662408
1.2349999999999748,0.23959950835746432,-0.07223325033350389,1.6600249043598354,0.24089753526951235,-0.0730729833318539,1.6609761099930531,0.24089753526951235,-0.0730729833318539,1.6609761099930531,0.0,0.0,0.0,4.482967059439861,0.07471611765733102
1.2359999999999747,0.23960413585508458,-0.07222859604812194,1.6600197427228243,0.24089753526951235,-0.0730729833318539,1.6609761099930531,0.24089753526951235,-0.0730729833318539,1.6609761099930531,0.0,0.0,0.0,4.484012672214004,0.07473354453690008
1.2369999999999746,0.23960895377373942,-0.07222412938065213,1.660014798202872,0.24089753526951235,-0.0730729833318539,1.6609761099930531,0.24089753526951235,-0.0730729833318539,1.6609761099930531,0.0,0.0,0.0,4.485048095542754,0.07475080159237923
1.2379999999999745,0.239613958376253,-0.07221984924917808,1.6600100694036146,0.24089753526951235,-0.0730729833318539,1.6609761099930531,0.24089753526951235,-0.0730729833318539,1.6609761099930531,0.0,0.0,0.0,4.486073384828185,0.07476788974713641
1.2389999999999743,0.2396191459498037,-0.07221575454123547,1.6600055548964607,0.24089753526951235,-0.0730729833318539,1.6609761099930531,0.24089753526951235,-0.0730729833318539,1.6609761099930531,0.0,0.0,0.0,4.487088594672556,0.07478480991120925
1.2399999999999742,0.23962451280605096,-0.07221184411462123,1.660001253221501,0.24089753526951235,-0.0730729833318539,1.6609761099930531,0.24089753526951235,-0.0730729833318539,1.6609761099930531,0.0,0.0,0.0,4.488093778898299,0.07480156298163831
1.2409999999999741,0.23963005528125697,-0.07220811679819278,1.659997162888415,0.24089753526951235,-0.0730729833318539,1.6609761099930531,0.24089753526951235,-0.0730729833318539,1.6609761099930531,0.0,0.0,0.0,4.489088990570599,0.07481814984284331
1.241999999999974,0.23963576973640877,-0.07220457139265964,1.6599932823773573,0.24089753526951235,-0.0730729833318539,1.6609761099930531,0.24089753526951235,-0.0730729833318539,1.6609761099930531,0.0,0.0,0.0,4.490074282016895,0.07483457136694825
1.242999999999974,0.23964165255733977,-0.0722012066713647,1.659989610139841,0.24089753526951235,-0.0730729833318539,1.6609761099930531,0.24089753526951235,-0.0730729833318539,1.6609761099930531,0.0,0.0,0.0,4.49104970485009,0.07485082841416817
1.2439999999999738,0.2396477001548472,-0.0721980213810588,1.6599861445996078,0.24089753526951235,-0.0730729833318539,1.6609761099930531,0.24089753526951235,-0.0730729833318539,1.6609761099930531,0.0,0.0,0.0,4.492015309989616,0.07486692183316027
1.2449999999999737,0.23965390896481192,-0.07219501424266402,1.6599828841534876,0.24089753526951235,-0.0730729833318539,1.6609761099930531,0.24089753526951235,-0.0730729833318539,1.6609761099930531,0.0,0.0,0.0,4.492971147683275,0.07488285246138791
1.2459999999999736,0.239660275448312,-0.07219218395203053,1.6599798271722441,0.24089753526951235,-0.0730729833318539,1.6609761099930531,0.24089753526951235,-0.0730729833318539,1.6609761099930531,0.0,0.0,0.0,4.493917267528914,0.0748986211254819
1.2469999999999735,0.2396667960917409,-0.0721895291806824,1.6599769720014228,0.24089753526951235,-0.0730729833318539,1.6609761099930531,0.24089753526951235,-0.0730729833318539,1.6609761099930531,0.0,0.0,0.0,4.494853718496892,0.07491422864161487
1.2479999999999734,0.23967346740691586,-0.07218704857655647,1.6599743169621628,0.24089753526951235,-0.0730729833318539,1.6609761099930531,0.24089753526951235,-0.0730729833318539,1.6609761099930531,0.0,0.0,0.0,4.495780548951942,0.0749296758158657
1.2489999999999732,0.2396802859311929,-0.07218474076473201,1.659971860352036,0.24089753526951235,-0.0730729833318539,1.6609761099930531,0.24089753526951235,-0.0730729833318539,1.6609761099930531,0.0,0.0,0.0,4.4966978066734455,0.07494496344455742
1.2499999999999731,0.23968724822757523,-0.07218260434815202,1.6599696004458373,0.24089753526951235,-0.0730729833318539,1.6609761099930531,0.24089753526951235,-0.0730729833318539,1.6609761099930531,0.0,0.0,0.0,4.497605538879308,0.07496009231465514
1.250999999999973,0.23969435088481977,-0.0721806379083341,1.659967535496393,0.24089753526951235,-0.0730729833318539,1.6609761099930531,0.24089753526951235,-0.0730729833318539,1.6609761099930531,0.0,0.0,0.0,4.498503792247946,0.07497506320413243
1.251999999999973,0.23970159051754436,-0.07217884000607543,1.6599656637353424,0.24089753526951235,-0.0730729833318539,1.6609761099930531,0.24089753526951235,-0.0730729833318539,1.6609761099930531,0.0,0.0,0.0,4.49939261293799,0.07498987688229984
1.2529999999999728,0.23970896376632939,-0.07217720918214757,1.6599639833739186,0.24089753526951235,-0.0730729833318539,1.6609761099930531,0.24089753526951235,-0.0730729833318539,1.6609761099930531,0.0,0.0,0.0,4.500272046610985,0.07500453411018308
1.2539999999999727,0.239716467297822,-0.07217574395798186,1.6599624926037149,0.24089753526951235,-0.0730729833318539,1.6609761099930531,0.24089753526951235,-0.0730729833318539,1.6609761099930531,0.0,0.0,0.0,4.50114213845241,0.0750190356408735
1.2549999999999726,0.2397240978048339,-0.07217444283634977,1.6599611895974415,0.24089753526951235,-0.0730729833318539,1.6609761099930531,0.24089753526951235,-0.0730729833318539,1.6609761099930531,0.0,0.0,0.0,4.502002933192999,0.07503338221988333
1.2559999999999725,0.23973185200643843,-0.07217330430202977,1.659960072509673,0.24089753526951235,-0.0730729833318539,1.6609761099930531,0.24089753526951235,-0.0730729833318539,1.6609761099930531,0.0,0.0,0.0,4.502854475129895,0.07504757458549824
1.2569999999999724,0.2397397266480682,-0.07217232682247077,1.6599591394775883,0.24089753526951235,-0.0730729833318539,1.6609761099930531,0.24089753526951235,-0.0730729833318539,1.6609761099930531,0.0,0.0,0.0,4.503696808147085,0.07506161346911808
1.2579999999999723,0.2397477185016052,-0.07217150884844341,1.6599583886216962,0.24089753526951235,-0.0730729833318539,1.6609761099930531,0.24089753526951235,-0.0730729833318539,1.6609761099930531,0.0,0.0,0.0,4.50452997573622,0.07507549959560365
1.2589999999999721,0.2397558243654727,-0.07217084881468501,1.6599578180465524,0.24089753526951235,-0.0730729833318539,1.6609761099930531,0.24089753526951235,-0.0730729833318539,1.6609761099930531,0.0,0.0,0.0,4.505354021016691,0.07508923368361152
1.259999999999972,0.2397640410647242,-0.07217034514053598,1.6599574258414735,0.24089753526951235,-0.0730729833318539,1.6609761099930531,0.24089753526951235,-0.0730729833318539,1.6609761099930531,0.0,0.0,0.0,4.506168986755737,0.07510281644592895
1.260999999999972,0.23977236545112696,-0.07216999623056691,1.6599572100812257,0.24089753526951235,-0.0730729833318539,1.6609761099930531,0.24089753526951235,-0.0730729833318539,1.6609761099930531,0.0,0.0,0.0,4.506974915389028,0.07511624858981714
1.2619999999999718,0.2397807944032479,-0.07216980047519858,1.6599571688267227,0.24089753526951235,-0.0730729833318539,1.6609761099930531,0.24089753526951235,-0.0730729833318539,1.6609761099930531,0.0,0.0,0.0,4.507771849037001,0.07512953081728334
1.2629999999999717,0.23978932482653348,-0.07216975625131387,1.6599573001257033,0.24089753526951235,-0.0730729833318539,1.6609761099930531,0.24089753526951235,-0.0730729833318539,1.6609761099930531,0.0,0.0,0.0,4.508559829529019,0.07514266382548365
1.2639999999999716,0.23979795365338757,-0.07216986192285987,1.659957602013401,0.24089753526951235,-0.0730729833318539,1.6609761099930531,0.24089753526951235,-0.0730729833318539,1.6609761099930531,0.0,0.0,0.0,4.509338898418511,0.07515564830697517
1.2649999999999715,0.23980667784324733,-0.07217011584144392,1.6599580725132008,0.24089753526951235,-0.0730729833318539,1.6609761099930531,0.24089753526951235,-0.0730729833318539,1.6609761099930531,0.0,0.0,0.0,4.51010909700257,0.07516848495004284
1.2659999999999714,0.2398154943826562,-0.0721705163469208,1.6599587096372954,0.24089753526951235,-0.0730729833318539,1.6609761099930531,0.24089753526951235,-0.0730729833318539,1.6609761099930531,0.0,0.0,0.0,4.510870466340556,0.07518117443900926
1.2669999999999713,0.23982440028533392,-0.07217106176797095,1.6599595113873267,0.24089753526951235,-0.0730729833318539,1.6609761099930531,0.24089753526951235,-0.0730729833318539,1.6609761099930531,0.0,0.0,0.0,4.511623047271589,0.07519371745452648
1.2679999999999712,0.2398333925922449,-0.07217175042267235,1.6599604757550137,0.24089753526951235,-0.0730729833318539,1.6609761099930531,0.24089753526951235,-0.0730729833318539,1.6609761099930531,0.0,0.0,0.0,4.51236688043127,0.0752061146738545
1.268999999999971,0.2398424683716619,-0.07217258061906359,1.659961600722783,0.24089753526951235,-0.0730729833318539,1.6609761099930531,0.24089753526951235,-0.0730729833318539,1.6609761099930531,0.0,0.0,0.0,4.513102006270903,0.07521836677118171
1.269999999999971,0.23985162471922866,-0.07217355065569912,1.659962884264377,0.24089753526951235,-0.0730729833318539,1.6609761099930531,0.24089753526951235,-0.0730729833318539,1.6609761099930531,0.0,0.0,0.0,4.513828465072092,0.0752304744178682
1.2709999999999708,0.2398608587580187,-0.07217465882219622,1.6599643243454614,0.24089753526951235,-0.0730729833318539,1.6609761099930531,0.24089753526951235,-0.0730729833318539,1.6609761099930531,0.0,0.0,0.0,4.514546296964925,0.07524243828274875
1.2719999999999707,0.23987016763859198,-0.07217590339977525,1.659965918924224,0.24089753526951235,-0.0730729833318539,1.6609761099930531,0.24089753526951235,-0.0730729833318539,1.6609761099930531,0.0,0.0,0.0,4.515255541942605,0.07525425903237676
1.2729999999999706,0.23987954853904656,-0.07217728266179187,1.659967665951957,0.24089753526951235,-0.0730729833318539,1.6609761099930531,0.24089753526951235,-0.0730729833318539,1.6609761099930531,0.0,0.0,0.0,4.515956239877784,0.07526593733129641
1.2739999999999705,0.23988899866507132,-0.07217879487425964,1.6599695633736384,0.24089753526951235,-0.0730729833318539,1.6609761099930531,0.24089753526951235,-0.0730729833318539,1.6609761099930531,0.0,0.0,0.0,4.516648430538271,0.07527747384230452
1.2749999999999704,0.23989851524999106,-0.07218043829636903,1.6599716091285017,0.24089753526951235,-0.0730729833318539,1.6609761099930531,0.24089753526951235,-0.0730729833318539,1.6609761099930531,0.0,0.0,0.0,4.517332153601463,0.07528886922669105
1.2759999999999703,0.23990809555481296,-0.07218221118099402,1.6599738011505938,0.24089753526951235,-0.0730729833318539,1.6609761099930531,0.24089753526951235,-0.0730729833318539,1.6609761099930531,0.0,0.0,0.0,4.518007448668434,0.0753001241444739
1.2769999999999702,0.23991773686826492,-0.07218411177519493,1.6599761373693307,0.24089753526951235,-0.0730729833318539,1.6609761099930531,0.24089753526951235,-0.0730729833318539,1.6609761099930531,0.0,0.0,0.0,4.518674355279596,0.07531123925465993
1.27799999999997,0.2399274365068369,-0.07218613832071165,1.659978615710037,0.24089753526951235,-0.0730729833318539,1.6609761099930531,0.24089753526951235,-0.0730729833318539,1.6609761099930531,0.0,0.0,0.0,4.519332912925964,0.07532221521543273
1.27899999999997,0.23993719181481366,-0.07218828905444977,1.659981234094485,0.24089753526951235,-0.0730729833318539,1.6609761099930531,0.24089753526951235,-0.0730729833318539,1.6609761099930531,0.0,0.0,0.0,4.519983161065334,0.07533305268442224
1.2799999999999698,0.2399470001643078,-0.07219056220896099,1.6599839904414142,0.24089753526951235,-0.0730729833318539,1.6609761099930531,0.24089753526951235,-0.0730729833318539,1.6609761099930531,0.0,0.0,0.0,4.520625139132657,0.07534375231887762
1.2809999999999697,0.23995685895528912,-0.07219295601291276,1.6599868826670576,0.24089753526951235,-0.0730729833318539,1.6609761099930531,0.24089753526951235,-0.0730729833318539,1.6609761099930531,0.0,0.0,0.0,4.521258886554606,0.0753543147759101
1.2819999999999696,0.23996676561560853,-0.07219546869155333,1.6599899086856413,0.24089753526951235,-0.0730729833318539,1.6609761099930531,0.24089753526951235,-0.0730729833318539,1.6609761099930531,0.0,0.0,0.0,4.521884442760162,0.07536474071266937
1.2829999999999695,0.23997671760102232,-0.07219809846716929,1.6599930664098932,0.24089753526951235,-0.0730729833318539,1.6609761099930531,0.24089753526951235,-0.0730729833318539,1.6609761099930531,0.0,0.0,0.0,4.522501847193506,0.07537503078655843
1.2839999999999694,0.23998671239521085,-0.07220084355953454,1.65999635375153,0.24089753526951235,-0.0730729833318539,1.6609761099930531,0.24089753526951235,-0.0730729833318539,1.6609761099930531,0.0,0.0,0.0,4.523111139324883,0.07538518565541472
1.2849999999999693,0.23999674750979477,-0.07220370218635301,1.6599997686217465,0.24089753526951235,-0.0730729833318539,1.6609761099930531,0.24089753526951235,-0.0730729833318539,1.6609761099930531,0.0,0.0,0.0,4.523712358661226,0.07539520597768709
1.2859999999999692,0.24000682048434746,-0.07220667256369401,1.6600033089316852,0.24089753526951235,-0.0730729833318539,1.6609761099930531,0.24089753526951235,-0.0730729833318539,1.6609761099930531,0.0,0.0,0.0,4.52430554475715,0.07540509241261915
1.286999999999969,0.24001692888640574,-0.07220975290642069,1.6600069725929103,0.24089753526951235,-0.0730729833318539,1.6609761099930531,0.24089753526951235,-0.0730729833318539,1.6609761099930531,0.0,0.0,0.0,4.524890737225117,0.07541484562041861
1.287999999999969,0.24002707031147563,-0.07221294142861129,1.6600107575178635,0.24089753526951235,-0.0730729833318539,1.6609761099930531,0.24089753526951235,-0.0730729833318539,1.6609761099930531,0.0,0.0,0.0,4.525467975745162,0.07542446626241936
1.2889999999999688,0.24003724238303564,-0.07221623634397348,1.6600146616203177,0.24089753526951235,-0.0730729833318539,1.6609761099930531,0.24089753526951235,-0.0730729833318539,1.6609761099930531,0.0,0.0,0.0,4.526037300073742,0.07543395500122904
1.2899999999999687,0.24004744275253756,-0.07221963586625145,1.6600186828158197,0.24089753526951235,-0.0730729833318539,1.6609761099930531,0.24089753526951235,-0.0730729833318539,1.6609761099930531,0.0,0.0,0.0,4.526598750053594,0.07544331250089324
1.2909999999999686,0.24005766909940168,-0.07222313820962545,1.6600228190221256,0.24089753526951235,-0.0730729833318539,1.6609761099930531,0.24089753526951235,-0.0730729833318539,1.6609761099930531,0.0,0.0,0.0,4.527152365621776,0.07545253942702959
1.2919999999999685,0.24006791913101208,-0.07222674158910804,1.6600270681596325,0.24089753526951235,-0.0730729833318539,1.6609761099930531,0.24089753526951235,-0.0730729833318539,1.6609761099930531,0.0,0.0,0.0,4.5276981868179105,0.07546163644696517
1.2929999999999684,0.24007819058270574,-0.07223044422092763,1.6600314281517932,0.24089753526951235,-0.0730729833318539,1.6609761099930531,0.24089753526951235,-0.0730729833318539,1.6609761099930531,0.0,0.0,0.0,4.528236253791951,0.07547060422986585
1.2939999999999683,0.2400884812177591,-0.07223424432291027,1.6600358969255333,0.24089753526951235,-0.0730729833318539,1.6609761099930531,0.24089753526951235,-0.0730729833318539,1.6609761099930531,0.0,0.0,0.0,4.528766606812323,0.07547944344687205
1.2949999999999682,0.24009878882737434,-0.0722381401148526,1.660040472411653,0.24089753526951235,-0.0730729833318539,1.6609761099930531,0.24089753526951235,-0.0730729833318539,1.6609761099930531,0.0,0.0,0.0,4.529289286271327,0.07548815477118878
1.295999999999968,0.24010911123065648,-0.07224212981888944,1.6600451525452284,0.24089753526951235,-0.0730729833318539,1.6609761099930531,0.24089753526951235,-0.0730729833318539,1.6609761099930531,0.0,0.0,0.0,4.529804332694546,0.07549673887824243
1.296999999999968,0.2401194462745928,-0.07224621165985126,1.6600499352659954,0.24089753526951235,-0.0730729833318539,1.6609761099930531,0.24089753526951235,-0.0730729833318539,1.6609761099930531,0.0,0.0,0.0,4.530311786744046,0.0755051964457341
1.2979999999999678,0.24012979183402583,-0.07225038386562022,1.6600548185187358,0.24089753526951235,-0.0730729833318539,1.6609761099930531,0.24089753526951235,-0.0730729833318539,1.6609761099930531,0.0,0.0,0.0,4.530811689227055,0.07551352815378425
1.2989999999999677,0.24014014581162635,-0.07225464466747611,1.6600598002536553,0.24089753526951235,-0.0730729833318539,1.6609761099930531,0.24089753526951235,-0.0730729833318539,1.6609761099930531,0.0,0.0,0.0,4.531304081100291,0.07552173468500485
1.2999999999999676,0.2401505061378578,-0.07225899230043661,1.6600648784267442,0.24089753526951235,-0.0730729833318539,1.6609761099930531,0.24089753526951235,-0.0730729833318539,1.6609761099930531,0.0,0.0,0.0,4.531789003474724,0.07552981672457874
1.3009999999999675,0.24016087077094117,-0.07226342500359191,1.6600700510001394,0.24089753526951235,-0.0730729833318539,1.6609761099930531,0.24089753526951235,-0.0730729833318539,1.6609761099930531,0.0,0.0,0.0,4.532266497621707,0.07553777496036179
1.3019999999999674,0.24017123769681864,-0.07226794102043163,1.6600753159424813,0.24089753526951235,-0.0730729833318539,1.6609761099930531,0.24089753526951235,-0.0730729833318539,1.6609761099930531,0.0,0.0,0.0,4.5327366049769795,0.07554561008294966
1.3029999999999673,0.24018160492910823,-0.07227253859916753,1.6600806712292568,0.24089753526951235,-0.0730729833318539,1.6609761099930531,0.24089753526951235,-0.0730729833318539,1.6609761099930531,0.0,0.0,0.0,4.533199367145198,0.0755533227857533
1.3039999999999672,0.24019197050906307,-0.07227721599304726,1.660086114843137,0.24089753526951235,-0.0730729833318539,1.6609761099930531,0.24089753526951235,-0.0730729833318539,1.6609761099930531,0.0,0.0,0.0,4.53365482590277,0.07556091376504616
1.304999999999967,0.24020233250551723,-0.07228197146066435,1.6600916447743121,0.24089753526951235,-0.0730729833318539,1.6609761099930531,0.24089753526951235,-0.0730729833318539,1.6609761099930531,0.0,0.0,0.0,4.534103023203729,0.07556838372006215
1.305999999999967,0.24021268901483603,-0.07228680326625976,1.6600972590208103,0.24089753526951235,-0.0730729833318539,1.6609761099930531,0.24089753526951235,-0.0730729833318539,1.6609761099930531,0.0,0.0,0.0,4.5345440011799205,0.07557573335299868
1.3069999999999669,0.2402230381608662,-0.07229170968002056,1.6601029555888245,0.24089753526951235,-0.0730729833318539,1.6609761099930531,0.24089753526951235,-0.0730729833318539,1.6609761099930531,0.0,0.0,0.0,4.53497780214633,0.0755829633691055
1.3079999999999667,0.24023337809487097,-0.07229668897836766,1.6601087324930144,0.24089753526951235,-0.0730729833318539,1.6609761099930531,0.24089753526951235,-0.0730729833318539,1.6609761099930531,0.0,0.0,0.0,4.535404468602882,0.07559007447671469
1.3089999999999666,0.2402437069954717,-0.07230173944424273,1.6601145877568126,0.24089753526951235,-0.0730729833318539,1.6609761099930531,0.24089753526951235,-0.0730729833318539,1.6609761099930531,0.0,0.0,0.0,4.535824043236655,0.07559706738727759
1.3099999999999665,0.2402540230685869,-0.07230685936738629,1.6601205194127284,0.24089753526951235,-0.0730729833318539,1.6609761099930531,0.24089753526951235,-0.0730729833318539,1.6609761099930531,0.0,0.0,0.0,4.536236568924163,0.07560394281540271
1.3109999999999664,0.24026432454736033,-0.07231204704460895,1.660126525502627,0.24089753526951235,-0.0730729833318539,1.6609761099930531,0.24089753526951235,-0.0730729833318539,1.6609761099930531,0.0,0.0,0.0,4.536642088732581,0.07561070147887634
1.3119999999999663,0.24027460969209405,-0.07231730078005986,1.6601326040780242,0.24089753526951235,-0.0730729833318539,1.6609761099930531,0.24089753526951235,-0.0730729833318539,1.6609761099930531,0.0,0.0,0.0,4.537040645922285,0.07561734409870474
1.3129999999999662,0.24028487679017385,-0.07232261888548737,1.6601387532003584,0.24089753526951235,-0.0730729833318539,1.6609761099930531,0.24089753526951235,-0.0730729833318539,1.6609761099930531,0.0,0.0,0.0,4.537432283946576,0.0756238713991096
1.313999999999966,0.24029512415599366,-0.07232799968049325,1.6601449709412603,0.24089753526951235,-0.0730729833318539,1.6609761099930531,0.24089753526951235,-0.0730729833318539,1.6609761099930531,0.0,0.0,0.0,4.537817046453271,0.07563028410755451
1.314999999999966,0.24030535013087562,-0.07233344149278305,1.6601512553828208,0.24089753526951235,-0.0730729833318539,1.6609761099930531,0.24089753526951235,-0.0730729833318539,1.6609761099930531,0.0,0.0,0.0,4.538194977285542,0.07563658295475903
1.3159999999999659,0.24031555308298927,-0.07233894265840958,1.6601576046178474,0.24089753526951235,-0.0730729833318539,1.6609761099930531,0.24089753526951235,-0.0730729833318539,1.6609761099930531,0.0,0.0,0.0,4.538566120481498,0.07564276867469164
1.3169999999999658,0.24032573140726476,-0.0723445015220113,1.6601640167501144,0.24089753526951235,-0.0730729833318539,1.6609761099930531,0.24089753526951235,-0.0730729833318539,1.6609761099930531,0.0,0.0,0.0,4.538930520275011,0.07564884200458352
1.3179999999999656,0.24033588352530688,-0.07235011643704461,1.6601704898946112,0.24089753526951235,-0.0730729833318539,1.6609761099930531,0.24089753526951235,-0.0730729833318539,1.6609761099930531,0.0,0.0,0.0,4.539288221095066,0.07565480368491777
1.3189999999999655,0.2403460078853024,-0.07235578576601098,1.6601770221777792,0.24089753526951235,-0.0730729833318539,1.6609761099930531,0.24089753526951235,-0.0730729833318539,1.6609761099930531,0.0,0.0,0.0,4.539639267565428,0.0756606544594238
1.3199999999999654,0.2403561029619285,-0.07236150788067856,1.6601836117377462,0.24089753526951235,-0.0730729833318539,1.6609761099930531,0.24089753526951235,-0.0730729833318539,1.6609761099930531,0.0,0.0,0.0,4.539983704504034,0.07566639507506724
1.3209999999999653,0.24036616725625382,-0.07236728116229818,1.6601902567245526,0.24089753526951235,-0.0730729833318539,1.6609761099930531,0.24089753526951235,-0.0730729833318539,1.6609761099930531,0.0,0.0,0.0,4.540321576921882,0.07567202628203137
1.3219999999999652,0.2403761992956411,-0.07237310400181474,1.6601969553003717,0.24089753526951235,-0.0730729833318539,1.6609761099930531,0.24089753526951235,-0.0730729833318539,1.6609761099930531,0.0,0.0,0.0,4.540652930021689,0.0756775488336948
1.322999999999965,0.24038619763364488,-0.07237897480007166,1.6602037056397239,0.24089753526951235,-0.0730729833318539,1.6609761099930531,0.24089753526951235,-0.0730729833318539,1.6609761099930531,0.0,0.0,0.0,4.540977809197238,0.07568296348662064
1.323999999999965,0.240396160849906,-0.07238489196801223,1.6602105059296903,0.24089753526951235,-0.0730729833318539,1.6609761099930531,0.24089753526951235,-0.0730729833318539,1.6609761099930531,0.0,0.0,0.0,4.5412962600316025,0.0756882710005267
1.3249999999999649,0.2404060875500449,-0.07239085392687303,1.6602173543701089,0.24089753526951235,-0.0730729833318539,1.6609761099930531,0.24089753526951235,-0.0730729833318539,1.6609761099930531,0.0,0.0,0.0,4.5416083282939255,0.07569347213823209
1.3259999999999648,0.24041597636555168,-0.07239685910837526,1.6602242491737782,0.24089753526951235,-0.0730729833318539,1.6609761099930531,0.24089753526951235,-0.0730729833318539,1.6609761099930531,0.0,0.0,0.0,4.541914059939657,0.07569856766566095
1.3269999999999647,0.240425825953673,-0.07240290595490832,1.6602311885666432,0.24089753526951235,-0.0730729833318539,1.6609761099930531,0.24089753526951235,-0.0730729833318539,1.6609761099930531,0.0,0.0,0.0,4.5422135011064855,0.07570355835177475
1.3279999999999645,0.24043563499729653,-0.07240899291970966,1.6602381707879859,0.24089753526951235,-0.0730729833318539,1.6609761099930531,0.24089753526951235,-0.0730729833318539,1.6609761099930531,0.0,0.0,0.0,4.5425066981130025,0.07570844496855005
1.3289999999999644,0.24044540220483385,-0.07241511846703935,1.660245194090603,0.24089753526951235,-0.0730729833318539,1.6609761099930531,0.24089753526951235,-0.0730729833318539,1.6609761099930531,0.0,0.0,0.0,4.5427936974554015,0.07571322829092336
1.3299999999999643,0.2404551263101002,-0.07242128107234927,1.6602522567409796,0.24089753526951235,-0.0730729833318539,1.6609761099930531,0.24089753526951235,-0.0730729833318539,1.6609761099930531,0.0,0.0,0.0,4.543074545805007,0.07571790909675012
1.3309999999999642,0.2404648060721905,-0.07242747922244852,1.6602593570194621,0.24089753526951235,-0.0730729833318539,1.6609761099930531,0.24089753526951235,-0.0730729833318539,1.6609761099930531,0.0,0.0,0.0,4.543349290005751,0.07572248816676251
1.331999999999964,0.24047444027535547,-0.07243371141566167,1.6602664932204183,0.24089753526951235,-0.0730729833318539,1.6609761099930531,0.24089753526951235,-0.0730729833318539,1.6609761099930531,0.0,0.0,0.0,4.5436179770686875,0.07572696628447813
1.332999999999964,0.24048402772887328,-0.07243997616198526,1.660273663652397,0.24089753526951235,-0.0730729833318539,1.6609761099930531,0.24089753526951235,-0.0730729833318539,1.6609761099930531,0.0,0.0,0.0,4.5438806541738925,0.07573134423623154
1.3339999999999639,0.2404935672669191,-0.07244627198323661,1.6602808666382818,0.24089753526951235,-0.0730729833318539,1.6609761099930531,0.24089753526951235,-0.0730729833318539,1.6609761099930531,0.0,0.0,0.0,4.544137368660815,0.07573562281101358
1.3349999999999638,0.2405030577484335,-0.07245259741319955,1.6602881005154357,0.24089753526951235,-0.0730729833318539,1.6609761099930531,0.24089753526951235,-0.0730729833318539,1.6609761099930531,0.0,0.0,0.0,4.544388168027614,0.07573980280046023
1.3359999999999637,0.24051249805698782,-0.07245895099776552,1.6602953636358477,0.24089753526951235,-0.0730729833318539,1.6609761099930531,0.24089753526951235,-0.0730729833318539,1.6609761099930531,0.0,0.0,0.0,4.544633099928015,0.07574388499880026
1.3369999999999636,0.24052188710064637,-0.07246533129506892,1.6603026543662658,0.24089753526951235,-0.0730729833318539,1.6609761099930531,0.24089753526951235,-0.0730729833318539,1.6609761099930531,0.0,0.0,0.0,4.544872212165982,0.07574787020276637
1.3379999999999634,0.2405312238118275,-0.07247173687561799,1.6603099710883336,0.24089753526951235,-0.0730729833318539,1.6609761099930531,0.24089753526951235,-0.0730729833318539,1.6609761099930531,0.0,0.0,0.0,4.545105552692541,0.07575175921154235
1.3389999999999633,0.2405405071471633,-0.07247816632242367,1.6603173121987134,0.24089753526951235,-0.0730729833318539,1.6609761099930531,0.24089753526951235,-0.0730729833318539,1.6609761099930531,0.0,0.0,0.0,4.545333169600651,0.07575555282667752
1.3399999999999632,0.24054973608735508,-0.07248461823111962,1.6603246761092114,0.24089753526951235,-0.0730729833318539,1.6609761099930531,0.24089753526951235,-0.0730729833318539,1.6609761099930531,0.0,0.0,0.0,4.545555111121982,0.07575925185203304
1.340999999999963,0.2405589096370278,-0.07249109121008164,1.6603320612468935,0.24089753526951235,-0.0730729833318539,1.6609761099930531,0.24089753526951235,-0.0730729833318539,1.6609761099930531,0.0,0.0,0.0,4.545771425621377,0.07576285709368961
1.341999999999963,0.24056802682458334,-0.07249758388054076,1.6603394660541955,0.24089753526951235,-0.0730729833318539,1.6609761099930531,0.24089753526951235,-0.0730729833318539,1.6609761099930531,0.0,0.0,0.0,4.545982161592965,0.07576636935988275
1.342999999999963,0.24057708670204933,-0.07250409487669195,1.660346888989035,0.24089753526951235,-0.0730729833318539,1.6609761099930531,0.24089753526951235,-0.0730729833318539,1.6609761099930531,0.0,0.0,0.0,4.546187367655551,0.07576978946092586
1.3439999999999628,0.240586088344929,-0.07251062284579948,1.6603543285249094,0.24089753526951235,-0.0730729833318539,1.6609761099930531,0.24089753526951235,-0.0730729833318539,1.6609761099930531,0.0,0.0,0.0,4.546387092546982,0.07577311820911636
1.3449999999999627,0.24059503085204692,-0.0725171664482973,1.6603617831509998,0.24089753526951235,-0.0730729833318539,1.6609761099930531,0.24089753526951235,-0.0730729833318539,1.6609761099930531,0.0,0.0,0.0,4.546581385120238,0.07577635641867063
1.3459999999999626,0.2406039133453938,-0.0725237243578862,1.660369251372257,0.24089753526951235,-0.0730729833318539,1.6609761099930531,0.24089753526951235,-0.0730729833318539,1.6609761099930531,0.0,0.0,0.0,4.546770294337303,0.07577950490562173
1.3469999999999624,0.24061273496996854,-0.07253029526162387,1.660376731709495,0.24089753526951235,-0.0730729833318539,1.6609761099930531,0.24089753526951235,-0.0730729833318539,1.6609761099930531,0.0,0.0,0.0,4.546953869265731,0.07578256448776217
1.3479999999999623,0.24062149489362003,-0.07253687786001559,1.6603842226994767,0.24089753526951235,-0.0730729833318539,1.6609761099930531,0.24089753526951235,-0.0730729833318539,1.6609761099930531,0.0,0.0,0.0,4.54713215907171,0.0757855359845285
1.3489999999999622,0.2406301923068857,-0.07254347086709705,1.6603917228949865,0.24089753526951235,-0.0730729833318539,1.6609761099930531,0.24089753526951235,-0.0730729833318539,1.6609761099930531,0.0,0.0,0.0,4.54730521301543,0.07578842021692384
1.3499999999999621,0.24063882642282858,-0.07255007301051435,1.6603992308649138,0.24089753526951235,-0.0730729833318539,1.6609761099930531,0.24089753526951235,-0.0730729833318539,1.6609761099930531,0.0,0.0,0.0,4.547473080446739,0.07579121800744565
1.350999999999962,0.24064739647687403,-0.0725566830315996,1.6604067451943185,0.24089753526951235,-0.0730729833318539,1.6609761099930531,0.24089753526951235,-0.0730729833318539,1.6609761099930531,0.0,0.0,0.0,4.547635810797801,0.07579393017996335
1.351999999999962,0.24065590172664197,-0.07256329968544463,1.6604142644844986,0.24089753526951235,-0.0730729833318539,1.6609761099930531,0.24089753526951235,-0.0730729833318539,1.6609761099930531,0.0,0.0,0.0,4.547793453579333,0.07579655755965554
1.3529999999999618,0.24066434145178267,-0.0725699217409683,1.6604217873530558,0.24089753526951235,-0.0730729833318539,1.6609761099930531,0.24089753526951235,-0.0730729833318539,1.6609761099930531,0.0,0.0,0.0,4.547946058374215,0.07579910097290359
1.3539999999999617,0.24067271495380288,-0.07257654798097975,1.6604293124339482,0.24089753526951235,-0.0730729833318539,1.6609761099930531,0.24089753526951235,-0.0730729833318539,1.6609761099930531,0.0,0.0,0.0,4.54809367483184,0.07580156124719734
1.3549999999999616,0.2406810215558986,-0.0725831772022418,1.6604368383775463,0.24089753526951235,-0.0730729833318539,1.6609761099930531,0.24089753526951235,-0.0730729833318539,1.6609761099930531,0.0,0.0,0.0,4.548236352662635,0.07580393921104392
1.3559999999999615,0.24068926060278373,-0.07258980821552549,1.6604443638506887,0.24089753526951235,-0.0730729833318539,1.6609761099930531,0.24089753526951235,-0.0730729833318539,1.6609761099930531,0.0,0.0,0.0,4.5483741416328485,0.07580623569388081
1.3569999999999613,0.24069743146051195,-0.07259643984566419,1.6604518875367154,0.24089753526951235,-0.0730729833318539,1.6609761099930531,0.24089753526951235,-0.0730729833318539,1.6609761099930531,0.0,0.0,0.0,4.5485070915574,0.07580845152595667
1.3579999999999612,0.24070553351630658,-0.0726030709316038,1.6604594081355206,0.24089753526951235,-0.0730729833318539,1.6609761099930531,0.24089753526951235,-0.0730729833318539,1.6609761099930531,0.0,0.0,0.0,4.548635252295801,0.07581058753826335
1.3589999999999611,0.24071356617838335,-0.07260970032644774,1.660466924363589,0.24089753526951235,-0.0730729833318539,1.6609761099930531,0.24089753526951235,-0.0730729833318539,1.6609761099930531,0.0,0.0,0.0,4.5487586737452315,0.07581264456242053
1.359999999999961,0.24072152887576947,-0.07261632689750029,1.660474434954022,0.24089753526951235,-0.0730729833318539,1.6609761099930531,0.24089753526951235,-0.0730729833318539,1.6609761099930531,0.0,0.0,0.0,4.548877405834552,0.07581462343057586
1.360999999999961,0.24072942105812836,-0.07262294952630499,1.660481938656578,0.24089753526951235,-0.0730729833318539,1.6609761099930531,0.24089753526951235,-0.0730729833318539,1.6609761099930531,0.0,0.0,0.0,4.548991498519136,0.07581652497531893
1.3619999999999608,0.24073724219557818,-0.07262956710868035,1.6604894342376897,0.24089753526951235,-0.0730729833318539,1.6609761099930531,0.24089753526951235,-0.0730729833318539,1.6609761099930531,0.0,0.0,0.0,4.5491010017739955,0.07581835002956659
1.3629999999999607,0.24074499177851244,-0.07263617855475214,1.6604969204804954,0.24089753526951235,-0.0730729833318539,1.6609761099930531,0.24089753526951235,-0.0730729833318539,1.6609761099930531,0.0,0.0,0.0,4.549205965589244,0.0758200994264874
1.3639999999999606,0.24075266931741393,-0.07264278278898227,1.6605043961848516,0.24089753526951235,-0.0730729833318539,1.6609761099930531,0.24089753526951235,-0.0730729833318539,1.6609761099930531,0.0,0.0,0.0,4.54930643996263,0.07582177399937717
1.3649999999999605,0.24076027434267383,-0.0726493787501935,1.6605118601673499,0.24089753526951235,-0.0730729833318539,1.6609761099930531,0.24089753526951235,-0.0730729833318539,1.6609761099930531,0.0,0.0,0.0,4.549402474893967,0.07582337458156613
1.3659999999999604,0.24076780640440731,-0.07265596539159311,1.6605193112613295,0.24089753526951235,-0.0730729833318539,1.6609761099930531,0.24089753526951235,-0.0730729833318539,1.6609761099930531,0.0,0.0,0.0,4.549494120379775,0.07582490200632958
1.3669999999999602,0.24077526507226704,-0.07266254168078973,1.6605267483168846,0.24089753526951235,-0.0730729833318539,1.6609761099930531,0.24089753526951235,-0.0730729833318539,1.6609761099930531,0.0,0.0,0.0,4.549581426406557,0.07582635710677595
1.3679999999999601,0.24078264993525694,-0.07266910659981145,1.6605341702008705,0.24089753526951235,-0.0730729833318539,1.6609761099930531,0.24089753526951235,-0.0730729833318539,1.6609761099930531,0.0,0.0,0.0,4.549664442945262,0.07582774071575436
1.36899999999996,0.240789960601545,-0.0726756591451168,1.660541575796903,0.24089753526951235,-0.0730729833318539,1.6609761099930531,0.24089753526951235,-0.0730729833318539,1.6609761099930531,0.0,0.0,0.0,4.549743219944824,0.07582905366574706
1.36999999999996,0.24079719669827504,-0.07268219832760457,1.66054896400536,0.24089753526951235,-0.0730729833318539,1.6609761099930531,0.24089753526951235,-0.0730729833318539,1.6609761099930531,0.0,0.0,0.0,4.5498178073266535,0.07583029678877756
1.3709999999999598,0.24080435787137588,-0.07268872317262189,1.6605563337433673,0.24089753526951235,-0.0730729833318539,1.6609761099930531,0.24089753526951235,-0.0730729833318539,1.6609761099930531,0.0,0.0,0.0,4.549888254977567,0.07583147091629279
1.3719999999999597,0.24081144378537528,-0.07269523271996532,1.6605636839448046,0.24089753526951235,-0.0730729833318539,1.6609761099930531,0.24089753526951235,-0.0730729833318539,1.6609761099930531,0.0,0.0,0.0,4.549954612745779,0.07583257687909632
1.3729999999999596,0.24081845412320552,-0.07270172602388328,1.6605710135602794,0.24089753526951235,-0.0730729833318539,1.6609761099930531,0.24089753526951235,-0.0730729833318539,1.6609761099930531,0.0,0.0,0.0,4.550016930432571,0.07583361550720952
1.3739999999999595,0.24082538858601338,-0.07270820215307322,1.6605783215571215,0.24089753526951235,-0.0730729833318539,1.6609761099930531,0.24089753526951235,-0.0730729833318539,1.6609761099930531,0.0,0.0,0.0,4.550075257788281,0.07583458762980469
1.3749999999999594,0.24083224689296784,-0.07271466019067593,1.660585606919358,0.24089753526951235,-0.0730729833318539,1.6609761099930531,0.24089753526951235,-0.0730729833318539,1.6609761099930531,0.0,0.0,0.0,4.550129644504709,0.07583549407507849
1.3759999999999593,0.24083902878106767,-0.07272109923426884,1.6605928686476994,0.24089753526951235,-0.0730729833318539,1.6609761099930531,0.24089753526951235,-0.0730729833318539,1.6609761099930531,0.0,0.0,0.0,4.550180140210852,0.07583633567018086
1.3769999999999591,0.24084573400494788,-0.07272751839585363,1.6606001057595103,0.24089753526951235,-0.0730729833318539,1.6609761099930531,0.24089753526951235,-0.0730729833318539,1.6609761099930531,0.0,0.0,0.0,4.550226794465501,0.07583711324109169
1.377999999999959,0.2408523623366859,-0.07273391680184355,1.6606073172887827,0.24089753526951235,-0.0730729833318539,1.6609761099930531,0.24089753526951235,-0.0730729833318539,1.6609761099930531,0.0,0.0,0.0,4.550269656751978,0.07583782761253297
1.378999999999959,0.24085891356560735,-0.07274029359304769,1.6606145022861096,0.24089753526951235,-0.0730729833318539,1.6609761099930531,0.24089753526951235,-0.0730729833318539,1.6609761099930531,0.0,0.0,0.0,4.55030877647252,0.07583847960787533
1.3799999999999588,0.24086538749808967,-0.0727466479246507,1.6606216598186452,0.24089753526951235,-0.0730729833318539,1.6609761099930531,0.24089753526951235,-0.0730729833318539,1.6609761099930531,0.0,0.0,0.0,4.550344202942145,0.07583907004903574
1.3809999999999587,0.24087178395736966,-0.07275297896619345,1.6606287889700788,0.24089753526951235,-0.0730729833318539,1.6609761099930531,0.24089753526951235,-0.0730729833318539,1.6609761099930531,0.0,0.0,0.0,4.550375985383243,0.07583959975638739
1.3819999999999586,0.24087810278334598,-0.07275928590154734,1.66063588884059,0.24089753526951235,-0.0730729833318539,1.6609761099930531,0.24089753526951235,-0.0730729833318539,1.6609761099930531,0.0,0.0,0.0,4.550404172918801,0.0758400695486467
1.3829999999999585,0.24088434383238114,-0.07276556792888779,1.660642958546805,0.24089753526951235,-0.0730729833318539,1.6609761099930531,0.24089753526951235,-0.0730729833318539,1.6609761099930531,0.0,0.0,0.0,4.550428814567409,0.07584048024279015
1.3839999999999584,0.24089050697711065,-0.0727718242606664,1.660649997221763,0.24089753526951235,-0.0730729833318539,1.6609761099930531,0.24089753526951235,-0.0730729833318539,1.6609761099930531,0.0,0.0,0.0,4.550449959238345,0.07584083265397241
1.3849999999999583,0.24089659210623945,-0.07277805412357934,1.6606570040148574,0.24089753526951235,-0.0730729833318539,1.6609761099930531,0.24089753526951235,-0.0730729833318539,1.6609761099930531,0.0,0.0,0.0,4.550467655724331,0.07584112759540552
1.3859999999999582,0.24090259912435028,-0.07278425675853181,1.6606639780917951,0.24089753526951235,-0.0730729833318539,1.6609761099930531,0.24089753526951235,-0.0730729833318539,1.6609761099930531,0.0,0.0,0.0,4.5504819526972256,0.07584136587828709
1.386999999999958,0.2409085279517047,-0.07279043142060466,1.6606709186345452,0.24089753526951235,-0.0730729833318539,1.6609761099930531,0.24089753526951235,-0.0730729833318539,1.6609761099930531,0.0,0.0,0.0,4.5504928987019095,0.0758415483116985
1.387999999999958,0.24091437852404524,-0.07279657737901336,1.6606778248412792,0.24089753526951235,-0.0730729833318539,1.6609761099930531,0.24089753526951235,-0.0730729833318539,1.6609761099930531,0.0,0.0,0.0,4.550500542150407,0.07584167570250679
1.3889999999999578,0.2409201507923981,-0.07280269391706909,1.6606846959263195,0.24089753526951235,-0.0730729833318539,1.6609761099930531,0.24089753526951235,-0.0730729833318539,1.6609761099930531,0.0,0.0,0.0,4.550504931317786,0.07584174885529643
1.3899999999999577,0.24092584472287576,-0.07280878033213484,1.6606915311200794,0.24089753526951235,-0.0730729833318539,1.6609761099930531,0.24089753526951235,-0.0730729833318539,1.6609761099930531,0.0,0.0,0.0,4.550506114335145,0.07584176857225242
1.3909999999999576,0.24093146029648027,-0.07281483593558057,1.6606983296689997,0.24089753526951235,-0.0730729833318539,1.6609761099930531,0.24089753526951235,-0.0730729833318539,1.6609761099930531,0.0,0.0,0.0,4.550504139184998,0.0758417356530833
1.3919999999999575,0.24093699750890435,-0.07282086005273594,1.660705090835489,0.24089753526951235,-0.0730729833318539,1.6609761099930531,0.24089753526951235,-0.0730729833318539,1.6609761099930531,0.0,0.0,0.0,4.550499053696709,0.07584165089494514
1.3929999999999574,0.24094245637033368,-0.07282685202284091,1.6607118138978556,0.24089753526951235,-0.0730729833318539,1.6609761099930531,0.24089753526951235,-0.0730729833318539,1.6609761099930531,0.0,0.0,0.0,4.55049090554004,0.075841515092334
1.3939999999999573,0.24094783690525098,-0.07283281119899447,1.6607184981502405,0.24089753526951235,-0.0730729833318539,1.6609761099930531,0.24089753526951235,-0.0730729833318539,1.6609761099930531,0.0,0.0,0.0,4.550479742220665,0.07584132903701107
1.3949999999999572,0.24095313915223504,-0.07283873694810113,1.6607251429025458,0.24089753526951235,-0.0730729833318539,1.6609761099930531,0.24089753526951235,-0.0730729833318539,1.6609761099930531,0.0,0.0,0.0,4.550465611074816,0.0758410935179136
1.395999999999957,0.240958363163769,-0.0728446286508148,1.6607317474803662,0.24089753526951235,-0.0730729833318539,1.6609761099930531,0.24089753526951235,-0.0730729833318539,1.6609761099930531,0.0,0.0,0.0,4.550448559264326,0.0758408093210721
1.396999999999957,0.24096350900603597,-0.07285048570148296,1.6607383112249112,0.24089753526951235,-0.0730729833318539,1.6609761099930531,0.24089753526951235,-0.0730729833318539,1.6609761099930531,0.0,0.0,0.0,4.550428633772227,0.07584047722953711
1.3979999999999568,0.24096857675872765,-0.07285630750808564,1.6607448334929302,0.24089753526951235,-0.0730729833318539,1.6609761099930531,0.24089753526951235,-0.0730729833318539,1.6609761099930531,0.0,0.0,0.0,4.550405881396202,0.07584009802327003
1.3989999999999567,0.2409735665148447,-0.07286209349217566,1.6607513136566343,0.24089753526951235,-0.0730729833318539,1.6609761099930531,0.24089753526951235,-0.0730729833318539,1.6609761099930531,0.0,0.0,0.0,4.550380348745559,0.07583967247909265
1.3999999999999566,0.24097847838050046,-0.07286784308881492,1.6607577511036165,0.24089753526951235,-0.0730729833318539,1.6609761099930531,0.24089753526951235,-0.0730729833318539,1.6609761099930531,0.0,0.0,0.0,4.550352082235696,0.07583920137059492
1.4009999999999565,0.24098331247472493,-0.07287355574651014,1.6607641452367687,0.24089753526951235,-0.0730729833318539,1.6609761099930531,0.24089753526951235,-0.0730729833318539,1.6609761099930531,0.0,0.0,0.0,4.550321128083158,0.07583868546805263
1.4019999999999564,0.24098806892926872,-0.0728792309271453,1.6607704954742002,0.24089753526951235,-0.0730729833318539,1.6609761099930531,0.24089753526951235,-0.0730729833318539,1.6609761099930531,0.0,0.0,0.0,4.550287532301119,0.07583812553835198
1.4029999999999563,0.24099274788840702,-0.07288486810591506,1.6607768012491486,0.24089753526951235,-0.0730729833318539,1.6609761099930531,0.24089753526951235,-0.0730729833318539,1.6609761099930531,0.0,0.0,0.0,4.550251340695281,0.07583752234492135
1.4039999999999562,0.24099734950874385,-0.07289046677125365,1.6607830620098933,0.24089753526951235,-0.0730729833318539,1.6609761099930531,0.24089753526951235,-0.0730729833318539,1.6609761099930531,0.0,0.0,0.0,4.550212598858818,0.07583687664764696
1.404999999999956,0.241001873959018,-0.07289602642476403,1.6607892772196702,0.24089753526951235,-0.0730729833318539,1.6609761099930531,0.24089753526951235,-0.0730729833318539,1.6609761099930531,0.0,0.0,0.0,4.5501713521683,0.075836189202805
1.405999999999956,0.24100632141990783,-0.07290154658114448,1.6607954463565755,0.24089753526951235,-0.0730729833318539,1.6609761099930531,0.24089753526951235,-0.0730729833318539,1.6609761099930531,0.0,0.0,0.0,4.55012764577868,0.07583546076297801
1.4069999999999558,0.2410106920838372,-0.07290702676811342,1.660801568913476,0.24089753526951235,-0.0730729833318539,1.6609761099930531,0.24089753526951235,-0.0730729833318539,1.6609761099930531,0.0,0.0,0.0,4.5500815246201745,0.07583469207700291
1.4079999999999557,0.24101498615478198,-0.07291246652633468,1.660807644397916,0.24089753526951235,-0.0730729833318539,1.6609761099930531,0.24089753526951235,-0.0730729833318539,1.6609761099930531,0.0,0.0,0.0,4.55003303339291,0.07583388388988183
1.4089999999999556,0.24101920384807696,-0.0729178654093386,1.6608136723320166,0.24089753526951235,-0.0730729833318539,1.6609761099930531,0.24089753526951235,-0.0730729833318539,1.6609761099930531,0.0,0.0,0.0,4.549982216563369,0.07583303694272282
1.4099999999999555,0.24102334539022302,-0.0729232229834425,1.6608196522523875,0.24089753526951235,-0.0730729833318539,1.6609761099930531,0.24089753526951235,-0.0730729833318539,1.6609761099930531,0.0,0.0,0.0,4.549929118360941,0.07583215197268235
1.4109999999999554,0.2410274110186956,-0.07292853882767217,1.6608255837100185,0.24089753526951235,-0.0730729833318539,1.6609761099930531,0.24089753526951235,-0.0730729833318539,1.6609761099930531,0.0,0.0,0.0,4.54987378277175,0.0758312297128625
1.4119999999999553,0.24103140098175307,-0.07293381253367823,1.6608314662701869,0.24089753526951235,-0.0730729833318539,1.6609761099930531,0.24089753526951235,-0.0730729833318539,1.6609761099930531,0.0,0.0,0.0,4.549816253537806,0.07583027089229676
1.4129999999999552,0.24103531553824548,-0.07293904370565249,1.660837299512351,0.24089753526951235,-0.0730729833318539,1.6609761099930531,0.24089753526951235,-0.0730729833318539,1.6609761099930531,0.0,0.0,0.0,4.549756574150714,0.07582927623584523
1.413999999999955,0.24103915495742545,-0.0729442319602454,1.6608430830300531,0.24089753526951235,-0.0730729833318539,1.6609761099930531,0.24089753526951235,-0.0730729833318539,1.6609761099930531,0.0,0.0,0.0,4.549694787849274,0.07582824646415458
1.414999999999955,0.24104291951875748,-0.07294937692647868,1.660848816430808,0.24089753526951235,-0.0730729833318539,1.6609761099930531,0.24089753526951235,-0.0730729833318539,1.6609761099930531,0.0,0.0,0.0,4.549630937615041,0.07582718229358403
1.4159999999999549,0.24104660951173024,-0.07295447824565782,1.660854499336003,0.24089753526951235,-0.0730729833318539,1.6609761099930531,0.24089753526951235,-0.0730729833318539,1.6609761099930531,0.0,0.0,0.0,4.549565066169533,0.07582608443615889
1.4169999999999547,0.24105022523566796,-0.07295953557128555,1.6608601313807916,0.24089753526951235,-0.0730729833318539,1.6609761099930531,0.24089753526951235,-0.0730729833318539,1.6609761099930531,0.0,0.0,0.0,4.549497215970008,0.07582495359950013
1.4179999999999546,0.24105376699954373,-0.07296454856897114,1.6608657122139805,0.24089753526951235,-0.0730729833318539,1.6609761099930531,0.24089753526951235,-0.0730729833318539,1.6609761099930531,0.0,0.0,0.0,4.549427429206128,0.07582379048676881
1.4189999999999545,0.24105723512179145,-0.07296951691633984,1.660871241497925,0.24089753526951235,-0.0730729833318539,1.6609761099930531,0.24089753526951235,-0.0730729833318539,1.6609761099930531,0.0,0.0,0.0,4.549355747797431,0.07582259579662386
1.4199999999999544,0.2410606299301228,-0.07297444030294159,1.6608767189084204,0.24089753526951235,-0.0730729833318539,1.6609761099930531,0.24089753526951235,-0.0730729833318539,1.6609761099930531,0.0,0.0,0.0,4.549282213388983,0.0758213702231497
1.4209999999999543,0.24106395176133993,-0.07297931843015826,1.6608821441345847,0.24089753526951235,-0.0730729833318539,1.6609761099930531,0.24089753526951235,-0.0730729833318539,1.6609761099930531,0.0,0.0,0.0,4.549206867348555,0.07582011445580925
1.4219999999999542,0.2410672009611519,-0.07298415101110911,1.660887516878751,0.24089753526951235,-0.0730729833318539,1.6609761099930531,0.24089753526951235,-0.0730729833318539,1.6609761099930531,0.0,0.0,0.0,4.549129750763978,0.07581882917939962
1.422999999999954,0.2410703778839937,-0.07298893777055768,1.6608928368563542,0.24089753526951235,-0.0730729833318539,1.6609761099930531,0.24089753526951235,-0.0730729833318539,1.6609761099930531,0.0,0.0,0.0,4.549050904439638,0.07581751507399397
1.423999999999954,0.24107348289283928,-0.07299367844481314,1.660898103795813,0.24089753526951235,-0.0730729833318539,1.6609761099930531,0.24089753526951235,-0.0730729833318539,1.6609761099930531,0.0,0.0,0.0,4.548970368893457,0.07581617281489095
1.4249999999999539,0.24107651635902555,-0.07299837278163716,1.6609033174384193,0.24089753526951235,-0.0730729833318539,1.6609761099930531,0.24089753526951235,-0.0730729833318539,1.6609761099930531,0.0,0.0,0.0,4.548888184354565,0.07581480307257608
1.4259999999999537,0.24107947866206897,-0.0730030205401435,1.6609084775382197,0.24089753526951235,-0.0730729833318539,1.6609761099930531,0.24089753526951235,-0.0730729833318539,1.6609761099930531,0.0,0.0,0.0,4.548804390760001,0.07581340651266669
1.4269999999999536,0.24108237018948547,-0.07300762149070054,1.6609135838618978,0.24089753526951235,-0.0730729833318539,1.6609761099930531,0.24089753526951235,-0.0730729833318539,1.6609761099930531,0.0,0.0,0.0,4.548719027752214,0.07581198379587023
1.4279999999999535,0.2410851913366142,-0.0730121754148318,1.6609186361886594,0.24089753526951235,-0.0730729833318539,1.6609761099930531,0.24089753526951235,-0.0730729833318539,1.6609761099930531,0.0,0.0,0.0,4.548632134676436,0.0758105355779406
1.4289999999999534,0.24108794250643834,-0.07301668210511641,1.6609236343101086,0.24089753526951235,-0.0730729833318539,1.6609761099930531,0.24089753526951235,-0.0730729833318539,1.6609761099930531,0.0,0.0,0.0,4.548543750577956,0.0758090625096326
1.4299999999999533,0.24109062410940862,-0.07302114136508649,1.6609285780301335,0.24089753526951235,-0.0730729833318539,1.6609761099930531,0.24089753526951235,-0.0730729833318539,1.6609761099930531,0.0,0.0,0.0,4.54845391420038,0.075807565236673
1.4309999999999532,0.2410932365632691,-0.07302555300912782,1.660933467164784,0.24089753526951235,-0.0730729833318539,1.6609761099930531,0.24089753526951235,-0.0730729833318539,1.6609761099930531,0.0,0.0,0.0,4.548362663982235,0.07580604439970393
1.431999999999953,0.2410957802928812,-0.07302991686237503,1.6609383015421506,0.24089753526951235,-0.0730729833318539,1.6609761099930531,0.24089753526951235,-0.0730729833318539,1.6609761099930531,0.0,0.0,0.0,4.548270038055379,0.07580450063425631
1.432999999999953,0.24109825573005125,-0.07303423276061025,1.660943081002243,0.24089753526951235,-0.0730729833318539,1.6609761099930531,0.24089753526951235,-0.0730729833318539,1.6609761099930531,0.0,0.0,0.0,4.548176074242224,0.07580293457070372
1.4339999999999529,0.24110066331335803,-0.07303850055015838,1.6609478053968687,0.24089753526951235,-0.0730729833318539,1.6609761099930531,0.24089753526951235,-0.0730729833318539,1.6609761099930531,0.0,0.0,0.0,4.5480808100544685,0.07580134683424114
1.4349999999999528,0.24110300348798103,-0.07304272008778269,1.6609524745895083,0.24089753526951235,-0.0730729833318539,1.6609761099930531,0.24089753526951235,-0.0730729833318539,1.6609761099930531,0.0,0.0,0.0,4.547984282689844,0.07579973804483073
1.4359999999999526,0.24110527670553183,-0.0730468912405809,1.6609570884551947,0.24089753526951235,-0.0730729833318539,1.6609761099930531,0.24089753526951235,-0.0730729833318539,1.6609761099930531,0.0,0.0,0.0,4.547886529031262,0.0757981088171877
1.4369999999999525,0.24110748342388316,-0.07305101388587763,1.6609616468803872,0.24089753526951235,-0.0730729833318539,1.6609761099930531,0.24089753526951235,-0.0730729833318539,1.6609761099930531,0.0,0.0,0.0,4.547787585644541,0.07579645976074235
1.4379999999999524,0.2411096241070022,-0.07305508791111996,1.6609661497628476,0.24089753526951235,-0.0730729833318539,1.6609761099930531,0.24089753526951235,-0.0730729833318539,1.6609761099930531,0.0,0.0,0.0,4.547687488776058,0.07579479147960096
1.4389999999999523,0.24111169922478454,-0.07305911321376973,1.6609705970115158,0.24089753526951235,-0.0730729833318539,1.6609761099930531,0.24089753526951235,-0.0730729833318539,1.6609761099930531,0.0,0.0,0.0,4.547586274351578,0.07579310457252629
1.4399999999999522,0.24111370925288772,-0.0730630897011969,1.6609749885463827,0.24089753526951235,-0.0730729833318539,1.6609761099930531,0.24089753526951235,-0.0730729833318539,1.6609761099930531,0.0,0.0,0.0,4.54748397797435,0.07579139963290583
1.440999999999952,0.24111565467256685,-0.07306701729057219,1.6609793242983675,0.24089753526951235,-0.0730729833318539,1.6609761099930531,0.24089753526951235,-0.0730729833318539,1.6609761099930531,0.0,0.0,0.0,4.547380634924046,0.0757896772487341
1.441999999999952,0.2411175359705125,-0.07307089590875734,1.660983604209187,0.24089753526951235,-0.0730729833318539,1.6609761099930531,0.24089753526951235,-0.0730729833318539,1.6609761099930531,0.0,0.0,0.0,4.547276280153835,0.07578793800256392
1.4429999999999519,0.24111935363868808,-0.07307472549219879,1.6609878282312345,0.24089753526951235,-0.0730729833318539,1.6609761099930531,0.24089753526951235,-0.0730729833318539,1.6609761099930531,0.0,0.0,0.0,4.547170948291006,0.07578618247151676
1.4439999999999518,0.24112110817416935,-0.07307850598681731,1.6609919963274473,0.24089753526951235,-0.0730729833318539,1.6609761099930531,0.24089753526951235,-0.0730729833318539,1.6609761099930531,0.0,0.0,0.0,4.547064673633434,0.0757844112272239
1.4449999999999517,0.24112280007898573,-0.07308223734789925,1.6609961084711828,0.24089753526951235,-0.0730729833318539,1.6609761099930531,0.24089753526951235,-0.0730729833318539,1.6609761099930531,0.0,0.0,0.0,4.546957490149968,0.0757826248358328
1.4459999999999515,0.24112442985996135,-0.07308591953998692,1.661000164646091,0.24089753526951235,-0.0730729833318539,1.6609761099930531,0.24089753526951235,-0.0730729833318539,1.6609761099930531,0.0,0.0,0.0,4.546849431478566,0.07578082385797609
1.4469999999999514,0.24112599802855855,-0.07308955253676877,1.661004164845986,0.24089753526951235,-0.0730729833318539,1.6609761099930531,0.24089753526951235,-0.0730729833318539,1.6609761099930531,0.0,0.0,0.0,4.5467405309247475,0.07577900884874579
1.4479999999999513,0.24112750510072217,-0.07309313632096913,1.6610081090747169,0.24089753526951235,-0.0730729833318539,1.6609761099930531,0.24089753526951235,-0.0730729833318539,1.6609761099930531,0.0,0.0,0.0,4.546630821461236,0.07577718035768727
1.4489999999999512,0.24112895159672632,-0.0730966708842368,1.661011997346042,0.24089753526951235,-0.0730729833318539,1.6609761099930531,0.24089753526951235,-0.0730729833318539,1.6609761099930531,0.0,0.0,0.0,4.546520335726403,0.07577533892877339
1.449999999999951,0.2411303380410193,-0.07310015622703649,1.6610158296834974,0.24089753526951235,-0.0730729833318539,1.6609761099930531,0.24089753526951235,-0.0730729833318539,1.6609761099930531,0.0,0.0,0.0,4.546409106023787,0.07577348510039644
1.450999999999951,0.24113166496207455,-0.07310359235853647,1.6610196061202709,0.24089753526951235,-0.0730729833318539,1.6609761099930531,0.24089753526951235,-0.0730729833318539,1.6609761099930531,0.0,0.0,0.0,4.546297164321015,0.07577161940535024
1.4519999999999509,0.24113293289223778,-0.07310697929649679,1.6610233266990742,0.24089753526951235,-0.0730729833318539,1.6609761099930531,0.24089753526951235,-0.0730729833318539,1.6609761099930531,0.0,0.0,0.0,4.546184542249124,0.07576974237081874
1.4529999999999508,0.2411341423675804,-0.0731103170671597,1.6610269914720106,0.24089753526951235,-0.0730729833318539,1.6609761099930531,0.24089753526951235,-0.0730729833318539,1.6609761099930531,0.0,0.0,0.0,4.5460712711011455,0.07576785451835243
1.4539999999999507,0.24113529392774968,-0.07311360570513763,1.6610306005004483,0.24089753526951235,-0.0730729833318539,1.6609761099930531,0.24089753526951235,-0.0730729833318539,1.6609761099930531,0.0,0.0,0.0,4.545957381832753,0.07576595636387923
1.4549999999999506,0.24113638811582427,-0.0731168452533006,1.6610341538548932,0.24089753526951235,-0.0730729833318539,1.6609761099930531,0.24089753526951235,-0.0730729833318539,1.6609761099930531,0.0,0.0,0.0,4.545842905060739,0.07576404841767898
1.4559999999999504,0.24113742547816858,-0.07312003576266649,1.6610376516148575,0.24089753526951235,-0.0730729833318539,1.6609761099930531,0.24089753526951235,-0.0730729833318539,1.6609761099930531,0.0,0.0,0.0,4.545727871062429,0.07576213118437382
1.4569999999999503,0.2411384065642883,-0.07312317729228773,1.6610410938687303,0.24089753526951235,-0.0730729833318539,1.6609761099930531,0.24089753526951235,-0.0730729833318539,1.6609761099930531,0.0,0.0,0.0,4.545612309775752,0.0757602051629292
1.4579999999999502,0.24113933192669035,-0.07312626990914059,1.6610444807136513,0.24089753526951235,-0.0730729833318539,1.6609761099930531,0.24089753526951235,-0.0730729833318539,1.6609761099930531,0.0,0.0,0.0,4.545496250798751,0.07575827084664584
1.4589999999999501,0.24114020212073983,-0.07312931368801266,1.6610478122553824,0.24089753526951235,-0.0730729833318539,1.6609761099930531,0.24089753526951235,-0.0730729833318539,1.6609761099930531,0.0,0.0,0.0,4.545379723389256,0.07575632872315426
1.45999999999995,0.24114101770452162,-0.07313230871139174,1.661051088608175,0.24089753526951235,-0.0730729833318539,1.6609761099930531,0.24089753526951235,-0.0730729833318539,1.6609761099930531,0.0,0.0,0.0,4.545262756463808,0.07575437927439681
1.46099999999995,0.24114177923870314,-0.07313525506935377,1.6610543098946458,0.24089753526951235,-0.0730729833318539,1.6609761099930531,0.24089753526951235,-0.0730729833318539,1.6609761099930531,0.0,0.0,0.0,4.545145378598869,0.07575242297664782
1.4619999999999498,0.24114248728639615,-0.07313815285945093,1.661057476245644,0.24089753526951235,-0.0730729833318539,1.6609761099930531,0.24089753526951235,-0.0730729833318539,1.6609761099930531,0.0,0.0,0.0,4.5450276180297395,0.07575046030049566
1.4629999999999497,0.24114314241302237,-0.07314100218659988,1.6610605878001277,0.24089753526951235,-0.0730729833318539,1.6609761099930531,0.24089753526951235,-0.0730729833318539,1.6609761099930531,0.0,0.0,0.0,4.544909502651038,0.07574849171085063
1.4639999999999496,0.24114374518618073,-0.07314380316297117,1.661063644705034,0.24089753526951235,-0.0730729833318539,1.6609761099930531,0.24089753526951235,-0.0730729833318539,1.6609761099930531,0.0,0.0,0.0,4.544791060016096,0.07574651766693494
1.4649999999999495,0.24114429617551242,-0.07314655590787594,1.661066647115149,0.24089753526951235,-0.0730729833318539,1.6609761099930531,0.24089753526951235,-0.0730729833318539,1.6609761099930531,0.0,0.0,0.0,4.544672317337186,0.07574453862228643
1.4659999999999493,0.2411447959525725,-0.07314926054765694,1.661069595192982,0.24089753526951235,-0.0730729833318539,1.6609761099930531,0.24089753526951235,-0.0730729833318539,1.6609761099930531,0.0,0.0,0.0,4.544553301486062,0.0757425550247677
1.4669999999999492,0.241145245090699,-0.07315191721557411,1.6610724891086384,0.24089753526951235,-0.0730729833318539,1.6609761099930531,0.24089753526951235,-0.0730729833318539,1.6609761099930531,0.0,0.0,0.0,4.544434038993773,0.0757405673165629
1.4679999999999491,0.24114564416488513,-0.07315452605169705,1.6610753290396907,0.24089753526951235,-0.0730729833318539,1.6609761099930531,0.24089753526951235,-0.0730729833318539,1.6609761099930531,0.0,0.0,0.0,4.544314556051,0.07573857593418333
1.468999999999949,0.24114599375165263,-0.07315708720279057,1.661078115171052,0.24089753526951235,-0.0730729833318539,1.6609761099930531,0.24089753526951235,-0.0730729833318539,1.6609761099930531,0.0,0.0,0.0,4.544194878508125,0.07573658130846875
1.469999999999949,0.24114629442892682,-0.07315960082220724,1.6610808476948524,0.24089753526951235,-0.0730729833318539,1.6609761099930531,0.24089753526951235,-0.0730729833318539,1.6609761099930531,0.0,0.0,0.0,4.544075031876117,0.07573458386460195
1.4709999999999488,0.24114654677591213,-0.0731620670697741,1.6610835268103072,0.24089753526951235,-0.0730729833318539,1.6609761099930531,0.24089753526951235,-0.0730729833318539,1.6609761099930531,0.0,0.0,0.0,4.543955041326115,0.07573258402210192
1.4719999999999487,0.24114675137297112,-0.07316448611168422,1.661086152723595,0.24089753526951235,-0.0730729833318539,1.6609761099930531,0.24089753526951235,-0.0730729833318539,1.6609761099930531,0.0,0.0,0.0,4.5438349316905615,0.07573058219484269
1.4729999999999486,0.24114690880150186,-0.07316685812038559,1.6610887256477302,0.24089753526951235,-0.0730729833318539,1.6609761099930531,0.24089753526951235,-0.0730729833318539,1.6609761099930531,0.0,0.0,0.0,4.5437147274636835,0.07572857879106139
1.4739999999999485,0.24114701964381946,-0.07316918327447175,1.661091245802439,0.24089753526951235,-0.0730729833318539,1.6609761099930531,0.24089753526951235,-0.0730729833318539,1.6609761099930531,0.0,0.0,0.0,4.543594452801609,0.07572657421336015
1.4749999999999484,0.2411470844830388,-0.07317146175857242,1.6610937134140336,0.24089753526951235,-0.0730729833318539,1.6609761099930531,0.24089753526951235,-0.0730729833318539,1.6609761099930531,0.0,0.0,0.0,4.543474131523026,0.0757245688587171
1.4759999999999482,0.24114710390295624,-0.07317369376324352,1.6610961287152866,0.24089753526951235,-0.0730729833318539,1.6609761099930531,0.24089753526951235,-0.0730729833318539,1.6609761099930531,0.0,0.0,0.0,4.543353787110391,0.07572256311850652
1.4769999999999481,0.24114707848793593,-0.07317587948485933,1.6610984919453078,0.24089753526951235,-0.0730729833318539,1.6609761099930531,0.24089753526951235,-0.0730729833318539,1.6609761099930531,0.0,0.0,0.0,4.543233442710117,0.07572055737850196
1.477999999999948,0.24114700882279594,-0.07317801912550308,1.6611008033494237,0.24089753526951235,-0.0730729833318539,1.6609761099930531,0.24089753526951235,-0.0730729833318539,1.6609761099930531,0.0,0.0,0.0,4.543113121133823,0.07571855201889705
1.478999999999948,0.24114689549269575,-0.07318011289285926,1.6611030631790484,0.24089753526951235,-0.0730729833318539,1.6609761099930531,0.24089753526951235,-0.0730729833318539,1.6609761099930531,0.0,0.0,0.0,4.5429928448582615,0.07571654741430436
1.4799999999999478,0.2411467390830258,-0.07318216100010493,1.6611052716915649,0.24089753526951235,-0.0730729833318539,1.6609761099930531,0.24089753526951235,-0.0730729833318539,1.6609761099930531,0.0,0.0,0.0,4.542872636027114,0.07571454393378522
1.4809999999999477,0.24114654017929815,-0.07318416366580308,1.6611074291502017,0.24089753526951235,-0.0730729833318539,1.6609761099930531,0.24089753526951235,-0.0730729833318539,1.6609761099930531,0.0,0.0,0.0,4.542752516451533,0.07571254194085889
1.4819999999999476,0.2411462993670387,-0.07318612111379501,1.6611095358239116,0.24089753526951235,-0.0730729833318539,1.6609761099930531,0.24089753526951235,-0.0730729833318539,1.6609761099930531,0.0,0.0,0.0,4.54263250761101,0.07571054179351684
1.4829999999999475,0.24114601723168116,-0.07318803357309411,1.6611115919872506,0.24089753526951235,-0.0730729833318539,1.6609761099930531,0.24089753526951235,-0.0730729833318539,1.6609761099930531,0.0,0.0,0.0,4.5425126306543335,0.07570854384423889
1.4839999999999474,0.24114569435846145,-0.07318990127777913,1.6611135979202554,0.24089753526951235,-0.0730729833318539,1.6609761099930531,0.24089753526951235,-0.0730729833318539,1.6609761099930531,0.0,0.0,0.0,4.5423929064008846,0.07570654844001475
1.4849999999999473,0.24114533133231592,-0.07319172446688822,1.6611155539083258,0.24089753526951235,-0.0730729833318539,1.6609761099930531,0.24089753526951235,-0.0730729833318539,1.6609761099930531,0.0,0.0,0.0,4.542273355341622,0.07570455592236036
1.4859999999999471,0.2411449287377757,-0.07319350338431392,1.6611174602421044,0.24089753526951235,-0.0730729833318539,1.6609761099930531,0.24089753526951235,-0.0730729833318539,1.6609761099930531,0.0,0.0,0.0,4.542153997640459,0.07570256662734098
1.486999999999947,0.24114448715887155,-0.07319523827869802,1.6611193172173566,0.24089753526951235,-0.0730729833318539,1.6609761099930531,0.24089753526951235,-0.0730729833318539,1.6609761099930531,0.0,0.0,0.0,4.542034853134037,0.07570058088556729
1.487999999999947,0.24114400717903034,-0.07319692940332716,1.6611211251348523,0.24089753526951235,-0.0730729833318539,1.6609761099930531,0.24089753526951235,-0.0730729833318539,1.6609761099930531,0.0,0.0,0.0,4.541915941335146,0.07569859902225244
1.4889999999999468,0.24114348938097943,-0.07319857701602872,1.6611228843002503,0.24089753526951235,-0.0730729833318539,1.6609761099930531,0.24089753526951235,-0.0730729833318539,1.6609761099930531,0.0,0.0,0.0,4.541797281432813,0.07569662135721354
1.4899999999999467,0.24114293434664938,-0.07320018137906738,1.6611245950239801,0.24089753526951235,-0.0730729833318539,1.6609761099930531,0.24089753526951235,-0.0730729833318539,1.6609761099930531,0.0,0.0,0.0,4.541678892293201,0.07569464820488668
1.4909999999999466,0.2411423426570815,-0.07320174275904219,1.661126257621124,0.24089753526951235,-0.0730729833318539,1.6609761099930531,0.24089753526951235,-0.0730729833318539,1.6609761099930531,0.0,0.0,0.0,4.541560792461103,0.07569267987435171
1.4919999999999465,0.24114171489233133,-0.0732032614267843,1.6611278724113019,0.24089753526951235,-0.0730729833318539,1.6609761099930531,0.24089753526951235,-0.0730729833318539,1.6609761099930531,0.0,0.0,0.0,4.541443000162464,0.0756907166693744
1.4929999999999464,0.24114105163137958,-0.07320473765725484,1.6611294397185594,0.24089753526951235,-0.0730729833318539,1.6609761099930531,0.24089753526951235,-0.0730729833318539,1.6609761099930531,0.0,0.0,0.0,4.541325533304397,0.07568875888840661
1.4939999999999463,0.24114035345204002,-0.07320617172944327,1.6611309598712474,0.24089753526951235,-0.0730729833318539,1.6609761099930531,0.24089753526951235,-0.0730729833318539,1.6609761099930531,0.0,0.0,0.0,4.541208409476834,0.0756868068246139
1.4949999999999461,0.2411396209308711,-0.07320756392626752,1.6611324332019144,0.24089753526951235,-0.0730729833318539,1.6609761099930531,0.24089753526951235,-0.0730729833318539,1.6609761099930531,0.0,0.0,0.0,4.541091645955058,0.07568486076591764
1.495999999999946,0.24113885464308898,-0.07320891453447301,1.6611338600471888,0.24089753526951235,-0.0730729833318539,1.6609761099930531,0.24089753526951235,-0.0730729833318539,1.6609761099930531,0.0,0.0,0.0,4.540975259699675,0.07568292099499457
1.496999999999946,0.24113805516247955,-0.07321022384453293,1.661135240747669,0.24089753526951235,-0.0730729833318539,1.6609761099930531,0.24089753526951235,-0.0730729833318539,1.6609761099930531,0.0,0.0,0.0,4.540859267359494,0.0756809877893249
1.4979999999999458,0.24113722306131624,-0.07321149215054956,1.6611365756478111,0.24089753526951235,-0.0730729833318539,1.6609761099930531,0.24089753526951235,-0.0730729833318539,1.6609761099930531,0.0,0.0,0.0,4.540743685272018,0.0756790614212003
1.4989999999999457,0.24113635891027468,-0.07321271975015617,1.6611378650958177,0.24089753526951235,-0.0730729833318539,1.6609761099930531,0.24089753526951235,-0.0730729833318539,1.6609761099930531,0.0,0.0,0.0,4.540628529465889,0.07567714215776482
1.4999999999999456,0.2411354632783519,-0.07321390694441823,1.6611391094435302,0.24089753526951235,-0.0730729833318539,1.6609761099930531,0.24089753526951235,-0.0730729833318539,1.6609761099930531,0.0,0.0,0.0,4.540513815661361,0.07567523026102269
1.5009999999999455,0.24113453673278507,-0.07321505403773697,1.6611403090463142,0.24089753526951235,-0.0730729833318539,1.6609761099930531,0.24089753526951235,-0.0730729833318539,1.6609761099930531,0.0,0.0,0.0,4.540399559275075,0.07567332598791791
