time_s,ee_x,ee_y,ee_z,ref_x,ref_y,ref_z,actor_goal_x,actor_goal_y,actor_goal_z,force_x_n,force_y_n,force_z_n,max_abs_ctrl,max_control_fraction
0.001,0.24089753526951235,-0.0730729833318539,1.6609761099930531,0.24089753526951235,-0.0730729833318539,1.6609761099930531,0.24089753526951235,-0.0730729833318539,1.6609761099930531,0.0,0.0,0.0,4.534865693479492,0.07558109489132488
0.002,0.24089792617506692,-0.07307301570812491,1.6609760723441913,0.24089753526951235,-0.0730729833318539,1.6609761099930531,0.24089753526951235,-0.0730729833318539,1.6609761099930531,0.0,0.0,0.0,4.543371965735952,0.07572286609559921
0.003,0.24089831937263367,-0.07307305800194208,1.6609758875775094,0.24089753526951235,-0.0730729833318539,1.6609761099930531,0.24089753526951235,-0.0730729833318539,1.6609761099930531,0.0,0.0,0.0,4.546399398556117,0.07577332330926861
0.004,0.24089859597986812,-0.07307309901387965,1.6609755518182885,0.24089753526951235,-0.0730729833318539,1.6609761099930531,0.24089753526951235,-0.0730729833318539,1.6609761099930531,0.0,0.0,0.0,4.547201549066218,0.07578669248443697
0.005,0.24089873878853926,-0.07307313301363069,1.660975098591397,0.24089753526951235,-0.0730729833318539,1.6609761099930531,0.24089753526951235,-0.0730729833318539,1.6609761099930531,0.0,0.0,0.0,4.547041606191853,0.07578402676986422
0.006,0.24089876549800776,-0.07307315721425317,1.6609745713183541,0.24089753526951235,-0.0730729833318539,1.6609761099930531,0.24089753526951235,-0.0730729833318539,1.6609761099930531,0.0,0.0,0.0,4.546401107371766,0.07577335178952943
0.007,0.24089870285792725,-0.07307317057075839,1.660974012375094,0.24089753526951235,-0.0730729833318539,1.6609761099930531,0.24089753526951235,-0.0730729833318539,1.6609761099930531,0.0,0.0,0.0,4.545465795153779,0.07575776325256299
0.008,0.24089857718161722,-0.07307317314704152,1.6609734589181335,0.24089753526951235,-0.0730729833318539,1.6609761099930531,0.24089753526951235,-0.0730729833318539,1.6609761099930531,0.0,0.0,0.0,4.544317350896992,0.07573862251494987
0.009000000000000001,0.24089841128283518,-0.073073165737798,1.6609729414956529,0.24089753526951235,-0.0730729833318539,1.6609761099930531,0.24089753526951235,-0.0730729833318539,1.6609761099930531,0.0,0.0,0.0,4.5430061217347895,0.07571676869557982
0.010000000000000002,0.24089822384023163,-0.07307314961394358,1.660972483825914,0.24089753526951235,-0.0730729833318539,1.6609761099930531,0.24089753526951235,-0.0730729833318539,1.6609761099930531,0.0,0.0,0.0,4.541576338926961,0.07569293898211601
0.011000000000000003,0.2408980296121196,-0.07307312633540239,1.6609721030851092,0.24089753526951235,-0.0730729833318539,1.6609761099930531,0.24089753526951235,-0.0730729833318539,1.6609761099930531,0.0,0.0,0.0,4.5400729203601875,0.07566788200600312
0.012000000000000004,0.2408978398985676,-0.07307309760653881,1.6609718104330642,0.24089753526951235,-0.0730729833318539,1.6609761099930531,0.24089753526951235,-0.0730729833318539,1.6609761099930531,0.0,0.0,0.0,4.538541592664682,0.0756423598777447
0.013000000000000005,0.24089766303426163,-0.07307306516266979,1.6609716116589492,0.24089753526951235,-0.0730729833318539,1.6609761099930531,0.24089753526951235,-0.0730729833318539,1.6609761099930531,0.0,0.0,0.0,4.537026985289616,0.0756171164214936
0.014000000000000005,0.24089750484440559,-0.07307303068164707,1.6609715078894045,0.24089753526951235,-0.0730729833318539,1.6609761099930531,0.24089753526951235,-0.0730729833318539,1.6609761099930531,0.0,0.0,0.0,4.535570475122971,0.07559284125204951
0.015000000000000006,0.24089736905000142,-0.0730729957168264,1.6609714963248918,0.24089753526951235,-0.0730729833318539,1.6609761099930531,0.24089753526951235,-0.0730729833318539,1.6609761099930531,0.0,0.0,0.0,4.534208405675342,0.07557014009458903
0.016000000000000007,0.24089725762608188,-0.07307296164872211,1.6609715709794854,0.24089753526951235,-0.0730729833318539,1.6609761099930531,0.24089753526951235,-0.0730729833318539,1.6609761099930531,0.0,0.0,0.0,4.532970848975288,0.07554951414958813
0.017000000000000008,0.24089717112006825,-0.07307292965303158,1.660971723403754,0.24089753526951235,-0.0730729833318539,1.6609761099930531,0.24089753526951235,-0.0730729833318539,1.6609761099930531,0.0,0.0,0.0,4.53188090435546,0.07553134840592433
0.01800000000000001,0.24089710893656513,-0.07307290068288777,1.6609719433733978,0.24089753526951235,-0.0730729833318539,1.6609761099930531,0.24089753526951235,-0.0730729833318539,1.6609761099930531,0.0,0.0,0.0,4.530954466884332,0.07551590778140553
0.01900000000000001,0.24089706959299567,-0.0730728754632535,1.6609722195290502,0.24089753526951235,-0.0730729833318539,1.6609761099930531,0.24089753526951235,-0.0730729833318539,1.6609761099930531,0.0,0.0,0.0,4.530200380984024,0.07550333968306706
0.02000000000000001,0.24089705094875763,-0.07307285449543702,1.6609725399555417,0.24089753526951235,-0.0730729833318539,1.6609761099930531,0.24089753526951235,-0.0730729833318539,1.6609761099930531,0.0,0.0,0.0,4.529620894542558,0.07549368157570929
0.02100000000000001,0.2408970504093403,-0.07307283806976515,1.6609728926918965,0.24089753526951235,-0.0730729833318539,1.6609761099930531,0.24089753526951235,-0.0730729833318539,1.6609761099930531,0.0,0.0,0.0,4.529212334870914,0.07548687224784857
0.022000000000000013,0.24089706510612025,-0.0730728262845459,1.6609732661663645,0.24089753526951235,-0.0730729833318539,1.6609761099930531,0.24089753526951235,-0.0730729833318539,1.6609761099930531,0.0,0.0,0.0,4.528965936076986,0.0754827656012831
0.023000000000000013,0.24089709205220777,-0.07307281906956513,1.6609736495536631,0.24089753526951235,-0.0730729833318539,1.6609761099930531,0.24089753526951235,-0.0730729833318539,1.6609761099930531,0.0,0.0,0.0,4.528868756267084,0.07548114593778472
0.024000000000000014,0.24089712827470527,-0.073072816212513,1.6609740330543155,0.24089753526951235,-0.0730729833318539,1.6609761099930531,0.24089753526951235,-0.0730729833318539,1.6609761099930531,0.0,0.0,0.0,4.528904631870432,0.0754817438645072
0.025000000000000015,0.2408971709238774,-0.07307281738689658,1.6609744080983357,0.24089753526951235,-0.0730729833318539,1.6609761099930531,0.24089753526951235,-0.0730729833318539,1.6609761099930531,0.0,0.0,0.0,4.529055125040713,0.0754842520840119
0.026000000000000016,0.2408972173600208,-0.07307282218017963,1.66097476747757,0.24089753526951235,-0.0730729833318539,1.6609761099930531,0.24089753526951235,-0.0730729833318539,1.6609761099930531,0.0,0.0,0.0,4.529300428408394,0.07548834047347323
0.027000000000000017,0.24089726521912158,-0.07307283012108855,1.6609751054126143,0.24089753526951235,-0.0730729833318539,1.6609761099930531,0.24089753526951235,-0.0730729833318539,1.6609761099930531,0.0,0.0,0.0,4.5296201993029905,0.07549366998838318
0.028000000000000018,0.24089731245872503,-0.07307284070521236,1.6609754175615097,0.24089753526951235,-0.0730729833318539,1.6609761099930531,0.24089753526951235,-0.0730729833318539,1.6609761099930531,0.0,0.0,0.0,4.529994302881836,0.0754999050480306
0.02900000000000002,0.24089735738571177,-0.073072853418225,1.6609757009782338,0.24089753526951235,-0.0730729833318539,1.6609761099930531,0.24089753526951235,-0.0730729833318539,1.6609761099930531,0.0,0.0,0.0,4.530403450271911,0.07550672417119851
0.03000000000000002,0.24089739866792298,-0.07307286775624193,1.6609759540295295,0.24089753526951235,-0.0730729833318539,1.6609761099930531,0.24089753526951235,-0.0730729833318539,1.6609761099930531,0.0,0.0,0.0,4.530829723829001,0.07551382873048335
0.03100000000000002,0.2408974353317343,-0.07307288324299681,1.6609761762787174,0.24089753526951235,-0.0730729833318539,1.6609761099930531,0.24089753526951235,-0.0730729833318539,1.6609761099930531,0.0,0.0,0.0,4.5312569868649,0.07552094978108166
0.03200000000000002,0.24089746674779228,-0.07307289944368348,1.6609763683450265,0.24089753526951235,-0.0730729833318539,1.6609761099930531,0.24089753526951235,-0.0730729833318539,1.6609761099930531,0.0,0.0,0.0,4.531671179687618,0.07552785299479363
0.03300000000000002,0.24089749260714102,-0.0730729159754458,1.6609765317465384,0.24089753526951235,-0.0730729833318539,1.6609761099930531,0.24089753526951235,-0.0730729833318539,1.6609761099930531,0.0,0.0,0.0,4.532060507507257,0.07553434179178761
0.03400000000000002,0.2408975128899501,-0.07307293251462164,1.6609766687342509,0.24089753526951235,-0.0730729833318539,1.6609761099930531,0.24089753526951235,-0.0730729833318539,1.6609761099930531,0.0,0.0,0.0,4.532415528715107,0.07554025881191845
0.035000000000000024,0.24089752782894236,-0.07307294880093433,1.6609767821239898,0.24089753526951235,-0.0730729833318539,1.6609761099930531,0.24089753526951235,-0.0730729833318539,1.6609761099930531,0.0,0.0,0.0,4.532729154252876,0.0755454859042146
0.036000000000000025,0.24089753786949974,-0.07307296463891762,1.6609768751320124,0.24089753526951235,-0.0730729833318539,1.6609761099930531,0.24089753526951235,-0.0730729833318539,1.6609761099930531,0.0,0.0,0.0,4.532996570303393,0.07554994283838988
0.037000000000000026,0.24089754362821011,-0.07307297989689626,1.6609769512191987,0.24089753526951235,-0.0730729833318539,1.6609761099930531,0.24089753526951235,-0.0730729833318539,1.6609761099930531,0.0,0.0,0.0,4.533215097413423,0.0755535849568904
0.03800000000000003,0.24089754585145307,-0.07307299450389686,1.6609770139477669,0.24089753526951235,-0.0730729833318539,1.6609761099930531,0.24089753526951235,-0.0730729833318539,1.6609761099930531,0.0,0.0,0.0,4.533383999456838,0.07555639999094729
0.03900000000000003,0.2408975453753412,-0.07307300844487327,1.660977066853453,0.24089753526951235,-0.0730729833318539,1.6609761099930531,0.24089753526951235,-0.0730729833318539,1.6609761099930531,0.0,0.0,0.0,4.533504255647391,0.07555840426078984
0.04000000000000003,0.24089754308812922,-0.07307302175463089,1.6609771133351956,0.24089753526951235,-0.0730729833318539,1.6609761099930531,0.24089753526951235,-0.0730729833318539,1.6609761099930531,0.0,0.0,0.0,4.533578308194327,0.07555963846990546
0.04100000000000003,0.24089753989594487,-0.07307303451083176,1.6609771565634872,0.24089753526951235,-0.0730729833318539,1.6609761099930531,0.24089753526951235,-0.0730729833318539,1.6609761099930531,0.0,0.0,0.0,4.533609797232583,0.07556016328720973
0.04200000000000003,0.2408975366924721,-0.07307304682643039,1.6609771994077867,0.24089753526951235,-0.0730729833318539,1.6609761099930531,0.24089753526951235,-0.0730729833318539,1.6609761099930531,0.0,0.0,0.0,4.533603293444675,0.07556005489074459
0.04300000000000003,0.24089753433297922,-0.07307305884186512,1.6609772443826951,0.24089753526951235,-0.0730729833318539,1.6609761099930531,0.24089753526951235,-0.0730729833318539,1.6609761099930531,0.0,0.0,0.0,4.5335640373945,0.07555940062324167
0.04400000000000003,0.2408975336129057,-0.07307307071728693,1.6609772936120397,0.24089753526951235,-0.0730729833318539,1.6609761099930531,0.24089753526951235,-0.0730729833318539,1.6609761099930531,0.0,0.0,0.0,4.5334976930923325,0.07555829488487222
0.04500000000000003,0.2408975352510258,-0.07307308262507398,1.6609773488095314,0.24089753526951235,-0.0730729833318539,1.6609761099930531,0.24089753526951235,-0.0730729833318539,1.6609761099930531,0.0,0.0,0.0,4.53341012176522,0.07555683536275366
0.046000000000000034,0.2408975398770586,-0.0730730947428245,1.660977411274326,0.24089753526951235,-0.0730729833318539,1.6609761099930531,0.24089753526951235,-0.0730729833318539,1.6609761099930531,0.0,0.0,0.0,4.5333071802844,0.07555511967140666
0.047000000000000035,0.24089754802347055,-0.07307310724698889,1.6609774818995637,0.24089753526951235,-0.0730729833318539,1.6609761099930531,0.24089753526951235,-0.0730729833318539,1.6609761099930531,0.0,0.0,0.0,4.533194547241123,0.0755532424540187
0.048000000000000036,0.2408975601211168,-0.07307312030724779,1.6609775611918218,0.24089753526951235,-0.0730729833318539,1.6609761099930531,0.24089753526951235,-0.0730729833318539,1.6609761099930531,0.0,0.0,0.0,4.533077578315725,0.07555129297192874
0.04900000000000004,0.2408975764982868,-0.07307313408171151,1.6609776492993562,0.24089753526951235,-0.0730729833318539,1.6609761099930531,0.24089753526951235,-0.0730729833318539,1.6609761099930531,0.0,0.0,0.0,4.532961191369971,0.07554935318949951
0.05000000000000004,0.2408975973826905,-0.0730731487129756,1.6609777460470343,0.24089753526951235,-0.0730729833318539,1.6609761099930531,0.24089753526951235,-0.0730729833318539,1.6609761099930531,0.0,0.0,0.0,4.532849780647723,0.07554749634412872
0.05100000000000004,0.24089762290588307,-0.07307316432503329,1.660977850975964,0.24089753526951235,-0.0730729833318539,1.6609761099930531,0.24089753526951235,-0.0730729833318539,1.6609761099930531,0.0,0.0,0.0,4.53274715858844,0.075545785976474
0.05200000000000004,0.24089765310962502,-0.07307318102102131,1.6609779633859387,0.24089753526951235,-0.0730729833318539,1.6609761099930531,0.24089753526951235,-0.0730729833318539,1.6609761099930531,0.0,0.0,0.0,4.532656523063026,0.07554427538438377
0.05300000000000004,0.24089768795369776,-0.07307319888175332,1.6609780823790332,0.24089753526951235,-0.0730729833318539,1.6609761099930531,0.24089753526951235,-0.0730729833318539,1.6609761099930531,0.0,0.0,0.0,4.532580447326079,0.07554300745543464
0.05400000000000004,0.24089772732471723,-0.0730732179649751,1.6609782069028953,0.24089753526951235,-0.0730729833318539,1.6609761099930531,0.24089753526951235,-0.0730729833318539,1.6609761099930531,0.0,0.0,0.0,4.532520889627757,0.07554201482712929
0.05500000000000004,0.24089777104552812,-0.07307323830526319,1.6609783357924817,0.24089753526951235,-0.0730729833318539,1.6609761099930531,0.24089753526951235,-0.0730729833318539,1.6609761099930531,0.0,0.0,0.0,4.532479219237382,0.07554132032062304
0.05600000000000004,0.24089781888481754,-0.07307325991448566,1.6609784678092716,0.24089753526951235,-0.0730729833318539,1.6609761099930531,0.24089753526951235,-0.0730729833318539,1.6609761099930531,0.0,0.0,0.0,4.532456255589385,0.07554093759315642
0.057000000000000044,0.24089787056663026,-0.07307328278273234,1.6609786016771722,0.24089753526951235,-0.0730729833318539,1.6609761099930531,0.24089753526951235,-0.0730729833318539,1.6609761099930531,0.0,0.0,0.0,4.532452317324238,0.07554087195540397
0.058000000000000045,0.24089792577953362,-0.07307330687962932,1.6609787361146027,0.24089753526951235,-0.0730729833318539,1.6609761099930531,0.24089753526951235,-0.0730729833318539,1.6609761099930531,0.0,0.0,0.0,4.554213368011233,0.07554112130307364
0.059000000000000045,0.24089798418522734,-0.07307333215594614,1.6609788698624057,0.24089753526951235,-0.0730729833318539,1.6609761099930531,0.24089753526951235,-0.0730729833318539,1.6609761099930531,0.0,0.0,0.0,4.595201017092946,0.0755416771161308
0.060000000000000046,0.24089804542645674,-0.07307335854542119,1.660979001707455,0.24089753526951235,-0.0730729833318539,1.6609761099930531,0.24089753526951235,-0.0730729833318539,1.6609761099930531,0.0,0.0,0.0,4.633178440314161,0.07554252548440134
0.06100000000000005,0.24089810913412585,-0.07307338596672398,1.6609791305019663,0.24089753526951235,-0.0730729833318539,1.6609761099930531,0.24089753526951235,-0.0730729833318539,1.6609761099930531,0.0,0.0,0.0,4.668122755230872,0.07554364812399422
0.06200000000000005,0.24089817493356158,-0.07307341432549272,1.6609792551786484,0.24089753526951235,-0.0730729833318539,1.6609761099930531,0.24089753526951235,-0.0730729833318539,1.6609761099930531,0.0,0.0,0.0,4.700021104402501,0.07554502335522066
0.06300000000000004,0.240898242449913,-0.07307344351638899,1.6609793747619623,0.24089753526951235,-0.0730729833318539,1.6609761099930531,0.24089753526951235,-0.0730729833318539,1.6609761099930531,0.0,0.0,0.0,4.728870653244912,0.07554662701886548
0.06400000000000004,0.24089831131270315,-0.07307347342511897,1.6609794883757991,0.24089753526951235,-0.0730729833318539,1.6609761099930531,0.24089753526951235,-0.0730729833318539,1.6609761099930531,0.0,0.0,0.0,4.754678485040357,0.07554843331356094
0.06500000000000004,0.24089838115957535,-0.07307350393038795,1.6609795952479722,0.24089753526951235,-0.0730729833318539,1.6609761099930531,0.24089753526951235,-0.0730729833318539,1.6609761099930531,0.0,0.0,0.0,4.777461397366959,0.07555041554273352
0.06600000000000004,0.24089845163929685,-0.0730735349057495,1.660979694711928,0.24089753526951235,-0.0730729833318539,1.6609761099930531,0.24089753526951235,-0.0730729833318539,1.6609761099930531,0.0,0.0,0.0,4.797245606210007,0.07555254676452067
0.06700000000000005,0.2408985224140892,-0.07307356622133569,1.6609797862061138,0.24089753526951235,-0.0730729833318539,1.6609761099930531,0.24089753526951235,-0.0730729833318539,1.6609761099930531,0.0,0.0,0.0,4.8140663657209934,0.07555480034255124
0.06800000000000005,0.2408985931613759,-0.0730735977454468,1.6609798692714024,0.24089753526951235,-0.0730729833318539,1.6609761099930531,0.24089753526951235,-0.0730729833318539,1.6609761099930531,0.0,0.0,0.0,4.827967512980889,0.07555715039909762
0.06900000000000005,0.24089866357501788,-0.07307362934599525,1.660979943546997,0.24089753526951235,-0.0730729833318539,1.6609761099930531,0.24089753526951235,-0.0730729833318539,1.6609761099930531,0.0,0.0,0.0,4.83900094816998,0.07555957217521891
0.07000000000000005,0.2408987333661324,-0.07307366089180031,1.66098000876517,0.24089753526951235,-0.0730729833318539,1.6609761099930531,0.24089753526951235,-0.0730729833318539,1.6609761099930531,0.0,0.0,0.0,4.8472260612258635,0.07556204230461942
0.07100000000000005,0.2408988022635642,-0.07307369225373105,1.6609800647451767,0.24089753526951235,-0.0730729833318539,1.6609761099930531,0.24089753526951235,-0.0730729833318539,1.6609761099930531,0.0,0.0,0.0,4.85270911641551,0.07556453900969934
0.07200000000000005,0.24089887002696936,-0.0730737233077233,1.6609801113772087,0.24089753526951235,-0.0730729833318539,1.6609761099930531,0.24089753526951235,-0.0730729833318539,1.6609761099930531,0.0,0.0,0.0,4.855529590267258,0.07556704960103851
0.07300000000000005,0.24089893644364269,-0.07307375393316215,1.66098014859976,0.24089753526951235,-0.0730729833318539,1.6609761099930531,0.24089753526951235,-0.0730729833318539,1.6609761099930531,0.0,0.0,0.0,4.85578219320666,0.07556956741348034
0.07400000000000005,0.24089900132019396,-0.07307378401269321,1.6609801763775633,0.24089753526951235,-0.0730729833318539,1.6609761099930531,0.24089753526951235,-0.0730729833318539,1.6609761099930531,0.0,0.0,0.0,4.853577316732749,0.07557209005338414
0.07500000000000005,0.24089906445511733,-0.07307381343094693,1.6609801946972953,0.24089753526951235,-0.0730729833318539,1.6609761099930531,0.24089753526951235,-0.0730729833318539,1.6609761099930531,0.0,0.0,0.0,4.849030113038353,0.07557460734612957
0.07600000000000005,0.24089912563496113,-0.0730738420745266,1.6609802035777181,0.24089753526951235,-0.0730729833318539,1.6609761099930531,0.24089753526951235,-0.0730729833318539,1.6609761099930531,0.0,0.0,0.0,4.842255367989996,0.07557710434073811
0.07700000000000005,0.2408991846425831,-0.07307386983288525,1.6609802030823817,0.24089753526951235,-0.0730729833318539,1.6609761099930531,0.24089753526951235,-0.0730729833318539,1.6609761099930531,0.0,0.0,0.0,4.833366052620741,0.07557956439520647
0.07800000000000006,0.2408992412668094,-0.07307389659949609,1.6609801933296906,0.24089753526951235,-0.0730729833318539,1.6609761099930531,0.24089753526951235,-0.0730729833318539,1.6609761099930531,0.0,0.0,0.0,4.822472887532463,0.07558197043914808
0.07900000000000006,0.2408992953105702,-0.07307392227308665,1.6609801744991672,0.24089753526951235,-0.0730729833318539,1.6609761099930531,0.24089753526951235,-0.0730729833318539,1.6609761099930531,0.0,0.0,0.0,4.809684213384765,0.07558430568543308
0.08000000000000006,0.24089934659695783,-0.0730739467588105,1.6609801468339473,0.24089753526951235,-0.0730729833318539,1.6609761099930531,0.24089753526951235,-0.0730729833318539,1.6609761099930531,0.0,0.0,0.0,4.795105949287654,0.07558655416075054
0.08100000000000006,0.2408993949733209,-0.07307396996929194,1.6609801106399564,0.24089753526951235,-0.0730729833318539,1.6609761099930531,0.24089753526951235,-0.0730729833318539,1.6609761099930531,0.0,0.0,0.0,4.778841573932093,0.07558870114869841
0.08200000000000006,0.24089944031366886,-0.07307399182549985,1.660980066282318,0.24089753526951235,-0.0730729833318539,1.6609761099930531,0.24089753526951235,-0.0730729833318539,1.6609761099930531,0.0,0.0,0.0,4.760992111212274,0.07559073355952668
0.08300000000000006,0.2408994825196764,-0.07307401225742863,1.6609800141795612,0.24089753526951235,-0.0730729833318539,1.6609761099930531,0.24089753526951235,-0.0730729833318539,1.6609761099930531,0.0,0.0,0.0,4.741656115915909,0.07559264022218007
0.08400000000000006,0.24089952152056296,-0.0730740312045697,1.6609799547961877,0.24089753526951235,-0.0730729833318539,1.6609761099930531,0.24089753526951235,-0.0730729833318539,1.6609761099930531,0.0,0.0,0.0,4.720929658912374,0.07559441209343336
0.08500000000000006,0.2408995572720763,-0.07307404861617987,1.6609798886341145,0.24089753526951235,-0.0730729833318539,1.6609761099930531,0.24089753526951235,-0.0730729833318539,1.6609761099930531,0.0,0.0,0.0,4.69890631216612,0.07559604238256769
0.08600000000000006,0.2408995897548052,-0.0730740644513472,1.6609798162234746,0.24089753526951235,-0.0730729833318539,1.6609761099930531,0.24089753526951235,-0.0730729833318539,1.6609761099930531,0.0,0.0,0.0,4.6756771340109875,0.07559752659420448
0.08700000000000006,0.2408996189719958,-0.07307407867887343,1.660979738113196,0.24089753526951235,-0.0730729833318539,1.6609761099930531,0.24089753526951235,-0.0730729833318539,1.6609761099930531,0.0,0.0,0.0,4.6513306551147515,0.07559886249536332
0.08800000000000006,0.2408996449470454,-0.07307409127698972,1.6609796548617284,0.24089753526951235,-0.0730729833318539,1.6609761099930531,0.24089753526951235,-0.0730729833318539,1.6609761099930531,0.0,0.0,0.0,4.625952865497635,0.07560005001545599
0.08900000000000007,0.2408996677208121,-0.07307410223293127,1.6609795670282372,0.24089753526951235,-0.0730729833318539,1.6609761099930531,0.24089753526951235,-0.0730729833318539,1.6609761099930531,0.0,0.0,0.0,4.599627202971182,0.07560109108967712
0.09000000000000007,0.24089968734886058,-0.07307411154239206,1.6609794751644933,0.24089753526951235,-0.0730729833318539,1.6609761099930531,0.24089753526951235,-0.0730729833318539,1.6609761099930531,0.0,0.0,0.0,4.572434543342598,0.07560198945720004
0.09100000000000007,0.2408997038987472,-0.0730741192088905,1.6609793798076637,0.24089753526951235,-0.0730729833318539,1.6609761099930531,0.24089753526951235,-0.0730729833318539,1.6609761099930531,0.0,0.0,0.0,4.5444531927533784,0.07560275042603633
0.09200000000000007,0.2408997174474277,-0.07307412524306749,1.6609792814741273,0.24089753526951235,-0.0730729833318539,1.6609761099930531,0.24089753526951235,-0.0730729833318539,1.6609761099930531,0.0,0.0,0.0,4.536202836964247,0.07560338061607078
0.09300000000000007,0.24089972807884708,-0.07307412966194565,1.6609791806543897,0.24089753526951235,-0.0730729833318539,1.6609761099930531,0.24089753526951235,-0.0730729833318539,1.6609761099930531,0.0,0.0,0.0,4.536233261476054,0.07560388769126757
0.09400000000000007,0.24089973588176594,-0.07307413248816748,1.6609790778091318,0.24089753526951235,-0.0730729833318539,1.6609761099930531,0.24089753526951235,-0.0730729833318539,1.6609761099930531,0.0,0.0,0.0,4.536256805460064,0.07560428009100106
0.09500000000000007,0.24089974094784794,-0.0730741337492423,1.6609789733663802,0.24089753526951235,-0.0730729833318539,1.6609761099930531,0.24089753526951235,-0.0730729833318539,1.6609761099930531,0.0,0.0,0.0,4.536274006155424,0.07560456676925707
0.09600000000000007,0.240899743370031,-0.07307413347680924,1.6609788677197397,0.24089753526951235,-0.0730729833318539,1.6609761099930531,0.24089753526951235,-0.0730729833318539,1.6609761099930531,0.0,0.0,0.0,4.5362854169461775,0.07560475694910296
0.09700000000000007,0.24089974324118396,-0.07307413170593943,1.6609787612276237,0.24089753526951235,-0.0730729833318539,1.6609761099930531,0.24089753526951235,-0.0730729833318539,1.6609761099930531,0.0,0.0,0.0,4.5362915939014306,0.07560485989835718
0.09800000000000007,0.24089974065304984,-0.073074128474487,1.6609786542133722,0.24089753526951235,-0.0730729833318539,1.6609761099930531,0.24089753526951235,-0.0730729833318539,1.6609761099930531,0.0,0.0,0.0,4.536293083853644,0.07560488473089406
0.09900000000000007,0.24089973569545248,-0.07307412382249709,1.66097854696614,0.24089753526951235,-0.0730729833318539,1.6609761099930531,0.24089753526951235,-0.0730729833318539,1.6609761099930531,0.0,0.0,0.0,4.536290414198605,0.07560484023664342
0.10000000000000007,0.2408997284557565,-0.07307411779167838,1.6609784397424399,0.24089753526951235,-0.0730729833318539,1.6609761099930531,0.24089753526951235,-0.0730729833318539,1.6609761099930531,0.0,0.0,0.0,4.536284084518232,0.07560473474197053
0.10100000000000008,0.24089971901854432,-0.07307411042494288,1.6609783327681953,0.24089753526951235,-0.0730729833318539,1.6609761099930531,0.24089753526951235,-0.0730729833318539,1.6609761099930531,0.0,0.0,0.0,4.536274560052513,0.07560457600087522
0.10200000000000008,0.24089970746549072,-0.07307410176601394,1.660978226241183,0.24089753526951235,-0.0730729833318539,1.6609761099930531,0.24089753526951235,-0.0730729833318539,1.6609761099930531,0.0,0.0,0.0,4.536262266986298,0.0756043711164383
0.10300000000000008,0.24089969387539523,-0.07307409185910087,1.6609781203337377,0.24089753526951235,-0.0730729833318539,1.6609761099930531,0.24089753526951235,-0.0730729833318539,1.6609761099930531,0.0,0.0,0.0,4.536247589458824,0.0756041264909804
0.10400000000000008,0.24089967832434683,-0.07307408074863894,1.6609780151956008,0.24089753526951235,-0.0730729833318539,1.6609761099930531,0.24089753526951235,-0.0730729833318539,1.6609761099930531,0.0,0.0,0.0,4.5362308681616215,0.07560384780269369
0.10500000000000008,0.24089966088598352,-0.07307406847908618,1.6609779109568097,0.24089753526951235,-0.0730729833318539,1.6609761099930531,0.24089753526951235,-0.0730729833318539,1.6609761099930531,0.0,0.0,0.0,4.536212400354563,0.07560354000590938
0.10600000000000008,0.24089964163182503,-0.07307405509477699,1.660977807730539,0.24089753526951235,-0.0730729833318539,1.6609761099930531,0.24089753526951235,-0.0730729833318539,1.6609761099930531,0.0,0.0,0.0,4.536192441109675,0.07560320735182792
0.10700000000000008,0.2408996206316374,-0.07307404063981897,1.6609777056158028,0.24089753526951235,-0.0730729833318539,1.6609761099930531,0.24089753526951235,-0.0730729833318539,1.6609761099930531,0.0,0.0,0.0,4.5361712055733365,0.07560285342622228
0.10800000000000008,0.24089959795382376,-0.07307402515803256,1.6609776046999796,0.24089753526951235,-0.0730729833318539,1.6609761099930531,0.24089753526951235,-0.0730729833318539,1.6609761099930531,0.0,0.0,0.0,4.5361488720394405,0.07560248120065734
0.10900000000000008,0.24089957366580003,-0.07307400869292155,1.660977505061081,0.24089753526951235,-0.0730729833318539,1.6609761099930531,0.24089753526951235,-0.0730729833318539,1.6609761099930531,0.0,0.0,0.0,4.53612558561886,0.07560209309364767
0.11000000000000008,0.24089954783435244,-0.07307399128767084,1.6609774067697634,0.24089753526951235,-0.0730729833318539,1.6609761099930531,0.24089753526951235,-0.0730729833318539,1.6609761099930531,0.0,0.0,0.0,4.536101462310762,0.07560169103851269
0.11100000000000008,0.2408995205259541,-0.07307397298515919,1.6609773098910294,0.24089753526951235,-0.0730729833318539,1.6609761099930531,0.24089753526951235,-0.0730729833318539,1.6609761099930531,0.0,0.0,0.0,4.536076593284804,0.07560127655474673
0.11200000000000009,0.24089949180703557,-0.07307395382799009,1.6609772144856485,0.24089753526951235,-0.0730729833318539,1.6609761099930531,0.24089753526951235,-0.0730729833318539,1.6609761099930531,0.0,0.0,0.0,4.536051049212082,0.07560085082020136
0.11300000000000009,0.24089946174419785,-0.07307393385852316,1.6609771206112653,0.24089753526951235,-0.0730729833318539,1.6609761099930531,0.24089753526951235,-0.0730729833318539,1.6609761099930531,0.0,0.0,0.0,4.5360248844939255,0.07560041474156542
0.11400000000000009,0.24089943040436562,-0.07307391311890994,1.6609770283232344,0.24089753526951235,-0.0730729833318539,1.6609761099930531,0.24089753526951235,-0.0730729833318539,1.6609761099930531,0.0,0.0,0.0,4.535998141271116,0.07559996902118526
0.11500000000000009,0.24089939785488196,-0.07307389165112685,1.660976937675188,0.24089753526951235,-0.0730729833318539,1.6609761099930531,0.24089753526951235,-0.0730729833318539,1.6609761099930531,0.0,0.0,0.0,4.5359708531123175,0.07559951421853862
0.11600000000000009,0.24089936416354152,-0.07307386949700202,1.6609768487193668,0.24089753526951235,-0.0730729833318539,1.6609761099930531,0.24089753526951235,-0.0730729833318539,1.6609761099930531,0.0,0.0,0.0,4.535943048309299,0.07559905080515499
0.11700000000000009,0.24089932939856873,-0.07307384669823108,1.6609767615067468,0.24089753526951235,-0.0730729833318539,1.6609761099930531,0.24089753526951235,-0.0730729833318539,1.6609761099930531,0.0,0.0,0.0,4.535914752728302,0.07559857921213836
0.11800000000000009,0.2408992936285474,-0.07307382329638647,1.6609766760869897,0.24089753526951235,-0.0730729833318539,1.6609761099930531,0.24089753526951235,-0.0730729833318539,1.6609761099930531,0.0,0.0,0.0,4.535885992187466,0.0755980998697911
0.11900000000000009,0.2408992569223022,-0.07307379933290996,1.6609765925082587,0.24089753526951235,-0.0730729833318539,1.6609761099930531,0.24089753526951235,-0.0730729833318539,1.6609761099930531,0.0,0.0,0.0,4.535856794352639,0.07559761323921065
0.12000000000000009,0.24089921934874836,-0.07307377484909813,1.6609765108169205,0.24089753526951235,-0.0730729833318539,1.6609761099930531,0.24089753526951235,-0.0730729833318539,1.6609761099930531,0.0,0.0,0.0,4.535827190157561,0.07559711983595935
0.1210000000000001,0.24089918097670776,-0.07307374988607222,1.660976431057185,0.24089753526951235,-0.0730729833318539,1.6609761099930531,0.24089753526951235,-0.0730729833318539,1.6609761099930531,0.0,0.0,0.0,4.5357972147738925,0.07559662024623154
0.1220000000000001,0.24089914187470834,-0.07307372448473808,1.660976353270692,0.24089753526951235,-0.0730729833318539,1.6609761099930531,0.24089753526951235,-0.0730729833318539,1.6609761099930531,0.0,0.0,0.0,4.535766908161344,0.07559611513602241
0.1230000000000001,0.24089910211076773,-0.07307369868573654,1.6609762774960903,0.24089753526951235,-0.0730729833318539,1.6609761099930531,0.24089753526951235,-0.0730729833318539,1.6609761099930531,0.0,0.0,0.0,4.535736315245938,0.07559560525409896
0.1240000000000001,0.24089906175217163,-0.07307367252938496,1.6609762037686202,0.24089753526951235,-0.0730729833318539,1.6609761099930531,0.24089753526951235,-0.0730729833318539,1.6609761099930531,0.0,0.0,0.0,4.535705485772335,0.07559509142953892
0.12500000000000008,0.2408990208652541,-0.07307364605561079,1.6609761321197307,0.24089753526951235,-0.0730729833318539,1.6609761099930531,0.24089753526951235,-0.0730729833318539,1.6609761099930531,0.0,0.0,0.0,4.535674473886856,0.07559457456478094
0.12600000000000008,0.24089897951518346,-0.07307361930388041,1.6609760625767365,0.24089753526951235,-0.0730729833318539,1.6609761099930531,0.24089753526951235,-0.0730729833318539,1.6609761099930531,0.0,0.0,0.0,4.535643337504173,0.07559405562506956
0.12700000000000009,0.24089893776576266,-0.07307359231312531,1.6609759951625362,0.24089753526951235,-0.0730729833318539,1.6609761099930531,0.24089753526951235,-0.0730729833318539,1.6609761099930531,0.0,0.0,0.0,4.535612137514133,0.07559353562523555
0.12800000000000009,0.2408988956792441,-0.07307356512166571,1.6609759298953948,0.24089753526951235,-0.0730729833318539,1.6609761099930531,0.24089753526951235,-0.0730729833318539,1.6609761099930531,0.0,0.0,0.0,4.5355809368799545,0.0755930156146659
0.1290000000000001,0.24089885331616395,-0.07307353776713496,1.6609758667888,0.24089753526951235,-0.0730729833318539,1.6609761099930531,0.24089753526951235,-0.0730729833318539,1.6609761099930531,0.0,0.0,0.0,4.535549799677793,0.07559249666129655
0.1300000000000001,0.2408988107352028,-0.07307351028640496,1.6609758058513937,0.24089753526951235,-0.0730729833318539,1.6609761099930531,0.24089753526951235,-0.0730729833318539,1.6609761099930531,0.0,0.0,0.0,4.535518790120223,0.07559197983533705
0.1310000000000001,0.24089876799306348,-0.07307348271551588,1.6609757470869657,0.24089753526951235,-0.0730729833318539,1.6609761099930531,0.24089753526951235,-0.0730729833318539,1.6609761099930531,0.0,0.0,0.0,4.535487971603207,0.07559146619338677
0.1320000000000001,0.24089872514437882,-0.07307345508960991,1.6609756904945332,0.24089753526951235,-0.0730729833318539,1.6609761099930531,0.24089753526951235,-0.0730729833318539,1.6609761099930531,0.0,0.0,0.0,4.535457405809833,0.07559095676349721
0.1330000000000001,0.24089868224163996,-0.07307342744286993,1.6609756360684658,0.24089753526951235,-0.0730729833318539,1.6609761099930531,0.24089753526951235,-0.0730729833318539,1.6609761099930531,0.0,0.0,0.0,4.535427151893101,0.07559045253155168
0.1340000000000001,0.24089863933515043,-0.0730733998084655,1.660975583798681,0.24089753526951235,-0.0730729833318539,1.6609761099930531,0.24089753526951235,-0.0730729833318539,1.6609761099930531,0.0,0.0,0.0,4.535397265763648,0.07558995442939413
0.1350000000000001,0.24089859647299966,-0.07307337221850531,1.660975533670879,0.24089753526951235,-0.0730729833318539,1.6609761099930531,0.24089753526951235,-0.0730729833318539,1.6609761099930531,0.0,0.0,0.0,4.5353677994891815,0.0755894633248197
0.1360000000000001,0.2408985537010598,-0.07307334470399815,1.660975485666822,0.24089753526951235,-0.0730729833318539,1.6609761099930531,0.24089753526951235,-0.0730729833318539,1.6609761099930531,0.0,0.0,0.0,4.535338800819766,0.07558898001366278
0.1370000000000001,0.2408985110629977,-0.07307331729481836,1.6609754397646412,0.24089753526951235,-0.0730729833318539,1.6609761099930531,0.24089753526951235,-0.0730729833318539,1.6609761099930531,0.0,0.0,0.0,4.535310312837333,0.07558850521395555
0.1380000000000001,0.2408984686003049,-0.07307329001968262,1.6609753959391682,0.24089753526951235,-0.0730729833318539,1.6609761099930531,0.24089753526951235,-0.0730729833318539,1.6609761099930531,0.0,0.0,0.0,4.535282373729899,0.07558803956216499
0.1390000000000001,0.24089842635234138,-0.07307326290613275,1.6609753541622727,0.24089753526951235,-0.0730729833318539,1.6609761099930531,0.24089753526951235,-0.0730729833318539,1.6609761099930531,0.0,0.0,0.0,4.535255016684122,0.07558758361140203
0.1400000000000001,0.24089838435638694,-0.07307323598052314,1.6609753144032147,0.24089753526951235,-0.0730729833318539,1.6609761099930531,0.24089753526951235,-0.0730729833318539,1.6609761099930531,0.0,0.0,0.0,4.5352282698883934,0.07558713783147322
0.1410000000000001,0.24089834264770568,-0.0730732092680193,1.660975276628982,0.24089753526951235,-0.0730729833318539,1.6609761099930531,0.24089753526951235,-0.0730729833318539,1.6609761099930531,0.0,0.0,0.0,4.535202156631829,0.07558670261053049
0.1420000000000001,0.24089830125961326,-0.07307318279259808,1.6609752408046283,0.24089753526951235,-0.0730729833318539,1.6609761099930531,0.24089753526951235,-0.0730729833318539,1.6609761099930531,0.0,0.0,0.0,4.535176695491654,0.07558627825819424
0.1430000000000001,0.24089826022355026,-0.07307315657705642,1.6609752068935897,0.24089753526951235,-0.0730729833318539,1.6609761099930531,0.24089753526951235,-0.0730729833318539,1.6609761099930531,0.0,0.0,0.0,4.5351519005889775,0.07558586500981629
0.1440000000000001,0.24089821956915647,-0.07307313064302383,1.6609751748579846,0.24089753526951235,-0.0730729833318539,1.6609761099930531,0.24089753526951235,-0.0730729833318539,1.6609761099930531,0.0,0.0,0.0,4.535127781903159,0.07558546303171933
0.1450000000000001,0.2408981793243467,-0.07307310501097891,1.6609751446588925,0.24089753526951235,-0.0730729833318539,1.6609761099930531,0.24089753526951235,-0.0730729833318539,1.6609761099930531,0.0,0.0,0.0,4.535104345627246,0.07558507242712077
0.1460000000000001,0.2408981395153847,-0.07307307970027037,1.6609751162566018,0.24089753526951235,-0.0730729833318539,1.6609761099930531,0.24089753526951235,-0.0730729833318539,1.6609761099930531,0.0,0.0,0.0,4.5350815945509355,0.07558469324251559
0.1470000000000001,0.2408981001669546,-0.07307305472913797,1.6609750896108353,0.24089753526951235,-0.0730729833318539,1.6609761099930531,0.24089753526951235,-0.0730729833318539,1.6609761099930531,0.0,0.0,0.0,4.535059528460077,0.07558432547433462
0.1480000000000001,0.24089806130223113,-0.07307303011474107,1.6609750646809487,0.24089753526951235,-0.0730729833318539,1.6609761099930531,0.24089753526951235,-0.0730729833318539,1.6609761099930531,0.0,0.0,0.0,4.5350381445379595,0.07558396907563265
0.1490000000000001,0.24089802294294416,-0.07307300587318369,1.6609750414261002,0.24089753526951235,-0.0730729833318539,1.6609761099930531,0.24089753526951235,-0.0730729833318539,1.6609761099930531,0.0,0.0,0.0,4.535017437759461,0.07558362396265769
0.1500000000000001,0.2408979851094386,-0.07307298201954295,1.660975019805392,0.24089753526951235,-0.0730729833318539,1.6609761099930531,0.24089753526951235,-0.0730729833318539,1.6609761099930531,0.0,0.0,0.0,4.534997401268797,0.07558329002114661
0.1510000000000001,0.24089794782073165,-0.07307295856789864,1.660974999777993,0.24089753526951235,-0.0730729833318539,1.6609761099930531,0.24089753526951235,-0.0730729833318539,1.6609761099930531,0.0,0.0,0.0,4.534978026734662,0.07558296711224437
0.1520000000000001,0.24089791109456518,-0.07307293553136221,1.660974981303231,0.24089753526951235,-0.0730729833318539,1.6609761099930531,0.24089753526951235,-0.0730729833318539,1.6609761099930531,0.0,0.0,0.0,4.53495930467477,0.07558265507791283
0.1530000000000001,0.2408978749474505,-0.07307291292210595,1.6609749643406717,0.24089753526951235,-0.0730729833318539,1.6609761099930531,0.24089753526951235,-0.0730729833318539,1.6609761099930531,0.0,0.0,0.0,4.534941224748777,0.07558235374581294
0.1540000000000001,0.24089783939471404,-0.07307289075139169,1.6609749488501733,0.24089753526951235,-0.0730729833318539,1.6609761099930531,0.24089753526951235,-0.0730729833318539,1.6609761099930531,0.0,0.0,0.0,4.534923776014147,0.07558206293356912
0.1550000000000001,0.2408978044505345,-0.07307286902959988,1.6609749347919278,0.24089753526951235,-0.0730729833318539,1.6609761099930531,0.24089753526951235,-0.0730729833318539,1.6609761099930531,0.0,0.0,0.0,4.534906947146428,0.07558178245244047
0.1560000000000001,0.2408977701279788,-0.0730728477662566,1.660974922126491,0.24089753526951235,-0.0730729833318539,1.6609761099930531,0.24089753526951235,-0.0730729833318539,1.6609761099930531,0.0,0.0,0.0,4.534890726622788,0.07558151211037979
0.1570000000000001,0.2408977364390349,-0.07307282697006012,1.6609749108147984,0.24089753526951235,-0.0730729833318539,1.6609761099930531,0.24089753526951235,-0.0730729833318539,1.6609761099930531,0.0,0.0,0.0,4.53487510286922,0.075581251714487
0.1580000000000001,0.24089770339464195,-0.0730728066489076,1.6609749008181731,0.24089753526951235,-0.0730729833318539,1.6609761099930531,0.24089753526951235,-0.0730729833318539,1.6609761099930531,0.0,0.0,0.0,4.5348600643753665,0.07558100107292277
0.1590000000000001,0.2408976710047162,-0.07307278680991951,1.6609748920983318,0.24089753526951235,-0.0730729833318539,1.6609761099930531,0.24089753526951235,-0.0730729833318539,1.6609761099930531,0.0,0.0,0.0,4.534845599778861,0.07558075999631435
0.16000000000000011,0.2408976392781795,-0.07307276745946413,1.66097488461738,0.24089753526951235,-0.0730729833318539,1.6609761099930531,0.24089753526951235,-0.0730729833318539,1.6609761099930531,0.0,0.0,0.0,4.534831697920667,0.07558052829867777
0.16100000000000012,0.24089760822298345,-0.07307274860318061,1.6609748783378113,0.24089753526951235,-0.0730729833318539,1.6609761099930531,0.24089753526951235,-0.0730729833318539,1.6609761099930531,0.0,0.0,0.0,4.5348183478785336,0.07558030579797556
0.16200000000000012,0.2408975778461325,-0.07307273024600142,1.6609748732224985,0.24089753526951235,-0.0730729833318539,1.6609761099930531,0.24089753526951235,-0.0730729833318539,1.6609761099930531,0.0,0.0,0.0,4.534805538978705,0.07558009231631174
0.16300000000000012,0.24089754815370892,-0.07307271239217353,1.6609748692346922,0.24089753526951235,-0.0730729833318539,1.6609761099930531,0.24089753526951235,-0.0730729833318539,1.6609761099930531,0.0,0.0,0.0,4.53479326079284,0.07557988767988068
0.16400000000000012,0.24089751915089697,-0.07307269504528101,1.6609748663380155,0.24089753526951235,-0.0730729833318539,1.6609761099930531,0.24089753526951235,-0.0730729833318539,1.6609761099930531,0.0,0.0,0.0,4.534781503120344,0.0755796917186724
0.16500000000000012,0.24089749084200535,-0.0730726782082633,1.6609748644964626,0.24089753526951235,-0.0730729833318539,1.6609761099930531,0.24089753526951235,-0.0730729833318539,1.6609761099930531,0.0,0.0,0.0,4.534770255963051,0.07557950426605084
0.16600000000000012,0.2408974632304921,-0.07307266188343672,1.6609748636743993,0.24089753526951235,-0.0730729833318539,1.6609761099930531,0.24089753526951235,-0.0730729833318539,1.6609761099930531,0.0,0.0,0.0,4.534759509492796,0.07557932515821326
0.16700000000000012,0.2408974363189899,-0.07307264607251411,1.660974863836566,0.24089753526951235,-0.0730729833318539,1.6609761099930531,0.24089753526951235,-0.0730729833318539,1.6609761099930531,0.0,0.0,0.0,4.53474925401607,0.07557915423360116
0.16800000000000012,0.24089741010932977,-0.07307263077662181,1.6609748649480802,0.24089753526951235,-0.0730729833318539,1.6609761099930531,0.24089753526951235,-0.0730729833318539,1.6609761099930531,0.0,0.0,0.0,4.534739479938184,0.07557899133230307
0.16900000000000012,0.24089738460256763,-0.07307261599632223,1.6609748669744513,0.24089753526951235,-0.0730729833318539,1.6609761099930531,0.24089753526951235,-0.0730729833318539,1.6609761099930531,0.0,0.0,0.0,4.534730177728482,0.07557883629547471
0.17000000000000012,0.2408973597990112,-0.0730726017316291,1.6609748698815827,0.24089753526951235,-0.0730729833318539,1.6609761099930531,0.24089753526951235,-0.0730729833318539,1.6609761099930531,0.0,0.0,0.0,4.534721337887436,0.0755786889647906
0.17100000000000012,0.24089733569824495,-0.07307258798202813,1.66097487363579,0.24089753526951235,-0.0730729833318539,1.6609761099930531,0.24089753526951235,-0.0730729833318539,1.6609761099930531,0.0,0.0,0.0,4.534712950920238,0.07557854918200398
0.17200000000000013,0.24089731229916023,-0.07307257474649499,1.6609748782038118,0.24089753526951235,-0.0730729833318539,1.6609761099930531,0.24089753526951235,-0.0730729833318539,1.6609761099930531,0.0,0.0,0.0,4.534705007312641,0.07557841678854402
0.17300000000000013,0.24089728959997955,-0.0730725620235129,1.6609748835528253,0.24089753526951235,-0.0730729833318539,1.6609761099930531,0.24089753526951235,-0.0730729833318539,1.6609761099930531,0.0,0.0,0.0,4.534697497514983,0.07557829162524972
0.17400000000000013,0.24089726759828717,-0.07307254981109167,1.6609748896504628,0.24089753526951235,-0.0730729833318539,1.6609761099930531,0.24089753526951235,-0.0730729833318539,1.6609761099930531,0.0,0.0,0.0,4.5346904119296285,0.07557817353216048
0.17500000000000013,0.2408972462910547,-0.0730725381067859,1.6609748964648272,0.24089753526951235,-0.0730729833318539,1.6609761099930531,0.24089753526951235,-0.0730729833318539,1.6609761099930531,0.0,0.0,0.0,4.534683740905398,0.07557806234842329
0.17600000000000013,0.24089722567467106,-0.07307252690771232,1.6609749039645083,0.24089753526951235,-0.0730729833318539,1.6609761099930531,0.24089753526951235,-0.0730729833318539,1.6609761099930531,0.0,0.0,0.0,4.534677474737075,0.07557795791228458
0.17700000000000013,0.24089720574496834,-0.0730725162105691,1.6609749121185984,0.24089753526951235,-0.0730729833318539,1.6609761099930531,0.24089753526951235,-0.0730729833318539,1.6609761099930531,0.0,0.0,0.0,4.534671603669868,0.07557786006116447
0.17800000000000013,0.2408971864972505,-0.07307250601165213,1.6609749208967062,0.24089753526951235,-0.0730729833318539,1.6609761099930531,0.24089753526951235,-0.0730729833318539,1.6609761099930531,0.0,0.0,0.0,4.534666117907528,0.07557776863179214
0.17900000000000013,0.24089716792631966,-0.0730724963068737,1.6609749302689725,0.24089753526951235,-0.0730729833318539,1.6609761099930531,0.24089753526951235,-0.0730729833318539,1.6609761099930531,0.0,0.0,0.0,4.5346610076250125,0.07557768346041688
0.18000000000000013,0.2408971500265033,-0.07307248709178102,1.660974940206081,0.24089753526951235,-0.0730729833318539,1.6609761099930531,0.24089753526951235,-0.0730729833318539,1.6609761099930531,0.0,0.0,0.0,4.534656262983045,0.07557760438305075
0.18100000000000013,0.24089713279167896,-0.0730724783615717,1.6609749506792717,0.24089753526951235,-0.0730729833318539,1.6609761099930531,0.24089753526951235,-0.0730729833318539,1.6609761099930531,0.0,0.0,0.0,4.534651874145192,0.0755775312357532
0.18200000000000013,0.24089711621530108,-0.07307247011111215,1.660974961660347,0.24089753526951235,-0.0730729833318539,1.6609761099930531,0.24089753526951235,-0.0730729833318539,1.6609761099930531,0.0,0.0,0.0,4.534647831295773,0.07557746385492956
0.18300000000000013,0.24089710029042394,-0.07307246233495543,1.6609749731216834,0.24089753526951235,-0.0730729833318539,1.6609761099930531,0.24089753526951235,-0.0730729833318539,1.6609761099930531,0.0,0.0,0.0,4.534644124659012,0.07557740207765021
0.18400000000000014,0.24089708500972695,-0.0730724550273564,1.6609749850362334,0.24089753526951235,-0.0730729833318539,1.6609761099930531,0.24089753526951235,-0.0730729833318539,1.6609761099930531,0.0,0.0,0.0,4.534640744517431,0.0755773457419572
0.18500000000000014,0.24089707036553623,-0.07307244818228902,1.6609749973775338,0.24089753526951235,-0.0730729833318539,1.6609761099930531,0.24089753526951235,-0.0730729833318539,1.6609761099930531,0.0,0.0,0.0,4.534637681230121,0.07557729468716869
0.18600000000000014,0.24089705634984854,-0.07307244179346323,1.66097501011971,0.24089753526951235,-0.0730729833318539,1.6609761099930531,0.24089753526951235,-0.0730729833318539,1.6609761099930531,0.0,0.0,0.0,4.534634925248953,0.07557724875414921
0.18700000000000014,0.24089704295435077,-0.07307243585433923,1.6609750232374716,0.24089753526951235,-0.0730729833318539,1.6609761099930531,0.24089753526951235,-0.0730729833318539,1.6609761099930531,0.0,0.0,0.0,4.534632467133978,0.0755772077855663
0.18800000000000014,0.2408970301704418,-0.07307243035814477,1.660975036706119,0.24089753526951235,-0.0730729833318539,1.6609761099930531,0.24089753526951235,-0.0730729833318539,1.6609761099930531,0.0,0.0,0.0,4.534630297567441,0.07557717162612401
0.18900000000000014,0.24089701798925212,-0.07307242529788967,1.6609750505015397,0.24089753526951235,-0.0730729833318539,1.6609761099930531,0.24089753526951235,-0.0730729833318539,1.6609761099930531,0.0,0.0,0.0,4.534628407364226,0.0755771401227371
0.19000000000000014,0.24089700640166317,-0.07307242066638035,1.6609750646002082,0.24089753526951235,-0.0730729833318539,1.6609761099930531,0.24089753526951235,-0.0730729833318539,1.6609761099930531,0.0,0.0,0.0,4.534626787481518,0.07557711312469197
0.19100000000000014,0.24089699539832438,-0.07307241645623469,1.6609750789791795,0.24089753526951235,-0.0730729833318539,1.6609761099930531,0.24089753526951235,-0.0730729833318539,1.6609761099930531,0.0,0.0,0.0,4.534625429025652,0.07557709048376086
0.19200000000000014,0.2408969849696727,-0.07307241265989634,1.660975093616092,0.24089753526951235,-0.0730729833318539,1.6609761099930531,0.24089753526951235,-0.0730729833318539,1.6609761099930531,0.0,0.0,0.0,4.534624323257314,0.07557707205428857
0.19300000000000014,0.24089697510594915,-0.07307240926964824,1.6609751084891589,0.24089753526951235,-0.0730729833318539,1.6609761099930531,0.24089753526951235,-0.0730729833318539,1.6609761099930531,0.0,0.0,0.0,4.534623461593552,0.07557705769322585
0.19400000000000014,0.24089696579721423,-0.07307240627762587,1.6609751235771646,0.24089753526951235,-0.0730729833318539,1.6609761099930531,0.24089753526951235,-0.0730729833318539,1.6609761099930531,0.0,0.0,0.0,4.534622835609587,0.07557704726015978
0.19500000000000015,0.2408969570333654,-0.07307240367583108,1.6609751388594627,0.24089753526951235,-0.0730729833318539,1.6609761099930531,0.24089753526951235,-0.0730729833318539,1.6609761099930531,0.0,0.0,0.0,4.534622437037748,0.0755770406172958
0.19600000000000015,0.24089694880415197,-0.07307240145614363,1.6609751543159679,0.24089753526951235,-0.0730729833318539,1.6609761099930531,0.24089753526951235,-0.0730729833318539,1.6609761099930531,0.0,0.0,0.0,4.534622257765457,0.07557703762942428
0.19700000000000015,0.24089694109918963,-0.0730723996103342,1.6609751699271547,0.24089753526951235,-0.0730729833318539,1.6609761099930531,0.24089753526951235,-0.0730729833318539,1.6609761099930531,0.0,0.0,0.0,4.534622289831828,0.0755770381638638
0.19800000000000015,0.24089693390797567,-0.07307239813007663,1.660975185674049,0.24089753526951235,-0.0730729833318539,1.6609761099930531,0.24089753526951235,-0.0730729833318539,1.6609761099930531,0.0,0.0,0.0,4.534622525423154,0.07557704209038589
0.19900000000000015,0.2408969272199023,-0.07307239700695836,1.6609752015382266,0.24089753526951235,-0.0730729833318539,1.6609761099930531,0.24089753526951235,-0.0730729833318539,1.6609761099930531,0.0,0.0,0.0,4.534622956868918,0.07557704928114864
0.20000000000000015,0.2408969210242717,-0.07307239623249305,1.6609752175018073,0.24089753526951235,-0.0730729833318539,1.6609761099930531,0.24089753526951235,-0.0730729833318539,1.6609761099930531,0.0,0.0,0.0,4.534623576635214,0.0755770596105869
0.20100000000000015,0.24089691531030788,-0.07307239579813077,1.6609752335474497,0.24089753526951235,-0.0730729833318539,1.6609761099930531,0.24089753526951235,-0.0730729833318539,1.6609761099930531,0.0,0.0,0.0,4.534624377320149,0.07557707295533582
0.20200000000000015,0.24089691006717084,-0.07307239569526888,1.6609752496583476,0.24089753526951235,-0.0730729833318539,1.6609761099930531,0.24089753526951235,-0.0730729833318539,1.6609761099930531,0.0,0.0,0.0,4.534625351647888,0.07557708919413146
0.20300000000000015,0.24089690528396832,-0.07307239591526214,1.660975265818227,0.24089753526951235,-0.0730729833318539,1.6609761099930531,0.24089753526951235,-0.0730729833318539,1.6609761099930531,0.0,0.0,0.0,4.534626492463328,0.07557710820772214
0.20400000000000015,0.24089690094976915,-0.07307239644943252,1.6609752820113397,0.24089753526951235,-0.0730729833318539,1.6609761099930531,0.24089753526951235,-0.0730729833318539,1.6609761099930531,0.0,0.0,0.0,4.534627792726775,0.07557712987877958
0.20500000000000015,0.24089689705361556,-0.07307239728908022,1.6609752982224626,0.24089753526951235,-0.0730729833318539,1.6609761099930531,0.24089753526951235,-0.0730729833318539,1.6609761099930531,0.0,0.0,0.0,4.534629245510106,0.0755771540918351
0.20600000000000016,0.24089689358453226,-0.07307239842549108,1.6609753144368882,0.24089753526951235,-0.0730729833318539,1.6609761099930531,0.24089753526951235,-0.0730729833318539,1.6609761099930531,0.0,0.0,0.0,4.53463084399168,0.07557718073319467
0.20700000000000016,0.24089689053154079,-0.07307239984994707,1.6609753306404265,0.24089753526951235,-0.0730729833318539,1.6609761099930531,0.24089753526951235,-0.0730729833318539,1.6609761099930531,0.0,0.0,0.0,4.534632581454232,0.07557720969090385
0.20800000000000016,0.24089688788366953,-0.07307240155373416,1.6609753468193995,0.24089753526951235,-0.0730729833318539,1.6609761099930531,0.24089753526951235,-0.0730729833318539,1.6609761099930531,0.0,0.0,0.0,4.534634451281133,0.07557724085468555
0.20900000000000016,0.24089688562996475,-0.07307240352815282,1.6609753629606352,0.24089753526951235,-0.0730729833318539,1.6609761099930531,0.24089753526951235,-0.0730729833318539,1.6609761099930531,0.0,0.0,0.0,4.534636446954257,0.07557727411590427
0.21000000000000016,0.24089688375949925,-0.07307240576452316,1.6609753790514652,0.24089753526951235,-0.0730729833318539,1.6609761099930531,0.24089753526951235,-0.0730729833318539,1.6609761099930531,0.0,0.0,0.0,4.534638562053605,0.07557730936756007
0.21100000000000016,0.2408968822613866,-0.07307240825419566,1.6609753950797228,0.24089753526951235,-0.0730729833318539,1.6609761099930531,0.24089753526951235,-0.0730729833318539,1.6609761099930531,0.0,0.0,0.0,4.534640790255563,0.07557734650425937
0.21200000000000016,0.24089688112478463,-0.07307241098855752,1.660975411033732,0.24089753526951235,-0.0730729833318539,1.6609761099930531,0.24089753526951235,-0.0730729833318539,1.6609761099930531,0.0,0.0,0.0,4.534643125332997,0.07557738542221662
0.21300000000000016,0.2408968803389115,-0.07307241395904031,1.6609754269023114,0.24089753526951235,-0.0730729833318539,1.6609761099930531,0.24089753526951235,-0.0730729833318539,1.6609761099930531,0.0,0.0,0.0,4.534645561156377,0.07557742601927295
0.21400000000000016,0.24089687989304975,-0.07307241715712762,1.6609754426747623,0.24089753526951235,-0.0730729833318539,1.6609761099930531,0.24089753526951235,-0.0730729833318539,1.6609761099930531,0.0,0.0,0.0,4.534648091693623,0.07557746819489372
0.21500000000000016,0.24089687977655702,-0.07307242057436114,1.660975458340869,0.24089753526951235,-0.0730729833318539,1.6609761099930531,0.24089753526951235,-0.0730729833318539,1.6609761099930531,0.0,0.0,0.0,4.534650711012356,0.07557751185020593
0.21600000000000016,0.24089687997887393,-0.0730724242023474,1.6609754738908888,0.24089753526951235,-0.0730729833318539,1.6609761099930531,0.24089753526951235,-0.0730729833318539,1.6609761099930531,0.0,0.0,0.0,4.534653413280753,0.07557755688801256
0.21700000000000016,0.24089688048953303,-0.07307242803276445,1.6609754893155508,0.24089753526951235,-0.0730729833318539,1.6609761099930531,0.24089753526951235,-0.0730729833318539,1.6609761099930531,0.0,0.0,0.0,4.534656192770582,0.07557760321284303
0.21800000000000017,0.2408968812981638,-0.07307243205736845,1.6609755046060461,0.24089753526951235,-0.0730729833318539,1.6609761099930531,0.24089753526951235,-0.0730729833318539,1.6609761099930531,0.0,0.0,0.0,4.534659043858261,0.07557765073097102
0.21900000000000017,0.24089688239450324,-0.07307243626799823,1.6609755197540246,0.24089753526951235,-0.0730729833318539,1.6609761099930531,0.24089753526951235,-0.0730729833318539,1.6609761099930531,0.0,0.0,0.0,4.534661961028073,0.07557769935046789
0.22000000000000017,0.24089688376839932,-0.0730724406565808,1.6609755347515873,0.24089753526951235,-0.0730729833318539,1.6609761099930531,0.24089753526951235,-0.0730729833318539,1.6609761099930531,0.0,0.0,0.0,4.534664938873799,0.07557774898122999
0.22100000000000017,0.24089688540981935,-0.07307244521513805,1.6609755495912784,0.24089753526951235,-0.0730729833318539,1.6609761099930531,0.24089753526951235,-0.0730729833318539,1.6609761099930531,0.0,0.0,0.0,4.534667972101523,0.07557779953502537
0.22200000000000017,0.24089688730885622,-0.0730724499357908,1.6609755642660802,0.24089753526951235,-0.0730729833318539,1.6609761099930531,0.24089753526951235,-0.0730729833318539,1.6609761099930531,0.0,0.0,0.0,4.534671055531978,0.07557785092553296
0.22300000000000017,0.24089688945573334,-0.07307245481076317,1.660975578769404,0.24089753526951235,-0.0730729833318539,1.6609761099930531,0.24089753526951235,-0.0730729833318539,1.6609761099930531,0.0,0.0,0.0,4.534674184102551,0.07557790306837585
0.22400000000000017,0.2408968918408086,-0.07307245983238748,1.6609755930950827,0.24089753526951235,-0.0730729833318539,1.6609761099930531,0.24089753526951235,-0.0730729833318539,1.6609761099930531,0.0,0.0,0.0,4.5346773528696565,0.07557795588116094
0.22500000000000017,0.2408968944545835,-0.0730724649931085,1.660975607237364,0.24089753526951235,-0.0730729833318539,1.6609761099930531,0.24089753526951235,-0.0730729833318539,1.6609761099930531,0.0,0.0,0.0,4.534680557010759,0.07557800928351265
0.22600000000000017,0.24089689728770258,-0.07307247028548726,1.6609756211909015,0.24089753526951235,-0.0730729833318539,1.6609761099930531,0.24089753526951235,-0.0730729833318539,1.6609761099930531,0.0,0.0,0.0,4.534683791825639,0.07557806319709398
0.22700000000000017,0.24089690033096195,-0.07307247570220421,1.6609756349507452,0.24089753526951235,-0.0730729833318539,1.6609761099930531,0.24089753526951235,-0.0730729833318539,1.6609761099930531,0.0,0.0,0.0,4.534687052738256,0.0755781175456376
0.22800000000000017,0.24089690357531118,-0.07307248123606422,1.6609756485123346,0.24089753526951235,-0.0730729833318539,1.6609761099930531,0.24089753526951235,-0.0730729833318539,1.6609761099930531,0.0,0.0,0.0,4.534690335298484,0.07557817225497473
0.22900000000000018,0.2408969070118569,-0.07307248687999758,1.660975661871488,0.24089753526951235,-0.0730729833318539,1.6609761099930531,0.24089753526951235,-0.0730729833318539,1.6609761099930531,0.0,0.0,0.0,4.534693635182788,0.07557822725304647
0.23000000000000018,0.24089691063186697,-0.07307249262706433,1.6609756750243958,0.24089753526951235,-0.0730729833318539,1.6609761099930531,0.24089753526951235,-0.0730729833318539,1.6609761099930531,0.0,0.0,0.0,4.5346969481955375,0.07557828246992562
0.23100000000000018,0.2408969144267734,-0.07307249847045709,1.6609756879676099,0.24089753526951235,-0.0730729833318539,1.6609761099930531,0.24089753526951235,-0.0730729833318539,1.6609761099930531,0.0,0.0,0.0,4.534700270269237,0.07557833783782061
0.23200000000000018,0.24089691838817384,-0.0730725044035025,1.660975700698035,0.24089753526951235,-0.0730729833318539,1.6609761099930531,0.24089753526951235,-0.0730729833318539,1.6609761099930531,0.0,0.0,0.0,4.5347035974656,0.07557839329109334
0.23300000000000018,0.24089692250783584,-0.07307251041966445,1.6609757132129184,0.24089753526951235,-0.0730729833318539,1.6609761099930531,0.24089753526951235,-0.0730729833318539,1.6609761099930531,0.0,0.0,0.0,4.53470692597523,0.07557844876625383
0.23400000000000018,0.2408969267776977,-0.07307251651254544,1.6609757255098423,0.24089753526951235,-0.0730729833318539,1.6609761099930531,0.24089753526951235,-0.0730729833318539,1.6609761099930531,0.0,0.0,0.0,4.534710252118515,0.07557850420197525
0.23500000000000018,0.24089693118987066,-0.0730725226758884,1.660975737586712,0.24089753526951235,-0.0730729833318539,1.6609761099930531,0.24089753526951235,-0.0730729833318539,1.6609761099930531,0.0,0.0,0.0,4.53471357234499,0.07557855953908317
0.23600000000000018,0.24089693573664123,-0.07307252890357857,1.6609757494417494,0.24089753526951235,-0.0730729833318539,1.6609761099930531,0.24089753526951235,-0.0730729833318539,1.6609761099930531,0.0,0.0,0.0,4.534716883233461,0.07557861472055769
0.23700000000000018,0.24089694041047155,-0.07307253518964452,1.6609757610734797,0.24089753526951235,-0.0730729833318539,1.6609761099930531,0.24089753526951235,-0.0730729833318539,1.6609761099930531,0.0,0.0,0.0,4.534720181491417,0.07557866969152362
0.23800000000000018,0.2408969452040004,-0.07307254152826013,1.6609757724807241,0.24089753526951235,-0.0730729833318539,1.6609761099930531,0.24089753526951235,-0.0730729833318539,1.6609761099930531,0.0,0.0,0.0,4.5347234639546965,0.07557872439924494
0.23900000000000018,0.24089695011004547,-0.0730725479137435,1.6609757836625914,0.24089753526951235,-0.0730729833318539,1.6609761099930531,0.24089753526951235,-0.0730729833318539,1.6609761099930531,0.0,0.0,0.0,4.5347267275868175,0.07557877879311363
0.24000000000000019,0.24089695512160347,-0.07307255434056074,1.6609757946184665,0.24089753526951235,-0.0730729833318539,1.6609761099930531,0.24089753526951235,-0.0730729833318539,1.6609761099930531,0.0,0.0,0.0,4.5347299694781,0.075578832824635
0.2410000000000002,0.2408969602318487,-0.07307256080332346,1.6609758053479993,0.24089753526951235,-0.0730729833318539,1.6609761099930531,0.24089753526951235,-0.0730729833318539,1.6609761099930531,0.0,0.0,0.0,4.534733186844722,0.07557888644741204
0.2420000000000002,0.24089696543413647,-0.07307256729679117,1.6609758158510988,0.24089753526951235,-0.0730729833318539,1.6609761099930531,0.24089753526951235,-0.0730729833318539,1.6609761099930531,0.0,0.0,0.0,4.5347363770284606,0.075578939617141
0.2430000000000002,0.24089697072200023,-0.07307257381587078,1.660975826127922,0.24089753526951235,-0.0730729833318539,1.6609761099930531,0.24089753526951235,-0.0730729833318539,1.6609761099930531,0.0,0.0,0.0,4.534739537494616,0.07557899229157693
0.2440000000000002,0.2408969760891532,-0.07307258035561659,1.6609758361788611,0.24089753526951235,-0.0730729833318539,1.6609761099930531,0.24089753526951235,-0.0730729833318539,1.6609761099930531,0.0,0.0,0.0,4.534742665831228,0.07557904443052046
0.2450000000000002,0.24089698152948796,-0.07307258691123075,1.6609758460045425,0.24089753526951235,-0.0730729833318539,1.6609761099930531,0.24089753526951235,-0.0730729833318539,1.6609761099930531,0.0,0.0,0.0,4.534745759747976,0.0755790959957996
0.2460000000000002,0.2408969870370738,-0.07307259347806193,1.6609758556058063,0.24089753526951235,-0.0730729833318539,1.6609761099930531,0.24089753526951235,-0.0730729833318539,1.6609761099930531,0.0,0.0,0.0,4.534748817075404,0.07557914695125674
0.2470000000000002,0.2408969926061589,-0.07307260005160603,1.6609758649837065,0.24089753526951235,-0.0730729833318539,1.6609761099930531,0.24089753526951235,-0.0730729833318539,1.6609761099930531,0.0,0.0,0.0,4.5347518357624175,0.07557919726270695
0.2480000000000002,0.24089699823116717,-0.0730726066275041,1.660975874139496,0.24089753526951235,-0.0730729833318539,1.6609761099930531,0.24089753526951235,-0.0730729833318539,1.6609761099930531,0.0,0.0,0.0,4.534754813874699,0.07557924689791165
0.2490000000000002,0.2408970039066985,-0.07307261320154343,1.6609758830746204,0.24089753526951235,-0.0730729833318539,1.6609761099930531,0.24089753526951235,-0.0730729833318539,1.6609761099930531,0.0,0.0,0.0,4.534757749594232,0.07557929582657054
0.25000000000000017,0.24089700962752672,-0.07307261976965575,1.6609758917907074,0.24089753526951235,-0.0730729833318539,1.6609761099930531,0.24089753526951235,-0.0730729833318539,1.6609761099930531,0.0,0.0,0.0,4.534760641216776,0.0755793440202796
0.25100000000000017,0.24089701538859903,-0.07307262632791535,1.6609759002895585,0.24089753526951235,-0.0730729833318539,1.6609761099930531,0.24089753526951235,-0.0730729833318539,1.6609761099930531,0.0,0.0,0.0,4.534763487150577,0.07557939145250961
0.25200000000000017,0.24089702118503276,-0.07307263287254014,1.6609759085731401,0.24089753526951235,-0.0730729833318539,1.6609761099930531,0.24089753526951235,-0.0730729833318539,1.6609761099930531,0.0,0.0,0.0,4.534766285914259,0.07557943809857098
0.25300000000000017,0.24089702701211585,-0.07307263939988778,1.6609759166435742,0.24089753526951235,-0.0730729833318539,1.6609761099930531,0.24089753526951235,-0.0730729833318539,1.6609761099930531,0.0,0.0,0.0,4.534769036134994,0.07557948393558324
0.25400000000000017,0.24089703286530362,-0.07307264590645704,1.6609759245031308,0.24089753526951235,-0.0730729833318539,1.6609761099930531,0.24089753526951235,-0.0730729833318539,1.6609761099930531,0.0,0.0,0.0,4.534771736546664,0.0755795289424444
0.25500000000000017,0.24089703874021726,-0.07307265238888369,1.660975932154218,0.24089753526951235,-0.0730729833318539,1.6609761099930531,0.24089753526951235,-0.0730729833318539,1.6609761099930531,0.0,0.0,0.0,4.534774385987625,0.07557957309979374
0.25600000000000017,0.2408970446326421,-0.07307265884394099,1.660975939599375,0.24089753526951235,-0.0730729833318539,1.6609761099930531,0.24089753526951235,-0.0730729833318539,1.6609761099930531,0.0,0.0,0.0,4.534776983398651,0.07557961638997752
0.2570000000000002,0.24089705053852506,-0.07307266526853728,1.660975946841264,0.24089753526951235,-0.0730729833318539,1.6609761099930531,0.24089753526951235,-0.0730729833318539,1.6609761099930531,0.0,0.0,0.0,4.534779527820849,0.07557965879701414
0.2580000000000002,0.24089705645397205,-0.07307267165971368,1.6609759538826605,0.24089753526951235,-0.0730729833318539,1.6609761099930531,0.24089753526951235,-0.0730729833318539,1.6609761099930531,0.0,0.0,0.0,4.53478201839324,0.07557970030655399
0.2590000000000002,0.240897062375246,-0.0730726780146431,1.6609759607264456,0.24089753526951235,-0.0730729833318539,1.6609761099930531,0.24089753526951235,-0.0730729833318539,1.6609761099930531,0.0,0.0,0.0,4.534784454350353,0.07557974090583922
0.2600000000000002,0.2408970682987648,-0.07307268433062775,1.660975967375601,0.24089753526951235,-0.0730729833318539,1.6609761099930531,0.24089753526951235,-0.0730729833318539,1.6609761099930531,0.0,0.0,0.0,4.53478683502048,0.07557978058367466
0.2610000000000002,0.2408970742210979,-0.07307269060509797,1.6609759738331973,0.24089753526951235,-0.0730729833318539,1.6609761099930531,0.24089753526951235,-0.0730729833318539,1.6609761099930531,0.0,0.0,0.0,4.534789159822206,0.0755798193303701
0.2620000000000002,0.24089708013896488,-0.07307269683560882,1.6609759801023913,0.24089753526951235,-0.0730729833318539,1.6609761099930531,0.24089753526951235,-0.0730729833318539,1.6609761099930531,0.0,0.0,0.0,4.534791428262897,0.07557985713771495
0.2630000000000002,0.2408970860492302,-0.07307270301983848,1.6609759861864117,0.24089753526951235,-0.0730729833318539,1.6609761099930531,0.24089753526951235,-0.0730729833318539,1.6609761099930531,0.0,0.0,0.0,4.534793639935278,0.0755798939989213
0.2640000000000002,0.2408970919489048,-0.07307270915558756,1.6609759920885612,0.24089753526951235,-0.0730729833318539,1.6609761099930531,0.24089753526951235,-0.0730729833318539,1.6609761099930531,0.0,0.0,0.0,4.534795794516091,0.07557992990860152
0.2650000000000002,0.240897097835139,-0.07307271524077419,1.6609759978122023,0.24089753526951235,-0.0730729833318539,1.6609761099930531,0.24089753526951235,-0.0730729833318539,1.6609761099930531,0.0,0.0,0.0,4.53479789176201,0.07557996486270017
0.2660000000000002,0.24089710370522155,-0.07307272127343376,1.6609760033607546,0.24089753526951235,-0.0730729833318539,1.6609761099930531,0.24089753526951235,-0.0730729833318539,1.6609761099930531,0.0,0.0,0.0,4.534799931507963,0.07557999885846604
0.2670000000000002,0.24089710955657717,-0.07307272725171561,1.6609760087376852,0.24089753526951235,-0.0730729833318539,1.6609761099930531,0.24089753526951235,-0.0730729833318539,1.6609761099930531,0.0,0.0,0.0,4.5348019136640945,0.07558003189440157
0.2680000000000002,0.24089711538676223,-0.0730727331738816,1.6609760139465035,0.24089753526951235,-0.0730729833318539,1.6609761099930531,0.24089753526951235,-0.0730729833318539,1.6609761099930531,0.0,0.0,0.0,4.534803838213455,0.07558006397022425
0.2690000000000002,0.240897121193463,-0.07307273903830178,1.6609760189907592,0.24089753526951235,-0.0730729833318539,1.6609761099930531,0.24089753526951235,-0.0730729833318539,1.6609761099930531,0.0,0.0,0.0,4.534805705209318,0.07558009508682197
0.2700000000000002,0.2408971269744915,-0.07307274484345387,1.660976023874029,0.24089753526951235,-0.0730729833318539,1.6609761099930531,0.24089753526951235,-0.0730729833318539,1.6609761099930531,0.0,0.0,0.0,4.534807514771307,0.07558012524618846
0.2710000000000002,0.2408971327277833,-0.07307275058792032,1.6609760285999169,0.24089753526951235,-0.0730729833318539,1.6609761099930531,0.24089753526951235,-0.0730729833318539,1.6609761099930531,0.0,0.0,0.0,4.534809267084606,0.0755801544514101
0.2720000000000002,0.2408971384513945,-0.07307275627038534,1.6609760331720445,0.24089753526951235,-0.0730729833318539,1.6609761099930531,0.24089753526951235,-0.0730729833318539,1.6609761099930531,0.0,0.0,0.0,4.534810962395496,0.0755801827065916
0.2730000000000002,0.240897144143498,-0.07307276188963205,1.6609760375940499,0.24089753526951235,-0.0730729833318539,1.6609761099930531,0.24089753526951235,-0.0730729833318539,1.6609761099930531,0.0,0.0,0.0,4.534812601010255,0.0755802100168376
0.2740000000000002,0.24089714980238053,-0.07307276744454143,1.660976041869579,0.24089753526951235,-0.0730729833318539,1.6609761099930531,0.24089753526951235,-0.0730729833318539,1.6609761099930531,0.0,0.0,0.0,4.534814183290881,0.07558023638818136
0.2750000000000002,0.24089715542643964,-0.07307277293408786,1.6609760460022807,0.24089753526951235,-0.0730729833318539,1.6609761099930531,0.24089753526951235,-0.0730729833318539,1.6609761099930531,0.0,0.0,0.0,4.534815709653626,0.07558026182756043
0.2760000000000002,0.24089716101418118,-0.07307277835733786,1.6609760499958055,0.24089753526951235,-0.0730729833318539,1.6609761099930531,0.24089753526951235,-0.0730729833318539,1.6609761099930531,0.0,0.0,0.0,4.534817180566165,0.07558028634276942
0.2770000000000002,0.24089716656421462,-0.07307278371344751,1.6609760538537979,0.24089753526951235,-0.0730729833318539,1.6609761099930531,0.24089753526951235,-0.0730729833318539,1.6609761099930531,0.0,0.0,0.0,4.534818596544299,0.07558030994240499
0.2780000000000002,0.24089717207525227,-0.07307278900165887,1.660976057579891,0.24089753526951235,-0.0730729833318539,1.6609761099930531,0.24089753526951235,-0.0730729833318539,1.6609761099930531,0.0,0.0,0.0,4.534819958150045,0.0755803326358341
0.2790000000000002,0.24089717754610357,-0.07307279422129863,1.660976061177707,0.24089753526951235,-0.0730729833318539,1.6609761099930531,0.24089753526951235,-0.0730729833318539,1.6609761099930531,0.0,0.0,0.0,4.534821265989374,0.07558035443315622
0.2800000000000002,0.2408971829756745,-0.07307279937177466,1.660976064650848,0.24089753526951235,-0.0730729833318539,1.6609761099930531,0.24089753526951235,-0.0730729833318539,1.6609761099930531,0.0,0.0,0.0,4.534822520708758,0.07558037534514597
0.2810000000000002,0.2408971883629616,-0.07307280445257325,1.6609760680028964,0.24089753526951235,-0.0730729833318539,1.6609761099930531,0.24089753526951235,-0.0730729833318539,1.6609761099930531,0.0,0.0,0.0,4.534823722993441,0.07558039538322402
0.2820000000000002,0.240897193707052,-0.07307280946325824,1.6609760712374093,0.24089753526951235,-0.0730729833318539,1.6609761099930531,0.24089753526951235,-0.0730729833318539,1.6609761099930531,0.0,0.0,0.0,4.534824873564618,0.07558041455941031
0.2830000000000002,0.24089719900711914,-0.07307281440346663,1.6609760743579138,0.24089753526951235,-0.0730729833318539,1.6609761099930531,0.24089753526951235,-0.0730729833318539,1.6609761099930531,0.0,0.0,0.0,4.534825973177312,0.07558043288628853
0.2840000000000002,0.24089720426241817,-0.07307281927290629,1.6609760773679063,0.24089753526951235,-0.0730729833318539,1.6609761099930531,0.24089753526951235,-0.0730729833318539,1.6609761099930531,0.0,0.0,0.0,4.534827022618178,0.07558045037696964
0.2850000000000002,0.24089720947228527,-0.0730728240713544,1.660976080270848,0.24089753526951235,-0.0730729833318539,1.6609761099930531,0.24089753526951235,-0.0730729833318539,1.6609761099930531,0.0,0.0,0.0,4.5348280227029045,0.07558046704504841
0.2860000000000002,0.24089721463613356,-0.07307282879865491,1.660976083070163,0.24089753526951235,-0.0730729833318539,1.6609761099930531,0.24089753526951235,-0.0730729833318539,1.6609761099930531,0.0,0.0,0.0,4.534828974274036,0.07558048290456726
0.2870000000000002,0.2408972197534511,-0.07307283345471446,1.6609760857692342,0.24089753526951235,-0.0730729833318539,1.6609761099930531,0.24089753526951235,-0.0730729833318539,1.6609761099930531,0.0,0.0,0.0,4.5348298781987415,0.07558049796997902
0.2880000000000002,0.24089722482379672,-0.0730728380395024,1.660976088371402,0.24089753526951235,-0.0730729833318539,1.6609761099930531,0.24089753526951235,-0.0730729833318539,1.6609761099930531,0.0,0.0,0.0,4.534830735367205,0.07558051225612009
0.2890000000000002,0.24089722984679662,-0.07307284255304611,1.6609760908799611,0.24089753526951235,-0.0730729833318539,1.6609761099930531,0.24089753526951235,-0.0730729833318539,1.6609761099930531,0.0,0.0,0.0,4.534831546689975,0.07558052577816625
0.2900000000000002,0.24089723482214456,-0.0730728469954302,1.6609760932981579,0.24089753526951235,-0.0730729833318539,1.6609761099930531,0.24089753526951235,-0.0730729833318539,1.6609761099930531,0.0,0.0,0.0,4.53483231309605,0.07558053855160084
0.2910000000000002,0.24089723974959598,-0.07307285136679276,1.6609760956291906,0.24089753526951235,-0.0730729833318539,1.6609761099930531,0.24089753526951235,-0.0730729833318539,1.6609761099930531,0.0,0.0,0.0,4.53483303553131,0.0755805505921885
0.2920000000000002,0.24089724462896775,-0.07307285566732515,1.660976097876205,0.24089753526951235,-0.0730729833318539,1.6609761099930531,0.24089753526951235,-0.0730729833318539,1.6609761099930531,0.0,0.0,0.0,4.534833714955965,0.07558056191593275
0.2930000000000002,0.240897249460132,-0.0730728598972671,1.6609761000422927,0.24089753526951235,-0.0730729833318539,1.6609761099930531,0.24089753526951235,-0.0730729833318539,1.6609761099930531,0.0,0.0,0.0,4.534834352343278,0.07558057253905463
0.2940000000000002,0.24089725424301842,-0.07307286405690679,1.6609761021304925,0.24089753526951235,-0.0730729833318539,1.6609761099930531,0.24089753526951235,-0.0730729833318539,1.6609761099930531,0.0,0.0,0.0,4.534834948677612,0.0755805824779602
0.2950000000000002,0.24089725897760633,-0.07307286814657644,1.6609761041437827,0.24089753526951235,-0.0730729833318539,1.6609761099930531,0.24089753526951235,-0.0730729833318539,1.6609761099930531,0.0,0.0,0.0,4.534835504952483,0.07558059174920805
0.2960000000000002,0.24089726366392644,-0.07307287216665251,1.6609761060850883,0.24089753526951235,-0.0730729833318539,1.6609761099930531,0.24089753526951235,-0.0730729833318539,1.6609761099930531,0.0,0.0,0.0,4.53483602216961,0.07558060036949349
0.2970000000000002,0.2408972683020562,-0.07307287611755175,1.6609761079572707,0.24089753526951235,-0.0730729833318539,1.6609761099930531,0.24089753526951235,-0.0730729833318539,1.6609761099930531,0.0,0.0,0.0,4.534836501335972,0.07558060835559953
0.2980000000000002,0.24089727289211785,-0.07307287999972932,1.660976109763136,0.24089753526951235,-0.0730729833318539,1.6609761099930531,0.24089753526951235,-0.0730729833318539,1.6609761099930531,0.0,0.0,0.0,4.534836943464057,0.07558061572440096
0.2990000000000002,0.24089727743427564,-0.07307288381367819,1.6609761115054251,0.24089753526951235,-0.0730729833318539,1.6609761099930531,0.24089753526951235,-0.0730729833318539,1.6609761099930531,0.0,0.0,0.0,4.534837349568172,0.07558062249280287
0.3000000000000002,0.24089728192873378,-0.07307288755992461,1.660976113186818,0.24089753526951235,-0.0730729833318539,1.6609761099930531,0.24089753526951235,-0.0730729833318539,1.6609761099930531,0.0,0.0,0.0,4.5348377206651325,0.07558062867775221
0.3010000000000002,0.24089728637573507,-0.0730728912390287,1.6609761148099336,0.24089753526951235,-0.0730729833318539,1.6609761099930531,0.24089753526951235,-0.0730729833318539,1.6609761099930531,0.0,0.0,0.0,4.534838057771729,0.07558063429619549
0.3020000000000002,0.24089729077555666,-0.07307289485158107,1.6609761163773242,0.24089753526951235,-0.0730729833318539,1.6609761099930531,0.24089753526951235,-0.0730729833318539,1.6609761099930531,0.0,0.0,0.0,4.534838361903231,0.07558063936505384
0.3030000000000002,0.24089729512850966,-0.0730728983982015,1.6609761178914824,0.24089753526951235,-0.0730729833318539,1.6609761099930531,0.24089753526951235,-0.0730729833318539,1.6609761099930531,0.0,0.0,0.0,4.534838634073146,0.07558064390121909
0.3040000000000002,0.24089729943493615,-0.07307290187953563,1.660976119354833,0.24089753526951235,-0.0730729833318539,1.6609761099930531,0.24089753526951235,-0.0730729833318539,1.6609761099930531,0.0,0.0,0.0,4.534838875290766,0.07558064792151277
0.3050000000000002,0.24089730369520773,-0.07307290529625585,1.6609761207697376,0.24089753526951235,-0.0730729833318539,1.6609761099930531,0.24089753526951235,-0.0730729833318539,1.6609761099930531,0.0,0.0,0.0,4.53483908656109,0.07558065144268483
0.3060000000000002,0.24089730790972186,-0.073072908649057,1.6609761221384927,0.24089753526951235,-0.0730729833318539,1.6609761099930531,0.24089753526951235,-0.0730729833318539,1.6609761099930531,0.0,0.0,0.0,4.534839268882898,0.07558065448138164
0.3070000000000002,0.24089731207890214,-0.0730729119386567,1.6609761234633322,0.24089753526951235,-0.0730729833318539,1.6609761099930531,0.24089753526951235,-0.0730729833318539,1.6609761099930531,0.0,0.0,0.0,4.534839423248303,0.07558065705413838
0.3080000000000002,0.24089731620319532,-0.07307291516579152,1.6609761247464194,0.24089753526951235,-0.0730729833318539,1.6609761099930531,0.24089753526951235,-0.0730729833318539,1.6609761099930531,0.0,0.0,0.0,4.53483955064102,0.07558065917735032
0.3090000000000002,0.24089732028306973,-0.07307291833121761,1.6609761259898612,0.24089753526951235,-0.0730729833318539,1.6609761099930531,0.24089753526951235,-0.0730729833318539,1.6609761099930531,0.0,0.0,0.0,4.534839652037231,0.07558066086728718
0.3100000000000002,0.24089732431901187,-0.07307292143570701,1.6609761271956915,0.24089753526951235,-0.0730729833318539,1.6609761099930531,0.24089753526951235,-0.0730729833318539,1.6609761099930531,0.0,0.0,0.0,4.534839728401374,0.07558066214002289
0.3110000000000002,0.24089732831152808,-0.07307292448004805,1.6609761283658853,0.24089753526951235,-0.0730729833318539,1.6609761099930531,0.24089753526951235,-0.0730729833318539,1.6609761099930531,0.0,0.0,0.0,4.534839780689241,0.07558066301148735
0.3120000000000002,0.24089733226113969,-0.07307292746504276,1.6609761295023515,0.24089753526951235,-0.0730729833318539,1.6609761099930531,0.24089753526951235,-0.0730729833318539,1.6609761099930531,0.0,0.0,0.0,4.534839809844143,0.07558066349740238
0.3130000000000002,0.2408973361683825,-0.07307293039150528,1.6609761306069366,0.24089753526951235,-0.0730729833318539,1.6609761099930531,0.24089753526951235,-0.0730729833318539,1.6609761099930531,0.0,0.0,0.0,4.534839816797576,0.07558066361329294
0.3140000000000002,0.2408973400338057,-0.07307293326026128,1.6609761316814209,0.24089753526951235,-0.0730729833318539,1.6609761099930531,0.24089753526951235,-0.0730729833318539,1.6609761099930531,0.0,0.0,0.0,4.534839802468037,0.07558066337446728
0.3150000000000002,0.2408973438579697,-0.07307293607214582,1.6609761327275248,0.24089753526951235,-0.0730729833318539,1.6609761099930531,0.24089753526951235,-0.0730729833318539,1.6609761099930531,0.0,0.0,0.0,4.534839767761238,0.07558066279602065
0.3160000000000002,0.24089734764144527,-0.07307293882800245,1.6609761337469051,0.24089753526951235,-0.0730729833318539,1.6609761099930531,0.24089753526951235,-0.0730729833318539,1.6609761099930531,0.0,0.0,0.0,4.534839713568309,0.07558066189280516
0.3170000000000002,0.2408973513848109,-0.07307294152868214,1.6609761347411571,0.24089753526951235,-0.0730729833318539,1.6609761099930531,0.24089753526951235,-0.0730729833318539,1.6609761099930531,0.0,0.0,0.0,4.534839640766062,0.07558066067943438
0.3180000000000002,0.24089735508865345,-0.07307294417504162,1.6609761357118167,0.24089753526951235,-0.0730729833318539,1.6609761099930531,0.24089753526951235,-0.0730729833318539,1.6609761099930531,0.0,0.0,0.0,4.534839550216111,0.07558065917026852
0.31900000000000023,0.24089735875356488,-0.07307294676794206,1.6609761366603566,0.24089753526951235,-0.0730729833318539,1.6609761099930531,0.24089753526951235,-0.0730729833318539,1.6609761099930531,0.0,0.0,0.0,4.534839442764361,0.07558065737940602
0.32000000000000023,0.2408973623801423,-0.07307294930824934,1.6609761375881937,0.24089753526951235,-0.0730729833318539,1.6609761099930531,0.24089753526951235,-0.0730729833318539,1.6609761099930531,0.0,0.0,0.0,4.5348393192412795,0.07558065532068799
0.32100000000000023,0.2408973659689863,-0.07307295179683074,1.660976138496683,0.24089753526951235,-0.0730729833318539,1.6609761099930531,0.24089753526951235,-0.0730729833318539,1.6609761099930531,0.0,0.0,0.0,4.534839180460236,0.0755806530076706
0.32200000000000023,0.24089736952069923,-0.07307295423455583,1.6609761393871243,0.24089753526951235,-0.0730729833318539,1.6609761099930531,0.24089753526951235,-0.0730729833318539,1.6609761099930531,0.0,0.0,0.0,4.534839027218731,0.07558065045364552
0.32300000000000023,0.2408973730358856,-0.07307295662229414,1.6609761402607595,0.24089753526951235,-0.0730729833318539,1.6609761099930531,0.24089753526951235,-0.0730729833318539,1.6609761099930531,0.0,0.0,0.0,4.534838860296585,0.07558064767160974
0.32400000000000023,0.24089737651514936,-0.07307295896091591,1.6609761411187742,0.24089753526951235,-0.0730729833318539,1.6609761099930531,0.24089753526951235,-0.0730729833318539,1.6609761099930531,0.0,0.0,0.0,4.534838680456705,0.07558064467427841
0.32500000000000023,0.24089737995909427,-0.0730729612512884,1.6609761419623001,0.24089753526951235,-0.0730729833318539,1.6609761099930531,0.24089753526951235,-0.0730729833318539,1.6609761099930531,0.0,0.0,0.0,4.53483848844438,0.075580641474073
0.32600000000000023,0.2408973833683223,-0.07307296349427837,1.6609761427924143,0.24089753526951235,-0.0730729833318539,1.6609761099930531,0.24089753526951235,-0.0730729833318539,1.6609761099930531,0.0,0.0,0.0,4.534838284987246,0.07558063808312077
0.32700000000000023,0.24089738674343222,-0.0730729656907479,1.6609761436101416,0.24089753526951235,-0.0730729833318539,1.6609761099930531,0.24089753526951235,-0.0730729833318539,1.6609761099930531,0.0,0.0,0.0,4.534838070795053,0.07558063451325088
0.32800000000000024,0.24089739008501987,-0.07307296784155667,1.660976144416455,0.24089753526951235,-0.0730729833318539,1.6609761099930531,0.24089753526951235,-0.0730729833318539,1.6609761099930531,0.0,0.0,0.0,4.534837846559405,0.07558063077599009
0.32900000000000024,0.24089739339367666,-0.07307296994755935,1.660976145212275,0.24089753526951235,-0.0730729833318539,1.6609761099930531,0.24089753526951235,-0.0730729833318539,1.6609761099930531,0.0,0.0,0.0,4.53483761295373,0.07558062688256216
0.33000000000000024,0.24089739666998872,-0.07307297200960451,1.6609761459984747,0.24089753526951235,-0.0730729833318539,1.6609761099930531,0.24089753526951235,-0.0730729833318539,1.6609761099930531,0.0,0.0,0.0,4.534837370633677,0.07558062284389462
0.33100000000000024,0.24089739991453657,-0.07307297402853533,1.660976146775878,0.24089753526951235,-0.0730729833318539,1.6609761099930531,0.24089753526951235,-0.0730729833318539,1.6609761099930531,0.0,0.0,0.0,4.5348371202362,0.07558061867060334
0.33200000000000024,0.24089740312789504,-0.07307297600518903,1.6609761475452605,0.24089753526951235,-0.0730729833318539,1.6609761099930531,0.24089753526951235,-0.0730729833318539,1.6609761099930531,0.0,0.0,0.0,4.534836862380027,0.07558061437300045
0.33300000000000024,0.24089740631063006,-0.07307297794039434,1.660976148307352,0.24089753526951235,-0.0730729833318539,1.6609761099930531,0.24089753526951235,-0.0730729833318539,1.6609761099930531,0.0,0.0,0.0,4.534836597665943,0.07558060996109904
0.33400000000000024,0.24089740946330168,-0.07307297983497316,1.6609761490628379,0.24089753526951235,-0.0730729833318539,1.6609761099930531,0.24089753526951235,-0.0730729833318539,1.6609761099930531,0.0,0.0,0.0,4.53483632667614,0.07558060544460234
0.33500000000000024,0.24089741258646064,-0.07307298168973851,1.660976149812358,0.24089753526951235,-0.0730729833318539,1.6609761099930531,0.24089753526951235,-0.0730729833318539,1.6609761099930531,0.0,0.0,0.0,4.5348360499746585,0.07558060083291097
0.33600000000000024,0.24089741568064893,-0.07307298350549411,1.660976150556512,0.24089753526951235,-0.0730729833318539,1.6609761099930531,0.24089753526951235,-0.0730729833318539,1.6609761099930531,0.0,0.0,0.0,4.534835768107019,0.07558059613511699
0.33700000000000024,0.24089741874639986,-0.07307298528303578,1.6609761512958547,0.24089753526951235,-0.0730729833318539,1.6609761099930531,0.24089753526951235,-0.0730729833318539,1.6609761099930531,0.0,0.0,0.0,4.534835481601948,0.07558059136003246
0.33800000000000024,0.24089742178423665,-0.07307298702314793,1.6609761520309025,0.24089753526951235,-0.0730729833318539,1.6609761099930531,0.24089753526951235,-0.0730729833318539,1.6609761099930531,0.0,0.0,0.0,4.534835190969178,0.07558058651615297
0.33900000000000025,0.24089742479467222,-0.07307298872660589,1.6609761527621318,0.24089753526951235,-0.0730729833318539,1.6609761099930531,0.24089753526951235,-0.0730729833318539,1.6609761099930531,0.0,0.0,0.0,4.534834896700914,0.07558058161168191
0.34000000000000025,0.24089742777820966,-0.07307299039417417,1.6609761534899805,0.24089753526951235,-0.0730729833318539,1.6609761099930531,0.24089753526951235,-0.0730729833318539,1.6609761099930531,0.0,0.0,0.0,4.534834599271458,0.0755805766545243
0.34100000000000025,0.24089743073534023,-0.07307299202660539,1.660976154214851,0.24089753526951235,-0.0730729833318539,1.6609761099930531,0.24089753526951235,-0.0730729833318539,1.6609761099930531,0.0,0.0,0.0,4.534834299138092,0.07558057165230153
0.34200000000000025,0.24089743366654487,-0.0730729936246427,1.660976154937108,0.24089753526951235,-0.0730729833318539,1.6609761099930531,0.24089753526951235,-0.0730729833318539,1.6609761099930531,0.0,0.0,0.0,4.5348339967402165,0.07558056661233695
0.34300000000000025,0.2408974365722929,-0.07307299518901603,1.660976155657083,0.24089753526951235,-0.0730729833318539,1.6609761099930531,0.24089753526951235,-0.0730729833318539,1.6609761099930531,0.0,0.0,0.0,4.534833692500696,0.07558056154167826
0.34400000000000025,0.24089743945304176,-0.07307299672044434,1.6609761563750738,0.24089753526951235,-0.0730729833318539,1.6609761099930531,0.24089753526951235,-0.0730729833318539,1.6609761099930531,0.0,0.0,0.0,4.534833386825265,0.07558055644708775
0.34500000000000025,0.24089744230923663,-0.07307299821963452,1.660976157091345,0.24089753526951235,-0.0730729833318539,1.6609761099930531,0.24089753526951235,-0.0730729833318539,1.6609761099930531,0.0,0.0,0.0,4.534833080102849,0.07558055133504747
0.34600000000000025,0.2408974451413115,-0.07307299968728068,1.6609761578061306,0.24089753526951235,-0.0730729833318539,1.6609761099930531,0.24089753526951235,-0.0730729833318539,1.6609761099930531,0.0,0.0,0.0,4.534832772706125,0.07558054621176874
0.34700000000000025,0.2408974479496872,-0.07307300112406478,1.6609761585196352,0.24089753526951235,-0.0730729833318539,1.6609761099930531,0.24089753526951235,-0.0730729833318539,1.6609761099930531,0.0,0.0,0.0,4.534832464991626,0.07558054108319377
0.34800000000000025,0.24089745073477298,-0.07307300253065631,1.6609761592320338,0.24089753526951235,-0.0730729833318539,1.6609761099930531,0.24089753526951235,-0.0730729833318539,1.6609761099930531,0.0,0.0,0.0,4.534832157299534,0.07558053595499223
0.34900000000000025,0.2408974534969643,-0.0730730039077115,1.6609761599434738,0.24089753526951235,-0.0730729833318539,1.6609761099930531,0.24089753526951235,-0.0730729833318539,1.6609761099930531,0.0,0.0,0.0,4.534831849954807,0.07558053083258011
0.35000000000000026,0.2408974562366455,-0.07307300525587365,1.660976160654076,0.24089753526951235,-0.0730729833318539,1.6609761099930531,0.24089753526951235,-0.0730729833318539,1.6609761099930531,0.0,0.0,0.0,4.5348315432668,0.07558052572111333
0.35100000000000026,0.24089745895418657,-0.07307300657577384,1.6609761613639338,0.24089753526951235,-0.0730729833318539,1.6609761099930531,0.24089753526951235,-0.0730729833318539,1.6609761099930531,0.0,0.0,0.0,4.53483123752979,0.0755805206254965
0.35200000000000026,0.24089746164994713,-0.07307300786802909,1.660976162073121,0.24089753526951235,-0.0730729833318539,1.6609761099930531,0.24089753526951235,-0.0730729833318539,1.6609761099930531,0.0,0.0,0.0,4.5348309330235566,0.07558051555039261
0.35300000000000026,0.24089746432427236,-0.07307300913324404,1.660976162781683,0.24089753526951235,-0.0730729833318539,1.6609761099930531,0.24089753526951235,-0.0730729833318539,1.6609761099930531,0.0,0.0,0.0,4.534830630012501,0.07558051050020835
0.35400000000000026,0.24089746697749392,-0.07307301037200892,1.6609761634896447,0.24089753526951235,-0.0730729833318539,1.6609761099930531,0.24089753526951235,-0.0730729833318539,1.6609761099930531,0.0,0.0,0.0,4.534830328747501,0.07558050547912501
0.35500000000000026,0.24089746960993227,-0.07307301158490176,1.6609761641970084,0.24089753526951235,-0.0730729833318539,1.6609761099930531,0.24089753526951235,-0.0730729833318539,1.6609761099930531,0.0,0.0,0.0,4.53483002946536,0.07558050049108934
0.35600000000000026,0.24089747222189473,-0.07307301277248696,1.6609761649037582,0.24089753526951235,-0.0730729833318539,1.6609761099930531,0.24089753526951235,-0.0730729833318539,1.6609761099930531,0.0,0.0,0.0,4.534829732389546,0.07558049553982576
0.35700000000000026,0.24089747481367477,-0.07307301393531579,1.660976165609857,0.24089753526951235,-0.0730729833318539,1.6609761099930531,0.24089753526951235,-0.0730729833318539,1.6609761099930531,0.0,0.0,0.0,4.534829437729692,0.0755804906288282
0.35800000000000026,0.24089747738555667,-0.07307301507392631,1.6609761663152505,0.24089753526951235,-0.0730729833318539,1.6609761099930531,0.24089753526951235,-0.0730729833318539,1.6609761099930531,0.0,0.0,0.0,4.534829145682846,0.07558048576138075
0.35900000000000026,0.24089747993780802,-0.0730730161888428,1.6609761670198657,0.24089753526951235,-0.0730729833318539,1.6609761099930531,0.24089753526951235,-0.0730729833318539,1.6609761099930531,0.0,0.0,0.0,4.5348288564333155,0.07558048094055526
0.36000000000000026,0.24089748247068646,-0.07307301728057713,1.6609761677236152,0.24089753526951235,-0.0730729833318539,1.6609761099930531,0.24089753526951235,-0.0730729833318539,1.6609761099930531,0.0,0.0,0.0,4.534828570153172,0.07558047616921953
0.36100000000000027,0.2408974849844365,-0.07307301834962815,1.6609761684263937,0.24089753526951235,-0.0730729833318539,1.6609761099930531,0.24089753526951235,-0.0730729833318539,1.6609761099930531,0.0,0.0,0.0,4.53482828700214,0.07558047145003567
0.36200000000000027,0.24089748747929068,-0.07307301939648066,1.6609761691280818,0.24089753526951235,-0.0730729833318539,1.6609761099930531,0.24089753526951235,-0.0730729833318539,1.6609761099930531,0.0,0.0,0.0,4.534828007128702,0.07558046678547838
0.36300000000000027,0.2408974899554699,-0.0730730204216077,1.6609761698285472,0.24089753526951235,-0.0730729833318539,1.6609761099930531,0.24089753526951235,-0.0730729833318539,1.6609761099930531,0.0,0.0,0.0,4.5348277306701394,0.07558046217783566
0.36400000000000027,0.24089749241318215,-0.07307302142546888,1.6609761705276433,0.24089753526951235,-0.0730729833318539,1.6609761099930531,0.24089753526951235,-0.0730729833318539,1.6609761099930531,0.0,0.0,0.0,4.5348274577521925,0.07558045762920321
0.36500000000000027,0.24089749485262513,-0.0730730224085115,1.6609761712252131,0.24089753526951235,-0.0730729833318539,1.6609761099930531,0.24089753526951235,-0.0730729833318539,1.6609761099930531,0.0,0.0,0.0,4.534827188490492,0.0755804531415082
0.36600000000000027,0.2408974972739839,-0.07307302337116978,1.6609761719210865,0.24089753526951235,-0.0730729833318539,1.6609761099930531,0.24089753526951235,-0.0730729833318539,1.6609761099930531,0.0,0.0,0.0,4.534826922989827,0.0755804487164971
0.36700000000000027,0.2408974996774324,-0.07307302431386573,1.6609761726150836,0.24089753526951235,-0.0730729833318539,1.6609761099930531,0.24089753526951235,-0.0730729833318539,1.6609761099930531,0.0,0.0,0.0,4.534826661345341,0.07558044435575569
0.36800000000000027,0.24089750206313337,-0.07307302523700968,1.6609761733070156,0.24089753526951235,-0.0730729833318539,1.6609761099930531,0.24089753526951235,-0.0730729833318539,1.6609761099930531,0.0,0.0,0.0,4.534826403642399,0.07558044006070666
0.36900000000000027,0.24089750443123925,-0.07307302614099853,1.660976173996683,0.24089753526951235,-0.0730729833318539,1.6609761099930531,0.24089753526951235,-0.0730729833318539,1.6609761099930531,0.0,0.0,0.0,4.5348261499568805,0.07558043583261467
0.3700000000000003,0.24089750678189087,-0.0730730270262186,1.6609761746838798,0.24089753526951235,-0.0730729833318539,1.6609761099930531,0.24089753526951235,-0.0730729833318539,1.6609761099930531,0.0,0.0,0.0,4.534825900355982,0.0755804316725997
0.3710000000000003,0.2408975091152193,-0.07307302789304339,1.6609761753683912,0.24089753526951235,-0.0730729833318539,1.6609761099930531,0.24089753526951235,-0.0730729833318539,1.6609761099930531,0.0,0.0,0.0,4.534825654897747,0.07558042758162913
0.3720000000000003,0.24089751143134394,-0.07307302874183526,1.6609761760499973,0.24089753526951235,-0.0730729833318539,1.6609761099930531,0.24089753526951235,-0.0730729833318539,1.6609761099930531,0.0,0.0,0.0,4.534825413632141,0.07558042356053568
0.3730000000000003,0.24089751373037618,-0.07307302957294491,1.6609761767284692,0.24089753526951235,-0.0730729833318539,1.6609761099930531,0.24089753526951235,-0.0730729833318539,1.6609761099930531,0.0,0.0,0.0,4.534825176600522,0.0755804196100087
0.3740000000000003,0.24089751601241596,-0.07307303038671184,1.660976177403575,0.24089753526951235,-0.0730729833318539,1.6609761099930531,0.24089753526951235,-0.0730729833318539,1.6609761099930531,0.0,0.0,0.0,4.5348249438373704,0.07558041573062284
0.3750000000000003,0.24089751827755393,-0.07307303118346473,1.6609761780750758,0.24089753526951235,-0.0730729833318539,1.6609761099930531,0.24089753526951235,-0.0730729833318539,1.6609761099930531,0.0,0.0,0.0,4.534824715369011,0.07558041192281685
0.3760000000000003,0.24089752052587143,-0.07307303196352091,1.6609761787427302,0.24089753526951235,-0.0730729833318539,1.6609761099930531,0.24089753526951235,-0.0730729833318539,1.6609761099930531,0.0,0.0,0.0,4.534824491214953,0.07558040818691587
0.3770000000000003,0.24089752275744114,-0.07307303272718743,1.6609761794062936,0.24089753526951235,-0.0730729833318539,1.6609761099930531,0.24089753526951235,-0.0730729833318539,1.6609761099930531,0.0,0.0,0.0,4.534824271387018,0.07558040452311697
0.3780000000000003,0.24089752497232642,-0.07307303347476067,1.6609761800655154,0.24089753526951235,-0.0730729833318539,1.6609761099930531,0.24089753526951235,-0.0730729833318539,1.6609761099930531,0.0,0.0,0.0,4.534824055892115,0.07558040093153526
0.3790000000000003,0.24089752717058213,-0.07307303420652683,1.660976180720145,0.24089753526951235,-0.0730729833318539,1.6609761099930531,0.24089753526951235,-0.0730729833318539,1.6609761099930531,0.0,0.0,0.0,4.5348238447298606,0.07558039741216434
0.3800000000000003,0.24089752935225442,-0.07307303492276208,1.6609761813699282,0.24089753526951235,-0.0730729833318539,1.6609761099930531,0.24089753526951235,-0.0730729833318539,1.6609761099930531,0.0,0.0,0.0,4.534823637893573,0.07558039396489288
0.3810000000000003,0.24089753151738197,-0.07307303562373269,1.660976182014611,0.24089753526951235,-0.0730729833318539,1.6609761099930531,0.24089753526951235,-0.0730729833318539,1.6609761099930531,0.0,0.0,0.0,4.534823435371313,0.07558039058952187
0.3820000000000003,0.24089753366599556,-0.07307303630969593,1.6609761826539353,0.24089753526951235,-0.0730729833318539,1.6609761099930531,0.24089753526951235,-0.0730729833318539,1.6609761099930531,0.0,0.0,0.0,4.534823237145447,0.07558038728575744
0.3830000000000003,0.2408975357981174,-0.07307303698089863,1.660976183287645,0.24089753526951235,-0.0730729833318539,1.6609761099930531,0.24089753526951235,-0.0730729833318539,1.6609761099930531,0.0,0.0,0.0,4.534823043193733,0.0755803840532289
0.3840000000000003,0.24089753791376387,-0.0730730376375793,1.6609761839154842,0.24089753526951235,-0.0730729833318539,1.6609761099930531,0.24089753526951235,-0.0730729833318539,1.6609761099930531,0.0,0.0,0.0,4.534822853488565,0.07558038089147609
0.3850000000000003,0.24089754001294295,-0.07307303827996722,1.6609761845371938,0.24089753526951235,-0.0730729833318539,1.6609761099930531,0.24089753526951235,-0.0730729833318539,1.6609761099930531,0.0,0.0,0.0,4.534822667997672,0.07558037779996121
0.3860000000000003,0.24089754209565684,-0.0730730389082828,1.6609761851525195,0.24089753526951235,-0.0730729833318539,1.6609761099930531,0.24089753526951235,-0.0730729833318539,1.6609761099930531,0.0,0.0,0.0,4.534822486684842,0.0755803747780807
0.3870000000000003,0.24089754416190023,-0.0730730395227384,1.6609761857612044,0.24089753526951235,-0.0730729833318539,1.6609761099930531,0.24089753526951235,-0.0730729833318539,1.6609761099930531,0.0,0.0,0.0,4.534822309509183,0.07558037182515305
0.3880000000000003,0.24089754621166232,-0.07307304012353773,1.660976186362996,0.24089753526951235,-0.0730729833318539,1.6609761099930531,0.24089753526951235,-0.0730729833318539,1.6609761099930531,0.0,0.0,0.0,4.534822136426697,0.07558036894044494
0.3890000000000003,0.2408975482449255,-0.07307304071087652,1.6609761869576414,0.24089753526951235,-0.0730729833318539,1.6609761099930531,0.24089753526951235,-0.0730729833318539,1.6609761099930531,0.0,0.0,0.0,4.534821967388844,0.07558036612314739
0.3900000000000003,0.24089755026166781,-0.07307304128494332,1.660976187544891,0.24089753526951235,-0.0730729833318539,1.6609761099930531,0.24089753526951235,-0.0730729833318539,1.6609761099930531,0.0,0.0,0.0,4.534821802344279,0.07558036337240465
0.3910000000000003,0.24089755226186005,-0.07307304184591833,1.6609761881244973,0.24089753526951235,-0.0730729833318539,1.6609761099930531,0.24089753526951235,-0.0730729833318539,1.6609761099930531,0.0,0.0,0.0,4.534821641238355,0.07558036068730592
0.3920000000000003,0.24089755424546855,-0.07307304239397455,1.660976188696214,0.24089753526951235,-0.0730729833318539,1.6609761099930531,0.24089753526951235,-0.0730729833318539,1.6609761099930531,0.0,0.0,0.0,4.534821484013209,0.07558035806688682
0.3930000000000003,0.24089755621245523,-0.07307304292927805,1.660976189259803,0.24089753526951235,-0.0730729833318539,1.6609761099930531,0.24089753526951235,-0.0730729833318539,1.6609761099930531,0.0,0.0,0.0,4.534821330608977,0.0755803555101496
0.3940000000000003,0.24089755816277494,-0.07307304345198784,1.6609761898150202,0.24089753526951235,-0.0730729833318539,1.6609761099930531,0.24089753526951235,-0.0730729833318539,1.6609761099930531,0.0,0.0,0.0,4.534821180961761,0.07558035301602935
0.3950000000000003,0.24089756009638158,-0.07307304396225688,1.6609761903616356,0.24089753526951235,-0.0730729833318539,1.6609761099930531,0.24089753526951235,-0.0730729833318539,1.6609761099930531,0.0,0.0,0.0,4.534821035007476,0.07558035058345794
0.3960000000000003,0.2408975620132207,-0.07307304446023,1.6609761908994127,0.24089753526951235,-0.0730729833318539,1.6609761099930531,0.24089753526951235,-0.0730729833318539,1.6609761099930531,0.0,0.0,0.0,4.534820892677708,0.07558034821129513
0.3970000000000003,0.24089756391323763,-0.07307304494604791,1.660976191428128,0.24089753526951235,-0.0730729833318539,1.6609761099930531,0.24089753526951235,-0.0730729833318539,1.6609761099930531,0.0,0.0,0.0,4.534820753904155,0.07558034589840258
0.3980000000000003,0.240897565796371,-0.0730730454198438,1.6609761919475563,0.24089753526951235,-0.0730729833318539,1.6609761099930531,0.24089753526951235,-0.0730729833318539,1.6609761099930531,0.0,0.0,0.0,4.534820618614929,0.07558034364358215
0.3990000000000003,0.24089756766255735,-0.07307304588174565,1.6609761924574789,0.24089753526951235,-0.0730729833318539,1.6609761099930531,0.24089753526951235,-0.0730729833318539,1.6609761099930531,0.0,0.0,0.0,4.534820486737708,0.07558034144562846
0.4000000000000003,0.2408975695117292,-0.07307304633187549,1.6609761929576805,0.24089753526951235,-0.0730729833318539,1.6609761099930531,0.24089753526951235,-0.0730729833318539,1.6609761099930531,0.0,0.0,0.0,4.534820358198499,0.07558033930330832
0.4010000000000003,0.24089757134381629,-0.0730730467703503,1.660976193447952,0.24089753526951235,-0.0730729833318539,1.6609761099930531,0.24089753526951235,-0.0730729833318539,1.6609761099930531,0.0,0.0,0.0,4.5348202329220735,0.07558033721536789
0.4020000000000003,0.24089757315874472,-0.07307304719728154,1.6609761939280885,0.24089753526951235,-0.0730729833318539,1.6609761099930531,0.24089753526951235,-0.0730729833318539,1.6609761099930531,0.0,0.0,0.0,4.534820110831974,0.07558033518053289
0.4030000000000003,0.2408975749564391,-0.07307304761277604,1.6609761943978898,0.24089753526951235,-0.0730729833318539,1.6609761099930531,0.24089753526951235,-0.0730729833318539,1.6609761099930531,0.0,0.0,0.0,4.534819991850984,0.0755803331975164
0.4040000000000003,0.24089757673682005,-0.07307304801693534,1.6609761948571593,0.24089753526951235,-0.0730729833318539,1.6609761099930531,0.24089753526951235,-0.0730729833318539,1.6609761099930531,0.0,0.0,0.0,4.53481987590107,0.07558033126501783
0.4050000000000003,0.24089757849980734,-0.07307304840985664,1.6609761953057087,0.24089753526951235,-0.0730729833318539,1.6609761099930531,0.24089753526951235,-0.0730729833318539,1.6609761099930531,0.0,0.0,0.0,4.53481976290397,0.07558032938173283
0.4060000000000003,0.24089758024531732,-0.07307304879163284,1.6609761957433533,0.24089753526951235,-0.0730729833318539,1.6609761099930531,0.24089753526951235,-0.0730729833318539,1.6609761099930531,0.0,0.0,0.0,4.534819652780251,0.07558032754633752
0.4070000000000003,0.24089758197326525,-0.07307304916235208,1.6609761961699137,0.24089753526951235,-0.0730729833318539,1.6609761099930531,0.24089753526951235,-0.0730729833318539,1.6609761099930531,0.0,0.0,0.0,4.53481954545055,0.07558032575750917
0.4080000000000003,0.24089758368356443,-0.07307304952209935,1.660976196585215,0.24089753526951235,-0.0730729833318539,1.6609761099930531,0.24089753526951235,-0.0730729833318539,1.6609761099930531,0.0,0.0,0.0,4.534819440835197,0.07558032401391995
0.4090000000000003,0.2408975853761263,-0.07307304987095475,1.6609761969890904,0.24089753526951235,-0.0730729833318539,1.6609761099930531,0.24089753526951235,-0.0730729833318539,1.6609761099930531,0.0,0.0,0.0,4.534819338854758,0.07558032231424597
0.4100000000000003,0.24089758705086134,-0.07307305020899542,1.6609761973813773,0.24089753526951235,-0.0730729833318539,1.6609761099930531,0.24089753526951235,-0.0730729833318539,1.6609761099930531,0.0,0.0,0.0,4.5348192394292,0.07558032065715332
0.4110000000000003,0.24089758870767908,-0.07307305053629473,1.6609761977619175,0.24089753526951235,-0.0730729833318539,1.6609761099930531,0.24089753526951235,-0.0730729833318539,1.6609761099930531,0.0,0.0,0.0,4.534819142479077,0.07558031904131796
0.4120000000000003,0.24089759034648722,-0.07307305085292279,1.6609761981305597,0.24089753526951235,-0.0730729833318539,1.6609761099930531,0.24089753526951235,-0.0730729833318539,1.6609761099930531,0.0,0.0,0.0,4.534819047925301,0.07558031746542168
0.4130000000000003,0.24089759196719313,-0.07307305115894616,1.6609761984871594,0.24089753526951235,-0.0730729833318539,1.6609761099930531,0.24089753526951235,-0.0730729833318539,1.6609761099930531,0.0,0.0,0.0,4.534818955688772,0.07558031592814621
0.4140000000000003,0.24089759356970364,-0.07307305145442915,1.6609761988315754,0.24089753526951235,-0.0730729833318539,1.6609761099930531,0.24089753526951235,-0.0730729833318539,1.6609761099930531,0.0,0.0,0.0,4.5348188656909025,0.07558031442818171
0.4150000000000003,0.24089759515392473,-0.0730730517394322,1.6609761991636727,0.24089753526951235,-0.0730729833318539,1.6609761099930531,0.24089753526951235,-0.0730729833318539,1.6609761099930531,0.0,0.0,0.0,4.534818777853978,0.07558031296423297
0.4160000000000003,0.24089759671976174,-0.07307305201401405,1.6609761994833243,0.24089753526951235,-0.0730729833318539,1.6609761099930531,0.24089753526951235,-0.0730729833318539,1.6609761099930531,0.0,0.0,0.0,4.534818692100129,0.07558031153500215
0.4170000000000003,0.24089759826712057,-0.07307305227822981,1.6609761997904073,0.24089753526951235,-0.0730729833318539,1.6609761099930531,0.24089753526951235,-0.0730729833318539,1.6609761099930531,0.0,0.0,0.0,4.534818608353651,0.07558031013922752
0.4180000000000003,0.24089759979590603,-0.0730730525321329,1.6609762000848025,0.24089753526951235,-0.0730729833318539,1.6609761099930531,0.24089753526951235,-0.0730729833318539,1.6609761099930531,0.0,0.0,0.0,4.534818526538328,0.0755803087756388
0.4190000000000003,0.24089760130602422,-0.07307305277577464,1.6609762003664001,0.24089753526951235,-0.0730729833318539,1.6609761099930531,0.24089753526951235,-0.0730729833318539,1.6609761099930531,0.0,0.0,0.0,4.534818446579505,0.07558030744299175
0.4200000000000003,0.24089760279738012,-0.07307305300920344,1.6609762006350928,0.24089753526951235,-0.0730729833318539,1.6609761099930531,0.24089753526951235,-0.0730729833318539,1.6609761099930531,0.0,0.0,0.0,4.534818368402764,0.07558030614004606
0.4210000000000003,0.24089760426987974,-0.07307305323246659,1.6609762008907818,0.24089753526951235,-0.0730729833318539,1.6609761099930531,0.24089753526951235,-0.0730729833318539,1.6609761099930531,0.0,0.0,0.0,4.534818291935339,0.07558030486558898
0.4220000000000003,0.2408976057234295,-0.07307305344560829,1.6609762011333704,0.24089753526951235,-0.0730729833318539,1.6609761099930531,0.24089753526951235,-0.0730729833318539,1.6609761099930531,0.0,0.0,0.0,4.534818217105088,0.07558030361841814
0.4230000000000003,0.24089760715793596,-0.07307305364867245,1.6609762013627711,0.24089753526951235,-0.0730729833318539,1.6609761099930531,0.24089753526951235,-0.0730729833318539,1.6609761099930531,0.0,0.0,0.0,4.53481814384151,0.0755803023973585
0.4240000000000003,0.2408976085733066,-0.07307305384170068,1.660976201578899,0.24089753526951235,-0.0730729833318539,1.6609761099930531,0.24089753526951235,-0.0730729833318539,1.6609761099930531,0.0,0.0,0.0,4.534818072074689,0.07558030120124481
0.4250000000000003,0.2408976099694496,-0.07307305402473231,1.6609762017816758,0.24089753526951235,-0.0730729833318539,1.6609761099930531,0.24089753526951235,-0.0730729833318539,1.6609761099930531,0.0,0.0,0.0,4.534818001736443,0.07558030002894071
0.4260000000000003,0.24089761134627424,-0.07307305419780669,1.660976201971029,0.24089753526951235,-0.0730729833318539,1.6609761099930531,0.24089753526951235,-0.0730729833318539,1.6609761099930531,0.0,0.0,0.0,4.534817932759507,0.07558029887932512
0.4270000000000003,0.24089761270369014,-0.07307305436096093,1.6609762021468906,0.24089753526951235,-0.0730729833318539,1.6609761099930531,0.24089753526951235,-0.0730729833318539,1.6609761099930531,0.0,0.0,0.0,4.53481786507802,0.07558029775130033
0.4280000000000003,0.24089761404160875,-0.07307305451423132,1.6609762023091978,0.24089753526951235,-0.0730729833318539,1.6609761099930531,0.24089753526951235,-0.0730729833318539,1.6609761099930531,0.0,0.0,0.0,4.5348177986275795,0.075580296643793
0.4290000000000003,0.24089761535994214,-0.07307305465765279,1.6609762024578933,0.24089753526951235,-0.0730729833318539,1.6609761099930531,0.24089753526951235,-0.0730729833318539,1.6609761099930531,0.0,0.0,0.0,4.534817733345049,0.07558029555575081
0.4300000000000003,0.24089761665860304,-0.07307305479125914,1.6609762025929236,0.24089753526951235,-0.0730729833318539,1.6609761099930531,0.24089753526951235,-0.0730729833318539,1.6609761099930531,0.0,0.0,0.0,4.534817669168749,0.07558029448614582
0.4310000000000003,0.24089761793750714,-0.07307305491508428,1.6609762027142436,0.24089753526951235,-0.0730729833318539,1.6609761099930531,0.24089753526951235,-0.0730729833318539,1.6609761099930531,0.0,0.0,0.0,4.5348176060386916,0.0755802934339782
0.43200000000000033,0.24089761919656993,-0.07307305502916037,1.660976202821809,0.24089753526951235,-0.0730729833318539,1.6609761099930531,0.24089753526951235,-0.0730729833318539,1.6609761099930531,0.0,0.0,0.0,4.534817543895591,0.07558029239825985
0.43300000000000033,0.24089762043570945,-0.07307305513351896,1.6609762029155832,0.24089753526951235,-0.0730729833318539,1.6609761099930531,0.24089753526951235,-0.0730729833318539,1.6609761099930531,0.0,0.0,0.0,4.534817482682542,0.07558029137804237
0.43400000000000033,0.24089762165484407,-0.07307305522819134,1.6609762029955326,0.24089753526951235,-0.0730729833318539,1.6609761099930531,0.24089753526951235,-0.0730729833318539,1.6609761099930531,0.0,0.0,0.0,4.534817422343428,0.07558029037239047
0.43500000000000033,0.2408976228538952,-0.07307305531320758,1.6609762030616295,0.24089753526951235,-0.0730729833318539,1.6609761099930531,0.24089753526951235,-0.0730729833318539,1.6609761099930531,0.0,0.0,0.0,4.5348173628242066,0.07558028938040344
0.43600000000000033,0.2408976240327845,-0.07307305538859836,1.6609762031138497,0.24089753526951235,-0.0730729833318539,1.6609761099930531,0.24089753526951235,-0.0730729833318539,1.6609761099930531,0.0,0.0,0.0,4.5348173040720425,0.07558028840120071
0.43700000000000033,0.24089762519143576,-0.07307305545439291,1.6609762031521742,0.24089753526951235,-0.0730729833318539,1.6609761099930531,0.24089753526951235,-0.0730729833318539,1.6609761099930531,0.0,0.0,0.0,4.5348172460357645,0.0755802874339294
0.43800000000000033,0.24089762632977502,-0.07307305551062057,1.6609762031765878,0.24089753526951235,-0.0730729833318539,1.6609761099930531,0.24089753526951235,-0.0730729833318539,1.6609761099930531,0.0,0.0,0.0,4.534817188665729,0.07558028647776215
0.43900000000000033,0.24089762744773013,-0.07307305555731063,1.6609762031870792,0.24089753526951235,-0.0730729833318539,1.6609761099930531,0.24089753526951235,-0.0730729833318539,1.6609761099930531,0.0,0.0,0.0,4.534817131913897,0.07558028553189829
0.44000000000000034,0.2408976285452299,-0.07307305559449168,1.6609762031836424,0.24089753526951235,-0.0730729833318539,1.6609761099930531,0.24089753526951235,-0.0730729833318539,1.6609761099930531,0.0,0.0,0.0,4.534817075733742,0.07558028459556237
0.44100000000000034,0.24089762962220523,-0.07307305562219227,1.6609762031662747,0.24089753526951235,-0.0730729833318539,1.6609761099930531,0.24089753526951235,-0.0730729833318539,1.6609761099930531,0.0,0.0,0.0,4.534817020080206,0.07558028366800344
0.44200000000000034,0.24089763067859005,-0.07307305564044134,1.6609762031349775,0.24089753526951235,-0.0730729833318539,1.6609761099930531,0.24089753526951235,-0.0730729833318539,1.6609761099930531,0.0,0.0,0.0,4.534816964909902,0.07558028274849837
0.44300000000000034,0.24089763171431886,-0.07307305564926758,1.660976203089756,0.24089753526951235,-0.0730729833318539,1.6609761099930531,0.24089753526951235,-0.0730729833318539,1.6609761099930531,0.0,0.0,0.0,4.534816910181038,0.07558028183635064
0.44400000000000034,0.24089763272932901,-0.07307305564869912,1.6609762030306194,0.24089753526951235,-0.0730729833318539,1.6609761099930531,0.24089753526951235,-0.0730729833318539,1.6609761099930531,0.0,0.0,0.0,4.534816855853289,0.07558028093088814
0.44500000000000034,0.24089763372355966,-0.07307305563876478,1.6609762029575796,0.24089753526951235,-0.0730729833318539,1.6609761099930531,0.24089753526951235,-0.0730729833318539,1.6609761099930531,0.0,0.0,0.0,4.534816801887778,0.07558028003146296
0.44600000000000034,0.24089763469695147,-0.07307305561949326,1.6609762028706532,0.24089753526951235,-0.0730729833318539,1.6609761099930531,0.24089753526951235,-0.0730729833318539,1.6609761099930531,0.0,0.0,0.0,4.5348167482476125,0.07558027913746021
0.44700000000000034,0.24089763564944783,-0.07307305559091364,1.660976202769859,0.24089753526951235,-0.0730729833318539,1.6609761099930531,0.24089753526951235,-0.0730729833318539,1.6609761099930531,0.0,0.0,0.0,4.53481669489682,0.07558027824828034
0.44800000000000034,0.24089763658099417,-0.07307305555305492,1.6609762026552213,0.24089753526951235,-0.0730729833318539,1.6609761099930531,0.24089753526951235,-0.0730729833318539,1.6609761099930531,0.0,0.0,0.0,4.5348166418013465,0.07558027736335578
0.44900000000000034,0.2408976374915376,-0.07307305550594645,1.6609762025267645,0.24089753526951235,-0.0730729833318539,1.6609761099930531,0.24089753526951235,-0.0730729833318539,1.6609761099930531,0.0,0.0,0.0,4.534816588928213,0.07558027648213689
0.45000000000000034,0.24089763838102754,-0.07307305544961755,1.6609762023845176,0.24089753526951235,-0.0730729833318539,1.6609761099930531,0.24089753526951235,-0.0730729833318539,1.6609761099930531,0.0,0.0,0.0,4.534816536246591,0.07558027560410986
0.45100000000000035,0.24089763924941576,-0.07307305538409829,1.6609762022285142,0.24089753526951235,-0.0730729833318539,1.6609761099930531,0.24089753526951235,-0.0730729833318539,1.6609761099930531,0.0,0.0,0.0,4.534816483726775,0.07558027472877958
0.45200000000000035,0.2408976400966556,-0.0730730553094192,1.6609762020587882,0.24089753526951235,-0.0730729833318539,1.6609761099930531,0.24089753526951235,-0.0730729833318539,1.6609761099930531,0.0,0.0,0.0,4.534816431340168,0.07558027385566947
0.45300000000000035,0.24089764092270308,-0.07307305522560996,1.660976201875377,0.24089753526951235,-0.0730729833318539,1.6609761099930531,0.24089753526951235,-0.0730729833318539,1.6609761099930531,0.0,0.0,0.0,4.5348163790601435,0.07558027298433573
0.45400000000000035,0.24089764172751627,-0.07307305513270228,1.6609762016783225,0.24089753526951235,-0.0730729833318539,1.6609761099930531,0.24089753526951235,-0.0730729833318539,1.6609761099930531,0.0,0.0,0.0,4.534816326861176,0.07558027211435293
0.45500000000000035,0.24089764251105517,-0.0730730550307269,1.660976201467666,0.24089753526951235,-0.0730729833318539,1.6609761099930531,0.24089753526951235,-0.0730729833318539,1.6609761099930531,0.0,0.0,0.0,4.534816274719102,0.07558027124531837
0.45600000000000035,0.24089764327328184,-0.07307305491971601,1.660976201243454,0.24089753526951235,-0.0730729833318539,1.6609761099930531,0.24089753526951235,-0.0730729833318539,1.6609761099930531,0.0,0.0,0.0,4.534816222611485,0.07558027037685808
0.45700000000000035,0.2408976440141607,-0.07307305479970148,1.6609762010057338,0.24089753526951235,-0.0730729833318539,1.6609761099930531,0.24089753526951235,-0.0730729833318539,1.6609761099930531,0.0,0.0,0.0,4.534816170516112,0.07558026950860186
0.45800000000000035,0.2408976447336581,-0.07307305467071565,1.6609762007545568,0.24089753526951235,-0.0730729833318539,1.6609761099930531,0.24089753526951235,-0.0730729833318539,1.6609761099930531,0.0,0.0,0.0,4.534816118414405,0.07558026864024008
0.45900000000000035,0.24089764543174336,-0.0730730545327921,1.6609762004899746,0.24089753526951235,-0.0730729833318539,1.6609761099930531,0.24089753526951235,-0.0730729833318539,1.6609761099930531,0.0,0.0,0.0,4.534816066286895,0.07558026777144826
0.46000000000000035,0.24089764610838615,-0.0730730543859639,1.660976200212041,0.24089753526951235,-0.0730729833318539,1.6609761099930531,0.24089753526951235,-0.0730729833318539,1.6609761099930531,0.0,0.0,0.0,4.534816014116211,0.07558026690193684
0.46100000000000035,0.24089764676356015,-0.07307305423026497,1.6609761999208141,0.24089753526951235,-0.0730729833318539,1.6609761099930531,0.24089753526951235,-0.0730729833318539,1.6609761099930531,0.0,0.0,0.0,4.534815961886033,0.07558026603143389
0.46200000000000035,0.24089764739724004,-0.07307305406573067,1.6609761996163508,0.24089753526951235,-0.0730729833318539,1.6609761099930531,0.24089753526951235,-0.0730729833318539,1.6609761099930531,0.0,0.0,0.0,4.5348159095812575,0.07558026515968762
0.46300000000000036,0.240897648009403,-0.073073053892395,1.6609761992987113,0.24089753526951235,-0.0730729833318539,1.6609761099930531,0.24089753526951235,-0.0730729833318539,1.6609761099930531,0.0,0.0,0.0,4.534815857188334,0.07558026428647223
0.46400000000000036,0.24089764860002763,-0.073073053710294,1.660976198967958,0.24089753526951235,-0.0730729833318539,1.6609761099930531,0.24089753526951235,-0.0730729833318539,1.6609761099930531,0.0,0.0,0.0,4.534815804694568,0.07558026341157613
0.46500000000000036,0.24089764916909556,-0.07307305351946371,1.6609761986241545,0.24089753526951235,-0.0730729833318539,1.6609761099930531,0.24089753526951235,-0.0730729833318539,1.6609761099930531,0.0,0.0,0.0,4.534815752088406,0.07558026253480676
0.46600000000000036,0.24089764971658978,-0.0730730533199406,1.660976198267366,0.24089753526951235,-0.0730729833318539,1.6609761099930531,0.24089753526951235,-0.0730729833318539,1.6609761099930531,0.0,0.0,0.0,4.534815699359414,0.07558026165599023
0.46700000000000036,0.24089765024249538,-0.07307305311176189,1.6609761978976585,0.24089753526951235,-0.0730729833318539,1.6609761099930531,0.24089753526951235,-0.0730729833318539,1.6609761099930531,0.0,0.0,0.0,4.534815646498248,0.07558026077497079
0.46800000000000036,0.24089765074679936,-0.07307305289496459,1.6609761975151007,0.24089753526951235,-0.0730729833318539,1.6609761099930531,0.24089753526951235,-0.0730729833318539,1.6609761099930531,0.0,0.0,0.0,4.534815593496886,0.07558025989161478
0.46900000000000036,0.24089765122949178,-0.07307305266958752,1.660976197119761,0.24089753526951235,-0.0730729833318539,1.6609761099930531,0.24089753526951235,-0.0730729833318539,1.6609761099930531,0.0,0.0,0.0,4.53481554034769,0.07558025900579483
0.47000000000000036,0.24089765169056268,-0.07307305243566903,1.6609761967117096,0.24089753526951235,-0.0730729833318539,1.6609761099930531,0.24089753526951235,-0.0730729833318539,1.6609761099930531,0.0,0.0,0.0,4.534815487044889,0.07558025811741481
0.47100000000000036,0.2408976521300058,-0.07307305219324839,1.6609761962910201,0.24089753526951235,-0.0730729833318539,1.6609761099930531,0.24089753526951235,-0.0730729833318539,1.6609761099930531,0.0,0.0,0.0,4.534815433583046,0.0755802572263841
0.47200000000000036,0.24089765254781587,-0.0730730519423651,1.6609761958577631,0.24089753526951235,-0.0730729833318539,1.6609761099930531,0.24089753526951235,-0.0730729833318539,1.6609761099930531,0.0,0.0,0.0,4.534815379957496,0.07558025633262493
0.47300000000000036,0.24089765294399001,-0.07307305168305953,1.6609761954120135,0.24089753526951235,-0.0730729833318539,1.6609761099930531,0.24089753526951235,-0.0730729833318539,1.6609761099930531,0.0,0.0,0.0,4.5348153261652,0.07558025543608667
0.47400000000000037,0.24089765331852675,-0.07307305141537215,1.660976194953845,0.24089753526951235,-0.0730729833318539,1.6609761099930531,0.24089753526951235,-0.0730729833318539,1.6609761099930531,0.0,0.0,0.0,4.534815272203555,0.07558025453672591
0.47500000000000037,0.24089765367142676,-0.07307305113934442,1.6609761944833343,0.24089753526951235,-0.0730729833318539,1.6609761099930531,0.24089753526951235,-0.0730729833318539,1.6609761099930531,0.0,0.0,0.0,4.53481521807078,0.075580253634513
0.47600000000000037,0.2408976540026924,-0.07307305085501777,1.6609761940005565,0.24089753526951235,-0.0730729833318539,1.6609761099930531,0.24089753526951235,-0.0730729833318539,1.6609761099930531,0.0,0.0,0.0,4.534815163765866,0.0755802527294311
0.47700000000000037,0.2408976543123275,-0.07307305056243431,1.660976193505589,0.24089753526951235,-0.0730729833318539,1.6609761099930531,0.24089753526951235,-0.0730729833318539,1.6609761099930531,0.0,0.0,0.0,4.53481510928903,0.07558025182148384
0.47800000000000037,0.24089765460033846,-0.0730730502616366,1.6609761929985092,0.24089753526951235,-0.0730729833318539,1.6609761099930531,0.24089753526951235,-0.0730729833318539,1.6609761099930531,0.0,0.0,0.0,4.534815054640733,0.07558025091067888
0.47900000000000037,0.24089765486673206,-0.07307304995266792,1.660976192479396,0.24089753526951235,-0.0730729833318539,1.6609761099930531,0.24089753526951235,-0.0730729833318539,1.6609761099930531,0.0,0.0,0.0,4.534814999822499,0.07558024999704166
0.48000000000000037,0.24089765511152017,-0.07307304963557179,1.6609761919483277,0.24089753526951235,-0.0730729833318539,1.6609761099930531,0.24089753526951235,-0.0730729833318539,1.6609761099930531,0.0,0.0,0.0,4.534814944836322,0.07558024908060537
0.48100000000000037,0.24089765533471108,-0.07307304931039217,1.6609761914053836,0.24089753526951235,-0.0730729833318539,1.6609761099930531,0.24089753526951235,-0.0730729833318539,1.6609761099930531,0.0,0.0,0.0,4.534814889685116,0.07558024816141859
0.4820000000000004,0.24089765553631853,-0.07307304897717345,1.6609761908506433,0.24089753526951235,-0.0730729833318539,1.6609761099930531,0.24089753526951235,-0.0730729833318539,1.6609761099930531,0.0,0.0,0.0,4.534814834372278,0.07558024723953796
0.4830000000000004,0.24089765571635674,-0.07307304863596034,1.6609761902841875,0.24089753526951235,-0.0730729833318539,1.6609761099930531,0.24089753526951235,-0.0730729833318539,1.6609761099930531,0.0,0.0,0.0,4.534814778901966,0.07558024631503277
0.4840000000000004,0.24089765587484183,-0.07307304828679811,1.660976189706096,0.24089753526951235,-0.0730729833318539,1.6609761099930531,0.24089753526951235,-0.0730729833318539,1.6609761099930531,0.0,0.0,0.0,4.534814723278711,0.07558024538797851
0.4850000000000004,0.24089765601179114,-0.07307304792973263,1.6609761891164494,0.24089753526951235,-0.0730729833318539,1.6609761099930531,0.24089753526951235,-0.0730729833318539,1.6609761099930531,0.0,0.0,0.0,4.534814667507982,0.07558024445846637
0.4860000000000004,0.2408976561272239,-0.07307304756480966,1.6609761885153291,0.24089753526951235,-0.0730729833318539,1.6609761099930531,0.24089753526951235,-0.0730729833318539,1.6609761099930531,0.0,0.0,0.0,4.534814611595483,0.07558024352659137
0.4870000000000004,0.24089765622116038,-0.07307304719207547,1.6609761879028162,0.24089753526951235,-0.0730729833318539,1.6609761099930531,0.24089753526951235,-0.0730729833318539,1.6609761099930531,0.0,0.0,0.0,4.534814555547435,0.07558024259245724
0.4880000000000004,0.24089765629362236,-0.07307304681157704,1.6609761872789897,0.24089753526951235,-0.0730729833318539,1.6609761099930531,0.24089753526951235,-0.0730729833318539,1.6609761099930531,0.0,0.0,0.0,4.534814499370674,0.0755802416561779
0.4890000000000004,0.24089765634463434,-0.07307304642336167,1.6609761866439343,0.24089753526951235,-0.0730729833318539,1.6609761099930531,0.24089753526951235,-0.0730729833318539,1.6609761099930531,0.0,0.0,0.0,4.534814443072979,0.07558024071788298
0.4900000000000004,0.24089765637422053,-0.07307304602747619,1.6609761859977308,0.24089753526951235,-0.0730729833318539,1.6609761099930531,0.24089753526951235,-0.0730729833318539,1.6609761099930531,0.0,0.0,0.0,4.534814386661319,0.07558023977768864
0.4910000000000004,0.24089765638240668,-0.07307304562396888,1.660976185340458,0.24089753526951235,-0.0730729833318539,1.6609761099930531,0.24089753526951235,-0.0730729833318539,1.6609761099930531,0.0,0.0,0.0,4.534814330144053,0.07558023883573423
0.4920000000000004,0.2408976563692214,-0.07307304521288753,1.6609761846722004,0.24089753526951235,-0.0730729833318539,1.6609761099930531,0.24089753526951235,-0.0730729833318539,1.6609761099930531,0.0,0.0,0.0,4.534814273530068,0.07558023789216779
0.4930000000000004,0.24089765633469304,-0.07307304479428048,1.6609761839930357,0.24089753526951235,-0.0730729833318539,1.6609761099930531,0.24089753526951235,-0.0730729833318539,1.6609761099930531,0.0,0.0,0.0,4.5348142168278125,0.0755802369471302
0.4940000000000004,0.24089765627885232,-0.07307304436819644,1.6609761833030483,0.24089753526951235,-0.0730729833318539,1.6609761099930531,0.24089753526951235,-0.0730729833318539,1.6609761099930531,0.0,0.0,0.0,4.534814160047276,0.07558023600078793
0.4950000000000004,0.24089765620173065,-0.07307304393468408,1.6609761826023182,0.24089753526951235,-0.0730729833318539,1.6609761099930531,0.24089753526951235,-0.0730729833318539,1.6609761099930531,0.0,0.0,0.0,4.534814103197303,0.07558023505328838
0.4960000000000004,0.2408976561033609,-0.0730730434937927,1.6609761818909266,0.24089753526951235,-0.0730729833318539,1.6609761099930531,0.24089753526951235,-0.0730729833318539,1.6609761099930531,0.0,0.0,0.0,4.534814046288271,0.07558023410480451
0.4970000000000004,0.2408976559837775,-0.0730730430455718,1.6609761811689543,0.24089753526951235,-0.0730729833318539,1.6609761099930531,0.24089753526951235,-0.0730729833318539,1.6609761099930531,0.0,0.0,0.0,4.534813989330104,0.07558023315550173
0.4980000000000004,0.24089765584301473,-0.07307304259007055,1.6609761804364802,0.24089753526951235,-0.0730729833318539,1.6609761099930531,0.24089753526951235,-0.0730729833318539,1.6609761099930531,0.0,0.0,0.0,4.534813932333386,0.07558023220555644
0.4990000000000004,0.24089765568111002,-0.07307304212733887,1.6609761796935862,0.24089753526951235,-0.0730729833318539,1.6609761099930531,0.24089753526951235,-0.0730729833318539,1.6609761099930531,0.0,0.0,0.0,4.534813875309009,0.07558023125515015
0.5000000000000003,0.24089765549810038,-0.073073041657427,1.6609761789403525,0.24089753526951235,-0.0730729833318539,1.6609761099930531,0.24089753526951235,-0.0730729833318539,1.6609761099930531,0.0,0.0,0.0,4.534813818267808,0.07558023030446347
0.5010000000000003,0.2408976552940248,-0.07307304118038484,1.660976178176858,0.24089753526951235,-0.0730729833318539,1.6609761099930531,0.24089753526951235,-0.0730729833318539,1.6609761099930531,2.0,0.0,0.0,4.534813761220672,0.07558022935367786
0.5020000000000003,0.24089913216404363,-0.07307232322375418,1.6609752795061812,0.24089753526951235,-0.0730729833318539,1.6609761099930531,0.24089753526951235,-0.0730729833318539,1.6609761099930531,2.0,0.0,0.0,4.570262338542697,0.0761710389757116
0.5030000000000003,0.2409020016338549,-0.07307094491365969,1.6609735540530373,0.24089753526951235,-0.0730729833318539,1.6609761099930531,0.24089753526951235,-0.0730729833318539,1.6609761099930531,2.0,0.0,0.0,4.603629608736876,0.07672716014561459
0.5040000000000003,0.24090618422413168,-0.07306895957530657,1.6609710683294767,0.24089753526951235,-0.0730729833318539,1.6609761099930531,0.24089753526951235,-0.0730729833318539,1.6609761099930531,2.0,0.0,0.0,4.635042819414457,0.07725071365690761
0.5050000000000003,0.2409116050709052,-0.07306641707896581,1.6609678844697897,0.24089753526951235,-0.0730729833318539,1.6609761099930531,0.24089753526951235,-0.0730729833318539,1.6609761099930531,2.0,0.0,0.0,4.664620943413483,0.07774368239022471
0.5060000000000003,0.24091819363949837,-0.07306336407663246,1.6609640605160907,0.24089753526951235,-0.0730729833318539,1.6609761099930531,0.24089753526951235,-0.0730729833318539,1.6609761099930531,2.0,0.0,0.0,4.692475274624302,0.07820792124373836
0.5070000000000003,0.24092588346947102,-0.07305984421221424,1.6609596506950968,0.24089753526951235,-0.0730729833318539,1.6609761099930531,0.24089753526951235,-0.0730729833318539,1.6609761099930531,2.0,0.0,0.0,4.718709988265968,0.07864516647109947
0.5080000000000003,0.24093461193954446,-0.07305589831606527,1.6609547056828695,0.24089753526951235,-0.0730729833318539,1.6609761099930531,0.24089753526951235,-0.0730729833318539,1.6609761099930531,2.0,0.0,0.0,4.7434225592020525,0.07905704265336753
0.5090000000000003,0.24094432004867064,-0.07305156458620661,1.6609492728557795,0.24089753526951235,-0.0730729833318539,1.6609761099930531,0.24089753526951235,-0.0730729833318539,1.6609761099930531,2.0,0.0,0.0,4.7667041507729975,0.07944506917954995
0.5100000000000003,0.24095495221125537,-0.07304687875731339,1.6609433965266847,0.24089753526951235,-0.0730729833318539,1.6609761099930531,0.24089753526951235,-0.0730729833318539,1.6609761099930531,2.0,0.0,0.0,4.788639995545043,0.07981066659241738
0.5110000000000003,0.2409664560650795,-0.07304187425831737,1.6609371181657284,0.24089753526951235,-0.0730729833318539,1.6609761099930531,0.24089753526951235,-0.0730729833318539,1.6609761099930531,2.0,0.0,0.0,4.809309770626401,0.08015516284377334
0.5120000000000003,0.2409787822907073,-0.07303658235939238,1.6609304766054855,0.24089753526951235,-0.0730729833318539,1.6609761099930531,0.24089753526951235,-0.0730729833318539,1.6609761099930531,2.0,0.0,0.0,4.828787965760885,0.08047979942934808
0.5130000000000003,0.24099188444131103,-0.07303103230903475,1.6609235082304383,0.24089753526951235,-0.0730729833318539,1.6609761099930531,0.24089753526951235,-0.0730729833318539,1.6609761099930531,2.0,0.0,0.0,4.8471442414583565,0.08078573735763928
0.5140000000000003,0.24100571878197677,-0.0730252514619163,1.6609162471510455,0.24089753526951235,-0.0730729833318539,1.6609761099930531,0.24089753526951235,-0.0730729833318539,1.6609761099930531,2.0,0.0,0.0,4.864443774415504,0.08107406290692507
0.5150000000000003,0.24102024413767534,-0.07301926539813429,1.6609087253628618,0.24089753526951235,-0.0730729833318539,1.6609761099930531,0.24089753526951235,-0.0730729833318539,1.6609761099930531,2.0,0.0,0.0,4.880747587761102,0.08134579312935171
0.5160000000000003,0.24103542174919085,-0.07301309803445373,1.6609009728913853,0.24089753526951235,-0.0730729833318539,1.6609761099930531,0.24089753526951235,-0.0730729833318539,1.6609761099930531,2.0,0.0,0.0,4.896112864075569,0.08160188106792615
0.5170000000000003,0.2410512151363974,-0.07300677172810055,1.6608930179234294,0.24089753526951235,-0.0730729833318539,1.6609761099930531,0.24089753526951235,-0.0730729833318539,1.6609761099930531,2.0,0.0,0.0,4.910593239576944,0.08184322065961573
0.5180000000000003,0.24106758996837865,-0.07300030737362867,1.6608848869259771,0.24089753526951235,-0.0730729833318539,1.6609761099930531,0.24089753526951235,-0.0730729833318539,1.6609761099930531,2.0,0.0,0.0,4.924239078348835,0.08207065130581391
0.5190000000000003,0.24108451393995267,-0.07299372449335659,1.6608766047535337,0.24089753526951235,-0.0730729833318539,1.6609761099930531,0.24089753526951235,-0.0730729833318539,1.6609761099930531,2.0,0.0,0.0,4.937097725944103,0.08228496209906838
0.5200000000000004,0.2411019566542486,-0.07298704132183818,1.6608681947450523,0.24089753526951235,-0.0730729833318539,1.6609761099930531,0.24089753526951235,-0.0730729833318539,1.6609761099930531,2.0,0.0,0.0,4.9492137421453535,0.08248689570242256
0.5210000000000004,0.24111988951102697,-0.07298027488479775,1.660859678811532,0.24089753526951235,-0.0730729833318539,1.6609761099930531,0.24089753526951235,-0.0730729833318539,1.6609761099930531,2.0,0.0,0.0,4.960629113076486,0.0826771518846081
0.5220000000000004,0.2411382856005064,-0.07297344107294407,1.6608510775153733,0.24089753526951235,-0.0730729833318539,1.6609761099930531,0.24089753526951235,-0.0730729833318539,1.6609761099930531,2.0,0.0,0.0,4.971383443219906,0.08285639072033177
0.5230000000000004,0.24115711960247177,-0.0729665547110388,1.660842410142546,0.24089753526951235,-0.0730729833318539,1.6609761099930531,0.24089753526951235,-0.0730729833318539,1.6609761099930531,2.0,0.0,0.0,4.981514128209195,0.08302523547015325
0.5240000000000004,0.24117636769049225,-0.07295962962256847,1.660833694768558,0.24089753526951235,-0.0730729833318539,1.6609761099930531,0.24089753526951235,-0.0730729833318539,1.6609761099930531,2.0,0.0,0.0,4.9910565095244745,0.08318427515874124
0.5250000000000004,0.2411960074410899,-0.07295267869035872,1.6608249483191697,0.24089753526951235,-0.0730729833318539,1.6609761099930531,0.24089753526951235,-0.0730729833318539,1.6609761099930531,2.0,0.0,0.0,5.000044012415916,0.08333406687359861
0.5260000000000004,0.24121601774770757,-0.07294571391342357,1.6608161866266684,0.24089753526951235,-0.0730729833318539,1.6609761099930531,0.24089753526951235,-0.0730729833318539,1.6609761099930531,2.0,0.0,0.0,5.008508268520232,0.08347513780867052
0.5270000000000004,0.2412363787393455,-0.07293874646033109,1.6608074244824753,0.24089753526951235,-0.0730729833318539,1.6609761099930531,0.24089753526951235,-0.0730729833318539,1.6609761099930531,2.0,0.0,0.0,5.01647922472835,0.08360798707880583
0.5280000000000004,0.24125707170373387,-0.07293178671934798,1.6607986756867348,0.24089753526951235,-0.0730729833318539,1.6609761099930531,0.24089753526951235,-0.0730729833318539,1.6609761099930531,2.0,0.0,0.0,5.02398523988808,0.08373308733146799
0.5290000000000004,0.24127807901489257,-0.07292484434558262,1.6607899530954067,0.24089753526951235,-0.0730729833318539,1.6609761099930531,0.24089753526951235,-0.0730729833318539,1.6609761099930531,2.0,0.0,0.0,5.031053170921617,0.08385088618202695
0.5300000000000004,0.24129938406496268,-0.072917928305357,1.6607812686653671,0.24089753526951235,-0.0730729833318539,1.6609761099930531,0.24089753526951235,-0.0730729833318539,1.6609761099930531,2.0,0.0,0.0,5.037708449893505,0.08396180749822509
0.5310000000000004,0.241320971200132,-0.07291104691798417,1.6607726334978339,0.24089753526951235,-0.0730729833318539,1.6609761099930531,0.24089753526951235,-0.0730729833318539,1.6609761099930531,2.0,0.0,0.0,5.0439751534643325,0.08406625255773888
0.5320000000000004,0.24134282566053555,-0.07290420789513828,1.660764057880421,0.24089753526951235,-0.0730729833318539,1.6609761099930531,0.24089753526951235,-0.0730729833318539,1.6609761099930531,2.0,0.0,0.0,5.0498760660739865,0.08416460110123311
0.5330000000000004,0.24136493352394384,-0.07289741837796784,1.6607555513280083,0.24089753526951235,-0.0730729833318539,1.6609761099930531,0.24089753526951235,-0.0730729833318539,1.6609761099930531,2.0,0.0,0.0,5.05543273805845,0.08425721230097416
0.5340000000000004,0.2413872816530821,-0.07289068497209698,1.6607471226225607,0.24089753526951235,-0.0730729833318539,1.6609761099930531,0.24089753526951235,-0.0730729833318539,1.6609761099930531,2.0,0.0,0.0,5.060665539764612,0.08434442566274353
0.5350000000000004,0.24140985764640835,-0.07288401378064321,1.660738779851962,0.24089753526951235,-0.0730729833318539,1.6609761099930531,0.24089753526951235,-0.0730729833318539,1.6609761099930531,2.0,0.0,0.0,5.065593712576403,0.08442656187627338
0.5360000000000004,0.24143264979216306,-0.07287741043536404,1.660730530447895,0.24089753526951235,-0.0730729833318539,1.6609761099930531,0.24089753526951235,-0.0730729833318539,1.6609761099930531,2.0,0.0,0.0,5.0702354176172655,0.08450392362695443
0.5370000000000004,0.24145564702551398,-0.07287088012604091,1.660722381222741,0.24089753526951235,-0.0730729833318539,1.6609761099930531,0.24089753526951235,-0.0730729833318539,1.6609761099930531,2.0,0.0,0.0,5.074607782741038,0.0845767963790173
0.5380000000000004,0.2414788388886096,-0.07286442762818901,1.6607143384054595,0.24089753526951235,-0.0730729833318539,1.6609761099930531,0.24089753526951235,-0.0730729833318539,1.6609761099930531,2.0,0.0,0.0,5.07872694828749,0.08464544913812483
0.5390000000000004,0.24150221549335438,-0.07285805732918359,1.6607064076763847,0.24089753526951235,-0.0730729833318539,1.6609761099930531,0.24089753526951235,-0.0730729833318539,1.6609761099930531,2.0,0.0,0.0,5.082608111944509,0.08471013519907515
0.5400000000000004,0.24152576748672905,-0.0728517732528762,1.6606985942008645,0.24089753526951235,-0.0730729833318539,1.6609761099930531,0.24089753526951235,-0.0730729833318539,1.6609761099930531,2.0,0.0,0.0,5.0862655729424615,0.08477109288237436
0.5410000000000004,0.24154948601846815,-0.07284557908277706,1.6606909026616496,0.24089753526951235,-0.0730729833318539,1.6609761099930531,0.24089753526951235,-0.0730729833318539,1.6609761099930531,2.0,0.0,0.0,5.089712775703718,0.08482854626172863
0.5420000000000004,0.2415733627109345,-0.07283947818386655,1.6606833372899799,0.24089753526951235,-0.0730729833318539,1.6609761099930531,0.24089753526951235,-0.0730729833318539,1.6609761099930531,2.0,0.0,0.0,5.092962352985353,0.08488270588308922
0.5430000000000004,0.24159738963101035,-0.0728334736230998,1.6606759018952721,0.24089753526951235,-0.0730729833318539,1.6609761099930531,0.24089753526951235,-0.0730729833318539,1.6609761099930531,2.0,0.0,0.0,5.096026168475703,0.08493376947459505
0.5440000000000004,0.2416215592638582,-0.0728275681886669,1.6606685998933761,0.24089753526951235,-0.0730729833318539,1.6609761099930531,0.24089753526951235,-0.0730729833318539,1.6609761099930531,2.0,0.0,0.0,5.098915358760188,0.08498192264600313
0.5450000000000004,0.24164586448839492,-0.07282176440805846,1.660661434333327,0.24089753526951235,-0.0730729833318539,1.6609761099930531,0.24089753526951235,-0.0730729833318539,1.6609761099930531,2.0,0.0,0.0,5.101640374521431,0.08502733957535719
0.5460000000000004,0.2416702985543459,-0.07281606456499894,1.660654407922599,0.24089753526951235,-0.0730729833318539,1.6609761099930531,0.24089753526951235,-0.0730729833318539,1.6609761099930531,2.0,0.0,0.0,5.104211020824382,0.08507018368040636
0.5470000000000004,0.24169485506074317,-0.07281047071529594,1.6606475230508202,0.24089753526951235,-0.0730729833318539,1.6609761099930531,0.24089753526951235,-0.0730729833318539,1.6609761099930531,2.0,0.0,0.0,5.10663649631176,0.08511060827186266
0.5480000000000004,0.24171952793575602,-0.07280498470165966,1.6606407818119684,0.24089753526951235,-0.0730729833318539,1.6609761099930531,0.24089753526951235,-0.0730729833318539,1.6609761099930531,2.0,0.0,0.0,5.108925431146692,0.0851487571857782
0.5490000000000004,0.24174431141774072,-0.0727996081675431,1.6606341860250786,0.24089753526951235,-0.0730729833318539,1.6609761099930531,0.24089753526951235,-0.0730729833318539,1.6609761099930531,2.0,0.0,0.0,5.111085923537334,0.08518476539228889
0.5500000000000004,0.24176920003741484,-0.07279434257005506,1.6606277372534777,0.24089753526951235,-0.0730729833318539,1.6609761099930531,0.24089753526951235,-0.0730729833318539,1.6609761099930531,2.0,0.0,0.0,5.113125574697657,0.08521875957829428
0.5510000000000004,0.2417941886010681,-0.07278918919199465,1.6606214368226226,0.24089753526951235,-0.0730729833318539,1.6609761099930531,0.24089753526951235,-0.0730729833318539,1.6609761099930531,2.0,0.0,0.0,5.115051522122249,0.08525085870203748
0.5520000000000004,0.24181927217472896,-0.07278414915305517,1.6606152858365886,0.24089753526951235,-0.0730729833318539,1.6609761099930531,0.24089753526951235,-0.0730729833318539,1.6609761099930531,2.0,0.0,0.0,5.116870471073014,0.08528117451788357
0.5530000000000004,0.2418444460692204,-0.07277922342025171,1.6606092851932885,0.24089753526951235,-0.0730729833318539,1.6609761099930531,0.24089753526951235,-0.0730729833318539,1.6609761099930531,2.0,0.0,0.0,5.118588724209265,0.08530981207015441
0.5540000000000004,0.24186970582604336,-0.07277441281761261,1.6606034355984998,0.24089753526951235,-0.0730729833318539,1.6609761099930531,0.24089753526951235,-0.0730729833318539,1.6609761099930531,2.0,0.0,0.0,5.120212209319122,0.0853368701553187
0.5550000000000004,0.2418950472040288,-0.07276971803518999,1.6605977375787877,0.24089753526951235,-0.0730729833318539,1.6609761099930531,0.24089753526951235,-0.0730729833318539,1.6609761099930531,2.0,0.0,0.0,5.121746505138853,0.08536244175231422
0.5560000000000004,0.24192046616671886,-0.07276513963742902,1.660592191493413,0.24089753526951235,-0.0730729833318539,1.6609761099930531,0.24089753526951235,-0.0730729833318539,1.6609761099930531,2.0,0.0,0.0,5.123196865276307,0.08538661442127178
0.5570000000000004,0.24194595887042872,-0.07276067807094452,1.6605867975453024,0.24089753526951235,-0.0730729833318539,1.6609761099930531,0.24089753526951235,-0.0730729833318539,1.6609761099930531,2.0,0.0,0.0,5.12456824027854,0.08540947067130901
0.5580000000000004,0.24197152165295316,-0.07275633367174567,1.6605815557911887,0.24089753526951235,-0.0730729833318539,1.6609761099930531,0.24089753526951235,-0.0730729833318539,1.6609761099930531,2.0,0.0,0.0,5.125865297908628,0.08543108829847713
0.5590000000000004,0.24199715102288605,-0.07275210667195488,1.6605764661509848,0.24089753526951235,-0.0730729833318539,1.6609761099930531,0.24089753526951235,-0.0730729833318539,1.6609761099930531,2.0,0.0,0.0,5.127092441711399,0.08545154069518998
0.5600000000000004,0.24202284364952387,-0.07274799720605482,1.6605715284164873,0.24089753526951235,-0.0730729833318539,1.6609761099930531,0.24089753526951235,-0.0730729833318539,1.6609761099930531,2.0,0.0,0.0,5.128253827971061,0.08547089713285103
0.5610000000000004,0.24204859635332188,-0.07274400531670597,1.6605667422594728,0.24089753526951235,-0.0730729833318539,1.6609761099930531,0.24089753526951235,-0.0730729833318539,1.6609761099930531,2.0,0.0,0.0,5.129353381167837,0.08548922301946395
0.5620000000000004,0.24207440609688563,-0.07274013096017104,1.6605621072392704,0.24089753526951235,-0.0730729833318539,1.6609761099930531,0.24089753526951235,-0.0730729833318539,1.6609761099930531,2.0,0.0,0.0,5.130394808055283,0.08550658013425472
0.5630000000000004,0.2421002699764654,-0.07273637401137514,1.660557622809857,0.24089753526951235,-0.0730729833318539,1.6609761099930531,0.24089753526951235,-0.0730729833318539,1.6609761099930531,2.0,0.0,0.0,5.131381610479229,0.08552302684132049
0.5640000000000004,0.24212618521394033,-0.07273273426864052,1.6605532883265361,0.24089753526951235,-0.0730729833318539,1.6609761099930531,0.24089753526951235,-0.0730729833318539,1.6609761099930531,2.0,0.0,0.0,5.132317097066485,0.08553861828444141
0.5650000000000004,0.24215214914926525,-0.07272921145811675,1.660549103052261,0.24089753526951235,-0.0730729833318539,1.6609761099930531,0.24089753526951235,-0.0730729833318539,1.6609761099930531,2.0,0.0,0.0,5.133204393906068,0.08555340656510113
0.5660000000000004,0.24217815923336417,-0.07272580523794231,1.6605450661636185,0.24089753526951235,-0.0730729833318539,1.6609761099930531,0.24089753526951235,-0.0730729833318539,1.6609761099930531,2.0,0.0,0.0,5.13404645433891,0.08556744090564851
0.5670000000000004,0.24220421302144626,-0.07272251520215359,1.6605411767565343,0.24089753526951235,-0.0730729833318539,1.6609761099930531,0.24089753526951235,-0.0730729833318539,1.6609761099930531,2.0,0.0,0.0,5.13484606797543,0.08558076779959051
0.5680000000000004,0.24223030816672864,-0.07271934088436964,1.660537433851707,0.24089753526951235,-0.0730729833318539,1.6609761099930531,0.24089753526951235,-0.0730729833318539,1.6609761099930531,2.0,0.0,0.0,5.135605869037881,0.08559343115063135
0.5690000000000004,0.24225644241454294,-0.0727162817612699,1.6605338363998075,0.24089753526951235,-0.0730729833318539,1.6609761099930531,0.24089753526951235,-0.0730729833318539,1.6609761099930531,2.0,0.0,0.0,5.136328344130899,0.08560547240218165
0.5700000000000004,0.24228261359681022,-0.07271333725588405,1.6605303832864557,0.24089753526951235,-0.0730729833318539,1.6609761099930531,0.24089753526951235,-0.0730729833318539,1.6609761099930531,2.0,0.0,0.0,5.137015839517749,0.08561693065862916
0.5710000000000004,0.24230881962686182,-0.07271050674070934,1.6605270733369866,0.24089753526951235,-0.0730729833318539,1.6609761099930531,0.24089753526951235,-0.0730729833318539,1.6609761099930531,2.0,0.0,0.0,5.137670567982477,0.08562784279970795
0.5720000000000004,0.24233505849458803,-0.07270778954067067,1.660523905321021,0.24089753526951235,-0.0730729833318539,1.6609761099930531,0.24089753526951235,-0.0730729833318539,1.6609761099930531,2.0,0.0,0.0,5.138294615338343,0.08563824358897239
0.5730000000000004,0.24236132826189716,-0.07270518493593374,1.6605208779568383,0.24089753526951235,-0.0730729833318539,1.6609761099930531,0.24089753526951235,-0.0730729833318539,1.6609761099930531,2.0,0.0,0.0,5.138889946634865,0.08564816577724775
0.5740000000000004,0.24238762705846584,-0.072702692164585,1.6605179899155706,0.24089753526951235,-0.0730729833318539,1.6609761099930531,0.24089753526951235,-0.0730729833318539,1.6609761099930531,2.0,0.0,0.0,5.139458412110452,0.08565764020184087
0.5750000000000004,0.24241395307776178,-0.07270031042518546,1.6605152398251988,0.24089753526951235,-0.0730729833318539,1.6609761099930531,0.24089753526951235,-0.0730729833318539,1.6609761099930531,2.0,0.0,0.0,5.14000175291773,0.08566669588196216
0.5760000000000004,0.24244030457332383,-0.07269803887920706,1.6605126262743777,0.24089753526951235,-0.0730729833318539,1.6609761099930531,0.24089753526951235,-0.0730729833318539,1.6609761099930531,2.0,0.0,0.0,5.140521606653338,0.08567536011088897
0.5770000000000004,0.2424666798552788,-0.07269587665336018,1.6605101478160682,0.24089753526951235,-0.0730729833318539,1.6609761099930531,0.24089753526951235,-0.0730729833318539,1.6609761099930531,2.0,0.0,0.0,5.141019512703236,0.08568365854505394
0.5780000000000004,0.24249307728708355,-0.07269382284181565,1.6605078029709928,0.24089753526951235,-0.0730729833318539,1.6609761099930531,0.24089753526951235,-0.0730729833318539,1.6609761099930531,2.0,0.0,0.0,5.141496917420339,0.08569161529033899
0.5790000000000004,0.24251949528247402,-0.07269187650832956,1.6605055902309085,0.24089753526951235,-0.0730729833318539,1.6609761099930531,0.24089753526951235,-0.0730729833318539,1.6609761099930531,2.0,0.0,0.0,5.141955179136067,0.08569925298560112
0.5800000000000004,0.2425459323026059,-0.07269003668827283,1.6605035080616979,0.24089753526951235,-0.0730729833318539,1.6609761099930531,0.24089753526951235,-0.0730729833318539,1.6609761099930531,2.0,0.0,0.0,5.142395573009364,0.0857065928834894
0.5810000000000004,0.242572386853376,-0.07268830239057075,1.6605015549062827,0.24089753526951235,-0.0730729833318539,1.6609761099930531,0.24089753526951235,-0.0730729833318539,1.6609761099930531,2.0,0.0,0.0,5.1428192957115595,0.08571365492852599
0.5820000000000004,0.24259885748290866,-0.07268667259955525,1.6604997291873616,0.24089753526951235,-0.0730729833318539,1.6609761099930531,0.24089753526951235,-0.0730729833318539,1.6609761099930531,2.0,0.0,0.0,5.143227469943188,0.08572045783238647
0.5830000000000004,0.2426253427791976,-0.07268514627673625,1.6604980293099787,0.24089753526951235,-0.0730729833318539,1.6609761099930531,0.24089753526951235,-0.0730729833318539,1.6609761099930531,2.0,0.0,0.0,5.143621148776788,0.0857270191462798
0.5840000000000004,0.2426518413678901,-0.07268372236248921,1.6604964536639162,0.24089753526951235,-0.0730729833318539,1.6609761099930531,0.24089753526951235,-0.0730729833318539,1.6609761099930531,2.0,0.0,0.0,5.144001319821582,0.0857333553303597
0.5850000000000004,0.24267835191020387,-0.0726823997776665,1.660495000625936,0.24089753526951235,-0.0730729833318539,1.6609761099930531,0.24089753526951235,-0.0730729833318539,1.6609761099930531,2.0,0.0,0.0,5.144368909205042,0.08573948182008403
0.5860000000000004,0.24270487310096844,-0.07268117742513314,1.6604936685618554,0.24089753526951235,-0.0730729833318539,1.6609761099930531,0.24089753526951235,-0.0730729833318539,1.6609761099930531,2.0,0.0,0.0,5.144724785362987,0.08574541308938312
0.5870000000000004,0.2427314036667812,-0.0726800541912307,1.6604924558284788,0.24089753526951235,-0.0730729833318539,1.6609761099930531,0.24089753526951235,-0.0730729833318539,1.6609761099930531,2.0,0.0,0.0,5.1450697626398245,0.08575116271066374
0.5880000000000004,0.24275794236426906,-0.07267902894716963,1.660491360775383,0.24089753526951235,-0.0730729833318539,1.6609761099930531,0.24089753526951235,-0.0730729833318539,1.6609761099930531,2.0,0.0,0.0,5.145404604692697,0.08575674341154495
0.5890000000000004,0.24278448797845353,-0.07267810055035512,1.6604903817465766,0.24089753526951235,-0.0730729833318539,1.6609761099930531,0.24089753526951235,-0.0730729833318539,1.6609761099930531,2.0,0.0,0.0,5.14573002770106,0.085762167128351
0.5900000000000004,0.242811039321206,-0.07267726784564588,1.6604895170820215,0.24089753526951235,-0.0730729833318539,1.6609761099930531,0.24089753526951235,-0.0730729833318539,1.6609761099930531,2.0,0.0,0.0,5.1460467033808,0.08576744505634666
0.5910000000000004,0.2428375952297934,-0.07267652966655244,1.6604887651190463,0.24089753526951235,-0.0730729833318539,1.6609761099930531,0.24089753526951235,-0.0730729833318539,1.6609761099930531,2.0,0.0,0.0,5.146355261808882,0.0857725876968147
0.5920000000000004,0.24286415456550497,-0.07267588483637517,1.6604881241936458,0.24089753526951235,-0.0730729833318539,1.6609761099930531,0.24089753526951235,-0.0730729833318539,1.6609761099930531,2.0,0.0,0.0,5.1466562940592455,0.08577760490098743
0.5930000000000004,0.24289071621235925,-0.0726753321692803,1.6604875926416813,0.24089753526951235,-0.0730729833318539,1.6609761099930531,0.24089753526951235,-0.0730729833318539,1.6609761099930531,2.0,0.0,0.0,5.146950354658805,0.08578250591098008
0.5940000000000004,0.24291727907588137,-0.07267487047132816,1.6604871687999903,0.24089753526951235,-0.0730729833318539,1.6609761099930531,0.24089753526951235,-0.0730729833318539,1.6609761099930531,2.0,0.0,0.0,5.147237963869242,0.08578729939782069
0.5950000000000004,0.2429438420819526,-0.07267449854144266,1.6604868510074016,0.24089753526951235,-0.0730729833318539,1.6609761099930531,0.24089753526951235,-0.0730729833318539,1.6609761099930531,2.0,0.0,0.0,5.1475196098025915,0.08579199349670986
0.5960000000000004,0.24297040417572624,-0.07267421517233416,1.6604866376056877,0.24089753526951235,-0.0730729833318539,1.6609761099930531,0.24089753526951235,-0.0730729833318539,1.6609761099930531,2.0,0.0,0.0,5.147795750383177,0.08579659583971962
0.5970000000000004,0.24299696432060397,-0.07267401915137396,1.660486526940432,0.24089753526951235,-0.0730729833318539,1.6609761099930531,0.24089753526951235,-0.0730729833318539,1.6609761099930531,2.0,0.0,0.0,5.148066815160822,0.08580111358601371
0.5980000000000004,0.24302352149727416,-0.07267390926142517,1.6604865173618426,0.24089753526951235,-0.0730729833318539,1.6609761099930531,0.24089753526951235,-0.0730729833318539,1.6609761099930531,2.0,0.0,0.0,5.148333206990412,0.08580555344984021
0.5990000000000004,0.24305007470280554,-0.07267388428162887,1.6604866072254982,0.24089753526951235,-0.0730729833318539,1.6609761099930531,0.24089753526951235,-0.0730729833318539,1.6609761099930531,2.0,0.0,0.0,5.148595303585501,0.08580992172642501
0.6000000000000004,0.24307662294979537,-0.07267394298815284,1.6604867948930508,0.24089753526951235,-0.0730729833318539,1.6609761099930531,0.24089753526951235,-0.0730729833318539,1.6609761099930531,2.0,0.0,0.0,5.148853458958117,0.0858142243159686
0.6010000000000004,0.2431031652655689,-0.07267408415490162,1.6604870787328723,0.24089753526951235,-0.0730729833318539,1.6609761099930531,0.24089753526951235,-0.0730729833318539,1.6609761099930531,2.0,0.0,0.0,5.149108004753449,0.08581846674589082
0.6020000000000004,0.2431297006914285,-0.07267430655419166,1.6604874571206596,0.24089753526951235,-0.0730729833318539,1.6609761099930531,0.24089753526951235,-0.0730729833318539,1.6609761099930531,2.0,0.0,0.0,5.149359251491921,0.08582265419153202
0.6030000000000004,0.2431562282819473,-0.0726746089573923,1.6604879284400014,0.24089753526951235,-0.0730729833318539,1.6609761099930531,0.24089753526951235,-0.0730729833318539,1.6609761099930531,2.0,0.0,0.0,5.149607489725716,0.08582679149542859
0.6040000000000004,0.2431827471043101,-0.07267499013553753,1.6604884910829036,0.24089753526951235,-0.0730729833318539,1.6609761099930531,0.24089753526951235,-0.0730729833318539,1.6609761099930531,2.0,0.0,0.0,5.149852991119971,0.08583088318533286
0.6050000000000004,0.2432092562376921,-0.07267544885990622,1.6604891434502844,0.24089753526951235,-0.0730729833318539,1.6609761099930531,0.24089753526951235,-0.0730729833318539,1.6609761099930531,2.0,0.0,0.0,5.150096009466029,0.08583493349110048
0.6060000000000004,0.2432357547726829,-0.07267598390257629,1.660489883952434,0.24089753526951235,-0.0730729833318539,1.6609761099930531,0.24089753526951235,-0.0730729833318539,1.6609761099930531,2.0,0.0,0.0,5.150336781634372,0.08583894636057286
0.6070000000000004,0.2432622418107414,-0.07267659403695305,1.6604907110094471,0.24089753526951235,-0.0730729833318539,1.6609761099930531,0.24089753526951235,-0.0730729833318539,1.6609761099930531,2.0,0.0,0.0,5.150575528474388,0.08584292547457313
0.6080000000000004,0.2432887164636927,-0.07267727803827208,1.6604916230516227,0.24089753526951235,-0.0730729833318539,1.6609761099930531,0.24089753526951235,-0.0730729833318539,1.6609761099930531,2.0,0.0,0.0,5.1508124556650365,0.08584687426108394
0.6090000000000004,0.24331517785325496,-0.07267803468408046,1.660492618519844,0.24089753526951235,-0.0730729833318539,1.6609761099930531,0.24089753526951235,-0.0730729833318539,1.6609761099930531,2.0,0.0,0.0,5.151047754523662,0.08585079590872771
0.6100000000000004,0.24334162511059865,-0.07267886275469605,1.6604936958659244,0.24089753526951235,-0.0730729833318539,1.6609761099930531,0.24089753526951235,-0.0730729833318539,1.6609761099930531,2.0,0.0,0.0,5.1512816027740325,0.0858546933795672
0.6110000000000004,0.2433680573759363,-0.07267976103364535,1.660494853552935,0.24089753526951235,-0.0730729833318539,1.6609761099930531,0.24089753526951235,-0.0730729833318539,1.6609761099930531,2.0,0.0,0.0,5.151514165281137,0.08585856942135228
0.6120000000000004,0.24339447379813967,-0.07268072830808306,1.6604960900555044,0.24089753526951235,-0.0730729833318539,1.6609761099930531,0.24089753526951235,-0.0730729833318539,1.6609761099930531,2.0,0.0,0.0,5.15174559475183,0.08586242657919717
0.6130000000000004,0.2434208735343846,-0.07268176336919281,1.6604974038600997,0.24089753526951235,-0.0730729833318539,1.6609761099930531,0.24089753526951235,-0.0730729833318539,1.6609761099930531,2.0,0.0,0.0,5.151976032405279,0.08586626720675465
0.6140000000000004,0.24344725574981865,-0.07268286501256996,1.660498793465279,0.24089753526951235,-0.0730729833318539,1.6609761099930531,0.24089753526951235,-0.0730729833318539,1.6609761099930531,2.0,0.0,0.0,5.152205608615267,0.08587009347692112
0.6150000000000004,0.24347361961725295,-0.07268403203858693,1.6605002573819296,0.24089753526951235,-0.0730729833318539,1.6609761099930531,0.24089753526951235,-0.0730729833318539,1.6609761099930531,2.0,0.0,0.0,5.1524344435256815,0.08587390739209469
0.6160000000000004,0.2434999643168773,-0.0726852632527443,1.6605017941334799,0.24089753526951235,-0.0730729833318539,1.6609761099930531,0.24089753526951235,-0.0730729833318539,1.6609761099930531,2.0,0.0,0.0,5.152662647638651,0.0858777107939775
0.6170000000000004,0.24352628903599288,-0.07268655746600405,1.6605034022560954,0.24089753526951235,-0.0730729833318539,1.6609761099930531,0.24089753526951235,-0.0730729833318539,1.6609761099930531,2.0,0.0,0.0,5.152890322378403,0.08588150537297339
0.6180000000000004,0.2435525929687659,-0.0726879134951089,1.6605050802988506,0.24089753526951235,-0.0730729833318539,1.6609761099930531,0.24089753526951235,-0.0730729833318539,1.6609761099930531,2.0,0.0,0.0,5.153117560629639,0.08588529267716065
0.6190000000000004,0.24357887531599942,-0.07268933016288713,1.66050682682389,0.24089753526951235,-0.0730729833318539,1.6609761099930531,0.24089753526951235,-0.0730729833318539,1.6609761099930531,2.0,0.0,0.0,5.1533444472518575,0.08588907412086429
0.6200000000000004,0.24360513528492053,-0.07269080629854228,1.6605086404065623,0.24089753526951235,-0.0730729833318539,1.6609761099930531,0.24089753526951235,-0.0730729833318539,1.6609761099930531,2.0,0.0,0.0,5.1535710595689785,0.08589285099281631
0.6210000000000004,0.24363137208898356,-0.07269234073793109,1.6605105196355436,0.24089753526951235,-0.0730729833318539,1.6609761099930531,0.24089753526951235,-0.0730729833318539,1.6609761099930531,2.0,0.0,0.0,5.153797467836244,0.08589662446393741
0.6220000000000004,0.24365758494768933,-0.07269393232382516,1.6605124631129442,0.24089753526951235,-0.0730729833318539,1.6609761099930531,0.24089753526951235,-0.0730729833318539,1.6609761099930531,2.0,0.0,0.0,5.15402373568233,0.0859003955947055
0.6230000000000004,0.2436837730864173,-0.0726955799061629,1.6605144694544003,0.24089753526951235,-0.0730729833318539,1.6609761099930531,0.24089753526951235,-0.0730729833318539,1.6609761099930531,2.0,0.0,0.0,5.154249920529591,0.08590416534215986
0.6240000000000004,0.24370993573626912,-0.07269728234228653,1.6605165372891473,0.24089753526951235,-0.0730729833318539,1.6609761099930531,0.24089753526951235,-0.0730729833318539,1.6609761099930531,2.0,0.0,0.0,5.1544760739903746,0.08590793456650624
0.6250000000000004,0.24373607213392742,-0.07269903849716677,1.6605186652600843,0.24089753526951235,-0.0730729833318539,1.6609761099930531,0.24089753526951235,-0.0730729833318539,1.6609761099930531,2.0,0.0,0.0,5.154702242241815,0.08591170403736359
0.6260000000000004,0.2437621815215239,-0.07270084724361842,1.6605208520238255,0.24089753526951235,-0.0730729833318539,1.6609761099930531,0.24089753526951235,-0.0730729833318539,1.6609761099930531,2.0,0.0,0.0,5.154928466379157,0.08591547443965261
0.6270000000000004,0.24378826314651836,-0.07270270746249957,1.6605230962507402,0.24089753526951235,-0.0730729833318539,1.6609761099930531,0.24089753526951235,-0.0730729833318539,1.6609761099930531,2.0,0.0,0.0,5.15515478274701,0.08591924637911683
0.6280000000000004,0.24381431626158864,-0.07270461804290292,1.6605253966249767,0.24089753526951235,-0.0730729833318539,1.6609761099930531,0.24089753526951235,-0.0730729833318539,1.6609761099930531,2.0,0.0,0.0,5.155381223250499,0.08592302038750832
0.6290000000000004,0.24384034012453018,-0.07270657788233612,1.6605277518444859,0.24089753526951235,-0.0730729833318539,1.6609761099930531,0.24089753526951235,-0.0730729833318539,1.6609761099930531,2.0,0.0,0.0,5.15560781564831,0.08592679692747182
0.6300000000000004,0.24386633399816268,-0.07270858588688751,1.660530160621025,0.24089753526951235,-0.0730729833318539,1.6609761099930531,0.24089753526951235,-0.0730729833318539,1.6609761099930531,2.0,0.0,0.0,5.155834583824485,0.08593057639707476
0.6310000000000004,0.2438922971502483,-0.07271064097138662,1.6605326216801646,0.24089753526951235,-0.0730729833318539,1.6609761099930531,0.24089753526951235,-0.0730729833318539,1.6609761099930531,2.0,0.0,0.0,5.156061548045354,0.08593435913408924
0.6320000000000005,0.24391822885341558,-0.07271274205955053,1.660535133761277,0.24089753526951235,-0.0730729833318539,1.6609761099930531,0.24089753526951235,-0.0730729833318539,1.6609761099930531,2.0,0.0,0.0,5.156288725196857,0.08593814541994763
0.6330000000000005,0.24394412838509186,-0.07271488808412166,1.6605376956175242,0.24089753526951235,-0.0730729833318539,1.6609761099930531,0.24089753526951235,-0.0730729833318539,1.6609761099930531,2.0,0.0,0.0,5.156516129008097,0.08594193548346829
0.6340000000000005,0.24396999502744193,-0.07271707798699634,1.6605403060158372,0.24089753526951235,-0.0730729833318539,1.6609761099930531,0.24089753526951235,-0.0730729833318539,1.6609761099930531,2.0,0.0,0.0,5.156743770259518,0.0859457295043253
0.6350000000000005,0.2439958280673155,-0.07271931071934332,1.6605429637368918,0.24089753526951235,-0.0730729833318539,1.6609761099930531,0.24089753526951235,-0.0730729833318539,1.6609761099930531,2.0,0.0,0.0,5.1569716569768,0.08594952761628
0.6360000000000005,0.2440216267961995,-0.07272158524171457,1.6605456675750756,0.24089753526951235,-0.0730729833318539,1.6609761099930531,0.24089753526951235,-0.0730729833318539,1.6609761099930531,2.0,0.0,0.0,5.157199794612732,0.0859533299102122
0.6370000000000005,0.24404739051017538,-0.07272390052414499,1.660548416338453,0.24089753526951235,-0.0730729833318539,1.6609761099930531,0.24089753526951235,-0.0730729833318539,1.6609761099930531,2.0,0.0,0.0,5.15742818621659,0.08595713643694317
0.6380000000000005,0.24407311850988483,-0.07272625554624781,1.6605512088487258,0.24089753526951235,-0.0730729833318539,1.6609761099930531,0.24089753526951235,-0.0730729833318539,1.6609761099930531,2.0,0.0,0.0,5.157656832593332,0.08596094720988887
0.6390000000000005,0.24409881010049833,-0.07272864929729636,1.6605540439411859,0.24089753526951235,-0.0730729833318539,1.6609761099930531,0.24089753526951235,-0.0730729833318539,1.6609761099930531,2.0,0.0,0.0,5.15788573245187,0.08596476220753117
0.6400000000000005,0.24412446459169057,-0.07273108077630379,1.660556920464674,0.24089753526951235,-0.0730729833318539,1.6609761099930531,0.24089753526951235,-0.0730729833318539,1.6609761099930531,2.0,0.0,0.0,5.158114882545286,0.08596858137575476
0.6410000000000005,0.24415008129761961,-0.07273354899209111,1.6605598372815207,0.24089753526951235,-0.0730729833318539,1.6609761099930531,0.24089753526951235,-0.0730729833318539,1.6609761099930531,2.0,0.0,0.0,5.1583442778010955,0.08597240463001826
0.6420000000000005,0.24417565953690878,-0.07273605296335106,1.660562793267499,0.24089753526951235,-0.0730729833318539,1.6609761099930531,0.24089753526951235,-0.0730729833318539,1.6609761099930531,2.0,0.0,0.0,5.158573911445687,0.08597623185742813
0.6430000000000005,0.24420119863263773,-0.07273859171870264,1.6605657873117643,0.24089753526951235,-0.0730729833318539,1.6609761099930531,0.24089753526951235,-0.0730729833318539,1.6609761099930531,2.0,0.0,0.0,5.15880377511962,0.08598006291866032
0.6440000000000005,0.24422669791233104,-0.07274116429674099,1.660568818316796,0.24089753526951235,-0.0730729833318539,1.6609761099930531,0.24089753526951235,-0.0730729833318539,1.6609761099930531,2.0,0.0,0.0,5.1590338589881535,0.08598389764980256
0.6450000000000005,0.24425215670795483,-0.07274376974607906,1.6605718851983349,0.24089753526951235,-0.0730729833318539,1.6609761099930531,0.24089753526951235,-0.0730729833318539,1.6609761099930531,2.0,0.0,0.0,5.159264151844557,0.08598773586407595
0.6460000000000005,0.2442775743559153,-0.07274640712538566,1.6605749868853197,0.24089753526951235,-0.0730729833318539,1.6609761099930531,0.24089753526951235,-0.0730729833318539,1.6609761099930531,2.0,0.0,0.0,5.159494641208998,0.08599157735348331
0.6470000000000005,0.24430295019705933,-0.07274907550341567,1.6605781223198228,0.24089753526951235,-0.0730729833318539,1.6609761099930531,0.24089753526951235,-0.0730729833318539,1.6609761099930531,2.0,0.0,0.0,5.159725313420717,0.08599542189034529
0.6480000000000005,0.24432828357668035,-0.07275177395903586,1.6605812904569774,0.24089753526951235,-0.0730729833318539,1.6609761099930531,0.24089753526951235,-0.0730729833318539,1.6609761099930531,2.0,0.0,0.0,5.159956153726699,0.08599926922877832
0.6490000000000005,0.24435357384452322,-0.07275450158124466,1.6605844902649143,0.24089753526951235,-0.0730729833318539,1.6609761099930531,0.24089753526951235,-0.0730729833318539,1.6609761099930531,2.0,0.0,0.0,5.160187146366162,0.08600311910610271
0.6500000000000005,0.2443788203547959,-0.07275725746918753,1.6605877207246824,0.24089753526951235,-0.0730729833318539,1.6609761099930531,0.24089753526951235,-0.0730729833318539,1.6609761099930531,2.0,0.0,0.0,5.160418274648691,0.08600697124414486
0.6510000000000005,0.24440402246617948,-0.07276004073216727,1.660590980830184,0.24089753526951235,-0.0730729833318539,1.6609761099930531,0.24089753526951235,-0.0730729833318539,1.6609761099930531,2.0,0.0,0.0,5.160649521031246,0.08601082535052076
0.6520000000000005,0.244429179541842,-0.07276285048964942,1.660594269588092,0.24089753526951235,-0.0730729833318539,1.6609761099930531,0.24089753526951235,-0.0730729833318539,1.6609761099930531,2.0,0.0,0.0,5.160880867188273,0.08601468111980455
0.6530000000000005,0.24445429094945437,-0.07276568587126436,1.6605975860177797,0.24089753526951235,-0.0730729833318539,1.6609761099930531,0.24089753526951235,-0.0730729833318539,1.6609761099930531,2.0,0.0,0.0,5.161112294081211,0.08601853823468684
0.6540000000000005,0.24447935606120597,-0.0727685460168037,1.660600929151239,0.24089753526951235,-0.0730729833318539,1.6609761099930531,0.24089753526951235,-0.0730729833318539,1.6609761099930531,2.0,0.0,0.0,5.1613437820219845,0.08602239636703307
0.6550000000000005,0.2445043742538257,-0.07277143007621337,1.6606042980330036,0.24089753526951235,-0.0730729833318539,1.6609761099930531,0.24089753526951235,-0.0730729833318539,1.6609761099930531,2.0,0.0,0.0,5.161575310734828,0.0860262551789138
0.6560000000000005,0.2445293449085985,-0.07277433720958429,1.6606076917200694,0.24089753526951235,-0.0730729833318539,1.6609761099930531,0.24089753526951235,-0.0730729833318539,1.6609761099930531,2.0,0.0,0.0,5.161806859413712,0.08603011432356186
0.6570000000000005,0.24455426741138842,-0.07277726658713572,1.660611109281811,0.24089753526951235,-0.0730729833318539,1.6609761099930531,0.24089753526951235,-0.0730729833318539,1.6609761099930531,2.0,0.0,0.0,5.162038406776913,0.08603397344628189
0.6580000000000005,0.2445791411526609,-0.07278021738920051,1.6606145497999023,0.24089753526951235,-0.0730729833318539,1.6609761099930531,0.24089753526951235,-0.0730729833318539,1.6609761099930531,2.0,0.0,0.0,5.16226993111947,0.0860378321853245
0.6590000000000005,0.24460396552750396,-0.07278318880620152,1.6606180123682313,0.24089753526951235,-0.0730729833318539,1.6609761099930531,0.24089753526951235,-0.0730729833318539,1.6609761099930531,2.0,0.0,0.0,5.162501410361439,0.08604169017269064
0.6600000000000005,0.24462873993565332,-0.07278618003862879,1.6606214960928165,0.24089753526951235,-0.0730729833318539,1.6609761099930531,0.24089753526951235,-0.0730729833318539,1.6609761099930531,2.0,0.0,0.0,5.1627328220937025,0.08604554703489505
0.6610000000000005,0.24465346378151606,-0.07278919029701204,1.6606250000917238,0.24089753526951235,-0.0730729833318539,1.6609761099930531,0.24089753526951235,-0.0730729833318539,1.6609761099930531,2.0,0.0,0.0,5.162964143621619,0.08604940239369366
0.6620000000000005,0.24467813647419637,-0.07279221880189095,1.6606285234949782,0.24089753526951235,-0.0730729833318539,1.6609761099930531,0.24089753526951235,-0.0730729833318539,1.6609761099930531,2.0,0.0,0.0,5.163195352005363,0.08605325586675604
0.6630000000000005,0.24470275742752032,-0.07279526478378198,1.6606320654444815,0.24089753526951235,-0.0730729833318539,1.6609761099930531,0.24089753526951235,-0.0730729833318539,1.6609761099930531,2.0,0.0,0.0,5.1634264240983745,0.08605710706830624
0.6640000000000005,0.24472732606006115,-0.0727983274831438,1.6606356250939216,0.24089753526951235,-0.0730729833318539,1.6609761099930531,0.24089753526951235,-0.0730729833318539,1.6609761099930531,2.0,0.0,0.0,5.163657336582562,0.08606095560970937
0.6650000000000005,0.24475184179516762,-0.07280140615033913,1.6606392016086882,0.24089753526951235,-0.0730729833318539,1.6609761099930531,0.24089753526951235,-0.0730729833318539,1.6609761099930531,2.0,0.0,0.0,5.163888066002044,0.08606480110003406
0.6660000000000005,0.24477630406098808,-0.07280450004559479,1.6606427941657866,0.24089753526951235,-0.0730729833318539,1.6609761099930531,0.24089753526951235,-0.0730729833318539,1.6609761099930531,2.0,0.0,0.0,5.164118588794828,0.08606864314658047
0.6670000000000005,0.2448007122904982,-0.07280760843895989,1.6606464019537481,0.24089753526951235,-0.0730729833318539,1.6609761099930531,0.24089753526951235,-0.0730729833318539,1.6609761099930531,2.0,0.0,0.0,5.1643488813208345,0.08607248135534724
0.6680000000000005,0.2448250659215264,-0.07281073061026058,1.660650024172538,0.24089753526951235,-0.0730729833318539,1.6609761099930531,0.24089753526951235,-0.0730729833318539,1.6609761099930531,2.0,0.0,0.0,5.164578919891004,0.08607631533151673
0.6690000000000005,0.24484936439678295,-0.07281386584905504,1.6606536600334751,0.24089753526951235,-0.0730729833318539,1.6609761099930531,0.24089753526951235,-0.0730729833318539,1.6609761099930531,2.0,0.0,0.0,5.164808680789871,0.08608014467983119
0.6700000000000005,0.24487360716388412,-0.07281701345458473,1.6606573087591405,0.24089753526951235,-0.0730729833318539,1.6609761099930531,0.24089753526951235,-0.0730729833318539,1.6609761099930531,2.0,0.0,0.0,5.165038140302688,0.0860839690050448
0.6710000000000005,0.2448977936753799,-0.07282017273572372,1.6606609695832861,0.24089753526951235,-0.0730729833318539,1.6609761099930531,0.24089753526951235,-0.0730729833318539,1.6609761099930531,2.0,0.0,0.0,5.1652672747350445,0.08608778791225075
0.6720000000000005,0.2449219233887801,-0.07282334301092927,1.6606646417507496,0.24089753526951235,-0.0730729833318539,1.6609761099930531,0.24089753526951235,-0.0730729833318539,1.6609761099930531,2.0,0.0,0.0,5.165496060434582,0.08609160100724303
0.6730000000000005,0.24494599576657994,-0.07282652360818612,1.660668324517365,0.24089753526951235,-0.0730729833318539,1.6609761099930531,0.24089753526951235,-0.0730729833318539,1.6609761099930531,2.0,0.0,0.0,5.16572447380961,0.08609540789682683
0.6740000000000005,0.24497001027628773,-0.07282971386495385,1.6606720171498726,0.24089753526951235,-0.0730729833318539,1.6609761099930531,0.24089753526951235,-0.0730729833318539,1.6609761099930531,2.0,0.0,0.0,5.165952491347001,0.08609920818911669
0.6750000000000005,0.24499396639044768,-0.07283291312810923,1.6606757189258312,0.24089753526951235,-0.0730729833318539,1.6609761099930531,0.24089753526951235,-0.0730729833318539,1.6609761099930531,2.0,0.0,0.0,5.166180089629397,0.08610300149382329
0.6760000000000005,0.245017863586668,-0.07283612075389076,1.6606794291335327,0.24089753526951235,-0.0730729833318539,1.6609761099930531,0.24089753526951235,-0.0730729833318539,1.6609761099930531,2.0,0.0,0.0,5.166407245350106,0.08610678742250176
0.6770000000000005,0.24504170134764325,-0.07283933610783833,1.6606831470719075,0.24089753526951235,-0.0730729833318539,1.6609761099930531,0.24089753526951235,-0.0730729833318539,1.6609761099930531,2.0,0.0,0.0,5.166633935327303,0.08611056558878838
0.6780000000000005,0.24506547916118077,-0.07284255856473475,1.660686872050442,0.24089753526951235,-0.0730729833318539,1.6609761099930531,0.24089753526951235,-0.0730729833318539,1.6609761099930531,2.0,0.0,0.0,5.1668601365185,0.08611433560864167
0.6790000000000005,0.2450891965202233,-0.07284578750854398,1.6606906033890874,0.24089753526951235,-0.0730729833318539,1.6609761099930531,0.24089753526951235,-0.0730729833318539,1.6609761099930531,2.0,0.0,0.0,5.1670858260322765,0.08611809710053794
0.6800000000000005,0.2451128529228732,-0.07284902233235056,1.6606943404181715,0.24089753526951235,-0.0730729833318539,1.6609761099930531,0.24089753526951235,-0.0730729833318539,1.6609761099930531,2.0,0.0,0.0,5.167310981140199,0.08612184968566998
0.6810000000000005,0.24513644787241537,-0.07285226243829582,1.6606980824783126,0.24089753526951235,-0.0730729833318539,1.6609761099930531,0.24089753526951235,-0.0730729833318539,1.6609761099930531,2.0,0.0,0.0,5.167535579287937,0.08612559298813229
0.6820000000000005,0.2451599808773396,-0.07285550723751488,1.660701828920332,0.24089753526951235,-0.0730729833318539,1.6609761099930531,0.24089753526951235,-0.0730729833318539,1.6609761099930531,2.0,0.0,0.0,5.167759598105175,0.08612932663508625
0.6830000000000005,0.2451834514513614,-0.07285875615007245,1.6607055791051633,0.24089753526951235,-0.0730729833318539,1.6609761099930531,0.24089753526951235,-0.0730729833318539,1.6609761099930531,2.0,0.0,0.0,5.167983015415078,0.08613305025691796
0.6840000000000005,0.2452068591134448,-0.07286200860489692,1.660709332403768,0.24089753526951235,-0.0730729833318539,1.6609761099930531,0.24089753526951235,-0.0730729833318539,1.6609761099930531,2.0,0.0,0.0,5.168205809243426,0.08613676348739044
0.6850000000000005,0.24523020338782264,-0.07286526403971588,1.6607130881970489,0.24089753526951235,-0.0730729833318539,1.6609761099930531,0.24089753526951235,-0.0730729833318539,1.6609761099930531,2.0,0.0,0.0,5.168427957826825,0.08614046596378042
0.6860000000000005,0.24525348380401485,-0.072868521900989,1.6607168458757606,0.24089753526951235,-0.0730729833318539,1.6609761099930531,0.24089753526951235,-0.0730729833318539,1.6609761099930531,2.0,0.0,0.0,5.168649439620135,0.08614415732700226
0.6870000000000005,0.24527669989684997,-0.07287178164384107,1.6607206048404235,0.24089753526951235,-0.0730729833318539,1.6609761099930531,0.24089753526951235,-0.0730729833318539,1.6609761099930531,2.0,0.0,0.0,5.168870233303733,0.08614783722172888
0.6880000000000005,0.24529985120648234,-0.07287504273199502,1.660724364501241,0.24089753526951235,-0.0730729833318539,1.6609761099930531,0.24089753526951235,-0.0730729833318539,1.6609761099930531,2.0,0.0,0.0,5.169090317790627,0.08615150529651046
0.6890000000000005,0.24532293727840998,-0.07287830463770367,1.6607281242780074,0.24089753526951235,-0.0730729833318539,1.6609761099930531,0.24089753526951235,-0.0730729833318539,1.6609761099930531,2.0,0.0,0.0,5.169309672231529,0.08615516120385883
0.6900000000000005,0.24534595766349288,-0.07288156684168198,1.6607318836000282,0.24089753526951235,-0.0730729833318539,1.6609761099930531,0.24089753526951235,-0.0730729833318539,1.6609761099930531,2.0,0.0,0.0,5.169528276021692,0.08615880460036154
0.6910000000000005,0.2453689119179679,-0.07288482883303801,1.6607356419060275,0.24089753526951235,-0.0730729833318539,1.6609761099930531,0.24089753526951235,-0.0730729833318539,1.6609761099930531,2.0,0.0,0.0,5.1697461088051435,0.0861624351467524
0.6920000000000005,0.24539179960346535,-0.0728880901092041,1.6607393986440693,0.24089753526951235,-0.0730729833318539,1.6609761099930531,0.24089753526951235,-0.0730729833318539,1.6609761099930531,2.0,0.0,0.0,5.169963150480868,0.08616605250801447
0.6930000000000005,0.2454146202870241,-0.07289135017586819,1.6607431532714687,0.24089753526951235,-0.0730729833318539,1.6609761099930531,0.24089753526951235,-0.0730729833318539,1.6609761099930531,2.0,0.0,0.0,5.170179381205671,0.08616965635342784
0.6940000000000005,0.24543737354110418,-0.07289460854690354,1.6607469052547075,0.24089753526951235,-0.0730729833318539,1.6609761099930531,0.24089753526951235,-0.0730729833318539,1.6609761099930531,2.0,0.0,0.0,5.170394781399635,0.08617324635666058
0.6950000000000005,0.24546005894360354,-0.07289786474429973,1.6607506540693502,0.24089753526951235,-0.0730729833318539,1.6609761099930531,0.24089753526951235,-0.0730729833318539,1.6609761099930531,2.0,0.0,0.0,5.170609331748857,0.08617682219581428
0.6960000000000005,0.245482676077866,-0.0729011182980934,1.66075439919996,0.24089753526951235,-0.0730729833318539,1.6609761099930531,0.24089753526951235,-0.0730729833318539,1.6609761099930531,2.0,0.0,0.0,5.170823013209535,0.08618038355349225
0.6970000000000005,0.24550522453269558,-0.07290436874629667,1.6607581401400129,0.24089753526951235,-0.0730729833318539,1.6609761099930531,0.24089753526951235,-0.0730729833318539,1.6609761099930531,2.0,0.0,0.0,5.171035807010272,0.08618393011683786
0.6980000000000005,0.24552770390237155,-0.07290761563483011,1.6607618763918177,0.24089753526951235,-0.0730729833318539,1.6609761099930531,0.24089753526951235,-0.0730729833318539,1.6609761099930531,2.0,0.0,0.0,5.171247694655773,0.08618746157759621
0.6990000000000005,0.24555011378664848,-0.07291085851744875,1.6607656074664283,0.24089753526951235,-0.0730729833318539,1.6609761099930531,0.24089753526951235,-0.0730729833318539,1.6609761099930531,2.0,0.0,0.0,5.1714586579285236,0.08619097763214206
0.7000000000000005,0.24557245379077552,-0.07291409695567615,1.6607693328835633,0.24089753526951235,-0.0730729833318539,1.6609761099930531,0.24089753526951235,-0.0730729833318539,1.6609761099930531,2.0,0.0,0.0,5.171668678891023,0.08619447798151705
0.7010000000000005,0.24559472352550132,-0.07291733051873173,1.6607730521715245,0.24089753526951235,-0.0730729833318539,1.6609761099930531,0.24089753526951235,-0.0730729833318539,1.6609761099930531,2.0,0.0,0.0,5.171877739888178,0.08619796233146963
0.7020000000000005,0.24561692260708062,-0.0729205587834615,1.6607767648671112,0.24089753526951235,-0.0730729833318539,1.6609761099930531,0.24089753526951235,-0.0730729833318539,1.6609761099930531,2.0,0.0,0.0,5.172085823548228,0.08620143039247047
0.7030000000000005,0.24563905065728336,-0.0729237813342682,1.6607804705155393,0.24089753526951235,-0.0730729833318539,1.6609761099930531,0.24089753526951235,-0.0730729833318539,1.6609761099930531,2.0,0.0,0.0,5.172292912784622,0.08620488187974369
0.7040000000000005,0.24566110730340063,-0.07292699776304179,1.6607841686703624,0.24089753526951235,-0.0730729833318539,1.6609761099930531,0.24089753526951235,-0.0730729833318539,1.6609761099930531,2.0,0.0,0.0,5.172498990797608,0.08620831651329347
0.7050000000000005,0.24568309217824902,-0.07293020766908888,1.6607878588933855,0.24089753526951235,-0.0730729833318539,1.6609761099930531,0.24089753526951235,-0.0730729833318539,1.6609761099930531,2.0,0.0,0.0,5.172704041074052,0.08621173401790087
0.7060000000000005,0.2457050049201766,-0.07293341065906317,1.6607915407545888,0.24089753526951235,-0.0730729833318539,1.6609761099930531,0.24089753526951235,-0.0730729833318539,1.6609761099930531,2.0,0.0,0.0,5.172908047389321,0.08621513412315536
0.7070000000000005,0.24572684517306648,-0.07293660634689707,1.660795213832043,0.24089753526951235,-0.0730729833318539,1.6609761099930531,0.24089753526951235,-0.0730729833318539,1.6609761099930531,2.0,0.0,0.0,5.173110993807379,0.08621851656345632
0.7080000000000005,0.24574861258633957,-0.07293979435373066,1.6607988777118325,0.24089753526951235,-0.0730729833318539,1.6609761099930531,0.24089753526951235,-0.0730729833318539,1.6609761099930531,2.0,0.0,0.0,5.173312864681111,0.08622188107801851
0.7090000000000005,0.24577030681495787,-0.0729429743078434,1.660802531987974,0.24089753526951235,-0.0730729833318539,1.6609761099930531,0.24089753526951235,-0.0730729833318539,1.6609761099930531,2.0,0.0,0.0,5.173513644652769,0.08622522741087948
0.7100000000000005,0.24579192751942522,-0.07294614584458536,1.6608061762623354,0.24089753526951235,-0.0730729833318539,1.6609761099930531,0.24089753526951235,-0.0730729833318539,1.6609761099930531,2.0,0.0,0.0,5.17371331865393,0.08622855531089883
0.7110000000000005,0.24581347436578876,-0.07294930860630758,1.66080981014456,0.24089753526951235,-0.0730729833318539,1.6609761099930531,0.24089753526951235,-0.0730729833318539,1.6609761099930531,2.0,0.0,0.0,5.173911871905494,0.08623186453175823
0.7120000000000005,0.24583494702563863,-0.07295246224229406,1.6608134332519848,0.24089753526951235,-0.0730729833318539,1.6609761099930531,0.24089753526951235,-0.0730729833318539,1.6609761099930531,2.0,0.0,0.0,5.1741092899175065,0.08623515483195844
0.7130000000000005,0.2458563451761076,-0.07295560640869289,1.6608170452095623,0.24089753526951235,-0.0730729833318539,1.6609761099930531,0.24089753526951235,-0.0730729833318539,1.6609761099930531,2.0,0.0,0.0,5.174305558489062,0.08623842597481769
0.7140000000000005,0.24587766849986994,-0.0729587407684492,1.660820645649786,0.24089753526951235,-0.0730729833318539,1.6609761099930531,0.24089753526951235,-0.0730729833318539,1.6609761099930531,2.0,0.0,0.0,5.174500663707583,0.08624167772845973
0.7150000000000005,0.24589891668513847,-0.07296186499123533,1.6608242342126054,0.24089753526951235,-0.0730729833318539,1.6609761099930531,0.24089753526951235,-0.0730729833318539,1.6609761099930531,2.0,0.0,0.0,5.17469459194807,0.08624490986580116
0.7160000000000005,0.2459200894256624,-0.07296497875338467,1.6608278105453596,0.24089753526951235,-0.0730729833318539,1.6609761099930531,0.24089753526951235,-0.0730729833318539,1.6609761099930531,2.0,0.0,0.0,5.174887329872601,0.08624812216454335
0.7170000000000005,0.245941186420724,-0.07296808173782438,1.6608313743026901,0.24089753526951235,-0.0730729833318539,1.6609761099930531,0.24089753526951235,-0.0730729833318539,1.6609761099930531,2.0,0.0,0.0,5.175078864431054,0.08625131440718423
0.7180000000000005,0.24596220737513375,-0.07297117363400693,1.6608349251464685,0.24089753526951235,-0.0730729833318539,1.6609761099930531,0.24089753526951235,-0.0730729833318539,1.6609761099930531,2.0,0.0,0.0,5.175269182857627,0.08625448638096045
0.7190000000000005,0.2459831519992255,-0.07297425413784503,1.6608384627457216,0.24089753526951235,-0.0730729833318539,1.6609761099930531,0.24089753526951235,-0.0730729833318539,1.6609761099930531,2.0,0.0,0.0,5.175458272671608,0.08625763787786013
0.7200000000000005,0.24600402000885083,-0.07297732295164304,1.6608419867765543,0.24089753526951235,-0.0730729833318539,1.6609761099930531,0.24089753526951235,-0.0730729833318539,1.6609761099930531,2.0,0.0,0.0,5.175646121675902,0.08626076869459837
0.7210000000000005,0.24602481112537328,-0.07298037978403302,1.660845496922074,0.24089753526951235,-0.0730729833318539,1.6609761099930531,0.24089753526951235,-0.0730729833318539,1.6609761099930531,2.0,0.0,0.0,5.175832717956108,0.08626387863260179
0.7220000000000005,0.24604552507566005,-0.07298342434990693,1.6608489928723174,0.24089753526951235,-0.0730729833318539,1.6609761099930531,0.24089753526951235,-0.0730729833318539,1.6609761099930531,2.0,0.0,0.0,5.176018049879503,0.08626696749799172
0.7230000000000005,0.24606616159207478,-0.07298645637035202,1.660852474324173,0.24089753526951235,-0.0730729833318539,1.6609761099930531,0.24089753526951235,-0.0730729833318539,1.6609761099930531,2.0,0.0,0.0,5.176202106093456,0.08627003510155759
0.7240000000000005,0.24608672041247062,-0.07298947557258541,1.6608559409813095,0.24089753526951235,-0.0730729833318539,1.6609761099930531,0.24089753526951235,-0.0730729833318539,1.6609761099930531,2.0,0.0,0.0,5.176384875524629,0.08627308125874382
0.7250000000000005,0.24610720128017866,-0.07299248168988862,1.6608593925541035,0.24089753526951235,-0.0730729833318539,1.6609761099930531,0.24089753526951235,-0.0730729833318539,1.6609761099930531,2.0,0.0,0.0,5.176566347377365,0.08627610578962276
0.7260000000000005,0.24612760394400024,-0.07299547446154334,1.660862828759562,0.24089753526951235,-0.0730729833318539,1.6609761099930531,0.24089753526951235,-0.0730729833318539,1.6609761099930531,2.0,0.0,0.0,5.1767465111317525,0.08627910851886254
0.7270000000000005,0.24614792815819486,-0.0729984536327671,1.6608662493212518,0.24089753526951235,-0.0730729833318539,1.6609761099930531,0.24089753526951235,-0.0730729833318539,1.6609761099930531,2.0,0.0,0.0,5.176925356543421,0.08628208927572369
0.7280000000000005,0.2461681736824738,-0.07300141895464944,1.6608696539692287,0.24089753526951235,-0.0730729833318539,1.6609761099930531,0.24089753526951235,-0.0730729833318539,1.6609761099930531,2.0,0.0,0.0,5.177102873640993,0.08628504789401654
0.7290000000000005,0.2461883402819795,-0.07300437018408816,1.6608730424399625,0.24089753526951235,-0.0730729833318539,1.6609761099930531,0.24089753526951235,-0.0730729833318539,1.6609761099930531,2.0,0.0,0.0,5.1772790527250505,0.08628798421208418
0.7300000000000005,0.24620842772728277,-0.07300730708372548,1.6608764144762673,0.24089753526951235,-0.0730729833318539,1.6609761099930531,0.24089753526951235,-0.0730729833318539,1.6609761099930531,2.0,0.0,0.0,5.177453884366104,0.0862908980727684
0.7310000000000005,0.24622843579436515,-0.07301022942188529,1.6608797698272277,0.24089753526951235,-0.0730729833318539,1.6609761099930531,0.24089753526951235,-0.0730729833318539,1.6609761099930531,2.0,0.0,0.0,5.177627359403492,0.08629378932339153
0.7320000000000005,0.2462483642646075,-0.07301313697251237,1.6608831082481348,0.24089753526951235,-0.0730729833318539,1.6609761099930531,0.24089753526951235,-0.0730729833318539,1.6609761099930531,2.0,0.0,0.0,5.177799468943647,0.08629665781572744
0.7330000000000005,0.2462682129247735,-0.07301602951510719,1.6608864295004064,0.24089753526951235,-0.0730729833318539,1.6609761099930531,0.24089753526951235,-0.0730729833318539,1.6609761099930531,2.0,0.0,0.0,5.177970204357344,0.08629950340595573
0.7340000000000005,0.24628798156699827,-0.07301890683466564,1.6608897333515247,0.24089753526951235,-0.0730729833318539,1.6609761099930531,0.24089753526951235,-0.0730729833318539,1.6609761099930531,2.0,0.0,0.0,5.178139557279762,0.0863023259546627
0.7350000000000005,0.2463076699887703,-0.07302176872161771,1.6608930195749618,0.24089753526951235,-0.0730729833318539,1.6609761099930531,0.24089753526951235,-0.0730729833318539,1.6609761099930531,2.0,0.0,0.0,5.1783075196068395,0.08630512532678065
0.7360000000000005,0.2463272779929188,-0.07302461497176575,1.660896287950114,0.24089753526951235,-0.0730729833318539,1.6609761099930531,0.24089753526951235,-0.0730729833318539,1.6609761099930531,2.0,0.0,0.0,5.178474083495187,0.08630790139158645
0.7370000000000005,0.2463468053875955,-0.07302744538622385,1.6608995382622314,0.24089753526951235,-0.0730729833318539,1.6609761099930531,0.24089753526951235,-0.0730729833318539,1.6609761099930531,2.0,0.0,0.0,5.178639241358723,0.08631065402264539
0.7380000000000005,0.24636625198625828,-0.0730302597713575,1.66090277030235,0.24089753526951235,-0.0730729833318539,1.6609761099930531,0.24089753526951235,-0.0730729833318539,1.6609761099930531,2.0,0.0,0.0,5.178802985867564,0.08631338309779273
0.7390000000000005,0.2463856176076542,-0.07303305793872292,1.660905983867224,0.24089753526951235,-0.0730729833318539,1.6609761099930531,0.24089753526951235,-0.0730729833318539,1.6609761099930531,2.0,0.0,0.0,5.178965309946035,0.08631608849910058
0.7400000000000005,0.2464049020758023,-0.07303583970500802,1.6609091787592587,0.24089753526951235,-0.0730729833318539,1.6609761099930531,0.24089753526951235,-0.0730729833318539,1.6609761099930531,2.0,0.0,0.0,5.179126206770626,0.08631877011284377
0.7410000000000005,0.24642410521997402,-0.07303860489197334,1.6609123547864426,0.24089753526951235,-0.0730729833318539,1.6609761099930531,0.24089753526951235,-0.0730729833318539,1.6609761099930531,2.0,0.0,0.0,5.179285669767943,0.08632142782946571
0.7420000000000005,0.2464432268746762,-0.07304135332639214,1.660915511762282,0.24089753526951235,-0.0730729833318539,1.6609761099930531,0.24089753526951235,-0.0730729833318539,1.6609761099930531,2.0,0.0,0.0,5.1794436926129475,0.08632406154354913
0.7430000000000005,0.24646226687963022,-0.07304408483999186,1.6609186495057338,0.24089753526951235,-0.0730729833318539,1.6609761099930531,0.24089753526951235,-0.0730729833318539,1.6609761099930531,2.0,0.0,0.0,5.179600269226801,0.08632667115378001
0.7440000000000005,0.24648122507975312,-0.07304679926939713,1.6609217678411416,0.24089753526951235,-0.0730729833318539,1.6609761099930531,0.24089753526951235,-0.0730729833318539,1.6609761099930531,2.0,0.0,0.0,5.179755393774874,0.08632925656291457
0.7450000000000006,0.24650010132513783,-0.07304949645606999,1.660924866598168,0.24089753526951235,-0.0730729833318539,1.6609761099930531,0.24089753526951235,-0.0730729833318539,1.6609761099930531,2.0,0.0,0.0,5.179909060664498,0.08633181767774163
0.7460000000000006,0.2465188954710315,-0.07305217624625347,1.6609279456117318,0.24089753526951235,-0.0730729833318539,1.6609761099930531,0.24089753526951235,-0.0730729833318539,1.6609761099930531,2.0,0.0,0.0,5.180061264543431,0.08633435440905718
0.7470000000000006,0.24653760737781577,-0.07305483849091518,1.6609310047219425,0.24089753526951235,-0.0730729833318539,1.6609761099930531,0.24089753526951235,-0.0730729833318539,1.6609761099930531,2.0,0.0,0.0,5.1802120002969865,0.08633686667161644
0.7480000000000006,0.24655623691098383,-0.07305748304568896,1.6609340437740376,0.24089753526951235,-0.0730729833318539,1.6609761099930531,0.24089753526951235,-0.0730729833318539,1.6609761099930531,2.0,0.0,0.0,5.180361263046686,0.08633935438411143
0.7490000000000006,0.2465747839411197,-0.07306010977081927,1.660937062618318,0.24089753526951235,-0.0730729833318539,1.6609761099930531,0.24089753526951235,-0.0730729833318539,1.6609761099930531,2.0,0.0,0.0,5.180509048147566,0.0863418174691261
0.7500000000000006,0.24659324834387508,-0.07306271853110524,1.6609400611100842,0.24089753526951235,-0.0730729833318539,1.6609761099930531,0.24089753526951235,-0.0730729833318539,1.6609761099930531,2.0,0.0,0.0,5.180655351186415,0.08634425585310691
0.7510000000000006,0.24661162999994823,-0.07306530919584518,1.6609430391095759,0.24089753526951235,-0.0730729833318539,1.6609761099930531,0.24089753526951235,-0.0730729833318539,1.6609761099930531,2.0,0.0,0.0,5.180800167979568,0.08634666946632613
0.7520000000000006,0.24662992879505605,-0.07306788163877964,1.6609459964819069,0.24089753526951235,-0.0730729833318539,1.6609761099930531,0.24089753526951235,-0.0730729833318539,1.6609761099930531,2.0,0.0,0.0,5.180943494570536,0.08634905824284227
0.7530000000000006,0.24664814461991907,-0.07307043573803929,1.6609489330970084,0.24089753526951235,-0.0730729833318539,1.6609761099930531,0.24089753526951235,-0.0730729833318539,1.6609761099930531,2.0,0.0,0.0,5.181085327228139,0.08635142212046899
0.7540000000000006,0.24666627737022895,-0.07307297137608848,1.6609518488295623,0.24089753526951235,-0.0730729833318539,1.6609761099930531,0.24089753526951235,-0.0730729833318539,1.6609761099930531,2.0,0.0,0.0,5.181225662443919,0.08635376104073197
0.7550000000000006,0.2466843269466286,-0.07307548843967071,1.6609547435589411,0.24089753526951235,-0.0730729833318539,1.6609761099930531,0.24089753526951235,-0.0730729833318539,1.6609761099930531,2.0,0.0,0.0,5.181364496930362,0.08635607494883937
0.7560000000000006,0.2467022932546869,-0.07307798681975608,1.6609576171691502,0.24089753526951235,-0.0730729833318539,1.6609761099930531,0.24089753526951235,-0.0730729833318539,1.6609761099930531,2.0,0.0,0.0,5.181501827618861,0.08635836379364768
0.7570000000000006,0.2467201762048732,-0.07308046641148723,1.660960469548766,0.24089753526951235,-0.0730729833318539,1.6609761099930531,0.24089753526951235,-0.0730729833318539,1.6609761099930531,2.0,0.0,0.0,5.181637651656827,0.0863606275276138
0.7580000000000006,0.24673797571253292,-0.07308292711412664,1.660963300590877,0.24089753526951235,-0.0730729833318539,1.6609761099930531,0.24089753526951235,-0.0730729833318539,1.6609761099930531,2.0,0.0,0.0,5.1817719664062505,0.08636286610677084
0.7590000000000006,0.24675569169786052,-0.07308536883100289,1.6609661101930244,0.24089753526951235,-0.0730729833318539,1.6609761099930531,0.24089753526951235,-0.0730729833318539,1.6609761099930531,2.0,0.0,0.0,5.181904769440728,0.0863650794906788
0.7600000000000006,0.246773324085874,-0.07308779146945897,1.6609688982571422,0.24089753526951235,-0.0730729833318539,1.6609761099930531,0.24089753526951235,-0.0730729833318539,1.6609761099930531,2.0,0.0,0.0,5.1820360585439085,0.08636726764239848
0.7610000000000006,0.24679087280638937,-0.07309019494080149,1.6609716646895019,0.24089753526951235,-0.0730729833318539,1.6609761099930531,0.24089753526951235,-0.0730729833318539,1.6609761099930531,2.0,0.0,0.0,5.18216583170693,0.08636943052844884
0.7620000000000006,0.24680833779399264,-0.07309257916024596,1.6609744094006502,0.24089753526951235,-0.0730729833318539,1.6609761099930531,0.24089753526951235,-0.0730729833318539,1.6609761099930531,2.0,0.0,0.0,5.182294087126195,0.08637156811876992
0.7630000000000006,0.24682571898801356,-0.07309494404686932,1.660977132305357,0.24089753526951235,-0.0730729833318539,1.6609761099930531,0.24089753526951235,-0.0730729833318539,1.6609761099930531,2.0,0.0,0.0,5.182420823201531,0.08637368038669219
0.7640000000000006,0.24684301633249842,-0.07309728952355561,1.6609798333225545,0.24089753526951235,-0.0730729833318539,1.6609761099930531,0.24089753526951235,-0.0730729833318539,1.6609761099930531,2.0,0.0,0.0,5.18254603853328,0.086375767308888
0.7650000000000006,0.24686022977618266,-0.07309961551694798,1.6609825123752802,0.24089753526951235,-0.0730729833318539,1.6609761099930531,0.24089753526951235,-0.0730729833318539,1.6609761099930531,2.0,0.0,0.0,5.182669731920442,0.0863778288653407
0.7660000000000006,0.24687735927246224,-0.07310192195739762,1.660985169390625,0.24089753526951235,-0.0730729833318539,1.6609761099930531,0.24089753526951235,-0.0730729833318539,1.6609761099930531,2.0,0.0,0.0,5.182791902359085,0.08637986503931809
0.7670000000000006,0.2468944047793658,-0.07310420877891269,1.6609878042996726,0.24089753526951235,-0.0730729833318539,1.6609761099930531,0.24089753526951235,-0.0730729833318539,1.6609761099930531,2.0,0.0,0.0,5.1829125490385515,0.08638187581730919
0.7680000000000006,0.2469113662595271,-0.07310647591911133,1.660990417037448,0.24089753526951235,-0.0730729833318539,1.6609761099930531,0.24089753526951235,-0.0730729833318539,1.6609761099930531,2.0,0.0,0.0,5.183031671340928,0.08638386118901548
0.7690000000000006,0.24692824368015587,-0.07310872331917073,1.6609930075428612,0.24089753526951235,-0.0730729833318539,1.6609761099930531,0.24089753526951235,-0.0730729833318539,1.6609761099930531,2.0,0.0,0.0,5.183149268837545,0.08638582114729242
0.7700000000000006,0.24694503701300768,-0.0731109509237791,1.6609955757586503,0.24089753526951235,-0.0730729833318539,1.6609761099930531,0.24089753526951235,-0.0730729833318539,1.6609761099930531,2.0,0.0,0.0,5.183265341287347,0.08638775568812246
0.7710000000000006,0.24696174623435718,-0.07311315868108713,1.6609981216313343,0.24089753526951235,-0.0730729833318539,1.6609761099930531,0.24089753526951235,-0.0730729833318539,1.6609761099930531,2.0,0.0,0.0,5.183379888634828,0.08638966481058047
0.7720000000000006,0.24697837132496703,-0.07311534654266015,1.6610006451111516,0.24089753526951235,-0.0730729833318539,1.6609761099930531,0.24089753526951235,-0.0730729833318539,1.6609761099930531,2.0,0.0,0.0,5.1834929110068995,0.08639154851678166
0.7730000000000006,0.2469949122700581,-0.0731175144634301,1.6610031461520127,0.24089753526951235,-0.0730729833318539,1.6609761099930531,0.24089753526951235,-0.0730729833318539,1.6609761099930531,2.0,0.0,0.0,5.183604408711696,0.08639340681186161
0.7740000000000006,0.24701136905928128,-0.07311966240164883,1.6610056247114433,0.24089753526951235,-0.0730729833318539,1.6609761099930531,0.24089753526951235,-0.0730729833318539,1.6609761099930531,2.0,0.0,0.0,5.183714382235858,0.08639523970393097
0.7750000000000006,0.24702774168668595,-0.07312179031884086,1.6610080807505376,0.24089753526951235,-0.0730729833318539,1.6609761099930531,0.24089753526951235,-0.0730729833318539,1.6609761099930531,2.0,0.0,0.0,5.1838228322425755,0.08639704720404293
0.7760000000000006,0.24704403015069026,-0.07312389817975683,1.6610105142339004,0.24089753526951235,-0.0730729833318539,1.6609761099930531,0.24089753526951235,-0.0730729833318539,1.6609761099930531,2.0,0.0,0.0,5.183929759568564,0.08639882932614272
0.7770000000000006,0.24706023445405065,-0.073125985952327,1.6610129251295986,0.24089753526951235,-0.0730729833318539,1.6609761099930531,0.24089753526951235,-0.0730729833318539,1.6609761099930531,2.0,0.0,0.0,5.18403516522294,0.086400586087049
0.7780000000000006,0.2470763546038312,-0.07312805360761616,1.6610153134091103,0.24089753526951235,-0.0730729833318539,1.6609761099930531,0.24089753526951235,-0.0730729833318539,1.6609761099930531,2.0,0.0,0.0,5.1841390503845,0.08640231750640834
0.7790000000000006,0.24709239061137328,-0.07313010111977725,1.661017679047275,0.24089753526951235,-0.0730729833318539,1.6609761099930531,0.24089753526951235,-0.0730729833318539,1.6609761099930531,2.0,0.0,0.0,5.184241416399323,0.08640402360665539
0.7800000000000006,0.2471083424922631,-0.07313212846600704,1.66102002202224,0.24089753526951235,-0.0730729833318539,1.6609761099930531,0.24089753526951235,-0.0730729833318539,1.6609761099930531,2.0,0.0,0.0,5.184342264778542,0.08640570441297571
0.7810000000000006,0.247124210266302,-0.07313413562649995,1.6610223423154158,0.24089753526951235,-0.0730729833318539,1.6609761099930531,0.24089753526951235,-0.0730729833318539,1.6609761099930531,2.0,0.0,0.0,5.184441597197033,0.08640735995328389
0.7820000000000006,0.24713999395747485,-0.07313612258440595,1.661024639911422,0.24089753526951235,-0.0730729833318539,1.6609761099930531,0.24089753526951235,-0.0730729833318539,1.6609761099930531,2.0,0.0,0.0,5.184539415489882,0.08640899025816469
0.7830000000000006,0.2471556935939178,-0.07313808932578351,1.6610269147980412,0.24089753526951235,-0.0730729833318539,1.6609761099930531,0.24089753526951235,-0.0730729833318539,1.6609761099930531,2.0,0.0,0.0,5.184635721651173,0.08641059536085288
0.7840000000000006,0.2471713092078875,-0.07314003583955933,1.6610291669661705,0.24089753526951235,-0.0730729833318539,1.6609761099930531,0.24089753526951235,-0.0730729833318539,1.6609761099930531,2.0,0.0,0.0,5.1847305178314596,0.08641217529719099
0.7850000000000006,0.24718684083572862,-0.07314196211748117,1.6610313964097712,0.24089753526951235,-0.0730729833318539,1.6609761099930531,0.24089753526951235,-0.0730729833318539,1.6609761099930531,2.0,0.0,0.0,5.184823806335413,0.08641373010559023
0.7860000000000006,0.24720228851784184,-0.07314386815407783,1.6610336031258244,0.24089753526951235,-0.0730729833318539,1.6609761099930531,0.24089753526951235,-0.0730729833318539,1.6609761099930531,2.0,0.0,0.0,5.184915589620157,0.08641525982700263
0.7870000000000006,0.2472176522986527,-0.07314575394661499,1.6610357871142822,0.24089753526951235,-0.0730729833318539,1.6609761099930531,0.24089753526951235,-0.0730729833318539,1.6609761099930531,2.0,0.0,0.0,5.185005870292475,0.08641676450487458
0.7880000000000006,0.24723293222657816,-0.07314761949505334,1.6610379483780184,0.24089753526951235,-0.0730729833318539,1.6609761099930531,0.24089753526951235,-0.0730729833318539,1.6609761099930531,2.0,0.0,0.0,5.1850946511070894,0.08641824418511816
0.7890000000000006,0.24724812835399523,-0.0731494648020057,1.6610400869227868,0.24089753526951235,-0.0730729833318539,1.6609761099930531,0.24089753526951235,-0.0730729833318539,1.6609761099930531,2.0,0.0,0.0,5.185181934964616,0.08641969891607694
0.7900000000000006,0.24726324073720773,-0.0731512898726974,1.6610422027571738,0.24089753526951235,-0.0730729833318539,1.6609761099930531,0.24089753526951235,-0.0730729833318539,1.6609761099930531,2.0,0.0,0.0,5.185267724908966,0.08642112874848278
0.7910000000000006,0.24727826943641495,-0.07315309471492269,1.661044295892551,0.24089753526951235,-0.0730729833318539,1.6609761099930531,0.24089753526951235,-0.0730729833318539,1.6609761099930531,2.0,0.0,0.0,5.185352024125148,0.08642253373541914
0.7920000000000006,0.24729321451567582,-0.07315487933900514,1.6610463663430264,0.24089753526951235,-0.0730729833318539,1.6609761099930531,0.24089753526951235,-0.0730729833318539,1.6609761099930531,2.0,0.0,0.0,5.185434835938511,0.08642391393230851
0.7930000000000006,0.24730807604288085,-0.0731566437577565,1.6610484141254118,0.24089753526951235,-0.0730729833318539,1.6609761099930531,0.24089753526951235,-0.0730729833318539,1.6609761099930531,2.0,0.0,0.0,5.1855161638098926,0.08642526939683154
0.7940000000000006,0.2473228540897151,-0.0731583879864367,1.6610504392591654,0.24089753526951235,-0.0730729833318539,1.6609761099930531,0.24089753526951235,-0.0730729833318539,1.6609761099930531,2.0,0.0,0.0,5.185596011335883,0.08642660018893138
0.7950000000000006,0.24733754873162844,-0.07316011204271387,1.6610524417663572,0.24089753526951235,-0.0730729833318539,1.6609761099930531,0.24089753526951235,-0.0730729833318539,1.6609761099930531,2.0,0.0,0.0,5.185674382246989,0.08642790637078315
0.7960000000000006,0.2473521600477993,-0.07316181594662485,1.6610544216716183,0.24089753526951235,-0.0730729833318539,1.6609761099930531,0.24089753526951235,-0.0730729833318539,1.6609761099930531,2.0,0.0,0.0,5.185751280403222,0.08642918800672036
0.7970000000000006,0.24736668812110396,-0.07316349972053507,1.6610563790021027,0.24089753526951235,-0.0730729833318539,1.6609761099930531,0.24089753526951235,-0.0730729833318539,1.6609761099930531,2.0,0.0,0.0,5.185826709794078,0.08643044516323464
0.7980000000000006,0.2473811330380825,-0.07316516338910137,1.6610583137874424,0.24089753526951235,-0.0730729833318539,1.6609761099930531,0.24089753526951235,-0.0730729833318539,1.6609761099930531,2.0,0.0,0.0,5.185900674535525,0.08643167790892542
0.7990000000000006,0.24739549488890547,-0.07316680697923142,1.6610602260597052,0.24089753526951235,-0.0730729833318539,1.6609761099930531,0.24089753526951235,-0.0730729833318539,1.6609761099930531,2.0,0.0,0.0,5.185973178868081,0.08643288631446802
0.8000000000000006,0.24740977376734052,-0.07316843052004747,1.6610621158533525,0.24089753526951235,-0.0730729833318539,1.6609761099930531,0.24089753526951235,-0.0730729833318539,1.6609761099930531,2.0,0.0,0.0,5.186044227154991,0.08643407045258318
0.8010000000000006,0.24742396977071934,-0.0731700340428468,1.6610639832051994,0.24089753526951235,-0.0730729833318539,1.6609761099930531,0.24089753526951235,-0.0730729833318539,1.6609761099930531,2.0,0.0,0.0,5.186113823879971,0.08643523039799952
0.8020000000000006,0.24743808299990339,-0.07317161758106476,1.661065828154371,0.24089753526951235,-0.0730729833318539,1.6609761099930531,0.24089753526951235,-0.0730729833318539,1.6609761099930531,2.0,0.0,0.0,5.186181973644996,0.0864363662274166
0.8030000000000006,0.24745211355925148,-0.07317318117023805,1.6610676507422633,0.24089753526951235,-0.0730729833318539,1.6609761099930531,0.24089753526951235,-0.0730729833318539,1.6609761099930531,2.0,0.0,0.0,5.186248681168763,0.08643747801947939
0.8040000000000006,0.24746606155658546,-0.07317472484796682,1.6610694510125017,0.24089753526951235,-0.0730729833318539,1.6609761099930531,0.24089753526951235,-0.0730729833318539,1.6609761099930531,2.0,0.0,0.0,5.186313951284614,0.08643856585474356
0.8050000000000006,0.24747992710315708,-0.07317624865387974,1.6610712290109027,0.24089753526951235,-0.0730729833318539,1.6609761099930531,0.24089753526951235,-0.0730729833318539,1.6609761099930531,2.0,0.0,0.0,5.1863777889378895,0.0864396298156315
0.8060000000000006,0.2474937103136136,-0.07317775262959526,1.6610729847854329,0.24089753526951235,-0.0730729833318539,1.6609761099930531,0.24089753526951235,-0.0730729833318539,1.6609761099930531,2.0,0.0,0.0,5.1864401991848545,0.08644066998641424
0.8070000000000006,0.24750741130596537,-0.07317923681868863,1.6610747183861692,0.24089753526951235,-0.0730729833318539,1.6609761099930531,0.24089753526951235,-0.0730729833318539,1.6609761099930531,2.0,0.0,0.0,5.186501187189809,0.08644168645316348
0.8080000000000006,0.24752103020155117,-0.07318070126665377,1.6610764298652596,0.24089753526951235,-0.0730729833318539,1.6609761099930531,0.24089753526951235,-0.0730729833318539,1.6609761099930531,2.0,0.0,0.0,5.186560758223989,0.08644267930373316
0.8090000000000006,0.2475345671250046,-0.0731821460208696,1.6610781192768886,0.24089753526951235,-0.0730729833318539,1.6609761099930531,0.24089753526951235,-0.0730729833318539,1.6609761099930531,2.0,0.0,0.0,5.186618917663306,0.08644364862772178
0.8100000000000006,0.24754802220422067,-0.07318357113056455,1.6610797866772342,0.24089753526951235,-0.0730729833318539,1.6609761099930531,0.24089753526951235,-0.0730729833318539,1.6609761099930531,2.0,0.0,0.0,5.186675670985745,0.0864445945164291
0.8110000000000006,0.24756139557032203,-0.07318497664678238,1.6610814321244316,0.24089753526951235,-0.0730729833318539,1.6609761099930531,0.24089753526951235,-0.0730729833318539,1.6609761099930531,2.0,0.0,0.0,5.186731023770535,0.08644551706284224
0.8120000000000006,0.24757468735762558,-0.07318636262234732,1.6610830556785383,0.24089753526951235,-0.0730729833318539,1.6609761099930531,0.24089753526951235,-0.0730729833318539,1.6609761099930531,2.0,0.0,0.0,5.18678498169566,0.08644641636159434
0.8130000000000006,0.24758789770360723,-0.07318772911183039,1.6610846574014932,0.24089753526951235,-0.0730729833318539,1.6609761099930531,0.24089753526951235,-0.0730729833318539,1.6609761099930531,2.0,0.0,0.0,5.186837550535538,0.08644729250892563
0.8140000000000006,0.24760102674887058,-0.07318907617151638,1.6610862373570825,0.24089753526951235,-0.0730729833318539,1.6609761099930531,0.24089753526951235,-0.0730729833318539,1.6609761099930531,2.0,0.0,0.0,5.186888736160145,0.08644814560266909
0.8150000000000006,0.24761407463711066,-0.07319040385936891,1.6610877956109034,0.24089753526951235,-0.0730729833318539,1.6609761099930531,0.24089753526951235,-0.0730729833318539,1.6609761099930531,2.0,0.0,0.0,5.186938544532305,0.08644897574220509
0.8160000000000006,0.2476270415150821,-0.07319171223499998,1.6610893322303268,0.24089753526951235,-0.0730729833318539,1.6609761099930531,0.24089753526951235,-0.0730729833318539,1.6609761099930531,2.0,0.0,0.0,5.186986981705922,0.08644978302843204
0.8170000000000006,0.24763992753256472,-0.07319300135963533,1.661090847284462,0.24089753526951235,-0.0730729833318539,1.6609761099930531,0.24089753526951235,-0.0730729833318539,1.6609761099930531,2.0,0.0,0.0,5.1870340538247675,0.08645056756374613
0.8180000000000006,0.2476527328423296,-0.07319427129608226,1.6610923408441238,0.24089753526951235,-0.0730729833318539,1.6609761099930531,0.24089753526951235,-0.0730729833318539,1.6609761099930531,2.0,0.0,0.0,5.1870797671198705,0.08645132945199784
0.8190000000000006,0.2476654576001057,-0.07319552210869852,1.6610938129817934,0.24089753526951235,-0.0730729833318539,1.6609761099930531,0.24089753526951235,-0.0730729833318539,1.6609761099930531,2.0,0.0,0.0,5.187124127907765,0.08645206879846275
0.8200000000000006,0.24767810196454654,-0.07319675386336019,1.6610952637715883,0.24089753526951235,-0.0730729833318539,1.6609761099930531,0.24089753526951235,-0.0730729833318539,1.6609761099930531,2.0,0.0,0.0,5.1871671425894625,0.08645278570982437
0.8210000000000006,0.24769066609719548,-0.0731979666274301,1.6610966932892262,0.24089753526951235,-0.0730729833318539,1.6609761099930531,0.24089753526951235,-0.0730729833318539,1.6609761099930531,2.0,0.0,0.0,5.187208817647473,0.08645348029412456
0.8220000000000006,0.24770315016245353,-0.07319916046972666,1.6610981016119906,0.24089753526951235,-0.0730729833318539,1.6609761099930531,0.24089753526951235,-0.0730729833318539,1.6609761099930531,2.0,0.0,0.0,5.187249159645029,0.08645415266075049
0.8230000000000006,0.24771555432754475,-0.07320033546049397,1.661099488818697,0.24089753526951235,-0.0730729833318539,1.6609761099930531,0.24089753526951235,-0.0730729833318539,1.6609761099930531,2.0,0.0,0.0,5.187288175223718,0.0864548029203953
0.8240000000000006,0.24772787876248348,-0.07320149167137006,1.6611008549896624,0.24089753526951235,-0.0730729833318539,1.6609761099930531,0.24089753526951235,-0.0730729833318539,1.6609761099930531,2.0,0.0,0.0,5.187325871102158,0.08645543118503597
0.8250000000000006,0.24774012364003983,-0.0732026291753583,1.6611022002066722,0.24089753526951235,-0.0730729833318539,1.6609761099930531,0.24089753526951235,-0.0730729833318539,1.6609761099930531,2.0,0.0,0.0,5.187362254073767,0.08645603756789612
0.8260000000000006,0.24775228913570807,-0.07320374804679602,1.6611035245529442,0.24089753526951235,-0.0730729833318539,1.6609761099930531,0.24089753526951235,-0.0730729833318539,1.6609761099930531,2.0,0.0,0.0,5.187397331004908,0.08645662218341513
0.8270000000000006,0.24776437542767116,-0.07320484836132582,1.661104828113101,0.24089753526951235,-0.0730729833318539,1.6609761099930531,0.24089753526951235,-0.0730729833318539,1.6609761099930531,2.0,0.0,0.0,5.187431108834314,0.08645718514723857
0.8280000000000006,0.24777638269676877,-0.07320593019586634,1.6611061109731362,0.24089753526951235,-0.0730729833318539,1.6609761099930531,0.24089753526951235,-0.0730729833318539,1.6609761099930531,2.0,0.0,0.0,5.187463594570013,0.08645772657616688
0.8290000000000006,0.24778831112646382,-0.07320699362858371,1.6611073732203825,0.24089753526951235,-0.0730729833318539,1.6609761099930531,0.24089753526951235,-0.0730729833318539,1.6609761099930531,2.0,0.0,0.0,5.187494795288265,0.08645824658813775
0.8300000000000006,0.24780016090280882,-0.07320803873886124,1.6611086149434808,0.24089753526951235,-0.0730729833318539,1.6609761099930531,0.24089753526951235,-0.0730729833318539,1.6609761099930531,2.0,0.0,0.0,5.187524718131963,0.08645874530219938
0.8310000000000006,0.24781193221441344,-0.07320906560727371,1.6611098362323533,0.24089753526951235,-0.0730729833318539,1.6609761099930531,0.24089753526951235,-0.0730729833318539,1.6609761099930531,2.0,0.0,0.0,5.187553370308883,0.08645922283848138
0.8320000000000006,0.24782362525241078,-0.07321007431555679,1.6611110371781679,0.24089753526951235,-0.0730729833318539,1.6609761099930531,0.24089753526951235,-0.0730729833318539,1.6609761099930531,2.0,0.0,0.0,5.187580759089613,0.08645967931816022
0.8330000000000006,0.24783524021042455,-0.0732110649465815,1.6611122178733102,0.24089753526951235,-0.0730729833318539,1.6609761099930531,0.24089753526951235,-0.0730729833318539,1.6609761099930531,2.0,0.0,0.0,5.187606891806581,0.08646011486344302
0.8340000000000006,0.24784677728453663,-0.07321203758432532,1.6611133784113545,0.24089753526951235,-0.0730729833318539,1.6609761099930531,0.24089753526951235,-0.0730729833318539,1.6609761099930531,2.0,0.0,0.0,5.18763177585206,0.08646052959753432
0.8350000000000006,0.24785823667325346,-0.07321299231384545,1.6611145188870358,0.24089753526951235,-0.0730729833318539,1.6609761099930531,0.24089753526951235,-0.0730729833318539,1.6609761099930531,2.0,0.0,0.0,5.187655418676462,0.0864609236446077
0.8360000000000006,0.24786961857747375,-0.07321392922125261,1.661115639396217,0.24089753526951235,-0.0730729833318539,1.6609761099930531,0.24089753526951235,-0.0730729833318539,1.6609761099930531,2.0,0.0,0.0,5.187677827786827,0.08646129712978046
0.8370000000000006,0.24788092320045618,-0.07321484839368371,1.661116740035861,0.24089753526951235,-0.0730729833318539,1.6609761099930531,0.24089753526951235,-0.0730729833318539,1.6609761099930531,2.0,0.0,0.0,5.187699010745462,0.08646165017909103
0.8380000000000006,0.24789215074778576,-0.0732157499192761,1.6611178209040094,0.24089753526951235,-0.0730729833318539,1.6609761099930531,0.24089753526951235,-0.0730729833318539,1.6609761099930531,2.0,0.0,0.0,5.18771897516873,0.08646198291947883
0.8390000000000006,0.2479033014273413,-0.07321663388714075,1.66111888209974,0.24089753526951235,-0.0730729833318539,1.6609761099930531,0.24089753526951235,-0.0730729833318539,1.6609761099930531,2.0,0.0,0.0,5.187737728724537,0.08646229547874228
0.8400000000000006,0.24791437544926487,-0.07321750038733853,1.6611199237231546,0.24089753526951235,-0.0730729833318539,1.6609761099930531,0.24089753526951235,-0.0730729833318539,1.6609761099930531,2.0,0.0,0.0,5.187755279130122,0.08646258798550203
0.8410000000000006,0.24792537302592696,-0.07321834951085254,1.661120945875343,0.24089753526951235,-0.0730729833318539,1.6609761099930531,0.24089753526951235,-0.0730729833318539,1.6609761099930531,2.0,0.0,0.0,5.187771634152917,0.08646286056921529
0.8420000000000006,0.2479362943718959,-0.07321918134956414,1.661121948658356,0.24089753526951235,-0.0730729833318539,1.6609761099930531,0.24089753526951235,-0.0730729833318539,1.6609761099930531,2.0,0.0,0.0,5.18778680160776,0.08646311336012932
0.8430000000000006,0.2479471397039058,-0.0732199959962287,1.6611229321751837,0.24089753526951235,-0.0730729833318539,1.6609761099930531,0.24089753526951235,-0.0730729833318539,1.6609761099930531,2.0,0.0,0.0,5.187800789355197,0.08646334648925329
0.8440000000000006,0.2479579092408228,-0.07322079354445014,1.6611238965297215,0.24089753526951235,-0.0730729833318539,1.6609761099930531,0.24089753526951235,-0.0730729833318539,1.6609761099930531,2.0,0.0,0.0,5.187813605299764,0.08646356008832941
0.8450000000000006,0.24796860320361516,-0.07322157408865677,1.6611248418267517,0.24089753526951235,-0.0730729833318539,1.6609761099930531,0.24089753526951235,-0.0730729833318539,1.6609761099930531,2.0,0.0,0.0,5.187825257389833,0.08646375428983055
0.8460000000000006,0.24797922181532,-0.07322233772407795,1.6611257681719114,0.24089753526951235,-0.0730729833318539,1.6609761099930531,0.24089753526951235,-0.0730729833318539,1.6609761099930531,2.0,0.0,0.0,5.187835753614195,0.08646392922690324
0.8470000000000006,0.24798976530101297,-0.07322308454671979,1.661126675671672,0.24089753526951235,-0.0730729833318539,1.6609761099930531,0.24089753526951235,-0.0730729833318539,1.6609761099930531,2.0,0.0,0.0,5.187845102002526,0.08646408503337542
0.8480000000000006,0.24800023388777453,-0.07322381465334175,1.661127564433309,0.24089753526951235,-0.0730729833318539,1.6609761099930531,0.24089753526951235,-0.0730729833318539,1.6609761099930531,2.0,0.0,0.0,5.187853310622643,0.0864642218437107
0.8490000000000006,0.24801062780466096,-0.07322452814143418,1.6611284345648818,0.24089753526951235,-0.0730729833318539,1.6609761099930531,0.24089753526951235,-0.0730729833318539,1.6609761099930531,2.0,0.0,0.0,5.187860387579881,0.08646433979299802
0.8500000000000006,0.24802094728267043,-0.07322522510919484,1.6611292861752052,0.24089753526951235,-0.0730729833318539,1.6609761099930531,0.24089753526951235,-0.0730729833318539,1.6609761099930531,2.0,0.0,0.0,5.187866341015103,0.08646443901691839
0.8510000000000006,0.24803119255471429,-0.07322590565550659,1.661130119373829,0.24089753526951235,-0.0730729833318539,1.6609761099930531,0.24089753526951235,-0.0730729833318539,1.6609761099930531,2.0,0.0,0.0,5.187871179103809,0.08646451965173015
0.8520000000000006,0.24804136385558387,-0.07322656987991416,1.6611309342710092,0.24089753526951235,-0.0730729833318539,1.6609761099930531,0.24089753526951235,-0.0730729833318539,1.6609761099930531,2.0,0.0,0.0,5.187874910054241,0.08646458183423734
0.8530000000000006,0.24805146142192058,-0.07322721788260442,1.6611317309776883,0.24089753526951235,-0.0730729833318539,1.6609761099930531,0.24089753526951235,-0.0730729833318539,1.6609761099930531,2.0,0.0,0.0,5.187877542106926,0.0864646257017821
0.8540000000000006,0.24806148549218446,-0.07322784976438126,1.6611325096054705,0.24089753526951235,-0.0730729833318539,1.6609761099930531,0.24089753526951235,-0.0730729833318539,1.6609761099930531,2.0,0.0,0.0,5.187879083532213,0.08646465139220355
0.8550000000000006,0.24807143630662368,-0.07322846562664757,1.6611332702665969,0.24089753526951235,-0.0730729833318539,1.6609761099930531,0.24089753526951235,-0.0730729833318539,1.6609761099930531,2.0,0.0,0.0,5.187879542629458,0.0864646590438243
0.8560000000000006,0.24808131410724382,-0.07322906557138119,1.661134013073926,0.24089753526951235,-0.0730729833318539,1.6609761099930531,0.24089753526951235,-0.0730729833318539,1.6609761099930531,2.0,0.0,0.0,5.18787892772616,0.086464648795436
0.8570000000000007,0.24809111913777726,-0.07322964970111534,1.6611347381409067,0.24089753526951235,-0.0730729833318539,1.6609761099930531,0.24089753526951235,-0.0730729833318539,1.6609761099930531,2.0,0.0,0.0,5.187877247175714,0.0864646207862619
0.8580000000000007,0.2481008516436532,-0.07323021811891764,1.6611354455815617,0.24089753526951235,-0.0730729833318539,1.6609761099930531,0.24089753526951235,-0.0730729833318539,1.6609761099930531,2.0,0.0,0.0,5.187874509357337,0.08646457515595561
0.8590000000000007,0.24811051187196664,-0.07323077092836922,1.6611361355104595,0.24089753526951235,-0.0730729833318539,1.6609761099930531,0.24089753526951235,-0.0730729833318539,1.6609761099930531,2.0,0.0,0.0,5.187870722673336,0.08646451204455559
0.8600000000000007,0.24812010007144905,-0.07323130823354569,1.661136808042697,0.24089753526951235,-0.0730729833318539,1.6609761099930531,0.24089753526951235,-0.0730729833318539,1.6609761099930531,2.0,0.0,0.0,5.18786589554895,0.0864644315924825
0.8610000000000007,0.24812961649243792,-0.07323183013899523,1.6611374632938745,0.24089753526951235,-0.0730729833318539,1.6609761099930531,0.24089753526951235,-0.0730729833318539,1.6609761099930531,2.0,0.0,0.0,5.187860036430841,0.08646433394051402
0.8620000000000007,0.24813906138684627,-0.07323233674972056,1.6611381013800794,0.24089753526951235,-0.0730729833318539,1.6609761099930531,0.24089753526951235,-0.0730729833318539,1.6609761099930531,2.0,0.0,0.0,5.187853153785796,0.08646421922976327
0.8630000000000007,0.24814843500813505,-0.07323282817115918,1.661138722417859,0.24089753526951235,-0.0730729833318539,1.6609761099930531,0.24089753526951235,-0.0730729833318539,1.6609761099930531,2.0,0.0,0.0,5.187845256099126,0.0864640876016521
0.8640000000000007,0.24815773761128157,-0.0732333045091628,1.6611393265242052,0.24089753526951235,-0.0730729833318539,1.6609761099930531,0.24089753526951235,-0.0730729833318539,1.6609761099930531,2.0,0.0,0.0,5.18783635187458,0.08646393919790966
0.8650000000000007,0.24816696945275046,-0.0732337658699803,1.6611399138165315,0.24089753526951235,-0.0730729833318539,1.6609761099930531,0.24089753526951235,-0.0730729833318539,1.6609761099930531,2.0,0.0,0.0,5.187826449631746,0.08646377416052911
0.8660000000000007,0.24817613079046494,-0.07323421236023839,1.6611404844126532,0.24089753526951235,-0.0730729833318539,1.6609761099930531,0.24089753526951235,-0.0730729833318539,1.6609761099930531,2.0,0.0,0.0,5.187815557905763,0.08646359263176272
0.8670000000000007,0.24818522188377778,-0.07323464408692193,1.6611410384307683,0.24089753526951235,-0.0730729833318539,1.6609761099930531,0.24089753526951235,-0.0730729833318539,1.6609761099930531,2.0,0.0,0.0,5.187803685246116,0.08646339475410193
0.8680000000000007,0.24819424299344137,-0.07323506115735764,1.6611415759894357,0.24089753526951235,-0.0730729833318539,1.6609761099930531,0.24089753526951235,-0.0730729833318539,1.6609761099930531,2.0,0.0,0.0,5.187790840215024,0.08646318067025041
0.8690000000000007,0.24820319438157917,-0.07323546367919463,1.6611420972075606,0.24089753526951235,-0.0730729833318539,1.6609761099930531,0.24089753526951235,-0.0730729833318539,1.6609761099930531,2.0,0.0,0.0,5.18777703138706,0.08646295052311766
0.8700000000000007,0.24821207631165873,-0.07323585176038691,1.6611426022043692,0.24089753526951235,-0.0730729833318539,1.6609761099930531,0.24089753526951235,-0.0730729833318539,1.6609761099930531,2.0,0.0,0.0,5.187762267346792,0.08646270445577987
0.8710000000000007,0.2482208890484607,-0.07323622550917726,1.6611430910993947,0.24089753526951235,-0.0730729833318539,1.6609761099930531,0.24089753526951235,-0.0730729833318539,1.6609761099930531,2.0,0.0,0.0,5.187746556689305,0.08646244261148842
0.8720000000000007,0.2482296328580516,-0.07323658503407726,1.6611435640124563,0.24089753526951235,-0.0730729833318539,1.6609761099930531,0.24089753526951235,-0.0730729833318539,1.6609761099930531,2.0,0.0,0.0,5.187729908017922,0.08646216513363204
0.8730000000000007,0.24823830800775615,-0.07323693044385338,1.661144021063645,0.24089753526951235,-0.0730729833318539,1.6609761099930531,0.24089753526951235,-0.0730729833318539,1.6609761099930531,2.0,0.0,0.0,5.187712329943575,0.08646187216572625
0.8740000000000007,0.2482469147661273,-0.07323726184750738,1.661144462373295,0.24089753526951235,-0.0730729833318539,1.6609761099930531,0.24089753526951235,-0.0730729833318539,1.6609761099930531,2.0,0.0,0.0,5.18769383108365,0.08646156385139417
0.8750000000000007,0.24825545340292068,-0.07323757935426195,1.6611448880619784,0.24089753526951235,-0.0730729833318539,1.6609761099930531,0.24089753526951235,-0.0730729833318539,1.6609761099930531,2.0,0.0,0.0,5.187674420059901,0.08646124033433168
0.8760000000000007,0.24826392418906595,-0.07323788307354254,1.6611452982504828,0.24089753526951235,-0.0730729833318539,1.6609761099930531,0.24089753526951235,-0.0730729833318539,1.6609761099930531,2.0,0.0,0.0,5.187654105499948,0.08646090175833246
0.8770000000000007,0.2482723273966388,-0.07323817311496297,1.6611456930597919,0.24089753526951235,-0.0730729833318539,1.6609761099930531,0.24089753526951235,-0.0730729833318539,1.6609761099930531,2.0,0.0,0.0,5.187632896033851,0.08646054826723086
0.8780000000000007,0.24828066329883344,-0.07323844958830832,1.6611460726110696,0.24089753526951235,-0.0730729833318539,1.6609761099930531,0.24089753526951235,-0.0730729833318539,1.6609761099930531,2.0,0.0,0.0,5.187610800294406,0.08646018000490677
0.8790000000000007,0.24828893216993586,-0.07323871260351927,1.6611464370256452,0.24089753526951235,-0.0730729833318539,1.6609761099930531,0.24089753526951235,-0.0730729833318539,1.6609761099930531,2.0,0.0,0.0,5.187587826915717,0.08645979711526194
0.8800000000000007,0.24829713428529732,-0.07323896227067758,1.6611467864249934,0.24089753526951235,-0.0730729833318539,1.6609761099930531,0.24089753526951235,-0.0730729833318539,1.6609761099930531,2.0,0.0,0.0,5.187563984531768,0.08645939974219613
0.8810000000000007,0.24830526992130567,-0.07323919869999004,1.661147120930722,0.24089753526951235,-0.0730729833318539,1.6609761099930531,0.24089753526951235,-0.0730729833318539,1.6609761099930531,2.0,0.0,0.0,5.187539281776442,0.08645898802960737
0.8820000000000007,0.24831333935535999,-0.07323942200177389,1.6611474406645519,0.24089753526951235,-0.0730729833318539,1.6609761099930531,0.24089753526951235,-0.0730729833318539,1.6609761099930531,2.0,0.0,0.0,5.187513727281367,0.08645856212135611
0.8830000000000007,0.24832134286584379,-0.07323963228644159,1.6611477457483035,0.24089753526951235,-0.0730729833318539,1.6609761099930531,0.24089753526951235,-0.0730729833318539,1.6609761099930531,2.0,0.0,0.0,5.1874873296762765,0.08645812216127127
0.8840000000000007,0.24832928073209792,-0.07323982966448664,1.6611480363038804,0.24089753526951235,-0.0730729833318539,1.6609761099930531,0.24089753526951235,-0.0730729833318539,1.6609761099930531,2.0,0.0,0.0,5.187460097587004,0.08645766829311673
0.8850000000000007,0.24833715323439554,-0.07324001424646992,1.6611483124532547,0.24089753526951235,-0.0730729833318539,1.6609761099930531,0.24089753526951235,-0.0730729833318539,1.6609761099930531,2.0,0.0,0.0,5.18743203963503,0.08645720066058384
0.8860000000000007,0.24834496065391426,-0.07324018614300344,1.6611485743184502,0.24089753526951235,-0.0730729833318539,1.6609761099930531,0.24089753526951235,-0.0730729833318539,1.6609761099930531,2.0,0.0,0.0,5.187403164436545,0.08645671940727576
0.8870000000000007,0.24835270327271203,-0.07324034546473841,1.6611488220215285,0.24089753526951235,-0.0730729833318539,1.6609761099930531,0.24089753526951235,-0.0730729833318539,1.6609761099930531,2.0,0.0,0.0,5.187373480601583,0.08645622467669306
0.8880000000000007,0.24836038137370064,-0.07324049232235151,1.6611490556845754,0.24089753526951235,-0.0730729833318539,1.6609761099930531,0.24089753526951235,-0.0730729833318539,1.6609761099930531,2.0,0.0,0.0,5.187342996733128,0.0864557166122188
0.8890000000000007,0.2483679952406192,-0.07324062682652917,1.6611492754296837,0.24089753526951235,-0.0730729833318539,1.6609761099930531,0.24089753526951235,-0.0730729833318539,1.6609761099930531,2.0,0.0,0.0,5.187311721425958,0.08645519535709931
0.8900000000000007,0.24837554515801039,-0.0732407490879572,1.6611494813789418,0.24089753526951235,-0.0730729833318539,1.6609761099930531,0.24089753526951235,-0.0730729833318539,1.6609761099930531,2.0,0.0,0.0,5.187279663266197,0.08645466105443661
0.8910000000000007,0.24838303141119417,-0.07324085921730619,1.6611496736544162,0.24089753526951235,-0.0730729833318539,1.6609761099930531,0.24089753526951235,-0.0730729833318539,1.6609761099930531,2.0,0.0,0.0,5.187246830830195,0.08645411384716992
0.8920000000000007,0.248390454286243,-0.07324095732521767,1.6611498523781423,0.24089753526951235,-0.0730729833318539,1.6609761099930531,0.24089753526951235,-0.0730729833318539,1.6609761099930531,2.0,0.0,0.0,5.187213232684077,0.08645355387806795
0.8930000000000007,0.24839781406995698,-0.07324104352229377,1.6611500176721048,0.24089753526951235,-0.0730729833318539,1.6609761099930531,0.24089753526951235,-0.0730729833318539,1.6609761099930531,2.0,0.0,0.0,5.187178877382196,0.08645298128970326
0.8940000000000007,0.24840511104983926,-0.07324111791908226,1.6611501696582314,0.24089753526951235,-0.0730729833318539,1.6609761099930531,0.24089753526951235,-0.0730729833318539,1.6609761099930531,2.0,0.0,0.0,5.1871437734672385,0.08645239622445397
0.8950000000000007,0.24841234551407113,-0.07324118062606623,1.661150308458373,0.24089753526951235,-0.0730729833318539,1.6609761099930531,0.24089753526951235,-0.0730729833318539,1.6609761099930531,2.0,0.0,0.0,5.1871079294683495,0.08645179882447249
0.8960000000000007,0.2484195177514879,-0.07324123175365146,1.6611504341942938,0.24089753526951235,-0.0730729833318539,1.6609761099930531,0.24089753526951235,-0.0730729833318539,1.6609761099930531,2.0,0.0,0.0,5.1870713539015245,0.08645118923169208
0.8970000000000007,0.24842662805155494,-0.0732412714121529,1.6611505469876595,0.24089753526951235,-0.0730729833318539,1.6609761099930531,0.24089753526951235,-0.0730729833318539,1.6609761099930531,2.0,0.0,0.0,5.18703405526831,0.08645056758780516
0.8980000000000007,0.2484336767043432,-0.07324129971178543,1.6611506469600226,0.24089753526951235,-0.0730729833318539,1.6609761099930531,0.24089753526951235,-0.0730729833318539,1.6609761099930531,2.0,0.0,0.0,5.1869960420544325,0.08644993403424055
0.8990000000000007,0.2484406640005059,-0.07324131676265082,1.6611507342328105,0.24089753526951235,-0.0730729833318539,1.6609761099930531,0.24089753526951235,-0.0730729833318539,1.6609761099930531,2.0,0.0,0.0,5.186957322729936,0.08644928871216559
0.9000000000000007,0.2484475902312545,-0.07324132267472658,1.6611508089273137,0.24089753526951235,-0.0730729833318539,1.6609761099930531,0.24089753526951235,-0.0730729833318539,1.6609761099930531,2.0,0.0,0.0,5.1869179057482935,0.08644863176247156
0.9010000000000007,0.24845445568833474,-0.07324131755785504,1.6611508711646739,0.24089753526951235,-0.0730729833318539,1.6609761099930531,0.24089753526951235,-0.0730729833318539,1.6609761099930531,2.0,0.0,0.0,5.186877799545255,0.08644796332575425
0.9020000000000007,0.24846126066400523,-0.0732413015217329,1.6611509210658721,0.24089753526951235,-0.0730729833318539,1.6609761099930531,0.24089753526951235,-0.0730729833318539,1.6609761099930531,2.0,0.0,0.0,5.186837012538602,0.08644728354231003
0.9030000000000007,0.24846800545101178,-0.07324127467589903,1.6611509587517175,0.24089753526951235,-0.0730729833318539,1.6609761099930531,0.24089753526951235,-0.0730729833318539,1.6609761099930531,2.0,0.0,0.0,5.18679555312692,0.08644659255211534
0.9040000000000007,0.2484746903425665,-0.07324123712972491,1.6611509843428331,0.24089753526951235,-0.0730729833318539,1.6609761099930531,0.24089753526951235,-0.0730729833318539,1.6609761099930531,2.0,0.0,0.0,5.1867534296894195,0.08644589049482367
0.9050000000000007,0.2484813156323245,-0.07324118899240466,1.6611509979596515,0.24089753526951235,-0.0730729833318539,1.6609761099930531,0.24089753526951235,-0.0730729833318539,1.6609761099930531,2.0,0.0,0.0,5.186710650585547,0.08644517750975912
0.9060000000000007,0.24848788161436,-0.07324113037294337,1.6611509997223946,0.24089753526951235,-0.0730729833318539,1.6609761099930531,0.24089753526951235,-0.0730729833318539,1.6609761099930531,2.0,0.0,0.0,5.186667224152729,0.08644445373587882
0.9070000000000007,0.24849438858314665,-0.07324106138014831,1.6611509897510701,0.24089753526951235,-0.0730729833318539,1.6609761099930531,0.24089753526951235,-0.0730729833318539,1.6609761099930531,2.0,0.0,0.0,5.186623158707789,0.08644371931179648
0.9080000000000007,0.2485008368335322,-0.07324098212261822,1.6611509681654584,0.24089753526951235,-0.0730729833318539,1.6609761099930531,0.24089753526951235,-0.0730729833318539,1.6609761099930531,2.0,0.0,0.0,5.18657846254489,0.08644297437574817
0.9090000000000007,0.24850722666071867,-0.07324089270873435,1.661150935085099,0.24089753526951235,-0.0730729833318539,1.6609761099930531,0.24089753526951235,-0.0730729833318539,1.6609761099930531,2.0,0.0,0.0,5.186533143935337,0.08644221906558895
0.9100000000000007,0.24851355836024114,-0.07324079324665052,1.6611508906292896,0.24089753526951235,-0.0730729833318539,1.6609761099930531,0.24089753526951235,-0.0730729833318539,1.6609761099930531,2.0,0.0,0.0,5.186487211127405,0.08644145351879008
0.9110000000000007,0.24851983222794244,-0.07324068384428278,1.6611508349170636,0.24089753526951235,-0.0730729833318539,1.6609761099930531,0.24089753526951235,-0.0730729833318539,1.6609761099930531,2.0,0.0,0.0,5.186440672344419,0.08644067787240699
0.9120000000000007,0.2485260485599548,-0.07324056460930278,1.6611507680671869,0.24089753526951235,-0.0730729833318539,1.6609761099930531,0.24089753526951235,-0.0730729833318539,1.6609761099930531,2.0,0.0,0.0,5.186393535785726,0.08643989226309542
0.9130000000000007,0.24853220765267936,-0.07324043564912623,1.6611506901981528,0.24089753526951235,-0.0730729833318539,1.6609761099930531,0.24089753526951235,-0.0730729833318539,1.6609761099930531,2.0,0.0,0.0,5.186345809625537,0.08643909682709228
0.9140000000000007,0.24853830980276131,-0.07324029707090493,1.6611506014281618,0.24089753526951235,-0.0730729833318539,1.6609761099930531,0.24089753526951235,-0.0730729833318539,1.6609761099930531,2.0,0.0,0.0,5.186297502011175,0.08643829170018624
0.9150000000000007,0.2485443553070726,-0.07324014898151869,1.6611505018751207,0.24089753526951235,-0.0730729833318539,1.6609761099930531,0.24089753526951235,-0.0730729833318539,1.6609761099930531,2.0,0.0,0.0,5.186248621064545,0.08643747701774242
0.9160000000000007,0.24855034446268867,-0.07323999148756513,1.6611503916566277,0.24089753526951235,-0.0730729833318539,1.6609761099930531,0.24089753526951235,-0.0730729833318539,1.6609761099930531,2.0,0.0,0.0,5.186199174880031,0.08643665291466718
0.9170000000000007,0.24855627756686968,-0.07323982469535409,1.661150270889969,0.24089753526951235,-0.0730729833318539,1.6609761099930531,0.24089753526951235,-0.0730729833318539,1.6609761099930531,2.0,0.0,0.0,5.186149171525009,0.08643581952541682
0.9180000000000007,0.2485621549170391,-0.07323964871089604,1.6611501396921062,0.24089753526951235,-0.0730729833318539,1.6609761099930531,0.24089753526951235,-0.0730729833318539,1.6609761099930531,2.0,0.0,0.0,5.186098619037092,0.08643497698395154
0.9190000000000007,0.24856797681076337,-0.07323946363989664,1.6611499981796682,0.24089753526951235,-0.0730729833318539,1.6609761099930531,0.24089753526951235,-0.0730729833318539,1.6609761099930531,2.0,0.0,0.0,5.186047525428696,0.08643412542381161
0.9200000000000007,0.2485737435457329,-0.07323926958774796,1.6611498464689423,0.24089753526951235,-0.0730729833318539,1.6609761099930531,0.24089753526951235,-0.0730729833318539,1.6609761099930531,2.0,0.0,0.0,5.185995898680156,0.0864332649780026
0.9210000000000007,0.2485794554197418,-0.07323906665952049,1.6611496846758675,0.24089753526951235,-0.0730729833318539,1.6609761099930531,0.24089753526951235,-0.0730729833318539,1.6609761099930531,2.0,0.0,0.0,5.185943746743033,0.08643239577905054
0.9220000000000007,0.2485851127306668,-0.07323885495995566,1.6611495129160254,0.24089753526951235,-0.0730729833318539,1.6609761099930531,0.24089753526951235,-0.0730729833318539,1.6609761099930531,2.0,0.0,0.0,5.185891077538546,0.08643151795897577
0.9230000000000007,0.24859071577645014,-0.0732386345934587,1.6611493313046324,0.24089753526951235,-0.0730729833318539,1.6609761099930531,0.24089753526951235,-0.0730729833318539,1.6609761099930531,2.0,0.0,0.0,5.185837898957569,0.08643063164929282
0.9240000000000007,0.24859626485507869,-0.07323840566409118,1.6611491399565304,0.24089753526951235,-0.0730729833318539,1.6609761099930531,0.24089753526951235,-0.0730729833318539,1.6609761099930531,2.0,0.0,0.0,5.185784218859695,0.08642973698099492
0.9250000000000007,0.24860176026456526,-0.07323816827556424,1.6611489389861815,0.24089753526951235,-0.0730729833318539,1.6609761099930531,0.24089753526951235,-0.0730729833318539,1.6609761099930531,2.0,0.0,0.0,5.185730045073227,0.08642883408455379
0.9260000000000007,0.24860720230292926,-0.07323792253123063,1.661148728507659,0.24089753526951235,-0.0730729833318539,1.6609761099930531,0.24089753526951235,-0.0730729833318539,1.6609761099930531,2.0,0.0,0.0,5.185675385394251,0.08642792308990419
0.9270000000000007,0.24861259126817986,-0.07323766853407884,1.6611485086346391,0.24089753526951235,-0.0730729833318539,1.6609761099930531,0.24089753526951235,-0.0730729833318539,1.6609761099930531,2.0,0.0,0.0,5.185620247586534,0.08642700412644223
0.9280000000000007,0.24861792745829397,-0.07323740638672588,1.6611482794803973,0.24089753526951235,-0.0730729833318539,1.6609761099930531,0.24089753526951235,-0.0730729833318539,1.6609761099930531,2.0,0.0,0.0,5.1855646393808925,0.08642607732301487
0.9290000000000007,0.2486232111712014,-0.07323713619141138,1.661148041157798,0.24089753526951235,-0.0730729833318539,1.6609761099930531,0.24089753526951235,-0.0730729833318539,1.6609761099930531,2.0,0.0,0.0,5.185508568474499,0.08642514280790832
0.9300000000000007,0.24862844270476414,-0.07323685804999029,1.661147793779287,0.24089753526951235,-0.0730729833318539,1.6609761099930531,0.24089753526951235,-0.0730729833318539,1.6609761099930531,2.0,0.0,0.0,5.185452042530949,0.08642420070884915
0.9310000000000007,0.24863362235675965,-0.073236572063927,1.6611475374568871,0.24089753526951235,-0.0730729833318539,1.6609761099930531,0.24089753526951235,-0.0730729833318539,1.6609761099930531,2.0,0.0,0.0,5.185395069179932,0.08642325115299886
0.9320000000000007,0.2486387504248625,-0.07323627833428956,1.6611472723021925,0.24089753526951235,-0.0730729833318539,1.6609761099930531,0.24089753526951235,-0.0730729833318539,1.6609761099930531,2.0,0.0,0.0,5.185337656016273,0.08642229426693789
0.9330000000000007,0.2486438272066266,-0.07323597696174335,1.6611469984263578,0.24089753526951235,-0.0730729833318539,1.6609761099930531,0.24089753526951235,-0.0730729833318539,1.6609761099930531,2.0,0.0,0.0,5.18527981060002,0.086421330176667
0.9340000000000007,0.24864885299946898,-0.0732356680465452,1.661146715940095,0.24089753526951235,-0.0730729833318539,1.6609761099930531,0.24089753526951235,-0.0730729833318539,1.6609761099930531,2.0,0.0,0.0,5.1852215404556254,0.08642035900759376
0.9350000000000007,0.2486538281006502,-0.07323535168853779,1.6611464249536685,0.24089753526951235,-0.0730729833318539,1.6609761099930531,0.24089753526951235,-0.0730729833318539,1.6609761099930531,2.0,0.0,0.0,5.185162853072141,0.08641938088453568
0.9360000000000007,0.2486587528072587,-0.07323502798714382,1.661146125576884,0.24089753526951235,-0.0730729833318539,1.6609761099930531,0.24089753526951235,-0.0730729833318539,1.6609761099930531,2.0,0.0,0.0,5.1851037559019835,0.08641839593169973
0.9370000000000007,0.2486636274161944,-0.07323469704136128,1.6611458179190892,0.24089753526951235,-0.0730729833318539,1.6609761099930531,0.24089753526951235,-0.0730729833318539,1.6609761099930531,2.0,0.0,0.0,5.185044256361968,0.08641740427269946
0.9380000000000007,0.24866845222415102,-0.07323435894975702,1.661145502089163,0.24089753526951235,-0.0730729833318539,1.6609761099930531,0.24089753526951235,-0.0730729833318539,1.6609761099930531,2.0,0.0,0.0,5.184984361831219,0.08641640603052032
0.9390000000000007,0.24867322752759835,-0.0732340138104624,1.661145178195509,0.24089753526951235,-0.0730729833318539,1.6609761099930531,0.24089753526951235,-0.0730729833318539,1.6609761099930531,2.0,0.0,0.0,5.1849240796520455,0.08641540132753409
0.9400000000000007,0.24867795362276895,-0.07323366172116781,1.661144846346058,0.24089753526951235,-0.0730729833318539,1.6609761099930531,0.24089753526951235,-0.0730729833318539,1.6609761099930531,2.0,0.0,0.0,5.184863417130162,0.08641439028550271
0.9410000000000007,0.2486826308056389,-0.07323330277911808,1.6611445066482524,0.24089753526951235,-0.0730729833318539,1.6609761099930531,0.24089753526951235,-0.0730729833318539,1.6609761099930531,2.0,0.0,0.0,5.18480238153203,0.08641337302553384
0.9420000000000007,0.24868725937191316,-0.07323293708110783,1.6611441592090486,0.24089753526951235,-0.0730729833318539,1.6609761099930531,0.24089753526951235,-0.0730729833318539,1.6609761099930531,2.0,0.0,0.0,5.184740980086899,0.086412349668115
0.9430000000000007,0.24869183961700947,-0.07323256472347552,1.6611438041349071,0.24089753526951235,-0.0730729833318539,1.6609761099930531,0.24089753526951235,-0.0730729833318539,1.6609761099930531,2.0,0.0,0.0,5.184679219985361,0.08641132033308935
0.9440000000000007,0.24869637183604315,-0.07323218580210052,1.6611434415317914,0.24089753526951235,-0.0730729833318539,1.6609761099930531,0.24089753526951235,-0.0730729833318539,1.6609761099930531,2.0,0.0,0.0,5.184617108379593,0.08641028513965988
0.9450000000000007,0.24870085632381023,-0.07323180041239766,1.6611430715051594,0.24089753526951235,-0.0730729833318539,1.6609761099930531,0.24089753526951235,-0.0730729833318539,1.6609761099930531,2.0,0.0,0.0,5.184554652382216,0.08640924420637026
0.9460000000000007,0.24870529337477365,-0.07323140864931325,1.6611426941599616,0.24089753526951235,-0.0730729833318539,1.6609761099930531,0.24089753526951235,-0.0730729833318539,1.6609761099930531,2.0,0.0,0.0,5.1844918590671565,0.08640819765111928
0.9470000000000007,0.24870968328304677,-0.07323101060732046,1.6611423096006348,0.24089753526951235,-0.0730729833318539,1.6609761099930531,0.24089753526951235,-0.0730729833318539,1.6609761099930531,2.0,0.0,0.0,5.184428735468654,0.08640714559114422
0.9480000000000007,0.24871402634237938,-0.0732306063804161,1.661141917931101,0.24089753526951235,-0.0730729833318539,1.6609761099930531,0.24089753526951235,-0.0730729833318539,1.6609761099930531,2.0,0.0,0.0,5.18436528858123,0.08640608814302049
0.9490000000000007,0.24871832284614198,-0.0732301960621156,1.6611415192547558,0.24089753526951235,-0.0730729833318539,1.6609761099930531,0.24089753526951235,-0.0730729833318539,1.6609761099930531,2.0,0.0,0.0,5.184301525358383,0.08640502542263971
0.9500000000000007,0.24872257308731238,-0.07322977974544988,1.6611411136744727,0.24089753526951235,-0.0730729833318539,1.6609761099930531,0.24089753526951235,-0.0730729833318539,1.6609761099930531,2.0,0.0,0.0,5.184237452714863,0.08640395754524773
0.9510000000000007,0.2487267773584596,-0.073229357522961,1.6611407012925934,0.24089753526951235,-0.0730729833318539,1.6609761099930531,0.24089753526951235,-0.0730729833318539,1.6609761099930531,2.0,0.0,0.0,5.184173077523808,0.0864028846253968
0.9520000000000007,0.24873093595173068,-0.07322892948669969,1.661140282210926,0.24089753526951235,-0.0730729833318539,1.6609761099930531,0.24089753526951235,-0.0730729833318539,1.6609761099930531,2.0,0.0,0.0,5.1841084066169225,0.08640180677694871
0.9530000000000007,0.24873504915883649,-0.07322849572821997,1.6611398565307403,0.24089753526951235,-0.0730729833318539,1.6609761099930531,0.24089753526951235,-0.0730729833318539,1.6609761099930531,2.0,0.0,0.0,5.184043446787527,0.08640072411312545
0.9540000000000007,0.24873911727103687,-0.07322805633857751,1.6611394243527648,0.24089753526951235,-0.0730729833318539,1.6609761099930531,0.24089753526951235,-0.0730729833318539,1.6609761099930531,2.0,0.0,0.0,5.183978204785621,0.08639963674642702
0.9550000000000007,0.24874314057912855,-0.07322761140832523,1.6611389857771839,0.24089753526951235,-0.0730729833318539,1.6609761099930531,0.24089753526951235,-0.0730729833318539,1.6609761099930531,2.0,0.0,0.0,5.18391268731969,0.0863985447886615
0.9560000000000007,0.24874711937342903,-0.07322716102751003,1.6611385409036301,0.24089753526951235,-0.0730729833318539,1.6609761099930531,0.24089753526951235,-0.0730729833318539,1.6609761099930531,2.0,0.0,0.0,5.183846901056743,0.08639744835094572
0.9570000000000007,0.24875105394376607,-0.0732267052856709,1.6611380898311874,0.24089753526951235,-0.0730729833318539,1.6609761099930531,0.24089753526951235,-0.0730729833318539,1.6609761099930531,2.0,0.0,0.0,5.183780852622635,0.08639634754371059
0.9580000000000007,0.2487549445794614,-0.07322624427183472,1.6611376326583818,0.24089753526951235,-0.0730729833318539,1.6609761099930531,0.24089753526951235,-0.0730729833318539,1.6609761099930531,2.0,0.0,0.0,5.183714548600493,0.08639524247667489
0.9590000000000007,0.24875879156932001,-0.0732257780745133,1.6611371694831818,0.24089753526951235,-0.0730729833318539,1.6609761099930531,0.24089753526951235,-0.0730729833318539,1.6609761099930531,2.0,0.0,0.0,5.183647995531478,0.08639413325885797
0.9600000000000007,0.24876259520161598,-0.07322530678170143,1.6611367004029933,0.24089753526951235,-0.0730729833318539,1.6609761099930531,0.24089753526951235,-0.0730729833318539,1.6609761099930531,2.0,0.0,0.0,5.18358119991454,0.08639301999857567
0.9610000000000007,0.24876635576408024,-0.07322483048087379,1.6611362255146596,0.24089753526951235,-0.0730729833318539,1.6609761099930531,0.24089753526951235,-0.0730729833318539,1.6609761099930531,2.0,0.0,0.0,5.183514168205984,0.08639190280343306
0.9620000000000007,0.2487700735438868,-0.07322434925898202,1.6611357449144541,0.24089753526951235,-0.0730729833318539,1.6609761099930531,0.24089753526951235,-0.0730729833318539,1.6609761099930531,2.0,0.0,0.0,5.1834469068189355,0.08639078178031559
0.9630000000000007,0.24877374882764208,-0.07322386320245312,1.6611352586980812,0.24089753526951235,-0.0730729833318539,1.6609761099930531,0.24089753526951235,-0.0730729833318539,1.6609761099930531,2.0,0.0,0.0,5.183379422124176,0.08638965703540294
0.9640000000000007,0.24877738190137152,-0.07322337239718549,1.661134766960673,0.24089753526951235,-0.0730729833318539,1.6609761099930531,0.24089753526951235,-0.0730729833318539,1.6609761099930531,2.0,0.0,0.0,5.183311720449312,0.08638852867415521
0.9650000000000007,0.24878097305050706,-0.07322287692854833,1.6611342697967848,0.24089753526951235,-0.0730729833318539,1.6609761099930531,0.24089753526951235,-0.0730729833318539,1.6609761099930531,2.0,0.0,0.0,5.183243808078639,0.08638739680131065
0.9660000000000007,0.24878452255987638,-0.07322237688137831,1.6611337673003943,0.24089753526951235,-0.0730729833318539,1.6609761099930531,0.24089753526951235,-0.0730729833318539,1.6609761099930531,2.0,0.0,0.0,5.183175691253262,0.0863862615208877
0.9670000000000007,0.24878803071369032,-0.07322187233997765,1.6611332595649,0.24089753526951235,-0.0730729833318539,1.6609761099930531,0.24089753526951235,-0.0730729833318539,1.6609761099930531,2.0,0.0,0.0,5.183107376170873,0.08638512293618121
0.9680000000000007,0.2487914977955311,-0.07322136338811255,1.6611327466831165,0.24089753526951235,-0.0730729833318539,1.6609761099930531,0.24089753526951235,-0.0730729833318539,1.6609761099930531,2.0,0.0,0.0,5.1830388689856175,0.08638398114976029
0.9690000000000007,0.2487949240883417,-0.0732208501090113,1.6611322287472752,0.24089753526951235,-0.0730729833318539,1.6609761099930531,0.24089753526951235,-0.0730729833318539,1.6609761099930531,2.0,0.0,0.0,5.182970175807833,0.0863828362634639
0.9700000000000008,0.24879830987441312,-0.07322033258536069,1.66113170584902,0.24089753526951235,-0.0730729833318539,1.6609761099930531,0.24089753526951235,-0.0730729833318539,1.6609761099930531,2.0,0.0,0.0,5.182901302704032,0.08638168837840053
0.9710000000000008,0.24880165543537508,-0.07321981089930685,1.661131178079406,0.24089753526951235,-0.0730729833318539,1.6609761099930531,0.24089753526951235,-0.0730729833318539,1.6609761099930531,2.0,0.0,0.0,5.182832255697005,0.08638053759495008
0.9720000000000008,0.24880496105218347,-0.07321928513245196,1.6611306455288983,0.24089753526951235,-0.0730729833318539,1.6609761099930531,0.24089753526951235,-0.0730729833318539,1.6609761099930531,2.0,0.0,0.0,5.1827630407657175,0.08637938401276196
0.9730000000000008,0.24880822700510977,-0.07321875536585248,1.6611301082873697,0.24089753526951235,-0.0730729833318539,1.6609761099930531,0.24089753526951235,-0.0730729833318539,1.6609761099930531,2.0,0.0,0.0,5.182693663844577,0.08637822773074295
0.9740000000000008,0.24881145357373086,-0.07321822168001904,1.661129566444097,0.24089753526951235,-0.0730729833318539,1.6609761099930531,0.24089753526951235,-0.0730729833318539,1.6609761099930531,2.0,0.0,0.0,5.182624130824049,0.08637706884706749
0.9750000000000008,0.24881464103691903,-0.07321768415491378,1.6611290200877669,0.24089753526951235,-0.0730729833318539,1.6609761099930531,0.24089753526951235,-0.0730729833318539,1.6609761099930531,2.0,0.0,0.0,5.182554447550807,0.08637590745918011
0.9760000000000008,0.2488177896728314,-0.07321714286994895,1.6611284693064627,0.24089753526951235,-0.0730729833318539,1.6609761099930531,0.24089753526951235,-0.0730729833318539,1.6609761099930531,2.0,0.0,0.0,5.182484619826168,0.08637474366376946
0.9770000000000008,0.24882089975889576,-0.07321659790398652,1.6611279141876722,0.24089753526951235,-0.0730729833318539,1.6609761099930531,0.24089753526951235,-0.0730729833318539,1.6609761099930531,2.0,0.0,0.0,5.182414653407909,0.08637357755679848
0.9780000000000008,0.24882397157180752,-0.07321604933533632,1.6611273548182828,0.24089753526951235,-0.0730729833318539,1.6609761099930531,0.24089753526951235,-0.0730729833318539,1.6609761099930531,2.0,0.0,0.0,5.182344554009216,0.08637240923348694
0.9790000000000008,0.24882700538751468,-0.07321549724175491,1.6611267912845813,0.24089753526951235,-0.0730729833318539,1.6609761099930531,0.24089753526951235,-0.0730729833318539,1.6609761099930531,2.0,0.0,0.0,5.182274327298716,0.08637123878831193
0.9800000000000008,0.24883000148121062,-0.07321494170044568,1.6611262236722522,0.24089753526951235,-0.0730729833318539,1.6609761099930531,0.24089753526951235,-0.0730729833318539,1.6609761099930531,2.0,0.0,0.0,5.182203978900311,0.08637006631500518
0.9810000000000008,0.2488329601273219,-0.07321438278805614,1.661125652066376,0.24089753526951235,-0.0730729833318539,1.6609761099930531,0.24089753526951235,-0.0730729833318539,1.6609761099930531,2.0,0.0,0.0,5.182133514393412,0.08636889190655686
0.9820000000000008,0.24883588159950187,-0.0732138205806781,1.6611250765514296,0.24089753526951235,-0.0730729833318539,1.6609761099930531,0.24089753526951235,-0.0730729833318539,1.6609761099930531,2.0,0.0,0.0,5.1820629393128845,0.08636771565521474
0.9830000000000008,0.24883876617061945,-0.07321325515384661,1.6611244972112833,0.24089753526951235,-0.0730729833318539,1.6609761099930531,0.24089753526951235,-0.0730729833318539,1.6609761099930531,2.0,0.0,0.0,5.181992259148604,0.08636653765247673
0.9840000000000008,0.2488416141127503,-0.07321268658253963,1.6611239141292036,0.24089753526951235,-0.0730729833318539,1.6609761099930531,0.24089753526951235,-0.0730729833318539,1.6609761099930531,2.0,0.0,0.0,5.18192147934622,0.08636535798910366
0.9850000000000008,0.24884442569716786,-0.0732121149411765,1.6611233273878474,0.24089753526951235,-0.0730729833318539,1.6609761099930531,0.24089753526951235,-0.0730729833318539,1.6609761099930531,2.0,0.0,0.0,5.181850605306007,0.08636417675510012
0.9860000000000008,0.24884720119433532,-0.07321154030361872,1.661122737069266,0.24089753526951235,-0.0730729833318539,1.6609761099930531,0.24089753526951235,-0.0730729833318539,1.6609761099930531,2.0,0.0,0.0,5.1817796423840035,0.0863629940397334
0.9870000000000008,0.24884994087389542,-0.07321096274316762,1.6611221432549015,0.24089753526951235,-0.0730729833318539,1.6609761099930531,0.24089753526951235,-0.0730729833318539,1.6609761099930531,2.0,0.0,0.0,5.181708595891363,0.08636180993152272
0.9880000000000008,0.24885264500466342,-0.07321038233256569,1.6611215460255877,0.24089753526951235,-0.0730729833318539,1.6609761099930531,0.24089753526951235,-0.0730729833318539,1.6609761099930531,2.0,0.0,0.0,5.181637471094428,0.08636062451824046
0.9890000000000008,0.248855313854617,-0.07320979914399503,1.6611209454615488,0.24089753526951235,-0.0730729833318539,1.6609761099930531,0.24089753526951235,-0.0730729833318539,1.6609761099930531,2.0,0.0,0.0,5.18156627321447,0.08635943788690784
0.9900000000000008,0.24885794769088987,-0.07320921324907757,1.6611203416423994,0.24089753526951235,-0.0730729833318539,1.6609761099930531,0.24089753526951235,-0.0730729833318539,1.6609761099930531,2.0,0.0,0.0,5.1814950074283725,0.08635825012380621
0.9910000000000008,0.24886054677976244,-0.07320862471887445,1.661119734647145,0.24089753526951235,-0.0730729833318539,1.6609761099930531,0.24089753526951235,-0.0730729833318539,1.6609761099930531,2.0,0.0,0.0,5.181423678867928,0.08635706131446547
0.9920000000000008,0.24886311138665423,-0.07320803362388628,1.6611191245541792,0.24089753526951235,-0.0730729833318539,1.6609761099930531,0.24089753526951235,-0.0730729833318539,1.6609761099930531,2.0,0.0,0.0,5.1813522926203595,0.08635587154367266
0.9930000000000008,0.2488656417761156,-0.07320744003405305,1.661118511441288,0.24089753526951235,-0.0730729833318539,1.6609761099930531,0.24089753526951235,-0.0730729833318539,1.6609761099930531,2.0,0.0,0.0,5.181280853728192,0.08635468089546987
0.9940000000000008,0.24886813821182052,-0.07320684401875333,1.6611178953856425,0.24089753526951235,-0.0730729833318539,1.6609761099930531,0.24089753526951235,-0.0730729833318539,1.6609761099930531,2.0,0.0,0.0,5.181209367188753,0.08635348945314589
0.9950000000000008,0.24887060095656005,-0.07320624564680583,1.6611172764638096,0.24089753526951235,-0.0730729833318539,1.6609761099930531,0.24089753526951235,-0.0730729833318539,1.6609761099930531,2.0,0.0,0.0,5.181137837955619,0.08635229729926032
0.9960000000000008,0.24887303027223134,-0.07320564498646692,1.6611166547517386,0.24089753526951235,-0.0730729833318539,1.6609761099930531,0.24089753526951235,-0.0730729833318539,1.6609761099930531,2.0,0.0,0.0,5.181066270935995,0.08635110451559992
0.9970000000000008,0.2488754264198345,-0.0732050421054333,1.6611160303247734,0.24089753526951235,-0.0730729833318539,1.6609761099930531,0.24089753526951235,-0.0730729833318539,1.6609761099930531,2.0,0.0,0.0,5.180994670994205,0.08634991118323675
0.9980000000000008,0.2488777896594644,-0.07320443707084115,1.6611154032576465,0.24089753526951235,-0.0730729833318539,1.6609761099930531,0.24089753526951235,-0.0730729833318539,1.6609761099930531,2.0,0.0,0.0,5.180923042948985,0.08634871738248308
0.9990000000000008,0.24888012025030112,-0.07320382994926651,1.6611147736244778,0.24089753526951235,-0.0730729833318539,1.6609761099930531,0.24089753526951235,-0.0730729833318539,1.6609761099930531,2.0,0.0,0.0,5.180851391574482,0.08634752319290803
1.0000000000000007,0.24888241845060677,-0.07320322080672538,1.6611141414987822,0.24089753526951235,-0.0730729833318539,1.6609761099930531,0.24089753526951235,-0.0730729833318539,1.6609761099930531,2.0,0.0,0.0,5.180779721600879,0.08634632869334798
1.0010000000000006,0.24888468451771562,-0.07320260970867375,1.6611135069534604,0.24089753526951235,-0.0730729833318539,1.6609761099930531,0.24089753526951235,-0.0730729833318539,1.6609761099930531,0.0,0.0,0.0,5.180708037712774,0.08634513396187957
1.0020000000000004,0.24888545221639768,-0.07320271862976428,1.6611137678061896,0.24089753526951235,-0.0730729833318539,1.6609761099930531,0.24089753526951235,-0.0730729833318539,1.6609761099930531,0.0,0.0,0.0,5.145483636568563,0.08575806060947605
1.0030000000000003,0.24888480579335504,-0.07320348944455332,1.6611148528754258,0.24089753526951235,-0.0730729833318539,1.6609761099930531,0.24089753526951235,-0.0730729833318539,1.6609761099930531,0.0,0.0,0.0,5.112333911109082,0.08520556518515136
1.0040000000000002,0.24888282446745758,-0.07320486791652425,1.661116695608047,0.24089753526951235,-0.0730729833318539,1.6609761099930531,0.24089753526951235,-0.0730729833318539,1.6609761099930531,0.0,0.0,0.0,5.081130924109677,0.08468551540182795
1.0050000000000001,0.2488795828186673,-0.07320680335828002,1.661119233829949,0.24089753526951235,-0.0730729833318539,1.6609761099930531,0.24089753526951235,-0.0730729833318539,1.6609761099930531,0.0,0.0,0.0,5.051755381006955,0.08419592301678258
1.006,0.24887515108115932,-0.0732092483881068,1.6611224094587556,0.24089753526951235,-0.0730729833318539,1.6609761099930531,0.24089753526951235,-0.0730729833318539,1.6609761099930531,0.0,0.0,0.0,5.024095790249859,0.08373492983749765
1.007,0.24886959540461828,-0.07321215871274248,1.6611261682284169,0.24089753526951235,-0.0730729833318539,1.6609761099930531,0.24089753526951235,-0.0730729833318539,1.6609761099930531,0.0,0.0,0.0,4.998047840828255,0.08330079734713758
1.0079999999999998,0.2488629780946905,-0.07321549292644987,1.6611304594263538,0.24089753526951235,-0.0730729833318539,1.6609761099930531,0.24089753526951235,-0.0730729833318539,1.6609761099930531,0.0,0.0,0.0,4.973513964743826,0.0828918994123971
1.0089999999999997,0.2488553578364703,-0.07321921232410533,1.661135235644288,0.24089753526951235,-0.0730729833318539,1.6609761099930531,0.24089753526951235,-0.0730729833318539,1.6609761099930531,0.0,0.0,0.0,4.950402939663079,0.08250671566105132
1.0099999999999996,0.24884678990308767,-0.07322328072715137,1.6611404525435745,0.24089753526951235,-0.0730729833318539,1.6609761099930531,0.24089753526951235,-0.0730729833318539,1.6609761099930531,0.0,0.0,0.0,4.9286295027100575,0.08214382504516762
1.0109999999999995,0.24883732635097272,-0.07322766432149777,1.661146068635662,0.24089753526951235,-0.0730729833318539,1.6609761099930531,0.24089753526951235,-0.0730729833318539,1.6609761099930531,0.0,0.0,0.0,4.908113970968458,0.08180189951614096
1.0119999999999993,0.2488270162030976,-0.07323233150651756,1.6611520450779471,0.24089753526951235,-0.0730729833318539,1.6609761099930531,0.24089753526951235,-0.0730729833318539,1.6609761099930531,0.0,0.0,0.0,4.888781870028184,0.08147969783380307
1.0129999999999992,0.24881590562135406,-0.07323725275434916,1.6611583454850614,0.24089753526951235,-0.0730729833318539,1.6609761099930531,0.24089753526951235,-0.0730729833318539,1.6609761099930531,0.0,0.0,0.0,4.870563573172058,0.08117605955286764
1.0139999999999991,0.24880403806906848,-0.07324240047876382,1.6611649357553482,0.24089753526951235,-0.0730729833318539,1.6609761099930531,0.24089753526951235,-0.0730729833318539,1.6609761099930531,0.0,0.0,0.0,4.853393953858464,0.0808898992309744
1.014999999999999,0.2487914544645355,-0.07324774891290897,1.6611717839120874,0.24089753526951235,-0.0730729833318539,1.6609761099930531,0.24089753526951235,-0.0730729833318539,1.6609761099930531,0.0,0.0,0.0,4.837212053873784,0.0806202008978964
1.015999999999999,0.24877819332631707,-0.07325327399527429,1.6611788599588033,0.24089753526951235,-0.0730729833318539,1.6609761099930531,0.24089753526951235,-0.0730729833318539,1.6609761099930531,0.0,0.0,0.0,4.821960769117154,0.08036601281861923
1.0169999999999988,0.2487642909109539,-0.07325895326327754,1.6611861357478683,0.24089753526951235,-0.0730729833318539,1.6609761099930531,0.24089753526951235,-0.0730729833318539,1.6609761099930531,0.0,0.0,0.0,4.807586554535449,0.08012644257559082
1.0179999999999987,0.2487497813436326,-0.07326476575390545,1.6611935848614743,0.24089753526951235,-0.0730729833318539,1.6609761099930531,0.24089753526951235,-0.0730729833318539,1.6609761099930531,0.0,0.0,0.0,4.794039149248668,0.07990065248747781
1.0189999999999986,0.24873469674224952,-0.07327069191087719,1.661201182503952,0.24089753526951235,-0.0730729833318539,1.6609761099930531,0.24089753526951235,-0.0730729833318539,1.6609761099930531,0.0,0.0,0.0,4.781271322451748,0.0796878553741958
1.0199999999999985,0.24871906733527838,-0.07327671349785311,1.6612089054044004,0.24089753526951235,-0.0730729833318539,1.6609761099930531,0.24089753526951235,-0.0730729833318539,1.6609761099930531,0.0,0.0,0.0,4.769238640241787,0.07948731067069645
1.0209999999999984,0.24870292157372387,-0.07328281351721826,1.6612167317285265,0.24089753526951235,-0.0730729833318539,1.6609761099930531,0.24089753526951235,-0.0730729833318539,1.6609761099930531,0.0,0.0,0.0,4.757899253117681,0.07929832088529468
1.0219999999999982,0.24868628623744926,-0.07328897613403501,1.6612246409986478,0.24089753526951235,-0.0730729833318539,1.6609761099930531,0.24089753526951235,-0.0730729833318539,1.6609761099930531,0.0,0.0,0.0,4.747213703549435,0.07912022839249058
1.0229999999999981,0.24866918653609,-0.07329518660477206,1.661232614020804,0.24089753526951235,-0.0730729833318539,1.6609761099930531,0.24089753526951235,-0.0730729833318539,1.6609761099930531,0.0,0.0,0.0,4.737144752709737,0.07895241254516229
1.023999999999998,0.24865164620474509,-0.07330143121045028,1.6612406328180231,0.24089753526951235,-0.0730729833318539,1.6609761099930531,0.24089753526951235,-0.0730729833318539,1.6609761099930531,0.0,0.0,0.0,4.727657225217756,0.07879428708696261
1.024999999999998,0.24863368759462184,-0.07330769719388462,1.6612486805688111,0.24089753526951235,-0.0730729833318539,1.6609761099930531,0.24089753526951235,-0.0730729833318539,1.6609761099930531,0.0,0.0,0.0,4.718717870551787,0.07864529784252978
1.0259999999999978,0.248615331758776,-0.07331397270071972,1.661256741550057,0.24089753526951235,-0.0730729833318539,1.6609761099930531,0.24089753526951235,-0.0730729833318539,1.6609761099930531,0.0,0.0,0.0,4.710295239664207,0.07850492066107012
1.0269999999999977,0.24859659853310828,-0.0733202467239879,1.661264801083615,0.24089753526951235,-0.0730729833318539,1.6609761099930531,0.24089753526951235,-0.0730729833318539,1.6609761099930531,0.0,0.0,0.0,4.702359575245835,0.07837265958743059
1.0279999999999976,0.24857750661275163,-0.07332650905194078,1.6612728454859307,0.24089753526951235,-0.0730729833318539,1.6609761099930531,0.24089753526951235,-0.0730729833318539,1.6609761099930531,0.0,0.0,0.0,4.694882714061878,0.07824804523436463
1.0289999999999975,0.24855807362399718,-0.07333275021893232,1.66128086202017,0.24089753526951235,-0.0730729833318539,1.6609761099930531,0.24089753526951235,-0.0730729833318539,1.6609761099930531,0.0,0.0,0.0,4.687837999796132,0.07813063332993554
1.0299999999999974,0.24853831619190492,-0.07333896145914645,1.661288838850405,0.24089753526951235,-0.0730729833318539,1.6609761099930531,0.24089753526951235,-0.0730729833318539,1.6609761099930531,0.0,0.0,0.0,4.6812002048960455,0.07802000341493409
1.0309999999999973,0.2485182500037616,-0.07334513466298759,1.661296764997514,0.24089753526951235,-0.0730729833318539,1.6609761099930531,0.24089753526951235,-0.0730729833318539,1.6609761099930531,0.0,0.0,0.0,4.674945459993264,0.0779157576665544
1.0319999999999971,0.24849788986853763,-0.07335126233596888,1.6613046302965055,0.24089753526951235,-0.0730729833318539,1.6609761099930531,0.24089753526951235,-0.0730729833318539,1.6609761099930531,0.0,0.0,0.0,4.669051189588438,0.07781751982647396
1.032999999999997,0.2484772497725225,-0.07335733755994646,1.661312425355097,0.24089753526951235,-0.0730729833318539,1.6609761099930531,0.24089753526951235,-0.0730729833318539,1.6609761099930531,0.0,0.0,0.0,4.663496052816719,0.07772493421361198
1.033999999999997,0.24845634293130628,-0.07336335395656499,1.6613201415134016,0.24089753526951235,-0.0730729833318539,1.6609761099930531,0.24089753526951235,-0.0730729833318539,1.6609761099930531,0.0,0.0,0.0,4.658259888250694,0.07763766480417823
1.0349999999999968,0.24843518183829566,-0.07336930565279423,1.661327770804664,0.24089753526951235,-0.0730729833318539,1.6609761099930531,0.24089753526951235,-0.0730729833318539,1.6609761099930531,0.0,0.0,0.0,4.653323661848671,0.07755539436414452
1.0359999999999967,0.24841377830994704,-0.0733751872484424,1.6613353059170182,0.24089753526951235,-0.0730729833318539,1.6609761099930531,0.24089753526951235,-0.0730729833318539,1.6609761099930531,0.0,0.0,0.0,4.64866941730086,0.077477823621681
1.0369999999999966,0.24839214352790873,-0.07338099378554762,1.6613427401562795,0.24089753526951235,-0.0730729833318539,1.6609761099930531,0.24089753526951235,-0.0730729833318539,1.6609761099930531,0.0,0.0,0.0,4.6442802281742495,0.07740467046957082
1.0379999999999965,0.2483702880782594,-0.07338672071955535,1.6613500674098183,0.24089753526951235,-0.0730729833318539,1.6609761099930531,0.24089753526951235,-0.0730729833318539,1.6609761099930531,0.0,0.0,0.0,4.640140151392121,0.07733566918986869
1.0389999999999964,0.24834822198803555,-0.07339236389219403,1.6613572821115656,0.24089753526951235,-0.0730729833318539,1.6609761099930531,0.24089753526951235,-0.0730729833318539,1.6609761099930531,0.0,0.0,0.0,4.636234181713249,0.07727056969522081
1.0399999999999963,0.24832595475923114,-0.07339791950596966,1.66136437920823,0.24089753526951235,-0.0730729833318539,1.6609761099930531,0.24089753526951235,-0.0730729833318539,1.6609761099930531,0.0,0.0,0.0,4.632548206989324,0.0772091367831554
1.0409999999999962,0.24830349540045377,-0.07340338410020983,1.661371354126794,0.24089753526951235,-0.0730729833318539,1.6609761099930531,0.24089753526951235,-0.0730729833318539,1.6609761099930531,0.0,0.0,0.0,4.629068964077292,0.0771511494012882
1.041999999999996,0.24828085245641318,-0.07340875452857697,1.6613782027433601,0.24089753526951235,-0.0730729833318539,1.6609761099930531,0.24089753526951235,-0.0730729833318539,1.6609761099930531,0.0,0.0,0.0,4.6257839953683995,0.07709639992280666
1.042999999999996,0.24825803403540828,-0.07341402793799513,1.6613849213534175,0.24089753526951235,-0.0730729833318539,1.6609761099930531,0.24089753526951235,-0.0730729833318539,1.6609761099930531,0.0,0.0,0.0,4.622681605966077,0.07704469343276796
1.0439999999999958,0.24823504783497397,-0.07341920174891525,1.6613915066435727,0.24089753526951235,-0.0730729833318539,1.6609761099930531,0.24089753526951235,-0.0730729833318539,1.6609761099930531,0.0,0.0,0.0,4.619750821591754,0.07699584702652924
1.0449999999999957,0.24821190116583963,-0.07342427363686271,1.6613979556647878,0.24089753526951235,-0.0730729833318539,1.6609761099930531,0.24089753526951235,-0.0730729833318539,1.6609761099930531,0.0,0.0,0.0,4.616981347343881,0.07694968912239801
1.0459999999999956,0.24818860097433312,-0.07342924151520303,1.6614042658071526,0.24089753526951235,-0.0730729833318539,1.6609761099930531,0.24089753526951235,-0.0730729833318539,1.6609761099930531,0.0,0.0,0.0,4.614363527451726,0.0769060587908621
1.0469999999999955,0.2481651538633661,-0.07343410351906514,1.6614104347761849,0.24089753526951235,-0.0730729833318539,1.6609761099930531,0.24089753526951235,-0.0730729833318539,1.6609761099930531,0.0,0.0,0.0,4.611888306182093,0.07686480510303488
1.0479999999999954,0.24814156611211508,-0.07343885799036476,1.6614164605706672,0.24089753526951235,-0.0730729833318539,1.6609761099930531,0.24089753526951235,-0.0730729833318539,1.6609761099930531,0.0,0.0,0.0,4.609547190058646,0.07682578650097743
1.0489999999999953,0.2481178436945052,-0.07344350346386845,1.6614223414619729,0.24089753526951235,-0.0730729833318539,1.6609761099930531,0.24089753526951235,-0.0730729833318539,1.6609761099930531,0.0,0.0,0.0,4.607332211540275,0.0767888701923379
1.0499999999999952,0.24809399229659798,-0.07344803865423875,1.661428075974864,0.24089753526951235,-0.0730729833318539,1.6609761099930531,0.24089753526951235,-0.0730729833318539,1.6609761099930531,0.0,0.0,0.0,4.60523589429873,0.07675393157164549
1.050999999999995,0.24807001733296194,-0.07345246244400853,1.6614336628696837,0.24089753526951235,-0.0730729833318539,1.6609761099930531,0.24089753526951235,-0.0730729833318539,1.6609761099930531,0.0,0.0,0.0,4.603251220204609,0.07672085367007682
1.051999999999995,0.2480459239621128,-0.07345677387242168,1.6614391011258989,0.24089753526951235,-0.0730729833318539,1.6609761099930531,0.24089753526951235,-0.0730729833318539,1.6609761099930531,0.0,0.0,0.0,4.6013715981141905,0.07668952663523651
1.0529999999999948,0.2480217171010852,-0.07346097212509058,1.6614443899269056,0.24089753526951235,-0.0730729833318539,1.6609761099930531,0.24089753526951235,-0.0730729833318539,1.6609761099930531,0.0,0.0,0.0,4.599590834517861,0.07665984724196435
1.0539999999999947,0.24799740143919785,-0.0734650565244135,1.661449528646023,0.24089753526951235,-0.0730729833318539,1.6609761099930531,0.24089753526951235,-0.0730729833318539,1.6609761099930531,0.0,0.0,0.0,4.5979031060859965,0.07663171843476661
1.0549999999999946,0.2479729814510661,-0.07346902652070075,1.661454516833589,0.24089753526951235,-0.0730729833318539,1.6609761099930531,0.24089753526951235,-0.0730729833318539,1.6609761099930531,0.0,0.0,0.0,4.596302934116901,0.07660504890194834
1.0559999999999945,0.2479484614089092,-0.07347288168395628,1.6614593542050726,0.24089753526951235,-0.0730729833318539,1.6609761099930531,0.24089753526951235,-0.0730729833318539,1.6609761099930531,0.0,0.0,0.0,4.594785160867896,0.0765797526811316
1.0569999999999944,0.24792384539419132,-0.07347662169626894,1.661464040630108,0.24089753526951235,-0.0730729833318539,1.6609761099930531,0.24089753526951235,-0.0730729833318539,1.6609761099930531,0.0,0.0,0.0,4.5933449277245115,0.07655574879540852
1.0579999999999943,0.247899137308632,-0.07348024634476132,1.661468576122371,0.24089753526951235,-0.0730729833318539,1.6609761099930531,0.24089753526951235,-0.0730729833318539,1.6609761099930531,0.0,0.0,0.0,4.591977655142421,0.07653296091904035
1.0589999999999942,0.24787434088462476,-0.07348375551505439,1.6614729608302148,0.24089753526951235,-0.0730729833318539,1.6609761099930531,0.24089753526951235,-0.0730729833318539,1.6609761099930531,0.0,0.0,0.0,4.590679024277547,0.07651131707129245
1.059999999999994,0.24784945969508176,-0.07348714918520406,1.661477195027974,0.24089753526951235,-0.0730729833318539,1.6609761099930531,0.24089753526951235,-0.0730729833318539,1.6609761099930531,0.0,0.0,0.0,4.589444960203561,0.07649074933672602
1.060999999999994,0.24782449716274202,-0.07349042742006728,1.6614812791078806,0.24089753526951235,-0.0730729833318539,1.6609761099930531,0.24089753526951235,-0.0730729833318539,1.6609761099930531,0.0,0.0,0.0,4.588271616610165,0.07647119361016942
1.0619999999999938,0.24779945656895877,-0.0734935903660621,1.6614852135725042,0.24089753526951235,-0.0730729833318539,1.6609761099930531,0.24089753526951235,-0.0730729833318539,1.6609761099930531,0.0,0.0,0.0,4.587155361859783,0.07645258936432972
1.0629999999999937,0.24777434106199359,-0.07349663824628294,1.661488999027676,0.24089753526951235,-0.0730729833318539,1.6609761099930531,0.24089753526951235,-0.0730729833318539,1.6609761099930531,0.0,0.0,0.0,4.586092766284129,0.07643487943806883
1.0639999999999936,0.2477491536648364,-0.07349957135594065,1.6614926361758193,0.24089753526951235,-0.0730729833318539,1.6609761099930531,0.24089753526951235,-0.0730729833318539,1.6609761099930531,0.0,0.0,0.0,4.585080590594284,0.07641800984323807
1.0649999999999935,0.24772389728257277,-0.07350239005809792,1.6614961258096583,0.24089753526951235,-0.0730729833318539,1.6609761099930531,0.24089753526951235,-0.0730729833318539,1.6609761099930531,0.0,0.0,0.0,4.584115775286658,0.07640192958811096
1.0659999999999934,0.24769857470931633,-0.07350509477966731,1.6614994688062537,0.24089753526951235,-0.0730729833318539,1.6609761099930531,0.24089753526951235,-0.0730729833318539,1.6609761099930531,0.0,0.0,0.0,4.583195430924521,0.07638659051540868
1.0669999999999933,0.2476731886347296,-0.07350768600765178,1.661502666121331,0.24089753526951235,-0.0730729833318539,1.6609761099930531,0.24089753526951235,-0.0730729833318539,1.6609761099930531,0.0,0.0,0.0,4.582316829186728,0.07637194715311213
1.0679999999999932,0.24764774165014863,-0.07351016428560472,1.6615057187838789,0.24089753526951235,-0.0730729833318539,1.6609761099930531,0.24089753526951235,-0.0730729833318539,1.6609761099930531,0.0,0.0,0.0,4.581477394581182,0.07635795657635304
1.068999999999993,0.2476222362543315,-0.07351253021028636,1.6615086278909883,0.24089753526951235,-0.0730729833318539,1.6609761099930531,0.24089753526951235,-0.0730729833318539,1.6609761099930531,0.0,0.0,0.0,4.580674696728289,0.07634457827880482
1.069999999999993,0.24759667485885162,-0.07351478442850012,1.66151139460292,0.24089753526951235,-0.0730729833318539,1.6609761099930531,0.24089753526951235,-0.0730729833318539,1.6609761099930531,0.0,0.0,0.0,4.579906443134158,0.07633177405223597
1.0709999999999928,0.2475710597931521,-0.0735169276340948,1.6615140201383807,0.24089753526951235,-0.0730729833318539,1.6609761099930531,0.24089753526951235,-0.0730729833318539,1.6609761099930531,0.0,0.0,0.0,4.579170472377676,0.07631950787296127
1.0719999999999927,0.24754539330927972,-0.07351896056511657,1.6615165057700019,0.24089753526951235,-0.0730729833318539,1.6609761099930531,0.24089753526951235,-0.0730729833318539,1.6609761099930531,0.0,0.0,0.0,4.578464747652667,0.07630774579421112
1.0729999999999926,0.24751967758631865,-0.0735208840010986,1.661518852820018,0.24089753526951235,-0.0730729833318539,1.6609761099930531,0.24089753526951235,-0.0730729833318539,1.6609761099930531,0.0,0.0,0.0,4.5777873506118265,0.07629645584353044
1.0739999999999925,0.2474939147345398,-0.07352269876048195,1.6615210626561288,0.24089753526951235,-0.0730729833318539,1.6609761099930531,0.24089753526951235,-0.0730729833318539,1.6609761099930531,0.0,0.0,0.0,4.577136475469076,0.0762856079244846
1.0749999999999924,0.24746810679928458,-0.07352440569815162,1.661523136687549,0.24089753526951235,-0.0730729833318539,1.6609761099930531,0.24089753526951235,-0.0730729833318539,1.6609761099930531,0.0,0.0,0.0,4.576510423330769,0.07627517372217948
1.0759999999999923,0.24744225576460005,-0.07352600570308822,1.661525076361248,0.24089753526951235,-0.0730729833318539,1.6609761099930531,0.24089753526951235,-0.0730729833318539,1.6609761099930531,0.0,0.0,0.0,4.5759075967289,0.07626512661214833
1.0769999999999922,0.24741636355664093,-0.07352749969612428,1.6615268831583678,0.24089753526951235,-0.0730729833318539,1.6609761099930531,0.24089753526951235,-0.0730729833318539,1.6609761099930531,0.0,0.0,0.0,4.575326494338461,0.0762554415723077
1.077999999999992,0.24739043204685435,-0.07352888862779844,1.6615285585908235,0.24089753526951235,-0.0730729833318539,1.6609761099930531,0.24089753526951235,-0.0730729833318539,1.6609761099930531,0.0,0.0,0.0,4.5747657058698135,0.07624609509783023
1.078999999999992,0.24736446305496318,-0.07353017347630744,1.6615301041980877,0.24089753526951235,-0.0730729833318539,1.6609761099930531,0.24089753526951235,-0.0730729833318539,1.6609761099930531,0.0,0.0,0.0,4.5742239071276805,0.07623706511879468
1.0799999999999919,0.2473384583517626,-0.07353135524554893,1.6615315215441495,0.24089753526951235,-0.0730729833318539,1.6609761099930531,0.24089753526951235,-0.0730729833318539,1.6609761099930531,0.0,0.0,0.0,4.573699855235988,0.0762283309205998
1.0809999999999917,0.24731241966174122,-0.07353243496325122,1.6615328122146573,0.24089753526951235,-0.0730729833318539,1.6609761099930531,0.24089753526951235,-0.0730729833318539,1.6609761099930531,0.0,0.0,0.0,4.573192384029576,0.07621987306715959
1.0819999999999916,0.24728634866554022,-0.07353341367918786,1.6615339778142284,0.24089753526951235,-0.0730729833318539,1.6609761099930531,0.24089753526951235,-0.0730729833318539,1.6609761099930531,0.0,0.0,0.0,4.572700399614059,0.07621167332690099
1.0829999999999915,0.24726024700226706,-0.07353429246347672,1.6615350199639338,0.24089753526951235,-0.0730729833318539,1.6609761099930531,0.24089753526951235,-0.0730729833318539,1.6609761099930531,0.0,0.0,0.0,4.572222876101489,0.07620371460169148
1.0839999999999914,0.2472341162716597,-0.07353507240495355,1.6615359402989431,0.24089753526951235,-0.0730729833318539,1.6609761099930531,0.24089753526951235,-0.0730729833318539,1.6609761099930531,0.0,0.0,0.0,4.571758851523,0.07619598085871666
1.0849999999999913,0.24720795803613532,-0.07353575460962887,1.6615367404663384,0.24089753526951235,-0.0730729833318539,1.6609761099930531,0.24089753526951235,-0.0730729833318539,1.6609761099930531,0.0,0.0,0.0,4.571307423926367,0.07618845706543945
1.0859999999999912,0.24718177382270823,-0.07353634019921451,1.6615374221230725,0.24089753526951235,-0.0730729833318539,1.6609761099930531,0.24089753526951235,-0.0730729833318539,1.6609761099930531,0.0,0.0,0.0,4.570867747659341,0.07618112912765569
1.086999999999991,0.24715556512480072,-0.07353683030972419,1.6615379869340836,0.24089753526951235,-0.0730729833318539,1.6609761099930531,0.24089753526951235,-0.0730729833318539,1.6609761099930531,0.0,0.0,0.0,4.57043902984545,0.0761739838307575
1.087999999999991,0.2471293334039498,-0.07353722609014574,1.6615384365705388,0.24089753526951235,-0.0730729833318539,1.6609761099930531,0.24089753526951235,-0.0730729833318539,1.6609761099930531,0.0,0.0,0.0,4.5700205270496586,0.07616700878416098
1.0889999999999909,0.24710308009141457,-0.07353752870117897,1.6615387727082214,0.24089753526951235,-0.0730729833318539,1.6609761099930531,0.24089753526951235,-0.0730729833318539,1.6609761099930531,0.0,0.0,0.0,4.569611542139793,0.07616019236899654
1.0899999999999908,0.2470768065896975,-0.07353773931403881,1.6615389970260348,0.24089753526951235,-0.0730729833318539,1.6609761099930531,0.24089753526951235,-0.0730729833318539,1.6609761099930531,0.0,0.0,0.0,4.569211421335164,0.07615352368891941
1.0909999999999906,0.2470505142739718,-0.0735378591093239,1.6615391112046212,0.24089753526951235,-0.0730729833318539,1.6609761099930531,0.24089753526951235,-0.0730729833318539,1.6609761099930531,0.0,0.0,0.0,4.568819551446428,0.07614699252410713
1.0919999999999905,0.24702420449343776,-0.07353788927594129,1.661539116925095,0.24089753526951235,-0.0730729833318539,1.6609761099930531,0.24089753526951235,-0.0730729833318539,1.6609761099930531,0.0,0.0,0.0,4.568435357297368,0.07614058928828946
1.0929999999999904,0.24699787857259836,-0.07353783101009156,1.6615390158678676,0.24089753526951235,-0.0730729833318539,1.6609761099930531,0.24089753526951235,-0.0730729833318539,1.6609761099930531,0.0,0.0,0.0,4.568058299323892,0.07613430498873153
1.0939999999999903,0.24697153781246411,-0.07353768551430931,1.6615388097115706,0.24089753526951235,-0.0730729833318539,1.6609761099930531,0.24089753526951235,-0.0730729833318539,1.6609761099930531,0.0,0.0,0.0,4.567687871344391,0.07612813118907318
1.0949999999999902,0.24694518349169173,-0.07353745399655322,1.6615385001320546,0.24089753526951235,-0.0730729833318539,1.6609761099930531,0.24089753526951235,-0.0730729833318539,1.6609761099930531,0.0,0.0,0.0,4.567323598490002,0.07612205997483336
1.09599999999999,0.24691881686765627,-0.07353713766934847,1.661538088801473,0.24089753526951235,-0.0730729833318539,1.6609761099930531,0.24089753526951235,-0.0730729833318539,1.6609761099930531,0.0,0.0,0.0,4.566965035290205,0.07611608392150342
1.09699999999999,0.24689243917746662,-0.07353673774897354,1.6615375773874324,0.24089753526951235,-0.0730729833318539,1.6609761099930531,0.24089753526951235,-0.0730729833318539,1.6609761099930531,0.0,0.0,0.0,4.566611763898252,0.07611019606497087
1.0979999999999899,0.2468660516389178,-0.0735362554546935,1.6615369675522014,0.24089753526951235,-0.0730729833318539,1.6609761099930531,0.24089753526951235,-0.0730729833318539,1.6609761099930531,0.0,0.0,0.0,4.566263392451007,0.07610438987418346
1.0989999999999898,0.24683965545139297,-0.0735356920080331,1.661536260951985,0.24089753526951235,-0.0730729833318539,1.6609761099930531,0.24089753526951235,-0.0730729833318539,1.6609761099930531,0.0,0.0,0.0,4.565919553551024,0.07609865922585039
1.0999999999999897,0.2468132517967111,-0.07353504863209015,1.6615354592362483,0.24089753526951235,-0.0730729833318539,1.6609761099930531,0.24089753526951235,-0.0730729833318539,1.6609761099930531,0.0,0.0,0.0,4.565579902860093,0.07609299838100154
1.1009999999999895,0.24678684183992472,-0.0735343265508844,1.6615345640470844,0.24089753526951235,-0.0730729833318539,1.6609761099930531,0.24089753526951235,-0.0730729833318539,1.6609761099930531,0.0,0.0,0.0,4.565244117793678,0.07608740196322797
1.1019999999999894,0.24676042673007098,-0.07353352698874101,1.6615335770186332,0.24089753526951235,-0.0730729833318539,1.6609761099930531,0.24089753526951235,-0.0730729833318539,1.6609761099930531,0.0,0.0,0.0,4.5649118963097735,0.07608186493849622
1.1029999999999893,0.2467340076008781,-0.07353265116970645,1.6615324997765337,0.24089753526951235,-0.0730729833318539,1.6609761099930531,0.24089753526951235,-0.0730729833318539,1.6609761099930531,0.0,0.0,0.0,4.5645829557777775,0.07607638259629629
1.1039999999999892,0.24670758557142683,-0.07353170031699355,1.6615313339374158,0.24089753526951235,-0.0730729833318539,1.6609761099930531,0.24089753526951235,-0.0730729833318539,1.6609761099930531,0.0,0.0,0.0,4.56425703192365,0.07607095053206084
1.104999999999989,0.24668116174677512,-0.07353067565245511,1.6615300811084261,0.24089753526951235,-0.0730729833318539,1.6609761099930531,0.24089753526951235,-0.0730729833318539,1.6609761099930531,0.0,0.0,0.0,4.563933877840752,0.07606556463067919
1.105999999999989,0.24665473721853948,-0.07352957839608137,1.661528742886785,0.24089753526951235,-0.0730729833318539,1.6609761099930531,0.24089753526951235,-0.0730729833318539,1.6609761099930531,0.0,0.0,0.0,4.56361326305964,0.076060221050994
1.1069999999999889,0.24662831306544492,-0.07352840976552522,1.6615273208593748,0.24089753526951235,-0.0730729833318539,1.6609761099930531,0.24089753526951235,-0.0730729833318539,1.6609761099930531,0.0,0.0,0.0,4.56329497267114,0.07605491621118567
1.1079999999999888,0.2466018903538363,-0.07352717097564794,1.661525816602354,0.24089753526951235,-0.0730729833318539,1.6609761099930531,0.24089753526951235,-0.0730729833318539,1.6609761099930531,0.0,0.0,0.0,4.562978806496095,0.07604964677493492
1.1089999999999887,0.24657547013815873,-0.07352586323808452,1.6615242316807979,0.24089753526951235,-0.0730729833318539,1.6609761099930531,0.24089753526951235,-0.0730729833318539,1.6609761099930531,0.0,0.0,0.0,4.562664578297809,0.07604440963829681
1.1099999999999886,0.2465490534614082,-0.07352448776083396,1.6615225676483676,0.24089753526951235,-0.0730729833318539,1.6609761099930531,0.24089753526951235,-0.0730729833318539,1.6609761099930531,0.0,0.0,0.0,4.562352115033461,0.07603920191722434
1.1109999999999884,0.24652264135555008,-0.07352304574786284,1.6615208260470005,0.24089753526951235,-0.0730729833318539,1.6609761099930531,0.24089753526951235,-0.0730729833318539,1.6609761099930531,0.0,0.0,0.0,4.562041256138945,0.0760340209356491
1.1119999999999883,0.24649623484191385,-0.07352153839872934,1.6615190084066238,0.24089753526951235,-0.0730729833318539,1.6609761099930531,0.24089753526951235,-0.0730729833318539,1.6609761099930531,0.0,0.0,0.0,4.56173185284722,0.07602886421412033
1.1129999999999882,0.24646983493156038,-0.07351996690822557,1.661517116244893,0.24089753526951235,-0.0730729833318539,1.6609761099930531,0.24089753526951235,-0.0730729833318539,1.6609761099930531,0.0,0.0,0.0,4.561423767535625,0.07602372945892708
1.113999999999988,0.2464434426256244,-0.07351833246603172,1.6615151510669501,0.24089753526951235,-0.0730729833318539,1.6609761099930531,0.24089753526951235,-0.0730729833318539,1.6609761099930531,0.0,0.0,0.0,4.5611168731015885,0.07601861455169315
1.114999999999988,0.24641705891563592,-0.07351663625639046,1.6615131143652033,0.24089753526951235,-0.0730729833318539,1.6609761099930531,0.24089753526951235,-0.0730729833318539,1.6609761099930531,0.0,0.0,0.0,4.560811052364975,0.07601351753941625
1.115999999999988,0.24639068478381976,-0.07351487945779125,1.661511007619129,0.24089753526951235,-0.0730729833318539,1.6609761099930531,0.24089753526951235,-0.0730729833318539,1.6609761099930531,0.0,0.0,0.0,4.560506197496331,0.07600843662493885
1.1169999999999878,0.24636432120337415,-0.07351306324267191,1.6615088322950866,0.24089753526951235,-0.0730729833318539,1.6609761099930531,0.24089753526951235,-0.0730729833318539,1.6609761099930531,0.0,0.0,0.0,4.560202209468913,0.0760033701578152
1.1179999999999877,0.24633796913873254,-0.07351118877713458,1.6615065898461612,0.24089753526951235,-0.0730729833318539,1.6609761099930531,0.24089753526951235,-0.0730729833318539,1.6609761099930531,0.0,0.0,0.0,4.559898997537236,0.07599831662562061
1.1189999999999876,0.24631162954580593,-0.0735092572206697,1.6615042817120165,0.24089753526951235,-0.0730729833318539,1.6609761099930531,0.24089753526951235,-0.0730729833318539,1.6609761099930531,0.0,0.0,0.0,4.559596478736788,0.07599327464561313
1.1199999999999875,0.2462853033722113,-0.07350726972589963,1.6615019093187722,0.24089753526951235,-0.0730729833318539,1.6609761099930531,0.24089753526951235,-0.0730729833318539,1.6609761099930531,0.0,0.0,0.0,4.559294577409559,0.07598824295682598
1.1209999999999873,0.2462589915574803,-0.07350522743832984,1.6614994740788873,0.24089753526951235,-0.0730729833318539,1.6609761099930531,0.24089753526951235,-0.0730729833318539,1.6609761099930531,0.0,0.0,0.0,4.558993224750823,0.07598322041251372
1.1219999999999872,0.2462326950332595,-0.07350313149611398,1.661496977391072,0.24089753526951235,-0.0730729833318539,1.6609761099930531,0.24089753526951235,-0.0730729833318539,1.6609761099930531,0.0,0.0,0.0,4.558692358381026,0.0759782059730171
1.1229999999999871,0.24620641472349133,-0.07350098302983143,1.6614944206402023,0.24089753526951235,-0.0730729833318539,1.6609761099930531,0.24089753526951235,-0.0730729833318539,1.6609761099930531,0.0,0.0,0.0,4.5583919219376385,0.07597319869896065
1.123999999999987,0.24618015154458583,-0.07349878316227516,1.6614918051972571,0.24089753526951235,-0.0730729833318539,1.6609761099930531,0.24089753526951235,-0.0730729833318539,1.6609761099930531,0.0,0.0,0.0,4.558091864691176,0.07596819774485293
1.124999999999987,0.24615390640557888,-0.07349653300825124,1.6614891324192618,0.24089753526951235,-0.0730729833318539,1.6609761099930531,0.24089753526951235,-0.0730729833318539,1.6609761099930531,0.0,0.0,0.0,4.557792141181696,0.07596320235302827
1.1259999999999868,0.24612768020828013,-0.07349423367439009,1.6614864036492492,0.24089753526951235,-0.0730729833318539,1.6609761099930531,0.24089753526951235,-0.0730729833318539,1.6609761099930531,0.0,0.0,0.0,4.557492710877182,0.07595821184795302
1.1269999999999867,0.24610147384740838,-0.07349188625896914,1.661483620216229,0.24089753526951235,-0.0730729833318539,1.6609761099930531,0.24089753526951235,-0.0730729833318539,1.6609761099930531,0.0,0.0,0.0,4.557193537851496,0.07595322563085825
1.1279999999999866,0.24607528821072028,-0.07348949185174317,1.6614807834351668,0.24089753526951235,-0.0730729833318539,1.6609761099930531,0.24089753526951235,-0.0730729833318539,1.6609761099930531,0.0,0.0,0.0,4.55689459048264,0.07594824317471068
1.1289999999999865,0.2460491241791251,-0.07348705153378904,1.6614778946069744,0.24089753526951235,-0.0730729833318539,1.6609761099930531,0.24089753526951235,-0.0730729833318539,1.6609761099930531,0.0,0.0,0.0,4.556595841170402,0.07594326401950671
1.1299999999999863,0.24602298262679578,-0.0734845663773571,1.6614749550185084,0.24089753526951235,-0.0730729833318539,1.6609761099930531,0.24089753526951235,-0.0730729833318539,1.6609761099930531,0.0,0.0,0.0,4.556297266071219,0.07593828776785365
1.1309999999999862,0.24599686442126512,-0.07348203744573437,1.6614719659425774,0.24089753526951235,-0.0730729833318539,1.6609761099930531,0.24089753526951235,-0.0730729833318539,1.6609761099930531,0.0,0.0,0.0,4.555998844850977,0.07593331408084962
1.1319999999999861,0.2459707704235209,-0.07347946579311586,1.6614689286379565,0.24089753526951235,-0.0730729833318539,1.6609761099930531,0.24089753526951235,-0.0730729833318539,1.6609761099930531,0.0,0.0,0.0,4.555700560453345,0.07592834267422241
1.132999999999986,0.24594470148808845,-0.07347685246448764,1.6614658443494057,0.24089753526951235,-0.0730729833318539,1.6609761099930531,0.24089753526951235,-0.0730729833318539,1.6609761099930531,0.0,0.0,0.0,4.555402398884435,0.07592337331474058
1.133999999999986,0.2459186584631083,-0.07347419849551587,1.6614627143076997,0.24089753526951235,-0.0730729833318539,1.6609761099930531,0.24089753526951235,-0.0730729833318539,1.6609761099930531,0.0,0.0,0.0,4.55510434901115,0.0759184058168525
1.1349999999999858,0.24589264219040557,-0.07347150491244625,1.6614595397296563,0.24089753526951235,-0.0730729833318539,1.6609761099930531,0.24089753526951235,-0.0730729833318539,1.6609761099930531,0.0,0.0,0.0,4.5548064023730745,0.07591344003955124
1.1359999999999857,0.2458666535055547,-0.07346877273201177,1.6614563218181777,0.24089753526951235,-0.0730729833318539,1.6609761099930531,0.24089753526951235,-0.0730729833318539,1.6609761099930531,0.0,0.0,0.0,4.554508553006656,0.07590847588344427
1.1369999999999856,0.24584069323793845,-0.07346600296134821,1.6614530617622922,0.24089753526951235,-0.0730729833318539,1.6609761099930531,0.24089753526951235,-0.0730729833318539,1.6609761099930531,0.0,0.0,0.0,4.554210797281202,0.07590351328802004
1.1379999999999855,0.2458147622107978,-0.07346319659791839,1.6614497607371956,0.24089753526951235,-0.0730729833318539,1.6609761099930531,0.24089753526951235,-0.0730729833318539,1.6609761099930531,0.0,0.0,0.0,4.553913133744574,0.07589855222907624
1.1389999999999854,0.24578886124128074,-0.07346035462944193,1.6614464199043069,0.24089753526951235,-0.0730729833318539,1.6609761099930531,0.24089753526951235,-0.0730729833318539,1.6609761099930531,0.0,0.0,0.0,4.553615562980492,0.07589359271634154
1.1399999999999852,0.24576299114048336,-0.07345747803383461,1.6614430404113176,0.24089753526951235,-0.0730729833318539,1.6609761099930531,0.24089753526951235,-0.0730729833318539,1.6609761099930531,0.0,0.0,0.0,4.553318087472659,0.07588863479121098
1.1409999999999851,0.2457371527134875,-0.07345456777915375,1.6614396233922506,0.24089753526951235,-0.0730729833318539,1.6609761099930531,0.24089753526951235,-0.0730729833318539,1.6609761099930531,0.0,0.0,0.0,4.5530207114781085,0.07588367852463514
1.141999999999985,0.2457113467593929,-0.07345162482354876,1.661436169967517,0.24089753526951235,-0.0730729833318539,1.6609761099930531,0.24089753526951235,-0.0730729833318539,1.6609761099930531,0.0,0.0,0.0,4.552723440908011,0.07587872401513351
1.142999999999985,0.24568557407134695,-0.07344865011522143,1.66143268124398,0.24089753526951235,-0.0730729833318539,1.6609761099930531,0.24089753526951235,-0.0730729833318539,1.6609761099930531,0.0,0.0,0.0,4.55242628321571,0.0758737713869285
1.1439999999999848,0.24565983543656775,-0.07344564459238877,1.6614291583150183,0.24089753526951235,-0.0730729833318539,1.6609761099930531,0.24089753526951235,-0.0730729833318539,1.6609761099930531,0.0,0.0,0.0,4.552129247290283,0.07586882078817139
1.1449999999999847,0.2456341316363661,-0.07344260918325404,1.6614256022605927,0.24089753526951235,-0.0730729833318539,1.6609761099930531,0.24089753526951235,-0.0730729833318539,1.6609761099930531,0.0,0.0,0.0,4.551832343356011,0.07586387238926685
1.1459999999999846,0.24560846344616427,-0.07343954480598261,1.6614220141473162,0.24089753526951235,-0.0730729833318539,1.6609761099930531,0.24089753526951235,-0.0730729833318539,1.6609761099930531,0.0,0.0,0.0,4.551535582878033,0.07585892638130055
1.1469999999999845,0.24558283163550812,-0.07343645236868217,1.6614183950285206,0.24089753526951235,-0.0730729833318539,1.6609761099930531,0.24089753526951235,-0.0730729833318539,1.6609761099930531,0.0,0.0,0.0,4.551238978472331,0.07585398297453885
1.1479999999999844,0.24555723696808102,-0.07343333276938972,1.6614147459443367,0.24089753526951235,-0.0730729833318539,1.6609761099930531,0.24089753526951235,-0.0730729833318539,1.6609761099930531,0.0,0.0,0.0,4.55094254382081,0.0758490423970135
1.1489999999999843,0.24553168020171226,-0.07343018689606311,1.6614110679217593,0.24089753526951235,-0.0730729833318539,1.6609761099930531,0.24089753526951235,-0.0730729833318539,1.6609761099930531,0.0,0.0,0.0,4.550646293589527,0.07584410489315879
1.1499999999999841,0.2455061620883822,-0.07342701562657432,1.6614073619747285,0.24089753526951235,-0.0730729833318539,1.6609761099930531,0.24089753526951235,-0.0730729833318539,1.6609761099930531,0.0,0.0,0.0,4.550350243353109,0.07583917072255182
1.150999999999984,0.24548068337422885,-0.07342381982871227,1.6614036291042082,0.24089753526951235,-0.0730729833318539,1.6609761099930531,0.24089753526951235,-0.0730729833318539,1.6609761099930531,0.0,0.0,0.0,4.550054409521321,0.07583424015868868
1.151999999999984,0.245455244799548,-0.07342060036018441,1.6613998702982609,0.24089753526951235,-0.0730729833318539,1.6609761099930531,0.24089753526951235,-0.0730729833318539,1.6609761099930531,0.0,0.0,0.0,4.549758809269207,0.07582931348782011
1.1529999999999838,0.24542984709879467,-0.0734173580686265,1.6613960865321293,0.24089753526951235,-0.0730729833318539,1.6609761099930531,0.24089753526951235,-0.0730729833318539,1.6609761099930531,0.0,0.0,0.0,4.54946346047275,0.07582439100787916
1.1539999999999837,0.24540449100058162,-0.07341409379161376,1.66139227876832,0.24089753526951235,-0.0730729833318539,1.6609761099930531,0.24089753526951235,-0.0730729833318539,1.6609761099930531,0.0,0.0,0.0,4.549168381645888,0.07581947302743147
1.1549999999999836,0.2453791772276746,-0.07341080835667495,1.661388447956683,0.24089753526951235,-0.0730729833318539,1.6609761099930531,0.24089753526951235,-0.0730729833318539,1.6609761099930531,0.0,0.0,0.0,4.548873591881075,0.07581455986468459
1.1559999999999835,0.2453539064969908,-0.07340750258131304,1.6613845950344968,0.24089753526951235,-0.0730729833318539,1.6609761099930531,0.24089753526951235,-0.0730729833318539,1.6609761099930531,0.0,0.0,0.0,4.548579110793518,0.07580965184655862
1.1569999999999834,0.24532867951958975,-0.07340417727302637,1.661380720926552,0.24089753526951235,-0.0730729833318539,1.6609761099930531,0.24089753526951235,-0.0730729833318539,1.6609761099930531,0.0,0.0,0.0,4.548284958469004,0.07580474930781674
1.1579999999999833,0.24530349700066884,-0.07340083322933319,1.6613768265452387,0.24089753526951235,-0.0730729833318539,1.6609761099930531,0.24089753526951235,-0.0730729833318539,1.6609761099930531,0.0,0.0,0.0,4.547991155413209,0.07579985259022015
1.1589999999999832,0.24527835963955436,-0.0733974712377998,1.6613729127906312,0.24089753526951235,-0.0730729833318539,1.6609761099930531,0.24089753526951235,-0.0730729833318539,1.6609761099930531,0.0,0.0,0.0,4.5476977225045,0.07579496204174167
1.159999999999983,0.245253268129692,-0.07339409207607192,1.6613689805505767,0.24089753526951235,-0.0730729833318539,1.6609761099930531,0.24089753526951235,-0.0730729833318539,1.6609761099930531,0.0,0.0,0.0,4.547404680949444,0.07579007801582406
1.160999999999983,0.24522822315863807,-0.07339069651190631,1.661365030700779,0.24089753526951235,-0.0730729833318539,1.6609761099930531,0.24089753526951235,-0.0730729833318539,1.6609761099930531,0.0,0.0,0.0,4.5471120522410375,0.07578520087068395
1.1619999999999828,0.24520322540804862,-0.07338728530320901,1.661361064104894,0.24089753526951235,-0.0730729833318539,1.6609761099930531,0.24089753526951235,-0.0730729833318539,1.6609761099930531,0.0,0.0,0.0,4.546819858119693,0.07578033096866155
1.1629999999999827,0.24517827555366845,-0.07338385919807058,1.661357081614612,0.24089753526951235,-0.0730729833318539,1.6609761099930531,0.24089753526951235,-0.0730729833318539,1.6609761099930531,0.0,0.0,0.0,4.546528120535144,0.07577546867558574
1.1639999999999826,0.24515337426531872,-0.07338041893480915,1.6613530840697497,0.24089753526951235,-0.0730729833318539,1.6609761099930531,0.24089753526951235,-0.0730729833318539,1.6609761099930531,0.0,0.0,0.0,4.546236861613045,0.07577061436021743
1.1649999999999825,0.2451285222068863,-0.07337696524201079,1.6613490722983422,0.24089753526951235,-0.0730729833318539,1.6609761099930531,0.24089753526951235,-0.0730729833318539,1.6609761099930531,0.0,0.0,0.0,4.545946103621723,0.07576576839369538
1.1659999999999824,0.24510372003631026,-0.07337349883857572,1.6613450471167284,0.24089753526951235,-0.0730729833318539,1.6609761099930531,0.24089753526951235,-0.0730729833318539,1.6609761099930531,0.0,0.0,0.0,4.545655868941621,0.07576093114902702
1.1669999999999823,0.2450789684055691,-0.07337002043376357,1.661341009329644,0.24089753526951235,-0.0730729833318539,1.6609761099930531,0.24089753526951235,-0.0730729833318539,1.6609761099930531,0.0,0.0,0.0,4.545366180037687,0.07575610300062813
1.1679999999999822,0.2450542679606688,-0.07336653072724228,1.6613369597303145,0.24089753526951235,-0.0730729833318539,1.6609761099930531,0.24089753526951235,-0.0730729833318539,1.6609761099930531,0.0,0.0,0.0,4.545077059431972,0.0757512843238662
1.168999999999982,0.24502961934162823,-0.07336303040913747,1.6613328991005398,0.24089753526951235,-0.0730729833318539,1.6609761099930531,0.24089753526951235,-0.0730729833318539,1.6609761099930531,0.0,0.0,0.0,4.544788529678802,0.07574647549464669
1.169999999999982,0.24500502318246792,-0.07335952016008485,1.6613288282107912,0.24089753526951235,-0.0730729833318539,1.6609761099930531,0.24089753526951235,-0.0730729833318539,1.6609761099930531,0.0,0.0,0.0,4.544500613342731,0.07574167688904551
1.1709999999999818,0.24498048011119475,-0.0733560006512823,1.6613247478202984,0.24089753526951235,-0.0730729833318539,1.6609761099930531,0.24089753526951235,-0.0730729833318539,1.6609761099930531,0.0,0.0,0.0,4.54421333297538,0.075736888882923
1.1719999999999817,0.24495599074979013,-0.07335247254454541,1.6613206586771414,0.24089753526951235,-0.0730729833318539,1.6609761099930531,0.24089753526951235,-0.0730729833318539,1.6609761099930531,0.0,0.0,0.0,4.543926711096522,0.0757321118516087
1.1729999999999816,0.24493155571419573,-0.0733489364923618,1.6613165615183427,0.24089753526951235,-0.0730729833318539,1.6609761099930531,0.24089753526951235,-0.0730729833318539,1.6609761099930531,0.0,0.0,0.0,4.543640770174911,0.07572734616958185
1.1739999999999815,0.2449071756143019,-0.0733453931379504,1.661312457069957,0.24089753526951235,-0.0730729833318539,1.6609761099930531,0.24089753526951235,-0.0730729833318539,1.6609761099930531,0.0,0.0,0.0,4.5433555326103905,0.07572259221017318
1.1749999999999814,0.24488285105393337,-0.07334184311531776,1.6613083460471594,0.24089753526951235,-0.0730729833318539,1.6609761099930531,0.24089753526951235,-0.0730729833318539,1.6609761099930531,0.0,0.0,0.0,4.543071020717724,0.07571785034529539
1.1759999999999813,0.24485858263083732,-0.07333828704931847,1.6613042291543418,0.24089753526951235,-0.0730729833318539,1.6609761099930531,0.24089753526951235,-0.0730729833318539,1.6609761099930531,0.0,0.0,0.0,4.5427872567121295,0.07571312094520216
1.1769999999999812,0.24483437093667085,-0.07333472555571544,1.661300107085199,0.24089753526951235,-0.0730729833318539,1.6609761099930531,0.24089753526951235,-0.0730729833318539,1.6609761099930531,0.0,0.0,0.0,4.5425042626937575,0.07570840437822929
1.177999999999981,0.2448102165569883,-0.07333115924124109,1.66129598052282,0.24089753526951235,-0.0730729833318539,1.6609761099930531,0.24089753526951235,-0.0730729833318539,1.6609761099930531,0.0,0.0,0.0,4.542222060635048,0.07570370101058413
1.178999999999981,0.2447861200712311,-0.07332758870365974,1.6612918501397786,0.24089753526951235,-0.0730729833318539,1.6609761099930531,0.24089753526951235,-0.0730729833318539,1.6609761099930531,0.0,0.0,0.0,4.541940672368598,0.07569901120614331
1.1799999999999808,0.24476208205271405,-0.07332401453183089,1.6612877165982238,0.24089753526951235,-0.0730729833318539,1.6609761099930531,0.24089753526951235,-0.0730729833318539,1.6609761099930531,0.0,0.0,0.0,4.541660119575089,0.07569433532625149
1.1809999999999807,0.2447381030686152,-0.07332043730577284,1.6612835805499677,0.24089753526951235,-0.0730729833318539,1.6609761099930531,0.24089753526951235,-0.0730729833318539,1.6609761099930531,0.0,0.0,0.0,4.541380423772331,0.07568967372953886
1.1819999999999806,0.24471418367996595,-0.07331685759672704,1.6612794426365776,0.24089753526951235,-0.0730729833318539,1.6609761099930531,0.24089753526951235,-0.0730729833318539,1.6609761099930531,0.0,0.0,0.0,4.541101606305693,0.07568502677176155
1.1829999999999805,0.2446903244416398,-0.07331327596722347,1.6612753034894632,0.24089753526951235,-0.0730729833318539,1.6609761099930531,0.24089753526951235,-0.0730729833318539,1.6609761099930531,0.0,0.0,0.0,4.540823688338133,0.07568039480563554
1.1839999999999804,0.24466652590234295,-0.07330969297114698,1.661271163729967,0.24089753526951235,-0.0730729833318539,1.6609761099930531,0.24089753526951235,-0.0730729833318539,1.6609761099930531,0.0,0.0,0.0,4.540546690841694,0.0756757781806949
1.1849999999999803,0.24464278860460542,-0.07330610915380277,1.6612670239694536,0.24089753526951235,-0.0730729833318539,1.6609761099930531,0.24089753526951235,-0.0730729833318539,1.6609761099930531,0.0,0.0,0.0,4.540270634588882,0.07567117724314804
1.1859999999999802,0.24461911308477075,-0.07330252505198294,1.6612628848093942,0.24089753526951235,-0.0730729833318539,1.6609761099930531,0.24089753526951235,-0.0730729833318539,1.6609761099930531,0.0,0.0,0.0,4.5399955401448455,0.07566659233574742
1.18699999999998,0.24459549987299076,-0.0732989411940351,1.6612587468414615,0.24089753526951235,-0.0730729833318539,1.6609761099930531,0.24089753526951235,-0.0730729833318539,1.6609761099930531,0.0,0.0,0.0,4.5397214278613225,0.0756620237976887
1.18799999999998,0.2445719494932153,-0.07329535809992778,1.661254610647613,0.24089753526951235,-0.0730729833318539,1.6609761099930531,0.24089753526951235,-0.0730729833318539,1.6609761099930531,0.0,0.0,0.0,4.539448317868187,0.07565747196446979
1.1889999999999799,0.24454846246318498,-0.07329177628132046,1.6612504768001801,0.24089753526951235,-0.0730729833318539,1.6609761099930531,0.24089753526951235,-0.0730729833318539,1.6609761099930531,0.0,0.0,0.0,4.53917623006843,0.07565293716780717
1.1899999999999797,0.244525039294428,-0.07328819624162956,1.6612463458619553,0.24089753526951235,-0.0730729833318539,1.6609761099930531,0.24089753526951235,-0.0730729833318539,1.6609761099930531,0.0,0.0,0.0,4.538905184131767,0.07564841973552945
1.1909999999999796,0.24450168049224996,-0.07328461847609882,1.6612422183862805,0.24089753526951235,-0.0730729833318539,1.6609761099930531,0.24089753526951235,-0.0730729833318539,1.6609761099930531,0.0,0.0,0.0,4.538635199489749,0.07564391999149582
1.1919999999999795,0.24447838655573156,-0.07328104347186634,1.6612380949171324,0.24089753526951235,-0.0730729833318539,1.6609761099930531,0.24089753526951235,-0.0730729833318539,1.6609761099930531,0.0,0.0,0.0,4.5383662953301815,0.07563943825550302
1.1929999999999794,0.24445515797772277,-0.07327747170803427,1.6612339759892099,0.24089753526951235,-0.0730729833318539,1.6609761099930531,0.24089753526951235,-0.0730729833318539,1.6609761099930531,0.0,0.0,0.0,4.538098490592863,0.07563497484321438
1.1939999999999793,0.24443199524483988,-0.07327390365573722,1.6612298621280202,0.24089753526951235,-0.0730729833318539,1.6609761099930531,0.24089753526951235,-0.0730729833318539,1.6609761099930531,0.0,0.0,0.0,4.537831803965021,0.0756305300660837
1.1949999999999792,0.2444088988374596,-0.07327033977821078,1.6612257538499646,0.24089753526951235,-0.0730729833318539,1.6609761099930531,0.24089753526951235,-0.0730729833318539,1.6609761099930531,0.0,0.0,0.0,4.537566253878174,0.07562610423130289
1.195999999999979,0.2443858692297199,-0.0732667805308617,1.6612216516624245,0.24089753526951235,-0.0730729833318539,1.6609761099930531,0.24089753526951235,-0.0730729833318539,1.6609761099930531,0.0,0.0,0.0,4.537301858503746,0.07562169764172909
1.196999999999979,0.2443629068895154,-0.07326322636133531,1.6612175560638458,0.24089753526951235,-0.0730729833318539,1.6609761099930531,0.24089753526951235,-0.0730729833318539,1.6609761099930531,0.0,0.0,0.0,4.537038635750054,0.07561731059583424
1.1979999999999789,0.24434001227849675,-0.07325967770958604,1.6612134675438255,0.24089753526951235,-0.0730729833318539,1.6609761099930531,0.24089753526951235,-0.0730729833318539,1.6609761099930531,0.0,0.0,0.0,4.536776603259525,0.07561294338765874
1.1989999999999787,0.24431718585206968,-0.07325613500794546,1.6612093865831954,0.24089753526951235,-0.0730729833318539,1.6609761099930531,0.24089753526951235,-0.0730729833318539,1.6609761099930531,0.0,0.0,0.0,4.536515778405741,0.07560859630676235
1.1999999999999786,0.24429442805939544,-0.07325259868119156,1.6612053136541043,0.24089753526951235,-0.0730729833318539,1.6609761099930531,0.24089753526951235,-0.0730729833318539,1.6609761099930531,0.0,0.0,0.0,4.5362561782911195,0.07560426963818533
1.2009999999999785,0.24427173934339075,-0.073249069146617,1.6612012492201063,0.24089753526951235,-0.0730729833318539,1.6609761099930531,0.24089753526951235,-0.0730729833318539,1.6609761099930531,0.0,0.0,0.0,4.535997819745332,0.0755999636624222
1.2019999999999784,0.24424912014073052,-0.07324554681409876,1.66119719373624,0.24089753526951235,-0.0730729833318539,1.6609761099930531,0.24089753526951235,-0.0730729833318539,1.6609761099930531,0.0,0.0,0.0,4.535740719322522,0.07559567865537536
1.2029999999999783,0.2442265708818473,-0.07324203208616664,1.6611931476491146,0.24089753526951235,-0.0730729833318539,1.6609761099930531,0.24089753526951235,-0.0730729833318539,1.6609761099930531,0.0,0.0,0.0,4.535484893300211,0.07559141488833684
1.2039999999999782,0.24420409199093612,-0.07323852535807036,1.6611891113969919,0.24089753526951235,-0.0730729833318539,1.6609761099930531,0.24089753526951235,-0.0730729833318539,1.6609761099930531,0.0,0.0,0.0,4.535230357677627,0.07558717262796046
1.204999999999978,0.2441816838859565,-0.07323502701784974,1.6611850854098678,0.24089753526951235,-0.0730729833318539,1.6609761099930531,0.24089753526951235,-0.0730729833318539,1.6609761099930531,0.0,0.0,0.0,4.534977128174594,0.07558295213624323
1.205999999999978,0.24415934697863784,-0.07323153744640185,1.6611810701095544,0.24089753526951235,-0.0730729833318539,1.6609761099930531,0.24089753526951235,-0.0730729833318539,1.6609761099930531,0.0,0.0,0.0,4.53472522023048,0.075578753670508
1.2069999999999779,0.24413708167448184,-0.07322805701754853,1.661177065909764,0.24089753526951235,-0.0730729833318539,1.6609761099930531,0.24089753526951235,-0.0730729833318539,1.6609761099930531,0.0,0.0,0.0,4.5344746490035295,0.07557457748339216
1.2079999999999778,0.24411488837276996,-0.0732245860981054,1.661173073216188,0.24089753526951235,-0.0730729833318539,1.6609761099930531,0.24089753526951235,-0.0730729833318539,1.6609761099930531,0.0,0.0,0.0,4.53422542936962,0.075570423822827
1.2089999999999776,0.2440927674665678,-0.07322112504794762,1.6611690924265772,0.24089753526951235,-0.0730729833318539,1.6609761099930531,0.24089753526951235,-0.0730729833318539,1.6609761099930531,0.0,0.0,0.0,4.533977575922391,0.07556629293203984
1.2099999999999775,0.24407071934273314,-0.07321767422007955,1.6611651239308265,0.24089753526951235,-0.0730729833318539,1.6609761099930531,0.24089753526951235,-0.0730729833318539,1.6609761099930531,0.0,0.0,0.0,4.533731102972817,0.07556218504954695
1.2109999999999774,0.2440487443819214,-0.07321423396069893,1.661161168111048,0.24089753526951235,-0.0730729833318539,1.6609761099930531,0.24089753526951235,-0.0730729833318539,1.6609761099930531,0.0,0.0,0.0,4.533486024548014,0.07555810040913356
1.2119999999999773,0.24402684295859534,-0.07321080460926588,1.6611572253416578,0.24089753526951235,-0.0730729833318539,1.6609761099930531,0.24089753526951235,-0.0730729833318539,1.6609761099930531,0.0,0.0,0.0,4.533242354392873,0.07555403923988122
1.2129999999999772,0.24400501544103234,-0.07320738649856876,1.6611532959894515,0.24089753526951235,-0.0730729833318539,1.6609761099930531,0.24089753526951235,-0.0730729833318539,1.6609761099930531,0.0,0.0,0.0,4.5330001059687035,0.07555000176614506
1.213999999999977,0.24398326219133418,-0.07320397995478917,1.6611493804136832,0.24089753526951235,-0.0730729833318539,1.6609761099930531,0.24089753526951235,-0.0730729833318539,1.6609761099930531,0.0,0.0,0.0,4.532759292453713,0.07554598820756189
1.214999999999977,0.2439615835654368,-0.07320058529756966,1.6611454789661448,0.24089753526951235,-0.0730729833318539,1.6609761099930531,0.24089753526951235,-0.0730729833318539,1.6609761099930531,0.0,0.0,0.0,4.532519926743887,0.07554199877906478
1.2159999999999769,0.24393997991312044,-0.07319720284007902,1.661141591991245,0.24089753526951235,-0.0730729833318539,1.6609761099930531,0.24089753526951235,-0.0730729833318539,1.6609761099930531,0.0,0.0,0.0,4.53228202145278,0.07553803369087968
1.2169999999999768,0.24391845157802078,-0.07319383288907601,1.6611377198260822,0.24089753526951235,-0.0730729833318539,1.6609761099930531,0.24089753526951235,-0.0730729833318539,1.6609761099930531,0.0,0.0,0.0,4.532045588911777,0.07553409314852962
1.2179999999999767,0.243896998897641,-0.07319047574497685,1.6611338628005299,0.24089753526951235,-0.0730729833318539,1.6609761099930531,0.24089753526951235,-0.0730729833318539,1.6609761099930531,0.0,0.0,0.0,4.5318106411717745,0.07553017735286291
1.2189999999999765,0.24387562220336328,-0.07318713170191737,1.6611300212373044,0.24089753526951235,-0.0730729833318539,1.6609761099930531,0.24089753526951235,-0.0730729833318539,1.6609761099930531,0.0,0.0,0.0,4.531577190002276,0.07552628650003793
1.2199999999999764,0.24385432182046296,-0.07318380104782002,1.6611261954520495,0.24089753526951235,-0.0730729833318539,1.6609761099930531,0.24089753526951235,-0.0730729833318539,1.6609761099930531,0.0,0.0,0.0,4.531345246894017,0.07552242078156696
1.2209999999999763,0.24383309806811976,-0.07318048406445539,1.661122385753406,0.24089753526951235,-0.0730729833318539,1.6609761099930531,0.24089753526951235,-0.0730729833318539,1.6609761099930531,0.0,0.0,0.0,4.531114823057741,0.07551858038429568
1.2219999999999762,0.24381195125943497,-0.07317718102750792,1.661118592443091,0.24089753526951235,-0.0730729833318539,1.6609761099930531,0.24089753526951235,-0.0730729833318539,1.6609761099930531,0.0,0.0,0.0,4.530885929426834,0.07551476549044724
1.222999999999976,0.2437908817014428,-0.07317389220663813,1.6611148158159708,0.24089753526951235,-0.0730729833318539,1.6609761099930531,0.24089753526951235,-0.0730729833318539,1.6609761099930531,0.0,0.0,0.0,4.530658576657207,0.07551097627762011
1.223999999999976,0.24376988969512806,-0.07317061786554586,1.6611110561601377,0.24089753526951235,-0.0730729833318539,1.6609761099930531,0.24089753526951235,-0.0730729833318539,1.6609761099930531,0.0,0.0,0.0,4.53043277512891,0.07550721291881517
1.2249999999999759,0.24374897553544067,-0.07316735826203395,1.6611073137569832,0.24089753526951235,-0.0730729833318539,1.6609761099930531,0.24089753526951235,-0.0730729833318539,1.6609761099930531,0.0,0.0,0.0,4.5302085349470556,0.07550347558245092
1.2259999999999758,0.24372813951131195,-0.07316411364806903,1.661103588881271,0.24089753526951235,-0.0730729833318539,1.6609761099930531,0.24089753526951235,-0.0730729833318539,1.6609761099930531,0.0,0.0,0.0,4.529985865942888,0.07549976443238146
1.2269999999999757,0.24370738190567193,-0.0731608842698448,1.6610998818012117,0.24089753526951235,-0.0730729833318539,1.6609761099930531,0.24089753526951235,-0.0730729833318539,1.6609761099930531,0.0,0.0,0.0,4.52976477767508,0.075496079627918
1.2279999999999756,0.24368670299546658,-0.07315767036784307,1.6610961927785342,0.24089753526951235,-0.0730729833318539,1.6609761099930531,0.24089753526951235,-0.0730729833318539,1.6609761099930531,0.0,0.0,0.0,4.5295452794311695,0.07549242132385282
1.2289999999999754,0.24366610305167608,-0.0731544721768953,1.6610925220685606,0.24089753526951235,-0.0730729833318539,1.6609761099930531,0.24089753526951235,-0.0730729833318539,1.6609761099930531,0.0,0.0,0.0,4.529327380228687,0.07548878967047812
1.2299999999999753,0.243645582339332,-0.0731512899262436,1.6610888699202775,0.24089753526951235,-0.0730729833318539,1.6609761099930531,0.24089753526951235,-0.0730729833318539,1.6609761099930531,0.0,0.0,0.0,4.529111088816643,0.07548518481361072
1.2309999999999752,0.24362514111753822,-0.07314812383960088,1.6610852365764055,0.24089753526951235,-0.0730729833318539,1.6609761099930531,0.24089753526951235,-0.0730729833318539,1.6609761099930531,0.0,0.0,0.0,4.5288964136766525,0.07548160689461088
1.2319999999999751,0.24360477963948837,-0.0731449741352117,1.6610816222734723,0.24089753526951235,-0.0730729833318539,1.6609761099930531,0.24089753526951235,-0.0730729833318539,1.6609761099930531,0.0,0.0,0.0,4.528683363025181,0.07547805605041967
1.232999999999975,0.24358449815248764,-0.0731418410259117,1.6610780272418848,0.24089753526951235,-0.0730729833318539,1.6609761099930531,0.24089753526951235,-0.0730729833318539,1.6609761099930531,0.0,0.0,0.0,4.528471944814332,0.0754745324135722
1.233999999999975,0.24356429689797127,-0.07313872471918798,1.6610744517059963,0.24089753526951235,-0.0730729833318539,1.6609761099930531,0.24089753526951235,-0.0730729833318539,1.6609761099930531,0.0,0.0,0.0,4.528262166733312,0.07547103611222188
1.2349999999999748,0.24354417611152718,-0.07313562541723666,1.6610708958841776,0.24089753526951235,-0.0730729833318539,1.6609761099930531,0.24089753526951235,-0.0730729833318539,1.6609761099930531,0.0,0.0,0.0,4.528054036210762,0.07546756727017938
1.2359999999999747,0.24352413602291628,-0.07313254331702289,1.661067359988889,0.24089753526951235,-0.0730729833318539,1.6609761099930531,0.24089753526951235,-0.0730729833318539,1.6609761099930531,0.0,0.0,0.0,4.527847560416286,0.07546412600693811
1.2369999999999746,0.24350417685609502,-0.07312947861033915,1.661063844226746,0.24089753526951235,-0.0730729833318539,1.6609761099930531,0.24089753526951235,-0.0730729833318539,1.6609761099930531,0.0,0.0,0.0,4.527642746261069,0.07546071243768449
1.2379999999999745,0.2434842988292376,-0.07312643148386316,1.6610603487985878,0.24089753526951235,-0.0730729833318539,1.6609761099930531,0.24089753526951235,-0.0730729833318539,1.6609761099930531,0.0,0.0,0.0,4.527439600400854,0.07545732667334756
1.2389999999999743,0.24346450215475765,-0.07312340211921556,1.661056873899549,0.24089753526951235,-0.0730729833318539,1.6609761099930531,0.24089753526951235,-0.0730729833318539,1.6609761099930531,0.0,0.0,0.0,4.527238129237479,0.07545396882062465
1.2399999999999742,0.24344478703933337,-0.07312039069301662,1.6610534197191233,0.24089753526951235,-0.0730729833318539,1.6609761099930531,0.24089753526951235,-0.0730729833318539,1.6609761099930531,0.0,0.0,0.0,4.527038338919592,0.0754506389819932
1.2409999999999741,0.24342515368392903,-0.07311739737694478,1.6610499864412327,0.24089753526951235,-0.0730729833318539,1.6609761099930531,0.24089753526951235,-0.0730729833318539,1.6609761099930531,0.0,0.0,0.0,4.526840235346021,0.07544733725576701
1.241999999999974,0.24340560228382088,-0.07311442233779165,1.6610465742442952,0.24089753526951235,-0.0730729833318539,1.6609761099930531,0.24089753526951235,-0.0730729833318539,1.6609761099930531,0.0,0.0,0.0,4.526643824166327,0.07544406373610545
1.242999999999974,0.24338613302862003,-0.07311146573751914,1.6610431833012884,0.24089753526951235,-0.0730729833318539,1.6609761099930531,0.24089753526951235,-0.0730729833318539,1.6609761099930531,0.0,0.0,0.0,4.526449110783306,0.07544081851305509
1.2439999999999738,0.24336674610229864,-0.07310852773331473,1.661039813779817,0.24089753526951235,-0.0730729833318539,1.6609761099930531,0.24089753526951235,-0.0730729833318539,1.6609761099930531,0.0,0.0,0.0,4.526256100354845,0.07543760167258076
1.2449999999999737,0.24334744168321384,-0.07310560847764784,1.6610364658421808,0.24089753526951235,-0.0730729833318539,1.6609761099930531,0.24089753526951235,-0.0730729833318539,1.6609761099930531,0.0,0.0,0.0,4.526064797795812,0.07543441329659688
1.2459999999999736,0.24332821994413448,-0.07310270811832396,1.661033139645433,0.24089753526951235,-0.0730729833318539,1.6609761099930531,0.24089753526951235,-0.0730729833318539,1.6609761099930531,0.0,0.0,0.0,4.525875207779363,0.07543125346298937
1.2469999999999735,0.24330908105226695,-0.07309982679854024,1.6610298353414528,0.24089753526951235,-0.0730729833318539,1.6609761099930531,0.24089753526951235,-0.0730729833318539,1.6609761099930531,0.0,0.0,0.0,4.525687334740173,0.07542812224566955
1.2479999999999734,0.24329002516928055,-0.07309696465693939,1.6610265530770023,0.24089753526951235,-0.0730729833318539,1.6609761099930531,0.24089753526951235,-0.0730729833318539,1.6609761099930531,0.0,0.0,0.0,4.525501182875143,0.07542501971458572
1.2489999999999732,0.24327105245133535,-0.07309412182766394,1.661023292993796,0.24089753526951235,-0.0730729833318539,1.6609761099930531,0.24089753526951235,-0.0730729833318539,1.6609761099930531,0.0,0.0,0.0,4.525316756146072,0.07542194593576787
1.2499999999999731,0.2432521630491088,-0.07309129844041001,1.661020055228561,0.24089753526951235,-0.0730729833318539,1.6609761099930531,0.24089753526951235,-0.0730729833318539,1.6609761099930531,0.0,0.0,0.0,4.525134058281627,0.07541890097136045
1.250999999999973,0.24323335710782373,-0.07308849462048063,1.6610168399130991,0.24089753526951235,-0.0730729833318539,1.6609761099930531,0.24089753526951235,-0.0730729833318539,1.6609761099930531,0.0,0.0,0.0,4.524953092778931,0.07541588487964886
1.251999999999973,0.24321463476727467,-0.07308571048883818,1.6610136471743515,0.24089753526951235,-0.0730729833318539,1.6609761099930531,0.24089753526951235,-0.0730729833318539,1.6609761099930531,0.0,0.0,0.0,4.524773862906457,0.07541289771510762
1.2529999999999728,0.24319599616185775,-0.0730829461621578,1.6610104771344576,0.24089753526951235,-0.0730729833318539,1.6609761099930531,0.24089753526951235,-0.0730729833318539,1.6609761099930531,0.0,0.0,0.0,4.5245963717051,0.07540993952841833
1.2539999999999727,0.24317744142059836,-0.07308020175287916,1.6610073299108221,0.24089753526951235,-0.0730729833318539,1.6609761099930531,0.24089753526951235,-0.0730729833318539,1.6609761099930531,0.0,0.0,0.0,4.524420621991094,0.07540701036651824
1.2549999999999726,0.24315897066717845,-0.07307747736925875,1.6610042056161687,0.24089753526951235,-0.0730729833318539,1.6609761099930531,0.24089753526951235,-0.0730729833318539,1.6609761099930531,0.0,0.0,0.0,4.524246616357104,0.0754041102726184
1.2559999999999725,0.2431405840199684,-0.07307477311542063,1.661001104358605,0.24089753526951235,-0.0730729833318539,1.6609761099930531,0.24089753526951235,-0.0730729833318539,1.6609761099930531,0.0,0.0,0.0,4.524074357175495,0.07540123928625825
1.2569999999999724,0.2431222815920543,-0.07307208909140828,1.6609980262416815,0.24089753526951235,-0.0730729833318539,1.6609761099930531,0.24089753526951235,-0.0730729833318539,1.6609761099930531,0.0,0.0,0.0,4.523903846599546,0.07539839744332576
1.2579999999999723,0.24310406349126795,-0.07306942539323588,1.6609949713644527,0.24089753526951235,-0.0730729833318539,1.6609761099930531,0.24089753526951235,-0.0730729833318539,1.6609761099930531,0.0,0.0,0.0,4.523735086566342,0.0753955847761057
1.2589999999999721,0.24308592982021704,-0.07306678211293678,1.6609919398215338,0.24089753526951235,-0.0730729833318539,1.6609761099930531,0.24089753526951235,-0.0730729833318539,1.6609761099930531,0.0,0.0,0.0,4.52356807879799,0.07539280131329984
1.259999999999972,0.24306788067631507,-0.07306415933861664,1.660988931703161,0.24089753526951235,-0.0730729833318539,1.6609761099930531,0.24089753526951235,-0.0730729833318539,1.6609761099930531,0.0,0.0,0.0,4.523402824804333,0.07539004708007221
1.260999999999972,0.24304991615181187,-0.07306155715450031,1.6609859470952497,0.24089753526951235,-0.0730729833318539,1.6609761099930531,0.24089753526951235,-0.0730729833318539,1.6609761099930531,0.0,0.0,0.0,4.5232393258850685,0.07538732209808448
1.2619999999999718,0.24303203633382509,-0.07305897564098325,1.6609829860794523,0.24089753526951235,-0.0730729833318539,1.6609761099930531,0.24089753526951235,-0.0730729833318539,1.6609761099930531,0.0,0.0,0.0,4.523077583131775,0.07538462638552958
1.2629999999999717,0.2430142413043693,-0.07305641487467933,1.6609800487332143,0.24089753526951235,-0.0730729833318539,1.6609761099930531,0.24089753526951235,-0.0730729833318539,1.6609761099930531,0.0,0.0,0.0,4.522917597430061,0.07538195995716768
1.2639999999999716,0.24299653114038902,-0.07305387492846996,1.6609771351298337,0.24089753526951235,-0.0730729833318539,1.6609761099930531,0.24089753526951235,-0.0730729833318539,1.6609761099930531,0.0,0.0,0.0,4.522759369461941,0.07537932282436569
1.2649999999999715,0.24297890591378896,-0.07305135587155345,1.660974245338516,0.24089753526951235,-0.0730729833318539,1.6609761099930531,0.24089753526951235,-0.0730729833318539,1.6609761099930531,0.0,0.0,0.0,4.522602899707436,0.07537671499512393
1.2659999999999714,0.2429613656914667,-0.07304885776949128,1.6609713794244296,0.24089753526951235,-0.0730729833318539,1.6609761099930531,0.24089753526951235,-0.0730729833318539,1.6609761099930531,0.0,0.0,0.0,4.522448188447635,0.07537413647412725
1.2669999999999713,0.24294391053534337,-0.0730463806842568,1.6609685374487637,0.24089753526951235,-0.0730729833318539,1.6609761099930531,0.24089753526951235,-0.0730729833318539,1.6609761099930531,0.0,0.0,0.0,4.522295235766487,0.07537158726277478
1.2679999999999712,0.24292654050239754,-0.07304392467428265,1.660965719468782,0.24089753526951235,-0.0730729833318539,1.6609761099930531,0.24089753526951235,-0.0730729833318539,1.6609761099930531,0.0,0.0,0.0,4.5221440415523695,0.07536906735920616
1.268999999999971,0.24290925564469482,-0.07304148979450721,1.6609629255378775,0.24089753526951235,-0.0730729833318539,1.6609761099930531,0.24089753526951235,-0.0730729833318539,1.6609761099930531,0.0,0.0,0.0,4.521994605501143,0.07536657675835239
1.269999999999971,0.24289205600942304,-0.07303907609642146,1.6609601557056257,0.24089753526951235,-0.0730729833318539,1.6609761099930531,0.24089753526951235,-0.0730729833318539,1.6609761099930531,0.0,0.0,0.0,4.521846927117771,0.07536411545196285
1.2709999999999708,0.24287494163892387,-0.07303668362811579,1.6609574100178424,0.24089753526951235,-0.0730729833318539,1.6609761099930531,0.24089753526951235,-0.0730729833318539,1.6609761099930531,0.0,0.0,0.0,4.521701005719214,0.07536168342865356
1.2719999999999707,0.24285791257072536,-0.07303431243432508,1.6609546885166322,0.24089753526951235,-0.0730729833318539,1.6609761099930531,0.24089753526951235,-0.0730729833318539,1.6609761099930531,0.0,0.0,0.0,4.52155684043574,0.075359280673929
1.2729999999999706,0.2428409688375753,-0.07303196255647518,1.6609519912404442,0.24089753526951235,-0.0730729833318539,1.6609761099930531,0.24089753526951235,-0.0730729833318539,1.6609761099930531,0.0,0.0,0.0,4.521414430213833,0.07535690717023054
1.2739999999999705,0.2428241104674754,-0.07302963403272683,1.660949318224126,0.24089753526951235,-0.0730729833318539,1.6609761099930531,0.24089753526951235,-0.0730729833318539,1.6609761099930531,0.0,0.0,0.0,4.5212737738178,0.07535456289696334
1.2749999999999704,0.24280733748371292,-0.07302732689802297,1.660946669498973,0.24089753526951235,-0.0730729833318539,1.6609761099930531,0.24089753526951235,-0.0730729833318539,1.6609761099930531,0.0,0.0,0.0,4.521134869832569,0.07535224783054281
1.2759999999999703,0.24279064990489604,-0.07302504118413039,1.660944045092781,0.24089753526951235,-0.0730729833318539,1.6609761099930531,0.24089753526951235,-0.0730729833318539,1.6609761099930531,0.0,0.0,0.0,4.520997716665355,0.07534996194442259
1.2769999999999702,0.24277404774498634,-0.07302277691968692,1.6609414450298978,0.24089753526951235,-0.0730729833318539,1.6609761099930531,0.24089753526951235,-0.0730729833318539,1.6609761099930531,0.0,0.0,0.0,4.520862312548316,0.07534770520913861
1.27799999999997,0.24275753101333342,-0.07302053413024252,1.6609388693312752,0.24089753526951235,-0.0730729833318539,1.6609761099930531,0.24089753526951235,-0.0730729833318539,1.6609761099930531,0.0,0.0,0.0,4.520728655540663,0.07534547759234438
1.27899999999997,0.2427410997147089,-0.0730183128383061,1.660936318014516,0.24089753526951235,-0.0730729833318539,1.6609761099930531,0.24089753526951235,-0.0730729833318539,1.6609761099930531,0.0,0.0,0.0,4.520596743530132,0.07534327905883553
1.2799999999999698,0.2427247538493401,-0.07301611306338483,1.6609337910939292,0.24089753526951235,-0.0730729833318539,1.6609761099930531,0.24089753526951235,-0.0730729833318539,1.6609761099930531,0.0,0.0,0.0,4.5204665742364805,0.07534110957060801
1.2809999999999697,0.24270849341294537,-0.07301393482203115,1.6609312885805736,0.24089753526951235,-0.0730729833318539,1.6609761099930531,0.24089753526951235,-0.0730729833318539,1.6609761099930531,0.0,0.0,0.0,4.520338145212481,0.07533896908687468
1.2819999999999696,0.24269231839676692,-0.0730117781278827,1.6609288104823121,0.24089753526951235,-0.0730729833318539,1.6609761099930531,0.24089753526951235,-0.0730729833318539,1.6609761099930531,0.0,0.0,0.0,4.520211453847081,0.07533685756411801
1.2829999999999695,0.2426762287876072,-0.07300964299170488,1.6609263568038586,0.24089753526951235,-0.0730729833318539,1.6609761099930531,0.24089753526951235,-0.0730729833318539,1.6609761099930531,0.0,0.0,0.0,4.520086497366689,0.07533477495611149
1.2839999999999694,0.24266022456786257,-0.0730075294214344,1.6609239275468237,0.24089753526951235,-0.0730729833318539,1.6609761099930531,0.24089753526951235,-0.0730729833318539,1.6609761099930531,0.0,0.0,0.0,4.519963272837755,0.07533272121396258
1.2849999999999693,0.24264430571555834,-0.07300543742221859,1.6609215227097687,0.24089753526951235,-0.0730729833318539,1.6609761099930531,0.24089753526951235,-0.0730729833318539,1.6609761099930531,0.0,0.0,0.0,4.519841777169416,0.07533069628615693
1.2859999999999692,0.24262847220438366,-0.07300336699645887,1.6609191422882454,0.24089753526951235,-0.0730729833318539,1.6609761099930531,0.24089753526951235,-0.0730729833318539,1.6609761099930531,0.0,0.0,0.0,4.519722007114646,0.07532870011857742
1.286999999999969,0.24261272400372624,-0.07300131814384972,1.6609167862748497,0.24089753526951235,-0.0730729833318539,1.6609761099930531,0.24089753526951235,-0.0730729833318539,1.6609761099930531,0.0,0.0,0.0,4.519603959273778,0.07532673265456297
1.287999999999969,0.2425970610787085,-0.0729992908614211,1.6609144546592662,0.24089753526951235,-0.0730729833318539,1.6609761099930531,0.24089753526951235,-0.0730729833318539,1.6609761099930531,0.0,0.0,0.0,4.519487630095541,0.07532479383492569
1.2889999999999688,0.24258148339022081,-0.07299728514357745,1.660912147428311,0.24089753526951235,-0.0730729833318539,1.6609761099930531,0.24089753526951235,-0.0730729833318539,1.6609761099930531,0.0,0.0,0.0,4.519373015879153,0.07532288359798588
1.2899999999999687,0.242565990894959,-0.07299530098213847,1.6609098645659834,0.24089753526951235,-0.0730729833318539,1.6609761099930531,0.24089753526951235,-0.0730729833318539,1.6609761099930531,0.0,0.0,0.0,4.519260112777712,0.07532100187962852
1.2909999999999686,0.24255058354545847,-0.07299333836637822,1.660907606053507,0.24089753526951235,-0.0730729833318539,1.6609761099930531,0.24089753526951235,-0.0730729833318539,1.6609761099930531,0.0,0.0,0.0,4.51914891679889,0.07531914861331483
1.2919999999999685,0.24253526129012964,-0.07299139728306486,1.6609053718693771,0.24089753526951235,-0.0730729833318539,1.6609761099930531,0.24089753526951235,-0.0730729833318539,1.6609761099930531,0.0,0.0,0.0,4.519039423808192,0.07531732373013654
1.2929999999999684,0.24252002407329362,-0.07298947771649943,1.6609031619894026,0.24089753526951235,-0.0730729833318539,1.6609761099930531,0.24089753526951235,-0.0730729833318539,1.6609761099930531,0.0,0.0,0.0,4.518931629530214,0.0753155271588369
1.2939999999999683,0.24250487183521793,-0.0729875796485546,1.6609009763867542,0.24089753526951235,-0.0730729833318539,1.6609761099930531,0.24089753526951235,-0.0730729833318539,1.6609761099930531,0.0,0.0,0.0,4.518825529551757,0.07531375882586261
1.2949999999999682,0.2424898045121519,-0.07298570305871302,1.6608988150320032,0.24089753526951235,-0.0730729833318539,1.6609761099930531,0.24089753526951235,-0.0730729833318539,1.6609761099930531,0.0,0.0,0.0,4.518721119322715,0.07531201865537858
1.295999999999968,0.24247482203636245,-0.07298384792410577,1.6608966778931697,0.24089753526951235,-0.0730729833318539,1.6609761099930531,0.24089753526951235,-0.0730729833318539,1.6609761099930531,0.0,0.0,0.0,4.518618394159315,0.07531030656932192
1.296999999999968,0.24245992433616992,-0.07298201421954954,1.6608945649357634,0.24089753526951235,-0.0730729833318539,1.6609761099930531,0.24089753526951235,-0.0730729833318539,1.6609761099930531,0.0,0.0,0.0,4.518517349245795,0.07530862248742992
1.2979999999999678,0.24244511133598354,-0.07298020191758417,1.6608924761228252,0.24089753526951235,-0.0730729833318539,1.6609761099930531,0.24089753526951235,-0.0730729833318539,1.6609761099930531,0.0,0.0,0.0,4.518417979636233,0.07530696632727055
1.2989999999999677,0.24243038295633731,-0.07297841098850992,1.6608904114149714,0.24089753526951235,-0.0730729833318539,1.6609761099930531,0.24089753526951235,-0.0730729833318539,1.6609761099930531,0.0,0.0,0.0,4.518320280257146,0.07530533800428577
1.2999999999999676,0.2424157391139259,-0.07297664140042423,1.660888370770434,0.24089753526951235,-0.0730729833318539,1.6609761099930531,0.24089753526951235,-0.0730729833318539,1.6609761099930531,0.0,0.0,0.0,4.518224245909219,0.07530373743182033
1.3009999999999675,0.2424011797216411,-0.0729748931192585,1.6608863541451033,0.24089753526951235,-0.0730729833318539,1.6609761099930531,0.24089753526951235,-0.0730729833318539,1.6609761099930531,0.0,0.0,0.0,4.518129871269267,0.07530216452115444
1.3019999999999674,0.24238670468860618,-0.07297316610881313,1.6608843614925677,0.24089753526951235,-0.0730729833318539,1.6609761099930531,0.24089753526951235,-0.0730729833318539,1.6609761099930531,0.0,0.0,0.0,4.518037150892747,0.07530061918154578
1.3029999999999673,0.2423723139202137,-0.07297146033079523,1.6608823927641554,0.24089753526951235,-0.0730729833318539,1.6609761099930531,0.24089753526951235,-0.0730729833318539,1.6609761099930531,0.0,0.0,0.0,4.517946079215528,0.0752991013202588
1.3039999999999672,0.2423580073181601,-0.07296977574485214,1.660880447908974,0.24089753526951235,-0.0730729833318539,1.6609761099930531,0.24089753526951235,-0.0730729833318539,1.6609761099930531,0.0,0.0,0.0,4.517856650555901,0.07529761084259835
1.304999999999967,0.2423437847804822,-0.07296811230860839,1.6608785268739519,0.24089753526951235,-0.0730729833318539,1.6609761099930531,0.24089753526951235,-0.0730729833318539,1.6609761099930531,0.0,0.0,0.0,4.517768859116862,0.07529614765194771
1.305999999999967,0.2423296462015927,-0.07296646997769972,1.6608766296038733,0.24089753526951235,-0.0730729833318539,1.6609761099930531,0.24089753526951235,-0.0730729833318539,1.6609761099930531,0.0,0.0,0.0,4.517682698987577,0.07529471164979294
1.3069999999999669,0.24231559147231602,-0.07296484870580719,1.6608747560414236,0.24089753526951235,-0.0730729833318539,1.6609761099930531,0.24089753526951235,-0.0730729833318539,1.6609761099930531,0.0,0.0,0.0,4.517598164146581,0.07529330273577635
1.3079999999999667,0.2423016204799266,-0.07296324844469339,1.6608729061272238,0.24089753526951235,-0.0730729833318539,1.6609761099930531,0.24089753526951235,-0.0730729833318539,1.6609761099930531,0.0,0.0,0.0,4.517515248462171,0.07529192080770285
1.3089999999999666,0.24228773310818083,-0.07296166914423462,1.6608710797998694,0.24089753526951235,-0.0730729833318539,1.6609761099930531,0.24089753526951235,-0.0730729833318539,1.6609761099930531,0.0,0.0,0.0,4.517433945695468,0.07529056576159114
1.3099999999999665,0.24227392923735613,-0.07296011075245451,1.6608692769959705,0.24089753526951235,-0.0730729833318539,1.6609761099930531,0.24089753526951235,-0.0730729833318539,1.6609761099930531,0.0,0.0,0.0,4.51735424950259,0.07528923749170983
1.3109999999999664,0.24226020874428542,-0.07295857321555961,1.660867497650186,0.24089753526951235,-0.0730729833318539,1.6609761099930531,0.24089753526951235,-0.0730729833318539,1.6609761099930531,0.0,0.0,0.0,4.51727615343569,0.07528793589059483
1.3119999999999663,0.2422465715023941,-0.07295705647797016,1.6608657416952648,0.24089753526951235,-0.0730729833318539,1.6609761099930531,0.24089753526951235,-0.0730729833318539,1.6609761099930531,0.0,0.0,0.0,4.517199650945843,0.07528666084909738
1.3129999999999662,0.24223301738173392,-0.07295556048235323,1.6608640090620783,0.24089753526951235,-0.0730729833318539,1.6609761099930531,0.24089753526951235,-0.0730729833318539,1.6609761099930531,0.0,0.0,0.0,4.517124735384045,0.07528541225640076
1.313999999999966,0.242219546249022,-0.07295408516965685,1.6608622996796607,0.24089753526951235,-0.0730729833318539,1.6609761099930531,0.24089753526951235,-0.0730729833318539,1.6609761099930531,0.0,0.0,0.0,4.517051400004183,0.07528419000006972
1.314999999999966,0.24220615796767375,-0.07295263047914063,1.6608606134752428,0.24089753526951235,-0.0730729833318539,1.6609761099930531,0.24089753526951235,-0.0730729833318539,1.6609761099930531,0.0,0.0,0.0,4.5169796379643055,0.07528299396607176
1.3159999999999659,0.24219285239784025,-0.07295119634840806,1.6608589503742892,0.24089753526951235,-0.0730729833318539,1.6609761099930531,0.24089753526951235,-0.0730729833318539,1.6609761099930531,0.0,0.0,0.0,4.516909442328746,0.07528182403881244
1.3169999999999658,0.24217962939644339,-0.07294978271343809,1.6608573103005317,0.24089753526951235,-0.0730729833318539,1.6609761099930531,0.24089753526951235,-0.0730729833318539,1.6609761099930531,0.0,0.0,0.0,4.516840806069893,0.07528068010116488
1.3179999999999656,0.24216648881721164,-0.07294838950861698,1.6608556931760063,0.24089753526951235,-0.0730729833318539,1.6609761099930531,0.24089753526951235,-0.0730729833318539,1.6609761099930531,0.0,0.0,0.0,4.516773722070318,0.0752795620345053
1.3189999999999655,0.24215343051071658,-0.07294701666676857,1.6608540989210885,0.24089753526951235,-0.0730729833318539,1.6609761099930531,0.24089753526951235,-0.0730729833318539,1.6609761099930531,0.0,0.0,0.0,4.516708183124496,0.07527846971874161
1.3199999999999654,0.24214045432440726,-0.07294566411918549,1.6608525274545247,0.24089753526951235,-0.0730729833318539,1.6609761099930531,0.24089753526951235,-0.0730729833318539,1.6609761099930531,0.0,0.0,0.0,4.516644181940341,0.07527740303233903
1.3209999999999653,0.2421275601026466,-0.07294433179565937,1.6608509786934669,0.24089753526951235,-0.0730729833318539,1.6609761099930531,0.24089753526951235,-0.0730729833318539,1.6609761099930531,0.0,0.0,0.0,4.516581711141878,0.07527636185236464
1.3219999999999652,0.24211474768674668,-0.07294301962451114,1.6608494525535091,0.24089753526951235,-0.0730729833318539,1.6609761099930531,0.24089753526951235,-0.0730729833318539,1.6609761099930531,0.0,0.0,0.0,4.516520763270663,0.07527534605451106
1.322999999999965,0.2421020169150045,-0.07294172753262042,1.6608479489487173,0.24089753526951235,-0.0730729833318539,1.6609761099930531,0.24089753526951235,-0.0730729833318539,1.6609761099930531,0.0,0.0,0.0,4.516461330787211,0.07527435551312017
1.323999999999965,0.24208936762273772,-0.0729404554454563,1.6608464677916652,0.24089753526951235,-0.0730729833318539,1.6609761099930531,0.24089753526951235,-0.0730729833318539,1.6609761099930531,0.0,0.0,0.0,4.516403406073546,0.07527339010122576
1.3249999999999649,0.24207679964231804,-0.0729392032871051,1.6608450089934634,0.24089753526951235,-0.0730729833318539,1.6609761099930531,0.24089753526951235,-0.0730729833318539,1.6609761099930531,0.0,0.0,0.0,4.516346981434251,0.07527244969057084
1.3259999999999648,0.24206431280320967,-0.07293797098030028,1.660843572463795,0.24089753526951235,-0.0730729833318539,1.6609761099930531,0.24089753526951235,-0.0730729833318539,1.6609761099930531,0.0,0.0,0.0,4.516292049098958,0.07527153415164929
1.3269999999999647,0.24205190693200193,-0.07293675844645117,1.660842158110945,0.24089753526951235,-0.0730729833318539,1.6609761099930531,0.24089753526951235,-0.0730729833318539,1.6609761099930531,0.0,0.0,0.0,4.516238601223686,0.0752706433537281
1.3279999999999645,0.24203958185244517,-0.07293556560567052,1.660840765841834,0.24089753526951235,-0.0730729833318539,1.6609761099930531,0.24089753526951235,-0.0730729833318539,1.6609761099930531,0.0,0.0,0.0,4.516186629892909,0.07526977716488181
1.3289999999999644,0.24202733738548748,-0.07293439237680423,1.6608393955620468,0.24089753526951235,-0.0730729833318539,1.6609761099930531,0.24089753526951235,-0.0730729833318539,1.6609761099930531,0.0,0.0,0.0,4.5161361271208325,0.07526893545201388
1.3299999999999643,0.24201517334930656,-0.07293323867745743,1.660838047175867,0.24089753526951235,-0.0730729833318539,1.6609761099930531,0.24089753526951235,-0.0730729833318539,1.6609761099930531,0.0,0.0,0.0,4.516087084853827,0.07526811808089712
1.3309999999999642,0.24200308955934735,-0.0729321044240238,1.660836720586301,0.24089753526951235,-0.0730729833318539,1.6609761099930531,0.24089753526951235,-0.0730729833318539,1.6609761099930531,0.0,0.0,0.0,4.516039494971173,0.0752673249161862
1.331999999999964,0.2419910858283555,-0.07293098953171079,1.660835415695117,0.24089753526951235,-0.0730729833318539,1.6609761099930531,0.24089753526951235,-0.0730729833318539,1.6609761099930531,0.0,0.0,0.0,4.515993349288335,0.07526655582147225
1.332999999999964,0.24197916196641323,-0.07292989391456903,1.6608341324028673,0.24089753526951235,-0.0730729833318539,1.6609761099930531,0.24089753526951235,-0.0730729833318539,1.6609761099930531,0.0,0.0,0.0,4.515948639556809,0.07526581065928015
1.3339999999999639,0.2419673177809724,-0.07292881748551756,1.6608328706089233,0.24089753526951235,-0.0730729833318539,1.6609761099930531,0.24089753526951235,-0.0730729833318539,1.6609761099930531,0.0,0.0,0.0,4.515905357467003,0.07526508929111671
1.3349999999999638,0.24195555307689082,-0.0729277601563705,1.6608316302115,0.24089753526951235,-0.0730729833318539,1.6609761099930531,0.24089753526951235,-0.0730729833318539,1.6609761099930531,0.0,0.0,0.0,4.5158634946494525,0.07526439157749087
1.3359999999999637,0.24194386765646517,-0.07292672183786347,1.6608304111076886,0.24089753526951235,-0.0730729833318539,1.6609761099930531,0.24089753526951235,-0.0730729833318539,1.6609761099930531,0.0,0.0,0.0,4.515823042676967,0.07526371737794944
1.3369999999999636,0.24193226131946727,-0.07292570243967937,1.6608292131934823,0.24089753526951235,-0.0730729833318539,1.6609761099930531,0.24089753526951235,-0.0730729833318539,1.6609761099930531,0.0,0.0,0.0,4.515783993065601,0.07526306655109335
1.3379999999999634,0.241920733863176,-0.07292470187047503,1.6608280363638082,0.24089753526951235,-0.0730729833318539,1.6609761099930531,0.24089753526951235,-0.0730729833318539,1.6609761099930531,0.0,0.0,0.0,4.5157463372768145,0.07526243895461357
1.3389999999999633,0.24190928508241294,-0.07292372003790448,1.6608268805125503,0.24089753526951235,-0.0730729833318539,1.6609761099930531,0.24089753526951235,-0.0730729833318539,1.6609761099930531,0.0,0.0,0.0,4.51571006671866,0.07526183444531101
1.3399999999999632,0.24189791476957728,-0.0729227568486462,1.6608257455325814,0.24089753526951235,-0.0730729833318539,1.6609761099930531,0.24089753526951235,-0.0730729833318539,1.6609761099930531,0.0,0.0,0.0,4.515675172747748,0.07526125287912915
1.340999999999963,0.24188662271467798,-0.07292181220842703,1.6608246313157888,0.24089753526951235,-0.0730729833318539,1.6609761099930531,0.24089753526951235,-0.0730729833318539,1.6609761099930531,0.0,0.0,0.0,4.515641646670891,0.07526069411118151
1.341999999999963,0.24187540870536836,-0.07292088602204662,1.6608235377531007,0.24089753526951235,-0.0730729833318539,1.6609761099930531,0.24089753526951235,-0.0730729833318539,1.6609761099930531,0.0,0.0,0.0,4.515609479745942,0.0752601579957657
1.342999999999963,0.24186427252698023,-0.07291997819340224,1.6608224647345127,0.24089753526951235,-0.0730729833318539,1.6609761099930531,0.24089753526951235,-0.0730729833318539,1.6609761099930531,0.0,0.0,0.0,4.515578663184422,0.07525964438640703
1.3439999999999628,0.24185321396255705,-0.07291908862551288,1.6608214121491165,0.24089753526951235,-0.0730729833318539,1.6609761099930531,0.24089753526951235,-0.0730729833318539,1.6609761099930531,0.0,0.0,0.0,4.51554918815243,0.07525915313587382
1.3449999999999627,0.24184223279288797,-0.07291821722054244,1.660820379885124,0.24089753526951235,-0.0730729833318539,1.6609761099930531,0.24089753526951235,-0.0730729833318539,1.6609761099930531,0.0,0.0,0.0,4.515521045771972,0.07525868409619953
1.3459999999999626,0.2418313287965404,-0.07291736387982345,1.660819367829893,0.24089753526951235,-0.0730729833318539,1.6609761099930531,0.24089753526951235,-0.0730729833318539,1.6609761099930531,0.0,0.0,0.0,4.515494227122945,0.07525823711871575
1.3469999999999624,0.2418205017498945,-0.07291652850388146,1.6608183758699546,0.24089753526951235,-0.0730729833318539,1.6609761099930531,0.24089753526951235,-0.0730729833318539,1.6609761099930531,0.0,0.0,0.0,4.515468723244684,0.07525781205407807
1.3479999999999623,0.24180975142717498,-0.07291571099245654,1.6608174038910342,0.24089753526951235,-0.0730729833318539,1.6609761099930531,0.24089753526951235,-0.0730729833318539,1.6609761099930531,0.0,0.0,0.0,4.5154445251369495,0.0752574087522825
1.3489999999999622,0.2417990776004851,-0.07291491124452693,1.6608164517780823,0.24089753526951235,-0.0730729833318539,1.6609761099930531,0.24089753526951235,-0.0730729833318539,1.6609761099930531,0.0,0.0,0.0,4.515421623762052,0.07525702706270086
1.3499999999999621,0.24178848003983988,-0.07291412915833156,1.6608155194152947,0.24089753526951235,-0.0730729833318539,1.6609761099930531,0.24089753526951235,-0.0730729833318539,1.6609761099930531,0.0,0.0,0.0,4.515400010045326,0.07525666683408877
1.350999999999962,0.2417779585131971,-0.0729133646313917,1.6608146066861358,0.24089753526951235,-0.0730729833318539,1.6609761099930531,0.24089753526951235,-0.0730729833318539,1.6609761099930531,0.0,0.0,0.0,4.515379674877674,0.0752563279146279
1.351999999999962,0.24176751278649222,-0.07291261756053408,1.6608137134733685,0.24089753526951235,-0.0730729833318539,1.6609761099930531,0.24089753526951235,-0.0730729833318539,1.6609761099930531,0.0,0.0,0.0,4.515360609116707,0.07525601015194511
1.3529999999999618,0.241757142623669,-0.07291188784191124,1.6608128396590724,0.24089753526951235,-0.0730729833318539,1.6609761099930531,0.24089753526951235,-0.0730729833318539,1.6609761099930531,0.0,0.0,0.0,4.515342803587415,0.07525571339312358
1.3539999999999617,0.24174684778671368,-0.07291117537102482,1.660811985124669,0.24089753526951235,-0.0730729833318539,1.6609761099930531,0.24089753526951235,-0.0730729833318539,1.6609761099930531,0.0,0.0,0.0,4.515326249084486,0.07525543748474144
1.3549999999999616,0.24173662803568569,-0.07291048004274513,1.660811149750945,0.24089753526951235,-0.0730729833318539,1.6609761099930531,0.24089753526951235,-0.0730729833318539,1.6609761099930531,0.0,0.0,0.0,4.5153109363732815,0.07525518227288802
1.3559999999999615,0.24172648312875017,-0.07290980175133356,1.6608103334180755,0.24089753526951235,-0.0730729833318539,1.6609761099930531,0.24089753526951235,-0.0730729833318539,1.6609761099930531,0.0,0.0,0.0,4.515296856191262,0.0752549476031877
1.3569999999999613,0.24171641282221057,-0.07290914039046176,1.6608095360056456,0.24089753526951235,-0.0730729833318539,1.6609761099930531,0.24089753526951235,-0.0730729833318539,1.6609761099930531,0.0,0.0,0.0,4.515283999249245,0.07525473332082075
1.3579999999999612,0.24170641687054029,-0.07290849585323432,1.6608087573926744,0.24089753526951235,-0.0730729833318539,1.6609761099930531,0.24089753526951235,-0.0730729833318539,1.6609761099930531,0.0,0.0,0.0,4.515272356233045,0.07525453927055076
1.3589999999999611,0.241696495026413,-0.07290786803220742,1.6608079974576337,0.24089753526951235,-0.0730729833318539,1.6609761099930531,0.24089753526951235,-0.0730729833318539,1.6609761099930531,0.0,0.0,0.0,4.515261917804319,0.07525436529673865
1.359999999999961,0.2416866470407365,-0.0729072568194093,1.6608072560784746,0.24089753526951235,-0.0730729833318539,1.6609761099930531,0.24089753526951235,-0.0730729833318539,1.6609761099930531,0.0,0.0,0.0,4.515252674602641,0.07525421124337735
1.360999999999961,0.24167687266268184,-0.07290666210636063,1.6608065331326443,0.24089753526951235,-0.0730729833318539,1.6609761099930531,0.24089753526951235,-0.0730729833318539,1.6609761099930531,0.0,0.0,0.0,4.515244617245695,0.0752540769540949
1.3619999999999608,0.24166717163971707,-0.0729060837840933,1.6608058284971094,0.24089753526951235,-0.0730729833318539,1.6609761099930531,0.24089753526951235,-0.0730729833318539,1.6609761099930531,0.0,0.0,0.0,4.5152377363318115,0.07525396227219686
1.3629999999999607,0.2416575437176349,-0.07290552174317079,1.6608051420483785,0.24089753526951235,-0.0730729833318539,1.6609761099930531,0.24089753526951235,-0.0730729833318539,1.6609761099930531,0.0,0.0,0.0,4.515232022440503,0.07525386704067505
1.3639999999999606,0.24164798864058756,-0.07290497587370577,1.66080447366252,0.24089753526951235,-0.0730729833318539,1.6609761099930531,0.24089753526951235,-0.0730729833318539,1.6609761099930531,0.0,0.0,0.0,4.515227466133449,0.07525379110222415
1.3649999999999605,0.24163850615111446,-0.07290444606538085,1.6608038232151818,0.24089753526951235,-0.0730729833318539,1.6609761099930531,0.24089753526951235,-0.0730729833318539,1.6609761099930531,0.0,0.0,0.0,4.515224057956447,0.07525373429927411
1.3659999999999604,0.24162909599017465,-0.07290393220746594,1.6608031905816174,0.24089753526951235,-0.0730729833318539,1.6609761099930531,0.24089753526951235,-0.0730729833318539,1.6609761099930531,0.0,0.0,0.0,4.51522178844069,0.0752536964740115
1.3669999999999602,0.2416197578971762,-0.07290343418883694,1.6608025756366973,0.24089753526951235,-0.0730729833318539,1.6609761099930531,0.24089753526951235,-0.0730729833318539,1.6609761099930531,0.0,0.0,0.0,4.515220648102856,0.07525367746838094
1.3679999999999601,0.24161049161000742,-0.07290295189799435,1.6608019782549368,0.24089753526951235,-0.0730729833318539,1.6609761099930531,0.24089753526951235,-0.0730729833318539,1.6609761099930531,0.0,0.0,0.0,4.515220627447866,0.0752536771241311
1.36899999999996,0.24160129686506637,-0.07290248522308106,1.6608013983105083,0.24089753526951235,-0.0730729833318539,1.6609761099930531,0.24089753526951235,-0.0730729833318539,1.6609761099930531,0.0,0.0,0.0,4.515221716968622,0.07525369528281037
1.36999999999996,0.24159217339729117,-0.0729020340518998,1.6608008356772668,0.24089753526951235,-0.0730729833318539,1.6609761099930531,0.24089753526951235,-0.0730729833318539,1.6609761099930531,0.0,0.0,0.0,4.515223907148465,0.07525373178580776
1.3709999999999598,0.24158312094018958,-0.07290159827193086,1.6608002902287622,0.24089753526951235,-0.0730729833318539,1.6609761099930531,0.24089753526951235,-0.0730729833318539,1.6609761099930531,0.0,0.0,0.0,4.515227188461182,0.07525378647435303
1.3719999999999597,0.2415741392258693,-0.07290117777034966,1.660799761838264,0.24089753526951235,-0.0730729833318539,1.6609761099930531,0.24089753526951235,-0.0730729833318539,1.6609761099930531,0.0,0.0,0.0,4.515231551373183,0.07525385918955305
1.3729999999999596,0.24156522798506624,-0.07290077243404343,1.6607992503787754,0.24089753526951235,-0.0730729833318539,1.6609761099930531,0.24089753526951235,-0.0730729833318539,1.6609761099930531,0.0,0.0,0.0,4.515236986343845,0.07525394977239741
1.3739999999999595,0.24155638694717665,-0.07290038214962913,1.6607987557230568,0.24089753526951235,-0.0730729833318539,1.6609761099930531,0.24089753526951235,-0.0730729833318539,1.6609761099930531,0.0,0.0,0.0,4.515243483827054,0.07525405806378423
1.3749999999999594,0.24154761584028156,-0.07290000680346798,1.6607982777436323,0.24089753526951235,-0.0730729833318539,1.6609761099930531,0.24089753526951235,-0.0730729833318539,1.6609761099930531,0.0,0.0,0.0,4.515251034271529,0.07525418390452548
1.3759999999999593,0.24153891439118036,-0.07289964628168391,1.6607978163128223,0.24089753526951235,-0.0730729833318539,1.6609761099930531,0.24089753526951235,-0.0730729833318539,1.6609761099930531,0.0,0.0,0.0,4.5152596281241415,0.07525432713540235
1.3769999999999591,0.2415302823254175,-0.07289930047017942,1.6607973713027502,0.24089753526951235,-0.0730729833318539,1.6609761099930531,0.24089753526951235,-0.0730729833318539,1.6609761099930531,0.0,0.0,0.0,4.515269255827952,0.07525448759713253
1.377999999999959,0.24152171936731195,-0.07289896925465025,1.6607969425853624,0.24089753526951235,-0.0730729833318539,1.6609761099930531,0.24089753526951235,-0.0730729833318539,1.6609761099930531,0.0,0.0,0.0,4.515279907825324,0.07525466513042206
1.378999999999959,0.24151322523998447,-0.0728986525206035,1.660796530032448,0.24089753526951235,-0.0730729833318539,1.6609761099930531,0.24089753526951235,-0.0730729833318539,1.6609761099930531,0.0,0.0,0.0,4.515291574558583,0.07525485957597638
1.3799999999999588,0.24150479966538746,-0.07289835015337039,1.660796133515651,0.24089753526951235,-0.0730729833318539,1.6609761099930531,0.24089753526951235,-0.0730729833318539,1.6609761099930531,0.0,0.0,0.0,4.515304246470169,0.07525507077450282
1.3809999999999587,0.24149644236433185,-0.07289806203812449,1.6607957529064885,0.24089753526951235,-0.0730729833318539,1.6609761099930531,0.24089753526951235,-0.0730729833318539,1.6609761099930531,0.0,0.0,0.0,4.51531791400523,0.07525529856675384
1.3819999999999586,0.241488153056517,-0.07289778805989476,1.66079538807637,0.24089753526951235,-0.0730729833318539,1.6609761099930531,0.24089753526951235,-0.0730729833318539,1.6609761099930531,0.0,0.0,0.0,4.5153325676112415,0.07525554279352069
1.3829999999999585,0.24147993146055496,-0.07289752810358181,1.6607950388966073,0.24089753526951235,-0.0730729833318539,1.6609761099930531,0.24089753526951235,-0.0730729833318539,1.6609761099930531,0.0,0.0,0.0,4.51534819773949,0.07525580329565816
1.3839999999999584,0.24147177729400282,-0.07289728205397189,1.6607947052384364,0.24089753526951235,-0.0730729833318539,1.6609761099930531,0.24089753526951235,-0.0730729833318539,1.6609761099930531,0.0,0.0,0.0,4.515364794846307,0.07525607991410511
1.3849999999999583,0.2414636902733862,-0.07289704979575205,1.6607943869730286,0.24089753526951235,-0.0730729833318539,1.6609761099930531,0.24089753526951235,-0.0730729833318539,1.6609761099930531,0.0,0.0,0.0,4.515382349393702,0.07525637248989504
1.3859999999999582,0.24145567011422867,-0.07289683121352372,1.6607940839715074,0.24089753526951235,-0.0730729833318539,1.6609761099930531,0.24089753526951235,-0.0730729833318539,1.6609761099930531,0.0,0.0,0.0,4.51540085185047,0.0752566808641745
1.386999999999958,0.24144771653107794,-0.07289662619181769,1.6607937961049648,0.24089753526951235,-0.0730729833318539,1.6609761099930531,0.24089753526951235,-0.0730729833318539,1.6609761099930531,0.0,0.0,0.0,4.515420292693259,0.07525700487822098
1.387999999999958,0.2414398292375338,-0.07289643461510777,1.6607935232444733,0.24089753526951235,-0.0730729833318539,1.6609761099930531,0.24089753526951235,-0.0730729833318539,1.6609761099930531,0.0,0.0,0.0,4.515440662406883,0.07525734437344805
1.3889999999999578,0.2414320079462733,-0.07289625636782422,1.6607932652611037,0.24089753526951235,-0.0730729833318539,1.6609761099930531,0.24089753526951235,-0.0730729833318539,1.6609761099930531,0.0,0.0,0.0,4.5154619514863255,0.07525769919143875
1.3899999999999577,0.24142425236907925,-0.07289609133436858,1.6607930220259361,0.24089753526951235,-0.0730729833318539,1.6609761099930531,0.24089753526951235,-0.0730729833318539,1.6609761099930531,0.0,0.0,0.0,4.5154841504363095,0.07525806917393849
1.3909999999999576,0.2414165622168647,-0.07289593939912456,1.660792793410079,0.24089753526951235,-0.0730729833318539,1.6609761099930531,0.24089753526951235,-0.0730729833318539,1.6609761099930531,0.0,0.0,0.0,4.515507249773675,0.07525845416289459
1.3919999999999575,0.24140893719970064,-0.07289580044647416,1.660792579284677,0.24089753526951235,-0.0730729833318539,1.6609761099930531,0.24089753526951235,-0.0730729833318539,1.6609761099930531,0.0,0.0,0.0,4.515531240026751,0.07525885400044584
1.3929999999999574,0.24140137702684203,-0.07289567436080867,1.6607923795209296,0.24089753526951235,-0.0730729833318539,1.6609761099930531,0.24089753526951235,-0.0730729833318539,1.6609761099930531,0.0,0.0,0.0,4.515556111737482,0.07525926852895802
1.3939999999999573,0.2413938814067516,-0.072895561026542,1.6607921939901027,0.24089753526951235,-0.0730729833318539,1.6609761099930531,0.24089753526951235,-0.0730729833318539,1.6609761099930531,0.0,0.0,0.0,4.515581855461489,0.07525969759102483
1.3949999999999572,0.24138645004712847,-0.07289546032812354,1.6607920225635426,0.24089753526951235,-0.0730729833318539,1.6609761099930531,0.24089753526951235,-0.0730729833318539,1.6609761099930531,0.0,0.0,0.0,4.515608461769285,0.0752601410294881
1.395999999999957,0.2413790826549318,-0.07289537215005071,1.6607918651126876,0.24089753526951235,-0.0730729833318539,1.6609761099930531,0.24089753526951235,-0.0730729833318539,1.6609761099930531,0.0,0.0,0.0,4.51563592124671,0.07526059868744515
1.396999999999957,0.24137177893640643,-0.0728952963768804,1.6607917215090842,0.24089753526951235,-0.0730729833318539,1.6609761099930531,0.24089753526951235,-0.0730729833318539,1.6609761099930531,0.0,0.0,0.0,4.515664224496548,0.0752610704082758
1.3979999999999568,0.2413645385971085,-0.07289523289324214,1.6607915916243958,0.24089753526951235,-0.0730729833318539,1.6609761099930531,0.24089753526951235,-0.0730729833318539,1.6609761099930531,0.0,0.0,0.0,4.515693362138213,0.07526155603563689
1.3989999999999567,0.24135736134192898,-0.07289518158384872,1.6607914753304185,0.24089753526951235,-0.0730729833318539,1.6609761099930531,0.24089753526951235,-0.0730729833318539,1.6609761099930531,0.0,0.0,0.0,4.5157233248095645,0.07526205541349275
1.3999999999999566,0.2413502468751207,-0.07289514233350937,1.6607913724990915,0.24089753526951235,-0.0730729833318539,1.6609761099930531,0.24089753526951235,-0.0730729833318539,1.6609761099930531,0.0,0.0,0.0,4.515754103167197,0.07526256838611994
1.4009999999999565,0.2413431949003213,-0.07289511502713997,1.6607912830025116,0.24089753526951235,-0.0730729833318539,1.6609761099930531,0.24089753526951235,-0.0730729833318539,1.6609761099930531,0.0,0.0,0.0,4.515785687887192,0.07526309479811986
1.4019999999999564,0.24133620512057757,-0.07289509954977481,1.6607912067129404,0.24089753526951235,-0.0730729833318539,1.6609761099930531,0.24089753526951235,-0.0730729833318539,1.6609761099930531,0.0,0.0,0.0,4.515818069665625,0.07526363449442708
1.4029999999999563,0.24132927723837072,-0.07289509578657842,1.660791143502822,0.24089753526951235,-0.0730729833318539,1.6609761099930531,0.24089753526951235,-0.0730729833318539,1.6609761099930531,0.0,0.0,0.0,4.515851239220245,0.07526418732033742
1.4039999999999562,0.24132241095563958,-0.07289510362285573,1.6607910932447902,0.24089753526951235,-0.0730729833318539,1.6609761099930531,0.24089753526951235,-0.0730729833318539,1.6609761099930531,0.0,0.0,0.0,4.515885187290128,0.07526475312150213
1.404999999999956,0.24131560597380428,-0.07289512294406282,1.660791055811683,0.24089753526951235,-0.0730729833318539,1.6609761099930531,0.24089753526951235,-0.0730729833318539,1.6609761099930531,0.0,0.0,0.0,4.515919904637006,0.0752653317439501
1.405999999999956,0.24130886199379087,-0.07289515363581833,1.6607910310765497,0.24089753526951235,-0.0730729833318539,1.6609761099930531,0.24089753526951235,-0.0730729833318539,1.6609761099930531,0.0,0.0,0.0,4.515955382045653,0.07526592303409421
1.4069999999999558,0.24130217871605333,-0.07289519558391354,1.6607910189126665,0.24089753526951235,-0.0730729833318539,1.6609761099930531,0.24089753526951235,-0.0730729833318539,1.6609761099930531,0.0,0.0,0.0,4.515991610325107,0.07526652683875179
1.4079999999999557,0.2412955558405988,-0.07289524867432237,1.6607910191935449,0.24089753526951235,-0.0730729833318539,1.6609761099930531,0.24089753526951235,-0.0730729833318539,1.6609761099930531,0.0,0.0,0.0,4.51602858030863,0.07526714300514384
1.4089999999999556,0.2412889930670089,-0.07289531279321186,1.6607910317929406,0.24089753526951235,-0.0730729833318539,1.6609761099930531,0.24089753526951235,-0.0730729833318539,1.6609761099930531,0.0,0.0,0.0,4.516066282854847,0.0752677713809141
1.4099999999999555,0.24128249009446306,-0.0728953878269524,1.6607910565848687,0.24089753526951235,-0.0730729833318539,1.6609761099930531,0.24089753526951235,-0.0730729833318539,1.6609761099930531,0.0,0.0,0.0,4.516104708848669,0.07526841181414448
1.4109999999999554,0.24127604662176222,-0.07289547366212684,1.6607910934436103,0.24089753526951235,-0.0730729833318539,1.6609761099930531,0.24089753526951235,-0.0730729833318539,1.6609761099930531,0.0,0.0,0.0,4.516143849201009,0.07526906415335015
1.4119999999999553,0.24126966234734937,-0.0728955701855406,1.6607911422437223,0.24089753526951235,-0.0730729833318539,1.6609761099930531,0.24089753526951235,-0.0730729833318539,1.6609761099930531,0.0,0.0,0.0,4.516183694850104,0.07526972824750174
1.4129999999999552,0.24126333696933466,-0.07289567728423106,1.6607912028600509,0.24089753526951235,-0.0730729833318539,1.6609761099930531,0.24089753526951235,-0.0730729833318539,1.6609761099930531,0.0,0.0,0.0,4.516224236762341,0.07527040394603901
1.413999999999955,0.2412570701855149,-0.07289579484547702,1.660791275167736,0.24089753526951235,-0.0730729833318539,1.6609761099930531,0.24089753526951235,-0.0730729833318539,1.6609761099930531,0.0,0.0,0.0,4.51626546593205,0.0752710910988675
1.414999999999955,0.24125086169339688,-0.07289592275680744,1.6607913590422267,0.24089753526951235,-0.0730729833318539,1.6609761099930531,0.24089753526951235,-0.0730729833318539,1.6609761099930531,0.0,0.0,0.0,4.5163073733831895,0.0752717895563865
1.4159999999999549,0.241244711190219,-0.07289606090601125,1.6607914543592852,0.24089753526951235,-0.0730729833318539,1.6609761099930531,0.24089753526951235,-0.0730729833318539,1.6609761099930531,0.0,0.0,0.0,4.516349950168771,0.07527249916947952
1.4169999999999547,0.2412386183729731,-0.07289620918114455,1.6607915609950004,0.24089753526951235,-0.0730729833318539,1.6609761099930531,0.24089753526951235,-0.0730729833318539,1.6609761099930531,0.0,0.0,0.0,4.516393187372489,0.07527321978954148
1.4179999999999546,0.24123258293842487,-0.07289636747054193,1.660791678825794,0.24089753526951235,-0.0730729833318539,1.6609761099930531,0.24089753526951235,-0.0730729833318539,1.6609761099930531,0.0,0.0,0.0,4.516437076108632,0.0752739512684772
1.4189999999999545,0.24122660458313616,-0.07289653566282239,1.6607918077284307,0.24089753526951235,-0.0730729833318539,1.6609761099930531,0.24089753526951235,-0.0730729833318539,1.6609761099930531,0.0,0.0,0.0,4.516481607522814,0.07527469345871357
1.4199999999999544,0.24122068300348515,-0.07289671364689879,1.660791947580026,0.24089753526951235,-0.0730729833318539,1.6609761099930531,0.24089753526951235,-0.0730729833318539,1.6609761099930531,0.0,0.0,0.0,4.516526772792536,0.07527544621320893
1.4209999999999543,0.2412148178956886,-0.07289690131198724,1.660792098258057,0.24089753526951235,-0.0730729833318539,1.6609761099930531,0.24089753526951235,-0.0730729833318539,1.6609761099930531,0.0,0.0,0.0,4.516572563128013,0.07527620938546688
1.4219999999999542,0.24120900895581984,-0.07289709854761255,1.660792259640368,0.24089753526951235,-0.0730729833318539,1.6609761099930531,0.24089753526951235,-0.0730729833318539,1.6609761099930531,0.0,0.0,0.0,4.516618969771812,0.0752769828295302
1.422999999999954,0.24120325587983274,-0.07289730524361857,1.6607924316051805,0.24089753526951235,-0.0730729833318539,1.6609761099930531,0.24089753526951235,-0.0730729833318539,1.6609761099930531,0.0,0.0,0.0,4.516665984000643,0.07527776640001073
1.423999999999954,0.24119755836357826,-0.07289752129017456,1.6607926140311,0.24089753526951235,-0.0730729833318539,1.6609761099930531,0.24089753526951235,-0.0730729833318539,1.6609761099930531,0.0,0.0,0.0,4.516713597124697,0.07527855995207829
1.4249999999999539,0.24119191610282847,-0.07289774657778417,1.660792806797125,0.24089753526951235,-0.0730729833318539,1.6609761099930531,0.24089753526951235,-0.0730729833318539,1.6609761099930531,0.0,0.0,0.0,4.5167618004888945,0.07527936334148158
1.4259999999999537,0.24118632879329277,-0.07289798099729136,1.6607930097826549,0.24089753526951235,-0.0730729833318539,1.6609761099930531,0.24089753526951235,-0.0730729833318539,1.6609761099930531,0.0,0.0,0.0,4.516810585473154,0.07528017642455256
1.4269999999999536,0.24118079613064006,-0.07289822443988836,1.6607932228674955,0.24089753526951235,-0.0730729833318539,1.6609761099930531,0.24089753526951235,-0.0730729833318539,1.6609761099930531,0.0,0.0,0.0,4.516859943492658,0.07528099905821098
1.4279999999999535,0.24117531781051726,-0.07289847679712343,1.6607934459318692,0.24089753526951235,-0.0730729833318539,1.6609761099930531,0.24089753526951235,-0.0730729833318539,1.6609761099930531,0.0,0.0,0.0,4.516909865998781,0.07528183109997968
1.4289999999999534,0.2411698935285686,-0.07289873796090747,1.660793678856421,0.24089753526951235,-0.0730729833318539,1.6609761099930531,0.24089753526951235,-0.0730729833318539,1.6609761099930531,0.0,0.0,0.0,4.51696034447909,0.07528267240798484
1.4299999999999533,0.24116452298045576,-0.07289900782352081,1.6607939215222263,0.24089753526951235,-0.0730729833318539,1.6609761099930531,0.24089753526951235,-0.0730729833318539,1.6609761099930531,0.0,0.0,0.0,4.517011370457838,0.07528352284096397
1.4309999999999532,0.241159205861875,-0.0728992862776199,1.6607941738107945,0.24089753526951235,-0.0730729833318539,1.6609761099930531,0.24089753526951235,-0.0730729833318539,1.6609761099930531,0.0,0.0,0.0,4.517062935496493,0.07528438225827488
1.431999999999953,0.2411539418685782,-0.07289957321624517,1.6607944356040825,0.24089753526951235,-0.0730729833318539,1.6609761099930531,0.24089753526951235,-0.0730729833318539,1.6609761099930531,0.0,0.0,0.0,4.517115031194854,0.07528525051991423
1.432999999999953,0.2411487306963896,-0.07289986853282521,1.6607947067844946,0.24089753526951235,-0.0730729833318539,1.6609761099930531,0.24089753526951235,-0.0730729833318539,1.6609761099930531,0.0,0.0,0.0,4.517167649189898,0.0752861274864983
1.4339999999999529,0.2411435720412253,-0.07290017212118623,1.6607949872348944,0.24089753526951235,-0.0730729833318539,1.6609761099930531,0.24089753526951235,-0.0730729833318539,1.6609761099930531,0.0,0.0,0.0,4.517220781157803,0.07528701301929672
1.4349999999999528,0.2411384655991106,-0.07290048387555474,1.6607952768386054,0.24089753526951235,-0.0730729833318539,1.6609761099930531,0.24089753526951235,-0.0730729833318539,1.6609761099930531,0.0,0.0,0.0,4.517274418813062,0.0752879069802177
1.4359999999999526,0.24113341106619968,-0.07290080369056698,1.6607955754794241,0.24089753526951235,-0.0730729833318539,1.6609761099930531,0.24089753526951235,-0.0730729833318539,1.6609761099930531,0.0,0.0,0.0,4.517328553910144,0.07528880923183574
1.4369999999999525,0.24112840813879116,-0.07290113146127325,1.6607958830416218,0.24089753526951235,-0.0730729833318539,1.6609761099930531,0.24089753526951235,-0.0730729833318539,1.6609761099930531,0.0,0.0,0.0,4.517383178242549,0.07528971963737582
1.4379999999999524,0.2411234565133473,-0.07290146708314345,1.6607961994099496,0.24089753526951235,-0.0730729833318539,1.6609761099930531,0.24089753526951235,-0.0730729833318539,1.6609761099930531,0.0,0.0,0.0,4.5174382836439975,0.07529063806073329
1.4389999999999523,0.2411185558865117,-0.07290181045207354,1.6607965244696477,0.24089753526951235,-0.0730729833318539,1.6609761099930531,0.24089753526951235,-0.0730729833318539,1.6609761099930531,0.0,0.0,0.0,4.517493861988895,0.07529156436648159
1.4399999999999522,0.2411137059551255,-0.07290216146439119,1.6607968581064507,0.24089753526951235,-0.0730729833318539,1.6609761099930531,0.24089753526951235,-0.0730729833318539,1.6609761099930531,0.0,0.0,0.0,4.517549905192198,0.07529249841986997
1.440999999999952,0.24110890641624563,-0.07290252001686137,1.6607972002065898,0.24089753526951235,-0.0730729833318539,1.6609761099930531,0.24089753526951235,-0.0730729833318539,1.6609761099930531,0.0,0.0,0.0,4.5176064052096825,0.07529344008682805
1.441999999999952,0.24110415696716045,-0.07290288600669013,1.6607975506568005,0.24089753526951235,-0.0730729833318539,1.6609761099930531,0.24089753526951235,-0.0730729833318539,1.6609761099930531,0.0,0.0,0.0,4.517663354038925,0.07529438923398209
1.4429999999999519,0.24109945730540822,-0.07290325933153284,1.6607979093443306,0.24089753526951235,-0.0730729833318539,1.6609761099930531,0.24089753526951235,-0.0730729833318539,1.6609761099930531,0.0,0.0,0.0,4.517720743719241,0.07529534572865401
1.4439999999999518,0.2410948071287919,-0.07290363988949572,1.6607982761569395,0.24089753526951235,-0.0730729833318539,1.6609761099930531,0.24089753526951235,-0.0730729833318539,1.6609761099930531,0.0,0.0,0.0,4.517778566331683,0.07529630943886138
1.4449999999999517,0.24109020613539728,-0.07290402757914392,1.6607986509829082,0.24089753526951235,-0.0730729833318539,1.6609761099930531,0.24089753526951235,-0.0730729833318539,1.6609761099930531,0.0,0.0,0.0,4.517836814000185,0.07529728023333643
1.4459999999999515,0.24108565402360754,-0.07290442229950438,1.6607990337110425,0.24089753526951235,-0.0730729833318539,1.6609761099930531,0.24089753526951235,-0.0730729833318539,1.6609761099930531,0.0,0.0,0.0,4.517895478890948,0.07529825798151579
1.4469999999999514,0.24108115049212026,-0.07290482395007175,1.6607994242306763,0.24089753526951235,-0.0730729833318539,1.6609761099930531,0.24089753526951235,-0.0730729833318539,1.6609761099930531,0.0,0.0,0.0,4.517954553213146,0.07529924255355243
1.4479999999999513,0.24107669523996356,-0.07290523243081228,1.6607998224316796,0.24089753526951235,-0.0730729833318539,1.6609761099930531,0.24089753526951235,-0.0730729833318539,1.6609761099930531,0.0,0.0,0.0,4.518014029219511,0.07530023382032519
1.4489999999999512,0.24107228796651115,-0.07290564764216934,1.6608002282044598,0.24089753526951235,-0.0730729833318539,1.6609761099930531,0.24089753526951235,-0.0730729833318539,1.6609761099930531,0.0,0.0,0.0,4.518073899205953,0.07530123165343254
1.449999999999951,0.24106792837149776,-0.07290606948506563,1.6608006414399688,0.24089753526951235,-0.0730729833318539,1.6609761099930531,0.24089753526951235,-0.0730729833318539,1.6609761099930531,0.0,0.0,0.0,4.518134155512465,0.07530223592520775
1.450999999999951,0.2410636161550348,-0.07290649786091051,1.6608010620297047,0.24089753526951235,-0.0730729833318539,1.6609761099930531,0.24089753526951235,-0.0730729833318539,1.6609761099930531,0.0,0.0,0.0,4.518194790522791,0.07530324650871317
1.4519999999999509,0.24105935101762554,-0.07290693267160199,1.6608014898657186,0.24089753526951235,-0.0730729833318539,1.6609761099930531,0.24089753526951235,-0.0730729833318539,1.6609761099930531,0.0,0.0,0.0,4.518255796665268,0.07530426327775447
1.4529999999999508,0.24105513266018022,-0.07290737381953127,1.6608019248406165,0.24089753526951235,-0.0730729833318539,1.6609761099930531,0.24089753526951235,-0.0730729833318539,1.6609761099930531,0.0,0.0,0.0,4.518317166412481,0.07530528610687467
1.4539999999999507,0.24105096078403077,-0.07290782120758708,1.6608023668475647,0.24089753526951235,-0.0730729833318539,1.6609761099930531,0.24089753526951235,-0.0730729833318539,1.6609761099930531,0.0,0.0,0.0,4.51837889228203,0.07530631487136716
1.4549999999999506,0.2410468350909436,-0.07290827473915976,1.660802815780293,0.24089753526951235,-0.0730729833318539,1.6609761099930531,0.24089753526951235,-0.0730729833318539,1.6609761099930531,0.0,0.0,0.0,4.518440966836429,0.07530734944727381
1.4559999999999504,0.24104275528313832,-0.0729087343181435,1.6608032715330983,0.24089753526951235,-0.0730729833318539,1.6609761099930531,0.24089753526951235,-0.0730729833318539,1.6609761099930531,0.0,0.0,0.0,4.518503382683155,0.07530838971138593
1.4569999999999503,0.24103872106329738,-0.07290919984894215,1.6608037340008486,0.24089753526951235,-0.0730729833318539,1.6609761099930531,0.24089753526951235,-0.0730729833318539,1.6609761099930531,0.0,0.0,0.0,4.518566132475528,0.07530943554125881
1.4579999999999502,0.24103473213458343,-0.07290967123647085,1.6608042030789871,0.24089753526951235,-0.0730729833318539,1.6609761099930531,0.24089753526951235,-0.0730729833318539,1.6609761099930531,0.0,0.0,0.0,4.518629208912406,0.07531048681520677
1.4589999999999501,0.24103078820065135,-0.07291014838616085,1.660804678663533,0.24089753526951235,-0.0730729833318539,1.6609761099930531,0.24089753526951235,-0.0730729833318539,1.6609761099930531,0.0,0.0,0.0,4.5186926047382885,0.07531154341230481
1.45999999999995,0.24102688896566304,-0.07291063120396189,1.6608051606510899,0.24089753526951235,-0.0730729833318539,1.6609761099930531,0.24089753526951235,-0.0730729833318539,1.6609761099930531,0.0,0.0,0.0,4.518756312743923,0.07531260521239871
1.46099999999995,0.24102303413430043,-0.07291111959634579,1.6608056489388416,0.24089753526951235,-0.0730729833318539,1.6609761099930531,0.24089753526951235,-0.0730729833318539,1.6609761099930531,0.0,0.0,0.0,4.518820325765731,0.0753136720960955
1.4619999999999498,0.24101922341177878,-0.07291161347030961,1.6608061434245631,0.24089753526951235,-0.0730729833318539,1.6609761099930531,0.24089753526951235,-0.0730729833318539,1.6609761099930531,0.0,0.0,0.0,4.518884636687288,0.07531474394478813
1.4629999999999497,0.2410154565038612,-0.07291211273337855,1.6608066440066165,0.24089753526951235,-0.0730729833318539,1.6609761099930531,0.24089753526951235,-0.0730729833318539,1.6609761099930531,0.0,0.0,0.0,4.518949238438067,0.07531582064063444
1.4639999999999496,0.2410117331168701,-0.07291261729360929,1.6608071505839608,0.24089753526951235,-0.0730729833318539,1.6609761099930531,0.24089753526951235,-0.0730729833318539,1.6609761099930531,0.0,0.0,0.0,4.5190141239946895,0.07531690206657816
1.4649999999999495,0.2410080529577005,-0.07291312705959183,1.6608076630561481,0.24089753526951235,-0.0730729833318539,1.6609761099930531,0.24089753526951235,-0.0730729833318539,1.6609761099930531,0.0,0.0,0.0,4.519079286379965,0.07531798810633275
1.4659999999999493,0.24100441573383363,-0.07291364194045359,1.6608081813233297,0.24089753526951235,-0.0730729833318539,1.6609761099930531,0.24089753526951235,-0.0730729833318539,1.6609761099930531,0.0,0.0,0.0,4.519144718664306,0.0753190786444051
1.4669999999999492,0.24100082115334845,-0.07291416184586035,1.6608087052862586,0.24089753526951235,-0.0730729833318539,1.6609761099930531,0.24089753526951235,-0.0730729833318539,1.6609761099930531,0.0,0.0,0.0,4.519210413965276,0.07532017356608793
1.4679999999999491,0.24099726892493423,-0.07291468668602098,1.660809234846291,0.24089753526951235,-0.0730729833318539,1.6609761099930531,0.24089753526951235,-0.0730729833318539,1.6609761099930531,0.0,0.0,0.0,4.519276365447346,0.07532127275745576
1.468999999999949,0.240993758757904,-0.07291521637168756,1.6608097699053912,0.24089753526951235,-0.0730729833318539,1.6609761099930531,0.24089753526951235,-0.0730729833318539,1.6609761099930531,0.0,0.0,0.0,4.5193425663226225,0.07532237610537704
1.469999999999949,0.24099029036220448,-0.07291575081415964,1.6608103103661278,0.24089753526951235,-0.0730729833318539,1.6609761099930531,0.24089753526951235,-0.0730729833318539,1.6609761099930531,0.0,0.0,0.0,4.519409009850298,0.07532348349750496
1.4709999999999488,0.24098686344842996,-0.07291628992528523,1.6608108561316837,0.24089753526951235,-0.0730729833318539,1.6609761099930531,0.24089753526951235,-0.0730729833318539,1.6609761099930531,0.0,0.0,0.0,4.519475689337863,0.07532459482229772
1.4719999999999487,0.24098347772783274,-0.0729168336174635,1.660811407105852,0.24089753526951235,-0.0730729833318539,1.6609761099930531,0.24089753526951235,-0.0730729833318539,1.6609761099930531,0.0,0.0,0.0,4.519542598140017,0.07532570996900029
1.4729999999999486,0.2409801329123351,-0.07291738180364708,1.6608119631930418,0.24089753526951235,-0.0730729833318539,1.6609761099930531,0.24089753526951235,-0.0730729833318539,1.6609761099930531,0.0,0.0,0.0,4.519609729659427,0.07532682882765712
1.4739999999999485,0.24097682871454118,-0.07291793439734381,1.6608125242982776,0.24089753526951235,-0.0730729833318539,1.6609761099930531,0.24089753526951235,-0.0730729833318539,1.6609761099930531,0.0,0.0,0.0,4.519677077346607,0.07532795128911011
1.4749999999999484,0.24097356484774737,-0.07291849131261811,1.6608130903272027,0.24089753526951235,-0.0730729833318539,1.6609761099930531,0.24089753526951235,-0.0730729833318539,1.6609761099930531,0.0,0.0,0.0,4.519744634700116,0.07532907724500193
1.4759999999999482,0.24097034102595394,-0.07291905246409437,1.6608136611860798,0.24089753526951235,-0.0730729833318539,1.6609761099930531,0.24089753526951235,-0.0730729833318539,1.6609761099930531,0.0,0.0,0.0,4.5198123952667135,0.07533020658777856
1.4769999999999481,0.24096715696387572,-0.07291961776695646,1.660814236781793,0.24089753526951235,-0.0730729833318539,1.6609761099930531,0.24089753526951235,-0.0730729833318539,1.6609761099930531,0.0,0.0,0.0,4.5198803526412314,0.07533133921068719
1.477999999999948,0.24096401237695386,-0.07292018713695123,1.6608148170218517,0.24089753526951235,-0.0730729833318539,1.6609761099930531,0.24089753526951235,-0.0730729833318539,1.6609761099930531,0.0,0.0,0.0,4.519948500466698,0.0753324750077783
1.478999999999948,0.24096090698136421,-0.07292076049038981,1.6608154018143875,0.24089753526951235,-0.0730729833318539,1.6609761099930531,0.24089753526951235,-0.0730729833318539,1.6609761099930531,0.0,0.0,0.0,4.520016832434105,0.07533361387390175
1.4799999999999478,0.24095784049402985,-0.07292133774414798,1.6608159910681572,0.24089753526951235,-0.0730729833318539,1.6609761099930531,0.24089753526951235,-0.0730729833318539,1.6609761099930531,0.0,0.0,0.0,4.520085342284229,0.07533475570473716
1.4809999999999477,0.2409548126326303,-0.07292191881566897,1.6608165846925451,0.24089753526951235,-0.0730729833318539,1.6609761099930531,0.24089753526951235,-0.0730729833318539,1.6609761099930531,0.0,0.0,0.0,4.520154023803399,0.07533590039672332
1.4819999999999476,0.24095182311561253,-0.07292250362296385,1.6608171825975662,0.24089753526951235,-0.0730729833318539,1.6609761099930531,0.24089753526951235,-0.0730729833318539,1.6609761099930531,0.0,0.0,0.0,4.520222870829019,0.07533704784715031
1.4829999999999475,0.2409488716621997,-0.07292309208461326,1.6608177846938643,0.24089753526951235,-0.0730729833318539,1.6609761099930531,0.24089753526951235,-0.0730729833318539,1.6609761099930531,0.0,0.0,0.0,4.520291877246122,0.07533819795410204
1.4839999999999474,0.24094595799240232,-0.0729236841197685,1.6608183908927114,0.24089753526951235,-0.0730729833318539,1.6609761099930531,0.24089753526951235,-0.0730729833318539,1.6609761099930531,0.0,0.0,0.0,4.52036103698771,0.07533935061646184
1.4849999999999473,0.24094308182702653,-0.07292427964815279,1.6608190011060129,0.24089753526951235,-0.0730729833318539,1.6609761099930531,0.24089753526951235,-0.0730729833318539,1.6609761099930531,0.0,0.0,0.0,4.520430344036202,0.0753405057339367
1.4859999999999471,0.24094024288768484,-0.07292487859006155,1.6608196152463062,0.24089753526951235,-0.0730729833318539,1.6609761099930531,0.24089753526951235,-0.0730729833318539,1.6609761099930531,0.0,0.0,0.0,4.520499792422061,0.07534166320703435
1.486999999999947,0.2409374408968048,-0.07292548086636413,1.6608202332267612,0.24089753526951235,-0.0730729833318539,1.6609761099930531,0.24089753526951235,-0.0730729833318539,1.6609761099930531,0.0,0.0,0.0,4.520569376224313,0.07534282293707188
1.487999999999947,0.24093467557763898,-0.07292608639850477,1.6608208549611823,0.24089753526951235,-0.0730729833318539,1.6609761099930531,0.24089753526951235,-0.0730729833318539,1.6609761099930531,0.0,0.0,0.0,4.5206390895708255,0.07534398482618042
1.4889999999999468,0.24093194665427192,-0.07292669510850268,1.6608214803640076,0.24089753526951235,-0.0730729833318539,1.6609761099930531,0.24089753526951235,-0.0730729833318539,1.6609761099930531,0.0,0.0,0.0,4.520708926637824,0.07534514877729707
1.4899999999999467,0.24092925385163233,-0.07292730691895363,1.6608221093503106,0.24089753526951235,-0.0730729833318539,1.6609761099930531,0.24089753526951235,-0.0730729833318539,1.6609761099930531,0.0,0.0,0.0,4.520778881650191,0.07534631469416984
1.4909999999999466,0.24092659689549834,-0.07292792175303002,1.6608227418358013,0.24089753526951235,-0.0730729833318539,1.6609761099930531,0.24089753526951235,-0.0730729833318539,1.6609761099930531,0.0,0.0,0.0,4.520848948881555,0.07534748248135924
1.4919999999999465,0.24092397551250883,-0.07292853953448115,1.6608233777368229,0.24089753526951235,-0.0730729833318539,1.6609761099930531,0.24089753526951235,-0.0730729833318539,1.6609761099930531,0.0,0.0,0.0,4.520919122653785,0.07534865204422975
1.4929999999999464,0.24092138943017183,-0.07292916018763541,1.6608240169703596,0.24089753526951235,-0.0730729833318539,1.6609761099930531,0.24089753526951235,-0.0730729833318539,1.6609761099930531,0.0,0.0,0.0,4.520989397337859,0.07534982328896431
1.4939999999999463,0.24091883837686892,-0.07292978363739806,1.6608246594540257,0.24089753526951235,-0.0730729833318539,1.6609761099930531,0.24089753526951235,-0.0730729833318539,1.6609761099930531,0.0,0.0,0.0,4.521059767352433,0.07535099612254055
1.4949999999999461,0.24091632208186986,-0.07293040980925443,1.6608253051060784,0.24089753526951235,-0.0730729833318539,1.6609761099930531,0.24089753526951235,-0.0730729833318539,1.6609761099930531,0.0,0.0,0.0,4.521130227165982,0.07535217045276638
1.495999999999946,0.24091384027533336,-0.07293103862926789,1.660825953845407,0.24089753526951235,-0.0730729833318539,1.6609761099930531,0.24089753526951235,-0.0730729833318539,1.6609761099930531,0.0,0.0,0.0,4.521200771294092,0.07535334618823487
1.496999999999946,0.240911392688323,-0.07293167002408225,1.660826605591541,0.24089753526951235,-0.0730729833318539,1.6609761099930531,0.24089753526951235,-0.0730729833318539,1.6609761099930531,0.0,0.0,0.0,4.521271394301914,0.07535452323836524
1.4979999999999458,0.2409089790528069,-0.07293230392091996,1.6608272602646466,0.24089753526951235,-0.0730729833318539,1.6609761099930531,0.24089753526951235,-0.0730729833318539,1.6609761099930531,0.0,0.0,0.0,4.521342090802522,0.07535570151337537
1.4989999999999457,0.24090659910167056,-0.07293294024758357,1.6608279177855252,0.24089753526951235,-0.0730729833318539,1.6609761099930531,0.24089753526951235,-0.0730729833318539,1.6609761099930531,0.0,0.0,0.0,4.521412855457117,0.07535688092428529
1.4999999999999456,0.24090425256872278,-0.0729335789324553,1.6608285780756153,0.24089753526951235,-0.0730729833318539,1.6609761099930531,0.24089753526951235,-0.0730729833318539,1.6609761099930531,0.0,0.0,0.0,4.521483682975681,0.07535806138292803
1.5009999999999455,0.24090193918870328,-0.07293421990449732,1.6608292410569936,0.24089753526951235,-0.0730729833318539,1.6609761099930531,0.24089753526951235,-0.0730729833318539,1.6609761099930531,0.0,0.0,0.0,4.521554568116482,0.07535924280194137
