time_s,ee_x,ee_y,ee_z,ref_x,ref_y,ref_z,actor_goal_x,actor_goal_y,actor_goal_z,force_x_n,force_y_n,force_z_n,max_abs_ctrl,max_control_fraction
0.001,0.24089753526951235,-0.0730729833318539,1.6609761099930531,0.24089753526951235,-0.0730729833318539,1.6609761099930531,0.24089753526951235,-0.0730729833318539,1.6609761099930531,0.0,0.0,0.0,4.534865693479492,0.07558109489132488
0.002,0.24089792617506692,-0.07307301570812491,1.6609760723441913,0.24089753526951235,-0.0730729833318539,1.6609761099930531,0.24089753526951235,-0.0730729833318539,1.6609761099930531,0.0,0.0,0.0,4.543371965735952,0.07572286609559921
0.003,0.24089831937263367,-0.07307305800194208,1.6609758875775094,0.24089753526951235,-0.0730729833318539,1.6609761099930531,0.24089753526951235,-0.0730729833318539,1.6609761099930531,0.0,0.0,0.0,4.546428334659099,0.07577380557765165
0.004,0.2408985959084074,-0.0730730990489868,1.660975551864305,0.24089753526951235,-0.0730729833318539,1.6609761099930531,0.24089753526951235,-0.0730729833318539,1.6609761099930531,0.0,0.0,0.0,4.547257830046676,0.07578763050077793
0.005,0.24089873850627827,-0.07307313315159046,1.6609750987717846,0.24089753526951235,-0.0730729833318539,1.6609761099930531,0.24089753526951235,-0.0730729833318539,1.6609761099930531,0.0,0.0,0.0,4.547114933131309,0.07578524888552181
0.006,0.24089876482285622,-0.07307315754235848,1.6609745717463507,0.24089753526951235,-0.0730729833318539,1.6609761099930531,0.24089753526951235,-0.0730729833318539,1.6609761099930531,0.0,0.0,0.0,4.546480530460921,0.07577467550768202
0.007,0.24089870159190813,-0.07307317118215499,1.660974013170756,0.24089753526951235,-0.0730729833318539,1.6609761099930531,0.24089753526951235,-0.0730729833318539,1.6609761099930531,0.0,0.0,0.0,4.545542338855097,0.07575903898091828
0.008,0.24089857513298557,-0.07307317412966402,1.6609734601938622,0.24089753526951235,-0.0730729833318539,1.6609761099930531,0.24089753526951235,-0.0730729833318539,1.6609761099930531,0.0,0.0,0.0,4.544384565115738,0.07573974275192898
0.009000000000000001,0.2408984082820678,-0.07307316716657666,1.6609729433461156,0.24089753526951235,-0.0730729833318539,1.6609761099930531,0.24089753526951235,-0.0730729833318539,1.6609761099930531,0.0,0.0,0.0,4.5430598967927835,0.07571766494654639
0.010000000000000002,0.24089821975031128,-0.07307315154600319,1.6609724863219646,0.24089753526951235,-0.0730729833318539,1.6609761099930531,0.24089753526951235,-0.0730729833318539,1.6609761099930531,0.0,0.0,0.0,4.541614504652858,0.07569357507754763
0.011000000000000003,0.24089802433408047,-0.07307312880771873,1.6609721062709677,0.24089753526951235,-0.0730729833318539,1.6609761099930531,0.24089753526951235,-0.0730729833318539,1.6609761099930531,0.0,0.0,0.0,4.540094822242718,0.07566824703737864
0.012000000000000004,0.2408978333733201,-0.07307310063548901,1.6609718143260033,0.24089753526951235,-0.0730729833318539,1.6609761099930531,0.24089753526951235,-0.0730729833318539,1.6609761099930531,0.0,0.0,0.0,4.5385477095158455,0.07564246182526409
0.013000000000000005,0.24089765524162357,-0.07307306874498394,1.6609716162508046,0.24089753526951235,-0.0730729833318539,1.6609761099930531,0.24089753526951235,-0.0730729833318539,1.6609761099930531,0.0,0.0,0.0,4.537018604283378,0.0756169767380563
0.014000000000000005,0.24089749580012498,-0.0730730347963328,1.660971513149337,0.24089753526951235,-0.0730729833318539,1.6609761099930531,0.24089753526951235,-0.0730729833318539,1.6609761099930531,0.0,0.0,0.0,4.535549423058677,0.07559249038431128
0.015000000000000006,0.24089735880142438,-0.07307300032772664,1.660971502202941,0.24089753526951235,-0.0730729833318539,1.6609761099930531,0.24089753526951235,-0.0730729833318539,1.6609761099930531,0.0,0.0,0.0,4.534176830346137,0.07556961383910228
0.016000000000000007,0.2408972462469981,-0.07307296670742312,1.6609715774105287,0.24089753526951235,-0.0730729833318539,1.6609761099930531,0.24089753526951235,-0.0730729833318539,1.6609761099930531,0.0,0.0,0.0,4.5329310438632975,0.07554885073105495
0.017000000000000008,0.24089715870516154,-0.07307293510190291,1.6609717303115887,0.24089753526951235,-0.0730729833318539,1.6609761099930531,0.24089753526951235,-0.0730729833318539,1.6609761099930531,0.0,0.0,0.0,4.531835170543433,0.07553058617572388
0.01800000000000001,0.2408970955958083,-0.07307290645807854,1.660971950674705,0.24089753526951235,-0.0730729833318539,1.6609761099930531,0.24089753526951235,-0.0730729833318539,1.6609761099930531,0.0,0.0,0.0,4.5309050069603,0.07551508344933833
0.01900000000000001,0.24089705544625362,-0.07307288149751771,1.6609722271370833,0.24089753526951235,-0.0730729833318539,1.6609761099930531,0.24089753526951235,-0.0730729833318539,1.6609761099930531,0.0,0.0,0.0,4.530149220502436,0.07550248700837393
0.02000000000000001,0.24089703612079266,-0.07307286072069143,1.6609725477834136,0.24089753526951235,-0.0730729833318539,1.6609761099930531,0.24089753526951235,-0.0730729833318539,1.6609761099930531,0.0,0.0,0.0,4.5295698271920575,0.07549283045320096
0.02100000000000001,0.24089703502536214,-0.07307284441931748,1.6609729006553944,0.24089753526951235,-0.0730729833318539,1.6609761099930531,0.24089753526951235,-0.0730729833318539,1.6609761099930531,0.0,0.0,0.0,4.5291628879360015,0.0754860481322667
0.022000000000000013,0.24089704928796563,-0.07307283269495524,1.6609732741862475,0.24089753526951235,-0.0730729833318539,1.6609761099930531,0.24089753526951235,-0.0730729833318539,1.6609761099930531,0.0,0.0,0.0,4.528919353093203,0.07548198921822005
0.023000000000000013,0.24089707591520382,-0.07307282548211944,1.660973657557432,0.24089753526951235,-0.0730729833318539,1.6609761099930531,0.24089753526951235,-0.0730729833318539,1.6609761099930531,0.0,0.0,0.0,4.528825994014689,0.07548043323357814
0.024000000000000014,0.24089711192522356,-0.07307282257432604,1.6609740409774725,0.24089753526951235,-0.0730729833318539,1.6609761099930531,0.24089753526951235,-0.0730729833318539,1.6609761099930531,0.0,0.0,0.0,4.528866369055292,0.07548110615092153
0.025000000000000015,0.24089715445756787,-0.07307282365163924,1.66097441588516,0.24089753526951235,-0.0730729833318539,1.6609761099930531,0.24089753526951235,-0.0730729833318539,1.6609761099930531,0.0,0.0,0.0,4.529021780200675,0.07548369633667791
0.026000000000000016,0.2408972008606809,-0.07307282830847942,1.6609747750814563,0.24089753526951235,-0.0730729833318539,1.6609761099930531,0.24089753526951235,-0.0730729833318539,1.6609761099930531,0.0,0.0,0.0,4.529272184774713,0.0754878697462452
0.027000000000000017,0.24089724875815155,-0.0730728360806264,1.6609751127960344,0.24089753526951235,-0.0730729833318539,1.6609761099930531,0.24089753526951235,-0.0730729833318539,1.6609761099930531,0.0,0.0,0.0,4.529597034544708,0.07549328390907847
0.028000000000000018,0.24089729609509059,-0.07307284647056439,1.6609754246956476,0.24089753526951235,-0.0730729833318539,1.6609761099930531,0.24089753526951235,-0.0730729833318539,1.6609761099930531,0.0,0.0,0.0,4.529976021869081,0.07549960036448469
0.02900000000000002,0.2408973411663448,-0.07307285897049154,1.660975707842375,0.24089753526951235,-0.0730729833318539,1.6609761099930531,0.24089753526951235,-0.0730729833318539,1.6609761099930531,0.0,0.0,0.0,4.530389719215927,0.07550649532026546
0.03000000000000002,0.24089738262847282,-0.07307287308251058,1.6609759606102505,0.24089753526951235,-0.0730729833318539,1.6609761099930531,0.24089753526951235,-0.0730729833318539,1.6609761099930531,0.0,0.0,0.0,4.530820104381417,0.07551366840635694
0.03100000000000002,0.24089741949759108,-0.0730728883356847,1.6609761825689509,0.24089753526951235,-0.0730729833318539,1.6609761099930531,0.24089753526951235,-0.0730729833318539,1.6609761099930531,0.0,0.0,0.0,4.5312509689922695,0.07552084948320449
0.03200000000000002,0.240897451135301,-0.07307290429980251,1.6609763743430512,0.24089753526951235,-0.0730729833318539,1.6609761099930531,0.24089753526951235,-0.0730729833318539,1.6609761099930531,0.0,0.0,0.0,4.531668212361823,0.07552780353936371
0.03300000000000002,0.2408974772249261,-0.0730729205958292,1.6609765374549474,0.24089753526951235,-0.0730729833318539,1.6609761099930531,0.24089753526951235,-0.0730729833318539,1.6609761099930531,0.0,0.0,0.0,4.532060026477263,0.07553433377462104
0.03400000000000002,0.24089749774029218,-0.0730729369031477,1.6609766741589493,0.24089753526951235,-0.0730729833318539,1.6609761099930531,0.24089753526951235,-0.0730729833318539,1.6609761099930531,0.0,0.0,0.0,4.532416980832652,0.07554028301387754
0.035000000000000024,0.24089751290913686,-0.07307295296378022,1.6609767872732417,0.24089753526951235,-0.0730729833318539,1.6609761099930531,0.24089753526951235,-0.0730729833318539,1.6609761099930531,0.0,0.0,0.0,4.532732018020058,0.07554553363366763
0.036000000000000025,0.24089752317314506,-0.0730729685838626,1.6609768800155862,0.24089753526951235,-0.0730729833318539,1.6609761099930531,0.24089753526951235,-0.0730729833318539,1.6609761099930531,0.0,0.0,0.0,4.533000372487291,0.07555000620812152
0.037000000000000026,0.24089752914639462,-0.07307298363270057,1.6609769558476235,0.24089753526951235,-0.0730729833318539,1.6609761099930531,0.24089753526951235,-0.0730729833318539,1.6609761099930531,0.0,0.0,0.0,4.533219425721409,0.07555365709535682
0.03800000000000003,0.24089753157379193,-0.07307299803976815,1.6609770183317139,0.24089753526951235,-0.0730729833318539,1.6609761099930531,0.24089753526951235,-0.0730729833318539,1.6609761099930531,0.0,0.0,0.0,4.533388511402824,0.07555647519004706
0.03900000000000003,0.24089753129084868,-0.07307301179002726,1.660977071003253,0.24089753526951235,-0.0730729833318539,1.6609761099930531,0.24089753526951235,-0.0730729833318539,1.6609761099930531,0.0,0.0,0.0,4.533508683842963,0.07555847806404939
0.04000000000000003,0.24089752918591154,-0.07307302491795821,1.6609771172604941,0.24089753526951235,-0.0730729833318539,1.6609761099930531,0.24089753526951235,-0.0730729833318539,1.6609761099930531,0.0,0.0,0.0,4.533582462383785,0.0755597077063964
0.04100000000000003,0.24089752616570248,-0.07307303750066425,1.6609771602730339,0.24089753526951235,-0.0730729833318539,1.6609761099930531,0.24089753526951235,-0.0730729833318539,1.6609761099930531,0.0,0.0,0.0,4.533613563451032,0.07556022605751721
0.04200000000000003,0.24089752312481422,-0.07307304965040898,1.660977202909356,0.24089753526951235,-0.0730729833318539,1.6609761099930531,0.24089753526951235,-0.0730729833318539,1.6609761099930531,0.0,0.0,0.0,4.533606630717918,0.07556011051196529
0.04300000000000003,0.24089752091955474,-0.07307306150689974,1.6609772476831108,0.24089753526951235,-0.0730729833318539,1.6609761099930531,0.24089753526951235,-0.0730729833318539,1.6609761099930531,0.0,0.0,0.0,4.533566972418675,0.07555944954031125
0.04400000000000003,0.24089752034636847,-0.07307307322960507,1.6609772967173184,0.24089753526951235,-0.0730729833318539,1.6609761099930531,0.24089753526951235,-0.0730729833318539,1.6609761099930531,0.0,0.0,0.0,4.533500313337321,0.07555833855562201
0.04500000000000003,0.240897522124841,-0.07307308499034182,1.6609773517251014,0.24089753526951235,-0.0730729833318539,1.6609761099930531,0.24089753526951235,-0.0730729833318539,1.6609761099930531,0.0,0.0,0.0,4.533412567425473,0.07555687612375789
0.046000000000000034,0.2408975268851756,-0.07307309696633228,1.6609774140053175,0.24089753526951235,-0.0730729833318539,1.6609761099930531,0.24089753526951235,-0.0730729833318539,1.6609761099930531,0.0,0.0,0.0,4.533309635486293,0.07555516059143821
0.047000000000000035,0.24089753515988258,-0.0730731093338883,1.6609774844511624,0.24089753526951235,-0.0730729833318539,1.6609761099930531,0.24089753526951235,-0.0730729833318539,1.6609761099930531,0.0,0.0,0.0,4.533197230874728,0.07555328718124546
0.048000000000000036,0.24089754737932573,-0.07307312226282778,1.6609775635696478,0.24089753526951235,-0.0730729833318539,1.6609761099930531,0.24089753526951235,-0.0730729833318539,1.6609761099930531,0.0,0.0,0.0,4.533080734817258,0.07555134558028763
0.04900000000000004,0.24089756387070205,-0.07307313591170271,1.660977651509871,0.24089753526951235,-0.0730729833318539,1.6609761099930531,0.24089753526951235,-0.0730729833318539,1.6609761099930531,0.0,0.0,0.0,4.532965081742295,0.07554941802903824
0.05000000000000004,0.24089758485997936,-0.07307315042386668,1.660977748097958,0.24089753526951235,-0.0730729833318539,1.6609761099930531,0.24089753526951235,-0.0730729833318539,1.6609761099930531,0.0,0.0,0.0,4.532854673948867,0.07554757789914777
0.05100000000000004,0.240897610476294,-0.07307316592439281,1.6609778528766752,0.24089753526951235,-0.0730729833318539,1.6609761099930531,0.24089753526951235,-0.0730729833318539,1.6609761099930531,0.0,0.0,0.0,4.532753324074524,0.0755458887345754
0.05200000000000004,0.2408976407583063,-0.07307318251781358,1.6609779651478667,0.24089753526951235,-0.0730729833318539,1.6609761099930531,0.24089753526951235,-0.0730729833318539,1.6609761099930531,0.0,0.0,0.0,4.532664223126024,0.07554440371876707
0.05300000000000004,0.2408976756620288,-0.07307320028663959,1.6609780840160195,0.24089753526951235,-0.0730729833318539,1.6609761099930531,0.24089753526951235,-0.0730729833318539,1.6609761099930531,0.0,0.0,0.0,4.532589931315939,0.07554316552193231
0.05400000000000004,0.2408977150696654,-0.07307321929059084,1.6609782084315146,0.24089753526951235,-0.0730729833318539,1.6609761099930531,0.24089753526951235,-0.0730729833318539,1.6609761099930531,0.0,0.0,0.0,4.532532388613305,0.07554220647688842
0.05500000000000004,0.2408977587990495,-0.07307323956646775,1.6609783372323261,0.24089753526951235,-0.0730729833318539,1.6609761099930531,0.24089753526951235,-0.0730729833318539,1.6609761099930531,0.0,0.0,0.0,4.532492941723062,0.0755415490287177
0.05600000000000004,0.24089780661331095,-0.07307326112857992,1.6609784691831886,0.24089753526951235,-0.0730729833318539,1.6609761099930531,0.24089753526951235,-0.0730729833318539,1.6609761099930531,0.0,0.0,0.0,4.532472384170346,0.0755412064028391
0.057000000000000044,0.24089785823045146,-0.07307328396963772,1.6609786030114497,0.24089753526951235,-0.0730729833318539,1.6609761099930531,0.24089753526951235,-0.0730729833318539,1.6609761099930531,0.0,0.0,0.0,4.532471006241145,0.07554118343735242
0.058000000000000045,0.24089791333257993,-0.07307330806202733,1.6609787374391063,0.24089753526951235,-0.0730729833318539,1.6609761099930531,0.24089753526951235,-0.0730729833318539,1.6609761099930531,0.0,0.0,0.0,4.5542133737211845,0.07554147752861878
0.059000000000000045,0.2408979715745955,-0.07307333335937996,1.6609788712106643,0.24089753526951235,-0.0730729833318539,1.6609761099930531,0.24089753526951235,-0.0730729833318539,1.6609761099930531,0.0,0.0,0.0,4.595201010563418,0.07554207964320313
0.060000000000000046,0.24089803259217718,-0.07307335979835344,1.6609790031166973,0.24089753526951235,-0.0730729833318539,1.6609761099930531,0.24089753526951235,-0.0730729833318539,1.6609761099930531,0.0,0.0,0.0,4.633178420501514,0.07554297535477382
0.06100000000000005,0.24089809600897347,-0.07307338730055654,1.6609791320131044,0.24089753526951235,-0.0730729833318539,1.6609761099930531,0.24089753526951235,-0.0730729833318539,1.6609761099930531,0.0,0.0,0.0,4.668122721594682,0.0755441458703145
0.06200000000000005,0.24089816144294485,-0.0730734157745472,1.6609792568362263,0.24089753526951235,-0.0730729833318539,1.6609761099930531,0.24089753526951235,-0.0730729833318539,1.6609761099930531,0.0,0.0,0.0,4.700021056883451,0.07554556901630274
0.06300000000000004,0.24089822851183676,-0.07307344511785066,1.6609793766140526,0.24089753526951235,-0.0730729833318539,1.6609761099930531,0.24089753526951235,-0.0730729833318539,1.6609761099930531,0.0,0.0,0.0,4.7288705922288,0.07554722016169156
0.06400000000000004,0.2408982968378042,-0.07307347521894741,1.6609794904738637,0.24089753526951235,-0.0730729833318539,1.6609761099930531,0.24089753526951235,-0.0730729833318539,1.6609761099930531,0.0,0.0,0.0,4.754678411313165,0.07554907306061383
0.06500000000000004,0.2408983660512264,-0.07307350595919342,1.6609795976466917,0.24089753526951235,-0.0730729833318539,1.6609761099930531,0.24089753526951235,-0.0730729833318539,1.6609761099930531,0.0,0.0,0.0,4.777461312058633,0.07555110060330444
0.06600000000000004,0.24089843579377268,-0.0730735372146444,1.6609796974689972,0.24089753526951235,-0.0730729833318539,1.6609761099930531,0.24089753526951235,-0.0730729833318539,1.6609761099930531,0.0,0.0,0.0,4.797245510734308,0.07555327546877985
0.06700000000000005,0.24089850572079446,-0.07307356885775766,1.660979789382007,0.24089753526951235,-0.0730729833318539,1.6609761099930531,0.24089753526951235,-0.0730729833318539,1.6609761099930531,0.0,0.0,0.0,4.814066261711207,0.075555570677353
0.06800000000000005,0.24089857550312327,-0.07307360075896316,1.6609798729291243,0.24089753526951235,-0.0730729833318539,1.6609761099930531,0.24089753526951235,-0.0730729833318539,1.6609761099930531,0.0,0.0,0.0,4.827967402228014,0.07555796004461944
0.06900000000000005,0.24089864482835743,-0.07307363278808553,1.6609799477518041,0.24089753526951235,-0.0730729833318539,1.6609761099930531,0.24089753526951235,-0.0730729833318539,1.6609761099930531,0.0,0.0,0.0,4.839000832559792,0.07556041854164196
0.07000000000000005,0.2408987134017213,-0.07307366481562465,1.6609800135842827,0.24089753526951235,-0.0730729833318539,1.6609761099930531,0.24089753526951235,-0.0730729833318539,1.6609761099930531,0.0,0.0,0.0,4.847225942679447,0.07556292256830584
0.07100000000000005,0.2408987809465746,-0.07307369671388544,1.6609800702474744,0.24089753526951235,-0.0730729833318539,1.6609761099930531,0.24089753526951235,-0.0730729833318539,1.6609761099930531,0.0,0.0,0.0,4.852708996837958,0.07556545014832995
0.07200000000000005,0.24089884721752686,-0.0730737283599861,1.660980117632921,0.24089753526951235,-0.0730729833318539,1.6609761099930531,0.24089753526951235,-0.0730729833318539,1.6609761099930531,0.0,0.0,0.0,4.855529471494862,0.0755679884273928
0.07300000000000005,0.2408989119972938,-0.0730737596342321,1.6609801556801438,0.24089753526951235,-0.0730729833318539,1.6609761099930531,0.24089753526951235,-0.0730729833318539,1.6609761099930531,0.0,0.0,0.0,4.855782076968549,0.07557053062348246
0.07400000000000005,0.24089897508838987,-0.07307379041992572,1.6609801843545837,0.24089753526951235,-0.0730729833318539,1.6609761099930531,0.24089753526951235,-0.0730729833318539,1.6609761099930531,0.0,0.0,0.0,4.853577204614316,0.07557307426752727
0.07500000000000005,0.2408990362857127,-0.07307382060208806,1.6609802036433008,0.24089753526951235,-0.0730729833318539,1.6609761099930531,0.24089753526951235,-0.0730729833318539,1.6609761099930531,0.0,0.0,0.0,4.849030006457946,0.07557560913826035
0.07600000000000005,0.24089909537272053,-0.07307385006745296,1.660980213565126,0.24089753526951235,-0.0730729833318539,1.6609761099930531,0.24089753526951235,-0.0730729833318539,1.6609761099930531,0.0,0.0,0.0,4.842255268180237,0.0755781202314385
0.07700000000000005,0.2408991521296982,-0.07307387870534034,1.6609802141833585,0.24089753526951235,-0.0730729833318539,1.6609761099930531,0.24089753526951235,-0.0730729833318539,1.6609761099930531,0.0,0.0,0.0,4.833365960618717,0.07558059084098061
0.07800000000000006,0.24089920634342457,-0.07307390640883084,1.660980205615836,0.24089753526951235,-0.0730729833318539,1.6609761099930531,0.24089753526951235,-0.0730729833318539,1.6609761099930531,0.0,0.0,0.0,4.822472804178127,0.07558300383261976
0.07900000000000006,0.24089925781532065,-0.07307393307599949,1.6609801880411983,0.24089753526951235,-0.0730729833318539,1.6609761099930531,0.24089753526951235,-0.0730729833318539,1.6609761099930531,0.0,0.0,0.0,4.809684139326721,0.07558534236756245
0.08000000000000006,0.24089930636751658,-0.07307395861108777,1.6609801617013797,0.24089753526951235,-0.0730729833318539,1.6609761099930531,0.24089753526951235,-0.0730729833318539,1.6609761099930531,0.0,0.0,0.0,4.795105884991731,0.07558759044246317
0.08100000000000006,0.24089935184694944,-0.07307398292555306,1.660980126900792,0.24089753526951235,-0.0730729833318539,1.6609761099930531,0.24089753526951235,-0.0730729833318539,1.6609761099930531,0.0,0.0,0.0,4.778841519696831,0.07558973333877446
0.08200000000000006,0.24089939412777198,-0.07307400593894625,1.6609800840027336,0.24089753526951235,-0.0730729833318539,1.6609761099930531,0.24089753526951235,-0.0730729833318539,1.6609761099930531,0.0,0.0,0.0,4.760992067183357,0.07559175799590855
0.08300000000000006,0.2408994331123508,-0.0730740275795983,1.6609800334236067,0.24089753526951235,-0.0730729833318539,1.6609761099930531,0.24089753526951235,-0.0730729833318539,1.6609761099930531,0.0,0.0,0.0,4.741656082101245,0.07559365330441302
0.08400000000000006,0.24089946873114068,-0.07307404778510515,1.6609799756254966,0.24089753526951235,-0.0730729833318539,1.6609761099930531,0.24089753526951235,-0.0730729833318539,1.6609761099930531,0.0,0.0,0.0,4.72092963520164,0.07559541031438831
0.08500000000000006,0.24089950094165358,-0.07307406650260267,1.6609799111076193,0.24089753526951235,-0.0730729833318539,1.6609761099930531,0.24089753526951235,-0.0730729833318539,1.6609761099930531,0.0,0.0,0.0,4.698906298345077,0.07559702235810443
0.08600000000000006,0.24089952972675371,-0.07307408368884813,1.6609798403971494,0.24089753526951235,-0.0730729833318539,1.6609761099930531,0.24089753526951235,-0.0730729833318539,1.6609761099930531,0.0,0.0,0.0,4.67567712977821,0.07559848508979677
0.08700000000000006,0.24089955509245442,-0.07307409931011748,1.660979764039807,0.24089753526951235,-0.0730729833318539,1.6609761099930531,0.24089753526951235,-0.0730729833318539,1.6609761099930531,0.0,0.0,0.0,4.6513306600963364,0.07559979644896092
0.08800000000000006,0.24089957706538656,-0.07307411334193681,1.6609796825906098,0.24089753526951235,-0.0730729833318539,1.6609761099930531,0.24089753526951235,-0.0730729833318539,1.6609761099930531,0.0,0.0,0.0,4.625952879261437,0.07560095655626867
0.08900000000000007,0.24089959569008018,-0.07307412576867502,1.660979596605087,0.24089753526951235,-0.0730729833318539,1.6609761099930531,0.24089753526951235,-0.0730729833318539,1.6609761099930531,0.0,0.0,0.0,4.599627225038963,0.07560196755265557
0.09000000000000007,0.24089961102618038,-0.07307413658301538,1.6609795066311908,0.24089753526951235,-0.0730729833318539,1.6609761099930531,0.24089753526951235,-0.0730729833318539,1.6609761099930531,0.0,0.0,0.0,4.572434573200369,0.07560283339327219
0.09100000000000007,0.24089962314570537,-0.07307414578534105,1.6609794132021098,0.24089753526951235,-0.0730729833318539,1.6609761099930531,0.24089753526951235,-0.0730729833318539,1.6609761099930531,0.0,0.0,0.0,4.544453229863473,0.07560355960825096
0.09200000000000007,0.2408996321304147,-0.0730741533830505,1.6609793168301095,0.24089753526951235,-0.0730729833318539,1.6609761099930531,0.24089753526951235,-0.0730729833318539,1.6609761099930531,0.0,0.0,0.0,4.536249182518021,0.07560415304196702
0.09300000000000007,0.24089963806937348,-0.07307415938983527,1.6609792180014673,0.24089753526951235,-0.0730729833318539,1.6609761099930531,0.24089753526951235,-0.0730729833318539,1.6609761099930531,0.0,0.0,0.0,4.536277294908234,0.0756046215818039
0.09400000000000007,0.24089964105674283,-0.07307416382493803,1.6609791171725499,0.24089753526951235,-0.0730729833318539,1.6609761099930531,0.24089753526951235,-0.0730729833318539,1.6609761099930531,0.0,0.0,0.0,4.536298433191133,0.07560497388651889
0.09500000000000007,0.2408996411898345,-0.07307416671241274,1.6609790147669945,0.24089753526951235,-0.0730729833318539,1.6609761099930531,0.24089753526951235,-0.0730729833318539,1.6609761099930531,0.0,0.0,0.0,4.536313147374853,0.07560521912291421
0.09600000000000007,0.2408996385674556,-0.07307416808040929,1.6609789111739768,0.24089753526951235,-0.0730729833318539,1.6609761099930531,0.24089753526951235,-0.0730729833318539,1.6609761099930531,0.0,0.0,0.0,4.536322003097439,0.07560536671829064
0.09700000000000007,0.24089963328853028,-0.07307416796048644,1.6609788067474482,0.24089753526951235,-0.0730729833318539,1.6609761099930531,0.24089753526951235,-0.0730729833318539,1.6609761099930531,0.0,0.0,0.0,4.536325568071016,0.07560542613451693
0.09800000000000007,0.24089962545101903,-0.07307416638698203,1.6609787018062803,0.24089753526951235,-0.0730729833318539,1.6609761099930531,0.24089753526951235,-0.0730729833318539,1.6609761099930531,0.0,0.0,0.0,4.536324400095509,0.07560540666825849
0.09900000000000007,0.2408996151510952,-0.07307416339642964,1.6609785966351693,0.24089753526951235,-0.0730729833318539,1.6609761099930531,0.24089753526951235,-0.0730729833318539,1.6609761099930531,0.0,0.0,0.0,4.5363190368157165,0.07560531728026194
0.10000000000000007,0.24089960248258108,-0.07307415902704799,1.660978491486191,0.24089753526951235,-0.0730729833318539,1.6609761099930531,0.24089753526951235,-0.0730729833318539,1.6609761099930531,0.0,0.0,0.0,4.536309987324298,0.07560516645540497
0.10100000000000008,0.24089958753660484,-0.07307415331828922,1.6609783865808767,0.24089753526951235,-0.0730729833318539,1.6609761099930531,0.24089753526951235,-0.0730729833318539,1.6609761099930531,0.0,0.0,0.0,4.536297725636192,0.07560496209393654
0.10200000000000008,0.24089957040144738,-0.07307414631045796,1.660978282112657,0.24089753526951235,-0.0730729833318539,1.6609761099930531,0.24089753526951235,-0.0730729833318539,1.6609761099930531,0.0,0.0,0.0,4.536282685990395,0.07560471143317325
0.10300000000000008,0.24089955116256126,-0.07307413804439501,1.66097817824959,0.24089753526951235,-0.0730729833318539,1.6609761099930531,0.24089753526951235,-0.0730729833318539,1.6609761099930531,0.0,0.0,0.0,4.536265259892622,0.07560442099821037
0.10400000000000008,0.24089952990271285,-0.07307412856122525,1.6609780751372136,0.24089753526951235,-0.0730729833318539,1.6609761099930531,0.24089753526951235,-0.0730729833318539,1.6609761099930531,0.0,0.0,0.0,4.536245794752141,0.07560409657920235
0.10500000000000008,0.24089950670222993,-0.07307411790216355,1.6609779729014493,0.24089753526951235,-0.0730729833318539,1.6609761099930531,0.24089753526951235,-0.0730729833318539,1.6609761099930531,0.0,0.0,0.0,4.536224593947238,0.07560374323245396
0.10600000000000008,0.24089948163931282,-0.07307410610837092,1.6609778716514445,0.24089753526951235,-0.0730729833318539,1.6609761099930531,0.24089753526951235,-0.0730729833318539,1.6609761099930531,0.0,0.0,0.0,4.536201918121163,0.07560336530201939
0.10700000000000008,0.24089945479039196,-0.07307409322086039,1.6609777714822933,0.24089753526951235,-0.0730729833318539,1.6609761099930531,0.24089753526951235,-0.0730729833318539,1.6609761099930531,0.0,0.0,0.0,4.536177987500974,0.07560296645834956
0.10800000000000008,0.24089942623050248,-0.07307407928044043,1.6609776724775553,0.24089753526951235,-0.0730729833318539,1.6609761099930531,0.24089753526951235,-0.0730729833318539,1.6609761099930531,0.0,0.0,0.0,4.5361529850228735,0.07560254975038122
0.10900000000000008,0.24089939603364913,-0.07307406432768994,1.6609775747115425,0.24089753526951235,-0.0730729833318539,1.6609761099930531,0.24089753526951235,-0.0730729833318539,1.6609761099930531,0.0,0.0,0.0,4.5361270600575825,0.07560211766762638
0.11000000000000008,0.24089936427315287,-0.07307404840295771,1.660977478251326,0.24089753526951235,-0.0730729833318539,1.6609761099930531,0.24089753526951235,-0.0730729833318539,1.6609761099930531,0.0,0.0,0.0,4.53610033252859,0.07560167220880983
0.11100000000000008,0.24089933102195807,-0.07307403154638324,1.6609773831584493,0.24089753526951235,-0.0730729833318539,1.6609761099930531,0.24089753526951235,-0.0730729833318539,1.6609761099930531,0.0,0.0,0.0,4.536072897240836,0.07560121495401394
0.11200000000000009,0.24089929635289414,-0.0730740137979253,1.660977289490347,0.24089753526951235,-0.0730729833318539,1.6609761099930531,0.24089753526951235,-0.0730729833318539,1.6609761099930531,0.0,0.0,0.0,4.536044828250372,0.0756007471375062
0.11300000000000009,0.24089926033887882,-0.0730739951973986,1.660977197301464,0.24089753526951235,-0.0730729833318539,1.6609761099930531,0.24089753526951235,-0.0730729833318539,1.6609761099930531,0.0,0.0,0.0,4.5360161831276535,0.07560026971879423
0.11400000000000009,0.240899223053065,-0.07307397578451279,1.6609771066440855,0.24089753526951235,-0.0730729833318539,1.6609761099930531,0.24089753526951235,-0.0730729833318539,1.6609761099930531,0.0,0.0,0.0,4.535987006993021,0.07559978344988368
0.11500000000000009,0.24089918456892634,-0.07307395559890463,1.6609770175689111,0.24089753526951235,-0.0730729833318539,1.6609761099930531,0.24089753526951235,-0.0730729833318539,1.6609761099930531,0.0,0.0,0.0,4.535957336228668,0.07559928893714446
0.11600000000000009,0.24089914496028386,-0.07307393468016829,1.66097693012539,0.24089753526951235,-0.0730729833318539,1.6609761099930531,0.24089753526951235,-0.0730729833318539,1.6609761099930531,0.0,0.0,0.0,4.535927201789271,0.07559878669648784
0.11700000000000009,0.24089910430127748,-0.07307391306787334,1.660976844361847,0.24089753526951235,-0.0730729833318539,1.6609761099930531,0.24089753526951235,-0.0730729833318539,1.6609761099930531,0.0,0.0,0.0,4.5358966320633085,0.07559827720105514
0.11800000000000009,0.24089906266628752,-0.07307389080157338,1.660976760325436,0.24089753526951235,-0.0730729833318539,1.6609761099930531,0.24089753526951235,-0.0730729833318539,1.6609761099930531,0.0,0.0,0.0,4.5358656552576795,0.07559776092096132
0.11900000000000009,0.2408990201298118,-0.07307386792080214,1.6609766780619544,0.24089753526951235,-0.0730729833318539,1.6609761099930531,0.24089753526951235,-0.0730729833318539,1.6609761099930531,0.0,0.0,0.0,4.535834301295119,0.07559723835491865
0.12000000000000009,0.24089897676630775,-0.07307384446505767,1.6609765976155544,0.24089753526951235,-0.0730729833318539,1.6609761099930531,0.24089753526951235,-0.0730729833318539,1.6609761099930531,0.0,0.0,0.0,4.535802603233857,0.07559671005389762
0.1210000000000001,0.24089893265000353,-0.07307382047377471,1.6609765190283723,0.24089753526951235,-0.0730729833318539,1.6609761099930531,0.24089753526951235,-0.0730729833318539,1.6609761099930531,0.0,0.0,0.0,4.53577059823218,0.075596176637203
0.1220000000000001,0.2408988878546922,-0.07307379598628488,1.6609764423401256,0.24089753526951235,-0.0730729833318539,1.6609761099930531,0.24089753526951235,-0.0730729833318539,1.6609761099930531,0.0,0.0,0.0,4.535738328095096,0.07559563880158494
0.1230000000000001,0.2408988424535091,-0.07307377104176742,1.6609763675876887,0.24089753526951235,-0.0730729833318539,1.6609761099930531,0.24089753526951235,-0.0730729833318539,1.6609761099930531,0.0,0.0,0.0,4.535705839443983,0.07559509732406638
0.1240000000000001,0.24089879651870655,-0.07307374567919034,1.660976294804675,0.24089753526951235,-0.0730729833318539,1.6609761099930531,0.24089753526951235,-0.0730729833318539,1.6609761099930531,0.0,0.0,0.0,4.535673183562497,0.07559455305937494
0.12500000000000008,0.24089875012142903,-0.07307371993724515,1.6609762240210542,0.24089753526951235,-0.0730729833318539,1.6609761099930531,0.24089753526951235,-0.0730729833318539,1.6609761099930531,0.0,0.0,0.0,4.535640415972001,0.07559400693286668
0.12600000000000008,0.2408987033314956,-0.07307369385427565,1.6609761552628108,0.24089753526951235,-0.0730729833318539,1.6609761099930531,0.24089753526951235,-0.0730729833318539,1.6609761099930531,0.0,0.0,0.0,4.535607595791554,0.07559345992985923
0.12700000000000009,0.24089865621719642,-0.07307366746820212,1.660976088551659,0.24089753526951235,-0.0730729833318539,1.6609761099930531,0.24089753526951235,-0.0730729833318539,1.6609761099930531,0.0,0.0,0.0,4.5355747849386905,0.0755929130823115
0.12800000000000009,0.24089860884510322,-0.07307364081644678,1.6609760239048266,0.24089753526951235,-0.0730729833318539,1.6609761099930531,0.24089753526951235,-0.0730729833318539,1.6609761099930531,0.0,0.0,0.0,4.535542047223887,0.07559236745373146
0.1290000000000001,0.24089856127990433,-0.07307361393585568,1.660975961334909,0.24089753526951235,-0.0730729833318539,1.6609761099930531,0.24089753526951235,-0.0730729833318539,1.6609761099930531,0.0,0.0,0.0,4.535509447385873,0.07559182412309788
0.1300000000000001,0.24089851358425682,-0.07307358686262364,1.6609759008497977,0.24089753526951235,-0.0730729833318539,1.6609761099930531,0.24089753526951235,-0.0730729833318539,1.6609761099930531,0.0,0.0,0.0,4.53547705011493,0.07559128416858217
0.1310000000000001,0.24089846581866997,-0.07307355963222342,1.6609758424526762,0.24089753526951235,-0.0730729833318539,1.6609761099930531,0.24089753526951235,-0.0730729833318539,1.6609761099930531,0.0,0.0,0.0,4.535444919099453,0.07559074865165755
0.1320000000000001,0.240898418041405,-0.07307353227933636,1.6609757861420917,0.24089753526951235,-0.0730729833318539,1.6609761099930531,0.24089753526951235,-0.0730729833318539,1.6609761099930531,0.0,0.0,0.0,4.535413116132195,0.07559021860220325
0.1330000000000001,0.24089837030840613,-0.07307350483779225,1.6609757319120826,0.24089753526951235,-0.0730729833318539,1.6609761099930531,0.24089753526951235,-0.0730729833318539,1.6609761099930531,0.0,0.0,0.0,4.535381700297121,0.07558969500495201
0.1340000000000001,0.24089832267325334,-0.0730734773405105,1.6609756797523683,0.24089753526951235,-0.0730729833318539,1.6609761099930531,0.24089753526951235,-0.0730729833318539,1.6609761099930531,0.0,0.0,0.0,4.535350727261794,0.07558917878769657
0.1350000000000001,0.2408982751871354,-0.0730734498194531,1.6609756296485847,0.24089753526951235,-0.0730729833318539,1.6609761099930531,0.24089753526951235,-0.0730729833318539,1.6609761099930531,0.0,0.0,0.0,4.535320248684852,0.0755886708114142
0.1360000000000001,0.24089822789884657,-0.07307342230558109,1.6609755815825558,0.24089753526951235,-0.0730729833318539,1.6609761099930531,0.24089753526951235,-0.0730729833318539,1.6609761099930531,0.0,0.0,0.0,4.5352903117477865,0.07558817186246311
0.1370000000000001,0.2408981808548006,-0.07307339482882047,1.6609755355326006,0.24089753526951235,-0.0730729833318539,1.6609761099930531,0.24089753526951235,-0.0730729833318539,1.6609761099930531,0.0,0.0,0.0,4.535260958815001,0.07558768264691668
0.1380000000000001,0.24089813409906075,-0.07307336741803448,1.6609754914738595,0.24089753526951235,-0.0730729833318539,1.6609761099930531,0.24089753526951235,-0.0730729833318539,1.6609761099930531,0.0,0.0,0.0,4.535232227217451,0.07558720378695752
0.1390000000000001,0.2408980876733849,-0.07307334010100337,1.6609754493786304,0.24089753526951235,-0.0730729833318539,1.6609761099930531,0.24089753526951235,-0.0730729833318539,1.6609761099930531,0.0,0.0,0.0,4.535204149155835,0.07558673581926391
0.1400000000000001,0.24089804161727968,-0.07307331290441155,1.660975409216713,0.24089753526951235,-0.0730729833318539,1.6609761099930531,0.24089753526951235,-0.0730729833318539,1.6609761099930531,0.0,0.0,0.0,4.5351767517143555,0.07558627919523926
0.1410000000000001,0.24089799596806574,-0.07307328585384047,1.6609753709557493,0.24089753526951235,-0.0730729833318539,1.6609761099930531,0.24089753526951235,-0.0730729833318539,1.6609761099930531,0.0,0.0,0.0,4.535150056971623,0.07558583428286038
0.1420000000000001,0.2408979507609486,-0.07307325897376851,1.6609753345615499,0.24089753526951235,-0.0730729833318539,1.6609761099930531,0.24089753526951235,-0.0730729833318539,1.6609761099930531,0.0,0.0,0.0,4.535124082197932,0.07558540136996553
0.1430000000000001,0.24089790602909333,-0.07307323228757479,1.660975299998411,0.24089753526951235,-0.0730729833318539,1.6609761099930531,0.24089753526951235,-0.0730729833318539,1.6609761099930531,0.0,0.0,0.0,4.535098840123769,0.07558498066872948
0.1440000000000001,0.24089786180370348,-0.07307320581754997,1.660975267229413,0.24089753526951235,-0.0730729833318539,1.6609761099930531,0.24089753526951235,-0.0730729833318539,1.6609761099930531,0.0,0.0,0.0,4.535074339263521,0.07558457232105868
0.1450000000000001,0.24089781811409658,-0.07307317958490815,1.6609752362166836,0.24089753526951235,-0.0730729833318539,1.6609761099930531,0.24089753526951235,-0.0730729833318539,1.6609761099930531,0.0,0.0,0.0,4.535050584280978,0.07558417640468297
0.1460000000000001,0.24089777498778564,-0.07307315360980635,1.660975206921656,0.24089753526951235,-0.0730729833318539,1.6609761099930531,0.24089753526951235,-0.0730729833318539,1.6609761099930531,0.0,0.0,0.0,4.535027576383729,0.0755837929397288
0.1470000000000001,0.24089773245055057,-0.07307312791136156,1.6609751793052816,0.24089753526951235,-0.0730729833318539,1.6609761099930531,0.24089753526951235,-0.0730729833318539,1.6609761099930531,0.0,0.0,0.0,4.5350053137298385,0.07558342189549731
0.1480000000000001,0.240897690526513,-0.07307310250767578,1.6609751533282244,0.24089753526951235,-0.0730729833318539,1.6609761099930531,0.24089753526951235,-0.0730729833318539,1.6609761099930531,0.0,0.0,0.0,4.534983791837961,0.07558306319729935
0.1490000000000001,0.24089764923820445,-0.0730730774158589,1.6609751289510284,0.24089753526951235,-0.0730729833318539,1.6609761099930531,0.24089753526951235,-0.0730729833318539,1.6609761099930531,0.0,0.0,0.0,4.534963003990067,0.07558271673316778
0.1500000000000001,0.24089760860662954,-0.07307305265205272,1.660975106134257,0.24089753526951235,-0.0730729833318539,1.6609761099930531,0.24089753526951235,-0.0730729833318539,1.6609761099930531,0.0,0.0,0.0,4.534942941615344,0.07558238236025573
0.1510000000000001,0.24089756865132822,-0.07307302823145903,1.6609750848386056,0.24089753526951235,-0.0730729833318539,1.6609761099930531,0.24089753526951235,-0.0730729833318539,1.6609761099930531,0.0,0.0,0.0,4.534923594651288,0.0755820599108548
0.1520000000000001,0.24089752939042847,-0.07307300416836358,1.6609750650249957,0.24089753526951235,-0.0730729833318539,1.6609761099930531,0.24089753526951235,-0.0730729833318539,1.6609761099930531,0.0,0.0,0.0,4.534904951875127,0.07558174919791878
0.1530000000000001,0.2408974908407001,-0.07307298047616427,1.660975046654646,0.24089753526951235,-0.0730729833318539,1.6609761099930531,0.24089753526951235,-0.0730729833318539,1.6609761099930531,0.0,0.0,0.0,4.534887001199991,0.07558145001999984
0.1540000000000001,0.24089745301760102,-0.07307295716739523,1.6609750296891241,0.24089753526951235,-0.0730729833318539,1.6609761099930531,0.24089753526951235,-0.0730729833318539,1.6609761099930531,0.0,0.0,0.0,4.534869729936329,0.07558116216560548
0.1550000000000001,0.24089741593531638,-0.07307293425375312,1.660975014090385,0.24089753526951235,-0.0730729833318539,1.6609761099930531,0.24089753526951235,-0.0730729833318539,1.6609761099930531,0.0,0.0,0.0,4.534853125015696,0.07558088541692826
0.1560000000000001,0.24089737960680296,-0.07307291174612143,1.6609749998207948,0.24089753526951235,-0.0730729833318539,1.6609761099930531,0.24089753526951235,-0.0730729833318539,1.6609761099930531,0.0,0.0,0.0,4.534837173176673,0.07558061955294454
0.1570000000000001,0.24089734404382346,-0.0730728896545951,1.6609749868431467,0.24089753526951235,-0.0730729833318539,1.6609761099930531,0.24089753526951235,-0.0730729833318539,1.6609761099930531,0.0,0.0,0.0,4.534821861115887,0.07558036435193145
0.1580000000000001,0.24089730925697853,-0.07307286798850277,1.6609749751206595,0.24089753526951235,-0.0730729833318539,1.6609761099930531,0.24089753526951235,-0.0730729833318539,1.6609761099930531,0.0,0.0,0.0,4.534807175604389,0.07558011959340648
0.1590000000000001,0.24089727525574106,-0.0730728467564293,1.6609749646169834,0.24089753526951235,-0.0730729833318539,1.6609761099930531,0.24089753526951235,-0.0730729833318539,1.6609761099930531,0.0,0.0,0.0,4.5347931035748195,0.07557988505958033
0.16000000000000011,0.24089724204848662,-0.07307282596623772,1.6609749552961954,0.24089753526951235,-0.0730729833318539,1.6609761099930531,0.24089753526951235,-0.0730729833318539,1.6609761099930531,0.0,0.0,0.0,4.5347796321782665,0.07557966053630444
0.16100000000000012,0.240897209642517,-0.07307280562508849,1.6609749471227833,0.24089753526951235,-0.0730729833318539,1.6609761099930531,0.24089753526951235,-0.0730729833318539,1.6609761099930531,0.0,0.0,0.0,4.534766748818372,0.07557944581363954
0.16200000000000012,0.24089717804409566,-0.07307278573946085,1.6609749400616494,0.24089753526951235,-0.0730729833318539,1.6609761099930531,0.24089753526951235,-0.0730729833318539,1.6609761099930531,0.0,0.0,0.0,4.534754441166438,0.0755792406861073
0.16300000000000012,0.2408971472584697,-0.07307276631517061,1.660974934078093,0.24089753526951235,-0.0730729833318539,1.6609761099930531,0.24089753526951235,-0.0730729833318539,1.6609761099930531,0.0,0.0,0.0,4.5347426971568945,0.0755790449526149
0.16400000000000012,0.24089711728989843,-0.0730727473573898,1.660974929137804,0.24089753526951235,-0.0730729833318539,1.6609761099930531,0.24089753526951235,-0.0730729833318539,1.6609761099930531,0.0,0.0,0.0,4.534731504972747,0.07557885841621245
0.16500000000000012,0.24089708814168426,-0.0730727288706639,1.660974925206867,0.24089753526951235,-0.0730729833318539,1.6609761099930531,0.24089753526951235,-0.0730729833318539,1.6609761099930531,0.0,0.0,0.0,4.534720853021122,0.07557868088368537
0.16600000000000012,0.24089705981619522,-0.07307271085892952,1.660974922251746,0.24089753526951235,-0.0730729833318539,1.6609761099930531,0.24089753526951235,-0.0730729833318539,1.6609761099930531,0.0,0.0,0.0,4.534710729900182,0.07557851216500303
0.16700000000000012,0.2408970323148978,-0.0730726933255317,1.6609749202392925,0.24089753526951235,-0.0730729833318539,1.6609761099930531,0.24089753526951235,-0.0730729833318539,1.6609761099930531,0.0,0.0,0.0,4.534701124366933,0.07557835207278221
0.16800000000000012,0.240897005638383,-0.07307267627324157,1.660974919136748,0.24089753526951235,-0.0730729833318539,1.6609761099930531,0.24089753526951235,-0.0730729833318539,1.6609761099930531,0.0,0.0,0.0,4.534692025300807,0.07557820042168012
0.16900000000000012,0.2408969797863964,-0.07307265970427118,1.6609749189117424,0.24089753526951235,-0.0730729833318539,1.6609761099930531,0.24089753526951235,-0.0730729833318539,1.6609761099930531,0.0,0.0,0.0,4.534683421669218,0.0755780570278203
0.17000000000000012,0.24089695475786854,-0.0730726436202924,1.6609749195323098,0.24089753526951235,-0.0730729833318539,1.6609761099930531,0.24089753526951235,-0.0730729833318539,1.6609761099930531,0.0,0.0,0.0,4.534675302498052,0.07557792170830087
0.17100000000000012,0.2408969305509439,-0.07307262802245146,1.660974920966892,0.24089753526951235,-0.0730729833318539,1.6609761099930531,0.24089753526951235,-0.0730729833318539,1.6609761099930531,0.0,0.0,0.0,4.534667656842903,0.07557779428071505
0.17200000000000013,0.24089690716301312,-0.0730726129113873,1.660974923184353,0.24089753526951235,-0.0730729833318539,1.6609761099930531,0.24089753526951235,-0.0730729833318539,1.6609761099930531,0.0,0.0,0.0,4.534660473768099,0.07557767456280165
0.17300000000000013,0.2408968845907421,-0.07307259828724545,1.6609749261539906,0.24089753526951235,-0.0730729833318539,1.6609761099930531,0.24089753526951235,-0.0730729833318539,1.6609761099930531,0.0,0.0,0.0,4.5346537423301605,0.07557756237216934
0.17400000000000013,0.24089686283010503,-0.07307258414969695,1.6609749298455487,0.24089753526951235,-0.0730729833318539,1.6609761099930531,0.24089753526951235,-0.0730729833318539,1.6609761099930531,0.0,0.0,0.0,4.534647451566423,0.07557745752610705
0.17500000000000013,0.24089684187641391,-0.0730725704979529,1.660974934229233,0.24089753526951235,-0.0730729833318539,1.6609761099930531,0.24089753526951235,-0.0730729833318539,1.6609761099930531,0.0,0.0,0.0,4.534641590490537,0.07557735984150896
0.17600000000000013,0.24089682172435023,-0.07307255733078165,1.660974939275725,0.24089753526951235,-0.0730729833318539,1.6609761099930531,0.24089753526951235,-0.0730729833318539,1.6609761099930531,0.0,0.0,0.0,4.534636148092045,0.07557726913486743
0.17700000000000013,0.24089680236799593,-0.07307254464652486,1.6609749449561917,0.24089753526951235,-0.0730729833318539,1.6609761099930531,0.24089753526951235,-0.0730729833318539,1.6609761099930531,0.0,0.0,0.0,4.534631113341357,0.07557718522235594
0.17800000000000013,0.2408967838008641,-0.07307253244311428,1.6609749512423053,0.24089753526951235,-0.0730729833318539,1.6609761099930531,0.24089753526951235,-0.0730729833318539,1.6609761099930531,0.0,0.0,0.0,4.53462647519957,0.07557710791999282
0.17900000000000013,0.24089676601592674,-0.07307252071808606,1.6609749581062447,0.24089753526951235,-0.0730729833318539,1.6609761099930531,0.24089753526951235,-0.0730729833318539,1.6609761099930531,0.0,0.0,0.0,4.534622222629647,0.07557703704382744
0.18000000000000013,0.24089674900564875,-0.07307250946860044,1.6609749655207209,0.24089753526951235,-0.0730729833318539,1.6609761099930531,0.24089753526951235,-0.0730729833318539,1.6609761099930531,0.0,0.0,0.0,4.534618344613888,0.07557697241023147
0.18100000000000013,0.24089673276201198,-0.07307249869145377,1.6609749734589725,0.24089753526951235,-0.0730729833318539,1.6609761099930531,0.24089753526951235,-0.0730729833318539,1.6609761099930531,0.0,0.0,0.0,4.534614830168479,0.07557691383614132
0.18200000000000013,0.24089671727654632,-0.07307248838309716,1.6609749818947803,0.24089753526951235,-0.0730729833318539,1.6609761099930531,0.24089753526951235,-0.0730729833318539,1.6609761099930531,0.0,0.0,0.0,4.534611668364402,0.0755768611394067
0.18300000000000013,0.240896702540355,-0.07307247853965132,1.6609749908024718,0.24089753526951235,-0.0730729833318539,1.6609761099930531,0.24089753526951235,-0.0730729833318539,1.6609761099930531,0.0,0.0,0.0,4.5346088483451865,0.07557681413908644
0.18400000000000014,0.24089668854414314,-0.07307246915692206,1.6609750001569292,0.24089753526951235,-0.0730729833318539,1.6609761099930531,0.24089753526951235,-0.0730729833318539,1.6609761099930531,0.0,0.0,0.0,4.534606359346157,0.07557677265576929
0.18500000000000014,0.24089667527824132,-0.07307246023041519,1.6609750099335865,0.24089753526951235,-0.0730729833318539,1.6609761099930531,0.24089753526951235,-0.0730729833318539,1.6609761099930531,0.0,0.0,0.0,4.534604190711562,0.07557673651185937
0.18600000000000014,0.2408966627326311,-0.07307245175535242,1.6609750201084368,0.24089753526951235,-0.0730729833318539,1.6609761099930531,0.24089753526951235,-0.0730729833318539,1.6609761099930531,0.0,0.0,0.0,4.534602331912622,0.07557670553187704
0.18700000000000014,0.24089665089696977,-0.07307244372668595,1.6609750306580315,0.24089753526951235,-0.0730729833318539,1.6609761099930531,0.24089753526951235,-0.0730729833318539,1.6609761099930531,0.0,0.0,0.0,4.534600772561815,0.07557667954269691
0.18800000000000014,0.24089663976061176,-0.07307243613911282,1.660975041559478,0.24089753526951235,-0.0730729833318539,1.6609761099930531,0.24089753526951235,-0.0730729833318539,1.6609761099930531,0.0,0.0,0.0,4.534599502426127,0.07557665837376878
0.18900000000000014,0.24089662931263184,-0.07307242898708925,1.6609750527904381,0.24089753526951235,-0.0730729833318539,1.6609761099930531,0.24089753526951235,-0.0730729833318539,1.6609761099930531,0.0,0.0,0.0,4.534598511438715,0.07557664185731192
0.19000000000000014,0.24089661954184582,-0.07307242226484433,1.6609750643291266,0.24089753526951235,-0.0730729833318539,1.6609761099930531,0.24089753526951235,-0.0730729833318539,1.6609761099930531,0.0,0.0,0.0,4.5345977897074485,0.07557662982845748
0.19100000000000014,0.24089661043683203,-0.07307241596639434,1.6609750761543072,0.24089753526951235,-0.0730729833318539,1.6609761099930531,0.24089753526951235,-0.0730729833318539,1.6609761099930531,0.0,0.0,0.0,4.5345973275217535,0.07557662212536256
0.19200000000000014,0.24089660198594987,-0.07307241008555562,1.6609750882452876,0.24089753526951235,-0.0730729833318539,1.6609761099930531,0.24089753526951235,-0.0730729833318539,1.6609761099930531,0.0,0.0,0.0,4.534597115356822,0.07557661858928036
0.19300000000000014,0.24089659417735987,-0.07307240461595768,1.6609751005819162,0.24089753526951235,-0.0730729833318539,1.6609761099930531,0.24089753526951235,-0.0730729833318539,1.6609761099930531,0.0,0.0,0.0,4.534597143876459,0.07557661906460765
0.19400000000000014,0.24089658699904212,-0.07307239955105638,1.660975113144576,0.24089753526951235,-0.0730729833318539,1.6609761099930531,0.24089753526951235,-0.0730729833318539,1.6609761099930531,0.0,0.0,0.0,4.534597403933307,0.07557662339888845
0.19500000000000015,0.2408965804388132,-0.07307239488414456,1.6609751259141796,0.24089753526951235,-0.0730729833318539,1.6609761099930531,0.24089753526951235,-0.0730729833318539,1.6609761099930531,0.0,0.0,0.0,4.534597886568088,0.07557663144280147
0.19600000000000015,0.24089657448434468,-0.07307239060836684,1.660975138872163,0.24089753526951235,-0.0730729833318539,1.6609761099930531,0.24089753526951235,-0.0730729833318539,1.6609761099930531,0.0,0.0,0.0,4.534598583006861,0.07557664305011436
0.19700000000000015,0.24089656912317844,-0.07307238671672951,1.6609751520004834,0.24089753526951235,-0.0730729833318539,1.6609761099930531,0.24089753526951235,-0.0730729833318539,1.6609761099930531,0.0,0.0,0.0,4.53459948465722,0.07557665807762033
0.19800000000000015,0.24089656434274515,-0.07307238320211228,1.6609751652816103,0.24089753526951235,-0.0730729833318539,1.6609761099930531,0.24089753526951235,-0.0730729833318539,1.6609761099930531,0.0,0.0,0.0,4.534600583103085,0.07557667638505142
0.19900000000000015,0.24089656013037708,-0.07307238005727974,1.6609751786985232,0.24089753526951235,-0.0730729833318539,1.6609761099930531,0.24089753526951235,-0.0730729833318539,1.6609761099930531,0.0,0.0,0.0,4.53460187010038,0.07557669783500633
0.20000000000000015,0.24089655647332525,-0.07307237727489224,1.6609751922347054,0.24089753526951235,-0.0730729833318539,1.6609761099930531,0.24089753526951235,-0.0730729833318539,1.6609761099930531,0.0,0.0,0.0,4.5346033375698065,0.0755767222928301
0.20100000000000015,0.240896553358774,-0.07307237484751636,1.660975205874137,0.24089753526951235,-0.0730729833318539,1.6609761099930531,0.24089753526951235,-0.0730729833318539,1.6609761099930531,0.0,0.0,0.0,4.534604977591906,0.07557674962653177
0.20200000000000015,0.24089655077385577,-0.07307237276763506,1.6609752196012957,0.24089753526951235,-0.0730729833318539,1.6609761099930531,0.24089753526951235,-0.0730729833318539,1.6609761099930531,0.0,0.0,0.0,4.534606782400778,0.07557677970667963
0.20300000000000015,0.2408965487056633,-0.07307237102765785,1.6609752334011472,0.24089753526951235,-0.0730729833318539,1.6609761099930531,0.24089753526951235,-0.0730729833318539,1.6609761099930531,0.0,0.0,0.0,4.5346087443774366,0.0755768124062906
0.20400000000000015,0.24089654714126557,-0.07307236961993074,1.6609752472591437,0.24089753526951235,-0.0730729833318539,1.6609761099930531,0.24089753526951235,-0.0730729833318539,1.6609761099930531,0.0,0.0,0.0,4.534610856045004,0.07557684760075006
0.20500000000000015,0.24089654606772043,-0.07307236853674594,1.6609752611612203,0.24089753526951235,-0.0730729833318539,1.6609761099930531,0.24089753526951235,-0.0730729833318539,1.6609761099930531,0.0,0.0,0.0,4.534613110063323,0.07557688516772205
0.20600000000000016,0.2408965454720864,-0.0730723677703502,1.6609752750937883,0.24089753526951235,-0.0730729833318539,1.6609761099930531,0.24089753526951235,-0.0730729833318539,1.6609761099930531,0.0,0.0,0.0,4.534615499224245,0.07557692498707075
0.20700000000000016,0.2408965453414359,-0.07307236731295431,1.6609752890437341,0.24089753526951235,-0.0730729833318539,1.6609761099930531,0.24089753526951235,-0.0730729833318539,1.6609761099930531,0.0,0.0,0.0,4.53461801644816,0.07557696694080267
0.20800000000000016,0.2408965456628682,-0.07307236715674247,1.6609753029984133,0.24089753526951235,-0.0730729833318539,1.6609761099930531,0.24089753526951235,-0.0730729833318539,1.6609761099930531,0.0,0.0,0.0,4.534620654780099,0.07557701091300165
0.20900000000000016,0.24089654642351976,-0.07307236729387967,1.6609753169456498,0.24089753526951235,-0.0730729833318539,1.6609761099930531,0.24089753526951235,-0.0730729833318539,1.6609761099930531,0.0,0.0,0.0,4.5346234073879295,0.07557705678979883
0.21000000000000016,0.24089654761057658,-0.07307236771652074,1.6609753308737276,0.24089753526951235,-0.0730729833318539,1.6609761099930531,0.24089753526951235,-0.0730729833318539,1.6609761099930531,0.0,0.0,0.0,4.534626267559498,0.07557710445932497
0.21100000000000016,0.24089654921128403,-0.07307236841681783,1.6609753447713902,0.24089753526951235,-0.0730729833318539,1.6609761099930531,0.24089753526951235,-0.0730729833318539,1.6609761099930531,0.0,0.0,0.0,4.534629228702259,0.07557715381170431
0.21200000000000016,0.24089655121295872,-0.07307236938692879,1.6609753586278353,0.24089753526951235,-0.0730729833318539,1.6609761099930531,0.24089753526951235,-0.0730729833318539,1.6609761099930531,0.0,0.0,0.0,4.534632284342138,0.07557720473903563
0.21300000000000016,0.24089655360299872,-0.07307237061902389,1.660975372432711,0.24089753526951235,-0.0730729833318539,1.6609761099930531,0.24089753526951235,-0.0730729833318539,1.6609761099930531,0.0,0.0,0.0,4.534635428123421,0.07557725713539035
0.21400000000000016,0.24089655636889057,-0.07307237210529355,1.6609753861761096,0.24089753526951235,-0.0730729833318539,1.6609761099930531,0.24089753526951235,-0.0730729833318539,1.6609761099930531,0.0,0.0,0.0,4.5346386538093455,0.07557731089682243
0.21500000000000016,0.2408965594982232,-0.07307237383795537,1.6609753998485663,0.24089753526951235,-0.0730729833318539,1.6609761099930531,0.24089753526951235,-0.0730729833318539,1.6609761099930531,0.0,0.0,0.0,4.534641955282726,0.07557736592137877
0.21600000000000016,0.2408965629786925,-0.07307237580926088,1.6609754134410495,0.24089753526951235,-0.0730729833318539,1.6609761099930531,0.24089753526951235,-0.0730729833318539,1.6609761099930531,0.0,0.0,0.0,4.534645326547321,0.07557742210912202
0.21700000000000016,0.24089656679811244,-0.07307237801150117,1.6609754269449608,0.24089753526951235,-0.0730729833318539,1.6609761099930531,0.24089753526951235,-0.0730729833318539,1.6609761099930531,0.0,0.0,0.0,4.534648761728701,0.07557747936214503
0.21800000000000017,0.24089657094442207,-0.0730723804370154,1.6609754403521242,0.24089753526951235,-0.0730729833318539,1.6609761099930531,0.24089753526951235,-0.0730729833318539,1.6609761099930531,0.0,0.0,0.0,4.5346522550776,0.07557753758462667
0.21900000000000017,0.240896575405694,-0.0730723830781941,1.660975453654785,0.24089753526951235,-0.0730729833318539,1.6609761099930531,0.24089753526951235,-0.0730729833318539,1.6609761099930531,0.0,0.0,0.0,4.534655800969484,0.07557759668282474
0.22000000000000017,0.24089658017014035,-0.07307238592748667,1.660975466845601,0.24089753526951235,-0.0730729833318539,1.6609761099930531,0.24089753526951235,-0.0730729833318539,1.6609761099930531,0.0,0.0,0.0,4.534659393907151,0.07557765656511918
0.22100000000000017,0.2408965852261205,-0.07307238897740684,1.6609754799176346,0.24089753526951235,-0.0730729833318539,1.6609761099930531,0.24089753526951235,-0.0730729833318539,1.6609761099930531,0.0,0.0,0.0,4.534663028522961,0.07557771714204935
0.22200000000000017,0.24089659056214793,-0.07307239222053719,1.6609754928643516,0.24089753526951235,-0.0730729833318539,1.6609761099930531,0.24089753526951235,-0.0730729833318539,1.6609761099930531,0.0,0.0,0.0,4.534666699581011,0.0755777783263502
0.22300000000000017,0.24089659616689463,-0.07307239564953427,1.6609755056796094,0.24089753526951235,-0.0730729833318539,1.6609761099930531,0.24089753526951235,-0.0730729833318539,1.6609761099930531,0.0,0.0,0.0,4.534670401977536,0.07557784003295893
0.22400000000000017,0.24089660202919866,-0.07307239925713443,1.6609755183576511,0.24089753526951235,-0.0730729833318539,1.6609761099930531,0.24089753526951235,-0.0730729833318539,1.6609761099930531,0.0,0.0,0.0,4.534674130743599,0.07557790217905998
0.22500000000000017,0.2408966081380678,-0.07307240303615711,1.6609755308930996,0.24089753526951235,-0.0730729833318539,1.6609761099930531,0.24089753526951235,-0.0730729833318539,1.6609761099930531,0.0,0.0,0.0,4.534677881046173,0.07557796468410288
0.22600000000000017,0.24089661448268498,-0.07307240697950983,1.6609755432809465,0.24089753526951235,-0.0730729833318539,1.6609761099930531,0.24089753526951235,-0.0730729833318539,1.6609761099930531,0.0,0.0,0.0,4.534681648189204,0.07557802746982006
0.22700000000000017,0.2408966210524132,-0.07307241108019247,1.6609755555165486,0.24089753526951235,-0.0730729833318539,1.6609761099930531,0.24089753526951235,-0.0730729833318539,1.6609761099930531,0.0,0.0,0.0,4.53468542761508,0.07557809046025134
0.22800000000000017,0.24089662783679916,-0.07307241533130004,1.6609755675956175,0.24089753526951235,-0.0730729833318539,1.6609761099930531,0.24089753526951235,-0.0730729833318539,1.6609761099930531,0.0,0.0,0.0,4.534689214905156,0.0755781535817526
0.22900000000000018,0.24089663482557605,-0.07307241972602767,1.6609755795142103,0.24089753526951235,-0.0730729833318539,1.6609761099930531,0.24089753526951235,-0.0730729833318539,1.6609761099930531,0.0,0.0,0.0,4.534693005780267,0.07557821676300444
0.23000000000000018,0.24089664200866934,-0.07307242425767294,1.6609755912687247,0.24089753526951235,-0.0730729833318539,1.6609761099930531,0.24089753526951235,-0.0730729833318539,1.6609761099930531,0.0,0.0,0.0,4.534696796101625,0.07557827993502708
0.23100000000000018,0.24089664937619767,-0.07307242891963958,1.6609756028558875,0.24089753526951235,-0.0730729833318539,1.6609761099930531,0.24089753526951235,-0.0730729833318539,1.6609761099930531,0.0,0.0,0.0,4.5347005818705375,0.07557834303117562
0.23200000000000018,0.240896656918476,-0.07307243370543971,1.6609756142727465,0.24089753526951235,-0.0730729833318539,1.6609761099930531,0.24089753526951235,-0.0730729833318539,1.6609761099930531,0.0,0.0,0.0,4.534704359228736,0.0755784059871456
0.23300000000000018,0.240896664626019,-0.07307243860869764,1.660975625516664,0.24089753526951235,-0.0730729833318539,1.6609761099930531,0.24089753526951235,-0.0730729833318539,1.6609761099930531,0.0,0.0,0.0,4.534708124458157,0.07557846874096928
0.23400000000000018,0.24089667248954177,-0.07307244362315127,1.660975636585304,0.24089753526951235,-0.0730729833318539,1.6609761099930531,0.24089753526951235,-0.0730729833318539,1.6609761099930531,0.0,0.0,0.0,4.534711873980249,0.07557853123300415
0.23500000000000018,0.24089668049996332,-0.07307244874265535,1.6609756474766288,0.24089753526951235,-0.0730729833318539,1.6609761099930531,0.24089753526951235,-0.0730729833318539,1.6609761099930531,0.0,0.0,0.0,4.534715604356161,0.07557859340593602
0.23600000000000018,0.24089668864840538,-0.07307245396118249,1.6609756581888844,0.24089753526951235,-0.0730729833318539,1.6609761099930531,0.24089753526951235,-0.0730729833318539,1.6609761099930531,0.0,0.0,0.0,4.5347193122851595,0.07557865520475265
0.23700000000000018,0.24089669692619797,-0.07307245927282584,1.6609756687205968,0.24089753526951235,-0.0730729833318539,1.6609761099930531,0.24089753526951235,-0.0730729833318539,1.6609761099930531,0.0,0.0,0.0,4.534722994604473,0.07557871657674121
0.23800000000000018,0.24089670532487428,-0.0730724646717998,1.6609756790705585,0.24089753526951235,-0.0730729833318539,1.6609761099930531,0.24089753526951235,-0.0730729833318539,1.6609761099930531,0.0,0.0,0.0,4.534726648287827,0.07557877747146378
0.23900000000000018,0.2408967138361791,-0.07307247015244361,1.6609756892378258,0.24089753526951235,-0.0730729833318539,1.6609761099930531,0.24089753526951235,-0.0730729833318539,1.6609761099930531,0.0,0.0,0.0,4.534730270444796,0.07557883784074661
0.24000000000000019,0.2408967224520609,-0.07307247570921936,1.6609756992217004,0.24089753526951235,-0.0730729833318539,1.6609761099930531,0.24089753526951235,-0.0730729833318539,1.6609761099930531,0.0,0.0,0.0,4.534733858319037,0.07557889763865062
0.2410000000000002,0.24089673116467814,-0.07307248133671623,1.6609757090217299,0.24089753526951235,-0.0730729833318539,1.6609761099930531,0.24089753526951235,-0.0730729833318539,1.6609761099930531,0.0,0.0,0.0,4.534737409287903,0.07557895682146505
0.2420000000000002,0.24089673996639777,-0.07307248702964968,1.6609757186376939,0.24089753526951235,-0.0730729833318539,1.6609761099930531,0.24089753526951235,-0.0730729833318539,1.6609761099930531,0.0,0.0,0.0,4.53474092086002,0.07557901534766699
0.2430000000000002,0.2408967488497928,-0.07307249278286206,1.660975728069597,0.24089753526951235,-0.0730729833318539,1.6609761099930531,0.24089753526951235,-0.0730729833318539,1.6609761099930531,0.0,0.0,0.0,4.534744390674415,0.07557907317790692
0.2440000000000002,0.2408967578076448,-0.07307249859132434,1.660975737317658,0.24089753526951235,-0.0730729833318539,1.6609761099930531,0.24089753526951235,-0.0730729833318539,1.6609761099930531,0.0,0.0,0.0,4.534747816498398,0.0755791302749733
0.2450000000000002,0.24089676683294095,-0.07307250445013555,1.6609757463823036,0.24089753526951235,-0.0730729833318539,1.6609761099930531,0.24089753526951235,-0.0730729833318539,1.6609761099930531,0.0,0.0,0.0,4.5347511962267095,0.07557918660377849
0.2460000000000002,0.24089677591887537,-0.0730725103545238,1.6609757552641595,0.24089753526951235,-0.0730729833318539,1.6609761099930531,0.24089753526951235,-0.0730729833318539,1.6609761099930531,0.0,0.0,0.0,4.534754527878985,0.07557924213131642
0.2470000000000002,0.24089678505884526,-0.07307251629984568,1.6609757639640397,0.24089753526951235,-0.0730729833318539,1.6609761099930531,0.24089753526951235,-0.0730729833318539,1.6609761099930531,0.0,0.0,0.0,4.5347578095981325,0.07557929682663554
0.2480000000000002,0.24089679424645208,-0.07307252228158645,1.6609757724829388,0.24089753526951235,-0.0730729833318539,1.6609761099930531,0.24089753526951235,-0.0730729833318539,1.6609761099930531,0.0,0.0,0.0,4.534761039648714,0.07557935066081191
0.2490000000000002,0.2408968034754988,-0.07307252829535948,1.6609757808220253,0.24089753526951235,-0.0730729833318539,1.6609761099930531,0.24089753526951235,-0.0730729833318539,1.6609761099930531,0.0,0.0,0.0,4.5347642164149535,0.0755794036069159
0.25000000000000017,0.24089681273998875,-0.07307253433690715,1.660975788982632,0.24089753526951235,-0.0730729833318539,1.6609761099930531,0.24089753526951235,-0.0730729833318539,1.6609761099930531,0.0,0.0,0.0,4.534767338398264,0.07557945563997107
0.25100000000000017,0.24089682203412352,-0.07307254040209946,1.6609757969662458,0.24089753526951235,-0.0730729833318539,1.6609761099930531,0.24089753526951235,-0.0730729833318539,1.6609761099930531,0.0,0.0,0.0,4.534770404215619,0.07557950673692698
0.25200000000000017,0.2408968313523012,-0.07307254648693272,1.6609758047745022,0.24089753526951235,-0.0730729833318539,1.6609761099930531,0.24089753526951235,-0.0730729833318539,1.6609761099930531,0.0,0.0,0.0,4.5347734125973655,0.07557955687662275
0.25300000000000017,0.24089684068911482,-0.073072552587531,1.6609758124091774,0.24089753526951235,-0.0730729833318539,1.6609761099930531,0.24089753526951235,-0.0730729833318539,1.6609761099930531,0.0,0.0,0.0,4.534776362384704,0.07557960603974508
0.25400000000000017,0.24089685003934924,-0.0730725587001426,1.6609758198721782,0.24089753526951235,-0.0730729833318539,1.6609761099930531,0.24089753526951235,-0.0730729833318539,1.6609761099930531,0.0,0.0,0.0,4.534779252527351,0.07557965420878919
0.25500000000000017,0.24089685939797884,-0.07307256482114194,1.6609758271655364,0.24089753526951235,-0.0730729833318539,1.6609761099930531,0.24089753526951235,-0.0730729833318539,1.6609761099930531,0.0,0.0,0.0,4.534782082081041,0.07557970136801735
0.25600000000000017,0.24089686876016636,-0.0730725709470261,1.660975834291399,0.24089753526951235,-0.0730729833318539,1.6609761099930531,0.24089753526951235,-0.0730729833318539,1.6609761099930531,0.0,0.0,0.0,4.534784850206691,0.07557974750344484
0.2570000000000002,0.24089687812125843,-0.0730725770744147,1.6609758412520224,0.24089753526951235,-0.0730729833318539,1.6609761099930531,0.24089753526951235,-0.0730729833318539,1.6609761099930531,0.0,0.0,0.0,4.534787556165509,0.07557979260275847
0.2580000000000002,0.24089688747678412,-0.07307258320004886,1.660975848049763,0.24089753526951235,-0.0730729833318539,1.6609761099930531,0.24089753526951235,-0.0730729833318539,1.6609761099930531,0.0,0.0,0.0,4.534790199317544,0.0755798366552924
0.2590000000000002,0.2408968968224519,-0.07307258932079057,1.6609758546870732,0.24089753526951235,-0.0730729833318539,1.6609761099930531,0.24089753526951235,-0.0730729833318539,1.6609761099930531,0.0,0.0,0.0,4.534792779119489,0.07557987965199149
0.2600000000000002,0.24089690615414613,-0.07307259543361863,1.6609758611664904,0.24089753526951235,-0.0730729833318539,1.6609761099930531,0.24089753526951235,-0.0730729833318539,1.6609761099930531,0.0,0.0,0.0,4.534795295121213,0.07557992158535355
0.2610000000000002,0.24089691546792497,-0.07307260153563007,1.6609758674906328,0.24089753526951235,-0.0730729833318539,1.6609761099930531,0.24089753526951235,-0.0730729833318539,1.6609761099930531,0.0,0.0,0.0,4.534797746963852,0.07557996244939753
0.2620000000000002,0.24089692476001648,-0.07307260762403711,1.6609758736621907,0.24089753526951235,-0.0730729833318539,1.6609761099930531,0.24089753526951235,-0.0730729833318539,1.6609761099930531,0.0,0.0,0.0,4.534800134376474,0.0755800022396079
0.2630000000000002,0.24089693402681644,-0.07307261369616563,1.6609758796839225,0.24089753526951235,-0.0730729833318539,1.6609761099930531,0.24089753526951235,-0.0730729833318539,1.6609761099930531,0.0,0.0,0.0,4.534802457173808,0.0755800409528968
0.2640000000000002,0.2408969432648841,-0.07307261974945368,1.6609758855586447,0.24089753526951235,-0.0730729833318539,1.6609761099930531,0.24089753526951235,-0.0730729833318539,1.6609761099930531,0.0,0.0,0.0,4.534804715252732,0.07558007858754553
0.2650000000000002,0.24089695247093917,-0.07307262578144996,1.6609758912892287,0.24089753526951235,-0.0730729833318539,1.6609761099930531,0.24089753526951235,-0.0730729833318539,1.6609761099930531,0.0,0.0,0.0,4.534806908590213,0.07558011514317023
0.2660000000000002,0.2408969616418592,-0.07307263178981155,1.6609758968785937,0.24089753526951235,-0.0730729833318539,1.6609761099930531,0.24089753526951235,-0.0730729833318539,1.6609761099930531,0.0,0.0,0.0,4.534809037239853,0.07558015062066421
0.2670000000000002,0.2408969707746752,-0.07307263777230133,1.660975902329699,0.24089753526951235,-0.0730729833318539,1.6609761099930531,0.24089753526951235,-0.0730729833318539,1.6609761099930531,0.0,0.0,0.0,4.534811101329277,0.07558018502215462
0.2680000000000002,0.240896979866569,-0.07307264372678843,1.66097590764554,0.24089753526951235,-0.0730729833318539,1.6609761099930531,0.24089753526951235,-0.0730729833318539,1.6609761099930531,0.0,0.0,0.0,4.534813101057394,0.07558021835095657
0.2690000000000002,0.24089698891486913,-0.07307264965124331,1.6609759128291446,0.24089753526951235,-0.0730729833318539,1.6609761099930531,0.24089753526951235,-0.0730729833318539,1.6609761099930531,0.0,0.0,0.0,4.534815036691476,0.0755802506115246
0.2700000000000002,0.24089699791704808,-0.07307265554373796,1.660975917883562,0.24089753526951235,-0.0730729833318539,1.6609761099930531,0.24089753526951235,-0.0730729833318539,1.6609761099930531,0.0,0.0,0.0,4.534816908563567,0.07558028180939277
0.2710000000000002,0.2408970068707179,-0.07307266140244272,1.660975922811863,0.24089753526951235,-0.0730729833318539,1.6609761099930531,0.24089753526951235,-0.0730729833318539,1.6609761099930531,0.0,0.0,0.0,4.534818717069061,0.07558031195115102
0.2720000000000002,0.2408970157736277,-0.07307266722562446,1.6609759276171332,0.24089753526951235,-0.0730729833318539,1.6609761099930531,0.24089753526951235,-0.0730729833318539,1.6609761099930531,0.0,0.0,0.0,4.534820462662366,0.07558034104437276
0.2730000000000002,0.240897024623659,-0.07307267301164456,1.660975932302468,0.24089753526951235,-0.0730729833318539,1.6609761099930531,0.24089753526951235,-0.0730729833318539,1.6609761099930531,0.0,0.0,0.0,4.534822145854995,0.07558036909758324
0.2740000000000002,0.24089703341882318,-0.07307267875895651,1.660975936870966,0.24089753526951235,-0.0730729833318539,1.6609761099930531,0.24089753526951235,-0.0730729833318539,1.6609761099930531,0.0,0.0,0.0,4.53482376721209,0.0755803961202015
0.2750000000000002,0.24089704215725677,-0.07307268446610418,1.6609759413257286,0.24089753526951235,-0.0730729833318539,1.6609761099930531,0.24089753526951235,-0.0730729833318539,1.6609761099930531,0.0,0.0,0.0,4.534825327350556,0.07558042212250927
0.2760000000000002,0.24089705083721977,-0.07307269013171963,1.6609759456698523,0.24089753526951235,-0.0730729833318539,1.6609761099930531,0.24089753526951235,-0.0730729833318539,1.6609761099930531,0.0,0.0,0.0,4.534826826935308,0.07558044711558846
0.2770000000000002,0.24089705945708945,-0.07307269575452005,1.6609759499064254,0.24089753526951235,-0.0730729833318539,1.6609761099930531,0.24089753526951235,-0.0730729833318539,1.6609761099930531,0.0,0.0,0.0,4.534828266677238,0.0755804711112873
0.2780000000000002,0.24089706801535923,-0.07307270133330661,1.6609759540385263,0.24089753526951235,-0.0730729833318539,1.6609761099930531,0.24089753526951235,-0.0730729833318539,1.6609761099930531,0.0,0.0,0.0,4.53482964733019,0.07558049412216983
0.2790000000000002,0.24089707651063402,-0.07307270686696188,1.6609759580692167,0.24089753526951235,-0.0730729833318539,1.6609761099930531,0.24089753526951235,-0.0730729833318539,1.6609761099930531,0.0,0.0,0.0,4.534830969688195,0.07558051616146992
0.2800000000000002,0.2408970849416266,-0.07307271235444707,1.6609759620015392,0.24089753526951235,-0.0730729833318539,1.6609761099930531,0.24089753526951235,-0.0730729833318539,1.6609761099930531,0.0,0.0,0.0,4.534832234583257,0.07558053724305427
0.2810000000000002,0.24089709330715484,-0.07307271779480132,1.6609759658385141,0.24089753526951235,-0.0730729833318539,1.6609761099930531,0.24089753526951235,-0.0730729833318539,1.6609761099930531,0.0,0.0,0.0,4.5348334428827215,0.07558055738137869
0.2820000000000002,0.24089710160613714,-0.07307272318713748,1.6609759695831359,0.24089753526951235,-0.0730729833318539,1.6609761099930531,0.24089753526951235,-0.0730729833318539,1.6609761099930531,0.0,0.0,0.0,4.534834595486661,0.07558057659144435
0.2830000000000002,0.2408971098375901,-0.07307272853064117,1.6609759732383709,0.24089753526951235,-0.0730729833318539,1.6609761099930531,0.24089753526951235,-0.0730729833318539,1.6609761099930531,0.0,0.0,0.0,4.534835693325388,0.07558059488875647
0.2840000000000002,0.24089711800062455,-0.0730727338245685,1.660975976807153,0.24089753526951235,-0.0730729833318539,1.6609761099930531,0.24089753526951235,-0.0730729833318539,1.6609761099930531,0.0,0.0,0.0,4.5348367373570975,0.07558061228928496
0.2850000000000002,0.24089712609444203,-0.07307273906824362,1.6609759802923827,0.24089753526951235,-0.0730729833318539,1.6609761099930531,0.24089753526951235,-0.0730729833318539,1.6609761099930531,0.0,0.0,0.0,4.534837728565648,0.07558062880942747
0.2860000000000002,0.2408971341183318,-0.07307274426105641,1.660975983696923,0.24089753526951235,-0.0730729833318539,1.6609761099930531,0.24089753526951235,-0.0730729833318539,1.6609761099930531,0.0,0.0,0.0,4.534838667958101,0.07558064446596835
0.2870000000000002,0.24089714207166754,-0.07307274940246081,1.660975987023598,0.24089753526951235,-0.0730729833318539,1.6609761099930531,0.24089753526951235,-0.0730729833318539,1.6609761099930531,0.0,0.0,0.0,4.534839556562704,0.07558065927604507
0.2880000000000002,0.24089714995390354,-0.07307275449197172,1.6609759902751904,0.24089753526951235,-0.0730729833318539,1.6609761099930531,0.24089753526951235,-0.0730729833318539,1.6609761099930531,0.0,0.0,0.0,4.534840395426591,0.07558067325710985
0.2890000000000002,0.24089715776457327,-0.07307275952916427,1.6609759934544386,0.24089753526951235,-0.0730729833318539,1.6609761099930531,0.24089753526951235,-0.0730729833318539,1.6609761099930531,0.0,0.0,0.0,4.534841185613618,0.07558068642689363
0.2900000000000002,0.24089716550328244,-0.07307276451367029,1.6609759965640367,0.24089753526951235,-0.0730729833318539,1.6609761099930531,0.24089753526951235,-0.0730729833318539,1.6609761099930531,0.0,0.0,0.0,4.534841928202817,0.07558069880338028
0.2910000000000002,0.24089717316971024,-0.0730727694451767,1.66097599960663,0.24089753526951235,-0.0730729833318539,1.6609761099930531,0.24089753526951235,-0.0730729833318539,1.6609761099930531,0.0,0.0,0.0,4.534842624285346,0.07558071040475577
0.2920000000000002,0.24089718076360334,-0.07307277432342435,1.660976002584816,0.24089753526951235,-0.0730729833318539,1.6609761099930531,0.24089753526951235,-0.0730729833318539,1.6609761099930531,0.0,0.0,0.0,4.534843274963809,0.07558072124939681
0.2930000000000002,0.24089718828477463,-0.07307277914820459,1.6609760055011407,0.24089753526951235,-0.0730729833318539,1.6609761099930531,0.24089753526951235,-0.0730729833318539,1.6609761099930531,0.0,0.0,0.0,4.534843881349585,0.07558073135582641
0.2940000000000002,0.24089719573309826,-0.0730727839193577,1.6609760083580996,0.24089753526951235,-0.0730729833318539,1.6609761099930531,0.24089753526951235,-0.0730729833318539,1.6609761099930531,0.0,0.0,0.0,4.5348444445615,0.07558074074269167
0.2950000000000002,0.24089720310850926,-0.07307278863677154,1.6609760111581333,0.24089753526951235,-0.0730729833318539,1.6609761099930531,0.24089753526951235,-0.0730729833318539,1.6609761099930531,0.0,0.0,0.0,4.534844965723538,0.07558074942872564
0.2960000000000002,0.24089721041099837,-0.07307279330037861,1.6609760139036296,0.24089753526951235,-0.0730729833318539,1.6609761099930531,0.24089753526951235,-0.0730729833318539,1.6609761099930531,0.0,0.0,0.0,4.5348454459640575,0.07558075743273429
0.2970000000000002,0.2408972176406105,-0.07307279791015467,1.6609760165969205,0.24089753526951235,-0.0730729833318539,1.6609761099930531,0.24089753526951235,-0.0730729833318539,1.6609761099930531,0.0,0.0,0.0,4.534845886413225,0.07558076477355376
0.2980000000000002,0.24089722479744174,-0.07307280246611694,1.6609760192402818,0.24089753526951235,-0.0730729833318539,1.6609761099930531,0.24089753526951235,-0.0730729833318539,1.6609761099930531,0.0,0.0,0.0,4.5348462882020435,0.07558077147003406
0.2990000000000002,0.24089723188163675,-0.07307280696832175,1.6609760218359324,0.24089753526951235,-0.0730729833318539,1.6609761099930531,0.24089753526951235,-0.0730729833318539,1.6609761099930531,0.0,0.0,0.0,4.534846652460689,0.07558077754101149
0.3000000000000002,0.24089723889338582,-0.07307281141686293,1.6609760243860339,0.24089753526951235,-0.0730729833318539,1.6609761099930531,0.24089753526951235,-0.0730729833318539,1.6609761099930531,0.0,0.0,0.0,4.5348469803173534,0.07558078300528923
0.3010000000000002,0.24089724583292255,-0.07307281581187033,1.6609760268926892,0.24089753526951235,-0.0730729833318539,1.6609761099930531,0.24089753526951235,-0.0730729833318539,1.6609761099930531,0.0,0.0,0.0,4.534847272896397,0.07558078788160662
0.3020000000000002,0.2408972527005212,-0.07307282015350734,1.6609760293579428,0.24089753526951235,-0.0730729833318539,1.6609761099930531,0.24089753526951235,-0.0730729833318539,1.6609761099930531,0.0,0.0,0.0,4.534847531317515,0.07558079218862526
0.3030000000000002,0.24089725949649474,-0.07307282444197019,1.6609760317837807,0.24089753526951235,-0.0730729833318539,1.6609761099930531,0.24089753526951235,-0.0730729833318539,1.6609761099930531,0.0,0.0,0.0,4.534847756694335,0.07558079594490558
0.3040000000000002,0.24089726622119184,-0.07307282867748485,1.6609760341721302,0.24089753526951235,-0.0730729833318539,1.6609761099930531,0.24089753526951235,-0.0730729833318539,1.6609761099930531,0.0,0.0,0.0,4.534847950133157,0.07558079916888595
0.3050000000000002,0.24089727287499493,-0.07307283286030665,1.6609760365248578,0.24089753526951235,-0.0730729833318539,1.6609761099930531,0.24089753526951235,-0.0730729833318539,1.6609761099930531,0.0,0.0,0.0,4.534848112731741,0.07558080187886235
0.3060000000000002,0.24089727945831757,-0.07307283699071782,1.6609760388437707,0.24089753526951235,-0.0730729833318539,1.6609761099930531,0.24089753526951235,-0.0730729833318539,1.6609761099930531,0.0,0.0,0.0,4.534848245578726,0.07558080409297877
0.3070000000000002,0.24089728597160312,-0.07307284106902674,1.660976041130619,0.24089753526951235,-0.0730729833318539,1.6609761099930531,0.24089753526951235,-0.0730729833318539,1.6609761099930531,0.0,0.0,0.0,4.534848349752189,0.07558080582920315
0.3080000000000002,0.24089729241532182,-0.07307284509556522,1.6609760433870906,0.24089753526951235,-0.0730729833318539,1.6609761099930531,0.24089753526951235,-0.0730729833318539,1.6609761099930531,0.0,0.0,0.0,4.534848426318478,0.07558080710530796
0.3090000000000002,0.24089729878996805,-0.073072849070688,1.6609760456148157,0.24089753526951235,-0.0730729833318539,1.6609761099930531,0.24089753526951235,-0.0730729833318539,1.6609761099930531,0.0,0.0,0.0,4.5348484763323516,0.07558080793887252
0.3100000000000002,0.24089730509606117,-0.07307285299477101,1.6609760478153668,0.24089753526951235,-0.0730729833318539,1.6609761099930531,0.24089753526951235,-0.0730729833318539,1.6609761099930531,0.0,0.0,0.0,4.5348485008350305,0.0755808083472505
0.3110000000000002,0.24089731133413994,-0.07307285686820979,1.6609760499902548,0.24089753526951235,-0.0730729833318539,1.6609761099930531,0.24089753526951235,-0.0730729833318539,1.6609761099930531,0.0,0.0,0.0,4.534848500853561,0.07558080834755934
0.3120000000000002,0.24089731750476312,-0.07307286069141769,1.6609760521409356,0.24089753526951235,-0.0730729833318539,1.6609761099930531,0.24089753526951235,-0.0730729833318539,1.6609761099930531,0.0,0.0,0.0,4.534848477401108,0.07558080795668513
0.3130000000000002,0.24089732360850719,-0.07307286446482587,1.660976054268806,0.24089753526951235,-0.0730729833318539,1.6609761099930531,0.24089753526951235,-0.0730729833318539,1.6609761099930531,0.0,0.0,0.0,4.5348484314748525,0.07558080719124755
0.3140000000000002,0.2408973296459637,-0.0730728681888801,1.660976056375205,0.24089753526951235,-0.0730729833318539,1.6609761099930531,0.24089753526951235,-0.0730729833318539,1.6609761099930531,0.0,0.0,0.0,4.534848364056301,0.07558080606760502
0.3150000000000002,0.24089733561773888,-0.07307287186404135,1.660976058461416,0.24089753526951235,-0.0730729833318539,1.6609761099930531,0.24089753526951235,-0.0730729833318539,1.6609761099930531,0.0,0.0,0.0,4.534848276110502,0.0755808046018417
0.3160000000000002,0.24089734152445097,-0.07307287549078298,1.6609760605286659,0.24089753526951235,-0.0730729833318539,1.6609761099930531,0.24089753526951235,-0.0730729833318539,1.6609761099930531,0.0,0.0,0.0,4.534848168585348,0.07558080280975579
0.3170000000000002,0.2408973473667292,-0.07307287906959127,1.6609760625781274,0.24089753526951235,-0.0730729833318539,1.6609761099930531,0.24089753526951235,-0.0730729833318539,1.6609761099930531,0.0,0.0,0.0,4.53484804241128,0.07558080070685466
0.3180000000000002,0.24089735314521285,-0.07307288260096176,1.6609760646109177,0.24089753526951235,-0.0730729833318539,1.6609761099930531,0.24089753526951235,-0.0730729833318539,1.6609761099930531,0.0,0.0,0.0,4.534847898500439,0.07558079830834065
0.31900000000000023,0.2408973588605477,-0.07307288608540091,1.6609760666280984,0.24089753526951235,-0.0730729833318539,1.6609761099930531,0.24089753526951235,-0.0730729833318539,1.6609761099930531,0.0,0.0,0.0,4.534847737746851,0.07558079562911418
0.32000000000000023,0.24089736451338759,-0.07307288952342288,1.660976068630681,0.24089753526951235,-0.0730729833318539,1.6609761099930531,0.24089753526951235,-0.0730729833318539,1.6609761099930531,0.0,0.0,0.0,4.534847561026061,0.07558079268376769
0.32100000000000023,0.2408973701043905,-0.07307289291554987,1.6609760706196242,0.24089753526951235,-0.0730729833318539,1.6609761099930531,0.24089753526951235,-0.0730729833318539,1.6609761099930531,0.0,0.0,0.0,4.534847369194013,0.0755807894865669
0.32200000000000023,0.24089737563421953,-0.07307289626231062,1.6609760725958342,0.24089753526951235,-0.0730729833318539,1.6609761099930531,0.24089753526951235,-0.0730729833318539,1.6609761099930531,0.0,0.0,0.0,4.534847163087351,0.07558078605145585
0.32300000000000023,0.24089738110353945,-0.07307289956423878,1.660976074560168,0.24089753526951235,-0.0730729833318539,1.6609761099930531,0.24089753526951235,-0.0730729833318539,1.6609761099930531,0.0,0.0,0.0,4.534846943523543,0.07558078239205905
0.32400000000000023,0.24089738651301704,-0.0730729028218728,1.660976076513432,0.24089753526951235,-0.0730729833318539,1.6609761099930531,0.24089753526951235,-0.0730729833318539,1.6609761099930531,0.0,0.0,0.0,4.534846711299958,0.07558077852166598
0.32500000000000023,0.24089739186332,-0.07307290603575564,1.6609760784563845,0.24089753526951235,-0.0730729833318539,1.6609761099930531,0.24089753526951235,-0.0730729833318539,1.6609761099930531,0.0,0.0,0.0,4.534846467194131,0.07558077445323552
0.32600000000000023,0.24089739715511527,-0.0730729092064319,1.6609760803897378,0.24089753526951235,-0.0730729833318539,1.6609761099930531,0.24089753526951235,-0.0730729833318539,1.6609761099930531,0.0,0.0,0.0,4.534846211963631,0.07558077019939384
0.32700000000000023,0.24089740238906823,-0.07307291233444906,1.660976082314156,0.24089753526951235,-0.0730729833318539,1.6609761099930531,0.24089753526951235,-0.0730729833318539,1.6609761099930531,0.0,0.0,0.0,4.534845946345444,0.07558076577242406
0.32800000000000024,0.24089740756584177,-0.07307291542035534,1.6609760842302579,0.24089753526951235,-0.0730729833318539,1.6609761099930531,0.24089753526951235,-0.0730729833318539,1.6609761099930531,0.0,0.0,0.0,4.534845671056652,0.07558076118427753
0.32900000000000024,0.24089741268609588,-0.07307291846469985,1.6609760861386191,0.24089753526951235,-0.0730729833318539,1.6609761099930531,0.24089753526951235,-0.0730729833318539,1.6609761099930531,0.0,0.0,0.0,4.534845386793914,0.07558075644656523
0.33000000000000024,0.24089741775048554,-0.07307292146803122,1.6609760880397697,0.24089753526951235,-0.0730729833318539,1.6609761099930531,0.24089753526951235,-0.0730729833318539,1.6609761099930531,0.0,0.0,0.0,4.5348450942334875,0.07558075157055813
0.33100000000000024,0.2408974227596615,-0.07307292443089715,1.6609760899342012,0.24089753526951235,-0.0730729833318539,1.6609761099930531,0.24089753526951235,-0.0730729833318539,1.6609761099930531,0.0,0.0,0.0,4.534844794031807,0.07558074656719678
0.33200000000000024,0.24089742771426859,-0.07307292735384377,1.6609760918223606,0.24089753526951235,-0.0730729833318539,1.6609761099930531,0.24089753526951235,-0.0730729833318539,1.6609761099930531,0.0,0.0,0.0,4.534844486824201,0.07558074144707001
0.33300000000000024,0.24089743261494484,-0.07307293023741515,1.660976093704655,0.24089753526951235,-0.0730729833318539,1.6609761099930531,0.24089753526951235,-0.0730729833318539,1.6609761099930531,0.0,0.0,0.0,4.53484417322657,0.07558073622044283
0.33400000000000024,0.24089743746232262,-0.07307293308215286,1.660976095581457,0.24089753526951235,-0.0730729833318539,1.6609761099930531,0.24089753526951235,-0.0730729833318539,1.6609761099930531,0.0,0.0,0.0,4.534843853834741,0.07558073089724568
0.33500000000000024,0.24089744225702497,-0.07307293588859473,1.6609760974530956,0.24089753526951235,-0.0730729833318539,1.6609761099930531,0.24089753526951235,-0.0730729833318539,1.6609761099930531,0.0,0.0,0.0,4.534843529223678,0.0755807254870613
0.33600000000000024,0.24089744699966664,-0.07307293865727406,1.660976099319865,0.24089753526951235,-0.0730729833318539,1.6609761099930531,0.24089753526951235,-0.0730729833318539,1.6609761099930531,0.0,0.0,0.0,4.534843199949784,0.07558071999916308
0.33700000000000024,0.2408974516908559,-0.07307294138872165,1.6609761011820283,0.24089753526951235,-0.0730729833318539,1.6609761099930531,0.24089753526951235,-0.0730729833318539,1.6609761099930531,0.0,0.0,0.0,4.534842866549084,0.07558071444248474
0.33800000000000024,0.24089745633118836,-0.07307294408346154,1.6609761030398063,0.24089753526951235,-0.0730729833318539,1.6609761099930531,0.24089753526951235,-0.0730729833318539,1.6609761099930531,0.0,0.0,0.0,4.534842529537693,0.07558070882562822
0.33900000000000025,0.2408974609212532,-0.07307294674201384,1.6609761048933949,0.24089753526951235,-0.0730729833318539,1.6609761099930531,0.24089753526951235,-0.0730729833318539,1.6609761099930531,0.0,0.0,0.0,4.5348421894135535,0.07558070315689255
0.34000000000000025,0.24089746546162707,-0.07307294936489238,1.66097610674295,0.24089753526951235,-0.0730729833318539,1.6609761099930531,0.24089753526951235,-0.0730729833318539,1.6609761099930531,0.0,0.0,0.0,4.534841846654191,0.07558069744423652
0.34100000000000025,0.24089746995287745,-0.07307295195260549,1.660976108588603,0.24089753526951235,-0.0730729833318539,1.6609761099930531,0.24089753526951235,-0.0730729833318539,1.6609761099930531,0.0,0.0,0.0,4.534841501719658,0.07558069169532763
0.34200000000000025,0.24089747439556086,-0.07307295450565426,1.660976110430452,0.24089753526951235,-0.0730729833318539,1.6609761099930531,0.24089753526951235,-0.0730729833318539,1.6609761099930531,0.0,0.0,0.0,4.534841155050081,0.07558068591750136
0.34300000000000025,0.24089747879022194,-0.07307295702453342,1.6609761122685665,0.24089753526951235,-0.0730729833318539,1.6609761099930531,0.24089753526951235,-0.0730729833318539,1.6609761099930531,0.0,0.0,0.0,4.534840807068046,0.07558068011780077
0.34400000000000025,0.24089748313739445,-0.07307295950973106,1.6609761141029888,0.24089753526951235,-0.0730729833318539,1.6609761099930531,0.24089753526951235,-0.0730729833318539,1.6609761099930531,0.0,0.0,0.0,4.53484045817788,0.07558067430296465
0.34500000000000025,0.24089748743760048,-0.07307296196172755,1.6609761159337353,0.24089753526951235,-0.0730729833318539,1.6609761099930531,0.24089753526951235,-0.0730729833318539,1.6609761099930531,0.0,0.0,0.0,4.53484010876604,0.075580668479434
0.34600000000000025,0.24089749169135008,-0.07307296438099559,1.6609761177607951,0.24089753526951235,-0.0730729833318539,1.6609761099930531,0.24089753526951235,-0.0730729833318539,1.6609761099930531,0.0,0.0,0.0,4.53483975920122,0.07558066265335367
0.34700000000000025,0.24089749589914217,-0.0730729667680006,1.6609761195841355,0.24089753526951235,-0.0730729833318539,1.6609761099930531,0.24089753526951235,-0.0730729833318539,1.6609761099930531,0.0,0.0,0.0,4.534839409835336,0.07558065683058894
0.34800000000000025,0.2408975000614621,-0.07307296912319922,1.6609761214036975,0.24089753526951235,-0.0730729833318539,1.6609761099930531,0.24089753526951235,-0.0730729833318539,1.6609761099930531,0.0,0.0,0.0,4.534839061002919,0.07558065101671532
0.34900000000000025,0.24089750417878364,-0.07307297144704052,1.6609761232194022,0.24089753526951235,-0.0730729833318539,1.6609761099930531,0.24089753526951235,-0.0730729833318539,1.6609761099930531,0.0,0.0,0.0,4.534838713022486,0.07558064521704143
0.35000000000000026,0.2408975082515682,-0.07307297373996499,1.6609761250311483,0.24089753526951235,-0.0730729833318539,1.6609761099930531,0.24089753526951235,-0.0730729833318539,1.6609761099930531,0.0,0.0,0.0,4.534838366195746,0.07558063943659578
0.35100000000000026,0.24089751228026413,-0.07307297600240409,1.6609761268388132,0.24089753526951235,-0.0730729833318539,1.6609761099930531,0.24089753526951235,-0.0730729833318539,1.6609761099930531,0.0,0.0,0.0,4.534838020808777,0.07558063368014628
0.35200000000000026,0.24089751626530845,-0.0730729782347814,1.6609761286422573,0.24089753526951235,-0.0730729833318539,1.6609761099930531,0.24089753526951235,-0.0730729833318539,1.6609761099930531,0.0,0.0,0.0,4.534837677132229,0.07558062795220381
0.35300000000000026,0.24089752020712457,-0.0730729804375112,1.6609761304413215,0.24089753526951235,-0.0730729833318539,1.6609761099930531,0.24089753526951235,-0.0730729833318539,1.6609761099930531,0.0,0.0,0.0,4.534837335421142,0.07558062225701903
0.35400000000000026,0.2408975241061238,-0.07307298261099919,1.6609761322358294,0.24089753526951235,-0.0730729833318539,1.6609761099930531,0.24089753526951235,-0.0730729833318539,1.6609761099930531,0.0,0.0,0.0,4.534836995915783,0.07558061659859638
0.35500000000000026,0.24089752796270442,-0.07307298475564175,1.660976134025588,0.24089753526951235,-0.0730729833318539,1.6609761099930531,0.24089753526951235,-0.0730729833318539,1.6609761099930531,0.0,0.0,0.0,4.534836658841975,0.07558061098069958
0.35600000000000026,0.24089753177725332,-0.07307298687182652,1.6609761358103898,0.24089753526951235,-0.0730729833318539,1.6609761099930531,0.24089753526951235,-0.0730729833318539,1.6609761099930531,0.0,0.0,0.0,4.534836324410898,0.07558060540684829
0.35700000000000026,0.2408975355501438,-0.0730729889599318,1.6609761375900127,0.24089753526951235,-0.0730729833318539,1.6609761099930531,0.24089753526951235,-0.0730729833318539,1.6609761099930531,0.0,0.0,0.0,4.5348359928214625,0.07558059988035772
0.35800000000000026,0.24089753928173743,-0.07307299102032769,1.66097613936422,0.24089753526951235,-0.0730729833318539,1.6609761099930531,0.24089753526951235,-0.0730729833318539,1.6609761099930531,0.0,0.0,0.0,4.5348356642574466,0.07558059440429078
0.35900000000000026,0.2408975429723837,-0.07307299305337392,1.660976141132763,0.24089753526951235,-0.0730729833318539,1.6609761099930531,0.24089753526951235,-0.0730729833318539,1.6609761099930531,0.0,0.0,0.0,4.53483533889034,0.07558058898150567
0.36000000000000026,0.2408975466224194,-0.07307299505942164,1.660976142895381,0.24089753526951235,-0.0730729833318539,1.6609761099930531,0.24089753526951235,-0.0730729833318539,1.6609761099930531,0.0,0.0,0.0,4.534835016878555,0.07558058361464258
0.36100000000000027,0.24089755023216952,-0.07307299703881295,1.6609761446518037,0.24089753526951235,-0.0730729833318539,1.6609761099930531,0.24089753526951235,-0.0730729833318539,1.6609761099930531,0.0,0.0,0.0,4.534834698368453,0.07558057830614089
0.36200000000000027,0.24089755380194736,-0.07307299899188155,1.6609761464017485,0.24089753526951235,-0.0730729833318539,1.6609761099930531,0.24089753526951235,-0.0730729833318539,1.6609761099930531,0.0,0.0,0.0,4.534834383494138,0.07558057305823564
0.36300000000000027,0.24089755733205448,-0.0730730009189506,1.6609761481449241,0.24089753526951235,-0.0730729833318539,1.6609761099930531,0.24089753526951235,-0.0730729833318539,1.6609761099930531,0.0,0.0,0.0,4.534834072378403,0.07558056787297338
0.36400000000000027,0.24089756082278113,-0.07307300282033563,1.6609761498810311,0.24089753526951235,-0.0730729833318539,1.6609761099930531,0.24089753526951235,-0.0730729833318539,1.6609761099930531,0.0,0.0,0.0,4.53483376513285,0.07558056275221417
0.36500000000000027,0.24089756427440528,-0.07307300469634252,1.6609761516097632,0.24089753526951235,-0.0730729833318539,1.6609761099930531,0.24089753526951235,-0.0730729833318539,1.6609761099930531,0.0,0.0,0.0,4.534833461858116,0.07558055769763526
0.36600000000000027,0.24089756768719472,-0.07307300654726859,1.6609761533308043,0.24089753526951235,-0.0730729833318539,1.6609761099930531,0.24089753526951235,-0.0730729833318539,1.6609761099930531,0.0,0.0,0.0,4.534833162643891,0.07558055271073152
0.36700000000000027,0.24089757106140597,-0.07307300837340215,1.660976155043835,0.24089753526951235,-0.0730729833318539,1.6609761099930531,0.24089753526951235,-0.0730729833318539,1.6609761099930531,0.0,0.0,0.0,4.534832867570585,0.07558054779284308
0.36800000000000027,0.2408975743972845,-0.07307301017502335,1.660976156748529,0.24089753526951235,-0.0730729833318539,1.6609761099930531,0.24089753526951235,-0.0730729833318539,1.6609761099930531,0.0,0.0,0.0,4.534832576707981,0.07558054294513301
0.36900000000000027,0.2408975776950657,-0.07307301195240302,1.6609761584445537,0.24089753526951235,-0.0730729833318539,1.6609761099930531,0.24089753526951235,-0.0730729833318539,1.6609761099930531,0.0,0.0,0.0,4.534832290116727,0.07558053816861211
0.3700000000000003,0.24089758095497432,-0.07307301370580399,1.6609761601315745,0.24089753526951235,-0.0730729833318539,1.6609761099930531,0.24089753526951235,-0.0730729833318539,1.6609761099930531,0.0,0.0,0.0,4.534832007848883,0.07558053346414804
0.3710000000000003,0.24089758417722534,-0.07307301543548082,1.6609761618092531,0.24089753526951235,-0.0730729833318539,1.6609761099930531,0.24089753526951235,-0.0730729833318539,1.6609761099930531,0.0,0.0,0.0,4.53483172994695,0.07558052883244916
0.3720000000000003,0.24089758736202332,-0.07307301714167952,1.6609761634772457,0.24089753526951235,-0.0730729833318539,1.6609761099930531,0.24089753526951235,-0.0730729833318539,1.6609761099930531,0.0,0.0,0.0,4.5348314564452705,0.07558052427408785
0.3730000000000003,0.24089759050956422,-0.07307301882463814,1.660976165135209,0.24089753526951235,-0.0730729833318539,1.6609761099930531,0.24089753526951235,-0.0730729833318539,1.6609761099930531,0.0,0.0,0.0,4.534831187370671,0.07558051978951118
0.3740000000000003,0.2408975936200335,-0.07307302048458666,1.6609761667827967,0.24089753526951235,-0.0730729833318539,1.6609761099930531,0.24089753526951235,-0.0730729833318539,1.6609761099930531,0.0,0.0,0.0,4.534830922741614,0.07558051537902691
0.3750000000000003,0.24089759669360855,-0.07307302212174724,1.66097616841966,0.24089753526951235,-0.0730729833318539,1.6609761099930531,0.24089753526951235,-0.0730729833318539,1.6609761099930531,0.0,0.0,0.0,4.534830662569294,0.07558051104282157
0.3760000000000003,0.24089759973045732,-0.07307302373633424,1.6609761700454513,0.24089753526951235,-0.0730729833318539,1.6609761099930531,0.24089753526951235,-0.0730729833318539,1.6609761099930531,0.0,0.0,0.0,4.534830406858245,0.07558050678097075
0.3770000000000003,0.240897602730739,-0.07307302532855503,1.660976171659822,0.24089753526951235,-0.0730729833318539,1.6609761099930531,0.24089753526951235,-0.0730729833318539,1.6609761099930531,0.0,0.0,0.0,4.53483015560591,0.07558050259343183
0.3780000000000003,0.24089760569460675,-0.07307302689860914,1.6609761732624235,0.24089753526951235,-0.0730729833318539,1.6609761099930531,0.24089753526951235,-0.0730729833318539,1.6609761099930531,0.0,0.0,0.0,4.534829908803183,0.07558049848005305
0.3790000000000003,0.2408976086222026,-0.07307302844668903,1.6609761748529088,0.24089753526951235,-0.0730729833318539,1.6609761099930531,0.24089753526951235,-0.0730729833318539,1.6609761099930531,0.0,0.0,0.0,4.5348296664354475,0.0755804944405908
0.3800000000000003,0.24089761151366224,-0.07307302997297943,1.6609761764309314,0.24089753526951235,-0.0730729833318539,1.6609761099930531,0.24089753526951235,-0.0730729833318539,1.6609761099930531,0.0,0.0,0.0,4.534829428481525,0.07558049047469209
0.3810000000000003,0.24089761436911422,-0.0730730314776592,1.6609761779961472,0.24089753526951235,-0.0730729833318539,1.6609761099930531,0.24089753526951235,-0.0730729833318539,1.6609761099930531,0.0,0.0,0.0,4.534829194915069,0.07558048658191782
0.3820000000000003,0.2408976171886796,-0.07307303296090038,1.6609761795482127,0.24089753526951235,-0.0730729833318539,1.6609761099930531,0.24089753526951235,-0.0730729833318539,1.6609761099930531,0.0,0.0,0.0,4.534828965704595,0.07558048276174324
0.3830000000000003,0.24089761997247236,-0.07307303442286761,1.660976181086789,0.24089753526951235,-0.0730729833318539,1.6609761099930531,0.24089753526951235,-0.0730729833318539,1.6609761099930531,0.0,0.0,0.0,4.534828740813714,0.0755804790135619
0.3840000000000003,0.24089762272060014,-0.07307303586371976,1.660976182611538,0.24089753526951235,-0.0730729833318539,1.6609761099930531,0.24089753526951235,-0.0730729833318539,1.6609761099930531,0.0,0.0,0.0,4.534828520201064,0.0755804753366844
0.3850000000000003,0.2408976254331644,-0.07307303728360928,1.660976184122125,0.24089753526951235,-0.0730729833318539,1.6609761099930531,0.24089753526951235,-0.0730729833318539,1.6609761099930531,0.0,0.0,0.0,4.534828303821328,0.07558047173035547
0.3860000000000003,0.24089762811026005,-0.07307303868268293,1.660976185618222,0.24089753526951235,-0.0730729833318539,1.6609761099930531,0.24089753526951235,-0.0730729833318539,1.6609761099930531,0.0,0.0,0.0,4.534828091625038,0.07558046819375064
0.3870000000000003,0.24089763075197645,-0.07307304006108142,1.6609761870995012,0.24089753526951235,-0.0730729833318539,1.6609761099930531,0.24089753526951235,-0.0730729833318539,1.6609761099930531,0.0,0.0,0.0,4.534827883558274,0.07558046472597123
0.3880000000000003,0.24089763335839795,-0.07307304141893943,1.660976188565641,0.24089753526951235,-0.0730729833318539,1.6609761099930531,0.24089753526951235,-0.0730729833318539,1.6609761099930531,0.0,0.0,0.0,4.534827679564131,0.07558046132606885
0.3890000000000003,0.24089763592960242,-0.07307304275638696,1.6609761900163234,0.24089753526951235,-0.0730729833318539,1.6609761099930531,0.24089753526951235,-0.0730729833318539,1.6609761099930531,0.0,0.0,0.0,4.534827479582257,0.07558045799303763
0.3900000000000003,0.24089763846566428,-0.07307304407354795,1.6609761914512353,0.24089753526951235,-0.0730729833318539,1.6609761099930531,0.24089753526951235,-0.0730729833318539,1.6609761099930531,0.0,0.0,0.0,4.534827283549137,0.07558045472581895
0.3910000000000003,0.24089764096665206,-0.07307304537054142,1.6609761928700688,0.24089753526951235,-0.0730729833318539,1.6609761099930531,0.24089753526951235,-0.0730729833318539,1.6609761099930531,0.0,0.0,0.0,4.534827091398433,0.07558045152330721
0.3920000000000003,0.24089764343263054,-0.07307304664748174,1.660976194272522,0.24089753526951235,-0.0730729833318539,1.6609761099930531,0.24089753526951235,-0.0730729833318539,1.6609761099930531,0.0,0.0,0.0,4.534826903061105,0.07558044838435175
0.3930000000000003,0.24089764586365991,-0.07307304790447841,1.6609761956582985,0.24089753526951235,-0.0730729833318539,1.6609761099930531,0.24089753526951235,-0.0730729833318539,1.6609761099930531,0.0,0.0,0.0,4.534826718465658,0.07558044530776097
0.3940000000000003,0.24089764825979687,-0.07307304914163563,1.6609761970271066,0.24089753526951235,-0.0730729833318539,1.6609761099930531,0.24089753526951235,-0.0730729833318539,1.6609761099930531,0.0,0.0,0.0,4.5348265375383585,0.07558044229230597
0.3950000000000003,0.24089765062109397,-0.07307305035905456,1.66097619837866,0.24089753526951235,-0.0730729833318539,1.6609761099930531,0.24089753526951235,-0.0730729833318539,1.6609761099930531,0.0,0.0,0.0,4.534826360203725,0.07558043933672876
0.3960000000000003,0.2408976529476006,-0.07307305155683064,1.6609761997126808,0.24089753526951235,-0.0730729833318539,1.6609761099930531,0.24089753526951235,-0.0730729833318539,1.6609761099930531,0.0,0.0,0.0,4.534826186383843,0.07558043643973072
0.3970000000000003,0.24089765523936324,-0.07307305273505645,1.6609762010288973,0.24089753526951235,-0.0730729833318539,1.6609761099930531,0.24089753526951235,-0.0730729833318539,1.6609761099930531,0.0,0.0,0.0,4.534826016000679,0.07558043360001131
0.3980000000000003,0.2408976574964249,-0.07307305389381992,1.6609762023270416,0.24089753526951235,-0.0730729833318539,1.6609761099930531,0.24089753526951235,-0.0730729833318539,1.6609761099930531,0.0,0.0,0.0,4.534825848973285,0.07558043081622141
0.3990000000000003,0.24089765971882632,-0.0730730550332058,1.6609762036068543,0.24089753526951235,-0.0730729833318539,1.6609761099930531,0.24089753526951235,-0.0730729833318539,1.6609761099930531,0.0,0.0,0.0,4.534825685220033,0.07558042808700055
0.4000000000000003,0.2408976619066055,-0.07307305615329486,1.6609762048680825,0.24089753526951235,-0.0730729833318539,1.6609761099930531,0.24089753526951235,-0.0730729833318539,1.6609761099930531,0.0,0.0,0.0,4.5348255246582525,0.07558042541097088
0.4010000000000003,0.24089766405979884,-0.0730730572541649,1.6609762061104807,0.24089753526951235,-0.0730729833318539,1.6609761099930531,0.24089753526951235,-0.0730729833318539,1.6609761099930531,0.0,0.0,0.0,4.534825367204332,0.07558042278673888
0.4020000000000003,0.24089766617844,-0.0730730583358897,1.6609762073338092,0.24089753526951235,-0.0730729833318539,1.6609761099930531,0.24089753526951235,-0.0730729833318539,1.6609761099930531,0.0,0.0,0.0,4.534825212774058,0.07558042021290096
0.4030000000000003,0.2408976682625611,-0.07307305939854118,1.660976208537836,0.24089753526951235,-0.0730729833318539,1.6609761099930531,0.24089753526951235,-0.0730729833318539,1.6609761099930531,0.0,0.0,0.0,4.534825061282547,0.07558041768804244
0.4040000000000003,0.24089767031219295,-0.07307306044218738,1.6609762097223368,0.24089753526951235,-0.0730729833318539,1.6609761099930531,0.24089753526951235,-0.0730729833318539,1.6609761099930531,0.0,0.0,0.0,4.534824912644719,0.07558041521074532
0.4050000000000003,0.24089767232736498,-0.07307306146689468,1.6609762108870927,0.24089753526951235,-0.0730729833318539,1.6609761099930531,0.24089753526951235,-0.0730729833318539,1.6609761099930531,0.0,0.0,0.0,4.534824766774864,0.07558041277958107
0.4060000000000003,0.24089767430810485,-0.07307306247272559,1.6609762120318943,0.24089753526951235,-0.0730729833318539,1.6609761099930531,0.24089753526951235,-0.0730729833318539,1.6609761099930531,0.0,0.0,0.0,4.5348246235876415,0.07558041039312736
0.4070000000000003,0.2408976762544404,-0.07307306345974098,1.6609762131565384,0.24089753526951235,-0.0730729833318539,1.6609761099930531,0.24089753526951235,-0.0730729833318539,1.6609761099930531,0.0,0.0,0.0,4.534824482997159,0.07558040804995265
0.4080000000000003,0.24089767816639768,-0.07307306442799966,1.6609762142608286,0.24089753526951235,-0.0730729833318539,1.6609761099930531,0.24089753526951235,-0.0730729833318539,1.6609761099930531,0.0,0.0,0.0,4.534824344918098,0.07558040574863496
0.4090000000000003,0.24089768004400247,-0.07307306537755748,1.6609762153445768,0.24089753526951235,-0.0730729833318539,1.6609761099930531,0.24089753526951235,-0.0730729833318539,1.6609761099930531,0.0,0.0,0.0,4.534824209265436,0.07558040348775726
0.4100000000000003,0.24089768188728028,-0.07307306630846909,1.6609762164076014,0.24089753526951235,-0.0730729833318539,1.6609761099930531,0.24089753526951235,-0.0730729833318539,1.6609761099930531,0.0,0.0,0.0,4.534824075954105,0.07558040126590175
0.4110000000000003,0.24089768369625675,-0.07307306722078719,1.6609762174497307,0.24089753526951235,-0.0730729833318539,1.6609761099930531,0.24089753526951235,-0.0730729833318539,1.6609761099930531,0.0,0.0,0.0,4.53482394490013,0.07558039908166883
0.4120000000000003,0.24089768547095708,-0.0730730681145625,1.6609762184707964,0.24089753526951235,-0.0730729833318539,1.6609761099930531,0.24089753526951235,-0.0730729833318539,1.6609761099930531,0.0,0.0,0.0,4.534823816019256,0.07558039693365427
0.4130000000000003,0.24089768721140595,-0.07307306898984418,1.6609762194706406,0.24089753526951235,-0.0730729833318539,1.6609761099930531,0.24089753526951235,-0.0730729833318539,1.6609761099930531,0.0,0.0,0.0,4.534823689228848,0.07558039482048079
0.4140000000000003,0.24089768891762975,-0.07307306984668036,1.660976220449111,0.24089753526951235,-0.0730729833318539,1.6609761099930531,0.24089753526951235,-0.0730729833318539,1.6609761099930531,0.0,0.0,0.0,4.534823564446438,0.07558039274077397
0.4150000000000003,0.2408976905896546,-0.07307307068511784,1.6609762214060655,0.24089753526951235,-0.0730729833318539,1.6609761099930531,0.24089753526951235,-0.0730729833318539,1.6609761099930531,0.0,0.0,0.0,4.534823441590954,0.07558039069318258
0.4160000000000003,0.2408976922275078,-0.07307307150520166,1.660976222341367,0.24089753526951235,-0.0730729833318539,1.6609761099930531,0.24089753526951235,-0.0730729833318539,1.6609761099930531,0.0,0.0,0.0,4.534823320581601,0.07558038867636001
0.4170000000000003,0.24089769383121543,-0.073073072306976,1.660976223254884,0.24089753526951235,-0.0730729833318539,1.6609761099930531,0.24089753526951235,-0.0730729833318539,1.6609761099930531,0.0,0.0,0.0,4.534823201338997,0.07558038668898329
0.4180000000000003,0.24089769540080674,-0.07307307309048482,1.6609762241464956,0.24089753526951235,-0.0730729833318539,1.6609761099930531,0.24089753526951235,-0.0730729833318539,1.6609761099930531,0.0,0.0,0.0,4.534823083785285,0.07558038472975474
0.4190000000000003,0.24089769693631008,-0.07307307385577021,1.6609762250160869,0.24089753526951235,-0.0730729833318539,1.6609761099930531,0.24089753526951235,-0.0730729833318539,1.6609761099930531,0.0,0.0,0.0,4.534822967843057,0.07558038279738429
0.4200000000000003,0.240897698437757,-0.07307307460287417,1.6609762258635508,0.24089753526951235,-0.0730729833318539,1.6609761099930531,0.24089753526951235,-0.0730729833318539,1.6609761099930531,0.0,0.0,0.0,4.534822853436382,0.07558038089060637
0.4210000000000003,0.24089769990517945,-0.07307307533183846,1.6609762266887849,0.24089753526951235,-0.0730729833318539,1.6609761099930531,0.24089753526951235,-0.0730729833318539,1.6609761099930531,0.0,0.0,0.0,4.534822740490625,0.07558037900817709
0.4220000000000003,0.2408977013386096,-0.07307307604270363,1.6609762274916968,0.24089753526951235,-0.0730729833318539,1.6609761099930531,0.24089753526951235,-0.0730729833318539,1.6609761099930531,0.0,0.0,0.0,4.534822628933036,0.07558037714888392
0.4230000000000003,0.2408977027380826,-0.07307307673551018,1.6609762282721994,0.24089753526951235,-0.0730729833318539,1.6609761099930531,0.24089753526951235,-0.0730729833318539,1.6609761099930531,0.0,0.0,0.0,4.534822518691362,0.0755803753115227
0.4240000000000003,0.24089770410363398,-0.07307307741029805,1.6609762290302132,0.24089753526951235,-0.0730729833318539,1.6609761099930531,0.24089753526951235,-0.0730729833318539,1.6609761099930531,0.0,0.0,0.0,4.534822409695495,0.07558037349492493
0.4250000000000003,0.2408977054353022,-0.07307307806710689,1.660976229765664,0.24089753526951235,-0.0730729833318539,1.6609761099930531,0.24089753526951235,-0.0730729833318539,1.6609761099930531,0.0,0.0,0.0,4.534822301876284,0.07558037169793806
0.4260000000000003,0.24089770673312633,-0.07307307870597693,1.660976230478486,0.24089753526951235,-0.0730729833318539,1.6609761099930531,0.24089753526951235,-0.0730729833318539,1.6609761099930531,0.0,0.0,0.0,4.534822195166909,0.07558036991944848
0.4270000000000003,0.24089770799714855,-0.07307307932694795,1.6609762311686196,0.24089753526951235,-0.0730729833318539,1.6609761099930531,0.24089753526951235,-0.0730729833318539,1.6609761099930531,0.0,0.0,0.0,4.534822089501319,0.07558036815835532
0.4280000000000003,0.24089770922741144,-0.07307307993005939,1.660976231836011,0.24089753526951235,-0.0730729833318539,1.6609761099930531,0.24089753526951235,-0.0730729833318539,1.6609761099930531,0.0,0.0,0.0,4.534821984815431,0.07558036641359052
0.4290000000000003,0.2408977104239612,-0.0730730805153513,1.6609762324806137,0.24089753526951235,-0.0730729833318539,1.6609761099930531,0.24089753526951235,-0.0730729833318539,1.6609761099930531,0.0,0.0,0.0,4.534821881046702,0.07558036468411171
0.4300000000000003,0.24089771158684486,-0.07307308108286438,1.660976233102386,0.24089753526951235,-0.0730729833318539,1.6609761099930531,0.24089753526951235,-0.0730729833318539,1.6609761099930531,0.0,0.0,0.0,4.534821778134419,0.07558036296890698
0.4310000000000003,0.2408977127161122,-0.07307308163263818,1.660976233701294,0.24089753526951235,-0.0730729833318539,1.6609761099930531,0.24089753526951235,-0.0730729833318539,1.6609761099930531,0.0,0.0,0.0,4.534821676019494,0.07558036126699157
0.43200000000000033,0.24089771381181554,-0.0730730821647142,1.660976234277311,0.24089753526951235,-0.0730729833318539,1.6609761099930531,0.24089753526951235,-0.0730729833318539,1.6609761099930531,0.0,0.0,0.0,4.534821574644391,0.07558035957740651
0.43300000000000033,0.24089771487400824,-0.07307308267913329,1.6609762348304125,0.24089753526951235,-0.0730729833318539,1.6609761099930531,0.24089753526951235,-0.0730729833318539,1.6609761099930531,0.0,0.0,0.0,4.534821473953118,0.07558035789921863
0.43400000000000033,0.24089771590274808,-0.07307308317593746,1.6609762353605824,0.24089753526951235,-0.0730729833318539,1.6609761099930531,0.24089753526951235,-0.0730729833318539,1.6609761099930531,0.0,0.0,0.0,4.534821373891883,0.07558035623153138
0.43500000000000033,0.24089771689809314,-0.07307308365516836,1.660976235867811,0.24089753526951235,-0.0730729833318539,1.6609761099930531,0.24089753526951235,-0.0730729833318539,1.6609761099930531,0.0,0.0,0.0,4.534821274407897,0.07558035457346496
0.43600000000000033,0.24089771786010525,-0.07307308411686943,1.6609762363520932,0.24089753526951235,-0.0730729833318539,1.6609761099930531,0.24089753526951235,-0.0730729833318539,1.6609761099930531,0.0,0.0,0.0,4.534821175451552,0.07558035292419253
0.43700000000000033,0.24089771878884822,-0.07307308456108373,1.6609762368134298,0.24089753526951235,-0.0730729833318539,1.6609761099930531,0.24089753526951235,-0.0730729833318539,1.6609761099930531,0.0,0.0,0.0,4.534821076973609,0.07558035128289348
0.43800000000000033,0.2408977196843881,-0.07307308498785581,1.660976237251826,0.24089753526951235,-0.0730729833318539,1.6609761099930531,0.24089753526951235,-0.0730729833318539,1.6609761099930531,0.0,0.0,0.0,4.534820978926978,0.07558034964878298
0.43900000000000033,0.24089772054679437,-0.07307308539723031,1.6609762376672932,0.24089753526951235,-0.0730729833318539,1.6609761099930531,0.24089753526951235,-0.0730729833318539,1.6609761099930531,0.0,0.0,0.0,4.534820881266155,0.07558034802110258
0.44000000000000034,0.2408977213761384,-0.07307308578925309,1.6609762380598476,0.24089753526951235,-0.0730729833318539,1.6609761099930531,0.24089753526951235,-0.0730729833318539,1.6609761099930531,0.0,0.0,0.0,4.534820783947689,0.07558034639912815
0.44100000000000034,0.2408977221724944,-0.07307308616397082,1.6609762384295117,0.24089753526951235,-0.0730729833318539,1.6609761099930531,0.24089753526951235,-0.0730729833318539,1.6609761099930531,0.0,0.0,0.0,4.534820686929777,0.07558034478216295
0.44200000000000034,0.24089772293593953,-0.07307308652143103,1.6609762387763114,0.24089753526951235,-0.0730729833318539,1.6609761099930531,0.24089753526951235,-0.0730729833318539,1.6609761099930531,0.0,0.0,0.0,4.534820590172078,0.07558034316953463
0.44300000000000034,0.2408977236665526,-0.07307308686168167,1.6609762391002778,0.24089753526951235,-0.0730729833318539,1.6609761099930531,0.24089753526951235,-0.0730729833318539,1.6609761099930531,0.0,0.0,0.0,4.534820493636394,0.07558034156060657
0.44400000000000034,0.2408977243644161,-0.07307308718477241,1.6609762394014476,0.24089753526951235,-0.0730729833318539,1.6609761099930531,0.24089753526951235,-0.0730729833318539,1.6609761099930531,0.0,0.0,0.0,4.534820397285938,0.07558033995476564
0.44500000000000034,0.24089772502961476,-0.07307308749075378,1.6609762396798609,0.24089753526951235,-0.0730729833318539,1.6609761099930531,0.24089753526951235,-0.0730729833318539,1.6609761099930531,0.0,0.0,0.0,4.534820301085576,0.07558033835142626
0.44600000000000034,0.24089772566223583,-0.0730730877796767,1.6609762399355623,0.24089753526951235,-0.0730729833318539,1.6609761099930531,0.24089753526951235,-0.0730729833318539,1.6609761099930531,0.0,0.0,0.0,4.534820205002118,0.07558033675003531
0.44700000000000034,0.24089772626237024,-0.07307308805159335,1.6609762401686017,0.24089753526951235,-0.0730729833318539,1.6609761099930531,0.24089753526951235,-0.0730729833318539,1.6609761099930531,0.0,0.0,0.0,4.534820109003842,0.07558033515006404
0.44800000000000034,0.24089772683011004,-0.07307308830655758,1.660976240379033,0.24089753526951235,-0.0730729833318539,1.6609761099930531,0.24089753526951235,-0.0730729833318539,1.6609761099930531,0.0,0.0,0.0,4.534820013060724,0.07558033355101207
0.44900000000000034,0.24089772736555115,-0.07307308854462355,1.660976240566913,0.24089753526951235,-0.0730729833318539,1.6609761099930531,0.24089753526951235,-0.0730729833318539,1.6609761099930531,0.0,0.0,0.0,4.534819917144211,0.07558033195240352
0.45000000000000034,0.2408977278687916,-0.07307308876584707,1.660976240732304,0.24089753526951235,-0.0730729833318539,1.6609761099930531,0.24089753526951235,-0.0730729833318539,1.6609761099930531,0.0,0.0,0.0,4.534819821227642,0.07558033035379404
0.45100000000000035,0.24089772833993256,-0.07307308897028476,1.660976240875272,0.24089753526951235,-0.0730729833318539,1.6609761099930531,0.24089753526951235,-0.0730729833318539,1.6609761099930531,0.0,0.0,0.0,4.534819725285704,0.07558032875476174
0.45200000000000035,0.2408977287790776,-0.07307308915799446,1.6609762409958853,0.24089753526951235,-0.0730729833318539,1.6609761099930531,0.24089753526951235,-0.0730729833318539,1.6609761099930531,0.0,0.0,0.0,4.534819629294673,0.07558032715491121
0.45300000000000035,0.2408977291863329,-0.07307308932903522,1.6609762410942168,0.24089753526951235,-0.0730729833318539,1.6609761099930531,0.24089753526951235,-0.0730729833318539,1.6609761099930531,0.0,0.0,0.0,4.5348195332324295,0.07558032555387383
0.45400000000000035,0.2408977295618073,-0.07307308948346712,1.660976241170344,0.24089753526951235,-0.0730729833318539,1.6609761099930531,0.24089753526951235,-0.0730729833318539,1.6609761099930531,0.0,0.0,0.0,4.534819437078267,0.07558032395130444
0.45500000000000035,0.24089772990561226,-0.07307308962135133,1.6609762412243445,0.24089753526951235,-0.0730729833318539,1.6609761099930531,0.24089753526951235,-0.0730729833318539,1.6609761099930531,0.0,0.0,0.0,4.534819340812875,0.07558032234688125
0.45600000000000035,0.24089773021786276,-0.0730730897427504,1.6609762412563047,0.24089753526951235,-0.0730729833318539,1.6609761099930531,0.24089753526951235,-0.0730729833318539,1.6609761099930531,0.0,0.0,0.0,4.534819244418881,0.07558032074031469
0.45700000000000035,0.24089773049867402,-0.07307308984772808,1.6609762412663074,0.24089753526951235,-0.0730729833318539,1.6609761099930531,0.24089753526951235,-0.0730729833318539,1.6609761099930531,0.0,0.0,0.0,4.534819147879529,0.07558031913132549
0.45800000000000035,0.24089773074816578,-0.07307308993634908,1.6609762412544427,0.24089753526951235,-0.0730729833318539,1.6609761099930531,0.24089753526951235,-0.0730729833318539,1.6609761099930531,0.0,0.0,0.0,4.534819051180171,0.07558031751966951
0.45900000000000035,0.2408977309664604,-0.07307309000867933,1.6609762412208038,0.24089753526951235,-0.0730729833318539,1.6609761099930531,0.24089753526951235,-0.0730729833318539,1.6609761099930531,0.0,0.0,0.0,4.534818954307345,0.07558031590512242
0.46000000000000035,0.2408977311536824,-0.07307309006478631,1.6609762411654858,0.24089753526951235,-0.0730729833318539,1.6609761099930531,0.24089753526951235,-0.0730729833318539,1.6609761099930531,0.0,0.0,0.0,4.53481885724854,0.07558031428747566
0.46100000000000035,0.24089773130995762,-0.07307309010473804,1.6609762410885858,0.24089753526951235,-0.0730729833318539,1.6609761099930531,0.24089753526951235,-0.0730729833318539,1.6609761099930531,0.0,0.0,0.0,4.5348187599927945,0.07558031266654658
0.46200000000000035,0.24089773143541604,-0.07307309012860413,1.660976240990204,0.24089753526951235,-0.0730729833318539,1.6609761099930531,0.24089753526951235,-0.0730729833318539,1.6609761099930531,0.0,0.0,0.0,4.53481866253063,0.07558031104217716
0.46300000000000036,0.24089773153018879,-0.07307309013645538,1.660976240870443,0.24089753526951235,-0.0730729833318539,1.6609761099930531,0.24089753526951235,-0.0730729833318539,1.6609761099930531,0.0,0.0,0.0,4.534818564853711,0.07558030941422851
0.46400000000000036,0.24089773159441025,-0.07307309012836363,1.6609762407294089,0.24089753526951235,-0.0730729833318539,1.6609761099930531,0.24089753526951235,-0.0730729833318539,1.6609761099930531,0.0,0.0,0.0,4.534818466954808,0.07558030778258013
0.46500000000000036,0.24089773162821682,-0.07307309010440183,1.6609762405672088,0.24089753526951235,-0.0730729833318539,1.6609761099930531,0.24089753526951235,-0.0730729833318539,1.6609761099930531,0.0,0.0,0.0,4.534818368827602,0.0755803061471267
0.46600000000000036,0.24089773163174696,-0.07307309006464427,1.6609762403839525,0.24089753526951235,-0.0730729833318539,1.6609761099930531,0.24089753526951235,-0.0730729833318539,1.6609761099930531,0.0,0.0,0.0,4.534818270467436,0.07558030450779059
0.46700000000000036,0.24089773160514177,-0.073073090009166,1.6609762401797517,0.24089753526951235,-0.0730729833318539,1.6609761099930531,0.24089753526951235,-0.0730729833318539,1.6609761099930531,0.0,0.0,0.0,4.534818171870494,0.07558030286450824
0.46800000000000036,0.24089773154854482,-0.07307308993804365,1.6609762399547203,0.24089753526951235,-0.0730729833318539,1.6609761099930531,0.24089753526951235,-0.0730729833318539,1.6609761099930531,0.0,0.0,0.0,4.534818073034088,0.07558030121723479
0.46900000000000036,0.2408977314621006,-0.07307308985135483,1.6609762397089747,0.24089753526951235,-0.0730729833318539,1.6609761099930531,0.24089753526951235,-0.0730729833318539,1.6609761099930531,0.0,0.0,0.0,4.534817973956537,0.07558029956594228
0.47000000000000036,0.24089773134595743,-0.07307308974917792,1.660976239442632,0.24089753526951235,-0.0730729833318539,1.6609761099930531,0.24089753526951235,-0.0730729833318539,1.6609761099930531,0.0,0.0,0.0,4.534817874637059,0.07558029791061766
0.47100000000000036,0.24089773120026486,-0.07307308963159294,1.6609762391558114,0.24089753526951235,-0.0730729833318539,1.6609761099930531,0.24089753526951235,-0.0730729833318539,1.6609761099930531,0.0,0.0,0.0,4.534817775076226,0.07558029625127043
0.47200000000000036,0.24089773102517426,-0.0730730894986806,1.6609762388486344,0.24089753526951235,-0.0730729833318539,1.6609761099930531,0.24089753526951235,-0.0730729833318539,1.6609761099930531,0.0,0.0,0.0,4.534817675275296,0.07558029458792159
0.47300000000000036,0.24089773082083965,-0.07307308935052247,1.660976238521224,0.24089753526951235,-0.0730729833318539,1.6609761099930531,0.24089753526951235,-0.0730729833318539,1.6609761099930531,0.0,0.0,0.0,4.534817575236336,0.0755802929206056
0.47400000000000037,0.24089773058741706,-0.07307308918720203,1.6609762381737034,0.24089753526951235,-0.0730729833318539,1.6609761099930531,0.24089753526951235,-0.0730729833318539,1.6609761099930531,0.0,0.0,0.0,4.5348174749623995,0.07558029124937332
0.47500000000000037,0.2408977303250638,-0.07307308900880254,1.6609762378061985,0.24089753526951235,-0.0730729833318539,1.6609761099930531,0.24089753526951235,-0.0730729833318539,1.6609761099930531,0.0,0.0,0.0,4.5348173744577025,0.07558028957429504
0.47600000000000037,0.2408977300339396,-0.07307308881540953,1.660976237418836,0.24089753526951235,-0.0730729833318539,1.6609761099930531,0.24089753526951235,-0.0730729833318539,1.6609761099930531,0.0,0.0,0.0,4.5348172737267465,0.07558028789544577
0.47700000000000037,0.24089772971420564,-0.07307308860710848,1.6609762370117445,0.24089753526951235,-0.0730729833318539,1.6609761099930531,0.24089753526951235,-0.0730729833318539,1.6609761099930531,0.0,0.0,0.0,4.534817172775243,0.07558028621292072
0.47800000000000037,0.24089772936602555,-0.07307308838398639,1.6609762365850531,0.24089753526951235,-0.0730729833318539,1.6609761099930531,0.24089753526951235,-0.0730729833318539,1.6609761099930531,0.0,0.0,0.0,4.534817071609286,0.07558028452682143
0.47900000000000037,0.24089772898956419,-0.07307308814613137,1.6609762361388913,0.24089753526951235,-0.0730729833318539,1.6609761099930531,0.24089753526951235,-0.0730729833318539,1.6609761099930531,0.0,0.0,0.0,4.534816970235981,0.07558028283726634
0.48000000000000037,0.24089772858498792,-0.07307308789363152,1.660976235673392,0.24089753526951235,-0.0730729833318539,1.6609761099930531,0.24089753526951235,-0.0730729833318539,1.6609761099930531,0.0,0.0,0.0,4.534816868663205,0.07558028114438674
0.48100000000000037,0.24089772815246535,-0.0730730876265771,1.6609762351886865,0.24089753526951235,-0.0730729833318539,1.6609761099930531,0.24089753526951235,-0.0730729833318539,1.6609761099930531,0.0,0.0,0.0,4.5348167668991,0.07558027944831833
0.4820000000000004,0.2408977276921666,-0.07307308734505848,1.6609762346849084,0.24089753526951235,-0.0730729833318539,1.6609761099930531,0.24089753526951235,-0.0730729833318539,1.6609761099930531,0.0,0.0,0.0,4.534816664952805,0.07558027774921341
0.4830000000000004,0.2408977272042629,-0.07307308704916667,1.6609762341621916,0.24089753526951235,-0.0730729833318539,1.6609761099930531,0.24089753526951235,-0.0730729833318539,1.6609761099930531,0.0,0.0,0.0,4.534816562834014,0.07558027604723357
0.4840000000000004,0.24089772668892795,-0.07307308673899426,1.6609762336206715,0.24089753526951235,-0.0730729833318539,1.6609761099930531,0.24089753526951235,-0.0730729833318539,1.6609761099930531,0.0,0.0,0.0,4.534816460552824,0.07558027434254706
0.4850000000000004,0.24089772614633553,-0.07307308641463438,1.6609762330604838,0.24089753526951235,-0.0730729833318539,1.6609761099930531,0.24089753526951235,-0.0730729833318539,1.6609761099930531,0.0,0.0,0.0,4.534816358120164,0.07558027263533607
0.4860000000000004,0.2408977255766619,-0.07307308607618056,1.6609762324817632,0.24089753526951235,-0.0730729833318539,1.6609761099930531,0.24089753526951235,-0.0730729833318539,1.6609761099930531,0.0,0.0,0.0,4.534816255547,0.07558027092578333
0.4870000000000004,0.24089772498008444,-0.07307308572372774,1.6609762318846484,0.24089753526951235,-0.0730729833318539,1.6609761099930531,0.24089753526951235,-0.0730729833318539,1.6609761099930531,0.0,0.0,0.0,4.5348161528454405,0.07558026921409068
0.4880000000000004,0.24089772435678197,-0.07307308535737099,1.6609762312692753,0.24089753526951235,-0.0730729833318539,1.6609761099930531,0.24089753526951235,-0.0730729833318539,1.6609761099930531,0.0,0.0,0.0,4.534816050027479,0.07558026750045799
0.4890000000000004,0.24089772370693452,-0.07307308497720663,1.6609762306357834,0.24089753526951235,-0.0730729833318539,1.6609761099930531,0.24089753526951235,-0.0730729833318539,1.6609761099930531,0.0,0.0,0.0,4.534815947105235,0.07558026578508725
0.4900000000000004,0.240897723030723,-0.073073084583331,1.6609762299843094,0.24089753526951235,-0.0730729833318539,1.6609761099930531,0.24089753526951235,-0.0730729833318539,1.6609761099930531,0.0,0.0,0.0,4.534815844092953,0.07558026406821589
0.4910000000000004,0.24089772232832984,-0.07307308417584205,1.6609762293149928,0.24089753526951235,-0.0730729833318539,1.6609761099930531,0.24089753526951235,-0.0730729833318539,1.6609761099930531,0.0,0.0,0.0,4.534815741003618,0.0755802623500603
0.4920000000000004,0.24089772159993922,-0.0730730837548377,1.6609762286279735,0.24089753526951235,-0.0730729833318539,1.6609761099930531,0.24089753526951235,-0.0730729833318539,1.6609761099930531,0.0,0.0,0.0,4.534815637850974,0.07558026063084956
0.4930000000000004,0.24089772084573535,-0.07307308332041638,1.6609762279233888,0.24089753526951235,-0.0730729833318539,1.6609761099930531,0.24089753526951235,-0.0730729833318539,1.6609761099930531,0.0,0.0,0.0,4.53481553464904,0.07558025891081734
0.4940000000000004,0.24089772006590376,-0.07307308287267797,1.6609762272013797,0.24089753526951235,-0.0730729833318539,1.6609761099930531,0.24089753526951235,-0.0730729833318539,1.6609761099930531,0.0,0.0,0.0,4.534815431412528,0.0755802571902088
0.4950000000000004,0.24089771926063186,-0.07307308241172239,1.6609762264620858,0.24089753526951235,-0.0730729833318539,1.6609761099930531,0.24089753526951235,-0.0730729833318539,1.6609761099930531,0.0,0.0,0.0,4.534815328155963,0.07558025546926604
0.4960000000000004,0.24089771843010677,-0.07307308193764914,1.6609762257056466,0.24089753526951235,-0.0730729833318539,1.6609761099930531,0.24089753526951235,-0.0730729833318539,1.6609761099930531,0.0,0.0,0.0,4.534815224894515,0.07558025374824191
0.4970000000000004,0.24089771757451775,-0.07307308145056038,1.6609762249322033,0.24089753526951235,-0.0730729833318539,1.6609761099930531,0.24089753526951235,-0.0730729833318539,1.6609761099930531,0.0,0.0,0.0,4.534815121643348,0.07558025202738913
0.4980000000000004,0.24089771669405413,-0.0730730809505574,1.6609762241418935,0.24089753526951235,-0.0730729833318539,1.6609761099930531,0.24089753526951235,-0.0730729833318539,1.6609761099930531,0.0,0.0,0.0,4.534815018417963,0.07558025030696605
0.4990000000000004,0.24089771578890598,-0.07307308043774197,1.6609762233348606,0.24089753526951235,-0.0730729833318539,1.6609761099930531,0.24089753526951235,-0.0730729833318539,1.6609761099930531,0.0,0.0,0.0,4.53481491523443,0.07558024858724051
0.5000000000000003,0.24089771485926528,-0.07307307991221654,1.6609762225112434,0.24089753526951235,-0.0730729833318539,1.6609761099930531,0.24089753526951235,-0.0730729833318539,1.6609761099930531,0.0,0.0,0.0,4.534814812107919,0.0755802468684653
0.5010000000000003,0.24089771390532325,-0.07307307937408417,1.660976221671182,0.24089753526951235,-0.0730729833318539,1.6609761099930531,0.24089753526951235,-0.0730729833318539,1.6609761099930531,10.0,0.0,0.0,4.534814709054924,0.0755802451509154
0.5020000000000003,0.24090509834472718,-0.07306949142396274,1.6609717312636847,0.24089753526951235,-0.0730729833318539,1.6609761099930531,0.24089753526951235,-0.0730729833318539,1.6609761099930531,10.0,0.0,0.0,4.712057786270024,0.07853429643783373
0.5030000000000003,0.2409194453735522,-0.07306260162673982,1.6609631066908526,0.24089753526951235,-0.0730729833318539,1.6609761099930531,0.24089753526951235,-0.0730729833318539,1.6609761099930531,10.0,0.0,0.0,4.8794376140729385,0.08132396023454898
0.5040000000000003,0.24094035547561715,-0.07305267717251362,1.660950681021299,0.24089753526951235,-0.0730729833318539,1.6609761099930531,0.24089753526951235,-0.0730729833318539,1.6609761099930531,10.0,0.0,0.0,5.037522636318092,0.08395871060530152
0.5050000000000003,0.24096745076033899,-0.07303996853971188,1.660934766090619,0.24089753526951235,-0.0730729833318539,1.6609761099930531,0.24089753526951235,-0.0730729833318539,1.6609761099930531,10.0,0.0,0.0,5.186845863423702,0.08644743105706171
0.5060000000000003,0.24100037374254996,-0.0730247106130181,1.660915653857287,0.24089753526951235,-0.0730729833318539,1.6609761099930531,0.24089753526951235,-0.0730729833318539,1.6609761099930531,10.0,0.0,0.0,5.327907391728254,0.08879845652880423
0.5070000000000003,0.24103878625407266,-0.07300712367218773,1.6608936177170568,0.24089753526951235,-0.0730729833318539,1.6609761099930531,0.24089753526951235,-0.0730729833318539,1.6609761099930531,10.0,0.0,0.0,5.461176795007233,0.09101961325012056
0.5080000000000003,0.2410823684344063,-0.07298741430617289,1.6608689137604045,0.24089753526951235,-0.0730729833318539,1.6609761099930531,0.24089753526951235,-0.0730729833318539,1.6609761099930531,10.0,0.0,0.0,5.587094833726679,0.09311824722877798
0.5090000000000003,0.24113081778363354,-0.07296577626444273,1.6608417819647157,0.24089753526951235,-0.0730729833318539,1.6609761099930531,0.24089753526951235,-0.0730729833318539,1.6609761099930531,10.0,0.0,0.0,5.706075040990998,0.0951012506831833
0.5100000000000003,0.2411838482695874,-0.07294239125092813,1.6608124473165227,0.24089753526951235,-0.0730729833318539,1.6609761099930531,0.24089753526951235,-0.0730729833318539,1.6609761099930531,10.0,0.0,0.0,5.81850529084608,0.096975088180768
0.5110000000000003,0.24124118948381434,-0.07291742966480957,1.6607811208609653,0.24089753526951235,-0.0730729833318539,1.6609761099930531,0.24089753526951235,-0.0730729833318539,1.6609761099930531,10.0,0.0,0.0,5.924749361314534,0.09874582268857557
0.5120000000000003,0.2413025858418273,-0.07289105129191854,1.6607480006771418,0.24089753526951235,-0.0730729833318539,1.6609761099930531,0.24089753526951235,-0.0730729833318539,1.6609761099930531,10.0,0.0,0.0,6.025148482436766,0.1004191413739461
0.5130000000000003,0.24136779582371498,-0.07286340595022871,1.6607132727792855,0.24089753526951235,-0.0730729833318539,1.6609761099930531,0.24089753526951235,-0.0730729833318539,1.6609761099930531,10.0,0.0,0.0,6.120022854773736,0.1020003809128956
0.5140000000000003,0.2414365912516525,-0.07283463409264034,1.660677111944892,0.24089753526951235,-0.0730729833318539,1.6609761099930531,0.24089753526951235,-0.0730729833318539,1.6609761099930531,10.0,0.0,0.0,6.209673123723645,0.10349455206206075
0.5150000000000003,0.24150875660130383,-0.07280486737006256,1.6606396824719782,0.24089753526951235,-0.0730729833318539,1.6609761099930531,0.24089753526951235,-0.0730729833318539,1.6609761099930531,10.0,0.0,0.0,6.294381796385553,0.10490636327309254
0.5160000000000003,0.24158408834453582,-0.0727742291575603,1.6606011388685689,0.24089753526951235,-0.0730729833318539,1.6609761099930531,0.24089753526951235,-0.0730729833318539,1.6609761099930531,10.0,0.0,0.0,6.374414589687333,0.10624024316145556
0.5170000000000003,0.24166239432126135,-0.07274283504618095,1.6605616264782614,0.24089753526951235,-0.0730729833318539,1.6609761099930531,0.24089753526951235,-0.0730729833318539,1.6609761099930531,10.0,0.0,0.0,6.45002170073685,0.10750036167894751
0.5180000000000003,0.24174349313859023,-0.07271079330288469,1.6605212820463082,0.24089753526951235,-0.0730729833318539,1.6609761099930531,0.24089753526951235,-0.0730729833318539,1.6609761099930531,10.0,0.0,0.0,6.521438992699915,0.10869064987833192
0.5190000000000003,0.24182721359580062,-0.07267820530086007,1.6604802342310907,0.24089753526951235,-0.0730729833318539,1.6609761099930531,0.24089753526951235,-0.0730729833318539,1.6609761099930531,10.0,0.0,0.0,6.588889091843106,0.10981481819738509
0.5200000000000004,0.24191339413392576,-0.07264516592235253,1.6604386040661165,0.24089753526951235,-0.0730729833318539,1.6609761099930531,0.24089753526951235,-0.0730729833318539,1.6609761099930531,10.0,0.0,0.0,6.652582393621076,0.11087637322701793
0.5210000000000004,0.24200188230898884,-0.07261176393600405,1.6603965053777678,0.24089753526951235,-0.0730729833318539,1.6609761099930531,0.24089753526951235,-0.0730729833318539,1.6609761099930531,10.0,0.0,0.0,6.712717977765169,0.11187863296275281
0.5220000000000004,0.2420925342881186,-0.07257808235056225,1.6603540451640304,0.24089753526951235,-0.0730729833318539,1.6609761099930531,0.24089753526951235,-0.0730729833318539,1.6609761099930531,10.0,0.0,0.0,6.7694844342002085,0.11282474057000348
0.5230000000000004,0.24218521436793847,-0.07254419874670298,1.6603113239392517,0.24089753526951235,-0.0730729833318539,1.6609761099930531,0.24089753526951235,-0.0730729833318539,1.6609761099930531,10.0,0.0,0.0,6.823060603225709,0.11371767672042848
0.5240000000000004,0.24227979451471762,-0.07251018558857814,1.6602684360497366,0.24089753526951235,-0.0730729833318539,1.6609761099930531,0.24089753526951235,-0.0730729833318539,1.6609761099930531,10.0,0.0,0.0,6.87361623474695,0.11456027057911583
0.5250000000000004,0.2423761539258711,-0.07247611051659286,1.6602254699646577,0.24089753526951235,-0.0730729833318539,1.6609761099930531,0.24089753526951235,-0.0730729833318539,1.6609761099930531,10.0,0.0,0.0,6.921312572393892,0.1153552095398982
0.5260000000000004,0.2424741786124204,-0.07244203662279533,1.660182508546332,0.24089753526951235,-0.0730729833318539,1.6609761099930531,0.24089753526951235,-0.0730729833318539,1.6609761099930531,10.0,0.0,0.0,6.9663028691400815,0.11610504781900136
0.5270000000000004,0.24257376100205247,-0.07240802271016245,1.6601396293035033,0.24089753526951235,-0.0730729833318539,1.6609761099930531,0.24089753526951235,-0.0730729833318539,1.6609761099930531,10.0,0.0,0.0,7.008732841534801,0.11681221402558002
0.5280000000000004,0.2426747995623997,-0.07237412353694912,1.660096904630761,0.24089753526951235,-0.0730729833318539,1.6609761099930531,0.24089753526951235,-0.0730729833318539,1.6609761099930531,10.0,0.0,0.0,7.048741069901098,0.11747901783168496
0.5290000000000004,0.2427771984441413,-0.07234039004717589,1.660054402036784,0.24089753526951235,-0.0730729833318539,1.6609761099930531,0.24089753526951235,-0.0730729833318539,1.6609761099930531,10.0,0.0,0.0,7.0864593518638195,0.11810765586439699
0.5300000000000004,0.24288086714348278,-0.07230686958823042,1.660012184363591,0.24089753526951235,-0.0730729833318539,1.6609761099930531,0.24089753526951235,-0.0730729833318539,1.6609761099930531,10.0,0.0,0.0,7.122013016376563,0.11870021693960939
0.5310000000000004,0.24298572018351505,-0.07227360611646519,1.6599703099985543,0.24089753526951235,-0.0730729833318539,1.6609761099930531,0.24089753526951235,-0.0730729833318539,1.6609761099930531,10.0,0.0,0.0,7.155521205053152,0.11925868675088586
0.5320000000000004,0.24309167681391614,-0.07224064039159343,1.659928833080489,0.24089753526951235,-0.0730729833318539,1.6609761099930531,0.24089753526951235,-0.0730729833318539,1.6609761099930531,10.0,0.0,0.0,7.187097127102472,0.11978495211837453
0.5330000000000004,0.2431986607283783,-0.07220801016060105,1.6598878037007605,0.24089753526951235,-0.0730729833318539,1.6609761099930531,0.24089753526951235,-0.0730729833318539,1.6609761099930531,10.0,0.0,0.0,7.216848293562935,0.12028080489271557
0.5340000000000004,0.24330659979911623,-0.07217575033182015,1.6598472681000047,0.24089753526951235,-0.0730729833318539,1.6609761099930531,0.24089753526951235,-0.0730729833318539,1.6609761099930531,10.0,0.0,0.0,7.244876735848187,0.12074794559746979
0.5350000000000004,0.24341542582773928,-0.07214389313974692,1.6598072688607721,0.24089753526951235,-0.0730729833318539,1.6609761099930531,0.24089753526951235,-0.0730729833318539,1.6609761099930531,10.0,0.0,0.0,7.27127921290117,0.12118798688168617
0.5360000000000004,0.24352507431174533,-0.07211246830111911,1.6597678450961528,0.24089753526951235,-0.0730729833318539,1.6609761099930531,0.24089753526951235,-0.0730729833318539,1.6609761099930531,10.0,0.0,0.0,7.296147410514766,0.12160245684191276
0.5370000000000004,0.24363548422585796,-0.07208150316272158,1.6597290326342646,0.24089753526951235,-0.0730729833318539,1.6609761099930531,0.24089753526951235,-0.0730729833318539,1.6609761099930531,10.0,0.0,0.0,7.319568135664017,0.12199280226106696
0.5380000000000004,0.24374659781739216,-0.07205102284133964,1.6596908641983288,0.24089753526951235,-0.0730729833318539,1.6609761099930531,0.24089753526951235,-0.0730729833318539,1.6609761099930531,10.0,0.0,0.0,7.341623507997273,0.12236039179995455
0.5390000000000004,0.24385836041484515,-0.07202105035623625,1.6596533695819722,0.24089753526951235,-0.0730729833318539,1.6609761099930531,0.24089753526951235,-0.0730729833318539,1.6609761099930531,10.0,0.0,0.0,7.362391150003171,0.12270651916671953
0.5400000000000004,0.24397072024887828,-0.07199160675450275,1.6596165758193255,0.24089753526951235,-0.0730729833318539,1.6609761099930531,0.24089753526951235,-0.0730729833318539,1.6609761099930531,10.0,0.0,0.0,7.381944376788191,0.12303240627980318
0.5410000000000004,0.2440836282848839,-0.07196271122958921,1.6595805073494798,0.24089753526951235,-0.0730729833318539,1.6609761099930531,0.24089753526951235,-0.0730729833318539,1.6609761099930531,10.0,0.0,0.0,7.400352385897739,0.12333920643162899
0.5420000000000004,0.2441970380663357,-0.07193438123332165,1.6595451861748636,0.24089753526951235,-0.0730729833318539,1.6609761099930531,0.24089753526951235,-0.0730729833318539,1.6609761099930531,10.0,0.0,0.0,7.4176804471865445,0.12362800745310908
0.5430000000000004,0.24431090556814855,-0.07190663258166421,1.6595106320131467,0.24089753526951235,-0.0730729833318539,1.6609761099930531,0.24089753526951235,-0.0730729833318539,1.6609761099930531,10.0,0.0,0.0,7.433990092394067,0.12389983487323446
0.5440000000000004,0.24442518905930485,-0.07187947955449836,1.6594768624423315,0.24089753526951235,-0.0730729833318539,1.6609761099930531,0.24089753526951235,-0.0730729833318539,1.6609761099930531,10.0,0.0,0.0,7.449339303815407,0.12415565506359011
0.5450000000000004,0.24453984897404324,-0.07185293498966105,1.6594438930387645,0.24089753526951235,-0.0730729833318539,1.6609761099930531,0.24089753526951235,-0.0730729833318539,1.6609761099930531,10.0,0.0,0.0,7.463782701261659,0.12439637835436097
0.5460000000000004,0.24465484779094315,-0.07182701037148594,1.6594117375078792,0.24089753526951235,-0.0730729833318539,1.6609761099930531,0.24089753526951235,-0.0730729833318539,1.6609761099930531,10.0,0.0,0.0,7.477371726385701,0.12462286210642834
0.5470000000000004,0.24477014991928922,-0.07180171591408155,1.65938040780757,0.24089753526951235,-0.0730729833318539,1.6609761099930531,0.24089753526951235,-0.0730729833318539,1.6609761099930531,10.0,0.0,0.0,7.490154823385978,0.12483591372309963
0.5480000000000004,0.244885721592143,-0.07177706063958107,1.65934991426419,0.24089753526951235,-0.0730729833318539,1.6609761099930531,0.24089753526951235,-0.0730729833318539,1.6609761099930531,10.0,0.0,0.0,7.50217761510398,0.12503629358506632
0.5490000000000004,0.24500153076559986,-0.07175305245159157,1.6593202656812371,0.24089753526951235,-0.0730729833318539,1.6609761099930531,0.24089753526951235,-0.0730729833318539,1.6609761099930531,10.0,0.0,0.0,7.513483073572269,0.12522471789287115
0.5500000000000004,0.2451175470237584,-0.07172969820407316,1.659291469440877,0.24089753526951235,-0.0730729833318539,1.6609761099930531,0.24089753526951235,-0.0730729833318539,1.6609761099930531,10.0,0.0,0.0,7.52411168415634,0.12540186140260567
0.5510000000000004,0.24523374148896793,-0.07170700376587558,1.6592635315985385,0.24089753526951235,-0.0730729833318539,1.6609761099930531,0.24089753526951235,-0.0730729833318539,1.6609761099930531,10.0,0.0,0.0,7.534101602547322,0.12556836004245536
0.5520000000000004,0.24535008673698078,-0.07168497408115841,1.6592364569708473,0.24089753526951235,-0.0730729833318539,1.6609761099930531,0.24089753526951235,-0.0730729833318539,1.6609761099930531,10.0,0.0,0.0,7.54348880399219,0.12572481339986982
0.5530000000000004,0.24546655671665968,-0.07166361322592038,1.659210249217237,0.24089753526951235,-0.0730729833318539,1.6609761099930531,0.24089753526951235,-0.0730729833318539,1.6609761099930531,10.0,0.0,0.0,7.5523072243038065,0.1258717870717301
0.5540000000000004,0.24558312667394372,-0.07164292446086389,1.6591849109156127,0.24089753526951235,-0.0730729833318539,1.6609761099930531,0.24089753526951235,-0.0730729833318539,1.6609761099930531,10.0,0.0,0.0,7.560588892339735,0.1260098148723289
0.5550000000000004,0.24569977307980437,-0.07162291028081173,1.6591604436324694,0.24089753526951235,-0.0730729833318539,1.6609761099930531,0.24089753526951235,-0.0730729833318539,1.6609761099930531,10.0,0.0,0.0,7.568364053792926,0.12613940089654876
0.5560000000000004,0.24581647356195802,-0.07160357246089745,1.6591368479878714,0.24089753526951235,-0.0730729833318539,1.6609761099930531,0.24089753526951235,-0.0730729833318539,1.6609761099930531,10.0,0.0,0.0,7.575661286281647,0.12626102143802745
0.5570000000000004,0.24593320684012632,-0.07158491209973775,1.6591141237157276,0.24089753526951235,-0.0730729833318539,1.6609761099930531,0.24089753526951235,-0.0730729833318539,1.6609761099930531,10.0,0.0,0.0,7.582507605865677,0.12637512676442794
0.5580000000000004,0.24604995266466312,-0.07156692965979783,1.6590922697197787,0.24089753526951235,-0.0730729833318539,1.6609761099930531,0.24089753526951235,-0.0730729833318539,1.6609761099930531,10.0,0.0,0.0,7.588928565229844,0.12648214275383074
0.5590000000000004,0.24616669175838296,-0.07154962500514671,1.6590712841257031,0.24089753526951235,-0.0730729833318539,1.6609761099930531,0.24089753526951235,-0.0730729833318539,1.6609761099930531,10.0,0.0,0.0,7.594948343883425,0.1265824723980571
0.5600000000000004,0.24628340576144692,-0.07153299743679693,1.6590511643297376,0.24089753526951235,-0.0730729833318539,1.6609761099930531,0.24089753526951235,-0.0730729833318539,1.6609761099930531,10.0,0.0,0.0,7.600589830808436,0.1266764971801406
0.5610000000000004,0.2464000771791707,-0.07151704572581097,1.6590319070441737,0.24089753526951235,-0.0730729833318539,1.6609761099930531,0.24089753526951235,-0.0730729833318539,1.6609761099930531,10.0,0.0,0.0,7.605874700054378,0.12676457833423962
0.5620000000000004,0.24651668933263446,-0.07150176814435026,1.6590135083400692,0.24089753526951235,-0.0730729833318539,1.6609761099930531,0.24089753526951235,-0.0730729833318539,1.6609761099930531,10.0,0.0,0.0,7.6108234798275785,0.1268470579971263
0.5630000000000004,0.24663322631197793,-0.07148716249482857,1.6589959636874803,0.24089753526951235,-0.0730729833318539,1.6609761099930531,0.24089753526951235,-0.0730729833318539,1.6609761099930531,10.0,0.0,0.0,7.615455615646914,0.1269242602607819
0.5640000000000004,0.24674967293227507,-0.07147322613732884,1.658979267993493,0.24089753526951235,-0.0730729833318539,1.6609761099930531,0.24089753526951235,-0.0730729833318539,1.6609761099930531,10.0,0.0,0.0,7.619789528153657,0.12699649213589428
0.5650000000000004,0.24686601469188207,-0.07145995601541956,1.6589634156382806,0.24089753526951235,-0.0730729833318539,1.6609761099930531,0.24089753526951235,-0.0730729833318539,1.6609761099930531,10.0,0.0,0.0,7.6238426661567065,0.1270640444359451
0.5660000000000004,0.24698223773315542,-0.07144734868050918,1.6589484005094022,0.24089753526951235,-0.0730729833318539,1.6609761099930531,0.24089753526951235,-0.0730729833318539,1.6609761099930531,10.0,0.0,0.0,7.627631555479559,0.127127192591326
0.5670000000000004,0.24709832880544355,-0.07143540031485657,1.6589342160345137,0.24089753526951235,-0.0730729833318539,1.6609761099930531,0.24089753526951235,-0.0730729833318539,1.6609761099930531,10.0,0.0,0.0,7.631171844142989,0.12718619740238316
0.5680000000000004,0.24721427523025075,-0.07142410675334909,1.658920855212629,0.24089753526951235,-0.0730729833318539,1.6609761099930531,0.24089753526951235,-0.0730729833318539,1.6609761099930531,10.0,0.0,0.0,7.634478344383999,0.12724130573973333
0.5690000000000004,0.24733006486847386,-0.07141346350414729,1.6589083106440503,0.24089753526951235,-0.0730729833318539,1.6609761099930531,0.24089753526951235,-0.0730729833318539,1.6609761099930531,10.0,0.0,0.0,7.637565071965058,0.12729275119941763
0.5700000000000004,0.24744568608961626,-0.07140346576828953,1.6588965745590576,0.24089753526951235,-0.0730729833318539,1.6609761099930531,0.24089753526951235,-0.0730729833318539,1.6609761099930531,10.0,0.0,0.0,7.640445283178222,0.12734075471963704
0.5710000000000004,0.2475611277428783,-0.0713941084583312,1.658885638845424,0.24089753526951235,-0.0730729833318539,1.6609761099930531,0.24089753526951235,-0.0730729833318539,1.6609761099930531,10.0,0.0,0.0,7.6431315098968025,0.1273855251649467
0.5720000000000004,0.24767637913002827,-0.07138538621609561,1.6588754950748084,0.24089753526951235,-0.0730729833318539,1.6609761099930531,0.24089753526951235,-0.0730729833318539,1.6609761099930531,10.0,0.0,0.0,7.645635592979241,0.12742725988298736
0.5730000000000004,0.24779142997995846,-0.07137729342959771,1.6588661345280609,0.24089753526951235,-0.0730729833318539,1.6609761099930531,0.24089753526951235,-0.0730729833318539,1.6609761099930531,10.0,0.0,0.0,7.647968714270155,0.12746614523783592
0.5740000000000004,0.2479062704248282,-0.07136982424919305,1.6588575482194654,0.24089753526951235,-0.0730729833318539,1.6609761099930531,0.24089753526951235,-0.0730729833318539,1.6609761099930531,10.0,0.0,0.0,7.650141427403877,0.12750235712339794
0.5750000000000004,0.2480208909777034,-0.07136297260300624,1.658849726919937,0.24089753526951235,-0.0730729833318539,1.6609761099930531,0.24089753526951235,-0.0730729833318539,1.6609761099930531,10.0,0.0,0.0,7.652163687562542,0.1275360614593757
0.5760000000000004,0.2481352825115994,-0.07135673221167715,1.6588426611791771,0.24089753526951235,-0.0730729833318539,1.6609761099930531,0.24089753526951235,-0.0730729833318539,1.6609761099930531,10.0,0.0,0.0,7.654044880303485,0.12756741467172475
0.5770000000000004,0.24824943623984108,-0.07135109660246194,1.658836341346803,0.24089753526951235,-0.0730729833318539,1.6609761099930531,0.24089753526951235,-0.0730729833318539,1.6609761099930531,10.0,0.0,0.0,7.655793849533671,0.1275965641588945
0.5780000000000004,0.24836334369765228,-0.07134605912272664,1.6588307575924501,0.24089753526951235,-0.0730729833318539,1.6609761099930531,0.24089753526951235,-0.0730729833318539,1.6609761099930531,10.0,0.0,0.0,7.657418924676876,0.1276236487446146
0.5790000000000004,0.24847699672489457,-0.07134161295285106,1.6588258999248593,0.24089753526951235,-0.0730729833318539,1.6609761099930531,0.24089753526951235,-0.0730729833318539,1.6609761099930531,10.0,0.0,0.0,7.658927947053868,0.12764879911756447
0.5800000000000004,0.24859038744987838,-0.07133775111858007,1.6588217582099474,0.24089753526951235,-0.0730729833318539,1.6609761099930531,0.24089753526951235,-0.0730729833318539,1.6609761099930531,10.0,0.0,0.0,7.660328295475952,0.12767213825793253
0.5810000000000004,0.24870350827417043,-0.07133446650283591,1.6588183221878885,0.24089753526951235,-0.0730729833318539,1.6609761099930531,0.24089753526951235,-0.0730729833318539,1.6609761099930531,10.0,0.0,0.0,7.661626911037324,0.12769378185062205
0.5820000000000004,0.24881635185833206,-0.07133175185701561,1.6588155814892087,0.24089753526951235,-0.0730729833318539,1.6609761099930531,0.24089753526951235,-0.0730729833318539,1.6609761099930531,10.0,0.0,0.0,7.662830321079861,0.12771383868466435
0.5830000000000004,0.24892891110852033,-0.0713295998117884,1.658813525649919,0.24089753526951235,-0.0730729833318539,1.6609761099930531,0.24089753526951235,-0.0730729833318539,1.6609761099930531,10.0,0.0,0.0,7.663944662300624,0.12773241103834373
0.5840000000000004,0.2490411791638956,-0.07132800288741509,1.6588121441257133,0.24089753526951235,-0.0730729833318539,1.6609761099930531,0.24089753526951235,-0.0730729833318539,1.6609761099930531,10.0,0.0,0.0,7.664975702966901,0.12774959504944836
0.5850000000000004,0.24915314938477384,-0.07132695350359981,1.6588114263052527,0.24089753526951235,-0.0730729833318539,1.6609761099930531,0.24089753526951235,-0.0730729833318539,1.6609761099930531,10.0,0.0,0.0,7.6659288642088725,0.12776548107014787
0.5860000000000004,0.24926481534148348,-0.07132644398889386,1.6588113615225817,0.24089753526951235,-0.0730729833318539,1.6609761099930531,0.24089753526951235,-0.0730729833318539,1.6609761099930531,10.0,0.0,0.0,7.666809240360152,0.12778015400600254
0.5870000000000004,0.2493761708038667,-0.07132646658966345,1.6588119390686977,0.24089753526951235,-0.0730729833318539,1.6609761099930531,0.24089753526951235,-0.0730729833318539,1.6609761099930531,10.0,0.0,0.0,7.6676216183244765,0.12779369363874127
0.5880000000000004,0.24948720973139388,-0.07132701347863761,1.6588131482023238,0.24089753526951235,-0.0730729833318539,1.6609761099930531,0.24089753526951235,-0.0730729833318539,1.6609761099930531,10.0,0.0,0.0,7.668370495954112,0.12780617493256854
0.5890000000000004,0.24959792626384503,-0.07132807676305039,1.6588149781599226,0.24089753526951235,-0.0730729833318539,1.6609761099930531,0.24089753526951235,-0.0730729833318539,1.6609761099930531,10.0,0.0,0.0,7.669060099434075,0.12781766832390126
0.5900000000000004,0.24970831471252447,-0.07132964849239182,1.658817418164995,0.24089753526951235,-0.0730729833318539,1.6609761099930531,0.24089753526951235,-0.0730729833318539,1.6609761099930531,10.0,0.0,0.0,7.6696943996733005,0.127828239994555
0.5910000000000004,0.24981836955198092,-0.07133172066578333,1.6588204574367094,0.24089753526951235,-0.0730729833318539,1.6609761099930531,0.24089753526951235,-0.0730729833318539,1.6609761099930531,10.0,0.0,0.0,7.670277127716142,0.12783795212860236
0.5920000000000004,0.24992808541219425,-0.07133428523898837,1.658824085197896,0.24089753526951235,-0.0730729833318539,1.6609761099930531,0.24089753526951235,-0.0730729833318539,1.6609761099930531,10.0,0.0,0.0,7.670811789193201,0.12784686315322003
0.5930000000000004,0.25003745707121416,-0.07133733413107977,1.6588282906824747,0.24089753526951235,-0.0730729833318539,1.6609761099930531,0.24089753526951235,-0.0730729833318539,1.6609761099930531,10.0,0.0,0.0,7.671301677840285,0.12785502796400475
0.5940000000000004,0.250146479448215,-0.07134085923077116,1.6588330631423223,0.24089753526951235,-0.0730729833318539,1.6609761099930531,0.24089753526951235,-0.0730729833318539,1.6609761099930531,10.0,0.0,0.0,7.671749888118688,0.12786249813531148
0.5950000000000004,0.2502551475969517,-0.07134485240243234,1.6588383918536604,0.24089753526951235,-0.0730729833318539,1.6609761099930531,0.24089753526951235,-0.0730729833318539,1.6609761099930531,10.0,0.0,0.0,7.672159326981673,0.1278693221163612
0.5960000000000004,0.2503634566995956,-0.07134930549180186,1.6588442661229712,0.24089753526951235,-0.0730729833318539,1.6609761099930531,0.24089753526951235,-0.0730729833318539,1.6609761099930531,10.0,0.0,0.0,7.6725327248269775,0.12787554541378296
0.5970000000000004,0.25047140206092533,-0.07135421033140907,1.6588506752924972,0.24089753526951235,-0.0730729833318539,1.6609761099930531,0.24089753526951235,-0.0730729833318539,1.6609761099930531,10.0,0.0,0.0,7.672872645691267,0.12788121076152112
0.5980000000000004,0.25057897910286403,-0.07135955874572364,1.6588576087453544,0.24089753526951235,-0.0730729833318539,1.6609761099930531,0.24089753526951235,-0.0730729833318539,1.6609761099930531,10.0,0.0,0.0,7.673181496732768,0.12788635827887948
0.5990000000000004,0.2506861833593364,-0.07136534255604289,1.6588650559102813,0.24089753526951235,-0.0730729833318539,1.6609761099930531,0.24089753526951235,-0.0730729833318539,1.6609761099930531,10.0,0.0,0.0,7.6734615370579276,0.12789102561763213
0.6000000000000004,0.2507930104714382,-0.07137155358513307,1.6588730062660773,0.24089753526951235,-0.0730729833318539,1.6609761099930531,0.24089753526951235,-0.0730729833318539,1.6609761099930531,10.0,0.0,0.0,7.673714885944078,0.12789524809906797
0.6010000000000004,0.25089945618289866,-0.07137818366163541,1.6588814493457251,0.24089753526951235,-0.0730729833318539,1.6609761099930531,0.24089753526951235,-0.0730729833318539,1.6609761099930531,10.0,0.0,0.0,7.673943530508802,0.12789905884181335
0.6020000000000004,0.2510055163358199,-0.0713852246242529,1.6588903747402437,0.24089753526951235,-0.0730729833318539,1.6609761099930531,0.24089753526951235,-0.0730729833318539,1.6609761099930531,10.0,0.0,0.0,7.674149332878843,0.12790248888131403
0.6030000000000004,0.2511111868666846,-0.07139266832572418,1.6588997721022847,0.24089753526951235,-0.0730729833318539,1.6609761099930531,0.24089753526951235,-0.0730729833318539,1.6609761099930531,10.0,0.0,0.0,7.6743340369030735,0.1279055672817179
0.6040000000000004,0.25121646380261475,-0.07140050663660247,1.658909631149494,0.24089753526951235,-0.0730729833318539,1.6609761099930531,0.24089753526951235,-0.0730729833318539,1.6609761099930531,10.0,0.0,0.0,7.674499274456521,0.127908321240942
0.6050000000000004,0.25132134325786815,-0.0714087314488456,1.6589199416676412,0.24089753526951235,-0.0730729833318539,1.6609761099930531,0.24089753526951235,-0.0730729833318539,1.6609761099930531,10.0,0.0,0.0,7.674646571373023,0.12791077618955038
0.6060000000000004,0.2514258214305638,-0.07141733467922896,1.6589306935135568,0.24089753526951235,-0.0730729833318539,1.6609761099930531,0.24089753526951235,-0.0730729833318539,1.6609761099930531,10.0,0.0,0.0,7.67477735304881,0.12791295588414683
0.6070000000000004,0.2515298945996184,-0.0714263082725909,1.6589418766178556,0.24089753526951235,-0.0730729833318539,1.6609761099930531,0.24089753526951235,-0.0730729833318539,1.6609761099930531,10.0,0.0,0.0,7.674892949744111,0.12791488249573518
0.6080000000000004,0.251633559121889,-0.07143564420491949,1.6589534809874946,0.24089753526951235,-0.0730729833318539,1.6609761099930531,0.24089753526951235,-0.0730729833318539,1.6609761099930531,10.0,0.0,0.0,7.674994601617394,0.12791657669362325
0.6090000000000004,0.2517368114295032,-0.07144533448628769,1.6589654967081362,0.24089753526951235,-0.0730729833318539,1.6609761099930531,0.24089753526951235,-0.0730729833318539,1.6609761099930531,10.0,0.0,0.0,7.675083463512483,0.12791805772520806
0.6100000000000004,0.25183964802737124,-0.07145537116364598,1.6589779139463532,0.24089753526951235,-0.0730729833318539,1.6609761099930531,0.24089753526951235,-0.0730729833318539,1.6609761099930531,10.0,0.0,0.0,7.675160609525235,0.12791934349208725
0.6110000000000004,0.2519420654908666,-0.07146574632347949,1.6589907229516734,0.24089753526951235,-0.0730729833318539,1.6609761099930531,0.24089753526951235,-0.0730729833318539,1.6609761099930531,10.0,0.0,0.0,7.675227037363568,0.12792045062272614
0.6120000000000004,0.2520440604636659,-0.07147645209433284,1.659003914058464,0.24089753526951235,-0.0730729833318539,1.6609761099930531,0.24089753526951235,-0.0730729833318539,1.6609761099930531,10.0,0.0,0.0,7.67528367251693,0.1279213945419488
0.6130000000000004,0.2521456296557387,-0.07148748064921423,1.6590174776876707,0.24089753526951235,-0.0730729833318539,1.6609761099930531,0.24089753526951235,-0.0730729833318539,1.6609761099930531,10.0,0.0,0.0,7.675331372249173,0.12792218953748621
0.6140000000000004,0.2522467698414733,-0.07149882420787718,1.659031404348409,0.24089753526951235,-0.0730729833318539,1.6609761099930531,0.24089753526951235,-0.0730729833318539,1.6609761099930531,10.0,0.0,0.0,7.675370929421898,0.12792284882369828
0.6150000000000004,0.2523474778579399,-0.0715104750389924,1.6590456846394241,0.24089753526951235,-0.0730729833318539,1.6609761099930531,0.24089753526951235,-0.0730729833318539,1.6609761099930531,10.0,0.0,0.0,7.67540307615684,0.12792338460261402
0.6160000000000004,0.2524477506032694,-0.07152242546220695,1.659060309250414,0.24089753526951235,-0.0730729833318539,1.6609761099930531,0.24089753526951235,-0.0730729833318539,1.6609761099930531,10.0,0.0,0.0,7.675428487343254,0.12792380812238757
0.6170000000000004,0.2525475850351508,-0.07153466785009947,1.6590752689632176,0.24089753526951235,-0.0730729833318539,1.6609761099930531,0.24089753526951235,-0.0730729833318539,1.6609761099930531,10.0,0.0,0.0,7.6754477839934045,0.1279241297332234
0.6180000000000004,0.2526469781694338,-0.07154719463003482,1.659090554652893,0.24089753526951235,-0.0730729833318539,1.6609761099930531,0.24089753526951235,-0.0730729833318539,1.6609761099930531,10.0,0.0,0.0,7.675461536453616,0.1279243589408936
0.6190000000000004,0.2527459270788309,-0.07155999828591955,1.6591061572886672,0.24089753526951235,-0.0730729833318539,1.6609761099930531,0.24089753526951235,-0.0730729833318539,1.6609761099930531,10.0,0.0,0.0,7.675470267467534,0.12792450445779224
0.6200000000000004,0.2528444288917133,-0.07157307135986184,1.6591220679347782,0.24089753526951235,-0.0730729833318539,1.6609761099930531,0.24089753526951235,-0.0730729833318539,1.6609761099930531,10.0,0.0,0.0,7.675474455098939,0.127924574251649
0.6210000000000004,0.25294248079099163,-0.07158640645374265,1.6591382777512083,0.24089753526951235,-0.0730729833318539,1.6609761099930531,0.24089753526951235,-0.0730729833318539,1.6609761099930531,10.0,0.0,0.0,7.675474535514681,0.12792457559191134
0.6220000000000004,0.2530400800130821,-0.07159999623069399,1.659154777994313,0.24089753526951235,-0.0730729833318539,1.6609761099930531,0.24089753526951235,-0.0730729833318539,1.6609761099930531,10.0,0.0,0.0,7.675470905629083,0.12792451509381805
0.6230000000000004,0.25313722384694226,-0.07161383341649478,1.6591715600173593,0.24089753526951235,-0.0730729833318539,1.6609761099930531,0.24089753526951235,-0.0730729833318539,1.6609761099930531,10.0,0.0,0.0,7.675463925614647,0.1279243987602441
0.6240000000000004,0.253233909633182,-0.07162791080087919,1.6591886152709632,0.24089753526951235,-0.0730729833318539,1.6609761099930531,0.24089753526951235,-0.0730729833318539,1.6609761099930531,10.0,0.0,0.0,7.675453921277063,0.1279242320212844
0.6250000000000004,0.25333013476323935,-0.07164222123876707,1.6592059353034536,0.24089753526951235,-0.0730729833318539,1.6609761099930531,0.24089753526951235,-0.0730729833318539,1.6609761099930531,10.0,0.0,0.0,7.675441186304559,0.12792401977174264
0.6260000000000004,0.25342589667861715,-0.07165675765141383,1.659223511761145,0.24089753526951235,-0.0730729833318539,1.6609761099930531,0.24089753526951235,-0.0730729833318539,1.6609761099930531,10.0,0.0,0.0,7.675425984387254,0.12792376640645423
0.6270000000000004,0.2535211928701775,-0.07167151302748383,1.6592413363885385,0.24089753526951235,-0.0730729833318539,1.6609761099930531,0.24089753526951235,-0.0730729833318539,1.6609761099930531,10.0,0.0,0.0,7.675408551216467,0.12792347585360778
0.6280000000000004,0.25361602087749213,-0.0716864804240493,1.6592594010284576,0.24089753526951235,-0.0730729833318539,1.6609761099930531,0.24089753526951235,-0.0730729833318539,1.6609761099930531,10.0,0.0,0.0,7.675389096365691,0.12792315160609485
0.6290000000000004,0.2537103782882402,-0.07170165296751907,1.6592776976221124,0.24089753526951235,-0.0730729833318539,1.6609761099930531,0.24089753526951235,-0.0730729833318539,1.6609761099930531,10.0,0.0,0.0,7.675367805056654,0.12792279675094423
0.6300000000000004,0.2538042627376566,-0.07171702385449363,1.6592962182091062,0.24089753526951235,-0.0730729833318539,1.6609761099930531,0.24089753526951235,-0.0730729833318539,1.6609761099930531,10.0,0.0,0.0,7.675344839818159,0.12792241399696933
0.6310000000000004,0.25389767190802165,-0.07173258635255772,1.6593149549273882,0.24089753526951235,-0.0730729833318539,1.6609761099930531,0.24089753526951235,-0.0730729833318539,1.6609761099930531,10.0,0.0,0.0,7.6753203420416085,0.12792200570069348
0.6320000000000005,0.25399060352819464,-0.07174833380100187,1.659333900013151,0.24089753526951235,-0.0730729833318539,1.6609761099930531,0.24089753526951235,-0.0730729833318539,1.6609761099930531,10.0,0.0,0.0,7.675294433437539,0.12792157389062567
0.6330000000000005,0.25408305537318476,-0.07176425961148553,1.6593530458006858,0.24089753526951235,-0.0730729833318539,1.6609761099930531,0.24089753526951235,-0.0730729833318539,1.6609761099930531,10.0,0.0,0.0,7.675267217400954,0.1279211202900159
0.6340000000000005,0.2541750252637578,-0.07178035726863517,1.6593723847221888,0.24089753526951235,-0.0730729833318539,1.6609761099930531,0.24089753526951235,-0.0730729833318539,1.6609761099930531,10.0,0.0,0.0,7.675238780288655,0.12792064633814426
0.6350000000000005,0.2542665110660798,-0.07179662033058712,1.659391909307536,0.24089753526951235,-0.0730729833318539,1.6609761099930531,0.24089753526951235,-0.0730729833318539,1.6609761099930531,10.0,0.0,0.0,7.675209192616867,0.1279201532102811
0.6360000000000005,0.25435751069138796,-0.07181304242946868,1.65941161218401,0.24089753526951235,-0.0730729833318539,1.6609761099930531,0.24089753526951235,-0.0730729833318539,1.6609761099930531,10.0,0.0,0.0,7.67517851018024,0.12791964183633733
0.6370000000000005,0.2544480220956942,-0.07182961727182961,1.6594314860760027,0.24089753526951235,-0.0730729833318539,1.6609761099930531,0.24089753526951235,-0.0730729833318539,1.6609761099930531,10.0,0.0,0.0,7.675146775103828,0.12791911291839714
0.6380000000000005,0.25453804327951535,-0.07184633863901642,1.6594515238046847,0.24089753526951235,-0.0730729833318539,1.6609761099930531,0.24089753526951235,-0.0730729833318539,1.6609761099930531,10.0,0.0,0.0,7.675114016827241,0.12791856694712067
0.6390000000000005,0.2546275722876289,-0.07186320038749891,1.6594717182876455,0.24089753526951235,-0.0730729833318539,1.6609761099930531,0.24089753526951235,-0.0730729833318539,1.6609761099930531,10.0,0.0,0.0,7.675080253028137,0.12791800421713562
0.6400000000000005,0.2547166072088505,-0.07188019644914573,1.6594920625385043,0.24089753526951235,-0.0730729833318539,1.6609761099930531,0.24089753526951235,-0.0730729833318539,1.6609761099930531,10.0,0.0,0.0,7.675045490490708,0.1279174248415118
0.6410000000000005,0.25480514617583694,-0.07189732083145614,1.659512549666505,0.24089753526951235,-0.0730729833318539,1.6609761099930531,0.24089753526951235,-0.0730729833318539,1.6609761099930531,10.0,0.0,0.0,7.67500972592215,0.12791682876536917
0.6420000000000005,0.25489318736490624,-0.07191456761774268,1.6595331728760823,0.24089753526951235,-0.0730729833318539,1.6609761099930531,0.24089753526951235,-0.0730729833318539,1.6609761099930531,10.0,0.0,0.0,7.674972946720223,0.12791621577867038
0.6430000000000005,0.2549807289958764,-0.07193193096727481,1.6595539254664071,0.24089753526951235,-0.0730729833318539,1.6609761099930531,0.24089753526951235,-0.0730729833318539,1.6609761099930531,10.0,0.0,0.0,7.674935131696785,0.12791558552827975
0.6440000000000005,0.25506776933192254,-0.07194940511537937,1.659574800830916,0.24089753526951235,-0.0730729833318539,1.6609761099930531,0.24089753526951235,-0.0730729833318539,1.6609761099930531,10.0,0.0,0.0,7.674896251761547,0.12791493752935912
0.6450000000000005,0.25515430667944833,-0.07196698437350257,1.6595957924568236,0.24089753526951235,-0.0730729833318539,1.6609761099930531,0.24089753526951235,-0.0730729833318539,1.6609761099930531,10.0,0.0,0.0,7.674856270565663,0.12791427117609439
0.6460000000000005,0.2552403393879706,-0.07198466312923295,1.6596168939246134,0.24089753526951235,-0.0730729833318539,1.6609761099930531,0.24089753526951235,-0.0730729833318539,1.6609761099930531,10.0,0.0,0.0,7.67481514511109,0.1279135857518515
0.6470000000000005,0.2553258658500184,-0.07200243584629185,1.6596380989075168,0.24089753526951235,-0.0730729833318539,1.6609761099930531,0.24089753526951235,-0.0730729833318539,1.6609761099930531,10.0,0.0,0.0,7.674772826325839,0.12791288043876398
0.6480000000000005,0.25541088450103994,-0.07202029706448507,1.6596594011709758,0.24089753526951235,-0.0730729833318539,1.6609761099930531,0.24089753526951235,-0.0730729833318539,1.6609761099930531,10.0,0.0,0.0,7.674729259608824,0.12791215432681374
0.6490000000000005,0.2554953938193243,-0.072038241399625,1.6596807945720966,0.24089753526951235,-0.0730729833318539,1.6609761099930531,0.24089753526951235,-0.0730729833318539,1.6609761099930531,10.0,0.0,0.0,7.674684385344678,0.1279114064224113
0.6500000000000005,0.2555793923259271,-0.07205626354342212,1.6597022730590814,0.24089753526951235,-0.0730729833318539,1.6609761099930531,0.24089753526951235,-0.0730729833318539,1.6609761099930531,10.0,0.0,0.0,7.6746381393910195,0.127910635656517
0.6510000000000005,0.2556628785846061,-0.07207435826334302,1.6597238306706583,0.24089753526951235,-0.0730729833318539,1.6609761099930531,0.24089753526951235,-0.0730729833318539,1.6609761099930531,10.0,0.0,0.0,7.674590453539661,0.12790984089232768
0.6520000000000005,0.2557458512017633,-0.07209252040244563,1.6597454615354947,0.24089753526951235,-0.0730729833318539,1.6609761099930531,0.24089753526951235,-0.0730729833318539,1.6609761099930531,10.0,0.0,0.0,7.674541255951942,0.12790902093253237
0.6530000000000005,0.2558283088263917,-0.07211074487918238,1.6597671598716,0.24089753526951235,-0.0730729833318539,1.6609761099930531,0.24089753526951235,-0.0730729833318539,1.6609761099930531,10.0,0.0,0.0,7.67449047157058,0.12790817452617634
0.6540000000000005,0.2559102501500284,-0.07212902668718206,1.65978891998572,0.24089753526951235,-0.0730729833318539,1.6609761099930531,0.24089753526951235,-0.0730729833318539,1.6609761099930531,10.0,0.0,0.0,7.674438022508827,0.1279073003751471
0.6550000000000005,0.2559916739067083,-0.07214736089500447,1.659810736272723,0.24089753526951235,-0.0730729833318539,1.6609761099930531,0.24089753526951235,-0.0730729833318539,1.6609761099930531,10.0,0.0,0.0,7.674383828417113,0.12790639714028523
0.6560000000000005,0.2560725788729252,-0.07216574264587337,1.659832603214979,0.24089753526951235,-0.0730729833318539,1.6609761099930531,0.24089753526951235,-0.0730729833318539,1.6609761099930531,10.0,0.0,0.0,7.6743278068280585,0.1279054634471343
0.6570000000000005,0.25615296386759046,-0.0721841671573875,1.6598545153817235,0.24089753526951235,-0.0730729833318539,1.6609761099930531,0.24089753526951235,-0.0730729833318539,1.6609761099930531,10.0,0.0,0.0,7.674269873481611,0.12790449789136019
0.6580000000000005,0.25623282775199563,-0.0722026297212108,1.6598764674284263,0.24089753526951235,-0.0730729833318539,1.6609761099930531,0.24089753526951235,-0.0730729833318539,1.6609761099930531,10.0,0.0,0.0,7.674209942631526,0.12790349904385875
0.6590000000000005,0.2563121694297764,-0.07222112570274203,1.6598984540961434,0.24089753526951235,-0.0730729833318539,1.6609761099930531,0.24089753526951235,-0.0730729833318539,1.6609761099930531,10.0,0.0,0.0,7.67414792733,0.1279024654555
0.6600000000000005,0.2563909878468744,-0.07223965054076709,1.6599204702108679,0.24089753526951235,-0.0730729833318539,1.6609761099930531,0.24089753526951235,-0.0730729833318539,1.6609761099930531,10.0,0.0,0.0,7.674083739697808,0.12790139566163014
0.6610000000000005,0.256469281991501,-0.07225819974709315,1.6599425106828778,0.24089753526951235,-0.0730729833318539,1.6609761099930531,0.24089753526951235,-0.0730729833318539,1.6609761099930531,10.0,0.0,0.0,7.6740172911743745,0.12790028818623958
0.6620000000000005,0.25654705089409874,-0.07227676890616572,1.6599645705060744,0.24089753526951235,-0.0730729833318539,1.6609761099930531,0.24089753526951235,-0.0730729833318539,1.6609761099930531,10.0,0.0,0.0,7.673948492751514,0.12789914154585855
0.6630000000000005,0.25662429362730194,-0.07229535367466977,1.6599866447573177,0.24089753526951235,-0.0730729833318539,1.6609761099930531,0.24089753526951235,-0.0730729833318539,1.6609761099930531,10.0,0.0,0.0,7.673877255192471,0.12789795425320785
0.6640000000000005,0.2567010093058943,-0.07231394978111703,1.6600087285957634,0.24089753526951235,-0.0730729833318539,1.6609761099930531,0.24089753526951235,-0.0730729833318539,1.6609761099930531,10.0,0.0,0.0,7.673803489234501,0.12789672482057501
0.6650000000000005,0.2567771970867677,-0.07233255302541804,1.660030817262189,0.24089753526951235,-0.0730729833318539,1.6609761099930531,0.24089753526951235,-0.0730729833318539,1.6609761099930531,10.0,0.0,0.0,7.673727105777035,0.12789545176295058
0.6660000000000005,0.25685285616887266,-0.07235115927844073,1.6600529060783205,0.24089753526951235,-0.0730729833318539,1.6609761099930531,0.24089753526951235,-0.0730729833318539,1.6609761099930531,10.0,0.0,0.0,7.67364801605662,0.12789413360094368
0.6670000000000005,0.2569279857931736,-0.07236976448155871,1.6600749904461662,0.24089753526951235,-0.0730729833318539,1.6609761099930531,0.24089753526951235,-0.0730729833318539,1.6609761099930531,10.0,0.0,0.0,7.673566131808246,0.12789276886347076
0.6680000000000005,0.2570025852425899,-0.07238836464618419,1.6600970658473242,0.24089753526951235,-0.0730729833318539,1.6609761099930531,0.24089753526951235,-0.0730729833318539,1.6609761099930531,10.0,0.0,0.0,7.673481365414061,0.12789135609023433
0.6690000000000005,0.25707665384194756,-0.07240695585329365,1.6601191278423242,0.24089753526951235,-0.0730729833318539,1.6609761099930531,0.24089753526951235,-0.0730729833318539,1.6609761099930531,10.0,0.0,0.0,7.6733936300424,0.12788989383404
0.6700000000000005,0.25715019095791253,-0.07242553425293927,1.660141172069932,0.24089753526951235,-0.0730729833318539,1.6609761099930531,0.24089753526951235,-0.0730729833318539,1.6609761099930531,10.0,0.0,0.0,7.673302839771679,0.12788838066286132
0.6710000000000005,0.2572231959989305,-0.0724440960637555,1.6601631942464796,0.24089753526951235,-0.0730729833318539,1.6609761099930531,0.24089753526951235,-0.0730729833318539,1.6609761099930531,10.0,0.0,0.0,7.673208909709204,0.12788681516182007
0.6720000000000005,0.25729566841515766,-0.07246263757245089,1.6601851901651816,0.24089753526951235,-0.0730729833318539,1.6609761099930531,0.24089753526951235,-0.0730729833318539,1.6609761099930531,10.0,0.0,0.0,7.673111756095965,0.12788519593493275
0.6730000000000005,0.257367607698388,-0.07248115513329675,1.6602071556954585,0.24089753526951235,-0.0730729833318539,1.6609761099930531,0.24089753526951235,-0.0730729833318539,1.6609761099930531,10.0,0.0,0.0,7.673011296405409,0.1278835216067568
0.6740000000000005,0.25743901338197456,-0.07249964516760453,1.660229086782255,0.24089753526951235,-0.0730729833318539,1.6609761099930531,0.24089753526951235,-0.0730729833318539,1.6609761099930531,10.0,0.0,0.0,7.672907449430667,0.12788179082384446
0.6750000000000005,0.25750988504074857,-0.07251810416319701,1.6602509794453617,0.24089753526951235,-0.0730729833318539,1.6609761099930531,0.24089753526951235,-0.0730729833318539,1.6609761099930531,10.0,0.0,0.0,7.672800135369906,0.1278800022561651
0.6760000000000005,0.25758022229093047,-0.07253652867387403,1.6602728297787355,0.24089753526951235,-0.0730729833318539,1.6609761099930531,0.24089753526951235,-0.0730729833318539,1.6609761099930531,10.0,0.0,0.0,7.672689275895037,0.1278781545982506
0.6770000000000005,0.25765002479004095,-0.07255491531886984,1.6602946339498263,0.24089753526951235,-0.0730729833318539,1.6609761099930531,0.24089753526951235,-0.0730729833318539,1.6609761099930531,10.0,0.0,0.0,7.672574794222518,0.1278762465703753
0.6780000000000005,0.2577192922367946,-0.072573260782306,1.6603163881988943,0.24089753526951235,-0.0730729833318539,1.6609761099930531,0.24089753526951235,-0.0730729833318539,1.6609761099930531,10.0,0.0,0.0,7.672456615172384,0.12787427691953973
0.6790000000000005,0.25778802437100684,-0.07259156181263912,1.6603380888383446,0.24089753526951235,-0.0730729833318539,1.6609761099930531,0.24089753526951235,-0.0730729833318539,1.6609761099930531,10.0,0.0,0.0,7.672334665224457,0.12787224442040762
0.6800000000000005,0.2578562209734763,-0.07260981522210419,1.660359732252039,0.24089753526951235,-0.0730729833318539,1.6609761099930531,0.24089753526951235,-0.0730729833318539,1.6609761099930531,10.0,0.0,0.0,7.6722088725663085,0.12787014787610515
0.6810000000000005,0.2579238818658767,-0.07262801788615278,1.66038131489464,0.24089753526951235,-0.0730729833318539,1.6609761099930531,0.24089753526951235,-0.0730729833318539,1.6609761099930531,10.0,0.0,0.0,7.672079167139838,0.1278679861189973
0.6820000000000005,0.2579910069106326,-0.07264616674288804,1.660402833290929,0.24089753526951235,-0.0730729833318539,1.6609761099930531,0.24089753526951235,-0.0730729833318539,1.6609761099930531,10.0,0.0,0.0,7.671945480677715,0.12786575801129527
0.6830000000000005,0.258057596010793,-0.07266425879249555,1.6604242840351384,0.24089753526951235,-0.0730729833318539,1.6609761099930531,0.24089753526951235,-0.0730729833318539,1.6609761099930531,10.0,0.0,0.0,7.671807746740969,0.1278634624456828
0.6840000000000005,0.258123649109904,-0.0726822910966736,1.660445663790293,0.24089753526951235,-0.0730729833318539,1.6609761099930531,0.24089753526951235,-0.0730729833318539,1.6609761099930531,10.0,0.0,0.0,7.671665900749158,0.1278610983458193
0.6850000000000005,0.2581891661918655,-0.07270026077805641,1.6604669692875327,0.24089753526951235,-0.0730729833318539,1.6609761099930531,0.24089753526951235,-0.0730729833318539,1.6609761099930531,10.0,0.0,0.0,7.671519880006134,0.1278586646667689
0.6860000000000005,0.2582541472807917,-0.07271816501964005,1.6604881973254588,0.24089753526951235,-0.0730729833318539,1.6609761099930531,0.24089753526951235,-0.0730729833318539,1.6609761099930531,10.0,0.0,0.0,7.671369623725299,0.12785616039542166
0.6870000000000005,0.25831859244085986,-0.07273600106420329,1.6605093447694685,0.24089753526951235,-0.0730729833318539,1.6609761099930531,0.24089753526951235,-0.0730729833318539,1.6609761099930531,10.0,0.0,0.0,7.671215073047914,0.12785358455079857
0.6880000000000005,0.2583825017761555,-0.07275376621372766,1.6605304085510981,0.24089753526951235,-0.0730729833318539,1.6609761099930531,0.24089753526951235,-0.0730729833318539,1.6609761099930531,10.0,0.0,0.0,7.6710561710608856,0.1278509361843481
0.6890000000000005,0.2584458754305108,-0.07277145782881651,1.6605513856673622,0.24089753526951235,-0.0730729833318539,1.6609761099930531,0.24089753526951235,-0.0730729833318539,1.6609761099930531,10.0,0.0,0.0,7.67089286280914,0.12784821438015234
0.6900000000000005,0.2585087135873373,-0.07278907332811244,1.6605722731801051,0.24089753526951235,-0.0730729833318539,1.6609761099930531,0.24089753526951235,-0.0730729833318539,1.6609761099930531,10.0,0.0,0.0,7.6707250953078026,0.12784541825513004
0.6910000000000005,0.2585710164694543,-0.07280661018771602,1.6605930682153445,0.24089753526951235,-0.0730729833318539,1.6609761099930531,0.24089753526951235,-0.0730729833318539,1.6609761099930531,10.0,0.0,0.0,7.670552817548629,0.12784254695914382
0.6920000000000005,0.25863278433890824,-0.07282406594060167,1.6606137679626232,0.24089753526951235,-0.0730729833318539,1.6609761099930531,0.24089753526951235,-0.0730729833318539,1.6609761099930531,10.0,0.0,0.0,7.670375980506762,0.1278395996751127
0.6930000000000005,0.2586940174967877,-0.07284143817603438,1.6606343696743595,0.24089753526951235,-0.0730729833318539,1.6609761099930531,0.24089753526951235,-0.0730729833318539,1.6609761099930531,10.0,0.0,0.0,7.670194537143053,0.12783657561905087
0.6940000000000005,0.2587547162830357,-0.0728587245389869,1.6606548706652076,0.24089753526951235,-0.0730729833318539,1.6609761099930531,0.24089753526951235,-0.0730729833318539,1.6609761099930531,10.0,0.0,0.0,7.670008442405484,0.1278334740400914
0.6950000000000005,0.25881488107625084,-0.07287592272955791,1.660675268311412,0.24089753526951235,-0.0730729833318539,1.6609761099930531,0.24089753526951235,-0.0730729833318539,1.6609761099930531,10.0,0.0,0.0,7.669817653226842,0.12783029422044737
0.6960000000000005,0.25887451229348546,-0.07289303050238843,1.6606955600501663,0.24089753526951235,-0.0730729833318539,1.6609761099930531,0.24089753526951235,-0.0730729833318539,1.6609761099930531,10.0,0.0,0.0,7.669622128522159,0.1278270354753693
0.6970000000000005,0.25893361039003987,-0.07291004566608147,1.66071574337898,0.24089753526951235,-0.0730729833318539,1.6609761099930531,0.24089753526951235,-0.0730729833318539,1.6609761099930531,10.0,0.0,0.0,7.669421829183222,0.1278236971530537
0.6980000000000005,0.25899217585924805,-0.07292696608262197,1.660735815855042,0.24089753526951235,-0.0730729833318539,1.6609761099930531,0.24089753526951235,-0.0730729833318539,1.6609761099930531,10.0,0.0,0.0,7.669216718071418,0.12782027863452364
0.6990000000000005,0.25905020923225863,-0.07294378966679656,1.6607557750945905,0.24089753526951235,-0.0730729833318539,1.6609761099930531,0.24089753526951235,-0.0730729833318539,1.6609761099930531,10.0,0.0,0.0,7.669006760009225,0.1278167793334871
0.7000000000000005,0.2591077110778127,-0.07296051438561649,1.6607756187722837,0.24089753526951235,-0.0730729833318539,1.6609761099930531,0.24089753526951235,-0.0730729833318539,1.6609761099930531,10.0,0.0,0.0,7.668791921769678,0.1278131986961613
0.7010000000000005,0.259164682002012,-0.07297713825774149,1.6607953446205737,0.24089753526951235,-0.0730729833318539,1.6609761099930531,0.24089753526951235,-0.0730729833318539,1.6609761099930531,10.0,0.0,0.0,7.6685721720648665,0.1278095362010811
0.7020000000000005,0.25922112264808633,-0.07299365935290489,1.6608149504290826,0.24089753526951235,-0.0730729833318539,1.6609761099930531,0.24089753526951235,-0.0730729833318539,1.6609761099930531,10.0,0.0,0.0,7.6683474815329,0.12780579135888165
0.7030000000000005,0.2592770336961531,-0.07301007579134089,1.660834434043986,0.24089753526951235,-0.0730729833318539,1.6609761099930531,0.24089753526951235,-0.0730729833318539,1.6609761099930531,10.0,0.0,0.0,7.668117822723357,0.12780196371205593
0.7040000000000005,0.25933241586297273,-0.07302638574321366,1.6608537933673937,0.24089753526951235,-0.0730729833318539,1.6609761099930531,0.24089753526951235,-0.0730729833318539,1.6609761099930531,10.0,0.0,0.0,7.667883170081872,0.12779805283469786
0.7050000000000005,0.259387269901698,-0.0730425874280485,1.660873026356734,0.24089753526951235,-0.0730729833318539,1.6609761099930531,0.24089753526951235,-0.0730729833318539,1.6609761099930531,10.0,0.0,0.0,7.667643499933435,0.12779405833222393
0.7060000000000005,0.2594415966016205,-0.0730586791141662,1.6608921310241456,0.24089753526951235,-0.0730729833318539,1.6609761099930531,0.24089753526951235,-0.0730729833318539,1.6609761099930531,10.0,0.0,0.0,7.667398790465303,0.1277899798410884
0.7070000000000005,0.2594953967879102,-0.07307465911811678,1.6609111054358687,0.24089753526951235,-0.0730729833318539,1.6609761099930531,0.24089753526951235,-0.0730729833318539,1.6609761099930531,10.0,0.0,0.0,7.667149021707943,0.12778581702846573
0.7080000000000005,0.2595486713213528,-0.07309052580411962,1.6609299477116384,0.24089753526951235,-0.0730729833318539,1.6609761099930531,0.24089753526951235,-0.0730729833318539,1.6609761099930531,10.0,0.0,0.0,7.666894175516003,0.12778156959193337
0.7090000000000005,0.25960142109807827,-0.07310627758350396,1.6609486560240856,0.24089753526951235,-0.0730729833318539,1.6609761099930531,0.24089753526951235,-0.0730729833318539,1.6609761099930531,10.0,0.0,0.0,7.666634235548647,0.1277772372591441
0.7100000000000005,0.25965364704929017,-0.07312191291415068,1.660967228598135,0.24089753526951235,-0.0730729833318539,1.6609761099930531,0.24089753526951235,-0.0730729833318539,1.6609761099930531,10.0,0.0,0.0,7.666369187247689,0.1277728197874615
0.7110000000000005,0.2597053501409873,-0.07313743029994055,1.660985663710413,0.24089753526951235,-0.0730729833318539,1.6609761099930531,0.24089753526951235,-0.0730729833318539,1.6609761099930531,10.0,0.0,0.0,7.666099017817749,0.12776831696362914
0.7120000000000005,0.25975653137368027,-0.07315282829020053,1.661003959688652,0.24089753526951235,-0.0730729833318539,1.6609761099930531,0.24089753526951235,-0.0730729833318539,1.6609761099930531,10.0,0.0,0.0,7.66582371620307,0.1277637286033845
0.7130000000000005,0.2598071917821083,-0.07316810547915731,1.6610221149111026,0.24089753526951235,-0.0730729833318539,1.6609761099930531,0.24089753526951235,-0.0730729833318539,1.6609761099930531,10.0,0.0,0.0,7.665543273065923,0.12775905455109873
0.7140000000000005,0.2598573324349462,-0.07318326050539091,1.6610401278059483,0.24089753526951235,-0.0730729833318539,1.6609761099930531,0.24089753526951235,-0.0730729833318539,1.6609761099930531,10.0,0.0,0.0,7.665257680763688,0.12775429467939478
0.7150000000000005,0.25990695443451217,-0.07319829205129272,1.6610579968507202,0.24089753526951235,-0.0730729833318539,1.6609761099930531,0.24089753526951235,-0.0730729833318539,1.6609761099930531,10.0,0.0,0.0,7.664966933325063,0.12774944888875106
0.7160000000000005,0.259956058916469,-0.0732131988425253,1.661075720571718,0.24089753526951235,-0.0730729833318539,1.6609761099930531,0.24089753526951235,-0.0730729833318539,1.6609761099930531,10.0,0.0,0.0,7.664671026427261,0.127744517107121
0.7170000000000005,0.2600046470495225,-0.07322797964748631,1.6610932975434356,0.24089753526951235,-0.0730729833318539,1.6609761099930531,0.24089753526951235,-0.0730729833318539,1.6609761099930531,10.0,0.0,0.0,7.66436995737188,0.12773949928953135
0.7180000000000005,0.2600527200351163,-0.07324263327677523,1.6611107263879838,0.24089753526951235,-0.0730729833318539,1.6609761099930531,0.24089753526951235,-0.0730729833318539,1.6609761099930531,10.0,0.0,0.0,7.664063725060176,0.1277343954176696
0.7190000000000005,0.26010027910712363,-0.07325715858266399,1.6611280057745235,0.24089753526951235,-0.0730729833318539,1.6609761099930531,0.24089753526951235,-0.0730729833318539,1.6609761099930531,10.0,0.0,0.0,7.663752329970326,0.12772920549950545
0.7200000000000005,0.260147325531534,-0.07327155445856834,1.6611451344186983,0.24089753526951235,-0.0730729833318539,1.6609761099930531,0.24089753526951235,-0.0730729833318539,1.6609761099930531,10.0,0.0,0.0,7.663435774131203,0.1277239295688534
0.7210000000000005,0.2601938606061386,-0.07328581983852582,1.6611621110820687,0.24089753526951235,-0.0730729833318539,1.6609761099930531,0.24089753526951235,-0.0730729833318539,1.6609761099930531,10.0,0.0,0.0,7.663114061098513,0.12771856768497522
0.7220000000000005,0.26023988566021083,-0.07329995369667491,1.661178934571553,0.24089753526951235,-0.0730729833318539,1.6609761099930531,0.24089753526951235,-0.0730729833318539,1.6609761099930531,10.0,0.0,0.0,7.66278719593003,0.12771311993216716
0.7230000000000005,0.26028540205418554,-0.07331395504673756,1.6611956037388724,0.24089753526951235,-0.0730729833318539,1.6609761099930531,0.24089753526951235,-0.0730729833318539,1.6609761099930531,10.0,0.0,0.0,7.662455185160905,0.1277075864193484
0.7240000000000005,0.2603304111793337,-0.07332782294150633,1.6612121174799932,0.24089753526951235,-0.0730729833318539,1.6609761099930531,0.24089753526951235,-0.0730729833318539,1.6609761099930531,10.0,0.0,0.0,7.6621180367779465,0.12770196727963243
0.7250000000000005,0.2603749144574347,-0.07334155647233301,1.661228474734578,0.24089753526951235,-0.0730729833318539,1.6609761099930531,0.24089753526951235,-0.0730729833318539,1.6609761099930531,10.0,0.0,0.0,7.661775760195692,0.1276962626699282
0.7260000000000005,0.2604189133404461,-0.0733551547686224,1.6612446744854394,0.24089753526951235,-0.0730729833318539,1.6609761099930531,0.24089753526951235,-0.0730729833318539,1.6609761099930531,10.0,0.0,0.0,7.661428366230686,0.12769047277051143
0.7270000000000005,0.2604624093101712,-0.0733686169973292,1.6612607157579953,0.24089753526951235,-0.0730729833318539,1.6609761099930531,0.24089753526951235,-0.0730729833318539,1.6609761099930531,10.0,0.0,0.0,7.661075867076256,0.12768459778460428
0.7280000000000005,0.2605054038779233,-0.07338194236245653,1.6612765976197261,0.24089753526951235,-0.0730729833318539,1.6609761099930531,0.24089753526951235,-0.0730729833318539,1.6609761099930531,10.0,0.0,0.0,7.660718276278226,0.12767863793797044
0.7290000000000005,0.26054789858418714,-0.07339513010456064,1.661292319179641,0.24089753526951235,-0.0730729833318539,1.6609761099930531,0.24089753526951235,-0.0730729833318539,1.6609761099930531,10.0,0.0,0.0,7.660355608709876,0.12767259347849794
0.7300000000000005,0.26058989499828,-0.07340817950025673,1.661307879587741,0.24089753526951235,-0.0730729833318539,1.6609761099930531,0.24089753526951235,-0.0730729833318539,1.6609761099930531,10.0,0.0,0.0,7.659987880546009,0.1276664646757668
0.7310000000000005,0.2606313947180084,-0.07342108986173006,1.66132327803449,0.24089753526951235,-0.0730729833318539,1.6609761099930531,0.24089753526951235,-0.0730729833318539,1.6609761099930531,10.0,0.0,0.0,7.659615109239497,0.1276602518206583
0.7320000000000005,0.26067239936932335,-0.07343386053624906,1.6613385137502847,0.24089753526951235,-0.0730729833318539,1.6609761099930531,0.24089753526951235,-0.0730729833318539,1.6609761099930531,10.0,0.0,0.0,7.659237313495231,0.1276539552249205
0.7330000000000005,0.2607129106059749,-0.07344649090568278,1.6613535860049344,0.24089753526951235,-0.0730729833318539,1.6609761099930531,0.24089753526951235,-0.0730729833318539,1.6609761099930531,10.0,0.0,0.0,7.658854513246482,0.1276475752207747
0.7340000000000005,0.260752930109163,-0.07345898038602164,1.6613684941071363,0.24089753526951235,-0.0730729833318539,1.6609761099930531,0.24089753526951235,-0.0730729833318539,1.6609761099930531,10.0,0.0,0.0,7.658466729629117,0.1276411121604853
0.7350000000000005,0.260792459587187,-0.07347132842690099,1.6613832374039579,0.24089753526951235,-0.0730729833318539,1.6609761099930531,0.24089753526951235,-0.0730729833318539,1.6609761099930531,10.0,0.0,0.0,7.658073984958429,0.12763456641597382
0.7360000000000005,0.260831500775095,-0.07348353451113049,1.6613978152803286,0.24089753526951235,-0.0730729833318539,1.6609761099930531,0.24089753526951235,-0.0730729833318539,1.6609761099930531,10.0,0.0,0.0,7.657676302703905,0.12762793837839842
0.7370000000000005,0.2608700554343293,-0.07349559815422327,1.6614122271585203,0.24089753526951235,-0.0730729833318539,1.6609761099930531,0.24089753526951235,-0.0730729833318539,1.6609761099930531,10.0,0.0,0.0,7.657273707464936,0.12762122845774895
0.7380000000000005,0.26090812535237184,-0.07350751890393177,1.6614264724976475,0.24089753526951235,-0.0730729833318539,1.6609761099930531,0.24089753526951235,-0.0730729833318539,1.6609761099930531,10.0,0.0,0.0,7.6568662249473345,0.12761443708245557
0.7390000000000005,0.2609457123423879,-0.07351929633978618,1.6614405507931576,0.24089753526951235,-0.0730729833318539,1.6609761099930531,0.24089753526951235,-0.0730729833318539,1.6609761099930531,10.0,0.0,0.0,7.65645388193836,0.12760756469897266
0.7400000000000005,0.26098281824286806,-0.07353093007263503,1.6614544615763325,0.24089753526951235,-0.0730729833318539,1.6609761099930531,0.24089753526951235,-0.0730729833318539,1.6609761099930531,10.0,0.0,0.0,7.656036706284183,0.12760061177140306
0.7410000000000005,0.2610194449172706,-0.07354241974419155,1.6614682044137905,0.24089753526951235,-0.0730729833318539,1.6609761099930531,0.24089753526951235,-0.0730729833318539,1.6609761099930531,10.0,0.0,0.0,7.655614726865338,0.12759357878108896
0.7420000000000005,0.26105559425365993,-0.07355376502658126,1.6614817789069933,0.24089753526951235,-0.0730729833318539,1.6609761099930531,0.24089753526951235,-0.0730729833318539,1.6609761099930531,10.0,0.0,0.0,7.655187973573691,0.12758646622622818
0.7430000000000005,0.26109126816434675,-0.0735649656218954,1.6614951846917523,0.24089753526951235,-0.0730729833318539,1.6609761099930531,0.24089753526951235,-0.0730729833318539,1.6609761099930531,10.0,0.0,0.0,7.654756477288817,0.12757927462148028
0.7440000000000005,0.261126468585526,-0.07357602126174481,1.6615084214377447,0.24089753526951235,-0.0730729833318539,1.6609761099930531,0.24089753526951235,-0.0730729833318539,1.6609761099930531,10.0,0.0,0.0,7.654320269855578,0.12757200449759296
0.7450000000000006,0.26116119747691435,-0.0735869317068214,1.661521488848026,0.24089753526951235,-0.0730729833318539,1.6609761099930531,0.24089753526951235,-0.0730729833318539,1.6609761099930531,10.0,0.0,0.0,7.653879384060256,0.12756465640100428
0.7460000000000006,0.2611954568213858,-0.07359769674645872,1.6615343866585512,0.24089753526951235,-0.0730729833318539,1.6609761099930531,0.24089753526951235,-0.0730729833318539,1.6609761099930531,10.0,0.0,0.0,7.653433853608919,0.12755723089348198
0.7470000000000006,0.26122924862460883,-0.07360831619819855,1.6615471146376959,0.24089753526951235,-0.0730729833318539,1.6609761099930531,0.24089753526951235,-0.0730729833318539,1.6609761099930531,10.0,0.0,0.0,7.652983713103902,0.1275497285517317
0.7480000000000006,0.2612625749146818,-0.07361878990736087,1.6615596725857849,0.24089753526951235,-0.0730729833318539,1.6609761099930531,0.24089753526951235,-0.0730729833318539,1.6609761099930531,10.0,0.0,0.0,7.6525289980224365,0.1275421499670406
0.7490000000000006,0.2612954377417662,-0.07362911774661644,1.6615720603346158,0.24089753526951235,-0.0730729833318539,1.6609761099930531,0.24089753526951235,-0.0730729833318539,1.6609761099930531,10.0,0.0,0.0,7.652069744693858,0.12753449574489764
0.7500000000000006,0.26132783917772384,-0.07363929961556313,1.6615842777469985,0.24089753526951235,-0.0730729833318539,1.6609761099930531,0.24089753526951235,-0.0730729833318539,1.6609761099930531,10.0,0.0,0.0,7.651605990278535,0.12752676650464226
0.7510000000000006,0.2613597813157481,-0.07364933544030647,1.661596324716286,0.24089753526951235,-0.0730729833318539,1.6609761099930531,0.24089753526951235,-0.0730729833318539,1.6609761099930531,10.0,0.0,0.0,7.651137772745292,0.1275189628790882
0.7520000000000006,0.2613912662700002,-0.07365922517304102,1.6616082011659143,0.24089753526951235,-0.0730729833318539,1.6609761099930531,0.24089753526951235,-0.0730729833318539,1.6609761099930531,10.0,0.0,0.0,7.650665130850422,0.1275110855141737
0.7530000000000006,0.26142229617524226,-0.07366896879163935,1.6616199070489464,0.24089753526951235,-0.0730729833318539,1.6609761099930531,0.24089753526951235,-0.0730729833318539,1.6609761099930531,10.0,0.0,0.0,7.650188104117,0.12750313506861669
0.7540000000000006,0.2614528731864703,-0.07367856629924077,1.6616314423476182,0.24089753526951235,-0.0730729833318539,1.6609761099930531,0.24089753526951235,-0.0730729833318539,1.6609761099930531,10.0,0.0,0.0,7.6497067328132005,0.12749511221355334
0.7550000000000006,0.26148299947854925,-0.07368801772384437,1.6616428070728855,0.24089753526951235,-0.0730729833318539,1.6609761099930531,0.24089753526951235,-0.0730729833318539,1.6609761099930531,10.0,0.0,0.0,7.649221057931744,0.12748701763219572
0.7560000000000006,0.2615126772458461,-0.0736973231179068,1.661654001263978,0.24089753526951235,-0.0730729833318539,1.6609761099930531,0.24089753526951235,-0.0730729833318539,1.6609761099930531,10.0,0.0,0.0,7.648731121169536,0.12747885201949227
0.7570000000000006,0.2615419087018642,-0.07370648255794227,1.6616650249879565,0.24089753526951235,-0.0730729833318539,1.6609761099930531,0.24089753526951235,-0.0730729833318539,1.6609761099930531,10.0,0.0,0.0,7.648236964907458,0.12747061608179097
0.7580000000000006,0.26157069607887684,-0.07371549614412537,1.6616758783392696,0.24089753526951235,-0.0730729833318539,1.6609761099930531,0.24089753526951235,-0.0730729833318539,1.6609761099930531,10.0,0.0,0.0,7.647738632189708,0.12746231053649512
0.7590000000000006,0.2615990416275631,-0.0737243639998984,1.6616865614393153,0.24089753526951235,-0.0730729833318539,1.6609761099930531,0.24089753526951235,-0.0730729833318539,1.6609761099930531,10.0,0.0,0.0,7.647236166704595,0.12745393611174324
0.7600000000000006,0.2616269476166404,-0.0737330862715816,1.6616970744360102,0.24089753526951235,-0.0730729833318539,1.6609761099930531,0.24089753526951235,-0.0730729833318539,1.6609761099930531,10.0,0.0,0.0,7.64672961276511,0.12744549354608517
0.7610000000000006,0.2616544163325034,-0.07374166312798652,1.6617074175033564,0.24089753526951235,-0.0730729833318539,1.6609761099930531,0.24089753526951235,-0.0730729833318539,1.6609761099930531,10.0,0.0,0.0,7.646219015288895,0.12743698358814826
0.7620000000000006,0.26168145007885635,-0.07375009476003319,1.661717590841014,0.24089753526951235,-0.0730729833318539,1.6609761099930531,0.24089753526951235,-0.0730729833318539,1.6609761099930531,10.0,0.0,0.0,7.645704419778614,0.12742840699631022
0.7630000000000006,0.2617080511763512,-0.07375838138036978,1.6617275946738783,0.24089753526951235,-0.0730729833318539,1.6609761099930531,0.24089753526951235,-0.0730729833318539,1.6609761099930531,10.0,0.0,0.0,7.645185872306843,0.1274197645384474
0.7640000000000006,0.26173422196222473,-0.07376652322299565,1.6617374292516547,0.24089753526951235,-0.0730729833318539,1.6609761099930531,0.24089753526951235,-0.0730729833318539,1.6609761099930531,10.0,0.0,0.0,7.644663419491385,0.12741105699152308
0.7650000000000006,0.26175996478993646,-0.07377452054288923,1.6617470948484465,0.24089753526951235,-0.0730729833318539,1.6609761099930531,0.24089753526951235,-0.0730729833318539,1.6609761099930531,10.0,0.0,0.0,7.644137108481199,0.12740228514135332
0.7660000000000006,0.26178528202880613,-0.07378237361563675,1.6617565917623356,0.24089753526951235,-0.0730729833318539,1.6609761099930531,0.24089753526951235,-0.0730729833318539,1.6609761099930531,10.0,0.0,0.0,7.6436069869365895,0.12739344978227649
0.7670000000000006,0.26181017606365375,-0.07379008273706603,1.6617659203149748,0.24089753526951235,-0.0730729833318539,1.6609761099930531,0.24089753526951235,-0.0730729833318539,1.6609761099930531,10.0,0.0,0.0,7.643073103011937,0.1273845517168656
0.7680000000000006,0.26183464929444045,-0.07379764822288296,1.6617750808511773,0.24089753526951235,-0.0730729833318539,1.6609761099930531,0.24089753526951235,-0.0730729833318539,1.6609761099930531,10.0,0.0,0.0,7.642535505337266,0.1273755917556211
0.7690000000000006,0.26185870413590817,-0.07380507040831005,1.6617840737385148,0.24089753526951235,-0.0730729833318539,1.6609761099930531,0.24089753526951235,-0.0730729833318539,1.6609761099930531,10.0,0.0,0.0,7.64199424300139,0.12736657071668983
0.7700000000000006,0.261882343017223,-0.0738123496477313,1.6617928993669127,0.24089753526951235,-0.0730729833318539,1.6609761099930531,0.24089753526951235,-0.0730729833318539,1.6609761099930531,10.0,0.0,0.0,7.641449365533958,0.12735748942556596
0.7710000000000006,0.26190556838161944,-0.07381948631433624,1.6618015581482555,0.24089753526951235,-0.0730729833318539,1.6609761099930531,0.24089753526951235,-0.0730729833318539,1.6609761099930531,10.0,0.0,0.0,7.6409009228888465,0.1273483487148141
0.7720000000000006,0.261928382686041,-0.07382648079977013,1.6618100505159898,0.24089753526951235,-0.0730729833318539,1.6609761099930531,0.24089753526951235,-0.0730729833318539,1.6609761099930531,10.0,0.0,0.0,7.6403489654276,0.12733914942379332
0.7730000000000006,0.26195078840079045,-0.07383333351378586,1.6618183769247323,0.24089753526951235,-0.0730729833318539,1.6609761099930531,0.24089753526951235,-0.0730729833318539,1.6609761099930531,10.0,0.0,0.0,7.639793543901977,0.12732989239836628
0.7740000000000006,0.2619727880091731,-0.0738400448839007,1.6618265378498833,0.24089753526951235,-0.0730729833318539,1.6609761099930531,0.24089753526951235,-0.0730729833318539,1.6609761099930531,10.0,0.0,0.0,7.639234709438545,0.12732057849064243
0.7750000000000006,0.26199438400714636,-0.0738466153550531,1.6618345337872416,0.24089753526951235,-0.0730729833318539,1.6609761099930531,0.24089753526951235,-0.0730729833318539,1.6609761099930531,10.0,0.0,0.0,7.638672513521717,0.1273112085586953
0.7760000000000006,0.262015578902969,-0.07385304538926588,1.66184236525262,0.24089753526951235,-0.0730729833318539,1.6609761099930531,0.24089753526951235,-0.0730729833318539,1.6609761099930531,10.0,0.0,0.0,7.638107007977953,0.12730178346629922
0.7770000000000006,0.2620363752168509,-0.07385933546531058,1.6618500327814691,0.24089753526951235,-0.0730729833318539,1.6609761099930531,0.24089753526951235,-0.0730729833318539,1.6609761099930531,10.0,0.0,0.0,7.637538244960672,0.12729230408267786
0.7780000000000006,0.26205677548060735,-0.07386548607837655,1.6618575369285022,0.24089753526951235,-0.0730729833318539,1.6609761099930531,0.24089753526951235,-0.0730729833318539,1.6609761099930531,10.0,0.0,0.0,7.636966276934306,0.12728277128223844
0.7790000000000006,0.2620767822373091,-0.07387149773974021,1.6618648782673195,0.24089753526951235,-0.0730729833318539,1.6609761099930531,0.24089753526951235,-0.0730729833318539,1.6609761099930531,10.0,0.0,0.0,7.636391156658755,0.12727318594431258
0.7800000000000006,0.26209639804094126,-0.07387737097644109,1.6618720573900452,0.24089753526951235,-0.0730729833318539,1.6609761099930531,0.24089753526951235,-0.0730729833318539,1.6609761099930531,10.0,0.0,0.0,7.635812937174978,0.1272635489529163
0.7810000000000006,0.2621156254560568,-0.0738831063309581,1.661879074906955,0.24089753526951235,-0.0730729833318539,1.6609761099930531,0.24089753526951235,-0.0730729833318539,1.6609761099930531,10.0,0.0,0.0,7.635231671789413,0.1272538611964902
0.7820000000000006,0.2621344670574369,-0.07388870436089043,1.6618859314461174,0.24089753526951235,-0.0730729833318539,1.6609761099930531,0.24089753526951235,-0.0730729833318539,1.6609761099930531,10.0,0.0,0.0,7.634647414060121,0.12724412356766868
0.7830000000000006,0.2621529254297498,-0.0738941656386404,1.6618926276530348,0.24089753526951235,-0.0730729833318539,1.6609761099930531,0.24089753526951235,-0.0730729833318539,1.6609761099930531,10.0,0.0,0.0,7.6340602177817365,0.12723433696302894
0.7840000000000006,0.26217100316721237,-0.07389949075110049,1.6618991641902843,0.24089753526951235,-0.0730729833318539,1.6609761099930531,0.24089753526951235,-0.0730729833318539,1.6609761099930531,10.0,0.0,0.0,7.633470136971381,0.12722450228285634
0.7850000000000006,0.26218870287325374,-0.0739046802993426,1.661905541737167,0.24089753526951235,-0.0730729833318539,1.6609761099930531,0.24089753526951235,-0.0730729833318539,1.6609761099930531,10.0,0.0,0.0,7.632877225855234,0.12721462043092055
0.7860000000000006,0.2622060271601798,-0.07390973489831068,1.6619117609893572,0.24089753526951235,-0.0730729833318539,1.6609761099930531,0.24089753526951235,-0.0730729833318539,1.6609761099930531,10.0,0.0,0.0,7.632281538854059,0.1272046923142343
0.7870000000000006,0.26222297864884014,-0.07391465517651527,1.6619178226585558,0.24089753526951235,-0.0730729833318539,1.6609761099930531,0.24089753526951235,-0.0730729833318539,1.6609761099930531,10.0,0.0,0.0,7.631683130569645,0.1271947188428274
0.7880000000000006,0.2622395599682973,-0.0739194417757332,1.6619237274721448,0.24089753526951235,-0.0730729833318539,1.6609761099930531,0.24089753526951235,-0.0730729833318539,1.6609761099930531,10.0,0.0,0.0,7.63108205577197,0.12718470092953285
0.7890000000000006,0.26225577375549536,-0.07392409535070862,1.661929476172851,0.24089753526951235,-0.0730729833318539,1.6609761099930531,0.24089753526951235,-0.0730729833318539,1.6609761099930531,10.0,0.0,0.0,7.630478369385827,0.1271746394897638
0.7900000000000006,0.2622716226549357,-0.07392861656885687,1.6619350695184045,0.24089753526951235,-0.0730729833318539,1.6609761099930531,0.24089753526951235,-0.0730729833318539,1.6609761099930531,10.0,0.0,0.0,7.62987212647718,0.12716453544128634
0.7910000000000006,0.2622871093183472,-0.07393300610997267,1.6619405082812064,0.24089753526951235,-0.0730729833318539,1.6609761099930531,0.24089753526951235,-0.0730729833318539,1.6609761099930531,10.0,0.0,0.0,7.629263382241527,0.12715438970402546
0.7920000000000006,0.2623022364043651,-0.07393726466593864,1.6619457932479973,0.24089753526951235,-0.0730729833318539,1.6609761099930531,0.24089753526951235,-0.0730729833318539,1.6609761099930531,10.0,0.0,0.0,7.628652191990307,0.12714420319983846
0.7930000000000006,0.2623170065782094,-0.07394139294044132,1.66195092521953,0.24089753526951235,-0.0730729833318539,1.6609761099930531,0.24089753526951235,-0.0730729833318539,1.6609761099930531,10.0,0.0,0.0,7.6280386111394805,0.12713397685232466
0.7940000000000006,0.2623314225113629,-0.07394539164868434,1.6619559050102415,0.24089753526951235,-0.0730729833318539,1.6609761099930531,0.24089753526951235,-0.0730729833318539,1.6609761099930531,10.0,0.0,0.0,7.627422695196122,0.12712371158660205
0.7950000000000006,0.2623454868812563,-0.07394926151710896,1.6619607334479358,0.24089753526951235,-0.0730729833318539,1.6609761099930531,0.24089753526951235,-0.0730729833318539,1.6609761099930531,10.0,0.0,0.0,7.626804499747673,0.1271134083291279
0.7960000000000006,0.26235920237095034,-0.07395300328311588,1.6619654113734605,0.24089753526951235,-0.0730729833318539,1.6609761099930531,0.24089753526951235,-0.0730729833318539,1.6609761099930531,10.0,0.0,0.0,7.6261840804495415,0.12710306800749235
0.7970000000000006,0.2623725716688239,-0.0739566176947888,1.6619699396403942,0.24089753526951235,-0.0730729833318539,1.6609761099930531,0.24089753526951235,-0.0730729833318539,1.6609761099930531,10.0,0.0,0.0,7.625561493013293,0.12709269155022154
0.7980000000000006,0.2623855974682612,-0.07396010551062383,1.6619743191147334,0.24089753526951235,-0.0730729833318539,1.6609761099930531,0.24089753526951235,-0.0730729833318539,1.6609761099930531,10.0,0.0,0.0,7.624936793195623,0.1270822798865937
0.7990000000000006,0.26239828246734415,-0.07396346749925822,1.66197855067458,0.24089753526951235,-0.0730729833318539,1.6609761099930531,0.24089753526951235,-0.0730729833318539,1.6609761099930531,10.0,0.0,0.0,7.62431003678674,0.12707183394644567
0.8000000000000006,0.262410629368544,-0.07396670443920411,1.6619826352098388,0.24089753526951235,-0.0730729833318539,1.6609761099930531,0.24089753526951235,-0.0730729833318539,1.6609761099930531,10.0,0.0,0.0,7.623681279600072,0.1270613546600012
0.8010000000000006,0.26242264087841777,-0.07396981711858457,1.661986573621912,0.24089753526951235,-0.0730729833318539,1.6609761099930531,0.24089753526951235,-0.0730729833318539,1.6609761099930531,10.0,0.0,0.0,7.623050577460342,0.12705084295767236
0.8020000000000006,0.26243431970730324,-0.07397280633487305,1.661990366823394,0.24089753526951235,-0.0730729833318539,1.6609761099930531,0.24089753526951235,-0.0730729833318539,1.6609761099930531,10.0,0.0,0.0,7.62241798619422,0.12704029976990366
0.8030000000000006,0.262445668569023,-0.0739756728946339,1.661994015737783,0.24089753526951235,-0.0730729833318539,1.6609761099930531,0.24089753526951235,-0.0730729833318539,1.6609761099930531,10.0,0.0,0.0,7.621783561617059,0.12702972602695098
0.8040000000000006,0.2624566901805819,-0.07397841761326712,1.6619975212991804,0.24089753526951235,-0.0730729833318539,1.6609761099930531,0.24089753526951235,-0.0730729833318539,1.6609761099930531,10.0,0.0,0.0,7.62114735952639,0.12701912265877316
0.8050000000000006,0.26246738726187413,-0.07398104131475632,1.662000884452,0.24089753526951235,-0.0730729833318539,1.6609761099930531,0.24089753526951235,-0.0730729833318539,1.6609761099930531,10.0,0.0,0.0,7.620509435689453,0.12700849059482422
0.8060000000000006,0.2624777625353887,-0.073983544831417,1.6620041061506798,0.24089753526951235,-0.0730729833318539,1.6609761099930531,0.24089753526951235,-0.0730729833318539,1.6609761099930531,10.0,0.0,0.0,7.619869845833145,0.12699783076388577
0.8070000000000006,0.2624878187259189,-0.07398592900365085,1.6620071873593956,0.24089753526951235,-0.0730729833318539,1.6609761099930531,0.24089753526951235,-0.0730729833318539,1.6609761099930531,10.0,0.0,0.0,7.61922864563498,0.12698714409391634
0.8080000000000006,0.2624975585602729,-0.07398819467970008,1.662010129051779,0.24089753526951235,-0.0730729833318539,1.6609761099930531,0.24089753526951235,-0.0730729833318539,1.6609761099930531,10.0,0.0,0.0,7.6185858907132085,0.1269764315118868
0.8090000000000006,0.26250698476698847,-0.07399034271540536,1.6620129322106378,0.24089753526951235,-0.0730729833318539,1.6609761099930531,0.24089753526951235,-0.0730729833318539,1.6609761099930531,10.0,0.0,0.0,7.617941636616907,0.12696569394361512
0.8100000000000006,0.26251610007604786,-0.07399237397396763,1.6620155978276776,0.24089753526951235,-0.0730729833318539,1.6609761099930531,0.24089753526951235,-0.0730729833318539,1.6609761099930531,10.0,0.0,0.0,7.617295938817332,0.1269549323136222
0.8110000000000006,0.26252490721859667,-0.07399428932571006,1.6620181269032293,0.24089753526951235,-0.0730729833318539,1.6609761099930531,0.24089753526951235,-0.0730729833318539,1.6609761099930531,10.0,0.0,0.0,7.616648852698372,0.12694414754497288
0.8120000000000006,0.2625334089266659,-0.07399608964784529,1.6620205204459784,0.24089753526951235,-0.0730729833318539,1.6609761099930531,0.24089753526951235,-0.0730729833318539,1.6609761099930531,10.0,0.0,0.0,7.616000433547589,0.12693334055912647
0.8130000000000006,0.2625416079328934,-0.07399777582424315,1.6620227794726945,0.24089753526951235,-0.0730729833318539,1.6609761099930531,0.24089753526951235,-0.0730729833318539,1.6609761099930531,10.0,0.0,0.0,7.615350736547391,0.12692251227578985
0.8140000000000006,0.2625495069702505,-0.0739993487452033,1.662024905007967,0.24089753526951235,-0.0730729833318539,1.6609761099930531,0.24089753526951235,-0.0730729833318539,1.6609761099930531,10.0,0.0,0.0,7.614699816766471,0.12691166361277453
0.8150000000000006,0.26255710877177163,-0.07400080930722788,1.6620268980839454,0.24089753526951235,-0.0730729833318539,1.6609761099930531,0.24089753526951235,-0.0730729833318539,1.6609761099930531,10.0,0.0,0.0,7.614047729151617,0.12690079548586028
0.8160000000000006,0.2625644160702824,-0.07400215841279899,1.6620287597400751,0.24089753526951235,-0.0730729833318539,1.6609761099930531,0.24089753526951235,-0.0730729833318539,1.6609761099930531,10.0,0.0,0.0,7.613394528518631,0.12688990880864384
0.8170000000000006,0.2625714315981349,-0.07400339697015752,1.662030491022844,0.24089753526951235,-0.0730729833318539,1.6609761099930531,0.24089753526951235,-0.0730729833318539,1.6609761099930531,10.0,0.0,0.0,7.6127402695444335,0.12687900449240722
0.8180000000000006,0.2625781580869425,-0.07400452589308473,1.6620320929855266,0.24089753526951235,-0.0730729833318539,1.6609761099930531,0.24089753526951235,-0.0730729833318539,1.6609761099930531,10.0,0.0,0.0,7.612085006759386,0.12686808344598977
0.8190000000000006,0.26258459826731884,-0.0740055461006871,1.6620335666879347,0.24089753526951235,-0.0730729833318539,1.6609761099930531,0.24089753526951235,-0.0730729833318539,1.6609761099930531,10.0,0.0,0.0,7.611428794539084,0.12685714657565142
0.8200000000000006,0.2625907548686181,-0.07400645851718343,1.6620349131961667,0.24089753526951235,-0.0730729833318539,1.6609761099930531,0.24089753526951235,-0.0730729833318539,1.6609761099930531,10.0,0.0,0.0,7.6107716870965465,0.12684619478494244
0.8210000000000006,0.26259663061867855,-0.0740072640716925,1.6620361335823672,0.24089753526951235,-0.0730729833318539,1.6609761099930531,0.24089753526951235,-0.0730729833318539,1.6609761099930531,10.0,0.0,0.0,7.6101137384749675,0.1268352289745828
0.8220000000000006,0.2626022282435671,-0.07400796369802763,1.6620372289244731,0.24089753526951235,-0.0730729833318539,1.6609761099930531,0.24089753526951235,-0.0730729833318539,1.6609761099930531,10.0,0.0,0.0,7.6094550025401615,0.12682425004233602
0.8230000000000006,0.26260755046733053,-0.07400855833448869,1.6620382003059897,0.24089753526951235,-0.0730729833318539,1.6609761099930531,0.24089753526951235,-0.0730729833318539,1.6609761099930531,10.0,0.0,0.0,7.608795532971771,0.12681325888286285
0.8240000000000006,0.2626126000117441,-0.07400904892366116,1.662039048815739,0.24089753526951235,-0.0730729833318539,1.6609761099930531,0.24089753526951235,-0.0730729833318539,1.6609761099930531,10.0,0.0,0.0,7.608135383258793,0.12680225638764656
0.8250000000000006,0.2626173795960667,-0.07400943641221387,1.6620397755476353,0.24089753526951235,-0.0730729833318539,1.6609761099930531,0.24089753526951235,-0.0730729833318539,1.6609761099930531,10.0,0.0,0.0,7.607474606691605,0.1267912434448601
0.8260000000000006,0.26262189193679536,-0.07400972175070253,1.662040381600447,0.24089753526951235,-0.0730729833318539,1.6609761099930531,0.24089753526951235,-0.0730729833318539,1.6609761099930531,10.0,0.0,0.0,7.606813256353787,0.12678022093922978
0.8270000000000006,0.26262613974742494,-0.07400990589337209,1.6620408680775705,0.24089753526951235,-0.0730729833318539,1.6609761099930531,0.24089753526951235,-0.0730729833318539,1.6609761099930531,10.0,0.0,0.0,7.606151385116717,0.1267691897519453
0.8280000000000006,0.26263012573821015,-0.07400998979796539,1.6620412360868044,0.24089753526951235,-0.0730729833318539,1.6609761099930531,0.24089753526951235,-0.0730729833318539,1.6609761099930531,10.0,0.0,0.0,7.60548904563262,0.12675815076054367
0.8290000000000006,0.2626338526159282,-0.07400997442553142,1.6620414867401239,0.24089753526951235,-0.0730729833318539,1.6609761099930531,0.24089753526951235,-0.0730729833318539,1.6609761099930531,10.0,0.0,0.0,7.604826290327917,0.1267471048387986
0.8300000000000006,0.2626373230836455,-0.07400986074023747,1.6620416211534623,0.24089753526951235,-0.0730729833318539,1.6609761099930531,0.24089753526951235,-0.0730729833318539,1.6609761099930531,10.0,0.0,0.0,7.604163171397458,0.1267360528566243
0.8310000000000006,0.2626405398404875,-0.0740096497091827,1.6620416404464902,0.24089753526951235,-0.0730729833318539,1.6609761099930531,0.24089753526951235,-0.0730729833318539,1.6609761099930531,10.0,0.0,0.0,7.603499740796981,0.1267249956799497
0.8320000000000006,0.2626435055814106,-0.07400934230221487,1.6620415457424023,0.24089753526951235,-0.0730729833318539,1.6609761099930531,0.24089753526951235,-0.0730729833318539,1.6609761099930531,10.0,0.0,0.0,7.602836050239123,0.12671393417065205
0.8330000000000006,0.26264622299697465,-0.07400893949174892,1.6620413381677037,0.24089753526951235,-0.0730729833318539,1.6609761099930531,0.24089753526951235,-0.0730729833318539,1.6609761099930531,10.0,0.0,0.0,7.602172151185899,0.12670286918643164
0.8340000000000006,0.26264869477312236,-0.07400844225258835,1.662041018851998,0.24089753526951235,-0.0730729833318539,1.6609761099930531,0.24089753526951235,-0.0730729833318539,1.6609761099930531,10.0,0.0,0.0,7.601508094842826,0.12669180158071378
0.8350000000000006,0.2626509235909572,-0.07400785156174855,1.6620405889277827,0.24089753526951235,-0.0730729833318539,1.6609761099930531,0.24089753526951235,-0.0730729833318539,1.6609761099930531,10.0,0.0,0.0,7.600843932154488,0.1266807322025748
0.8360000000000006,0.26265291212652636,-0.07400716839828247,1.662040049530241,0.24089753526951235,-0.0730729833318539,1.6609761099930531,0.24089753526951235,-0.0730729833318539,1.6609761099930531,10.0,0.0,0.0,7.600179713797747,0.12666966189662912
0.8370000000000006,0.26265466305060536,-0.07400639374310974,1.662039401797043,0.24089753526951235,-0.0730729833318539,1.6609761099930531,0.24089753526951235,-0.0730729833318539,1.6609761099930531,10.0,0.0,0.0,7.599515490177318,0.1266585915029553
0.8380000000000006,0.2626561790284847,-0.07400552857884482,1.6620386468681394,0.24089753526951235,-0.0730729833318539,1.6609761099930531,0.24089753526951235,-0.0730729833318539,1.6609761099930531,10.0,0.0,0.0,7.598851311419998,0.12664752185699996
0.8390000000000006,0.26265746271976176,-0.0740045738896327,1.662037785885572,0.24089753526951235,-0.0730729833318539,1.6609761099930531,0.24089753526951235,-0.0730729833318539,1.6609761099930531,10.0,0.0,0.0,7.59818722736795,0.12663645378946584
0.8400000000000006,0.26265851677813196,-0.07400353066098111,1.6620368199932747,0.24089753526951235,-0.0730729833318539,1.6609761099930531,0.24089753526951235,-0.0730729833318539,1.6609761099930531,10.0,0.0,0.0,7.597523287576721,0.1266253881262787
0.8410000000000006,0.2626593438511845,-0.07400239987959976,1.6620357503368808,0.24089753526951235,-0.0730729833318539,1.6609761099930531,0.24089753526951235,-0.0730729833318539,1.6609761099930531,10.0,0.0,0.0,7.5968595413082,0.12661432568847
0.8420000000000006,0.262659946580201,-0.07400118253323866,1.6620345780635364,0.24089753526951235,-0.0730729833318539,1.6609761099930531,0.24089753526951235,-0.0730729833318539,1.6609761099930531,10.0,0.0,0.0,7.5961960375266955,0.1266032672921116
0.8430000000000006,0.26266032759995384,-0.07399987961052985,1.6620333043217086,0.24089753526951235,-0.0730729833318539,1.6609761099930531,0.24089753526951235,-0.0730729833318539,1.6609761099930531,10.0,0.0,0.0,7.595532824892976,0.12659221374821625
0.8440000000000006,0.2626604895385126,-0.07399849210083265,1.662031930261005,0.24089753526951235,-0.0730729833318539,1.6609761099930531,0.24089753526951235,-0.0730729833318539,1.6609761099930531,10.0,0.0,0.0,7.594869951761016,0.1265811658626836
0.8450000000000006,0.26266043501704717,-0.0739970209940772,1.6620304570319886,0.24089753526951235,-0.0730729833318539,1.6609761099930531,0.24089753526951235,-0.0730729833318539,1.6609761099930531,10.0,0.0,0.0,7.594207466172811,0.12657012443621352
0.8460000000000006,0.26266016664963776,-0.07399546728061532,1.6620288857860008,0.24089753526951235,-0.0730729833318539,1.6609761099930531,0.24089753526951235,-0.0730729833318539,1.6609761099930531,10.0,0.0,0.0,7.5935454158540985,0.12655909026423498
0.8470000000000006,0.26265968704308396,-0.07399383195106901,1.6620272176749824,0.24089753526951235,-0.0730729833318539,1.6609761099930531,0.24089753526951235,-0.0730729833318539,1.6609761099930531,10.0,0.0,0.0,7.592883848210206,0.12654806413683675
0.8480000000000006,0.26265899879672117,-0.07399211599618426,1.6620254538512975,0.24089753526951235,-0.0730729833318539,1.6609761099930531,0.24089753526951235,-0.0730729833318539,1.6609761099930531,10.0,0.0,0.0,7.592222810321411,0.1265370468386902
0.8490000000000006,0.2626581045022344,-0.07399032040668559,1.662023595467563,0.24089753526951235,-0.0730729833318539,1.6609761099930531,0.24089753526951235,-0.0730729833318539,1.6609761099930531,10.0,0.0,0.0,7.591562348940039,0.12652603914900065
0.8500000000000006,0.2626570067434786,-0.07398844617313216,1.6620216436764816,0.24089753526951235,-0.0730729833318539,1.6609761099930531,0.24089753526951235,-0.0730729833318539,1.6609761099930531,10.0,0.0,0.0,7.590902510485391,0.12651504184142318
0.8510000000000006,0.2626557080962985,-0.07398649428577687,1.662019599630663,0.24089753526951235,-0.0730729833318539,1.6609761099930531,0.24089753526951235,-0.0730729833318539,1.6609761099930531,10.0,0.0,0.0,7.590243341040459,0.12650405568400766
0.8520000000000006,0.2626542111283545,-0.07398446573442857,1.662017464482472,0.24089753526951235,-0.0730729833318539,1.6609761099930531,0.24089753526951235,-0.0730729833318539,1.6609761099930531,10.0,0.0,0.0,7.589584886346698,0.12649308143911162
0.8530000000000006,0.2626525183989483,-0.0739823615083137,1.6620152393838596,0.24089753526951235,-0.0730729833318539,1.6609761099930531,0.24089753526951235,-0.0730729833318539,1.6609761099930531,10.0,0.0,0.0,7.588927191803476,0.12648211986339128
0.8540000000000006,0.26265063245885145,-0.0739801825959421,1.6620129254862015,0.24089753526951235,-0.0730729833318539,1.6609761099930531,0.24089753526951235,-0.0730729833318539,1.6609761099930531,10.0,0.0,0.0,7.588270302461773,0.1264711717076962
0.8550000000000006,0.2626485558501389,-0.07397792998497472,1.6620105239401424,0.24089753526951235,-0.0730729833318539,1.6609761099930531,0.24089753526951235,-0.0730729833318539,1.6609761099930531,10.0,0.0,0.0,7.5876142630221635,0.12646023771703604
0.8560000000000006,0.26264629110602167,-0.07397560466209119,1.6620080358954386,0.24089753526951235,-0.0730729833318539,1.6609761099930531,0.24089753526951235,-0.0730729833318539,1.6609761099930531,10.0,0.0,0.0,7.586959117830858,0.1264493186305143
0.8570000000000007,0.26264384075068375,-0.07397320761286348,1.662005462500804,0.24089753526951235,-0.0730729833318539,1.6609761099930531,0.24089753526951235,-0.0730729833318539,1.6609761099930531,10.0,0.0,0.0,7.5863049108765255,0.12643841518127544
0.8580000000000007,0.26264120729912377,-0.07397073982162715,1.6620028049037616,0.24089753526951235,-0.0730729833318539,1.6609761099930531,0.24089753526951235,-0.0730729833318539,1.6609761099930531,10.0,0.0,0.0,7.585651685787305,0.12642752809645508
0.8590000000000007,0.26263839325699334,-0.07396820227135799,1.6620000642504915,0.24089753526951235,-0.0730729833318539,1.6609761099930531,0.24089753526951235,-0.0730729833318539,1.6609761099930531,10.0,0.0,0.0,7.584999485827832,0.12641665809713054
0.8600000000000007,0.2626354011204451,-0.07396559594354801,1.6619972416856865,0.24089753526951235,-0.0730729833318539,1.6609761099930531,0.24089753526951235,-0.0730729833318539,1.6609761099930531,10.0,0.0,0.0,7.584348353895853,0.12640580589826422
0.8610000000000007,0.2626322333759777,-0.07396292181808592,1.6619943383524047,0.24089753526951235,-0.0730729833318539,1.6609761099930531,0.24089753526951235,-0.0730729833318539,1.6609761099930531,10.0,0.0,0.0,7.583698332519841,0.12639497220866402
0.8620000000000007,0.26262889250028676,-0.07396018087313702,1.6619913553919348,0.24089753526951235,-0.0730729833318539,1.6609761099930531,0.24089753526951235,-0.0730729833318539,1.6609761099930531,10.0,0.0,0.0,7.583049463856417,0.12638415773094028
0.8630000000000007,0.26262538096011473,-0.07395737408502742,1.6619882939436414,0.24089753526951235,-0.0730729833318539,1.6609761099930531,0.24089753526951235,-0.0730729833318539,1.6609761099930531,10.0,0.0,0.0,7.582401789687129,0.12637336316145215
0.8640000000000007,0.26262170121210854,-0.0739545024281282,1.6619851551448446,0.24089753526951235,-0.0730729833318539,1.6609761099930531,0.24089753526951235,-0.0730729833318539,1.6609761099930531,10.0,0.0,0.0,7.5817553514150005,0.12636258919025
0.8650000000000007,0.26261785570267493,-0.07395156687474308,1.6619819401306741,0.24089753526951235,-0.0730729833318539,1.6609761099930531,0.24089753526951235,-0.0730729833318539,1.6609761099930531,10.0,0.0,0.0,7.581110190064203,0.12635183650107004
0.8660000000000007,0.26261384686783995,-0.07394856839499614,1.6619786500339375,0.24089753526951235,-0.0730729833318539,1.6609761099930531,0.24089753526951235,-0.0730729833318539,1.6609761099930531,10.0,0.0,0.0,7.580466346276296,0.1263411057712716
0.8670000000000007,0.2626096771331128,-0.07394550795672382,1.6619752859849912,0.24089753526951235,-0.0730729833318539,1.6609761099930531,0.24089753526951235,-0.0730729833318539,1.6609761099930531,10.0,0.0,0.0,7.5798238603083234,0.1263303976718054
0.8680000000000007,0.2626053489133482,-0.07394238652536567,1.6619718491116078,0.24089753526951235,-0.0730729833318539,1.6609761099930531,0.24089753526951235,-0.0730729833318539,1.6609761099930531,10.0,0.0,0.0,7.579182772029826,0.12631971286716376
0.8690000000000007,0.26260086461261506,-0.07393920506386088,1.6619683405388541,0.24089753526951235,-0.0730729833318539,1.6609761099930531,0.24089753526951235,-0.0730729833318539,1.6609761099930531,10.0,0.0,0.0,7.578543120921875,0.12630905201536458
0.8700000000000007,0.26259622662406507,-0.07393596453254253,1.661964761388963,0.24089753526951235,-0.0730729833318539,1.6609761099930531,0.24089753526951235,-0.0730729833318539,1.6609761099930531,10.0,0.0,0.0,7.5779049460737085,0.12629841576789513
0.8710000000000007,0.26259143732980583,-0.0739326658890366,1.6619611127812097,0.24089753526951235,-0.0730729833318539,1.6609761099930531,0.24089753526951235,-0.0730729833318539,1.6609761099930531,10.0,0.0,0.0,7.5772682861816865,0.12628780476969478
0.8720000000000007,0.2625864991007742,-0.07392931008816192,1.6619573958317955,0.24089753526951235,-0.0730729833318539,1.6609761099930531,0.24089753526951235,-0.0730729833318539,1.6609761099930531,10.0,0.0,0.0,7.576633179547165,0.12627721965911942
0.8730000000000007,0.2625814142966137,-0.07392589808183087,1.6619536116537255,0.24089753526951235,-0.0730729833318539,1.6609761099930531,0.24089753526951235,-0.0730729833318539,1.6609761099930531,10.0,0.0,0.0,7.575999664074159,0.12626666106790266
0.8740000000000007,0.26257618526555315,-0.07392243081895347,1.6619497613566934,0.24089753526951235,-0.0730729833318539,1.6609761099930531,0.24089753526951235,-0.0730729833318539,1.6609761099930531,10.0,0.0,0.0,7.575367777268466,0.1262561296211411
0.8750000000000007,0.26257081434428936,-0.07391890924534243,1.6619458460469685,0.24089753526951235,-0.0730729833318539,1.6609761099930531,0.24089753526951235,-0.0730729833318539,1.6609761099930531,10.0,0.0,0.0,7.574737556235236,0.12624562593725394
0.8760000000000007,0.26256530385787047,-0.07391533430362014,1.6619418668272812,0.24089753526951235,-0.0730729833318539,1.6609761099930531,0.24089753526951235,-0.0730729833318539,1.6609761099930531,10.0,0.0,0.0,7.5741090376777045,0.12623515062796173
0.8770000000000007,0.2625596561195832,-0.07391170693312638,1.6619378247967138,0.24089753526951235,-0.0730729833318539,1.6609761099930531,0.24089753526951235,-0.0730729833318539,1.6609761099930531,10.0,0.0,0.0,7.573482257895896,0.12622470429826493
0.8780000000000007,0.2625538734308402,-0.07390802806982957,1.661933721050593,0.24089753526951235,-0.0730729833318539,1.6609761099930531,0.24089753526951235,-0.0730729833318539,1.6609761099930531,10.0,0.0,0.0,7.572857252784735,0.12621428754641226
0.8790000000000007,0.2625479580810726,-0.0739042986462385,1.6619295566803813,0.24089753526951235,-0.0730729833318539,1.6609761099930531,0.24089753526951235,-0.0730729833318539,1.6609761099930531,10.0,0.0,0.0,7.572234057832771,0.1262039009638795
0.8800000000000007,0.2625419123476239,-0.0739005195913163,1.6619253327735757,0.24089753526951235,-0.0730729833318539,1.6609761099930531,0.24089753526951235,-0.0730729833318539,1.6609761099930531,10.0,0.0,0.0,7.5716127081212905,0.12619354513535483
0.8810000000000007,0.26253573849564416,-0.07389669183039516,1.661921050413602,0.24089753526951235,-0.0730729833318539,1.6609761099930531,0.24089753526951235,-0.0730729833318539,1.6609761099930531,10.0,0.0,0.0,7.57099323832256,0.12618322063870935
0.8820000000000007,0.26252943877798923,-0.07389281628509371,1.6619167106797181,0.24089753526951235,-0.0730729833318539,1.6609761099930531,0.24089753526951235,-0.0730729833318539,1.6609761099930531,10.0,0.0,0.0,7.570375682699189,0.12617292804498648
0.8830000000000007,0.2625230154351219,-0.07388889387323636,1.6619123146469126,0.24089753526951235,-0.0730729833318539,1.6609761099930531,0.24089753526951235,-0.0730729833318539,1.6609761099930531,10.0,0.0,0.0,7.569760075102558,0.12616266791837596
0.8840000000000007,0.26251647069501405,-0.0738849255087719,1.6619078633858084,0.24089753526951235,-0.0730729833318539,1.6609761099930531,0.24089753526951235,-0.0730729833318539,1.6609761099930531,10.0,0.0,0.0,7.569146448971846,0.12615244081619745
0.8850000000000007,0.262509806773051,-0.07388091210169714,1.661903357962571,0.24089753526951235,-0.0730729833318539,1.6609761099930531,0.24089753526951235,-0.0730729833318539,1.6609761099930531,10.0,0.0,0.0,7.568534837333715,0.12614224728889525
0.8860000000000007,0.2625030258719407,-0.07387685455798,1.6618987994388121,0.24089753526951235,-0.0730729833318539,1.6609761099930531,0.24089753526951235,-0.0730729833318539,1.6609761099930531,10.0,0.0,0.0,7.567925272800757,0.12613208788001262
0.8870000000000007,0.26249613018162143,-0.07387275377948407,1.6618941888715002,0.24089753526951235,-0.0730729833318539,1.6609761099930531,0.24089753526951235,-0.0730729833318539,1.6609761099930531,10.0,0.0,0.0,7.567317787570902,0.1261219631261817
0.8880000000000007,0.2624891218791756,-0.07386861066389559,1.6618895273128729,0.24089753526951235,-0.0730729833318539,1.6609761099930531,0.24089753526951235,-0.0730729833318539,1.6609761099930531,10.0,0.0,0.0,7.566712413427036,0.12611187355711725
0.8890000000000007,0.26248200312874326,-0.07386442610465208,1.6618848158103463,0.24089753526951235,-0.0730729833318539,1.6609761099930531,0.24089753526951235,-0.0730729833318539,1.6609761099930531,10.0,0.0,0.0,7.566109181735444,0.12610181969559073
0.8900000000000007,0.2624747760814372,-0.07386020099087175,1.661880055406435,0.24089753526951235,-0.0730729833318539,1.6609761099930531,0.24089753526951235,-0.0730729833318539,1.6609761099930531,10.0,0.0,0.0,7.565508123446664,0.12609180205744439
0.8910000000000007,0.2624674428752634,-0.0738559362072846,1.661875247138663,0.24089753526951235,-0.0730729833318539,1.6609761099930531,0.24089753526951235,-0.0730729833318539,1.6609761099930531,10.0,0.0,0.0,7.564909269093027,0.12608182115155045
0.8920000000000007,0.26246000563504146,-0.0738516326341661,1.6618703920394864,0.24089753526951235,-0.0730729833318539,1.6609761099930531,0.24089753526951235,-0.0730729833318539,1.6609761099930531,10.0,0.0,0.0,7.564312648790002,0.12607187747983337
0.8930000000000007,0.26245246647232534,-0.07384729114727079,1.6618654911362059,0.24089753526951235,-0.0730729833318539,1.6609761099930531,0.24089753526951235,-0.0730729833318539,1.6609761099930531,10.0,0.0,0.0,7.563718292235315,0.12606197153725524
0.8940000000000007,0.2624448274853322,-0.07384291261776868,1.6618605454509008,0.24089753526951235,-0.0730729833318539,1.6609761099930531,0.24089753526951235,-0.0730729833318539,1.6609761099930531,10.0,0.0,0.0,7.563126228706555,0.12605210381177592
0.8950000000000007,0.262437090758867,-0.07383849791218143,1.6618555560003427,0.24089753526951235,-0.0730729833318539,1.6609761099930531,0.24089753526951235,-0.0730729833318539,1.6609761099930531,10.0,0.0,0.0,7.562536487063864,0.12604227478439772
0.8960000000000007,0.26242925836425346,-0.07383404789232363,1.6618505237959247,0.24089753526951235,-0.0730729833318539,1.6609761099930531,0.24089753526951235,-0.0730729833318539,1.6609761099930531,10.0,0.0,0.0,7.561949095748906,0.12603248492914843
0.8970000000000007,0.26242133235926435,-0.07382956341524015,1.6618454498435873,0.24089753526951235,-0.0730729833318539,1.6609761099930531,0.24089753526951235,-0.0730729833318539,1.6609761099930531,10.0,0.0,0.0,7.561364082783741,0.12602273471306236
0.8980000000000007,0.26241331478805613,-0.07382504533314943,1.6618403351437478,0.24089753526951235,-0.0730729833318539,1.6609761099930531,0.24089753526951235,-0.0730729833318539,1.6609761099930531,10.0,0.0,0.0,7.560781475770868,0.12601302459618113
0.8990000000000007,0.2624052076811041,-0.07382049449338723,1.6618351806912306,0.24089753526951235,-0.0730729833318539,1.6609761099930531,0.24089753526951235,-0.0730729833318539,1.6609761099930531,10.0,0.0,0.0,7.560201301894054,0.12600335503156757
0.9000000000000007,0.2623970130551409,-0.07381591173834921,1.6618299874751987,0.24089753526951235,-0.0730729833318539,1.6609761099930531,0.24089753526951235,-0.0730729833318539,1.6609761099930531,10.0,0.0,0.0,7.559623587917498,0.12599372646529164
0.9010000000000007,0.2623887329130958,-0.07381129790543832,1.6618247564790887,0.24089753526951235,-0.0730729833318539,1.6609761099930531,0.24089753526951235,-0.0730729833318539,1.6609761099930531,10.0,0.0,0.0,7.559048360186224,0.12598413933643707
0.9020000000000007,0.26238036924403796,-0.07380665382701215,1.6618194886805455,0.24089753526951235,-0.0730729833318539,1.6609761099930531,0.24089753526951235,-0.0730729833318539,1.6609761099930531,10.0,0.0,0.0,7.558475644626412,0.12597459407710687
0.9030000000000007,0.2623719240231181,-0.07380198033033059,1.6618141850513595,0.24089753526951235,-0.0730729833318539,1.6609761099930531,0.24089753526951235,-0.0730729833318539,1.6609761099930531,10.0,0.0,0.0,7.557905466745051,0.12596509111241752
0.9040000000000007,0.262363399211518,-0.07379727823750724,1.6618088465574046,0.24089753526951235,-0.0730729833318539,1.6609761099930531,0.24089753526951235,-0.0730729833318539,1.6609761099930531,10.0,0.0,0.0,7.557337851630382,0.12595563086050637
0.9050000000000007,0.2623547967563946,-0.07379254836545959,1.6618034741585799,0.24089753526951235,-0.0730729833318539,1.6609761099930531,0.24089753526951235,-0.0730729833318539,1.6609761099930531,10.0,0.0,0.0,7.55677282395275,0.12594621373254583
0.9060000000000007,0.2623461185908339,-0.07378779152586258,1.6617980688087512,0.24089753526951235,-0.0730729833318539,1.6609761099930531,0.24089753526951235,-0.0730729833318539,1.6609761099930531,10.0,0.0,0.0,7.556210407963975,0.1259368401327329
0.9070000000000007,0.2623373666338003,-0.07378300852510225,1.6617926314556934,0.24089753526951235,-0.0730729833318539,1.6609761099930531,0.24089753526951235,-0.0730729833318539,1.6609761099930531,10.0,0.0,0.0,7.555650627498053,0.1259275104583009
0.9080000000000007,0.2623285427900916,-0.07377820016423114,1.6617871630410364,0.24089753526951235,-0.0730729833318539,1.6609761099930531,0.24089753526951235,-0.0730729833318539,1.6609761099930531,10.0,0.0,0.0,7.555093505972318,0.12591822509953862
0.9090000000000007,0.2623196489502955,-0.073773367238926,1.6617816645002117,0.24089753526951235,-0.0730729833318539,1.6609761099930531,0.24089753526951235,-0.0730729833318539,1.6609761099930531,10.0,0.0,0.0,7.554539066386932,0.12590898443978218
0.9100000000000007,0.26231068699074644,-0.07376851053944321,1.6617761367624022,0.24089753526951235,-0.0730729833318539,1.6609761099930531,0.24089753526951235,-0.0730729833318539,1.6609761099930531,10.0,0.0,0.0,7.553987331325962,0.12589978885543268
0.9110000000000007,0.26230165877348677,-0.07376363085058084,1.661770580750487,0.24089753526951235,-0.0730729833318539,1.6609761099930531,0.24089753526951235,-0.0730729833318539,1.6609761099930531,10.0,0.0,0.0,7.55343832295737,0.12589063871595615
0.9120000000000007,0.2622925661462269,-0.0737587289516374,1.6617649973809983,0.24089753526951235,-0.0730729833318539,1.6609761099930531,0.24089753526951235,-0.0730729833318539,1.6609761099930531,10.0,0.0,0.0,7.552892063035166,0.12588153438391944
0.9130000000000007,0.2622834109423102,-0.07375380561637465,1.6617593875640704,0.24089753526951235,-0.0730729833318539,1.6609761099930531,0.24089753526951235,-0.0730729833318539,1.6609761099930531,10.0,0.0,0.0,7.552348572897889,0.12587247621496483
0.9140000000000007,0.262274194980678,-0.07374886161297878,1.6617537522033947,0.24089753526951235,-0.0730729833318539,1.6609761099930531,0.24089753526951235,-0.0730729833318539,1.6609761099930531,10.0,0.0,0.0,7.5518078734711285,0.12586346455785213
0.9150000000000007,0.26226492006583724,-0.0737438977040274,1.6617480921961767,0.24089753526951235,-0.0730729833318539,1.6609761099930531,0.24089753526951235,-0.0730729833318539,1.6609761099930531,10.0,0.0,0.0,7.551269985267673,0.12585449975446122
0.9160000000000007,0.26225558798782905,-0.07373891464645159,1.6617424084330894,0.24089753526951235,-0.0730729833318539,1.6609761099930531,0.24089753526951235,-0.0730729833318539,1.6609761099930531,10.0,0.0,0.0,7.5507349283880405,0.12584558213980068
0.9170000000000007,0.2622462005222007,-0.07373391319150564,1.6617367017982376,0.24089753526951235,-0.0730729833318539,1.6609761099930531,0.24089753526951235,-0.0730729833318539,1.6609761099930531,10.0,0.0,0.0,7.550202722522043,0.12583671204203403
0.9180000000000007,0.26223675942997826,-0.07372889408473268,1.661730973169112,0.24089753526951235,-0.0730729833318539,1.6609761099930531,0.24089753526951235,-0.0730729833318539,1.6609761099930531,10.0,0.0,0.0,7.54967338694877,0.1258278897824795
0.9190000000000007,0.26222726645763983,-0.07372385806593408,1.661725223416552,0.24089753526951235,-0.0730729833318539,1.6609761099930531,0.24089753526951235,-0.0730729833318539,1.6609761099930531,10.0,0.0,0.0,7.549146940538482,0.12581911567564136
0.9200000000000007,0.26221772333709437,-0.07371880586914017,1.6617194534047133,0.24089753526951235,-0.0730729833318539,1.6609761099930531,0.24089753526951235,-0.0730729833318539,1.6609761099930531,10.0,0.0,0.0,7.548623401753365,0.12581039002922276
0.9210000000000007,0.2622081317856581,-0.07371373822258129,1.661713663991025,0.24089753526951235,-0.0730729833318539,1.6609761099930531,0.24089753526951235,-0.0730729833318539,1.6609761099930531,10.0,0.0,0.0,7.5481027886476815,0.12580171314412802
0.9220000000000007,0.2621984935060355,-0.07370865584865949,1.6617078560261582,0.24089753526951235,-0.0730729833318539,1.6609761099930531,0.24089753526951235,-0.0730729833318539,1.6609761099930531,10.0,0.0,0.0,7.547585118870332,0.12579308531450553
0.9230000000000007,0.2621888101863,-0.07370355946392229,1.6617020303539924,0.24089753526951235,-0.0730729833318539,1.6609761099930531,0.24089753526951235,-0.0730729833318539,1.6609761099930531,10.0,0.0,0.0,7.547070409664931,0.12578450682774886
0.9240000000000007,0.2621790834998777,-0.07369844977903806,1.6616961878115872,0.24089753526951235,-0.0730729833318539,1.6609761099930531,0.24089753526951235,-0.0730729833318539,1.6609761099930531,10.0,0.0,0.0,7.546558677871548,0.1257759779645258
0.9250000000000007,0.26216931510553354,-0.07369332749877075,1.6616903292291434,0.24089753526951235,-0.0730729833318539,1.6609761099930531,0.24089753526951235,-0.0730729833318539,1.6609761099930531,10.0,0.0,0.0,7.546049939927005,0.12576749899878342
0.9260000000000007,0.2621595066473563,-0.07368819332195707,1.6616844554299823,0.24089753526951235,-0.0730729833318539,1.6609761099930531,0.24089753526951235,-0.0730729833318539,1.6609761099930531,10.0,0.0,0.0,7.545544211867782,0.12575907019779636
0.9270000000000007,0.2621496597547485,-0.07368304794148435,1.6616785672305123,0.24089753526951235,-0.0730729833318539,1.6609761099930531,0.24089753526951235,-0.0730729833318539,1.6609761099930531,10.0,0.0,0.0,7.545041509329682,0.12575069182216136
0.9280000000000007,0.2621397760424161,-0.0736778920442694,1.6616726654402063,0.24089753526951235,-0.0730729833318539,1.6609761099930531,0.24089753526951235,-0.0730729833318539,1.6609761099930531,10.0,0.0,0.0,7.544541847550044,0.12574236412583406
0.9290000000000007,0.2621298571103598,-0.07367272631123842,1.661666750861572,0.24089753526951235,-0.0730729833318539,1.6609761099930531,0.24089753526951235,-0.0730729833318539,1.6609761099930531,10.0,0.0,0.0,7.544045241368623,0.12573408735614372
0.9300000000000007,0.2621199045438687,-0.07366755141730814,1.661660824290131,0.24089753526951235,-0.0730729833318539,1.6609761099930531,0.24089753526951235,-0.0730729833318539,1.6609761099930531,10.0,0.0,0.0,7.543551705229618,0.12572586175382697
0.9310000000000007,0.2621099199135155,-0.07366236803136797,1.6616548865143936,0.24089753526951235,-0.0730729833318539,1.6609761099930531,0.24089753526951235,-0.0730729833318539,1.6609761099930531,10.0,0.0,0.0,7.543061253182454,0.1257176875530409
0.9320000000000007,0.2620999047751528,-0.07365717681626245,1.6616489383158406,0.24089753526951235,-0.0730729833318539,1.6609761099930531,0.24089753526951235,-0.0730729833318539,1.6609761099930531,10.0,0.0,0.0,7.542573898883852,0.12570956498139754
0.9330000000000007,0.2620898606699117,-0.07365197842877602,1.6616429804688984,0.24089753526951235,-0.0730729833318539,1.6609761099930531,0.24089753526951235,-0.0730729833318539,1.6609761099930531,10.0,0.0,0.0,7.54208965559876,0.12570149425997934
0.9340000000000007,0.2620797891242003,-0.07364677351961774,1.6616370137409229,0.24089753526951235,-0.0730729833318539,1.6609761099930531,0.24089753526951235,-0.0730729833318539,1.6609761099930531,10.0,0.0,0.0,7.541608536202348,0.12569347560337246
0.9350000000000007,0.26206969164970667,-0.07364156273340725,1.6616310388921791,0.24089753526951235,-0.0730729833318539,1.6609761099930531,0.24089753526951235,-0.0730729833318539,1.6609761099930531,10.0,0.0,0.0,7.54113055318163,0.12568550921969385
0.9360000000000007,0.2620595697434002,-0.07363634670866172,1.661625056675827,0.24089753526951235,-0.0730729833318539,1.6609761099930531,0.24089753526951235,-0.0730729833318539,1.6609761099930531,10.0,0.0,0.0,7.540655718636824,0.12567759531061373
0.9370000000000007,0.262049424887536,-0.07363112607778396,1.6616190678379026,0.24089753526951235,-0.0730729833318539,1.6609761099930531,0.24089753526951235,-0.0730729833318539,1.6609761099930531,10.0,0.0,0.0,7.540184044282643,0.12566973407137738
0.9380000000000007,0.2620392585496628,-0.07362590146705139,1.6616130731173078,0.24089753526951235,-0.0730729833318539,1.6609761099930531,0.24089753526951235,-0.0730729833318539,1.6609761099930531,10.0,0.0,0.0,7.539715541451336,0.1256619256908556
0.9390000000000007,0.262029072182625,-0.0736206734966053,1.6616070732457882,0.24089753526951235,-0.0730729833318539,1.6609761099930531,0.24089753526951235,-0.0730729833318539,1.6609761099930531,10.0,0.0,0.0,7.5392502210923364,0.12565417035153895
0.9400000000000007,0.26201886722457873,-0.07361544278044288,1.661601068947934,0.24089753526951235,-0.0730729833318539,1.6609761099930531,0.24089753526951235,-0.0730729833318539,1.6609761099930531,10.0,0.0,0.0,7.538788093776773,0.1256464682296129
0.9410000000000007,0.2620086450989957,-0.07361020992640713,1.6615950609411556,0.24089753526951235,-0.0730729833318539,1.6609761099930531,0.24089753526951235,-0.0730729833318539,1.6609761099930531,10.0,0.0,0.0,7.5383291696958885,0.12563881949493147
0.9420000000000007,0.2619984072146773,-0.07360497553618074,1.6615890499356796,0.24089753526951235,-0.0730729833318539,1.6609761099930531,0.24089753526951235,-0.0730729833318539,1.6609761099930531,10.0,0.0,0.0,7.537873458665938,0.12563122431109897
0.9430000000000007,0.26198815496576766,-0.07359974020527904,1.6615830366345417,0.24089753526951235,-0.0730729833318539,1.6609761099930531,0.24089753526951235,-0.0730729833318539,1.6609761099930531,10.0,0.0,0.0,7.537420970128624,0.12562368283547706
0.9440000000000007,0.26197788973176944,-0.07359450452304454,1.661577021733576,0.24089753526951235,-0.0730729833318539,1.6609761099930531,0.24089753526951235,-0.0730729833318539,1.6609761099930531,10.0,0.0,0.0,7.536971713152438,0.1256161952192073
0.9450000000000007,0.26196761287755504,-0.07358926907264184,1.6615710059214048,0.24089753526951235,-0.0730729833318539,1.6609761099930531,0.24089753526951235,-0.0730729833318539,1.6609761099930531,10.0,0.0,0.0,7.536525696435603,0.12560876160726003
0.9460000000000007,0.2619573257533887,-0.07358403443105413,1.6615649898794378,0.24089753526951235,-0.0730729833318539,1.6609761099930531,0.24089753526951235,-0.0730729833318539,1.6609761099930531,10.0,0.0,0.0,7.536082928307881,0.12560138213846467
0.9470000000000007,0.2619470296949427,-0.07357880116907924,1.6615589742818662,0.24089753526951235,-0.0730729833318539,1.6609761099930531,0.24089753526951235,-0.0730729833318539,1.6609761099930531,10.0,0.0,0.0,7.53564341673207,0.1255940569455345
0.9480000000000007,0.2619367260233163,-0.07357356985132849,1.6615529597956555,0.24089753526951235,-0.0730729833318539,1.6609761099930531,0.24089753526951235,-0.0730729833318539,1.6609761099930531,10.0,0.0,0.0,7.535207169306094,0.12558678615510158
0.9490000000000007,0.2619264160450599,-0.07356834103622473,1.661546947080548,0.24089753526951235,-0.0730729833318539,1.6609761099930531,0.24089753526951235,-0.0730729833318539,1.6609761099930531,10.0,0.0,0.0,7.534774193265367,0.12557956988775612
0.9500000000000007,0.2619161010521944,-0.07356311527600135,1.6615409367890563,0.24089753526951235,-0.0730729833318539,1.6609761099930531,0.24089753526951235,-0.0730729833318539,1.6609761099930531,10.0,0.0,0.0,7.534344495484447,0.12557240825807411
0.9510000000000007,0.26190578232223516,-0.07355789311670316,1.6615349295664605,0.24089753526951235,-0.0730729833318539,1.6609761099930531,0.24089753526951235,-0.0730729833318539,1.6609761099930531,10.0,0.0,0.0,7.533918082479133,0.12556530137465222
0.9520000000000007,0.2618954611182202,-0.073552675098187,1.6615289260508173,0.24089753526951235,-0.0730729833318539,1.6609761099930531,0.24089753526951235,-0.0730729833318539,1.6609761099930531,10.0,0.0,0.0,7.533494960409498,0.1255582493401583
0.9530000000000007,0.2618851386887327,-0.07354746175412334,1.661522926872951,0.24089753526951235,-0.0730729833318539,1.6609761099930531,0.24089753526951235,-0.0730729833318539,1.6609761099930531,10.0,0.0,0.0,7.533075135080397,0.12555125225133995
0.9540000000000007,0.26187481626792997,-0.07354225361199943,1.6615169326564616,0.24089753526951235,-0.0730729833318539,1.6609761099930531,0.24089753526951235,-0.0730729833318539,1.6609761099930531,10.0,0.0,0.0,7.5326586119447105,0.1255443101990785
0.9550000000000007,0.26186449507557236,-0.07353705119312146,1.6615109440177236,0.24089753526951235,-0.0730729833318539,1.6609761099930531,0.24089753526951235,-0.0730729833318539,1.6609761099930531,10.0,0.0,0.0,7.532245396105457,0.1255374232684243
0.9560000000000007,0.2618541763170535,-0.07353185501262008,1.661504961565893,0.24089753526951235,-0.0730729833318539,1.6609761099930531,0.24089753526951235,-0.0730729833318539,1.6609761099930531,10.0,0.0,0.0,7.531835492317528,0.12553059153862547
0.9570000000000007,0.2618438611834298,-0.07352666557945439,1.66149898590291,0.24089753526951235,-0.0730729833318539,1.6609761099930531,0.24089753526951235,-0.0730729833318539,1.6609761099930531,10.0,0.0,0.0,7.53142890499058,0.12552381508317634
0.9580000000000007,0.26183355085145466,-0.07352148339641697,1.6614930176235043,0.24089753526951235,-0.0730729833318539,1.6609761099930531,0.24089753526951235,-0.0730729833318539,1.6609761099930531,10.0,0.0,0.0,7.53102563819036,0.12551709396983932
0.9590000000000007,0.26182324648361016,-0.07351630896014123,1.6614870573152047,0.24089753526951235,-0.0730729833318539,1.6609761099930531,0.24089753526951235,-0.0730729833318539,1.6609761099930531,10.0,0.0,0.0,7.530625695640977,0.12551042826068295
0.9600000000000007,0.26181294922814363,-0.0735111427611076,1.6614811055583403,0.24089753526951235,-0.0730729833318539,1.6609761099930531,0.24089753526951235,-0.0730729833318539,1.6609761099930531,10.0,0.0,0.0,7.530229080730026,0.1255038180121671
0.9610000000000007,0.2618026602191013,-0.07350598528365075,1.6614751629260542,0.24089753526951235,-0.0730729833318539,1.6609761099930531,0.24089753526951235,-0.0730729833318539,1.6609761099930531,10.0,0.0,0.0,7.529835796506692,0.12549726327511154
0.9620000000000007,0.261792380576367,-0.07350083700597065,1.66146922998431,0.24089753526951235,-0.0730729833318539,1.6609761099930531,0.24089753526951235,-0.0730729833318539,1.6609761099930531,10.0,0.0,0.0,7.529445845685725,0.1254907640947621
0.9630000000000007,0.2617821114056976,-0.07349569840013673,1.6614633072919014,0.24089753526951235,-0.0730729833318539,1.6609761099930531,0.24089753526951235,-0.0730729833318539,1.6609761099930531,10.0,0.0,0.0,7.529059230650974,0.12548432051084957
0.9640000000000007,0.2617718537987653,-0.07349056993210257,1.6614573954004628,0.24089753526951235,-0.0730729833318539,1.6609761099930531,0.24089753526951235,-0.0730729833318539,1.6609761099930531,10.0,0.0,0.0,7.528675953455988,0.1254779325575998
0.9650000000000007,0.2617616088331947,-0.07348545206171282,1.661451494854481,0.24089753526951235,-0.0730729833318539,1.6609761099930531,0.24089753526951235,-0.0730729833318539,1.6609761099930531,10.0,0.0,0.0,7.528296015828065,0.12547160026380108
0.9660000000000007,0.2617513775726057,-0.07348034524271661,1.6614456061913079,0.24089753526951235,-0.0730729833318539,1.6609761099930531,0.24089753526951235,-0.0730729833318539,1.6609761099930531,10.0,0.0,0.0,7.527919419169553,0.1254653236528259
0.9670000000000007,0.26174116106665535,-0.07347524992277732,1.6614397299411734,0.24089753526951235,-0.0730729833318539,1.6609761099930531,0.24089753526951235,-0.0730729833318539,1.6609761099930531,10.0,0.0,0.0,7.527546164560594,0.12545910274267655
0.9680000000000007,0.26173096035108007,-0.0734701665434853,1.6614338666271968,0.24089753526951235,-0.0730729833318539,1.6609761099930531,0.24089753526951235,-0.0730729833318539,1.6609761099930531,10.0,0.0,0.0,7.527176252761016,0.12545293754601694
0.9690000000000007,0.26172077644774094,-0.07346509554037221,1.6614280167654043,0.24089753526951235,-0.0730729833318539,1.6609761099930531,0.24089753526951235,-0.0730729833318539,1.6609761099930531,10.0,0.0,0.0,7.526809684213852,0.12544682807023086
0.9700000000000008,0.2617106103646689,-0.07346003734292242,1.661422180864742,0.24089753526951235,-0.0730729833318539,1.6609761099930531,0.24089753526951235,-0.0730729833318539,1.6609761099930531,10.0,0.0,0.0,7.526446459047343,0.12544077431745573
0.9710000000000008,0.2617004630961099,-0.07345499237458918,1.6614163594270925,0.24089753526951235,-0.0730729833318539,1.6609761099930531,0.24089753526951235,-0.0730729833318539,1.6609761099930531,10.0,0.0,0.0,7.526086577077149,0.12543477628461916
0.9720000000000008,0.26169033562257354,-0.07344996105280742,1.6614105529472942,0.24089753526951235,-0.0730729833318539,1.6609761099930531,0.24089753526951235,-0.0730729833318539,1.6609761099930531,10.0,0.0,0.0,7.525730037809366,0.12542883396348942
0.9730000000000008,0.261680228910879,-0.07344494378901079,1.661404761913152,0.24089753526951235,-0.0730729833318539,1.6609761099930531,0.24089753526951235,-0.0730729833318539,1.6609761099930531,10.0,0.0,0.0,7.525376840442172,0.12542294734070286
0.9740000000000008,0.26167014391420507,-0.07343994098864594,1.6613989868054615,0.24089753526951235,-0.0730729833318539,1.6609761099930531,0.24089753526951235,-0.0730729833318539,1.6609761099930531,10.0,0.0,0.0,7.525026983869712,0.12541711639782854
0.9750000000000008,0.2616600815721424,-0.07343495305119091,1.6613932280980273,0.24089753526951235,-0.0730729833318539,1.6609761099930531,0.24089753526951235,-0.0730729833318539,1.6609761099930531,10.0,0.0,0.0,7.524680466683758,0.12541134111139599
0.9760000000000008,0.26165004281073967,-0.07342998037017014,1.6613874862576767,0.24089753526951235,-0.0730729833318539,1.6609761099930531,0.24089753526951235,-0.0730729833318539,1.6609761099930531,10.0,0.0,0.0,7.524337287176159,0.125405621452936
0.9770000000000008,0.26164002854255874,-0.07342502333317308,1.6613817617442876,0.24089753526951235,-0.0730729833318539,1.6609761099930531,0.24089753526951235,-0.0730729833318539,1.6609761099930531,10.0,0.0,0.0,7.523997443342109,0.12539995738903514
0.9780000000000008,0.26163003966672654,-0.07342008232187279,1.6613760550108043,0.24089753526951235,-0.0730729833318539,1.6609761099930531,0.24089753526951235,-0.0730729833318539,1.6609761099930531,10.0,0.0,0.0,7.523660932882128,0.1253943488813688
0.9790000000000008,0.26162007706898754,-0.07341515771204356,1.6613703665032584,0.24089753526951235,-0.0730729833318539,1.6609761099930531,0.24089753526951235,-0.0730729833318539,1.6609761099930531,10.0,0.0,0.0,7.523327753204869,0.1253887958867478
0.9800000000000008,0.2616101416217586,-0.07341024987358016,1.6613646966607942,0.24089753526951235,-0.0730729833318539,1.6609761099930531,0.24089753526951235,-0.0730729833318539,1.6609761099930531,10.0,0.0,0.0,7.522997901430253,0.12538329835717088
0.9810000000000008,0.26160023418418465,-0.07340535917051845,1.6613590459156884,0.24089753526951235,-0.0730729833318539,1.6609761099930531,0.24089753526951235,-0.0730729833318539,1.6609761099930531,10.0,0.0,0.0,7.522671374391057,0.12537785623985095
0.9820000000000008,0.26159035560219346,-0.07340048596105428,1.6613534146933746,0.24089753526951235,-0.0730729833318539,1.6609761099930531,0.24089753526951235,-0.0730729833318539,1.6609761099930531,10.0,0.0,0.0,7.5223481686367855,0.12537246947727976
0.9830000000000008,0.2615805067085534,-0.07339563059756572,1.661347803412468,0.24089753526951235,-0.0730729833318539,1.6609761099930531,0.24089753526951235,-0.0730729833318539,1.6609761099930531,10.0,0.0,0.0,7.522028280435174,0.1253671380072529
0.9840000000000008,0.26157068832292957,-0.07339079342663218,1.6613422124847859,0.24089753526951235,-0.0730729833318539,1.6609761099930531,0.24089753526951235,-0.0730729833318539,1.6609761099930531,10.0,0.0,0.0,7.521711705775829,0.1253618617629305
0.9850000000000008,0.2615609012519443,-0.07338597478905834,1.6613366423153788,0.24089753526951235,-0.0730729833318539,1.6609761099930531,0.24089753526951235,-0.0730729833318539,1.6609761099930531,10.0,0.0,0.0,7.521398440372312,0.12535664067287186
0.9860000000000008,0.2615511462892333,-0.0733811750198947,1.66133109330255,0.24089753526951235,-0.0730729833318539,1.6609761099930531,0.24089753526951235,-0.0730729833318539,1.6609761099930531,10.0,0.0,0.0,7.52108847966492,0.125351474661082
0.9870000000000008,0.26154142421550824,-0.07337639444846022,1.6613255658378852,0.24089753526951235,-0.0730729833318539,1.6609761099930531,0.24089753526951235,-0.0730729833318539,1.6609761099930531,10.0,0.0,0.0,7.520781818823695,0.1253463636470616
0.9880000000000008,0.2615317357986149,-0.07337163339836632,1.6613200603062788,0.24089753526951235,-0.0730729833318539,1.6609761099930531,0.24089753526951235,-0.0730729833318539,1.6609761099930531,10.0,0.0,0.0,7.520478452751,0.12534130754585
0.9890000000000008,0.2615220817935955,-0.07336689218753921,1.661314577085959,0.24089753526951235,-0.0730729833318539,1.6609761099930531,0.24089753526951235,-0.0730729833318539,1.6609761099930531,10.0,0.0,0.0,7.520178376083724,0.12533630626806205
0.9900000000000008,0.26151246294275104,-0.07336217112824481,1.661309116548518,0.24089753526951235,-0.0730729833318539,1.6609761099930531,0.24089753526951235,-0.0730729833318539,1.6609761099930531,10.0,0.0,0.0,7.519881583196993,0.12533135971994988
0.9910000000000008,0.26150287997570243,-0.07335747052711208,1.6613036790589395,0.24089753526951235,-0.0730729833318539,1.6609761099930531,0.24089753526951235,-0.0730729833318539,1.6609761099930531,10.0,0.0,0.0,7.519588068206298,0.1253264678034383
0.9920000000000008,0.2614933336094556,-0.0733527906851589,1.6612982649756258,0.24089753526951235,-0.0730729833318539,1.6609761099930531,0.24089753526951235,-0.0730729833318539,1.6609761099930531,10.0,0.0,0.0,7.5192978249701765,0.12532163041616962
0.9930000000000008,0.261483824548464,-0.0733481318978167,1.66129287465043,0.24089753526951235,-0.0730729833318539,1.6609761099930531,0.24089753526951235,-0.0730729833318539,1.6609761099930531,10.0,0.0,0.0,7.519010847093273,0.12531684745155455
0.9940000000000008,0.2614743534846934,-0.07334349445495467,1.661287508428683,0.24089753526951235,-0.0730729833318539,1.6609761099930531,0.24089753526951235,-0.0730729833318539,1.6609761099930531,10.0,0.0,0.0,7.518727127927658,0.1253121187987943
0.9950000000000008,0.2614649210976875,-0.07333887864090874,1.661282166649226,0.24089753526951235,-0.0730729833318539,1.6609761099930531,0.24089753526951235,-0.0730729833318539,1.6609761099930531,10.0,0.0,0.0,7.51844666058022,0.12530744434300367
0.9960000000000008,0.26145552805463373,-0.07333428473450565,1.6612768496444372,0.24089753526951235,-0.0730729833318539,1.6609761099930531,0.24089753526951235,-0.0730729833318539,1.6609761099930531,10.0,0.0,0.0,7.518169437909006,0.1253028239651501
0.9970000000000008,0.2614461750104289,-0.0733297130090895,1.6612715577402684,0.24089753526951235,-0.0730729833318539,1.6609761099930531,0.24089753526951235,-0.0730729833318539,1.6609761099930531,10.0,0.0,0.0,7.517895452530257,0.12529825754217094
0.9980000000000008,0.2614368626077475,-0.07332516373255064,1.661266291256272,0.24089753526951235,-0.0730729833318539,1.6609761099930531,0.24089753526951235,-0.0730729833318539,1.6609761099930531,10.0,0.0,0.0,7.517624696819547,0.12529374494699244
0.9990000000000008,0.2614275914771076,-0.07332063716735124,1.6612610505056356,0.24089753526951235,-0.0730729833318539,1.6609761099930531,0.24089753526951235,-0.0730729833318539,1.6609761099930531,10.0,0.0,0.0,7.517357162915634,0.1252892860485939
1.0000000000000007,0.2614183622369416,-0.07331613357055544,1.6612558357952127,0.24089753526951235,-0.0730729833318539,1.6609761099930531,0.24089753526951235,-0.0730729833318539,1.6609761099930531,10.0,0.0,0.0,7.517092842722408,0.12528488071204014
1.0010000000000006,0.26140917549366155,-0.07331165319385441,1.6612506474255575,0.24089753526951235,-0.0730729833318539,1.6609761099930531,0.24089753526951235,-0.0730729833318539,1.6609761099930531,0.0,0.0,0.0,7.516831727912077,0.12528052879853463
1.0020000000000004,0.26139277787919446,-0.07331083037806582,1.6612499805218068,0.24089753526951235,-0.0730729833318539,1.6609761099930531,0.24089753526951235,-0.0730729833318539,1.6609761099930531,0.0,0.0,0.0,7.3428680608293195,0.12238113434715532
1.0030000000000003,0.2613695866959313,-0.07331336647415536,1.6612534775368786,0.24089753526951235,-0.0730729833318539,1.6609761099930531,0.24089753526951235,-0.0730729833318539,1.6609761099930531,0.0,0.0,0.0,7.178748011117049,0.11964580018528416
1.0040000000000002,0.26133999499497224,-0.07331898241749044,1.6612608031965492,0.24089753526951235,-0.0730729833318539,1.6609761099930531,0.24089753526951235,-0.0730729833318539,1.6609761099930531,0.0,0.0,0.0,7.023887420363138,0.11706479033938563
1.0050000000000001,0.26130437348681823,-0.07332741708508589,1.661271643403276,0.24089753526951235,-0.0730729833318539,1.6609761099930531,0.24089753526951235,-0.0730729833318539,1.6609761099930531,0.0,0.0,0.0,6.877740587325217,0.11462900978875362
1.006,0.2612630719582954,-0.07333842610003286,1.6612857039363278,0.24089753526951235,-0.0730729833318539,1.6609761099930531,0.24089753526951235,-0.0730729833318539,1.6609761099930531,0.0,0.0,0.0,6.739796443722545,0.11232994072870908
1.007,0.2612164205265738,-0.07335178076260496,1.6613027091960613,0.24089753526951235,-0.0730729833318539,1.6609761099930531,0.24089753526951235,-0.0730729833318539,1.6609761099930531,0.0,0.0,0.0,6.6095757681568035,0.11015959613594672
1.0079999999999998,0.26116473078789837,-0.07336726706104947,1.6613224009963086,0.24089753526951235,-0.0730729833318539,1.6609761099930531,0.24089753526951235,-0.0730729833318539,1.6609761099930531,0.0,0.0,0.0,6.486629317894124,0.10811048863156873
1.0089999999999997,0.2611082968816786,-0.07338468475103549,1.6613445374117113,0.24089753526951235,-0.0730729833318539,1.6609761099930531,0.24089753526951235,-0.0730729833318539,1.6609761099930531,0.0,0.0,0.0,6.3705361435533625,0.10617560239255604
1.0099999999999996,0.261047396481188,-0.07340384649809677,1.661368891685642,0.24089753526951235,-0.0730729833318539,1.6609761099930531,0.24089753526951235,-0.0730729833318539,1.6609761099930531,0.0,0.0,0.0,6.260901938346292,0.10434836563910486
1.0109999999999995,0.2609822917191635,-0.07342457707838845,1.661395251202843,0.24089753526951235,-0.0730729833318539,1.6609761099930531,0.24089753526951235,-0.0730729833318539,1.6609761099930531,0.0,0.0,0.0,6.157357400012208,0.1026226233335368
1.0119999999999993,0.260913230055266,-0.07344671263342833,1.6614234165293784,0.24089753526951235,-0.0730729833318539,1.6609761099930531,0.24089753526951235,-0.0730729833318539,1.6609761099930531,0.0,0.0,0.0,6.0595566134937275,0.10099261022489546
1.0129999999999992,0.26084044509141213,-0.07347009997476933,1.6614532005210005,0.24089753526951235,-0.0730729833318539,1.6609761099930531,0.24089753526951235,-0.0730729833318539,1.6609761099930531,0.0,0.0,0.0,5.96717546875305,0.0994529244792175
1.0139999999999991,0.26076415734017727,-0.07349459593480842,1.661484427499689,0.24089753526951235,-0.0730729833318539,1.6609761099930531,0.24089753526951235,-0.0730729833318539,1.6609761099930531,0.0,0.0,0.0,5.8799101283438935,0.09799850213906489
1.014999999999999,0.26068457495073954,-0.07352006676018091,1.6615169324969057,0.24089753526951235,-0.0730729833318539,1.6609761099930531,0.24089753526951235,-0.0730729833318539,1.6609761099930531,0.0,0.0,0.0,5.797475557768832,0.09662459262948055
1.015999999999999,0.26060189439615344,-0.07354638754445006,1.6615505605610934,0.24089753526951235,-0.0730729833318539,1.6609761099930531,0.24089753526951235,-0.0730729833318539,1.6609761099930531,0.0,0.0,0.0,5.719604129489455,0.09532673549149091
1.0169999999999988,0.2605163011251425,-0.07357344169702566,1.6615851661260903,0.24089753526951235,-0.0730729833318539,1.6609761099930531,0.24089753526951235,-0.0730729833318539,1.6609761099930531,0.0,0.0,0.0,5.646044309063958,0.0941007384843993
1.0179999999999987,0.2604279701810597,-0.07360112044549902,1.6616206124364832,0.24089753526951235,-0.0730729833318539,1.6609761099930531,0.24089753526951235,-0.0730729833318539,1.6609761099930531,0.0,0.0,0.0,5.576559429464598,0.09294265715774329
1.0189999999999986,0.2603370667901971,-0.07362932236879074,1.6616567710254495,0.24089753526951235,-0.0730729833318539,1.6609761099930531,0.24089753526951235,-0.0730729833318539,1.6609761099930531,0.0,0.0,0.0,5.510926557257941,0.09184877595429901
1.0199999999999985,0.26024374692122937,-0.07365795295873848,1.66169352124033,0.24089753526951235,-0.0730729833318539,1.6609761099930531,0.24089753526951235,-0.0730729833318539,1.6609761099930531,0.0,0.0,0.0,5.44893545211236,0.09081559086853933
1.0209999999999984,0.2601481578172493,-0.07368692420795184,1.6617307498110514,0.24089753526951235,-0.0730729833318539,1.6609761099930531,0.24089753526951235,-0.0730729833318539,1.6609761099930531,0.0,0.0,0.0,5.390387619066319,0.08983979365110531
1.0219999999999982,0.2600504385015808,-0.07371615422195973,1.6617683504565097,0.24089753526951235,-0.0730729833318539,1.6609761099930531,0.24089753526951235,-0.0730729833318539,1.6609761099930531,0.0,0.0,0.0,5.335095451207937,0.08891825752013229
1.0229999999999981,0.25995072025836186,-0.07374556685386101,1.66180622352417,0.24089753526951235,-0.0730729833318539,1.6609761099930531,0.24089753526951235,-0.0730729833318539,1.6609761099930531,0.0,0.0,0.0,5.28288145889254,0.08804802431487566
1.023999999999998,0.2598491270887251,-0.07377509135985777,1.6618442756583618,0.24089753526951235,-0.0730729833318539,1.6609761099930531,0.24089753526951235,-0.0730729833318539,1.6609761099930531,0.0,0.0,0.0,5.233577580394027,0.08722629300656712
1.024999999999998,0.25974577614330474,-0.07380466207422097,1.6618824194930728,0.24089753526951235,-0.0730729833318539,1.6609761099930531,0.24089753526951235,-0.0730729833318539,1.6609761099930531,0.0,0.0,0.0,5.187024567929458,0.08645040946549097
1.0259999999999978,0.25964077813173747,-0.07383421810236743,1.6619205733654265,0.24089753526951235,-0.0730729833318539,1.6609761099930531,0.24089753526951235,-0.0730729833318539,1.6609761099930531,0.0,0.0,0.0,5.143071442332066,0.0857178573722011
1.0269999999999977,0.259534237709784,-0.07386370303088048,1.6619586610464423,0.24089753526951235,-0.0730729833318539,1.6609761099930531,0.24089753526951235,-0.0730729833318539,1.6609761099930531,0.0,0.0,0.0,5.101575009235795,0.08502625015392991
1.0279999999999976,0.25942625384470086,-0.07389306465341715,1.6619966114861335,0.24089753526951235,-0.0730729833318539,1.6609761099930531,0.24089753526951235,-0.0730729833318539,1.6609761099930531,0.0,0.0,0.0,5.06239942947761,0.08437332382462684
1.0289999999999975,0.25931692015950725,-0.0739222547115554,1.6620343585704462,0.24089753526951235,-0.0730729833318539,1.6609761099930531,0.24089753526951235,-0.0730729833318539,1.6609761099930531,0.0,0.0,0.0,5.025415836476992,0.08375693060794988
1.0299999999999974,0.2592063252568149,-0.0739512286497396,1.6620718408879815,0.24089753526951235,-0.0730729833318539,1.6609761099930531,0.24089753526951235,-0.0730729833318539,1.6609761099930531,0.0,0.0,0.0,4.9905019935934,0.08317503322655666
1.0309999999999973,0.2590945530229344,-0.07397994538355764,1.6621090015048758,0.24089753526951235,-0.0730729833318539,1.6609761099930531,0.24089753526951235,-0.0730729833318539,1.6609761099930531,0.0,0.0,0.0,4.9575419848621385,0.08262569974770231
1.0319999999999971,0.25898168291301316,-0.0740083670806717,1.662145787746614,0.24089753526951235,-0.0730729833318539,1.6609761099930531,0.24089753526951235,-0.0730729833318539,1.6609761099930531,0.0,0.0,0.0,4.9264259330280185,0.08210709888380031
1.032999999999997,0.2588677902179944,-0.07403645895377677,1.6621821509858818,0.24089753526951235,-0.0730729833318539,1.6609761099930531,0.24089753526951235,-0.0730729833318539,1.6609761099930531,0.0,0.0,0.0,4.897049739405151,0.08161749565675253
1.033999999999997,0.2587529463142392,-0.07406418906502896,1.6622180464359093,0.24089753526951235,-0.0730729833318539,1.6609761099930531,0.24089753526951235,-0.0730729833318539,1.6609761099930531,0.0,0.0,0.0,4.869314840760354,0.0811552473460059
1.0349999999999968,0.2586372188966733,-0.07409152814142247,1.6622534329489997,0.24089753526951235,-0.0730729833318539,1.6609761099930531,0.24089753526951235,-0.0730729833318539,1.6609761099930531,0.0,0.0,0.0,4.843127979118988,0.08071879965198313
1.0359999999999967,0.25852067219635516,-0.0741184494006417,1.6622882728201698,0.24089753526951235,-0.0730729833318539,1.6609761099930531,0.24089753526951235,-0.0730729833318539,1.6609761099930531,0.0,0.0,0.0,4.818400981093499,0.080306683018225
1.0369999999999966,0.2584033671833732,-0.07414492838694262,1.662322531595995,0.24089753526951235,-0.0730729833318539,1.6609761099930531,0.24089753526951235,-0.0730729833318539,1.6609761099930531,0.0,0.0,0.0,4.795050544025177,0.07991750906708628
1.0379999999999965,0.2582853617559865,-0.07417094281664278,1.662356177888884,0.24089753526951235,-0.0730729833318539,1.6609761099930531,0.24089753526951235,-0.0730729833318539,1.6609761099930531,0.0,0.0,0.0,4.772998026877563,0.07954996711462604
1.0389999999999964,0.25816671091692267,-0.07419647243282315,1.6623891831970852,0.24089753526951235,-0.0730729833318539,1.6609761099930531,0.24089753526951235,-0.0730729833318539,1.6609761099930531,0.0,0.0,0.0,4.752169244420957,0.07920282074034928
1.0399999999999963,0.2580474669377292,-0.07422149886885795,1.6624215217307805,0.24089753526951235,-0.0730729833318539,1.6609761099930531,0.24089753526951235,-0.0730729833318539,1.6609761099930531,0.0,0.0,0.0,4.732494263786895,0.07887490439644826
1.0409999999999962,0.25792767951205514,-0.07424600552040206,1.662453170244637,0.24089753526951235,-0.0730729833318539,1.6609761099930531,0.24089753526951235,-0.0730729833318539,1.6609761099930531,0.0,0.0,0.0,4.713907202937066,0.0785651200489511
1.041999999999996,0.2578073958987057,-0.07426997742547055,1.6624841078771588,0.24089753526951235,-0.0730729833318539,1.6609761099930531,0.24089753526951235,-0.0730729833318539,1.6609761099930531,0.0,0.0,0.0,4.6963460309831495,0.07827243384971916
1.042999999999996,0.2576866610552811,-0.07429340115225753,1.6625143159971565,0.24089753526951235,-0.0730729833318539,1.6609761099930531,0.24089753526951235,-0.0730729833318539,1.6609761099930531,0.0,0.0,0.0,4.679752370617588,0.07799587284362647
1.0439999999999958,0.2575655177631592,-0.07431626469433886,1.662543778057601,0.24089753526951235,-0.0730729833318539,1.6609761099930531,0.24089753526951235,-0.0730729833318539,1.6609761099930531,0.0,0.0,0.0,4.664071303152554,0.07773452171920922
1.0449999999999957,0.25744400674453816,-0.07433855737291027,1.6625724794570271,0.24089753526951235,-0.0730729833318539,1.6609761099930531,0.24089753526951235,-0.0730729833318539,1.6609761099930531,0.0,0.0,0.0,4.649251176838237,0.07748751961397062
1.0459999999999956,0.25732216677220665,-0.07436026974571427,1.6626004074086218,0.24089753526951235,-0.0730729833318539,1.6609761099930531,0.24089753526951235,-0.0730729833318539,1.6609761099930531,0.0,0.0,0.0,4.635243419246771,0.07725405698744618
1.0469999999999955,0.25720003477264963,-0.07438139352230988,1.6626275508170139,0.24089753526951235,-0.0730729833318539,1.6609761099930531,0.24089753526951235,-0.0730729833318539,1.6609761099930531,0.0,0.0,0.0,4.622002354540979,0.07703337257568298
1.0479999999999954,0.2570776459230471,-0.07440192148534092,1.662653900162715,0.24089753526951235,-0.0730729833318539,1.6609761099930531,0.24089753526951235,-0.0730729833318539,1.6609761099930531,0.0,0.0,0.0,4.6094850264608045,0.0768247504410134
1.0489999999999953,0.25695503374267625,-0.07442184741746749,1.6626794473940922,0.24089753526951235,-0.0730729833318539,1.6609761099930531,0.24089753526951235,-0.0730729833318539,1.6609761099930531,0.0,0.0,0.0,4.597651027805347,0.07662751713008913
1.0499999999999952,0.2568322301791621,-0.07444116603361754,1.6627041858266631,0.24089753526951235,-0.0730729833318539,1.6609761099930531,0.24089753526951235,-0.0730729833318539,1.6609761099930531,0.0,0.0,0.0,4.586462337108288,0.0764410389518048
1.050999999999995,0.25670926568998603,-0.07445987291822982,1.6627281100494617,0.24089753526951235,-0.0730729833318539,1.6609761099930531,0.24089753526951235,-0.0730729833318539,1.6609761099930531,0.0,0.0,0.0,4.575883163103585,0.07626471938505976
1.051999999999995,0.2565861693196102,-0.07447796446716494,1.6627512158381448,0.24089753526951235,-0.0730729833318539,1.6609761099930531,0.24089753526951235,-0.0730729833318539,1.6609761099930531,0.0,0.0,0.0,4.565879797448362,0.07609799662413937
1.0529999999999948,0.25646296877253016,-0.07449543783395794,1.6627735000744934,0.24089753526951235,-0.0730729833318539,1.6609761099930531,0.24089753526951235,-0.0730729833318539,1.6609761099930531,0.0,0.0,0.0,4.5564204760404685,0.07594034126734114
1.0539999999999947,0.25633969048253147,-0.0745122908801083,1.6627949606719046,0.24089753526951235,-0.0730729833318539,1.6609761099930531,0.24089753526951235,-0.0730729833318539,1.6609761099930531,0.0,0.0,0.0,4.547475249121736,0.07579125415202893
1.0549999999999946,0.256216359678396,-0.07452852212910283,1.662815596506459,0.24089753526951235,-0.0730729833318539,1.6609761099930531,0.24089753526951235,-0.0730729833318539,1.6609761099930531,0.0,0.0,0.0,4.539015860229266,0.07565026433715442
1.0559999999999945,0.2560930004462647,-0.07454413072388175,1.6628354073531464,0.24089753526951235,-0.0730729833318539,1.6609761099930531,0.24089753526951235,-0.0730729833318539,1.6609761099930531,0.0,0.0,0.0,4.5310156339207195,0.07551692723201199
1.0569999999999944,0.2559696357888441,-0.07455911638746902,1.6628543938268052,0.24089753526951235,-0.0730729833318539,1.6609761099930531,0.24089753526951235,-0.0730729833318539,1.6609761099930531,0.0,0.0,0.0,4.523449372081958,0.07539082286803264
1.0579999999999943,0.25584628768161616,-0.0745734793865045,1.66287255732736,0.24089753526951235,-0.0730729833318539,1.6609761099930531,0.24089753526951235,-0.0730729833318539,1.6609761099930531,0.0,0.0,0.0,4.516293258519279,0.07527155430865465
1.0589999999999942,0.25572297712619835,-0.07458722049742492,1.6628898999889457,0.24089753526951235,-0.0730729833318539,1.6609761099930531,0.24089753526951235,-0.0730729833318539,1.6609761099930531,0.0,0.0,0.0,4.509524771452279,0.07515874619087132
1.059999999999994,0.25559972420097915,-0.07460034097505658,1.6629064246325342,0.24089753526951235,-0.0730729833318539,1.6609761099930531,0.24089753526951235,-0.0730729833318539,1.6609761099930531,0.0,0.0,0.0,4.503122603442351,0.07505204339070584
1.060999999999994,0.25547654810914794,-0.07461284252340228,1.6629221347216827,0.24089753526951235,-0.0730729833318539,1.6609761099930531,0.24089753526951235,-0.0730729833318539,1.6609761099930531,0.0,0.0,0.0,4.49706658824589,0.07495110980409816
1.0619999999999938,0.25535346722422614,-0.07462472726841346,1.662937034321093,0.24089753526951235,-0.0730729833318539,1.6609761099930531,0.24089753526951235,-0.0730729833318539,1.6609761099930531,0.0,0.0,0.0,4.49133763404034,0.07485562723400567
1.0629999999999937,0.25523049913319784,-0.07463599773256237,1.6629511280576534,0.24089753526951235,-0.0730729833318539,1.6609761099930531,0.24089753526951235,-0.0730729833318539,1.6609761099930531,0.0,0.0,0.0,4.485917662446519,0.07476529437410864
1.0639999999999936,0.25510766067733937,-0.07464665681103838,1.6629644210837131,0.24089753526951235,-0.0730729833318539,1.6609761099930531,0.24089753526951235,-0.0730729833318539,1.6609761099930531,0.0,0.0,0.0,4.4807895527735955,0.07467982587955993
1.0649999999999935,0.2549849679908363,-0.07465670774941,1.6629769190423398,0.24089753526951235,-0.0730729833318539,1.6609761099930531,0.24089753526951235,-0.0730729833318539,1.6609761099930531,0.0,0.0,0.0,4.475937090912458,0.07459895151520764
1.0659999999999934,0.2548624365372814,-0.07466615412261365,1.6629886280343595,0.24089753526951235,-0.0730729833318539,1.6609761099930531,0.24089753526951235,-0.0730729833318539,1.6609761099930531,0.0,0.0,0.0,4.471344922332194,0.07452241537220324
1.0669999999999933,0.2547400811441402,-0.07467499981513906,1.662999554587008,0.24089753526951235,-0.0730729833318539,1.6609761099930531,0.24089753526951235,-0.0730729833318539,1.6609761099930531,0.0,0.0,0.0,4.466998508658295,0.07444997514430492
1.0679999999999932,0.2546179160352734,-0.07468324900229836,1.6630097056240445,0.24089753526951235,-0.0730729833318539,1.6609761099930531,0.24089753526951235,-0.0730729833318539,1.6609761099930531,0.0,0.0,0.0,4.462884087351763,0.07438140145586272
1.068999999999993,0.25449595486160576,-0.07469090613247853,1.6630190884372185,0.24089753526951235,-0.0730729833318539,1.6609761099930531,0.24089753526951235,-0.0730729833318539,1.6609761099930531,0.0,0.0,0.0,4.458988634055517,0.07431647723425862
1.069999999999993,0.2543742107300272,-0.07469797591029298,1.6630277106589888,0.24089753526951235,-0.0730729833318539,1.6609761099930531,0.24089753526951235,-0.0730729833318539,1.6609761099930531,0.0,0.0,0.0,4.455299827215371,0.07425499712025618
1.0709999999999928,0.25425269623061686,-0.07470446328054842,1.663035580236427,0.24089753526951235,-0.0730729833318539,1.6609761099930531,0.24089753526951235,-0.0730729833318539,1.6609761099930531,0.0,0.0,0.0,4.451806014640008,0.0741967669106668
1.0719999999999927,0.2541314234622736,-0.07471037341297283,1.6630427054062458,0.24089753526951235,-0.0730729833318539,1.6609761099930531,0.24089753526951235,-0.0730729833318539,1.6609761099930531,0.0,0.0,0.0,4.448496181710097,0.07414160302850162
1.0729999999999926,0.25401040405684394,-0.07471571168763871,1.6630490946709182,0.24089753526951235,-0.0730729833318539,1.6609761099930531,0.24089753526951235,-0.0730729833318539,1.6609761099930531,0.0,0.0,0.0,4.445359920995446,0.07408933201659076
1.0739999999999925,0.2538896492018299,-0.07472048368103777,1.663054756775852,0.24089753526951235,-0.0730729833318539,1.6609761099930531,0.24089753526951235,-0.0730729833318539,1.6609761099930531,0.0,0.0,0.0,4.4423874030887776,0.07403979005147962
1.0749999999999924,0.2537691696617579,-0.07472469515277078,1.6630597006875951,0.24089753526951235,-0.0730729833318539,1.6609761099930531,0.24089753526951235,-0.0730729833318539,1.6609761099930531,0.0,0.0,0.0,4.439569348503413,0.07399282247505688
1.0759999999999923,0.25364897579830026,-0.0747283520328122,1.6630639355730696,0.24089753526951235,-0.0730729833318539,1.6609761099930531,0.24089753526951235,-0.0730729833318539,1.6609761099930531,0.0,0.0,0.0,4.436897000525632,0.07394828334209387
1.0769999999999922,0.25352907758921217,-0.07473146040932684,1.6630674707798037,0.24089753526951235,-0.0730729833318539,1.6609761099930531,0.24089753526951235,-0.0730729833318539,1.6609761099930531,0.0,0.0,0.0,4.4343620989401344,0.07390603498233557
1.077999999999992,0.25340948464617824,-0.07473402651701383,1.6630703158171694,0.24089753526951235,-0.0730729833318539,1.6609761099930531,0.24089753526951235,-0.0730729833318539,1.6609761099930531,0.0,0.0,0.0,4.431956854584817,0.07386594757641361
1.078999999999992,0.25329020623162385,-0.07473605672595525,1.6630724803385957,0.24089753526951235,-0.0730729833318539,1.6609761099930531,0.24089753526951235,-0.0730729833318539,1.6609761099930531,0.0,0.0,0.0,4.429673924705114,0.07382789874508523
1.0799999999999919,0.253171251274573,-0.0747375575309572,1.6630739741247593,0.24089753526951235,-0.0730729833318539,1.6609761099930531,0.24089753526951235,-0.0730729833318539,1.6609761099930531,0.0,0.0,0.0,4.42750638910662,0.073791773151777
1.0809999999999917,0.25305262838561315,-0.0747385355413647,1.6630748070677308,0.24089753526951235,-0.0730729833318539,1.6609761099930531,0.24089753526951235,-0.0730729833318539,1.6609761099930531,0.0,0.0,0.0,4.425447727110847,0.07375746211851412
1.0819999999999916,0.2529343458710241,-0.07473899747133891,1.663074989156056,0.24089753526951235,-0.0730729833318539,1.6609761099930531,0.24089753526951235,-0.0730729833318539,1.6609761099930531,0.0,0.0,0.0,4.423491795333731,0.07372486325556218
1.0829999999999915,0.25281641174613756,-0.07473895013058542,1.6630745304607548,0.24089753526951235,-0.0730729833318539,1.6609761099930531,0.24089753526951235,-0.0730729833318539,1.6609761099930531,0.0,0.0,0.0,4.42163280630985,0.07369388010516416
1.0839999999999914,0.25269883374797086,-0.07473840041551895,1.6630734411222072,0.24089753526951235,-0.0730729833318539,1.6609761099930531,0.24089753526951235,-0.0730729833318539,1.6609761099930531,0.0,0.0,0.0,4.419865307988166,0.07366442179980277
1.0849999999999913,0.25258161934718687,-0.07473735530085737,1.6630717313378989,0.24089753526951235,-0.0730729833318539,1.6609761099930531,0.24089753526951235,-0.0730729833318539,1.6609761099930531,0.0,0.0,0.0,4.418184164122603,0.07363640273537671
1.0859999999999912,0.2524647757594281,-0.07473582183162988,1.6630694113509896,0.24089753526951235,-0.0730729833318539,1.6609761099930531,0.24089753526951235,-0.0730729833318539,1.6609761099930531,0.0,0.0,0.0,4.416584535579919,0.07360974225966532
1.086999999999991,0.2523483099560616,-0.07473380711558891,1.6630664914396736,0.24089753526951235,-0.0730729833318539,1.6609761099930531,0.24089753526951235,-0.0730729833318539,1.6609761099930531,0.0,0.0,0.0,4.41506186257993,0.07358436437633216
1.087999999999991,0.25223222867437595,-0.07473131831601568,1.6630629819072904,0.24089753526951235,-0.0730729833318539,1.6609761099930531,0.24089753526951235,-0.0730729833318539,1.6609761099930531,0.0,0.0,0.0,4.413611847876855,0.07356019746461426
1.0889999999999909,0.25211653842725934,-0.07472836264490135,1.6630588930731436,0.24089753526951235,-0.0730729833318539,1.6609761099930531,0.24089753526951235,-0.0730729833318539,1.6609761099930531,0.0,0.0,0.0,4.4122304408836435,0.0735371740147274
1.0899999999999908,0.25200124551239717,-0.07472494735649575,1.663054235263987,0.24089753526951235,-0.0730729833318539,1.6609761099930531,0.24089753526951235,-0.0730729833318539,1.6609761099930531,0.0,0.0,0.0,4.410913822731799,0.07351523037886332
1.0909999999999906,0.25188635602100934,-0.07472107974120856,1.6630490188061404,0.24089753526951235,-0.0730729833318539,1.6609761099930531,0.24089753526951235,-0.0730729833318539,1.6609761099930531,0.0,0.0,0.0,4.409658392254991,0.07349430653758318
1.0919999999999905,0.25177187584615923,-0.07471676711984303,1.6630432540181836,0.24089753526951235,-0.0730729833318539,1.6609761099930531,0.24089753526951235,-0.0730729833318539,1.6609761099930531,0.0,0.0,0.0,4.408460752870486,0.07347434588117477
1.0929999999999904,0.2516578106906535,-0.0747120168381556,1.6630369512041943,0.24089753526951235,-0.0730729833318539,1.6609761099930531,0.24089753526951235,-0.0730729833318539,1.6609761099930531,0.0,0.0,0.0,4.407317700332408,0.07345529500554013
1.0939999999999903,0.251544166074558,-0.07470683626172005,1.6630301206474873,0.24089753526951235,-0.0730729833318539,1.6609761099930531,0.24089753526951235,-0.0730729833318539,1.6609761099930531,0.0,0.0,0.0,4.406226211321436,0.07343710352202394
1.0949999999999902,0.25143094734234334,-0.07470123277108237,1.6630227726048141,0.24089753526951235,-0.0730729833318539,1.6609761099930531,0.24089753526951235,-0.0730729833318539,1.6609761099930531,0.0,0.0,0.0,4.405183432828337,0.07341972388047228
1.09599999999999,0.25131815966968496,-0.07469521375719158,1.6630149173009847,0.24089753526951235,-0.0730729833318539,1.6609761099930531,0.24089753526951235,-0.0730729833318539,1.6609761099930531,0.0,0.0,0.0,4.404186672289949,0.07340311120483249
1.09699999999999,0.25120580806992987,-0.07468878661708808,1.6630065649238868,0.24089753526951235,-0.0730729833318539,1.6609761099930531,0.24089753526951235,-0.0730729833318539,1.6609761099930531,0.0,0.0,0.0,4.403233388427781,0.07338722314046302
1.0979999999999899,0.2510938974002447,-0.07468195874983666,1.6629977256198483,0.24089753526951235,-0.0730729833318539,1.6609761099930531,0.24089753526951235,-0.0730729833318539,1.6609761099930531,0.0,0.0,0.0,4.402321182740036,0.07337201971233394
1.0989999999999898,0.2509824323674648,-0.07467473755268922,1.6629884094893421,0.24089753526951235,-0.0730729833318539,1.6609761099930531,0.24089753526951235,-0.0730729833318539,1.6609761099930531,0.0,0.0,0.0,4.401447791599514,0.07335746319332523
1.0999999999999897,0.25087141753365505,-0.07466713041745891,1.6629786265829811,0.24089753526951235,-0.0730729833318539,1.6609761099930531,0.24089753526951235,-0.0730729833318539,1.6609761099930531,0.0,0.0,0.0,4.400611078903754,0.07334351798172924
1.1009999999999895,0.25076085732139114,-0.07465914472709433,1.6629683868977911,0.24089753526951235,-0.0730729833318539,1.6609761099930531,0.24089753526951235,-0.0730729833318539,1.6609761099930531,0.0,0.0,0.0,4.399809029229943,0.07333015048716572
1.1019999999999894,0.2506507560187828,-0.07465078785244023,1.6629577003737355,0.24089753526951235,-0.0730729833318539,1.6609761099930531,0.24089753526951235,-0.0730729833318539,1.6609761099930531,0.0,0.0,0.0,4.399039741449418,0.07331732902415695
1.1029999999999893,0.25054111778424343,-0.07464206714916978,1.6629465768904796,0.24089753526951235,-0.0730729833318539,1.6609761099930531,0.24089753526951235,-0.0730729833318539,1.6609761099930531,0.0,0.0,0.0,4.398301422754463,0.07330502371257437
1.1039999999999892,0.2504319466510231,-0.07463298995487803,1.6629350262643665,0.24089753526951235,-0.0730729833318539,1.6609761099930531,0.24089753526951235,-0.0730729833318539,1.6609761099930531,0.0,0.0,0.0,4.397592383056036,0.07329320638426727
1.104999999999989,0.2503232465315106,-0.07462356358632355,1.6629230582455956,0.24089753526951235,-0.0730729833318539,1.6609761099930531,0.24089753526951235,-0.0730729833318539,1.6609761099930531,0.0,0.0,0.0,4.39691102971685,0.07328185049528083
1.105999999999989,0.2502150212213204,-0.07461379533681016,1.6629106825155935,0.24089753526951235,-0.0730729833318539,1.6609761099930531,0.24089753526951235,-0.0730729833318539,1.6609761099930531,0.0,0.0,0.0,4.396255862582537,0.07327093104304229
1.1069999999999889,0.25010727440317293,-0.07460369247369614,1.6628979086845581,0.24089753526951235,-0.0730729833318539,1.6609761099930531,0.24089753526951235,-0.0730729833318539,1.6609761099930531,0.0,0.0,0.0,4.395625469280456,0.0732604244880076
1.1079999999999888,0.2500000096505779,-0.07459326223602422,1.6628847462891767,0.24089753526951235,-0.0730729833318539,1.6609761099930531,0.24089753526951235,-0.0730729833318539,1.6609761099930531,0.0,0.0,0.0,4.395018520760506,0.07325030867934176
1.1089999999999887,0.24989323043133116,-0.07458251183226425,1.6628712047904954,0.24089753526951235,-0.0730729833318539,1.6609761099930531,0.24089753526951235,-0.0730729833318539,1.6609761099930531,0.0,0.0,0.0,4.3944337670531795,0.07324056278421966
1.1099999999999886,0.24978694011083513,-0.07457144843815985,1.662857293571951,0.24089753526951235,-0.0730729833318539,1.6609761099930531,0.24089753526951235,-0.0730729833318539,1.6609761099930531,0.0,0.0,0.0,4.393870033226646,0.07323116722044411
1.1109999999999884,0.24968114195525123,-0.07456007919467399,1.6628430219375387,0.24089753526951235,-0.0730729833318539,1.6609761099930531,0.24089753526951235,-0.0730729833318539,1.6609761099930531,0.0,0.0,0.0,4.393326215522464,0.07322210359204107
1.1119999999999883,0.24957583913449366,-0.07454841120603042,1.6628283991101274,0.24089753526951235,-0.0730729833318539,1.6609761099930531,0.24089753526951235,-0.0730729833318539,1.6609761099930531,0.0,0.0,0.0,4.392801277661631,0.07321335462769385
1.1129999999999882,0.24947103472507265,-0.07453645153783862,1.6628134342299041,0.24089753526951235,-0.0730729833318539,1.6609761099930531,0.24089753526951235,-0.0730729833318539,1.6609761099930531,0.0,0.0,0.0,4.392294247305465,0.07320490412175774
1.113999999999988,0.24936673171279516,-0.07452420721530736,1.6627981363529478,0.24089753526951235,-0.0730729833318539,1.6609761099930531,0.24089753526951235,-0.0730729833318539,1.6609761099930531,0.0,0.0,0.0,4.3918042126649866,0.07319673687774977
1.114999999999988,0.24926293299533175,-0.07451168522153569,1.6627825144499329,0.24089753526951235,-0.0730729833318539,1.6609761099930531,0.24089753526951235,-0.0730729833318539,1.6609761099930531,0.0,0.0,0.0,4.3913303192513595,0.07318883865418932
1.115999999999988,0.24915964138465796,-0.07449889249588362,1.6627665774049492,0.24089753526951235,-0.0730729833318539,1.6609761099930531,0.24089753526951235,-0.0730729833318539,1.6609761099930531,0.0,0.0,0.0,4.390871766761112,0.0731811961126852
1.1169999999999878,0.24905685960937113,-0.07448583593241456,1.6627503340144314,0.24089753526951235,-0.0730729833318539,1.6609761099930531,0.24089753526951235,-0.0730729833318539,1.6609761099930531,0.0,0.0,0.0,4.390427806094568,0.0731737967682428
1.1179999999999877,0.2489545903168988,-0.07447252237841069,1.662733792986212,0.24089753526951235,-0.0730729833318539,1.6609761099930531,0.24089753526951235,-0.0730729833318539,1.6609761099930531,0.0,0.0,0.0,4.389997736502862,0.07316662894171437
1.1189999999999876,0.24885283607559627,-0.07445895863296123,1.6627169629386636,0.24089753526951235,-0.0730729833318539,1.6609761099930531,0.24089753526951235,-0.0730729833318539,1.6609761099930531,0.0,0.0,0.0,4.389580902860282,0.07315968171433804
1.1199999999999875,0.24875159937674646,-0.07444515144561445,1.6626998523999594,0.24089753526951235,-0.0730729833318539,1.6609761099930531,0.24089753526951235,-0.0730729833318539,1.6609761099930531,0.0,0.0,0.0,4.38917669306299,0.07315294488438316
1.1209999999999873,0.24865088263646087,-0.07443110751509924,1.6626824698074172,0.24089753526951235,-0.0730729833318539,1.6609761099930531,0.24089753526951235,-0.0730729833318539,1.6609761099930531,0.0,0.0,0.0,4.388784535548529,0.07314640892580883
1.1219999999999872,0.24855068819749054,-0.07441683348811116,1.6626648235069383,0.24089753526951235,-0.0730729833318539,1.6609761099930531,0.24089753526951235,-0.0730729833318539,1.6609761099930531,0.0,0.0,0.0,4.3884038969373735,0.07314006494895622
1.1229999999999871,0.2484510183309523,-0.07440233595816273,1.6626469217525384,0.24089753526951235,-0.0730729833318539,1.6609761099930531,0.24089753526951235,-0.0730729833318539,1.6609761099930531,0.0,0.0,0.0,4.388034279793543,0.07313390466322572
1.123999999999987,0.24835187523797464,-0.07438762146449521,1.6626287727059488,0.24089753526951235,-0.0730729833318539,1.6609761099930531,0.24089753526951235,-0.0730729833318539,1.6609761099930531,0.0,0.0,0.0,4.387675220499963,0.07312792034166606
1.124999999999987,0.24825326105126225,-0.07437269649105357,1.6626103844363043,0.24089753526951235,-0.0730729833318539,1.6609761099930531,0.24089753526951235,-0.0730729833318539,1.6609761099930531,0.0,0.0,0.0,4.387326287251217,0.07312210478752029
1.1259999999999868,0.24815517783659358,-0.07435756746552034,1.6625917649199002,0.24089753526951235,-0.0730729833318539,1.6609761099930531,0.24089753526951235,-0.0730729833318539,1.6609761099930531,0.0,0.0,0.0,4.386987078154073,0.07311645130256789
1.1269999999999867,0.24805762759424366,-0.07434224075840945,1.6625729220400123,0.24089753526951235,-0.0730729833318539,1.6609761099930531,0.24089753526951235,-0.0730729833318539,1.6609761099930531,0.0,0.0,0.0,4.386657219437828,0.07311095365729714
1.1279999999999866,0.24796061226034427,-0.07432672268221667,1.662553863586784,0.24089753526951235,-0.0730729833318539,1.6609761099930531,0.24089753526951235,-0.0730729833318539,1.6609761099930531,0.0,0.0,0.0,4.386336363768121,0.07310560606280202
1.1289999999999865,0.24786413370818117,-0.07431101949062827,1.6625345972571695,0.24089753526951235,-0.0730729833318539,1.6609761099930531,0.24089753526951235,-0.0730729833318539,1.6609761099930531,0.0,0.0,0.0,4.386024188660784,0.07310040314434639
1.1299999999999863,0.24776819374942954,-0.07429513737778322,1.6625151306549288,0.24089753526951235,-0.0730729833318539,1.6609761099930531,0.24089753526951235,-0.0730729833318539,1.6609761099930531,0.0,0.0,0.0,4.385720394991342,0.07309533991652237
1.1309999999999862,0.2476727941353364,-0.07427908247759041,1.6624954712906763,0.24089753526951235,-0.0730729833318539,1.6609761099930531,0.24089753526951235,-0.0730729833318539,1.6609761099930531,0.0,0.0,0.0,4.385424705595435,0.07309041175992391
1.1319999999999861,0.2475779365578452,-0.07426286086309847,1.6624756265819691,0.24089753526951235,-0.0730729833318539,1.6609761099930531,0.24089753526951235,-0.0730729833318539,1.6609761099930531,0.0,0.0,0.0,4.385136863955566,0.07308561439925944
1.132999999999986,0.2474836226506723,-0.07424647854591378,1.6624556038534437,0.24089753526951235,-0.0730729833318539,1.6609761099930531,0.24089753526951235,-0.0730729833318539,1.6609761099930531,0.0,0.0,0.0,4.384856632969372,0.07308094388282287
1.133999999999986,0.24738985399033306,-0.07422994147567182,1.6624354103369876,0.24089753526951235,-0.0730729833318539,1.6609761099930531,0.24089753526951235,-0.0730729833318539,1.6609761099930531,0.0,0.0,0.0,4.384583793793775,0.07307639656322958
1.1349999999999858,0.24729663209712105,-0.07421325553955387,1.6624150531719435,0.24089753526951235,-0.0730729833318539,1.6609761099930531,0.24089753526951235,-0.0730729833318539,1.6609761099930531,0.0,0.0,0.0,4.384318144760225,0.07307196907933708
1.1359999999999857,0.24720395843604545,-0.07419642656185016,1.6623945394053525,0.24089753526951235,-0.0730729833318539,1.6609761099930531,0.24089753526951235,-0.0730729833318539,1.6609761099930531,0.0,0.0,0.0,4.384059500357706,0.0730676583392951
1.1369999999999856,0.24711183441772094,-0.0741794603035676,1.6623738759922209,0.24089753526951235,-0.0730729833318539,1.6609761099930531,0.24089753526951235,-0.0730729833318539,1.6609761099930531,0.0,0.0,0.0,4.38380769027541,0.07306346150459017
1.1379999999999855,0.24702026139922564,-0.07416236246208098,1.662353069795818,0.24089753526951235,-0.0730729833318539,1.6609761099930531,0.24089753526951235,-0.0730729833318539,1.6609761099930531,0.0,0.0,0.0,4.3835625585046385,0.0730593759750773
1.1389999999999854,0.24692924068491323,-0.07414513867082412,1.6623321275879996,0.24089753526951235,-0.0730729833318539,1.6609761099930531,0.24089753526951235,-0.0730729833318539,1.6609761099930531,0.0,0.0,0.0,4.383323962492184,0.07305539937486973
1.1399999999999852,0.24683877352719227,-0.0741277944990215,1.6623110560495507,0.24089753526951235,-0.0730729833318539,1.6609761099930531,0.24089753526951235,-0.0730729833318539,1.6609761099930531,0.0,0.0,0.0,4.383091772342748,0.0730515295390458
1.1409999999999851,0.2467488611272746,-0.07411033545145818,1.662289861770553,0.24089753526951235,-0.0730729833318539,1.6609761099930531,0.24089753526951235,-0.0730729833318539,1.6609761099930531,0.0,0.0,0.0,4.382865870066659,0.07304776450111099
1.141999999999985,0.24665950463588338,-0.0740927669682839,1.6622685512507718,0.24089753526951235,-0.0730729833318539,1.6609761099930531,0.24089753526951235,-0.0730729833318539,1.6609761099930531,0.0,0.0,0.0,4.382646148868556,0.0730441024811426
1.142999999999985,0.24657070515393692,-0.07407509442485428,1.6622471309000613,0.24089753526951235,-0.0730729833318539,1.6609761099930531,0.24089753526951235,-0.0730729833318539,1.6609761099930531,0.0,0.0,0.0,4.382432512474992,0.0730405418745832
1.1439999999999848,0.24648246373320198,-0.07405732313160214,1.6622256070387862,0.24089753526951235,-0.0730729833318539,1.6609761099930531,0.24089753526951235,-0.0730729833318539,1.6609761099930531,0.0,0.0,0.0,4.3822248744962025,0.07303708124160338
1.1449999999999847,0.24639478137691623,-0.07403945833394394,1.6622039858982582,0.24089753526951235,-0.0730729833318539,1.6609761099930531,0.24089753526951235,-0.0730729833318539,1.6609761099930531,0.0,0.0,0.0,4.382023157822109,0.07303371929703516
1.1459999999999846,0.24630765904038873,-0.07402150521221268,1.6621822736211929,0.24089753526951235,-0.0730729833318539,1.6609761099930531,0.24089753526951235,-0.0730729833318539,1.6609761099930531,0.0,0.0,0.0,4.381827294047868,0.0730304549007978
1.1469999999999845,0.2462210976315738,-0.07400346888162102,1.6621604762621733,0.24089753526951235,-0.0730729833318539,1.6609761099930531,0.24089753526951235,-0.0730729833318539,1.6609761099930531,0.0,0.0,0.0,4.381637222927763,0.07302728704879605
1.1479999999999844,0.24613509801162087,-0.0739853543922517,1.6621385997881326,0.24089753526951235,-0.0730729833318539,1.6609761099930531,0.24089753526951235,-0.0730729833318539,1.6609761099930531,0.0,0.0,0.0,4.381452891856266,0.07302421486427109
1.1489999999999843,0.24604966099540565,-0.07396716672907289,1.662116650078845,0.24089753526951235,-0.0730729833318539,1.6609761099930531,0.24089753526951235,-0.0730729833318539,1.6609761099930531,0.0,0.0,0.0,4.381274255374076,0.07302123758956794
1.1499999999999841,0.24596478735203653,-0.07394891081197905,1.662094632927432,0.24089753526951235,-0.0730729833318539,1.6609761099930531,0.24089753526951235,-0.0730729833318539,1.6609761099930531,0.0,0.0,0.0,4.381101274697529,0.07301835457829214
1.150999999999984,0.24588047780534328,-0.07393059149585339,1.6620725540408772,0.24089753526951235,-0.0730729833318539,1.6609761099930531,0.24089753526951235,-0.0730729833318539,1.6609761099930531,0.0,0.0,0.0,4.3809339172702595,0.07301556528783766
1.151999999999984,0.24579673303435023,-0.07391221357065539,1.6620504190405503,0.24089753526951235,-0.0730729833318539,1.6609761099930531,0.24089753526951235,-0.0730729833318539,1.6609761099930531,0.0,0.0,0.0,4.380772156337085,0.07301286927228474
1.1529999999999838,0.24571355367372766,-0.07389378176152583,1.6620282334627452,0.24089753526951235,-0.0730729833318539,1.6609761099930531,0.24089753526951235,-0.0730729833318539,1.6609761099930531,0.0,0.0,0.0,4.380615970538121,0.07301026617563534
1.1539999999999837,0.2456309403142301,-0.07387530072891466,1.6620060027592227,0.24089753526951235,-0.0730729833318539,1.6609761099930531,0.24089753526951235,-0.0730729833318539,1.6609761099930531,0.0,0.0,0.0,4.380465343522094,0.07300775572536825
1.1549999999999836,0.2455488935031184,-0.07385677506872637,1.6619837322977626,0.24089753526951235,-0.0730729833318539,1.6609761099930531,0.24089753526951235,-0.0730729833318539,1.6609761099930531,0.0,0.0,0.0,4.38032026357888,0.07300533772631466
1.1559999999999835,0.24546741374456943,-0.07383820931248417,1.6619614273627281,0.24089753526951235,-0.0730729833318539,1.6609761099930531,0.24089753526951235,-0.0730729833318539,1.6609761099930531,0.0,0.0,0.0,4.3801807232909855,0.07300301205484976
1.1569999999999834,0.24538650150006747,-0.07381960792751024,1.6619390931556255,0.24089753526951235,-0.0730729833318539,1.6609761099930531,0.24089753526951235,-0.0730729833318539,1.6609761099930531,0.0,0.0,0.0,4.380046719201763,0.07300077865336271
1.1579999999999833,0.24530615718879245,-0.0738009753171242,1.6619167347956891,0.24089753526951235,-0.0730729833318539,1.6609761099930531,0.24089753526951235,-0.0730729833318539,1.6609761099930531,0.0,0.0,0.0,4.37991825149907,0.0729986375249845
1.1589999999999832,0.24522638118798537,-0.07378231582085515,1.6618943573204559,0.24089753526951235,-0.0730729833318539,1.6609761099930531,0.24089753526951235,-0.0730729833318539,1.6609761099930531,0.0,0.0,0.0,4.379795323720615,0.07299658872867693
1.159999999999983,0.2451471738333118,-0.07376363371466996,1.6618719656863539,0.24089753526951235,-0.0730729833318539,1.6609761099930531,0.24089753526951235,-0.0730729833318539,1.6609761099930531,0.0,0.0,0.0,4.379677942469283,0.07299463237448806
1.160999999999983,0.2450685354192113,-0.07374493321121456,1.6618495647692937,0.24089753526951235,-0.0730729833318539,1.6609761099930531,0.24089753526951235,-0.0730729833318539,1.6609761099930531,0.0,0.0,0.0,4.37956611714671,0.07299276861911183
1.1619999999999828,0.2449904661992363,-0.07372621846006891,1.661827159365264,0.24089753526951235,-0.0730729833318539,1.6609761099930531,0.24089753526951235,-0.0730729833318539,1.6609761099930531,0.0,0.0,0.0,4.379459859701087,0.07299099766168478
1.1629999999999827,0.24491296638638646,-0.07370749354801581,1.6618047541909358,0.24089753526951235,-0.0730729833318539,1.6609761099930531,0.24089753526951235,-0.0730729833318539,1.6609761099930531,0.0,0.0,0.0,4.379359184388548,0.07298931973980913
1.1639999999999826,0.2448360361534298,-0.07368876249932005,1.661782353884261,0.24089753526951235,-0.0730729833318539,1.6609761099930531,0.24089753526951235,-0.0730729833318539,1.6609761099930531,0.0,0.0,0.0,4.379264107548655,0.07298773512581093
1.1649999999999825,0.2447596756332195,-0.07367002927602019,1.6617599630050863,0.24089753526951235,-0.0730729833318539,1.6609761099930531,0.24089753526951235,-0.0730729833318539,1.6609761099930531,0.0,0.0,0.0,4.379174647392706,0.07298624412321177
1.1659999999999824,0.24468388491900223,-0.07365129777823033,1.661737586035758,0.24089753526951235,-0.0730729833318539,1.6609761099930531,0.24089753526951235,-0.0730729833318539,1.6609761099930531,0.0,0.0,0.0,4.379090823803707,0.07298484706339511
1.1669999999999823,0.24460866406472154,-0.07363257184445479,1.661715227381741,0.24089753526951235,-0.0730729833318539,1.6609761099930531,0.24089753526951235,-0.0730729833318539,1.6609761099930531,0.0,0.0,0.0,4.379012658149395,0.07298354430248992
1.1679999999999822,0.2445340130853107,-0.07361385525190806,1.6616928913722269,0.24089753526951235,-0.0730729833318539,1.6609761099930531,0.24089753526951235,-0.0730729833318539,1.6609761099930531,0.0,0.0,0.0,4.378940173104315,0.07298233621840525
1.168999999999982,0.24445993195698693,-0.07359515171684998,1.66167058226076,0.24089753526951235,-0.0730729833318539,1.6609761099930531,0.24089753526951235,-0.0730729833318539,1.6609761099930531,0.0,0.0,0.0,4.378873392485161,0.07298122320808602
1.169999999999982,0.2443864206175333,-0.07357646489492398,1.6616483042258476,0.24089753526951235,-0.0730729833318539,1.6609761099930531,0.24089753526951235,-0.0730729833318539,1.6609761099930531,0.0,0.0,0.0,4.37881234109276,0.07298020568487934
1.1709999999999818,0.2443134789665808,-0.0735577983815084,1.6616260613715834,0.24089753526951235,-0.0730729833318539,1.6609761099930531,0.24089753526951235,-0.0730729833318539,1.6609761099930531,0.0,0.0,0.0,4.3787570445668695,0.0729792840761145
1.1719999999999817,0.24424110686588335,-0.0735391557120729,1.6616038577282672,0.24089753526951235,-0.0730729833318539,1.6609761099930531,0.24089753526951235,-0.0730729833318539,1.6609761099930531,0.0,0.0,0.0,4.378707529247266,0.07297845882078777
1.1729999999999816,0.2441693041395892,-0.07352054036254299,1.6615816972530257,0.24089753526951235,-0.0730729833318539,1.6609761099930531,0.24089753526951235,-0.0730729833318539,1.6609761099930531,0.0,0.0,0.0,4.378663822043981,0.07297773036739968
1.1739999999999815,0.24409807057451055,-0.07350195574967312,1.6615595838304342,0.24089753526951235,-0.0730729833318539,1.6609761099930531,0.24089753526951235,-0.0730729833318539,1.6609761099930531,0.0,0.0,0.0,4.378625950315976,0.07297709917193293
1.1749999999999814,0.24402740592038713,-0.07348340523142438,1.6615375212731396,0.24089753526951235,-0.0730729833318539,1.6609761099930531,0.24089753526951235,-0.0730729833318539,1.6609761099930531,0.0,0.0,0.0,4.378593941756048,0.07297656569593412
1.1759999999999813,0.24395730989014897,-0.07346489210735,1.6615155133224797,0.24089753526951235,-0.0730729833318539,1.6609761099930531,0.24089753526951235,-0.0730729833318539,1.6609761099930531,0.0,0.0,0.0,4.378567824282705,0.07297613040471175
1.1769999999999812,0.24388778216017315,-0.07344641961898528,1.6614935636491057,0.24089753526951235,-0.0730729833318539,1.6609761099930531,0.24089753526951235,-0.0730729833318539,1.6609761099930531,0.0,0.0,0.0,4.378547625938692,0.07297579376564486
1.177999999999981,0.24381882237054392,-0.07342799095024476,1.6614716758536037,0.24089753526951235,-0.0730729833318539,1.6609761099930531,0.24089753526951235,-0.0730729833318539,1.6609761099930531,0.0,0.0,0.0,4.378533374798714,0.07297555624664523
1.178999999999981,0.24375043012530465,-0.07340960922782314,1.661449853467113,0.24089753526951235,-0.0730729833318539,1.6609761099930531,0.24089753526951235,-0.0730729833318539,1.6609761099930531,0.0,0.0,0.0,4.378525098874608,0.0729754183145768
1.1799999999999808,0.24368260499271133,-0.07339127752160154,1.6614280999519484,0.24089753526951235,-0.0730729833318539,1.6609761099930531,0.24089753526951235,-0.0730729833318539,1.6609761099930531,0.0,0.0,0.0,4.378522826034326,0.07297538043390543
1.1809999999999807,0.2436153465054839,-0.0733729988450582,1.6614064187022197,0.24089753526951235,-0.0730729833318539,1.6609761099930531,0.24089753526951235,-0.0730729833318539,1.6609761099930531,0.0,0.0,0.0,4.378526583921699,0.07297544306536166
1.1819999999999806,0.24354865416105484,-0.07335477615568275,1.6613848130444469,0.24089753526951235,-0.0730729833318539,1.6609761099930531,0.24089753526951235,-0.0730729833318539,1.6609761099930531,0.0,0.0,0.0,4.378536399881575,0.07297560666469292
1.1829999999999805,0.2434825274218187,-0.07333661235539572,1.6613632862381793,0.24089753526951235,-0.0730729833318539,1.6609761099930531,0.24089753526951235,-0.0730729833318539,1.6609761099930531,0.0,0.0,0.0,4.378552300889645,0.07297587168149408
1.1839999999999804,0.24341696571537935,-0.07331851029097,1.6613418414766128,0.24089753526951235,-0.0730729833318539,1.6609761099930531,0.24089753526951235,-0.0730729833318539,1.6609761099930531,0.0,0.0,0.0,4.378574313486508,0.07297623855810847
1.1849999999999803,0.24335196843479673,-0.07330047275445528,1.6613204818872034,0.24089753526951235,-0.0730729833318539,1.6609761099930531,0.24089753526951235,-0.0730729833318539,1.6609761099930531,0.0,0.0,0.0,4.3786024637150796,0.07297670772858465
1.1859999999999802,0.24328753493883284,-0.07328250248360818,1.6612992105322804,0.24089753526951235,-0.0730729833318539,1.6609761099930531,0.24089753526951235,-0.0730729833318539,1.6609761099930531,0.0,0.0,0.0,4.378636777062137,0.07297727961770227
1.18699999999998,0.2432236645521971,-0.07326460216232045,1.6612780304096617,0.24089753526951235,-0.0730729833318539,1.6609761099930531,0.24089753526951235,-0.0730729833318539,1.6609761099930531,0.0,0.0,0.0,4.378677278403768,0.0729779546400628
1.18799999999998,0.24316035656579343,-0.07324677442105411,1.661256944453262,0.24089753526951235,-0.0730729833318539,1.6609761099930531,0.24089753526951235,-0.0730729833318539,1.6609761099930531,0.0,0.0,0.0,4.378723991953269,0.07297873319922114
1.1889999999999799,0.2430976102369633,-0.07322902183727574,1.6612359555337035,0.24089753526951235,-0.0730729833318539,1.6609761099930531,0.24089753526951235,-0.0730729833318539,1.6609761099930531,0.0,0.0,0.0,4.3787769412134665,0.07297961568689111
1.1899999999999797,0.24303542478973472,-0.07321134693589397,1.6612150664589262,0.24089753526951235,-0.0730729833318539,1.6609761099930531,0.24089753526951235,-0.0730729833318539,1.6609761099930531,0.0,0.0,0.0,4.3788361489313115,0.07298060248218853
1.1909999999999796,0.24297379941506334,-0.07319375218969809,1.6611942799747883,0.24089753526951235,-0.0730729833318539,1.6609761099930531,0.24089753526951235,-0.0730729833318539,1.6609761099930531,0.0,0.0,0.0,4.378901637055019,0.07298169395091698
1.1919999999999795,0.24291273327108226,-0.07317624001979771,1.6611735987656784,0.24089753526951235,-0.0730729833318539,1.6609761099930531,0.24089753526951235,-0.0730729833318539,1.6609761099930531,0.0,0.0,0.0,4.378973426695953,0.07298289044493254
1.1929999999999794,0.24285222548334728,-0.07315881279606595,1.6611530254551157,0.24089753526951235,-0.0730729833318539,1.6609761099930531,0.24089753526951235,-0.0730729833318539,1.6609761099930531,0.0,0.0,0.0,4.379051538090273,0.07298419230150456
1.1939999999999793,0.24279227514508372,-0.07314147283757975,1.6611325626063502,0.24089753526951235,-0.0730729833318539,1.6609761099930531,0.24089753526951235,-0.0730729833318539,1.6609761099930531,0.0,0.0,0.0,4.379135990565882,0.0729855998427647
1.1949999999999792,0.24273288131743337,-0.07312422241306508,1.6611122127229645,0.24089753526951235,-0.0730729833318539,1.6609761099930531,0.24089753526951235,-0.0730729833318539,1.6609761099930531,0.0,0.0,0.0,4.379226802510094,0.07298711337516824
1.195999999999979,0.24267404302970336,-0.07310706374133995,1.6610919782494689,0.24089753526951235,-0.0730729833318539,1.6609761099930531,0.24089753526951235,-0.0730729833318539,1.6609761099930531,0.0,0.0,0.0,4.379323991340672,0.0729887331890112
1.196999999999979,0.24261575927961518,-0.07308999899175914,1.6610718615719002,0.24089753526951235,-0.0730729833318539,1.6609761099930531,0.24089753526951235,-0.0730729833318539,1.6609761099930531,0.0,0.0,0.0,4.379427573478661,0.07299045955797769
1.1979999999999789,0.24255802903355492,-0.07307303028465942,1.661051865018414,0.24089753526951235,-0.0730729833318539,1.6609761099930531,0.24089753526951235,-0.0730729833318539,1.6609761099930531,0.0,0.0,0.0,4.379537564322987,0.07299229273871645
1.1989999999999787,0.24250085122682258,-0.07305615969180473,1.6610319908598759,0.24089753526951235,-0.0730729833318539,1.6609761099930531,0.24089753526951235,-0.0730729833318539,1.6609761099930531,0.0,0.0,0.0,4.379653978228745,0.07299423297047909
1.1999999999999786,0.242444224763886,-0.07303938923683141,1.6610122413104549,0.24089753526951235,-0.0730729833318539,1.6609761099930531,0.24089753526951235,-0.0730729833318539,1.6609761099930531,0.0,0.0,0.0,4.379776828485,0.07299628047475
1.2009999999999785,0.24238814851863216,-0.07302272089569295,1.6609926185282038,0.24089753526951235,-0.0730729833318539,1.6609761099930531,0.24089753526951235,-0.0730729833318539,1.6609761099930531,0.0,0.0,0.0,4.379906127296553,0.07299843545494254
1.2019999999999784,0.2423326213346206,-0.07300615659710542,1.6609731246156538,0.24089753526951235,-0.0730729833318539,1.6609761099930531,0.24089753526951235,-0.0730729833318539,1.6609761099930531,0.0,0.0,0.0,4.380041885767057,0.07300069809611762
1.2029999999999783,0.24227764202534002,-0.07298969822299234,1.6609537616203889,0.24089753526951235,-0.0730729833318539,1.6609761099930531,0.24089753526951235,-0.0730729833318539,1.6609761099930531,0.0,0.0,0.0,4.3801841138827315,0.0730030685647122
1.2039999999999782,0.24222320937446243,-0.07297334760892878,1.6609345315356339,0.24089753526951235,-0.0730729833318539,1.6609761099930531,0.24089753526951235,-0.0730729833318539,1.6609761099930531,0.0,0.0,0.0,4.38033282049942,0.07300554700832367
1.204999999999978,0.24216932213610223,-0.07295710654458512,1.6609154363008285,0.24089753526951235,-0.0730729833318539,1.6609761099930531,0.24089753526951235,-0.0730729833318539,1.6609761099930531,0.0,0.0,0.0,4.380488013329822,0.07300813355549704
1.205999999999978,0.24211597903507387,-0.07294097677417112,1.660896477802206,0.24089753526951235,-0.0730729833318539,1.6609761099930531,0.24089753526951235,-0.0730729833318539,1.6609761099930531,0.0,0.0,0.0,4.3806496989326655,0.07301082831554442
1.2069999999999779,0.24206317876715028,-0.07292495999687737,1.6608776578733657,0.24089753526951235,-0.0730729833318539,1.6609761099930531,0.24089753526951235,-0.0730729833318539,1.6609761099930531,0.0,0.0,0.0,4.380817882703941,0.07301363137839902
1.2079999999999778,0.242010919999326,-0.07290905786731769,1.6608589782958476,0.24089753526951235,-0.0730729833318539,1.6609761099930531,0.24089753526951235,-0.0730729833318539,1.6609761099930531,0.0,0.0,0.0,4.380992568868283,0.07301654281447138
1.2089999999999776,0.24195920137007815,-0.07289327199596991,1.6608404407996964,0.24089753526951235,-0.0730729833318539,1.6609761099930531,0.24089753526951235,-0.0730729833318539,1.6609761099930531,0.0,0.0,0.0,4.381173760472349,0.07301956267453914
1.2099999999999775,0.24190802148962934,-0.07287760394961722,1.660822047064033,0.24089753526951235,-0.0730729833318539,1.6609761099930531,0.24089753526951235,-0.0730729833318539,1.6609761099930531,0.0,0.0,0.0,4.381361459379614,0.07302269098966024
1.2109999999999774,0.24185737894021292,-0.07286205525178477,1.6608037987176154,0.24089753526951235,-0.0730729833318539,1.6609761099930531,0.24089753526951235,-0.0730729833318539,1.6609761099930531,0.0,0.0,0.0,4.381555666264648,0.07302592777107747
1.2119999999999773,0.2418072722763389,-0.0728466273831802,1.6607856973394026,0.24089753526951235,-0.0730729833318539,1.6609761099930531,0.24089753526951235,-0.0730729833318539,1.6609761099930531,0.0,0.0,0.0,4.3817563806135205,0.07302927301022534
1.2129999999999772,0.2417577000250613,-0.0728313217821296,1.6607677444591133,0.24089753526951235,-0.0730729833318539,1.6609761099930531,0.24089753526951235,-0.0730729833318539,1.6609761099930531,0.0,0.0,0.0,4.38196360071646,0.07303272667860768
1.213999999999977,0.24170866068624616,-0.0728161398450124,1.660749941557779,0.24089753526951235,-0.0730729833318539,1.6609761099930531,0.24089753526951235,-0.0730729833318539,1.6609761099930531,0.0,0.0,0.0,4.3821773236691035,0.0730362887278184
1.214999999999977,0.24166015273284142,-0.07280108292669814,1.6607322900683041,0.24089753526951235,-0.0730729833318539,1.6609761099930531,0.24089753526951235,-0.0730729833318539,1.6609761099930531,0.0,0.0,0.0,4.382397545372569,0.07303995908954282
1.2159999999999769,0.241612174611148,-0.07278615234097777,1.6607147913760125,0.24089753526951235,-0.0730729833318539,1.6609761099930531,0.24089753526951235,-0.0730729833318539,1.6609761099930531,0.0,0.0,0.0,4.382624260532523,0.07304373767554205
1.2169999999999768,0.24156472474109136,-0.07277134936099677,1.6606974468191973,0.24089753526951235,-0.0730729833318539,1.6609761099930531,0.24089753526951235,-0.0730729833318539,1.6609761099930531,0.0,0.0,0.0,4.382857462661715,0.07304762437769524
1.2179999999999767,0.24151780151649607,-0.07275667521968522,1.6606802576896673,0.24089753526951235,-0.0730729833318539,1.6609761099930531,0.24089753526951235,-0.0730729833318539,1.6609761099930531,0.0,0.0,0.0,4.383097144081208,0.07305161906802013
1.2189999999999765,0.241471403305359,-0.07274213111018747,1.6606632252332916,0.24089753526951235,-0.0730729833318539,1.6609761099930531,0.24089753526951235,-0.0730729833318539,1.6609761099930531,0.0,0.0,0.0,4.383343295923668,0.0730557215987278
1.2199999999999764,0.241425528450127,-0.07272771818629023,1.6606463506505367,0.24089753526951235,-0.0730729833318539,1.6609761099930531,0.24089753526951235,-0.0730729833318539,1.6609761099930531,0.0,0.0,0.0,4.383595908136358,0.07305993180227263
1.2209999999999763,0.24138017526797123,-0.07271343756284786,1.660629635097008,0.24089753526951235,-0.0730729833318539,1.6609761099930531,0.24089753526951235,-0.0730729833318539,1.6609761099930531,0.0,0.0,0.0,4.3838549694863636,0.07306424949143939
1.2219999999999762,0.24133534205106855,-0.07269929031620843,1.6606130796839842,0.24089753526951235,-0.0730729833318539,1.6609761099930531,0.24089753526951235,-0.0730729833318539,1.6609761099930531,0.0,0.0,0.0,4.384120467564095,0.07306867445940159
1.222999999999976,0.2412910270668782,-0.07268527748463657,1.6605966854789478,0.24089753526951235,-0.0730729833318539,1.6609761099930531,0.24089753526951235,-0.0730729833318539,1.6609761099930531,0.0,0.0,0.0,4.384392388789926,0.07307320647983209
1.223999999999976,0.24124722855842276,-0.07267140006873488,1.6605804535061166,0.24089753526951235,-0.0730729833318539,1.6609761099930531,0.24089753526951235,-0.0730729833318539,1.6609761099930531,0.0,0.0,0.0,4.384670718419562,0.0730778453069927
1.2249999999999759,0.24120394474457138,-0.07265765903186432,1.6605643847469707,0.24089753526951235,-0.0730729833318539,1.6609761099930531,0.24089753526951235,-0.0730729833318539,1.6609761099930531,0.0,0.0,0.0,4.384955440551387,0.07308259067585646
1.2259999999999758,0.24116117382032007,-0.0726440553005634,1.660548480140775,0.24089753526951235,-0.0730729833318539,1.6609761099930531,0.24089753526951235,-0.0730729833318539,1.6609761099930531,0.0,0.0,0.0,4.385246538132522,0.0730874423022087
1.2269999999999757,0.24111891395707638,-0.07263058976496382,1.6605327405851034,0.24089753526951235,-0.0730729833318539,1.6609761099930531,0.24089753526951235,-0.0730729833318539,1.6609761099930531,0.0,0.0,0.0,4.38554399296775,0.07309239988279584
1.2279999999999756,0.2410771633029437,-0.07261726327920641,1.660517166936354,0.24089753526951235,-0.0730729833318539,1.6609761099930531,0.24089753526951235,-0.0730729833318539,1.6609761099930531,0.0,0.0,0.0,4.385847785726848,0.07309746309544747
1.2289999999999754,0.24103591998300752,-0.07260407666185482,1.660501760010268,0.24089753526951235,-0.0730729833318539,1.6609761099930531,0.24089753526951235,-0.0730729833318539,1.6609761099930531,0.0,0.0,0.0,4.386157895953258,0.07310263159922097
1.2299999999999753,0.2409951820996209,-0.07259103069630665,1.660486520582439,0.24089753526951235,-0.0730729833318539,1.6609761099930531,0.24089753526951235,-0.0730729833318539,1.6609761099930531,0.0,0.0,0.0,4.3864743020735,0.07310790503455834
1.2309999999999752,0.24095494773269288,-0.07257812613120379,1.6604714493888264,0.24089753526951235,-0.0730729833318539,1.6609761099930531,0.24089753526951235,-0.0730729833318539,1.6609761099930531,0.0,0.0,0.0,4.3867969814066905,0.07311328302344484
1.2319999999999751,0.2409152149399758,-0.07256536368084113,1.660456547126261,0.24089753526951235,-0.0730729833318539,1.6609761099930531,0.24089753526951235,-0.0730729833318539,1.6609761099930531,0.0,0.0,0.0,4.387125910174262,0.07311876516957104
1.232999999999975,0.24087598175735553,-0.07255274402557195,1.6604418144529487,0.24089753526951235,-0.0730729833318539,1.6609761099930531,0.24089753526951235,-0.0730729833318539,1.6609761099930531,0.0,0.0,0.0,4.387461063509878,0.07312435105849797
1.233999999999975,0.24083724619914046,-0.07254026781221384,1.660427251988971,0.24089753526951235,-0.0730729833318539,1.6609761099930531,0.24089753526951235,-0.0730729833318539,1.6609761099930531,0.0,0.0,0.0,4.387802415470804,0.07313004025784674
1.2349999999999748,0.24079900625835413,-0.07252793565445075,1.6604128603167903,0.24089753526951235,-0.0730729833318539,1.6609761099930531,0.24089753526951235,-0.0730729833318539,1.6609761099930531,0.0,0.0,0.0,4.3881499390491605,0.07313583231748601
1.2359999999999747,0.24076125990702274,-0.07251574813323439,1.6603986399817325,0.24089753526951235,-0.0730729833318539,1.6609761099930531,0.24089753526951235,-0.0730729833318539,1.6609761099930531,0.0,0.0,0.0,4.388503606181423,0.07314172676969039
1.2369999999999746,0.24072400509647218,-0.0725037057971828,1.6603845914924935,0.24089753526951235,-0.0730729833318539,1.6609761099930531,0.24089753526951235,-0.0730729833318539,1.6609761099930531,0.0,0.0,0.0,4.3888633877626955,0.07314772312937826
1.2379999999999745,0.24068723975761774,-0.07249180916297954,1.6603707153216183,0.24089753526951235,-0.0730729833318539,1.6609761099930531,0.24089753526951235,-0.0730729833318539,1.6609761099930531,0.0,0.0,0.0,4.389229253656337,0.07315382089427229
1.2389999999999743,0.24065096180125903,-0.07248005871576632,1.660357011905996,0.24089753526951235,-0.0730729833318539,1.6609761099930531,0.24089753526951235,-0.0730729833318539,1.6609761099930531,0.0,0.0,0.0,4.389601172708027,0.07316001954513379
1.2399999999999742,0.240615169118373,-0.07246845490953895,1.6603434816473366,0.24089753526951235,-0.0730729833318539,1.6609761099930531,0.24089753526951235,-0.0730729833318539,1.6609761099930531,0.0,0.0,0.0,4.38997911275662,0.07316631854594367
1.2409999999999741,0.24057985958040978,-0.07245699816753857,1.660330124912656,0.24089753526951235,-0.0730729833318539,1.6609761099930531,0.24089753526951235,-0.0730729833318539,1.6609761099930531,0.0,0.0,0.0,4.390363040648734,0.07317271734414557
1.241999999999974,0.2405450310395867,-0.07244568888263991,1.6603169420347519,0.24089753526951235,-0.0730729833318539,1.6609761099930531,0.24089753526951235,-0.0730729833318539,1.6609761099930531,0.0,0.0,0.0,4.390752922250305,0.07317921537083841
1.242999999999974,0.24051068132918496,-0.07243452741774124,1.660303933312682,0.24089753526951235,-0.0730729833318539,1.6609761099930531,0.24089753526951235,-0.0730729833318539,1.6609761099930531,0.0,0.0,0.0,4.391148722460406,0.07318581204100677
1.2439999999999738,0.24047680826384465,-0.07242351410614904,1.6602910990122306,0.24089753526951235,-0.0730729833318539,1.6609761099930531,0.24089753526951235,-0.0730729833318539,1.6609761099930531,0.0,0.0,0.0,4.391550405224533,0.07319250675374221
1.2449999999999737,0.24044340963986255,-0.07241264925196267,1.660278439366383,0.24089753526951235,-0.0730729833318539,1.6609761099930531,0.24089753526951235,-0.0730729833318539,1.6609761099930531,0.0,0.0,0.0,4.39195793354874,0.073199298892479
1.2459999999999736,0.24041048323548816,-0.07240193313045558,1.6602659545757872,0.24089753526951235,-0.0730729833318539,1.6609761099930531,0.24089753526951235,-0.0730729833318539,1.6609761099930531,0.0,0.0,0.0,4.392371269512864,0.0732061878252144
1.2469999999999735,0.2403780268112209,-0.07239136598845666,1.6602536448092213,0.24089753526951235,-0.0730729833318539,1.6609761099930531,0.24089753526951235,-0.0730729833318539,1.6609761099930531,0.0,0.0,0.0,4.392790374285098,0.07321317290475163
1.2479999999999734,0.2403460381101078,-0.07238094804472696,1.660241510204048,0.24089753526951235,-0.0730729833318539,1.6609761099930531,0.24089753526951235,-0.0730729833318539,1.6609761099930531,0.0,0.0,0.0,4.393215208135458,0.0732202534689243
1.2489999999999732,0.24031451485804076,-0.07237067949033726,1.6602295508666756,0.24089753526951235,-0.0730729833318539,1.6609761099930531,0.24089753526951235,-0.0730729833318539,1.6609761099930531,0.0,0.0,0.0,4.393645730451261,0.07322742884085434
1.2499999999999731,0.2402834547640545,-0.07236056048904087,1.660217766873011,0.24089753526951235,-0.0730729833318539,1.6609761099930531,0.24089753526951235,-0.0730729833318539,1.6609761099930531,0.0,0.0,0.0,4.394081899750352,0.07323469832917254
1.250999999999973,0.24025285552062625,-0.0723505911776473,1.66020615826891,0.24089753526951235,-0.0730729833318539,1.6609761099930531,0.24089753526951235,-0.0730729833318539,1.6609761099930531,0.0,0.0,0.0,4.394523673696792,0.07324206122827986
1.251999999999973,0.2402227148039717,-0.07234077166639122,1.6601947250706273,0.24089753526951235,-0.0730729833318539,1.6609761099930531,0.24089753526951235,-0.0730729833318539,1.6609761099930531,0.0,0.0,0.0,4.394971009115185,0.07324951681858642
1.2529999999999728,0.24019303027434352,-0.07233110203930114,1.660183467265258,0.24089753526951235,-0.0730729833318539,1.6609761099930531,0.24089753526951235,-0.0730729833318539,1.6609761099930531,0.0,0.0,0.0,4.395423862005172,0.07325706436675287
1.2539999999999727,0.24016379957633252,-0.07232158235456651,1.6601723848111811,0.24089753526951235,-0.0730729833318539,1.6609761099930531,0.24089753526951235,-0.0730729833318539,1.6609761099930531,0.0,0.0,0.0,4.395882187557166,0.07326470312595276
1.2549999999999726,0.24013502033916126,-0.07231221264489979,1.6601614776385003,0.24089753526951235,-0.0730729833318539,1.6609761099930531,0.24089753526951235,-0.0730729833318539,1.6609761099930531,0.0,0.0,0.0,4.396345940166227,0.07327243233610378
1.2559999999999725,0.240106690176987,-0.07230299291790077,1.6601507456494775,0.24089753526951235,-0.0730729833318539,1.6609761099930531,0.24089753526951235,-0.0730729833318539,1.6609761099930531,0.0,0.0,0.0,4.396815073450567,0.07328025122417611
1.2569999999999724,0.24007880668919673,-0.0722939231564154,1.6601401887189648,0.24089753526951235,-0.0730729833318539,1.6609761099930531,0.24089753526951235,-0.0730729833318539,1.6609761099930531,0.0,0.0,0.0,4.397289540261761,0.07328815900436268
1.2579999999999723,0.2400513674607073,-0.07228500331889523,1.6601298066948371,0.24089753526951235,-0.0730729833318539,1.6609761099930531,0.24089753526951235,-0.0730729833318539,1.6609761099930531,0.0,0.0,0.0,4.39776929270331,0.0732961548783885
1.2589999999999721,0.24002437006226224,-0.0722762333397511,1.6601195993984175,0.24089753526951235,-0.0730729833318539,1.6609761099930531,0.24089753526951235,-0.0730729833318539,1.6609761099930531,0.0,0.0,0.0,4.398254282145513,0.07330423803575854
1.259999999999972,0.23999781205072962,-0.0722676131297103,1.6601095666248988,0.24089753526951235,-0.0730729833318539,1.6609761099930531,0.24089753526951235,-0.0730729833318539,1.6609761099930531,0.0,0.0,0.0,4.398744459240596,0.07331240765400994
1.260999999999972,0.2399716909694004,-0.07225914257616566,1.6600997081437678,0.24089753526951235,-0.0730729833318539,1.6609761099930531,0.24089753526951235,-0.0730729833318539,1.6609761099930531,0.0,0.0,0.0,4.399239773938419,0.07332066289897364
1.2619999999999718,0.23994600434828503,-0.07225082154352765,1.6600900236992229,0.24089753526951235,-0.0730729833318539,1.6609761099930531,0.24089753526951235,-0.0730729833318539,1.6609761099930531,0.0,0.0,0.0,4.399740175502227,0.07332900292503712
1.2629999999999717,0.23992074970441102,-0.07224264987357103,1.6600805130105831,0.24089753526951235,-0.0730729833318539,1.6609761099930531,0.24089753526951235,-0.0730729833318539,1.6609761099930531,0.0,0.0,0.0,4.400245612523277,0.07333742687538795
1.2639999999999716,0.23989592454211917,-0.07223462738578067,1.660071175772706,0.24089753526951235,-0.0730729833318539,1.6609761099930531,0.24089753526951235,-0.0730729833318539,1.6609761099930531,0.0,0.0,0.0,4.400756032938053,0.07334593388230087
1.2649999999999715,0.23987152635335982,-0.07222675387769635,1.6600620116563949,0.24089753526951235,-0.0730729833318539,1.6609761099930531,0.24089753526951235,-0.0730729833318539,1.6609761099930531,0.0,0.0,0.0,4.40127138404238,0.07335452306737299
1.2659999999999714,0.2398475526179893,-0.07221902912525283,1.6600530203087995,0.24089753526951235,-0.0730729833318539,1.6609761099930531,0.24089753526951235,-0.0730729833318539,1.6609761099930531,0.0,0.0,0.0,4.401791612507301,0.07336319354178836
1.2669999999999713,0.23982400080406502,-0.07221145288312078,1.660044201353825,0.24089753526951235,-0.0730729833318539,1.6609761099930531,0.24089753526951235,-0.0730729833318539,1.6609761099930531,0.0,0.0,0.0,4.402316664396015,0.07337194440660026
1.2679999999999712,0.23980086836814055,-0.07220402488504381,1.660035554392527,0.24089753526951235,-0.0730729833318539,1.6609761099930531,0.24089753526951235,-0.0730729833318539,1.6609761099930531,0.0,0.0,0.0,4.402846485177731,0.07338077475296219
1.268999999999971,0.23977815275556014,-0.07219674484417317,1.6600270790035103,0.24089753526951235,-0.0730729833318539,1.6609761099930531,0.24089753526951235,-0.0730729833318539,1.6609761099930531,0.0,0.0,0.0,4.403381019744783,0.07338968366241305
1.269999999999971,0.23975585140075215,-0.07218961245340229,1.6600187747433204,0.24089753526951235,-0.0730729833318539,1.6609761099930531,0.24089753526951235,-0.0730729833318539,1.6609761099930531,0.0,0.0,0.0,4.403920212427407,0.07339867020712344
1.2709999999999708,0.23973396172752273,-0.0721826273856967,1.6600106411468345,0.24089753526951235,-0.0730729833318539,1.6609761099930531,0.24089753526951235,-0.0730729833318539,1.6609761099930531,0.0,0.0,0.0,4.4044640070099295,0.07340773345016549
1.2719999999999707,0.23971248114934873,-0.0721757892944244,1.6600026777276486,0.24089753526951235,-0.0730729833318539,1.6609761099930531,0.24089753526951235,-0.0730729833318539,1.6609761099930531,0.0,0.0,0.0,4.405012346745974,0.07341687244576624
1.2729999999999706,0.23969140706966965,-0.07216909781368165,1.659994883978463,0.24089753526951235,-0.0730729833318539,1.6609761099930531,0.24089753526951235,-0.0730729833318539,1.6609761099930531,0.0,0.0,0.0,4.405565174374513,0.07342608623957522
1.2739999999999705,0.23967073688217888,-0.07216255255861864,1.6599872593714609,0.24089753526951235,-0.0730729833318539,1.6609761099930531,0.24089753526951235,-0.0730729833318539,1.6609761099930531,0.0,0.0,0.0,4.4061224321349695,0.07343537386891616
1.2749999999999704,0.2396504679711135,-0.07215615312576176,1.6599798033586894,0.24089753526951235,-0.0730729833318539,1.6609761099930531,0.24089753526951235,-0.0730729833318539,1.6609761099930531,0.0,0.0,0.0,4.406684061783211,0.07344473436305352
1.2759999999999703,0.2396305977115457,-0.07214989909333434,1.659972515372432,0.24089753526951235,-0.0730729833318539,1.6609761099930531,0.24089753526951235,-0.0730729833318539,1.6609761099930531,0.0,0.0,0.0,4.407250004606447,0.07345416674344078
1.2769999999999702,0.23961112346967095,-0.07214379002157509,1.6599653948255841,0.24089753526951235,-0.0730729833318539,1.6609761099930531,0.24089753526951235,-0.0730729833318539,1.6609761099930531,0.0,0.0,0.0,4.407820201439839,0.07346367002399731
1.27799999999997,0.23959204260309502,-0.07213782545305455,1.6599584411120156,0.24089753526951235,-0.0730729833318539,1.6609761099930531,0.24089753526951235,-0.0730729833318539,1.6609761099930531,0.0,0.0,0.0,4.40839459268049,0.0734732432113415
1.27899999999997,0.2395733524611245,-0.07213200491298911,1.659951653606948,0.24089753526951235,-0.0730729833318539,1.6609761099930531,0.24089753526951235,-0.0730729833318539,1.6609761099930531,0.0,0.0,0.0,4.40897311830429,0.07348288530507151
1.2799999999999698,0.23955505038505046,-0.07212632790955337,1.6599450316673066,0.24089753526951235,-0.0730729833318539,1.6609761099930531,0.24089753526951235,-0.0730729833318539,1.6609761099930531,0.0,0.0,0.0,4.40955571787964,0.073492595297994
1.2809999999999697,0.23953713370843494,-0.07212079393418958,1.6599385746320854,0.24089753526951235,-0.0730729833318539,1.6609761099930531,0.24089753526951235,-0.0730729833318539,1.6609761099930531,0.0,0.0,0.0,4.410142330584122,0.07350237217640204
1.2819999999999696,0.23951959975739437,-0.07211540246191572,1.6599322818227031,0.24089753526951235,-0.0730729833318539,1.6609761099930531,0.24089753526951235,-0.0730729833318539,1.6609761099930531,0.0,0.0,0.0,4.410732895219083,0.07351221492031805
1.2829999999999695,0.2395024458508855,-0.07211015295163056,1.6599261525433593,0.24089753526951235,-0.0730729833318539,1.6609761099930531,0.24089753526951235,-0.0730729833318539,1.6609761099930531,0.0,0.0,0.0,4.411327350225009,0.07352212250375015
1.2839999999999694,0.23948566930098739,-0.07210504484641876,1.6599201860813864,0.24089753526951235,-0.0730729833318539,1.6609761099930531,0.24089753526951235,-0.0730729833318539,1.6609761099930531,0.0,0.0,0.0,4.411925633696226,0.0735320938949371
1.2849999999999693,0.23946926741318042,-0.0721000775738492,1.6599143817075896,0.24089753526951235,-0.0730729833318539,1.6609761099930531,0.24089753526951235,-0.0730729833318539,1.6609761099930531,0.0,0.0,0.0,4.412527683395794,0.07354212805659657
1.2859999999999692,0.23945323748662972,-0.07209525054627731,1.6599087386766012,0.24089753526951235,-0.0730729833318539,1.6609761099930531,0.24089753526951235,-0.0730729833318539,1.6609761099930531,0.0,0.0,0.0,4.413133436771638,0.07355222394619396
1.286999999999969,0.23943757681446323,-0.0720905631611396,1.6599032562272216,0.24089753526951235,-0.0730729833318539,1.6609761099930531,0.24089753526951235,-0.0730729833318539,1.6609761099930531,0.0,0.0,0.0,4.413742830969928,0.07356238051616545
1.287999999999969,0.23942228268405014,-0.07208601480124942,1.6598979335827542,0.24089753526951235,-0.0730729833318539,1.6609761099930531,0.24089753526951235,-0.0730729833318539,1.6609761099930531,0.0,0.0,0.0,4.414355802850144,0.07357259671416908
1.2889999999999688,0.23940735237727717,-0.07208160483508957,1.659892769951342,0.24089753526951235,-0.0730729833318539,1.6609761099930531,0.24089753526951235,-0.0730729833318539,1.6609761099930531,0.0,0.0,0.0,4.414972289000217,0.07358287148333695
1.2899999999999687,0.23939278317082546,-0.07207733261710222,1.6598877645263068,0.24089753526951235,-0.0730729833318539,1.6609761099930531,0.24089753526951235,-0.0730729833318539,1.6609761099930531,0.0,0.0,0.0,4.415592225751467,0.07359320376252444
1.2909999999999686,0.23937857233644522,-0.07207319748797832,1.659882916486473,0.24089753526951235,-0.0730729833318539,1.6609761099930531,0.24089753526951235,-0.0730729833318539,1.6609761099930531,0.0,0.0,0.0,4.416215549191499,0.07360359248652498
1.2919999999999685,0.2393647171412275,-0.07206919877494154,1.6598782249964983,0.24089753526951235,-0.0730729833318539,1.6609761099930531,0.24089753526951235,-0.0730729833318539,1.6609761099930531,0.0,0.0,0.0,4.416842195180347,0.07361403658633912
1.2929999999999684,0.2393512148478783,-0.07206533579203425,1.6598736892071964,0.24089753526951235,-0.0730729833318539,1.6609761099930531,0.24089753526951235,-0.0730729833318539,1.6609761099930531,0.0,0.0,0.0,4.417472099363756,0.07362453498939595
1.2939999999999683,0.23933806271498775,-0.07206160784039761,1.6598693082558604,0.24089753526951235,-0.0730729833318539,1.6609761099930531,0.24089753526951235,-0.0730729833318539,1.6609761099930531,0.0,0.0,0.0,4.41810519718753,0.07363508661979216
1.2949999999999682,0.23932525799730078,-0.07205801420855217,1.6598650812665807,0.24089753526951235,-0.0730729833318539,1.6609761099930531,0.24089753526951235,-0.0730729833318539,1.6609761099930531,0.0,0.0,0.0,4.418741423911856,0.07364569039853093
1.295999999999968,0.23931279794598412,-0.07205455417267417,1.65986100735056,0.24089753526951235,-0.0730729833318539,1.6609761099930531,0.24089753526951235,-0.0730729833318539,1.6609761099930531,0.0,0.0,0.0,4.419380714624975,0.07365634524374957
1.296999999999968,0.23930067980889363,-0.07205122699687201,1.659857085606426,0.24089753526951235,-0.0730729833318539,1.6609761099930531,0.24089753526951235,-0.0730729833318539,1.6609761099930531,0.0,0.0,0.0,4.420023004257227,0.07366705007095378
1.2979999999999678,0.23928890083083895,-0.07204803193345685,1.6598533151205428,0.24089753526951235,-0.0730729833318539,1.6609761099930531,0.24089753526951235,-0.0730729833318539,1.6609761099930531,0.0,0.0,0.0,4.420668227594975,0.07367780379324958
1.2989999999999677,0.23927745825384905,-0.07204496822321532,1.6598496949673165,0.24089753526951235,-0.0730729833318539,1.6609761099930531,0.24089753526951235,-0.0730729833318539,1.6609761099930531,0.0,0.0,0.0,4.421316319293805,0.07368860532156342
1.2999999999999676,0.23926634931743215,-0.07204203509567737,1.659846224209499,0.24089753526951235,-0.0730729833318539,1.6609761099930531,0.24089753526951235,-0.0730729833318539,1.6609761099930531,0.0,0.0,0.0,4.421967213892203,0.07369945356487005
1.3009999999999675,0.23925557125883817,-0.07203923176938262,1.659842901898491,0.24089753526951235,-0.0730729833318539,1.6609761099930531,0.24089753526951235,-0.0730729833318539,1.6609761099930531,0.0,0.0,0.0,4.422620845825331,0.07371034743042218
1.3019999999999674,0.23924512131331815,-0.07203655745214346,1.6598397270746372,0.24089753526951235,-0.0730729833318539,1.6609761099930531,0.24089753526951235,-0.0730729833318539,1.6609761099930531,0.0,0.0,0.0,4.423277149437411,0.07372128582395684
1.3029999999999673,0.23923499671438142,-0.07203401134130866,1.6598366987675255,0.24089753526951235,-0.0730729833318539,1.6609761099930531,0.24089753526951235,-0.0730729833318539,1.6609761099930531,0.0,0.0,0.0,4.423936058996377,0.07373226764993962
1.3039999999999672,0.2392251946940517,-0.07203159262402069,1.6598338159962784,0.24089753526951235,-0.0730729833318539,1.6609761099930531,0.24089753526951235,-0.0730729833318539,1.6609761099930531,0.0,0.0,0.0,4.424597508704297,0.07374329181173828
1.304999999999967,0.23921571248312373,-0.07202930047747626,1.6598310777698397,0.24089753526951235,-0.0730729833318539,1.6609761099930531,0.24089753526951235,-0.0730729833318539,1.6609761099930531,0.0,0.0,0.0,4.425261432714612,0.07375435721191019
1.305999999999967,0.23920654731141366,-0.07202713406917886,1.659828483087265,0.24089753526951235,-0.0730729833318539,1.6609761099930531,0.24089753526951235,-0.0730729833318539,1.6609761099930531,0.0,0.0,0.0,4.425927765140555,0.07376546275234258
1.3069999999999669,0.23919769640801267,-0.07202509255719271,1.6598260309380046,0.24089753526951235,-0.0730729833318539,1.6609761099930531,0.24089753526951235,-0.0730729833318539,1.6609761099930531,0.0,0.0,0.0,4.426596440069277,0.07377660733448795
1.3079999999999667,0.23918915700153598,-0.07202317509039362,1.6598237203021842,0.24089753526951235,-0.0730729833318539,1.6609761099930531,0.24089753526951235,-0.0730729833318539,1.6609761099930531,0.0,0.0,0.0,4.427267391575043,0.07378778985958405
1.3089999999999666,0.2391809263203716,-0.07202138080871814,1.6598215501508853,0.24089753526951235,-0.0730729833318539,1.6609761099930531,0.24089753526951235,-0.0730729833318539,1.6609761099930531,0.0,0.0,0.0,4.42794055373118,0.07379900922885299
1.3099999999999665,0.23917300159292537,-0.07201970884340929,1.6598195194464176,0.24089753526951235,-0.0730729833318539,1.6609761099930531,0.24089753526951235,-0.0730729833318539,1.6609761099930531,0.0,0.0,0.0,4.4286158606222115,0.07381026434370352
1.3109999999999664,0.2391653800478677,-0.07201815831726027,1.6598176271425937,0.24089753526951235,-0.0730729833318539,1.6609761099930531,0.24089753526951235,-0.0730729833318539,1.6609761099930531,0.0,0.0,0.0,4.429293246356121,0.07382155410593534
1.3119999999999663,0.23915805891437622,-0.07201672834485806,1.6598158721849987,0.24089753526951235,-0.0730729833318539,1.6609761099930531,0.24089753526951235,-0.0730729833318539,1.6609761099930531,0.0,0.0,0.0,4.429972645076168,0.07383287741793614
1.3129999999999662,0.23915103542237598,-0.07201541803282167,1.6598142535112606,0.24089753526951235,-0.0730729833318539,1.6609761099930531,0.24089753526951235,-0.0730729833318539,1.6609761099930531,0.0,0.0,0.0,4.430653990973178,0.0738442331828863
1.313999999999966,0.23914430680278023,-0.07201422648004063,1.659812770051308,0.24089753526951235,-0.0730729833318539,1.6609761099930531,0.24089753526951235,-0.0730729833318539,1.6609761099930531,0.0,0.0,0.0,4.431337218295996,0.07385562030493326
1.314999999999966,0.23913787028772782,-0.07201315277790969,1.6598114207276367,0.24089753526951235,-0.0730729833318539,1.6609761099930531,0.24089753526951235,-0.0730729833318539,1.6609761099930531,0.0,0.0,0.0,4.4320222613648355,0.07386703768941393
1.3159999999999659,0.2391317231108195,-0.07201219601056336,1.659810204455569,0.24089753526951235,-0.0730729833318539,1.6609761099930531,0.24089753526951235,-0.0730729833318539,1.6609761099930531,0.0,0.0,0.0,4.432709054581113,0.07387848424301854
1.3169999999999658,0.23912586250735213,-0.0720113552551048,1.6598091201435077,0.24089753526951235,-0.0730729833318539,1.6609761099930531,0.24089753526951235,-0.0730729833318539,1.6609761099930531,0.0,0.0,0.0,4.433397532439535,0.07388995887399226
1.3179999999999656,0.23912028571455024,-0.07201062958183647,1.6598081666931894,0.24089753526951235,-0.0730729833318539,1.6609761099930531,0.24089753526951235,-0.0730729833318539,1.6609761099930531,0.0,0.0,0.0,4.434087629539055,0.07390146049231759
1.3189999999999655,0.23911498997179798,-0.07201001805448583,1.659807342999938,0.24089753526951235,-0.0730729833318539,1.6609761099930531,0.24089753526951235,-0.0730729833318539,1.6609761099930531,0.0,0.0,0.0,4.434779280593925,0.07391298800989875
1.3199999999999654,0.23910997252086655,-0.07200951973042978,1.6598066479529092,0.24089753526951235,-0.0730729833318539,1.6609761099930531,0.24089753526951235,-0.0730729833318539,1.6609761099930531,0.0,0.0,0.0,4.4354724204440235,0.07392454034073373
1.3209999999999653,0.23910523060614228,-0.07200913366091724,1.659806080435339,0.24089753526951235,-0.0730729833318539,1.6609761099930531,0.24089753526951235,-0.0730729833318539,1.6609761099930531,0.0,0.0,0.0,4.436166984066152,0.07393611640110254
1.3219999999999652,0.23910076147484982,-0.07200885889128879,1.6598056393247838,0.24089753526951235,-0.0730729833318539,1.6609761099930531,0.24089753526951235,-0.0730729833318539,1.6609761099930531,0.0,0.0,0.0,4.436862906584291,0.07394771510973817
1.322999999999965,0.23909656237727728,-0.07200869446119497,1.6598053234933627,0.24089753526951235,-0.0730729833318539,1.6609761099930531,0.24089753526951235,-0.0730729833318539,1.6609761099930531,0.0,0.0,0.0,4.437560123280257,0.07395933538800428
1.323999999999965,0.23909263056699565,-0.07200863940481131,1.6598051318079918,0.24089753526951235,-0.0730729833318539,1.6609761099930531,0.24089753526951235,-0.0730729833318539,1.6609761099930531,0.0,0.0,0.0,4.4382585696031445,0.07397097616005241
1.3249999999999649,0.23908896330107837,-0.0720086927510523,1.6598050631306218,0.24089753526951235,-0.0730729833318539,1.6609761099930531,0.24089753526951235,-0.0730729833318539,1.6609761099930531,0.0,0.0,0.0,4.43895818118065,0.07398263635301085
1.3259999999999648,0.23908555784031887,-0.0720088535237825,1.6598051163184682,0.24089753526951235,-0.0730729833318539,1.6609761099930531,0.24089753526951235,-0.0730729833318539,1.6609761099930531,0.0,0.0,0.0,4.439658893827903,0.07399431489713172
1.3269999999999647,0.2390824114494457,-0.07200912074202556,1.6598052902242422,0.24089753526951235,-0.0730729833318539,1.6609761099930531,0.24089753526951235,-0.0730729833318539,1.6609761099930531,0.0,0.0,0.0,4.440360643557771,0.07400601072596284
1.3279999999999645,0.2390795213973359,-0.07200949342017114,1.659805583696374,0.24089753526951235,-0.0730729833318539,1.6609761099930531,0.24089753526951235,-0.0730729833318539,1.6609761099930531,0.0,0.0,0.0,4.441063366590208,0.07401772277650347
1.3289999999999644,0.2390768849572258,-0.07200997056818047,1.659805995579242,0.24089753526951235,-0.0730729833318539,1.6609761099930531,0.24089753526951235,-0.0730729833318539,1.6609761099930531,0.0,0.0,0.0,4.44176699936245,0.07402944998937416
1.3299999999999643,0.23907449940692072,-0.07201055119178737,1.6598065247133897,0.24089753526951235,-0.0730729833318539,1.6609761099930531,0.24089753526951235,-0.0730729833318539,1.6609761099930531,0.0,0.0,0.0,4.442471478537206,0.07404119130895342
1.3309999999999642,0.23907236202900167,-0.07201123429270076,1.6598071699357462,0.24089753526951235,-0.0730729833318539,1.6609761099930531,0.24089753526951235,-0.0730729833318539,1.6609761099930531,0.0,0.0,0.0,4.443176741012994,0.0740529456835499
1.331999999999964,0.23907047011103205,-0.07201201886880088,1.659807930079843,0.24089753526951235,-0.0730729833318539,1.6609761099930531,0.24089753526951235,-0.0730729833318539,1.6609761099930531,0.0,0.0,0.0,4.4438827239322,0.07406471206553666
1.332999999999964,0.23906882094575926,-0.07201290391433712,1.6598088039760268,0.24089753526951235,-0.0730729833318539,1.6609761099930531,0.24089753526951235,-0.0730729833318539,1.6609761099930531,0.0,0.0,0.0,4.4445893646908505,0.07407648941151418
1.3339999999999639,0.23906741183131577,-0.07201388842012091,1.6598097904516735,0.24089753526951235,-0.0730729833318539,1.6609761099930531,0.24089753526951235,-0.0730729833318539,1.6609761099930531,0.0,0.0,0.0,4.44529660094671,0.07408827668244516
1.3349999999999638,0.23906624007142047,-0.07201497137371854,1.6598108883313891,0.24089753526951235,-0.0730729833318539,1.6609761099930531,0.24089753526951235,-0.0730729833318539,1.6609761099930531,0.0,0.0,0.0,4.446004370627524,0.07410007284379207
1.3359999999999637,0.23906530297557294,-0.07201615175964018,1.6598120964372292,0.24089753526951235,-0.0730729833318539,1.6609761099930531,0.24089753526951235,-0.0730729833318539,1.6609761099930531,0.0,0.0,0.0,4.446712611941066,0.07411187686568442
1.3369999999999636,0.23906459785924994,-0.07201742855952742,1.659813413588885,0.24089753526951235,-0.0730729833318539,1.6609761099930531,0.24089753526951235,-0.0730729833318539,1.6609761099930531,0.0,0.0,0.0,4.4474212633806784,0.07412368772301131
1.3379999999999634,0.23906412204409755,-0.07201880075233937,1.6598148386038993,0.24089753526951235,-0.0730729833318539,1.6609761099930531,0.24089753526951235,-0.0730729833318539,1.6609761099930531,0.0,0.0,0.0,4.448130263736801,0.07413550439561335
1.3389999999999633,0.2390638728581232,-0.07202026731453523,1.6598163702978583,0.24089753526951235,-0.0730729833318539,1.6609761099930531,0.24089753526951235,-0.0730729833318539,1.6609761099930531,0.0,0.0,0.0,4.448839552101819,0.07414732586836364
1.3399999999999632,0.23906384763588284,-0.07202182722025643,1.6598180074845876,0.24089753526951235,-0.0730729833318539,1.6609761099930531,0.24089753526951235,-0.0730729833318539,1.6609761099930531,0.0,0.0,0.0,4.449549067879934,0.07415915113133223
1.340999999999963,0.23906404371866874,-0.07202347944150525,1.6598197489763484,0.24089753526951235,-0.0730729833318539,1.6609761099930531,0.24089753526951235,-0.0730729833318539,1.6609761099930531,0.0,0.0,0.0,4.450258750793834,0.07417097917989723
1.341999999999963,0.2390644584546924,-0.07202522294832162,1.6598215935840237,0.24089753526951235,-0.0730729833318539,1.6609761099930531,0.24089753526951235,-0.0730729833318539,1.6609761099930531,0.0,0.0,0.0,4.450968540892343,0.07418280901487238
1.342999999999963,0.23906508919927,-0.07202705670895854,1.6598235401173134,0.24089753526951235,-0.0730729833318539,1.6609761099930531,0.24089753526951235,-0.0730729833318539,1.6609761099930531,0.0,0.0,0.0,4.451678378558242,0.07419463964263737
1.3439999999999628,0.23906593331499837,-0.07202897969005514,1.6598255873849153,0.24089753526951235,-0.0730729833318539,1.6609761099930531,0.24089753526951235,-0.0730729833318539,1.6609761099930531,0.0,0.0,0.0,4.452388204514915,0.07420647007524858
1.3449999999999627,0.23906698817193622,-0.07203099085680592,1.6598277341947092,0.24089753526951235,-0.0730729833318539,1.6609761099930531,0.24089753526951235,-0.0730729833318539,1.6609761099930531,0.0,0.0,0.0,4.453097959833581,0.07421829933055969
1.3459999999999626,0.23906825114777955,-0.07203308917313149,1.6598299793539435,0.24089753526951235,-0.0730729833318539,1.6609761099930531,0.24089753526951235,-0.0730729833318539,1.6609761099930531,0.0,0.0,0.0,4.453807585940678,0.07423012643234463
1.3469999999999624,0.23906971962803303,-0.07203527360184322,1.6598323216694024,0.24089753526951235,-0.0730729833318539,1.6609761099930531,0.24089753526951235,-0.0730729833318539,1.6609761099930531,0.0,0.0,0.0,4.454517024623596,0.07424195041039326
1.3479999999999623,0.23907139100618618,-0.07203754310481013,1.6598347599475982,0.24089753526951235,-0.0730729833318539,1.6609761099930531,0.24089753526951235,-0.0730729833318539,1.6609761099930531,0.0,0.0,0.0,4.455226218039108,0.0742537703006518
1.3489999999999622,0.23907326268387868,-0.07203989664311893,1.659837292994932,0.24089753526951235,-0.0730729833318539,1.6609761099930531,0.24089753526951235,-0.0730729833318539,1.6609761099930531,0.0,0.0,0.0,4.455935108717266,0.07426558514528776
1.3499999999999621,0.23907533207107007,-0.07204233317723582,1.6598399196178728,0.24089753526951235,-0.0730729833318539,1.6609761099930531,0.24089753526951235,-0.0730729833318539,1.6609761099930531,0.0,0.0,0.0,4.456643639569971,0.07427739399283285
1.350999999999962,0.23907759658620248,-0.07204485166716434,1.6598426386231202,0.24089753526951235,-0.0730729833318539,1.6609761099930531,0.24089753526951235,-0.0730729833318539,1.6609761099930531,0.0,0.0,0.0,4.457351753896029,0.07428919589826716
1.351999999999962,0.23908005365636775,-0.07204745107260216,1.6598454488177818,0.24089753526951235,-0.0730729833318539,1.6609761099930531,0.24089753526951235,-0.0730729833318539,1.6609761099930531,0.0,0.0,0.0,4.45805939538787,0.07430098992313118
1.3529999999999618,0.23908270071746376,-0.07205013035309554,1.659848349009528,0.24089753526951235,-0.0730729833318539,1.6609761099930531,0.24089753526951235,-0.0730729833318539,1.6609761099930531,0.0,0.0,0.0,4.458766508136471,0.07431277513560786
1.3539999999999617,0.2390855352143561,-0.07205288846819055,1.659851338006757,0.24089753526951235,-0.0730729833318539,1.6609761099930531,0.24089753526951235,-0.0730729833318539,1.6609761099930531,0.0,0.0,0.0,4.459473036637636,0.07432455061062727
1.3549999999999616,0.2390885546010331,-0.07205572437758428,1.6598544146187577,0.24089753526951235,-0.0730729833318539,1.6609761099930531,0.24089753526951235,-0.0730729833318539,1.6609761099930531,0.0,0.0,0.0,4.46017892579829,0.07433631542997149
1.3559999999999615,0.2390917563407609,-0.07205863704127323,1.659857577655866,0.24089753526951235,-0.0730729833318539,1.6609761099930531,0.24089753526951235,-0.0730729833318539,1.6609761099930531,0.0,0.0,0.0,4.46088412094047,0.07434806868234117
1.3569999999999613,0.23909513790623416,-0.07206162541969924,1.659860825929616,0.24089753526951235,-0.0730729833318539,1.6609761099930531,0.24089753526951235,-0.0730729833318539,1.6609761099930531,0.0,0.0,0.0,4.46158856780785,0.07435980946346417
1.3579999999999612,0.2390986967797278,-0.07206468847389293,1.6598641582529017,0.24089753526951235,-0.0730729833318539,1.6609761099930531,0.24089753526951235,-0.0730729833318539,1.6609761099930531,0.0,0.0,0.0,4.462292212570456,0.07437153687617427
1.3589999999999611,0.2391024304532437,-0.07206782516561769,1.6598675734401183,0.24089753526951235,-0.0730729833318539,1.6609761099930531,0.24089753526951235,-0.0730729833318539,1.6609761099930531,0.0,0.0,0.0,4.46299500182924,0.07438325003048733
1.359999999999961,0.23910633642865692,-0.07207103445750901,1.6598710703073185,0.24089753526951235,-0.0730729833318539,1.6609761099930531,0.24089753526951235,-0.0730729833318539,1.6609761099930531,0.0,0.0,0.0,4.4636968826221715,0.07439494804370286
1.360999999999961,0.239110412217857,-0.0720743153132129,1.6598746476723552,0.24089753526951235,-0.0730729833318539,1.6609761099930531,0.24089753526951235,-0.0730729833318539,1.6609761099930531,0.0,0.0,0.0,4.464397802427848,0.07440663004046413
1.3619999999999608,0.23911465534289378,-0.07207766669752276,1.6598783043550256,0.24089753526951235,-0.0730729833318539,1.6609761099930531,0.24089753526951235,-0.0730729833318539,1.6609761099930531,0.0,0.0,0.0,4.465097709170196,0.07441829515283661
1.3629999999999607,0.23911906333610866,-0.07208108757651198,1.6598820391772127,0.24089753526951235,-0.0730729833318539,1.6609761099930531,0.24089753526951235,-0.0730729833318539,1.6609761099930531,0.0,0.0,0.0,4.465796551223854,0.07442994252039757
1.3639999999999606,0.23912363374028053,-0.07208457691767024,1.6598858509630292,0.24089753526951235,-0.0730729833318539,1.6609761099930531,0.24089753526951235,-0.0730729833318539,1.6609761099930531,0.0,0.0,0.0,4.466494277417576,0.07444157129029293
1.3649999999999605,0.23912836410875338,-0.07208813369002978,1.6598897385389506,0.24089753526951235,-0.0730729833318539,1.6609761099930531,0.24089753526951235,-0.0730729833318539,1.6609761099930531,0.0,0.0,0.0,4.467190837038734,0.07445318061731224
1.3659999999999604,0.23913325200557223,-0.07209175686429735,1.659893700733953,0.24089753526951235,-0.0730729833318539,1.6609761099930531,0.24089753526951235,-0.0730729833318539,1.6609761099930531,0.0,0.0,0.0,4.467886179837355,0.07446476966395592
1.3669999999999602,0.23913829500561148,-0.07209544541297859,1.6598977363796419,0.24089753526951235,-0.0730729833318539,1.6609761099930531,0.24089753526951235,-0.0730729833318539,1.6609761099930531,0.0,0.0,0.0,4.468580256030013,0.07447633760050022
1.3679999999999601,0.2391434906947058,-0.07209919831050497,1.6599018443103926,0.24089753526951235,-0.0730729833318539,1.6609761099930531,0.24089753526951235,-0.0730729833318539,1.6609761099930531,0.0,0.0,0.0,4.469273016304448,0.07448788360507413
1.36899999999996,0.23914883666977055,-0.07210301453335496,1.6599060233634677,0.24089753526951235,-0.0730729833318539,1.6609761099930531,0.24089753526951235,-0.0730729833318539,1.6609761099930531,0.0,0.0,0.0,4.469964411821452,0.07449940686369086
1.36999999999996,0.23915433053893248,-0.07210689306017623,1.6599102723791552,0.24089753526951235,-0.0730729833318539,1.6609761099930531,0.24089753526951235,-0.0730729833318539,1.6609761099930531,0.0,0.0,0.0,4.470654394220026,0.07451090657033377
1.3709999999999598,0.23915996992164618,-0.0721108328719041,1.659914590200884,0.24089753526951235,-0.0730729833318539,1.6609761099930531,0.24089753526951235,-0.0730729833318539,1.6609761099930531,0.0,0.0,0.0,4.4713429156198385,0.07452238192699731
1.3719999999999597,0.23916575244881533,-0.07211483295187952,1.6599189756753518,0.24089753526951235,-0.0730729833318539,1.6609761099930531,0.24089753526951235,-0.0730729833318539,1.6609761099930531,0.0,0.0,0.0,4.472029928625388,0.07453383214375647
1.3729999999999596,0.23917167576290937,-0.07211889228596394,1.6599234276526442,0.24089753526951235,-0.0730729833318539,1.6609761099930531,0.24089753526951235,-0.0730729833318539,1.6609761099930531,0.0,0.0,0.0,4.47271538632819,0.07454525643880316
1.3739999999999595,0.23917773751807883,-0.07212300986265335,1.6599279449863533,0.24089753526951235,-0.0730729833318539,1.6609761099930531,0.24089753526951235,-0.0730729833318539,1.6609761099930531,0.0,0.0,0.0,4.473399242310313,0.07455665403850521
1.3749999999999594,0.23918393538026797,-0.07212718467318961,1.6599325265336935,0.24089753526951235,-0.0730729833318539,1.6609761099930531,0.24089753526951235,-0.0730729833318539,1.6609761099930531,0.0,0.0,0.0,4.474081450647346,0.07456802417745577
1.3759999999999593,0.23919026702732588,-0.07213141571167096,1.6599371711556186,0.24089753526951235,-0.0730729833318539,1.6609761099930531,0.24089753526951235,-0.0730729833318539,1.6609761099930531,0.0,0.0,0.0,4.4747619659108375,0.07457936609851396
1.3769999999999591,0.23919673014911408,-0.07213570197515959,1.6599418777169306,0.24089753526951235,-0.0730729833318539,1.6609761099930531,0.24089753526951235,-0.0730729833318539,1.6609761099930531,0.0,0.0,0.0,4.475440743171168,0.0745906790528528
1.377999999999959,0.23920332244761455,-0.072140042463788,1.6599466450863924,0.24089753526951235,-0.0730729833318539,1.6609761099930531,0.24089753526951235,-0.0730729833318539,1.6609761099930531,0.0,0.0,0.0,4.476117737999965,0.07460196229999941
1.378999999999959,0.23921004163703213,-0.0721444361808648,1.659951472136836,0.24089753526951235,-0.0730729833318539,1.6609761099930531,0.24089753526951235,-0.0730729833318539,1.6609761099930531,0.0,0.0,0.0,4.476792906472841,0.07461321510788069
1.3799999999999588,0.23921688544389752,-0.07214888213297475,1.6599563577452685,0.24089753526951235,-0.0730729833318539,1.6609761099930531,0.24089753526951235,-0.0730729833318539,1.6609761099930531,0.0,0.0,0.0,4.477466205171109,0.07462443675285182
1.3809999999999587,0.23922385160716764,-0.07215337933008242,1.6599613007929765,0.24089753526951235,-0.0730729833318539,1.6609761099930531,0.24089753526951235,-0.0730729833318539,1.6609761099930531,0.0,0.0,0.0,4.478137591184406,0.0746356265197401
1.3819999999999586,0.23923093787832217,-0.07215792678563016,1.6599663001656293,0.24089753526951235,-0.0730729833318539,1.6609761099930531,0.24089753526951235,-0.0730729833318539,1.6609761099930531,0.0,0.0,0.0,4.47880702211242,0.07464678370187366
1.3829999999999585,0.23923814202146135,-0.07216252351663535,1.6599713547533785,0.24089753526951235,-0.0730729833318539,1.6609761099930531,0.24089753526951235,-0.0730729833318539,1.6609761099930531,0.0,0.0,0.0,4.479474456067215,0.07465790760112025
1.3839999999999584,0.2392454618133974,-0.0721671685437865,1.659976463450959,0.24089753526951235,-0.0730729833318539,1.6609761099930531,0.24089753526951235,-0.0730729833318539,1.6609761099930531,0.0,0.0,0.0,4.480139851674799,0.07466899752791331
1.3849999999999583,0.23925289504374694,-0.0721718608915368,1.659981625157781,0.24089753526951235,-0.0730729833318539,1.6609761099930531,0.24089753526951235,-0.0730729833318539,1.6609761099930531,0.0,0.0,0.0,4.480803168076526,0.07468005280127543
1.3859999999999582,0.23926043951502102,-0.07217659958819697,1.659986838778031,0.24089753526951235,-0.0730729833318539,1.6609761099930531,0.24089753526951235,-0.0730729833318539,1.6609761099930531,0.0,0.0,0.0,4.481464364931507,0.07469107274885846
1.386999999999958,0.23926809304271124,-0.07218138366602561,1.6599921032207599,0.24089753526951235,-0.0730729833318539,1.6609761099930531,0.24089753526951235,-0.0730729833318539,1.6609761099930531,0.0,0.0,0.0,4.482123402417191,0.07470205670695318
1.387999999999958,0.239275853455376,-0.07218621216131718,1.6599974173999763,0.24089753526951235,-0.0730729833318539,1.6609761099930531,0.24089753526951235,-0.0730729833318539,1.6609761099930531,0.0,0.0,0.0,4.482780241231327,0.07471300402052213
1.3889999999999578,0.23928371859472208,-0.0721910841144902,1.660002780234736,0.24089753526951235,-0.0730729833318539,1.6609761099930531,0.24089753526951235,-0.0730729833318539,1.6609761099930531,0.0,0.0,0.0,4.483434842592242,0.07472391404320404
1.3899999999999577,0.23929168631568754,-0.07219599857017162,1.6600081906492272,0.24089753526951235,-0.0730729833318539,1.6609761099930531,0.24089753526951235,-0.0730729833318539,1.6609761099930531,0.0,0.0,0.0,4.484087168243208,0.07473478613738681
1.3909999999999576,0.23929975448651997,-0.07220095457728193,1.6600136475728595,0.24089753526951235,-0.0730729833318539,1.6609761099930531,0.24089753526951235,-0.0730729833318539,1.6609761099930531,0.0,0.0,0.0,4.48473718044876,0.074745619674146
1.3919999999999575,0.23930792098885278,-0.07220595118911585,1.660019149940345,0.24089753526951235,-0.0730729833318539,1.6609761099930531,0.24089753526951235,-0.0730729833318539,1.6609761099930531,0.0,0.0,0.0,4.4853848419986475,0.07475641403331079
1.3929999999999574,0.23931618371778066,-0.07221098746342376,1.6600246966917815,0.24089753526951235,-0.0730729833318539,1.6609761099930531,0.24089753526951235,-0.0730729833318539,1.6609761099930531,0.0,0.0,0.0,4.486030116207715,0.07476716860346191
1.3939999999999573,0.23932454058193225,-0.07221606246248959,1.6600302867727312,0.24089753526951235,-0.0730729833318539,1.6609761099930531,0.24089753526951235,-0.0730729833318539,1.6609761099930531,0.0,0.0,0.0,4.486672966917115,0.07477788278195191
1.3949999999999572,0.2393329895035411,-0.07222117525320963,1.660035919134301,0.24089753526951235,-0.0730729833318539,1.6609761099930531,0.24089753526951235,-0.0730729833318539,1.6609761099930531,0.0,0.0,0.0,4.487313358495036,0.07478855597491726
1.395999999999957,0.2393415284185144,-0.07222632490716584,1.660041592733219,0.24089753526951235,-0.0730729833318539,1.6609761099930531,0.24089753526951235,-0.0730729833318539,1.6609761099930531,0.0,0.0,0.0,4.487951255836498,0.07479918759727495
1.396999999999957,0.23935015527649925,-0.07223151050070155,1.6600473065319077,0.24089753526951235,-0.0730729833318539,1.6609761099930531,0.24089753526951235,-0.0730729833318539,1.6609761099930531,0.0,0.0,0.0,4.488586624364456,0.07480977707274093
1.3979999999999568,0.23935886804094764,-0.07223673111499328,1.6600530594985583,0.24089753526951235,-0.0730729833318539,1.6609761099930531,0.24089753526951235,-0.0730729833318539,1.6609761099930531,0.0,0.0,0.0,4.489219430029816,0.07482032383383026
1.3989999999999567,0.23936766468918028,-0.07224198583612114,1.660058850607204,0.24089753526951235,-0.0730729833318539,1.6609761099930531,0.24089753526951235,-0.0730729833318539,1.6609761099930531,0.0,0.0,0.0,4.489849639311948,0.0748308273218658
1.3999999999999566,0.23937654321244534,-0.07224727375513906,1.660064678837785,0.24089753526951235,-0.0730729833318539,1.6609761099930531,0.24089753526951235,-0.0730729833318539,1.6609761099930531,0.0,0.0,0.0,4.490477219218408,0.07484128698697347
1.4009999999999565,0.23938550161597838,-0.0722525939681407,1.660070543176221,0.24089753526951235,-0.0730729833318539,1.6609761099930531,0.24089753526951235,-0.0730729833318539,1.6609761099930531,0.0,0.0,0.0,4.491102137285523,0.07485170228809206
1.4019999999999564,0.23939453791905985,-0.0722579455763279,1.6600764426144772,0.24089753526951235,-0.0730729833318539,1.6609761099930531,0.24089753526951235,-0.0730729833318539,1.6609761099930531,0.0,0.0,0.0,4.491724361577866,0.07486207269296444
1.4029999999999563,0.2394036501550676,-0.07226332768607302,1.660082376150626,0.24089753526951235,-0.0730729833318539,1.6609761099930531,0.24089753526951235,-0.0730729833318539,1.6609761099930531,0.0,0.0,0.0,4.492343860688093,0.07487239767813489
1.4039999999999562,0.23941283637153266,-0.0722687394089836,1.6600883427889126,0.24089753526951235,-0.0730729833318539,1.6609761099930531,0.24089753526951235,-0.0730729833318539,1.6609761099930531,0.0,0.0,0.0,4.492960603737353,0.07488267672895588
1.404999999999956,0.23942209463018826,-0.07227417986196225,1.6600943415398162,0.24089753526951235,-0.0730729833318539,1.6609761099930531,0.24089753526951235,-0.0730729833318539,1.6609761099930531,0.0,0.0,0.0,4.493574560374496,0.07489290933957493
1.405999999999956,0.23943142300701956,-0.07227964816726885,1.6601003714201092,0.24089753526951235,-0.0730729833318539,1.6609761099930531,0.24089753526951235,-0.0730729833318539,1.6609761099930531,0.0,0.0,0.0,4.49418570077587,0.07490309501293117
1.4069999999999558,0.23944081959231034,-0.07228514345257674,1.6601064314529157,0.24089753526951235,-0.0730729833318539,1.6609761099930531,0.24089753526951235,-0.0730729833318539,1.6609761099930531,0.0,0.0,0.0,4.49479399564463,0.07491323326074384
1.4079999999999557,0.23945028249068873,-0.07229066485103199,1.6601125206677694,0.24089753526951235,-0.0730729833318539,1.6609761099930531,0.24089753526951235,-0.0730729833318539,1.6609761099930531,0.0,0.0,0.0,4.495399416210234,0.0749233236035039
1.4089999999999556,0.23945980982117082,-0.07229621150130697,1.660118638100665,0.24089753526951235,-0.0730729833318539,1.6609761099930531,0.24089753526951235,-0.0730729833318539,1.6609761099930531,0.0,0.0,0.0,4.496001934227723,0.07493336557046205
1.4099999999999555,0.2394693997172008,-0.07230178254765605,1.6601247827941168,0.24089753526951235,-0.0730729833318539,1.6609761099930531,0.24089753526951235,-0.0730729833318539,1.6609761099930531,0.0,0.0,0.0,4.496601521977503,0.07494335869962505
1.4109999999999554,0.23947905032669153,-0.07230737713996722,1.6601309537972062,0.24089753526951235,-0.0730729833318539,1.6609761099930531,0.24089753526951235,-0.0730729833318539,1.6609761099930531,0.0,0.0,0.0,4.497198152263799,0.07495330253772998
1.4119999999999553,0.2394887598120628,-0.07231299443381453,1.6601371501656355,0.24089753526951235,-0.0730729833318539,1.6609761099930531,0.24089753526951235,-0.0730729833318539,1.6609761099930531,0.0,0.0,0.0,4.497791798414234,0.07496319664023723
1.4129999999999552,0.23949852635027497,-0.07231863359050597,1.6601433709617732,0.24089753526951235,-0.0730729833318539,1.6609761099930531,0.24089753526951235,-0.0730729833318539,1.6609761099930531,0.0,0.0,0.0,4.498382434278695,0.07497304057131159
1.413999999999955,0.23950834813286592,-0.07232429377713427,1.6601496152547048,0.24089753526951235,-0.0730729833318539,1.6609761099930531,0.24089753526951235,-0.0730729833318539,1.6609761099930531,0.0,0.0,0.0,4.4989700342284555,0.0749828339038076
1.414999999999955,0.23951822336598122,-0.07232997416662175,1.6601558821202786,0.24089753526951235,-0.0730729833318539,1.6609761099930531,0.24089753526951235,-0.0730729833318539,1.6609761099930531,0.0,0.0,0.0,4.4995545731548034,0.07499257621924672
1.4159999999999549,0.23952815027040575,-0.0723356739377684,1.660162170641146,0.24089753526951235,-0.0730729833318539,1.6609761099930531,0.24089753526951235,-0.0730729833318539,1.6609761099930531,0.0,0.0,0.0,4.5001360264677635,0.07500226710779606
1.4169999999999547,0.23953812708159072,-0.07234139227529328,1.660168479906809,0.24089753526951235,-0.0730729833318539,1.6609761099930531,0.24089753526951235,-0.0730729833318539,1.6609761099930531,0.0,0.0,0.0,4.500714370095544,0.07501190616825906
1.4179999999999546,0.23954815204968222,-0.07234712836987953,1.6601748090136608,0.24089753526951235,-0.0730729833318539,1.6609761099930531,0.24089753526951235,-0.0730729833318539,1.6609761099930531,0.0,0.0,0.0,4.501289580482333,0.07502149300803888
1.4189999999999545,0.23955822343954555,-0.07235288141821523,1.6601811570650231,0.24089753526951235,-0.0730729833318539,1.6609761099930531,0.24089753526951235,-0.0730729833318539,1.6609761099930531,0.0,0.0,0.0,4.501861634587153,0.07503102724311922
1.4199999999999544,0.2395683395307886,-0.07235865062303393,1.6601875231711887,0.24089753526951235,-0.0730729833318539,1.6609761099930531,0.24089753526951235,-0.0730729833318539,1.6609761099930531,0.0,0.0,0.0,4.502430509882713,0.07504050849804522
1.4209999999999543,0.23957849861778308,-0.07236443519315308,1.6601939064494555,0.24089753526951235,-0.0730729833318539,1.6609761099930531,0.24089753526951235,-0.0730729833318539,1.6609761099930531,0.0,0.0,0.0,4.502996184353579,0.07504993640589298
1.4219999999999542,0.2395886990096842,-0.07237023434351186,1.6602003060241637,0.24089753526951235,-0.0730729833318539,1.6609761099930531,0.24089753526951235,-0.0730729833318539,1.6609761099930531,0.0,0.0,0.0,4.503558636494316,0.0750593106082386
1.422999999999954,0.23959893903045032,-0.07237604729520686,1.660206721026732,0.24089753526951235,-0.0730729833318539,1.6609761099930531,0.24089753526951235,-0.0730729833318539,1.6609761099930531,0.0,0.0,0.0,4.504117845308342,0.07506863075513905
1.423999999999954,0.23960921701885748,-0.07238187327552917,1.660213150595686,0.24089753526951235,-0.0730729833318539,1.6609761099930531,0.24089753526951235,-0.0730729833318539,1.6609761099930531,0.0,0.0,0.0,4.504673790305706,0.0750778965050951
1.4249999999999539,0.23961953132851432,-0.072387711517995,1.6602195938766946,0.24089753526951235,-0.0730729833318539,1.6609761099930531,0.24089753526951235,-0.0730729833318539,1.6609761099930531,0.0,0.0,0.0,4.50522645150179,0.07508710752502984
1.4259999999999537,0.2396298803278768,-0.07239356126238075,1.6602260500225983,0.24089753526951235,-0.0730729833318539,1.6609761099930531,0.24089753526951235,-0.0730729833318539,1.6609761099930531,0.0,0.0,0.0,4.505775809414794,0.07509626349024656
1.4269999999999536,0.23964026240025788,-0.07239942175475284,1.6602325181934383,0.24089753526951235,-0.0730729833318539,1.6609761099930531,0.24089753526951235,-0.0730729833318539,1.6609761099930531,0.0,0.0,0.0,4.506321845064243,0.07510536408440406
1.4279999999999535,0.2396506759438373,-0.07240529224749795,1.660238997556485,0.24089753526951235,-0.0730729833318539,1.6609761099930531,0.24089753526951235,-0.0730729833318539,1.6609761099930531,0.0,0.0,0.0,4.506864539969059,0.07511440899948432
1.4289999999999534,0.23966111937167017,-0.07241117199935149,1.6602454872862626,0.24089753526951235,-0.0730729833318539,1.6609761099930531,0.24089753526951235,-0.0730729833318539,1.6609761099930531,0.0,0.0,0.0,4.507403876144907,0.07512339793574845
1.4299999999999533,0.23967159111169428,-0.07241706027542598,1.6602519865645773,0.24089753526951235,-0.0730729833318539,1.6609761099930531,0.24089753526951235,-0.0730729833318539,1.6609761099930531,0.0,0.0,0.0,4.507939836103182,0.0751323306017197
1.4309999999999532,0.2396820896067327,-0.07242295634723692,1.6602584945805388,0.24089753526951235,-0.0730729833318539,1.6609761099930531,0.24089753526951235,-0.0730729833318539,1.6609761099930531,0.0,0.0,0.0,4.508472402847532,0.07514120671412552
1.431999999999953,0.23969261331449887,-0.07242885949272665,1.6602650105305827,0.24089753526951235,-0.0730729833318539,1.6609761099930531,0.24089753526951235,-0.0730729833318539,1.6609761099930531,0.0,0.0,0.0,4.509001559872762,0.07515002599787937
1.432999999999953,0.23970316070759806,-0.07243476899629049,1.6602715336184946,0.24089753526951235,-0.0730729833318539,1.6609761099930531,0.24089753526951235,-0.0730729833318539,1.6609761099930531,0.0,0.0,0.0,4.509527291161704,0.0751587881860284
1.4339999999999529,0.23971373027352663,-0.07244068414879787,1.6602780630554264,0.24089753526951235,-0.0730729833318539,1.6609761099930531,0.24089753526951235,-0.0730729833318539,1.6609761099930531,0.0,0.0,0.0,4.51004958118345,0.07516749301972417
1.4349999999999528,0.2397243205146713,-0.07244660424761479,1.6602845980599183,0.24089753526951235,-0.0730729833318539,1.6609761099930531,0.24089753526951235,-0.0730729833318539,1.6609761099930531,0.0,0.0,0.0,4.5105684148908916,0.07517614024818152
1.4359999999999526,0.2397349299483058,-0.07245252859662324,1.6602911378579157,0.24089753526951235,-0.0730729833318539,1.6609761099930531,0.24089753526951235,-0.0730729833318539,1.6609761099930531,0.0,0.0,0.0,4.511083777717953,0.07518472962863255
1.4369999999999525,0.2397455571065865,-0.07245845650624223,1.6602976816827852,0.24089753526951235,-0.0730729833318539,1.6609761099930531,0.24089753526951235,-0.0730729833318539,1.6609761099930531,0.0,0.0,0.0,4.511595655577336,0.07519326092628893
1.4379999999999524,0.23975620053654625,-0.07246438729344375,1.6603042287753296,0.24089753526951235,-0.0730729833318539,1.6609761099930531,0.24089753526951235,-0.0730729833318539,1.6609761099930531,0.0,0.0,0.0,4.512104034858288,0.07520173391430479
1.4389999999999523,0.23976685880008738,-0.07247032028177143,1.6603107783838036,0.24089753526951235,-0.0730729833318539,1.6609761099930531,0.24089753526951235,-0.0730729833318539,1.6609761099930531,0.0,0.0,0.0,4.512608902423591,0.07521014837372651
1.4399999999999522,0.23977753047397155,-0.07247625480135668,1.6603173297639247,0.24089753526951235,-0.0730729833318539,1.6609761099930531,0.24089753526951235,-0.0730729833318539,1.6609761099930531,0.0,0.0,0.0,4.513110245607056,0.07521850409345093
1.440999999999952,0.23978821414981052,-0.07248219018893241,1.6603238821788873,0.24089753526951235,-0.0730729833318539,1.6609761099930531,0.24089753526951235,-0.0730729833318539,1.6609761099930531,0.0,0.0,0.0,4.513608052211036,0.07522680087018394
1.441999999999952,0.23979890843405405,-0.07248812578784752,1.6603304348993726,0.24089753526951235,-0.0730729833318539,1.6609761099930531,0.24089753526951235,-0.0730729833318539,1.6609761099930531,0.0,0.0,0.0,4.514102310503407,0.07523503850839013
1.4429999999999519,0.2398096119479758,-0.07249406094807977,1.6603369872035572,0.24089753526951235,-0.0730729833318539,1.6609761099930531,0.24089753526951235,-0.0730729833318539,1.6609761099930531,0.0,0.0,0.0,4.514593009215076,0.07524321682025127
1.4439999999999518,0.2398203233276587,-0.0724999950262471,1.6603435383771235,0.24089753526951235,-0.0730729833318539,1.6609761099930531,0.24089753526951235,-0.0730729833318539,1.6609761099930531,0.0,0.0,0.0,4.515080137537213,0.07525133562562021
1.4449999999999517,0.23983104122397936,-0.07250592738561856,1.660350087713264,0.24089753526951235,-0.0730729833318539,1.6609761099930531,0.24089753526951235,-0.0730729833318539,1.6609761099930531,0.0,0.0,0.0,4.515563685117878,0.07525939475196464
1.4459999999999515,0.23984176430259113,-0.07251185739612387,1.6603566345126928,0.24089753526951235,-0.0730729833318539,1.6609761099930531,0.24089753526951235,-0.0730729833318539,1.6609761099930531,0.0,0.0,0.0,4.5160436420604135,0.07526739403434023
1.4469999999999514,0.23985249124390265,-0.07251778443436215,1.6603631780836465,0.24089753526951235,-0.0730729833318539,1.6609761099930531,0.24089753526951235,-0.0730729833318539,1.6609761099930531,0.0,0.0,0.0,4.516519998918842,0.07527533331531402
1.4479999999999513,0.23986322074306,-0.07252370788360891,1.6603697177418901,0.24089753526951235,-0.0730729833318539,1.6609761099930531,0.24089753526951235,-0.0730729833318539,1.6609761099930531,0.0,0.0,0.0,4.51699274669626,0.07528321244493766
1.4489999999999512,0.23987395150992447,-0.07252962713382373,1.6603762528107193,0.24089753526951235,-0.0730729833318539,1.6609761099930531,0.24089753526951235,-0.0730729833318539,1.6609761099930531,0.0,0.0,0.0,4.517461876841214,0.0752910312806869
1.449999999999951,0.23988468226904852,-0.07253554158165486,1.6603827826209636,0.24089753526951235,-0.0730729833318539,1.6609761099930531,0.24089753526951235,-0.0730729833318539,1.6609761099930531,0.0,0.0,0.0,4.517927381244958,0.07529878968741596
1.450999999999951,0.2398954117596529,-0.07254145063044516,1.6603893065109891,0.24089753526951235,-0.0730729833318539,1.6609761099930531,0.24089753526951235,-0.0730729833318539,1.6609761099930531,0.0,0.0,0.0,4.518389252238196,0.07530648753730326
1.4519999999999509,0.23990613873560024,-0.07254735369023381,1.6603958238266945,0.24089753526951235,-0.0730729833318539,1.6609761099930531,0.24089753526951235,-0.0730729833318539,1.6609761099930531,0.0,0.0,0.0,4.518847482587997,0.07531412470979995
1.4529999999999508,0.23991686196536843,-0.0725532501777611,1.6604023339215153,0.24089753526951235,-0.0730729833318539,1.6609761099930531,0.24089753526951235,-0.0730729833318539,1.6609761099930531,0.0,0.0,0.0,4.519302065495091,0.07532170109158484
1.4539999999999507,0.2399275802320221,-0.07255913951646886,1.6604088361564155,0.24089753526951235,-0.0730729833318539,1.6609761099930531,0.24089753526951235,-0.0730729833318539,1.6609761099930531,0.0,0.0,0.0,4.519752994589749,0.07532921657649581
1.4549999999999506,0.23993829233318392,-0.0725650211365027,1.6604153298998934,0.24089753526951235,-0.0730729833318539,1.6609761099930531,0.24089753526951235,-0.0730729833318539,1.6609761099930531,0.0,0.0,0.0,4.5202002639303664,0.07533667106550611
1.4559999999999504,0.2399489970810035,-0.07257089447471048,1.66042181452797,0.24089753526951235,-0.0730729833318539,1.6609761099930531,0.24089753526951235,-0.0730729833318539,1.6609761099930531,0.0,0.0,0.0,4.520643867997921,0.07534406446663203
1.4569999999999503,0.23995969330212585,-0.07257675897464225,1.6604282894241902,0.24089753526951235,-0.0730729833318539,1.6609761099930531,0.24089753526951235,-0.0730729833318539,1.6609761099930531,0.0,0.0,0.0,4.521083801694706,0.07535139669491177
1.4579999999999502,0.2399703798376578,-0.07258261408654883,1.6604347539796136,0.24089753526951235,-0.0730729833318539,1.6609761099930531,0.24089753526951235,-0.0730729833318539,1.6609761099930531,0.0,0.0,0.0,4.521520060339904,0.07535866767233174
1.4589999999999501,0.23998105554313348,-0.07258845926737786,1.6604412075928077,0.24089753526951235,-0.0730729833318539,1.6609761099930531,0.24089753526951235,-0.0730729833318539,1.6609761099930531,0.0,0.0,0.0,4.521952639666908,0.0753658773277818
1.45999999999995,0.23999171928848012,-0.07259429398077169,1.6604476496698468,0.24089753526951235,-0.0730729833318539,1.6609761099930531,0.24089753526951235,-0.0730729833318539,1.6609761099930531,0.0,0.0,0.0,4.52238153582009,0.0753730255970015
1.46099999999995,0.2400023699579808,-0.07260011769706207,1.660454079624294,0.24089753526951235,-0.0730729833318539,1.6609761099930531,0.24089753526951235,-0.0730729833318539,1.6609761099930531,0.0,0.0,0.0,4.5228067453500795,0.07538011242250132
1.4619999999999498,0.24001300645023615,-0.07260592989326475,1.6604604968772,0.24089753526951235,-0.0730729833318539,1.6609761099930531,0.24089753526951235,-0.0730729833318539,1.6609761099930531,0.0,0.0,0.0,4.523228265212949,0.07538713775354915
1.4629999999999497,0.24002362767812638,-0.07261173005307489,1.6604669008570903,0.24089753526951235,-0.0730729833318539,1.6609761099930531,0.24089753526951235,-0.0730729833318539,1.6609761099930531,0.0,0.0,0.0,4.523646092764292,0.07539410154607153
1.4639999999999496,0.2400342325687705,-0.07261751766685774,1.6604732909999536,0.24089753526951235,-0.0730729833318539,1.6609761099930531,0.24089753526951235,-0.0730729833318539,1.6609761099930531,0.0,0.0,0.0,4.524060225757319,0.07540100376262199
1.4649999999999495,0.24004482006348593,-0.07262329223164359,1.6604796667492323,0.24089753526951235,-0.0730729833318539,1.6609761099930531,0.24089753526951235,-0.0730729833318539,1.6609761099930531,0.0,0.0,0.0,4.524470662338987,0.07540784437231646
1.4659999999999493,0.24005538911774554,-0.07262905325111696,1.6604860275558069,0.24089753526951235,-0.0730729833318539,1.6609761099930531,0.24089753526951235,-0.0730729833318539,1.6609761099930531,0.0,0.0,0.0,4.524877401046217,0.07541462335077027
1.4669999999999492,0.2400659387011353,-0.07263480023560887,1.6604923728779866,0.24089753526951235,-0.0730729833318539,1.6609761099930531,0.24089753526951235,-0.0730729833318539,1.6609761099930531,0.0,0.0,0.0,4.5252804408030975,0.07542134068005163
1.4679999999999491,0.24007646779730896,-0.07264053270208573,1.660498702181491,0.24089753526951235,-0.0730729833318539,1.6609761099930531,0.24089753526951235,-0.0730729833318539,1.6609761099930531,0.0,0.0,0.0,4.525679780916909,0.07542799634861515
1.468999999999949,0.24008697540394408,-0.07264625017414005,1.6605050149394396,0.24089753526951235,-0.0730729833318539,1.6609761099930531,0.24089753526951235,-0.0730729833318539,1.6609761099930531,0.0,0.0,0.0,4.526075421074949,0.07543459035124915
1.469999999999949,0.2400974605326937,-0.07265195218197645,1.660511310632333,0.24089753526951235,-0.0730729833318539,1.6609761099930531,0.24089753526951235,-0.0730729833318539,1.6609761099930531,0.0,0.0,0.0,4.526467361340589,0.0754411226890098
1.4709999999999488,0.24010792220914043,-0.07265763826240128,1.6605175887480366,0.24089753526951235,-0.0730729833318539,1.6609761099930531,0.24089753526951235,-0.0730729833318539,1.6609761099930531,0.0,0.0,0.0,4.526855602149979,0.07544759336916632
1.4719999999999487,0.24011835947274907,-0.07266330795880951,1.6605238487817677,0.24089753526951235,-0.0730729833318539,1.6609761099930531,0.24089753526951235,-0.0730729833318539,1.6609761099930531,0.0,0.0,0.0,4.527240144308755,0.07545400240514592
1.4729999999999486,0.24012877137681357,-0.07266896082116957,1.6605300902360693,0.24089753526951235,-0.0730729833318539,1.6609761099930531,0.24089753526951235,-0.0730729833318539,1.6609761099930531,0.0,0.0,0.0,4.527620988987444,0.0754603498164574
1.4739999999999485,0.24013915698841015,-0.07267459640600975,1.6605363126207984,0.24089753526951235,-0.0730729833318539,1.6609761099930531,0.24089753526951235,-0.0730729833318539,1.6609761099930531,0.0,0.0,0.0,4.527998137719723,0.07546663562866204
1.4749999999999484,0.24014951538834595,-0.07268021427640375,1.6605425154531075,0.24089753526951235,-0.0730729833318539,1.6609761099930531,0.24089753526951235,-0.0730729833318539,1.6609761099930531,0.0,0.0,0.0,4.528371592397214,0.0754728598732869
1.4759999999999482,0.24015984567110404,-0.07268581400195326,1.6605486982574174,0.24089753526951235,-0.0730729833318539,1.6609761099930531,0.24089753526951235,-0.0730729833318539,1.6609761099930531,0.0,0.0,0.0,4.5287413552657485,0.07547902258776247
1.4769999999999481,0.24017014694479238,-0.07269139515877208,1.660554860565401,0.24089753526951235,-0.0730729833318539,1.6609761099930531,0.24089753526951235,-0.0730729833318539,1.6609761099930531,0.0,0.0,0.0,4.529107428923443,0.07548512381539071
1.477999999999948,0.2401804183310906,-0.0726969573294691,1.6605610019159653,0.24089753526951235,-0.0730729833318539,1.6609761099930531,0.24089753526951235,-0.0730729833318539,1.6609761099930531,0.0,0.0,0.0,4.529469816315749,0.07549116360526248
1.478999999999948,0.2401906589651932,-0.07270250010313091,1.6605671218552214,0.24089753526951235,-0.0730729833318539,1.6609761099930531,0.24089753526951235,-0.0730729833318539,1.6609761099930531,0.0,0.0,0.0,4.529828520731531,0.07549714201219218
1.4799999999999478,0.24020086799575407,-0.07270802307530158,1.6605732199364667,0.24089753526951235,-0.0730729833318539,1.6609761099930531,0.24089753526951235,-0.0730729833318539,1.6609761099930531,0.0,0.0,0.0,4.5301835458006385,0.0755030590966773
1.4809999999999477,0.2402110445848301,-0.07271352584796473,1.6605792957201613,0.24089753526951235,-0.0730729833318539,1.6609761099930531,0.24089753526951235,-0.0730729833318539,1.6609761099930531,0.0,0.0,0.0,4.5305348954893185,0.07550891492482198
1.4819999999999476,0.2402211879078262,-0.07271900802952455,1.6605853487739053,0.24089753526951235,-0.0730729833318539,1.6609761099930531,0.24089753526951235,-0.0730729833318539,1.6609761099930531,0.0,0.0,0.0,4.530882574096782,0.0755147095682797
1.4829999999999475,0.2402312971534311,-0.0727244692347832,1.660591378672406,0.24089753526951235,-0.0730729833318539,1.6609761099930531,0.24089753526951235,-0.0730729833318539,1.6609761099930531,0.0,0.0,0.0,4.531226586251263,0.07552044310418772
1.4839999999999474,0.24024137152356445,-0.07272990908492107,1.6605973849974633,0.24089753526951235,-0.0730729833318539,1.6609761099930531,0.24089753526951235,-0.0730729833318539,1.6609761099930531,0.0,0.0,0.0,4.53156693690737,0.07552611561512283
1.4849999999999473,0.24025141023331326,-0.072735327207476,1.6606033673379383,0.24089753526951235,-0.0730729833318539,1.6609761099930531,0.24089753526951235,-0.0730729833318539,1.6609761099930531,0.0,0.0,0.0,4.531903631341329,0.07553172718902215
1.4859999999999471,0.24026141251087135,-0.07274072323631897,1.6606093252897247,0.24089753526951235,-0.0730729833318539,1.6609761099930531,0.24089753526951235,-0.0730729833318539,1.6609761099930531,0.0,0.0,0.0,4.532236675147433,0.07553727791912389
1.486999999999947,0.24027137759748127,-0.07274609681163406,1.66061525845573,0.24089753526951235,-0.0730729833318539,1.6609761099930531,0.24089753526951235,-0.0730729833318539,1.6609761099930531,0.0,0.0,0.0,4.532566074235161,0.07554276790391935
1.487999999999947,0.2402813047473652,-0.0727514475798915,1.660621166445834,0.24089753526951235,-0.0730729833318539,1.6609761099930531,0.24089753526951235,-0.0730729833318539,1.6609761099930531,0.0,0.0,0.0,4.532891834823844,0.07554819724706406
1.4889999999999468,0.24029119322767045,-0.072756775193828,1.6606270488768768,0.24089753526951235,-0.0730729833318539,1.6609761099930531,0.24089753526951235,-0.0730729833318539,1.6609761099930531,0.0,0.0,0.0,4.533213963441303,0.07555356605735504
1.4899999999999467,0.24030104231839927,-0.07276207931241893,1.6606329053726177,0.24089753526951235,-0.0730729833318539,1.6609761099930531,0.24089753526951235,-0.0730729833318539,1.6609761099930531,0.0,0.0,0.0,4.5335324669178245,0.07555887444863041
1.4909999999999466,0.2403108513123462,-0.07276735960085483,1.6606387355637091,0.24089753526951235,-0.0730729833318539,1.6609761099930531,0.24089753526951235,-0.0730729833318539,1.6609761099930531,0.0,0.0,0.0,4.533847352384017,0.07556412253973362
1.4919999999999465,0.24032061951503386,-0.07277261573051584,1.6606445390876687,0.24089753526951235,-0.0730729833318539,1.6609761099930531,0.24089753526951235,-0.0730729833318539,1.6609761099930531,0.0,0.0,0.0,4.53415862726659,0.07556931045444318
1.4929999999999464,0.24033034624464855,-0.07277784737894578,1.6606503155888521,0.24089753526951235,-0.0730729833318539,1.6609761099930531,0.24089753526951235,-0.0730729833318539,1.6609761099930531,0.0,0.0,0.0,4.534466299284657,0.07557443832141095
1.4939999999999463,0.24034003083196867,-0.07278305422982517,1.6606560647184097,0.24089753526951235,-0.0730729833318539,1.6609761099930531,0.24089753526951235,-0.0730729833318539,1.6609761099930531,0.0,0.0,0.0,4.534770376445338,0.07557950627408896
1.4949999999999461,0.2403496726203033,-0.07278823597294462,1.6606617861342696,0.24089753526951235,-0.0730729833318539,1.6609761099930531,0.24089753526951235,-0.0730729833318539,1.6609761099930531,0.0,0.0,0.0,4.535070867042039,0.07558451445070065
1.495999999999946,0.24035927096542142,-0.07279339230417743,1.6606674795010976,0.24089753526951235,-0.0730729833318539,1.6609761099930531,0.24089753526951235,-0.0730729833318539,1.6609761099930531,0.0,0.0,0.0,4.535367779648262,0.0755894629941377
1.496999999999946,0.24036882523548264,-0.0727985229254512,1.660673144490265,0.24089753526951235,-0.0730729833318539,1.6609761099930531,0.24089753526951235,-0.0730729833318539,1.6609761099930531,0.0,0.0,0.0,4.535661123115608,0.0755943520519268
1.4979999999999458,0.24037833481097048,-0.07280362754471949,1.6606787807798165,0.24089753526951235,-0.0730729833318539,1.6609761099930531,0.24089753526951235,-0.0730729833318539,1.6609761099930531,0.0,0.0,0.0,4.535950906569538,0.07559918177615897
1.4989999999999457,0.24038779908462365,-0.07280870587593359,1.660684388054442,0.24089753526951235,-0.0730729833318539,1.6609761099930531,0.24089753526951235,-0.0730729833318539,1.6609761099930531,0.0,0.0,0.0,4.536237139406103,0.07560395232343506
1.4999999999999456,0.24039721746136117,-0.07281375763901253,1.6606899660054335,0.24089753526951235,-0.0730729833318539,1.6609761099930531,0.24089753526951235,-0.0730729833318539,1.6609761099930531,0.0,0.0,0.0,4.536519831287171,0.07560866385478618
1.5009999999999455,0.2404065893582163,-0.0728187825598136,1.6606955143306603,0.24089753526951235,-0.0730729833318539,1.6609761099930531,0.24089753526951235,-0.0730729833318539,1.6609761099930531,0.0,0.0,0.0,4.536798992137948,0.07561331653563247
