time_s,ee_x,ee_y,ee_z,ref_x,ref_y,ref_z,actor_goal_x,actor_goal_y,actor_goal_z,force_x_n,force_y_n,force_z_n,max_abs_ctrl,max_control_fraction
0.001,0.24089753526951235,-0.0730729833318539,1.6609761099930531,0.24089753526951235,-0.0730729833318539,1.6609761099930531,0.24089753526951235,-0.0730729833318539,1.6609761099930531,0.0,0.0,0.0,4.534865693479492,0.07558109489132488
0.002,0.24089792617506692,-0.07307301570812491,1.6609760723441913,0.24089753526951235,-0.0730729833318539,1.6609761099930531,0.24089753526951235,-0.0730729833318539,1.6609761099930531,0.0,0.0,0.0,4.543371965735952,0.07572286609559921
0.003,0.24089831937263367,-0.07307305800194208,1.6609758875775094,0.24089753526951235,-0.0730729833318539,1.6609761099930531,0.24089753526951235,-0.0730729833318539,1.6609761099930531,0.0,0.0,0.0,4.546428334659099,0.07577380557765165
0.004,0.2408985959084074,-0.0730730990489868,1.660975551864305,0.24089753526951235,-0.0730729833318539,1.6609761099930531,0.24089753526951235,-0.0730729833318539,1.6609761099930531,0.0,0.0,0.0,4.547257830046676,0.07578763050077793
0.005,0.24089873850627827,-0.07307313315159046,1.6609750987717846,0.24089753526951235,-0.0730729833318539,1.6609761099930531,0.24089753526951235,-0.0730729833318539,1.6609761099930531,0.0,0.0,0.0,4.547114933131309,0.07578524888552181
0.006,0.24089876482285622,-0.07307315754235848,1.6609745717463507,0.24089753526951235,-0.0730729833318539,1.6609761099930531,0.24089753526951235,-0.0730729833318539,1.6609761099930531,0.0,0.0,0.0,4.546480530460921,0.07577467550768202
0.007,0.24089870159190813,-0.07307317118215499,1.660974013170756,0.24089753526951235,-0.0730729833318539,1.6609761099930531,0.24089753526951235,-0.0730729833318539,1.6609761099930531,0.0,0.0,0.0,4.545542338855097,0.07575903898091828
0.008,0.24089857513298557,-0.07307317412966402,1.6609734601938622,0.24089753526951235,-0.0730729833318539,1.6609761099930531,0.24089753526951235,-0.0730729833318539,1.6609761099930531,0.0,0.0,0.0,4.544384565115738,0.07573974275192898
0.009000000000000001,0.2408984082820678,-0.07307316716657666,1.6609729433461156,0.24089753526951235,-0.0730729833318539,1.6609761099930531,0.24089753526951235,-0.0730729833318539,1.6609761099930531,0.0,0.0,0.0,4.5430598967927835,0.07571766494654639
0.010000000000000002,0.24089821975031128,-0.07307315154600319,1.6609724863219646,0.24089753526951235,-0.0730729833318539,1.6609761099930531,0.24089753526951235,-0.0730729833318539,1.6609761099930531,0.0,0.0,0.0,4.541614504652858,0.07569357507754763
0.011000000000000003,0.24089802433408047,-0.07307312880771873,1.6609721062709677,0.24089753526951235,-0.0730729833318539,1.6609761099930531,0.24089753526951235,-0.0730729833318539,1.6609761099930531,0.0,0.0,0.0,4.540094822242718,0.07566824703737864
0.012000000000000004,0.2408978333733201,-0.07307310063548901,1.6609718143260033,0.24089753526951235,-0.0730729833318539,1.6609761099930531,0.24089753526951235,-0.0730729833318539,1.6609761099930531,0.0,0.0,0.0,4.5385477095158455,0.07564246182526409
0.013000000000000005,0.24089765524162357,-0.07307306874498394,1.6609716162508046,0.24089753526951235,-0.0730729833318539,1.6609761099930531,0.24089753526951235,-0.0730729833318539,1.6609761099930531,0.0,0.0,0.0,4.537018604283378,0.0756169767380563
0.014000000000000005,0.24089749580012498,-0.0730730347963328,1.660971513149337,0.24089753526951235,-0.0730729833318539,1.6609761099930531,0.24089753526951235,-0.0730729833318539,1.6609761099930531,0.0,0.0,0.0,4.535549423058677,0.07559249038431128
0.015000000000000006,0.24089735880142438,-0.07307300032772664,1.660971502202941,0.24089753526951235,-0.0730729833318539,1.6609761099930531,0.24089753526951235,-0.0730729833318539,1.6609761099930531,0.0,0.0,0.0,4.534176830346137,0.07556961383910228
0.016000000000000007,0.2408972462469981,-0.07307296670742312,1.6609715774105287,0.24089753526951235,-0.0730729833318539,1.6609761099930531,0.24089753526951235,-0.0730729833318539,1.6609761099930531,0.0,0.0,0.0,4.5329310438632975,0.07554885073105495
0.017000000000000008,0.24089715870516154,-0.07307293510190291,1.6609717303115887,0.24089753526951235,-0.0730729833318539,1.6609761099930531,0.24089753526951235,-0.0730729833318539,1.6609761099930531,0.0,0.0,0.0,4.531835170543433,0.07553058617572388
0.01800000000000001,0.2408970955958083,-0.07307290645807854,1.660971950674705,0.24089753526951235,-0.0730729833318539,1.6609761099930531,0.24089753526951235,-0.0730729833318539,1.6609761099930531,0.0,0.0,0.0,4.5309050069603,0.07551508344933833
0.01900000000000001,0.24089705544625362,-0.07307288149751771,1.6609722271370833,0.24089753526951235,-0.0730729833318539,1.6609761099930531,0.24089753526951235,-0.0730729833318539,1.6609761099930531,0.0,0.0,0.0,4.530149220502436,0.07550248700837393
0.02000000000000001,0.24089703612079266,-0.07307286072069143,1.6609725477834136,0.24089753526951235,-0.0730729833318539,1.6609761099930531,0.24089753526951235,-0.0730729833318539,1.6609761099930531,0.0,0.0,0.0,4.5295698271920575,0.07549283045320096
0.02100000000000001,0.24089703502536214,-0.07307284441931748,1.6609729006553944,0.24089753526951235,-0.0730729833318539,1.6609761099930531,0.24089753526951235,-0.0730729833318539,1.6609761099930531,0.0,0.0,0.0,4.5291628879360015,0.0754860481322667
0.022000000000000013,0.24089704928796563,-0.07307283269495524,1.6609732741862475,0.24089753526951235,-0.0730729833318539,1.6609761099930531,0.24089753526951235,-0.0730729833318539,1.6609761099930531,0.0,0.0,0.0,4.528919353093203,0.07548198921822005
0.023000000000000013,0.24089707591520382,-0.07307282548211944,1.660973657557432,0.24089753526951235,-0.0730729833318539,1.6609761099930531,0.24089753526951235,-0.0730729833318539,1.6609761099930531,0.0,0.0,0.0,4.528825994014689,0.07548043323357814
0.024000000000000014,0.24089711192522356,-0.07307282257432604,1.6609740409774725,0.24089753526951235,-0.0730729833318539,1.6609761099930531,0.24089753526951235,-0.0730729833318539,1.6609761099930531,0.0,0.0,0.0,4.528866369055292,0.07548110615092153
0.025000000000000015,0.24089715445756787,-0.07307282365163924,1.66097441588516,0.24089753526951235,-0.0730729833318539,1.6609761099930531,0.24089753526951235,-0.0730729833318539,1.6609761099930531,0.0,0.0,0.0,4.529021780200675,0.07548369633667791
0.026000000000000016,0.2408972008606809,-0.07307282830847942,1.6609747750814563,0.24089753526951235,-0.0730729833318539,1.6609761099930531,0.24089753526951235,-0.0730729833318539,1.6609761099930531,0.0,0.0,0.0,4.529272184774713,0.0754878697462452
0.027000000000000017,0.24089724875815155,-0.0730728360806264,1.6609751127960344,0.24089753526951235,-0.0730729833318539,1.6609761099930531,0.24089753526951235,-0.0730729833318539,1.6609761099930531,0.0,0.0,0.0,4.529597034544708,0.07549328390907847
0.028000000000000018,0.24089729609509059,-0.07307284647056439,1.6609754246956476,0.24089753526951235,-0.0730729833318539,1.6609761099930531,0.24089753526951235,-0.0730729833318539,1.6609761099930531,0.0,0.0,0.0,4.529976021869081,0.07549960036448469
0.02900000000000002,0.2408973411663448,-0.07307285897049154,1.660975707842375,0.24089753526951235,-0.0730729833318539,1.6609761099930531,0.24089753526951235,-0.0730729833318539,1.6609761099930531,0.0,0.0,0.0,4.530389719215927,0.07550649532026546
0.03000000000000002,0.24089738262847282,-0.07307287308251058,1.6609759606102505,0.24089753526951235,-0.0730729833318539,1.6609761099930531,0.24089753526951235,-0.0730729833318539,1.6609761099930531,0.0,0.0,0.0,4.530820104381417,0.07551366840635694
0.03100000000000002,0.24089741949759108,-0.0730728883356847,1.6609761825689509,0.24089753526951235,-0.0730729833318539,1.6609761099930531,0.24089753526951235,-0.0730729833318539,1.6609761099930531,0.0,0.0,0.0,4.5312509689922695,0.07552084948320449
0.03200000000000002,0.240897451135301,-0.07307290429980251,1.6609763743430512,0.24089753526951235,-0.0730729833318539,1.6609761099930531,0.24089753526951235,-0.0730729833318539,1.6609761099930531,0.0,0.0,0.0,4.531668212361823,0.07552780353936371
0.03300000000000002,0.2408974772249261,-0.0730729205958292,1.6609765374549474,0.24089753526951235,-0.0730729833318539,1.6609761099930531,0.24089753526951235,-0.0730729833318539,1.6609761099930531,0.0,0.0,0.0,4.532060026477263,0.07553433377462104
0.03400000000000002,0.24089749774029218,-0.0730729369031477,1.6609766741589493,0.24089753526951235,-0.0730729833318539,1.6609761099930531,0.24089753526951235,-0.0730729833318539,1.6609761099930531,0.0,0.0,0.0,4.532416980832652,0.07554028301387754
0.035000000000000024,0.24089751290913686,-0.07307295296378022,1.6609767872732417,0.24089753526951235,-0.0730729833318539,1.6609761099930531,0.24089753526951235,-0.0730729833318539,1.6609761099930531,0.0,0.0,0.0,4.532732018020058,0.07554553363366763
0.036000000000000025,0.24089752317314506,-0.0730729685838626,1.6609768800155862,0.24089753526951235,-0.0730729833318539,1.6609761099930531,0.24089753526951235,-0.0730729833318539,1.6609761099930531,0.0,0.0,0.0,4.533000372487291,0.07555000620812152
0.037000000000000026,0.24089752914639462,-0.07307298363270057,1.6609769558476235,0.24089753526951235,-0.0730729833318539,1.6609761099930531,0.24089753526951235,-0.0730729833318539,1.6609761099930531,0.0,0.0,0.0,4.533219425721409,0.07555365709535682
0.03800000000000003,0.24089753157379193,-0.07307299803976815,1.6609770183317139,0.24089753526951235,-0.0730729833318539,1.6609761099930531,0.24089753526951235,-0.0730729833318539,1.6609761099930531,0.0,0.0,0.0,4.533388511402824,0.07555647519004706
0.03900000000000003,0.24089753129084868,-0.07307301179002726,1.660977071003253,0.24089753526951235,-0.0730729833318539,1.6609761099930531,0.24089753526951235,-0.0730729833318539,1.6609761099930531,0.0,0.0,0.0,4.533508683842963,0.07555847806404939
0.04000000000000003,0.24089752918591154,-0.07307302491795821,1.6609771172604941,0.24089753526951235,-0.0730729833318539,1.6609761099930531,0.24089753526951235,-0.0730729833318539,1.6609761099930531,0.0,0.0,0.0,4.533582462383785,0.0755597077063964
0.04100000000000003,0.24089752616570248,-0.07307303750066425,1.6609771602730339,0.24089753526951235,-0.0730729833318539,1.6609761099930531,0.24089753526951235,-0.0730729833318539,1.6609761099930531,0.0,0.0,0.0,4.533613563451032,0.07556022605751721
0.04200000000000003,0.24089752312481422,-0.07307304965040898,1.660977202909356,0.24089753526951235,-0.0730729833318539,1.6609761099930531,0.24089753526951235,-0.0730729833318539,1.6609761099930531,0.0,0.0,0.0,4.533606630717918,0.07556011051196529
0.04300000000000003,0.24089752091955474,-0.07307306150689974,1.6609772476831108,0.24089753526951235,-0.0730729833318539,1.6609761099930531,0.24089753526951235,-0.0730729833318539,1.6609761099930531,0.0,0.0,0.0,4.533566972418675,0.07555944954031125
0.04400000000000003,0.24089752034636847,-0.07307307322960507,1.6609772967173184,0.24089753526951235,-0.0730729833318539,1.6609761099930531,0.24089753526951235,-0.0730729833318539,1.6609761099930531,0.0,0.0,0.0,4.533500313337321,0.07555833855562201
0.04500000000000003,0.240897522124841,-0.07307308499034182,1.6609773517251014,0.24089753526951235,-0.0730729833318539,1.6609761099930531,0.24089753526951235,-0.0730729833318539,1.6609761099930531,0.0,0.0,0.0,4.533412567425473,0.07555687612375789
0.046000000000000034,0.2408975268851756,-0.07307309696633228,1.6609774140053175,0.24089753526951235,-0.0730729833318539,1.6609761099930531,0.24089753526951235,-0.0730729833318539,1.6609761099930531,0.0,0.0,0.0,4.533309635486293,0.07555516059143821
0.047000000000000035,0.24089753515988258,-0.0730731093338883,1.6609774844511624,0.24089753526951235,-0.0730729833318539,1.6609761099930531,0.24089753526951235,-0.0730729833318539,1.6609761099930531,0.0,0.0,0.0,4.533197230874728,0.07555328718124546
0.048000000000000036,0.24089754737932573,-0.07307312226282778,1.6609775635696478,0.24089753526951235,-0.0730729833318539,1.6609761099930531,0.24089753526951235,-0.0730729833318539,1.6609761099930531,0.0,0.0,0.0,4.533080734817258,0.07555134558028763
0.04900000000000004,0.24089756387070205,-0.07307313591170271,1.660977651509871,0.24089753526951235,-0.0730729833318539,1.6609761099930531,0.24089753526951235,-0.0730729833318539,1.6609761099930531,0.0,0.0,0.0,4.532965081742295,0.07554941802903824
0.05000000000000004,0.24089758485997936,-0.07307315042386668,1.660977748097958,0.24089753526951235,-0.0730729833318539,1.6609761099930531,0.24089753526951235,-0.0730729833318539,1.6609761099930531,0.0,0.0,0.0,4.532854673948867,0.07554757789914777
0.05100000000000004,0.240897610476294,-0.07307316592439281,1.6609778528766752,0.24089753526951235,-0.0730729833318539,1.6609761099930531,0.24089753526951235,-0.0730729833318539,1.6609761099930531,0.0,0.0,0.0,4.532753324074524,0.0755458887345754
0.05200000000000004,0.2408976407583063,-0.07307318251781358,1.6609779651478667,0.24089753526951235,-0.0730729833318539,1.6609761099930531,0.24089753526951235,-0.0730729833318539,1.6609761099930531,0.0,0.0,0.0,4.532664223126024,0.07554440371876707
0.05300000000000004,0.2408976756620288,-0.07307320028663959,1.6609780840160195,0.24089753526951235,-0.0730729833318539,1.6609761099930531,0.24089753526951235,-0.0730729833318539,1.6609761099930531,0.0,0.0,0.0,4.532589931315939,0.07554316552193231
0.05400000000000004,0.2408977150696654,-0.07307321929059084,1.6609782084315146,0.24089753526951235,-0.0730729833318539,1.6609761099930531,0.24089753526951235,-0.0730729833318539,1.6609761099930531,0.0,0.0,0.0,4.532532388613305,0.07554220647688842
0.05500000000000004,0.2408977587990495,-0.07307323956646775,1.6609783372323261,0.24089753526951235,-0.0730729833318539,1.6609761099930531,0.24089753526951235,-0.0730729833318539,1.6609761099930531,0.0,0.0,0.0,4.532492941723062,0.0755415490287177
0.05600000000000004,0.24089780661331095,-0.07307326112857992,1.6609784691831886,0.24089753526951235,-0.0730729833318539,1.6609761099930531,0.24089753526951235,-0.0730729833318539,1.6609761099930531,0.0,0.0,0.0,4.532472384170346,0.0755412064028391
0.057000000000000044,0.24089785823045146,-0.07307328396963772,1.6609786030114497,0.24089753526951235,-0.0730729833318539,1.6609761099930531,0.24089753526951235,-0.0730729833318539,1.6609761099930531,0.0,0.0,0.0,4.532471006241145,0.07554118343735242
0.058000000000000045,0.24089791333257993,-0.07307330806202733,1.6609787374391063,0.24089753526951235,-0.0730729833318539,1.6609761099930531,0.24089753526951235,-0.0730729833318539,1.6609761099930531,0.0,0.0,0.0,4.5542133737211845,0.07554147752861878
0.059000000000000045,0.2408979715745955,-0.07307333335937996,1.6609788712106643,0.24089753526951235,-0.0730729833318539,1.6609761099930531,0.24089753526951235,-0.0730729833318539,1.6609761099930531,0.0,0.0,0.0,4.595201010563418,0.07554207964320313
0.060000000000000046,0.24089803259217718,-0.07307335979835344,1.6609790031166973,0.24089753526951235,-0.0730729833318539,1.6609761099930531,0.24089753526951235,-0.0730729833318539,1.6609761099930531,0.0,0.0,0.0,4.633178420501514,0.07554297535477382
0.06100000000000005,0.24089809600897347,-0.07307338730055654,1.6609791320131044,0.24089753526951235,-0.0730729833318539,1.6609761099930531,0.24089753526951235,-0.0730729833318539,1.6609761099930531,0.0,0.0,0.0,4.668122721594682,0.0755441458703145
0.06200000000000005,0.24089816144294485,-0.0730734157745472,1.6609792568362263,0.24089753526951235,-0.0730729833318539,1.6609761099930531,0.24089753526951235,-0.0730729833318539,1.6609761099930531,0.0,0.0,0.0,4.700021056883451,0.07554556901630274
0.06300000000000004,0.24089822851183676,-0.07307344511785066,1.6609793766140526,0.24089753526951235,-0.0730729833318539,1.6609761099930531,0.24089753526951235,-0.0730729833318539,1.6609761099930531,0.0,0.0,0.0,4.7288705922288,0.07554722016169156
0.06400000000000004,0.2408982968378042,-0.07307347521894741,1.6609794904738637,0.24089753526951235,-0.0730729833318539,1.6609761099930531,0.24089753526951235,-0.0730729833318539,1.6609761099930531,0.0,0.0,0.0,4.754678411313165,0.07554907306061383
0.06500000000000004,0.2408983660512264,-0.07307350595919342,1.6609795976466917,0.24089753526951235,-0.0730729833318539,1.6609761099930531,0.24089753526951235,-0.0730729833318539,1.6609761099930531,0.0,0.0,0.0,4.777461312058633,0.07555110060330444
0.06600000000000004,0.24089843579377268,-0.0730735372146444,1.6609796974689972,0.24089753526951235,-0.0730729833318539,1.6609761099930531,0.24089753526951235,-0.0730729833318539,1.6609761099930531,0.0,0.0,0.0,4.797245510734308,0.07555327546877985
0.06700000000000005,0.24089850572079446,-0.07307356885775766,1.660979789382007,0.24089753526951235,-0.0730729833318539,1.6609761099930531,0.24089753526951235,-0.0730729833318539,1.6609761099930531,0.0,0.0,0.0,4.814066261711207,0.075555570677353
0.06800000000000005,0.24089857550312327,-0.07307360075896316,1.6609798729291243,0.24089753526951235,-0.0730729833318539,1.6609761099930531,0.24089753526951235,-0.0730729833318539,1.6609761099930531,0.0,0.0,0.0,4.827967402228014,0.07555796004461944
0.06900000000000005,0.24089864482835743,-0.07307363278808553,1.6609799477518041,0.24089753526951235,-0.0730729833318539,1.6609761099930531,0.24089753526951235,-0.0730729833318539,1.6609761099930531,0.0,0.0,0.0,4.839000832559792,0.07556041854164196
0.07000000000000005,0.2408987134017213,-0.07307366481562465,1.6609800135842827,0.24089753526951235,-0.0730729833318539,1.6609761099930531,0.24089753526951235,-0.0730729833318539,1.6609761099930531,0.0,0.0,0.0,4.847225942679447,0.07556292256830584
0.07100000000000005,0.2408987809465746,-0.07307369671388544,1.6609800702474744,0.24089753526951235,-0.0730729833318539,1.6609761099930531,0.24089753526951235,-0.0730729833318539,1.6609761099930531,0.0,0.0,0.0,4.852708996837958,0.07556545014832995
0.07200000000000005,0.24089884721752686,-0.0730737283599861,1.660980117632921,0.24089753526951235,-0.0730729833318539,1.6609761099930531,0.24089753526951235,-0.0730729833318539,1.6609761099930531,0.0,0.0,0.0,4.855529471494862,0.0755679884273928
0.07300000000000005,0.2408989119972938,-0.0730737596342321,1.6609801556801438,0.24089753526951235,-0.0730729833318539,1.6609761099930531,0.24089753526951235,-0.0730729833318539,1.6609761099930531,0.0,0.0,0.0,4.855782076968549,0.07557053062348246
0.07400000000000005,0.24089897508838987,-0.07307379041992572,1.6609801843545837,0.24089753526951235,-0.0730729833318539,1.6609761099930531,0.24089753526951235,-0.0730729833318539,1.6609761099930531,0.0,0.0,0.0,4.853577204614316,0.07557307426752727
0.07500000000000005,0.2408990362857127,-0.07307382060208806,1.6609802036433008,0.24089753526951235,-0.0730729833318539,1.6609761099930531,0.24089753526951235,-0.0730729833318539,1.6609761099930531,0.0,0.0,0.0,4.849030006457946,0.07557560913826035
0.07600000000000005,0.24089909537272053,-0.07307385006745296,1.660980213565126,0.24089753526951235,-0.0730729833318539,1.6609761099930531,0.24089753526951235,-0.0730729833318539,1.6609761099930531,0.0,0.0,0.0,4.842255268180237,0.0755781202314385
0.07700000000000005,0.2408991521296982,-0.07307387870534034,1.6609802141833585,0.24089753526951235,-0.0730729833318539,1.6609761099930531,0.24089753526951235,-0.0730729833318539,1.6609761099930531,0.0,0.0,0.0,4.833365960618717,0.07558059084098061
0.07800000000000006,0.24089920634342457,-0.07307390640883084,1.660980205615836,0.24089753526951235,-0.0730729833318539,1.6609761099930531,0.24089753526951235,-0.0730729833318539,1.6609761099930531,0.0,0.0,0.0,4.822472804178127,0.07558300383261976
0.07900000000000006,0.24089925781532065,-0.07307393307599949,1.6609801880411983,0.24089753526951235,-0.0730729833318539,1.6609761099930531,0.24089753526951235,-0.0730729833318539,1.6609761099930531,0.0,0.0,0.0,4.809684139326721,0.07558534236756245
0.08000000000000006,0.24089930636751658,-0.07307395861108777,1.6609801617013797,0.24089753526951235,-0.0730729833318539,1.6609761099930531,0.24089753526951235,-0.0730729833318539,1.6609761099930531,0.0,0.0,0.0,4.795105884991731,0.07558759044246317
0.08100000000000006,0.24089935184694944,-0.07307398292555306,1.660980126900792,0.24089753526951235,-0.0730729833318539,1.6609761099930531,0.24089753526951235,-0.0730729833318539,1.6609761099930531,0.0,0.0,0.0,4.778841519696831,0.07558973333877446
0.08200000000000006,0.24089939412777198,-0.07307400593894625,1.6609800840027336,0.24089753526951235,-0.0730729833318539,1.6609761099930531,0.24089753526951235,-0.0730729833318539,1.6609761099930531,0.0,0.0,0.0,4.760992067183357,0.07559175799590855
0.08300000000000006,0.2408994331123508,-0.0730740275795983,1.6609800334236067,0.24089753526951235,-0.0730729833318539,1.6609761099930531,0.24089753526951235,-0.0730729833318539,1.6609761099930531,0.0,0.0,0.0,4.741656082101245,0.07559365330441302
0.08400000000000006,0.24089946873114068,-0.07307404778510515,1.6609799756254966,0.24089753526951235,-0.0730729833318539,1.6609761099930531,0.24089753526951235,-0.0730729833318539,1.6609761099930531,0.0,0.0,0.0,4.72092963520164,0.07559541031438831
0.08500000000000006,0.24089950094165358,-0.07307406650260267,1.6609799111076193,0.24089753526951235,-0.0730729833318539,1.6609761099930531,0.24089753526951235,-0.0730729833318539,1.6609761099930531,0.0,0.0,0.0,4.698906298345077,0.07559702235810443
0.08600000000000006,0.24089952972675371,-0.07307408368884813,1.6609798403971494,0.24089753526951235,-0.0730729833318539,1.6609761099930531,0.24089753526951235,-0.0730729833318539,1.6609761099930531,0.0,0.0,0.0,4.67567712977821,0.07559848508979677
0.08700000000000006,0.24089955509245442,-0.07307409931011748,1.660979764039807,0.24089753526951235,-0.0730729833318539,1.6609761099930531,0.24089753526951235,-0.0730729833318539,1.6609761099930531,0.0,0.0,0.0,4.6513306600963364,0.07559979644896092
0.08800000000000006,0.24089957706538656,-0.07307411334193681,1.6609796825906098,0.24089753526951235,-0.0730729833318539,1.6609761099930531,0.24089753526951235,-0.0730729833318539,1.6609761099930531,0.0,0.0,0.0,4.625952879261437,0.07560095655626867
0.08900000000000007,0.24089959569008018,-0.07307412576867502,1.660979596605087,0.24089753526951235,-0.0730729833318539,1.6609761099930531,0.24089753526951235,-0.0730729833318539,1.6609761099930531,0.0,0.0,0.0,4.599627225038963,0.07560196755265557
0.09000000000000007,0.24089961102618038,-0.07307413658301538,1.6609795066311908,0.24089753526951235,-0.0730729833318539,1.6609761099930531,0.24089753526951235,-0.0730729833318539,1.6609761099930531,0.0,0.0,0.0,4.572434573200369,0.07560283339327219
0.09100000000000007,0.24089962314570537,-0.07307414578534105,1.6609794132021098,0.24089753526951235,-0.0730729833318539,1.6609761099930531,0.24089753526951235,-0.0730729833318539,1.6609761099930531,0.0,0.0,0.0,4.544453229863473,0.07560355960825096
0.09200000000000007,0.2408996321304147,-0.0730741533830505,1.6609793168301095,0.24089753526951235,-0.0730729833318539,1.6609761099930531,0.24089753526951235,-0.0730729833318539,1.6609761099930531,0.0,0.0,0.0,4.536249182518021,0.07560415304196702
0.09300000000000007,0.24089963806937348,-0.07307415938983527,1.6609792180014673,0.24089753526951235,-0.0730729833318539,1.6609761099930531,0.24089753526951235,-0.0730729833318539,1.6609761099930531,0.0,0.0,0.0,4.536277294908234,0.0756046215818039
0.09400000000000007,0.24089964105674283,-0.07307416382493803,1.6609791171725499,0.24089753526951235,-0.0730729833318539,1.6609761099930531,0.24089753526951235,-0.0730729833318539,1.6609761099930531,0.0,0.0,0.0,4.536298433191133,0.07560497388651889
0.09500000000000007,0.2408996411898345,-0.07307416671241274,1.6609790147669945,0.24089753526951235,-0.0730729833318539,1.6609761099930531,0.24089753526951235,-0.0730729833318539,1.6609761099930531,0.0,0.0,0.0,4.536313147374853,0.07560521912291421
0.09600000000000007,0.2408996385674556,-0.07307416808040929,1.6609789111739768,0.24089753526951235,-0.0730729833318539,1.6609761099930531,0.24089753526951235,-0.0730729833318539,1.6609761099930531,0.0,0.0,0.0,4.536322003097439,0.07560536671829064
0.09700000000000007,0.24089963328853028,-0.07307416796048644,1.6609788067474482,0.24089753526951235,-0.0730729833318539,1.6609761099930531,0.24089753526951235,-0.0730729833318539,1.6609761099930531,0.0,0.0,0.0,4.536325568071016,0.07560542613451693
0.09800000000000007,0.24089962545101903,-0.07307416638698203,1.6609787018062803,0.24089753526951235,-0.0730729833318539,1.6609761099930531,0.24089753526951235,-0.0730729833318539,1.6609761099930531,0.0,0.0,0.0,4.536324400095509,0.07560540666825849
0.09900000000000007,0.2408996151510952,-0.07307416339642964,1.6609785966351693,0.24089753526951235,-0.0730729833318539,1.6609761099930531,0.24089753526951235,-0.0730729833318539,1.6609761099930531,0.0,0.0,0.0,4.5363190368157165,0.07560531728026194
0.10000000000000007,0.24089960248258108,-0.07307415902704799,1.660978491486191,0.24089753526951235,-0.0730729833318539,1.6609761099930531,0.24089753526951235,-0.0730729833318539,1.6609761099930531,0.0,0.0,0.0,4.536309987324298,0.07560516645540497
0.10100000000000008,0.24089958753660484,-0.07307415331828922,1.6609783865808767,0.24089753526951235,-0.0730729833318539,1.6609761099930531,0.24089753526951235,-0.0730729833318539,1.6609761099930531,0.0,0.0,0.0,4.536297725636192,0.07560496209393654
0.10200000000000008,0.24089957040144738,-0.07307414631045796,1.660978282112657,0.24089753526951235,-0.0730729833318539,1.6609761099930531,0.24089753526951235,-0.0730729833318539,1.6609761099930531,0.0,0.0,0.0,4.536282685990395,0.07560471143317325
0.10300000000000008,0.24089955116256126,-0.07307413804439501,1.66097817824959,0.24089753526951235,-0.0730729833318539,1.6609761099930531,0.24089753526951235,-0.0730729833318539,1.6609761099930531,0.0,0.0,0.0,4.536265259892622,0.07560442099821037
0.10400000000000008,0.24089952990271285,-0.07307412856122525,1.6609780751372136,0.24089753526951235,-0.0730729833318539,1.6609761099930531,0.24089753526951235,-0.0730729833318539,1.6609761099930531,0.0,0.0,0.0,4.536245794752141,0.07560409657920235
0.10500000000000008,0.24089950670222993,-0.07307411790216355,1.6609779729014493,0.24089753526951235,-0.0730729833318539,1.6609761099930531,0.24089753526951235,-0.0730729833318539,1.6609761099930531,0.0,0.0,0.0,4.536224593947238,0.07560374323245396
0.10600000000000008,0.24089948163931282,-0.07307410610837092,1.6609778716514445,0.24089753526951235,-0.0730729833318539,1.6609761099930531,0.24089753526951235,-0.0730729833318539,1.6609761099930531,0.0,0.0,0.0,4.536201918121163,0.07560336530201939
0.10700000000000008,0.24089945479039196,-0.07307409322086039,1.6609777714822933,0.24089753526951235,-0.0730729833318539,1.6609761099930531,0.24089753526951235,-0.0730729833318539,1.6609761099930531,0.0,0.0,0.0,4.536177987500974,0.07560296645834956
0.10800000000000008,0.24089942623050248,-0.07307407928044043,1.6609776724775553,0.24089753526951235,-0.0730729833318539,1.6609761099930531,0.24089753526951235,-0.0730729833318539,1.6609761099930531,0.0,0.0,0.0,4.5361529850228735,0.07560254975038122
0.10900000000000008,0.24089939603364913,-0.07307406432768994,1.6609775747115425,0.24089753526951235,-0.0730729833318539,1.6609761099930531,0.24089753526951235,-0.0730729833318539,1.6609761099930531,0.0,0.0,0.0,4.5361270600575825,0.07560211766762638
0.11000000000000008,0.24089936427315287,-0.07307404840295771,1.660977478251326,0.24089753526951235,-0.0730729833318539,1.6609761099930531,0.24089753526951235,-0.0730729833318539,1.6609761099930531,0.0,0.0,0.0,4.53610033252859,0.07560167220880983
0.11100000000000008,0.24089933102195807,-0.07307403154638324,1.6609773831584493,0.24089753526951235,-0.0730729833318539,1.6609761099930531,0.24089753526951235,-0.0730729833318539,1.6609761099930531,0.0,0.0,0.0,4.536072897240836,0.07560121495401394
0.11200000000000009,0.24089929635289414,-0.0730740137979253,1.660977289490347,0.24089753526951235,-0.0730729833318539,1.6609761099930531,0.24089753526951235,-0.0730729833318539,1.6609761099930531,0.0,0.0,0.0,4.536044828250372,0.0756007471375062
0.11300000000000009,0.24089926033887882,-0.0730739951973986,1.660977197301464,0.24089753526951235,-0.0730729833318539,1.6609761099930531,0.24089753526951235,-0.0730729833318539,1.6609761099930531,0.0,0.0,0.0,4.5360161831276535,0.07560026971879423
0.11400000000000009,0.240899223053065,-0.07307397578451279,1.6609771066440855,0.24089753526951235,-0.0730729833318539,1.6609761099930531,0.24089753526951235,-0.0730729833318539,1.6609761099930531,0.0,0.0,0.0,4.535987006993021,0.07559978344988368
0.11500000000000009,0.24089918456892634,-0.07307395559890463,1.6609770175689111,0.24089753526951235,-0.0730729833318539,1.6609761099930531,0.24089753526951235,-0.0730729833318539,1.6609761099930531,0.0,0.0,0.0,4.535957336228668,0.07559928893714446
0.11600000000000009,0.24089914496028386,-0.07307393468016829,1.66097693012539,0.24089753526951235,-0.0730729833318539,1.6609761099930531,0.24089753526951235,-0.0730729833318539,1.6609761099930531,0.0,0.0,0.0,4.535927201789271,0.07559878669648784
0.11700000000000009,0.24089910430127748,-0.07307391306787334,1.660976844361847,0.24089753526951235,-0.0730729833318539,1.6609761099930531,0.24089753526951235,-0.0730729833318539,1.6609761099930531,0.0,0.0,0.0,4.5358966320633085,0.07559827720105514
0.11800000000000009,0.24089906266628752,-0.07307389080157338,1.660976760325436,0.24089753526951235,-0.0730729833318539,1.6609761099930531,0.24089753526951235,-0.0730729833318539,1.6609761099930531,0.0,0.0,0.0,4.5358656552576795,0.07559776092096132
0.11900000000000009,0.2408990201298118,-0.07307386792080214,1.6609766780619544,0.24089753526951235,-0.0730729833318539,1.6609761099930531,0.24089753526951235,-0.0730729833318539,1.6609761099930531,0.0,0.0,0.0,4.535834301295119,0.07559723835491865
0.12000000000000009,0.24089897676630775,-0.07307384446505767,1.6609765976155544,0.24089753526951235,-0.0730729833318539,1.6609761099930531,0.24089753526951235,-0.0730729833318539,1.6609761099930531,0.0,0.0,0.0,4.535802603233857,0.07559671005389762
0.1210000000000001,0.24089893265000353,-0.07307382047377471,1.6609765190283723,0.24089753526951235,-0.0730729833318539,1.6609761099930531,0.24089753526951235,-0.0730729833318539,1.6609761099930531,0.0,0.0,0.0,4.53577059823218,0.075596176637203
0.1220000000000001,0.2408988878546922,-0.07307379598628488,1.6609764423401256,0.24089753526951235,-0.0730729833318539,1.6609761099930531,0.24089753526951235,-0.0730729833318539,1.6609761099930531,0.0,0.0,0.0,4.535738328095096,0.07559563880158494
0.1230000000000001,0.2408988424535091,-0.07307377104176742,1.6609763675876887,0.24089753526951235,-0.0730729833318539,1.6609761099930531,0.24089753526951235,-0.0730729833318539,1.6609761099930531,0.0,0.0,0.0,4.535705839443983,0.07559509732406638
0.1240000000000001,0.24089879651870655,-0.07307374567919034,1.660976294804675,0.24089753526951235,-0.0730729833318539,1.6609761099930531,0.24089753526951235,-0.0730729833318539,1.6609761099930531,0.0,0.0,0.0,4.535673183562497,0.07559455305937494
0.12500000000000008,0.24089875012142903,-0.07307371993724515,1.6609762240210542,0.24089753526951235,-0.0730729833318539,1.6609761099930531,0.24089753526951235,-0.0730729833318539,1.6609761099930531,0.0,0.0,0.0,4.535640415972001,0.07559400693286668
0.12600000000000008,0.2408987033314956,-0.07307369385427565,1.6609761552628108,0.24089753526951235,-0.0730729833318539,1.6609761099930531,0.24089753526951235,-0.0730729833318539,1.6609761099930531,0.0,0.0,0.0,4.535607595791554,0.07559345992985923
0.12700000000000009,0.24089865621719642,-0.07307366746820212,1.660976088551659,0.24089753526951235,-0.0730729833318539,1.6609761099930531,0.24089753526951235,-0.0730729833318539,1.6609761099930531,0.0,0.0,0.0,4.5355747849386905,0.0755929130823115
0.12800000000000009,0.24089860884510322,-0.07307364081644678,1.6609760239048266,0.24089753526951235,-0.0730729833318539,1.6609761099930531,0.24089753526951235,-0.0730729833318539,1.6609761099930531,0.0,0.0,0.0,4.535542047223887,0.07559236745373146
0.1290000000000001,0.24089856127990433,-0.07307361393585568,1.660975961334909,0.24089753526951235,-0.0730729833318539,1.6609761099930531,0.24089753526951235,-0.0730729833318539,1.6609761099930531,0.0,0.0,0.0,4.535509447385873,0.07559182412309788
0.1300000000000001,0.24089851358425682,-0.07307358686262364,1.6609759008497977,0.24089753526951235,-0.0730729833318539,1.6609761099930531,0.24089753526951235,-0.0730729833318539,1.6609761099930531,0.0,0.0,0.0,4.53547705011493,0.07559128416858217
0.1310000000000001,0.24089846581866997,-0.07307355963222342,1.6609758424526762,0.24089753526951235,-0.0730729833318539,1.6609761099930531,0.24089753526951235,-0.0730729833318539,1.6609761099930531,0.0,0.0,0.0,4.535444919099453,0.07559074865165755
0.1320000000000001,0.240898418041405,-0.07307353227933636,1.6609757861420917,0.24089753526951235,-0.0730729833318539,1.6609761099930531,0.24089753526951235,-0.0730729833318539,1.6609761099930531,0.0,0.0,0.0,4.535413116132195,0.07559021860220325
0.1330000000000001,0.24089837030840613,-0.07307350483779225,1.6609757319120826,0.24089753526951235,-0.0730729833318539,1.6609761099930531,0.24089753526951235,-0.0730729833318539,1.6609761099930531,0.0,0.0,0.0,4.535381700297121,0.07558969500495201
0.1340000000000001,0.24089832267325334,-0.0730734773405105,1.6609756797523683,0.24089753526951235,-0.0730729833318539,1.6609761099930531,0.24089753526951235,-0.0730729833318539,1.6609761099930531,0.0,0.0,0.0,4.535350727261794,0.07558917878769657
0.1350000000000001,0.2408982751871354,-0.0730734498194531,1.6609756296485847,0.24089753526951235,-0.0730729833318539,1.6609761099930531,0.24089753526951235,-0.0730729833318539,1.6609761099930531,0.0,0.0,0.0,4.535320248684852,0.0755886708114142
0.1360000000000001,0.24089822789884657,-0.07307342230558109,1.6609755815825558,0.24089753526951235,-0.0730729833318539,1.6609761099930531,0.24089753526951235,-0.0730729833318539,1.6609761099930531,0.0,0.0,0.0,4.5352903117477865,0.07558817186246311
0.1370000000000001,0.2408981808548006,-0.07307339482882047,1.6609755355326006,0.24089753526951235,-0.0730729833318539,1.6609761099930531,0.24089753526951235,-0.0730729833318539,1.6609761099930531,0.0,0.0,0.0,4.535260958815001,0.07558768264691668
0.1380000000000001,0.24089813409906075,-0.07307336741803448,1.6609754914738595,0.24089753526951235,-0.0730729833318539,1.6609761099930531,0.24089753526951235,-0.0730729833318539,1.6609761099930531,0.0,0.0,0.0,4.535232227217451,0.07558720378695752
0.1390000000000001,0.2408980876733849,-0.07307334010100337,1.6609754493786304,0.24089753526951235,-0.0730729833318539,1.6609761099930531,0.24089753526951235,-0.0730729833318539,1.6609761099930531,0.0,0.0,0.0,4.535204149155835,0.07558673581926391
0.1400000000000001,0.24089804161727968,-0.07307331290441155,1.660975409216713,0.24089753526951235,-0.0730729833318539,1.6609761099930531,0.24089753526951235,-0.0730729833318539,1.6609761099930531,0.0,0.0,0.0,4.5351767517143555,0.07558627919523926
0.1410000000000001,0.24089799596806574,-0.07307328585384047,1.6609753709557493,0.24089753526951235,-0.0730729833318539,1.6609761099930531,0.24089753526951235,-0.0730729833318539,1.6609761099930531,0.0,0.0,0.0,4.535150056971623,0.07558583428286038
0.1420000000000001,0.2408979507609486,-0.07307325897376851,1.6609753345615499,0.24089753526951235,-0.0730729833318539,1.6609761099930531,0.24089753526951235,-0.0730729833318539,1.6609761099930531,0.0,0.0,0.0,4.535124082197932,0.07558540136996553
0.1430000000000001,0.24089790602909333,-0.07307323228757479,1.660975299998411,0.24089753526951235,-0.0730729833318539,1.6609761099930531,0.24089753526951235,-0.0730729833318539,1.6609761099930531,0.0,0.0,0.0,4.535098840123769,0.07558498066872948
0.1440000000000001,0.24089786180370348,-0.07307320581754997,1.660975267229413,0.24089753526951235,-0.0730729833318539,1.6609761099930531,0.24089753526951235,-0.0730729833318539,1.6609761099930531,0.0,0.0,0.0,4.535074339263521,0.07558457232105868
0.1450000000000001,0.24089781811409658,-0.07307317958490815,1.6609752362166836,0.24089753526951235,-0.0730729833318539,1.6609761099930531,0.24089753526951235,-0.0730729833318539,1.6609761099930531,0.0,0.0,0.0,4.535050584280978,0.07558417640468297
0.1460000000000001,0.24089777498778564,-0.07307315360980635,1.660975206921656,0.24089753526951235,-0.0730729833318539,1.6609761099930531,0.24089753526951235,-0.0730729833318539,1.6609761099930531,0.0,0.0,0.0,4.535027576383729,0.0755837929397288
0.1470000000000001,0.24089773245055057,-0.07307312791136156,1.6609751793052816,0.24089753526951235,-0.0730729833318539,1.6609761099930531,0.24089753526951235,-0.0730729833318539,1.6609761099930531,0.0,0.0,0.0,4.5350053137298385,0.07558342189549731
0.1480000000000001,0.240897690526513,-0.07307310250767578,1.6609751533282244,0.24089753526951235,-0.0730729833318539,1.6609761099930531,0.24089753526951235,-0.0730729833318539,1.6609761099930531,0.0,0.0,0.0,4.534983791837961,0.07558306319729935
0.1490000000000001,0.24089764923820445,-0.0730730774158589,1.6609751289510284,0.24089753526951235,-0.0730729833318539,1.6609761099930531,0.24089753526951235,-0.0730729833318539,1.6609761099930531,0.0,0.0,0.0,4.534963003990067,0.07558271673316778
0.1500000000000001,0.24089760860662954,-0.07307305265205272,1.660975106134257,0.24089753526951235,-0.0730729833318539,1.6609761099930531,0.24089753526951235,-0.0730729833318539,1.6609761099930531,0.0,0.0,0.0,4.534942941615344,0.07558238236025573
0.1510000000000001,0.24089756865132822,-0.07307302823145903,1.6609750848386056,0.24089753526951235,-0.0730729833318539,1.6609761099930531,0.24089753526951235,-0.0730729833318539,1.6609761099930531,0.0,0.0,0.0,4.534923594651288,0.0755820599108548
0.1520000000000001,0.24089752939042847,-0.07307300416836358,1.6609750650249957,0.24089753526951235,-0.0730729833318539,1.6609761099930531,0.24089753526951235,-0.0730729833318539,1.6609761099930531,0.0,0.0,0.0,4.534904951875127,0.07558174919791878
0.1530000000000001,0.2408974908407001,-0.07307298047616427,1.660975046654646,0.24089753526951235,-0.0730729833318539,1.6609761099930531,0.24089753526951235,-0.0730729833318539,1.6609761099930531,0.0,0.0,0.0,4.534887001199991,0.07558145001999984
0.1540000000000001,0.24089745301760102,-0.07307295716739523,1.6609750296891241,0.24089753526951235,-0.0730729833318539,1.6609761099930531,0.24089753526951235,-0.0730729833318539,1.6609761099930531,0.0,0.0,0.0,4.534869729936329,0.07558116216560548
0.1550000000000001,0.24089741593531638,-0.07307293425375312,1.660975014090385,0.24089753526951235,-0.0730729833318539,1.6609761099930531,0.24089753526951235,-0.0730729833318539,1.6609761099930531,0.0,0.0,0.0,4.534853125015696,0.07558088541692826
0.1560000000000001,0.24089737960680296,-0.07307291174612143,1.6609749998207948,0.24089753526951235,-0.0730729833318539,1.6609761099930531,0.24089753526951235,-0.0730729833318539,1.6609761099930531,0.0,0.0,0.0,4.534837173176673,0.07558061955294454
0.1570000000000001,0.24089734404382346,-0.0730728896545951,1.6609749868431467,0.24089753526951235,-0.0730729833318539,1.6609761099930531,0.24089753526951235,-0.0730729833318539,1.6609761099930531,0.0,0.0,0.0,4.534821861115887,0.07558036435193145
0.1580000000000001,0.24089730925697853,-0.07307286798850277,1.6609749751206595,0.24089753526951235,-0.0730729833318539,1.6609761099930531,0.24089753526951235,-0.0730729833318539,1.6609761099930531,0.0,0.0,0.0,4.534807175604389,0.07558011959340648
0.1590000000000001,0.24089727525574106,-0.0730728467564293,1.6609749646169834,0.24089753526951235,-0.0730729833318539,1.6609761099930531,0.24089753526951235,-0.0730729833318539,1.6609761099930531,0.0,0.0,0.0,4.5347931035748195,0.07557988505958033
0.16000000000000011,0.24089724204848662,-0.07307282596623772,1.6609749552961954,0.24089753526951235,-0.0730729833318539,1.6609761099930531,0.24089753526951235,-0.0730729833318539,1.6609761099930531,0.0,0.0,0.0,4.5347796321782665,0.07557966053630444
0.16100000000000012,0.240897209642517,-0.07307280562508849,1.6609749471227833,0.24089753526951235,-0.0730729833318539,1.6609761099930531,0.24089753526951235,-0.0730729833318539,1.6609761099930531,0.0,0.0,0.0,4.534766748818372,0.07557944581363954
0.16200000000000012,0.24089717804409566,-0.07307278573946085,1.6609749400616494,0.24089753526951235,-0.0730729833318539,1.6609761099930531,0.24089753526951235,-0.0730729833318539,1.6609761099930531,0.0,0.0,0.0,4.534754441166438,0.0755792406861073
0.16300000000000012,0.2408971472584697,-0.07307276631517061,1.660974934078093,0.24089753526951235,-0.0730729833318539,1.6609761099930531,0.24089753526951235,-0.0730729833318539,1.6609761099930531,0.0,0.0,0.0,4.5347426971568945,0.0755790449526149
0.16400000000000012,0.24089711728989843,-0.0730727473573898,1.660974929137804,0.24089753526951235,-0.0730729833318539,1.6609761099930531,0.24089753526951235,-0.0730729833318539,1.6609761099930531,0.0,0.0,0.0,4.534731504972747,0.07557885841621245
0.16500000000000012,0.24089708814168426,-0.0730727288706639,1.660974925206867,0.24089753526951235,-0.0730729833318539,1.6609761099930531,0.24089753526951235,-0.0730729833318539,1.6609761099930531,0.0,0.0,0.0,4.534720853021122,0.07557868088368537
0.16600000000000012,0.24089705981619522,-0.07307271085892952,1.660974922251746,0.24089753526951235,-0.0730729833318539,1.6609761099930531,0.24089753526951235,-0.0730729833318539,1.6609761099930531,0.0,0.0,0.0,4.534710729900182,0.07557851216500303
0.16700000000000012,0.2408970323148978,-0.0730726933255317,1.6609749202392925,0.24089753526951235,-0.0730729833318539,1.6609761099930531,0.24089753526951235,-0.0730729833318539,1.6609761099930531,0.0,0.0,0.0,4.534701124366933,0.07557835207278221
0.16800000000000012,0.240897005638383,-0.07307267627324157,1.660974919136748,0.24089753526951235,-0.0730729833318539,1.6609761099930531,0.24089753526951235,-0.0730729833318539,1.6609761099930531,0.0,0.0,0.0,4.534692025300807,0.07557820042168012
0.16900000000000012,0.2408969797863964,-0.07307265970427118,1.6609749189117424,0.24089753526951235,-0.0730729833318539,1.6609761099930531,0.24089753526951235,-0.0730729833318539,1.6609761099930531,0.0,0.0,0.0,4.534683421669218,0.0755780570278203
0.17000000000000012,0.24089695475786854,-0.0730726436202924,1.6609749195323098,0.24089753526951235,-0.0730729833318539,1.6609761099930531,0.24089753526951235,-0.0730729833318539,1.6609761099930531,0.0,0.0,0.0,4.534675302498052,0.07557792170830087
0.17100000000000012,0.2408969305509439,-0.07307262802245146,1.660974920966892,0.24089753526951235,-0.0730729833318539,1.6609761099930531,0.24089753526951235,-0.0730729833318539,1.6609761099930531,0.0,0.0,0.0,4.534667656842903,0.07557779428071505
0.17200000000000013,0.24089690716301312,-0.0730726129113873,1.660974923184353,0.24089753526951235,-0.0730729833318539,1.6609761099930531,0.24089753526951235,-0.0730729833318539,1.6609761099930531,0.0,0.0,0.0,4.534660473768099,0.07557767456280165
0.17300000000000013,0.2408968845907421,-0.07307259828724545,1.6609749261539906,0.24089753526951235,-0.0730729833318539,1.6609761099930531,0.24089753526951235,-0.0730729833318539,1.6609761099930531,0.0,0.0,0.0,4.5346537423301605,0.07557756237216934
0.17400000000000013,0.24089686283010503,-0.07307258414969695,1.6609749298455487,0.24089753526951235,-0.0730729833318539,1.6609761099930531,0.24089753526951235,-0.0730729833318539,1.6609761099930531,0.0,0.0,0.0,4.534647451566423,0.07557745752610705
0.17500000000000013,0.24089684187641391,-0.0730725704979529,1.660974934229233,0.24089753526951235,-0.0730729833318539,1.6609761099930531,0.24089753526951235,-0.0730729833318539,1.6609761099930531,0.0,0.0,0.0,4.534641590490537,0.07557735984150896
0.17600000000000013,0.24089682172435023,-0.07307255733078165,1.660974939275725,0.24089753526951235,-0.0730729833318539,1.6609761099930531,0.24089753526951235,-0.0730729833318539,1.6609761099930531,0.0,0.0,0.0,4.534636148092045,0.07557726913486743
0.17700000000000013,0.24089680236799593,-0.07307254464652486,1.6609749449561917,0.24089753526951235,-0.0730729833318539,1.6609761099930531,0.24089753526951235,-0.0730729833318539,1.6609761099930531,0.0,0.0,0.0,4.534631113341357,0.07557718522235594
0.17800000000000013,0.2408967838008641,-0.07307253244311428,1.6609749512423053,0.24089753526951235,-0.0730729833318539,1.6609761099930531,0.24089753526951235,-0.0730729833318539,1.6609761099930531,0.0,0.0,0.0,4.53462647519957,0.07557710791999282
0.17900000000000013,0.24089676601592674,-0.07307252071808606,1.6609749581062447,0.24089753526951235,-0.0730729833318539,1.6609761099930531,0.24089753526951235,-0.0730729833318539,1.6609761099930531,0.0,0.0,0.0,4.534622222629647,0.07557703704382744
0.18000000000000013,0.24089674900564875,-0.07307250946860044,1.6609749655207209,0.24089753526951235,-0.0730729833318539,1.6609761099930531,0.24089753526951235,-0.0730729833318539,1.6609761099930531,0.0,0.0,0.0,4.534618344613888,0.07557697241023147
0.18100000000000013,0.24089673276201198,-0.07307249869145377,1.6609749734589725,0.24089753526951235,-0.0730729833318539,1.6609761099930531,0.24089753526951235,-0.0730729833318539,1.6609761099930531,0.0,0.0,0.0,4.534614830168479,0.07557691383614132
0.18200000000000013,0.24089671727654632,-0.07307248838309716,1.6609749818947803,0.24089753526951235,-0.0730729833318539,1.6609761099930531,0.24089753526951235,-0.0730729833318539,1.6609761099930531,0.0,0.0,0.0,4.534611668364402,0.0755768611394067
0.18300000000000013,0.240896702540355,-0.07307247853965132,1.6609749908024718,0.24089753526951235,-0.0730729833318539,1.6609761099930531,0.24089753526951235,-0.0730729833318539,1.6609761099930531,0.0,0.0,0.0,4.5346088483451865,0.07557681413908644
0.18400000000000014,0.24089668854414314,-0.07307246915692206,1.6609750001569292,0.24089753526951235,-0.0730729833318539,1.6609761099930531,0.24089753526951235,-0.0730729833318539,1.6609761099930531,0.0,0.0,0.0,4.534606359346157,0.07557677265576929
0.18500000000000014,0.24089667527824132,-0.07307246023041519,1.6609750099335865,0.24089753526951235,-0.0730729833318539,1.6609761099930531,0.24089753526951235,-0.0730729833318539,1.6609761099930531,0.0,0.0,0.0,4.534604190711562,0.07557673651185937
0.18600000000000014,0.2408966627326311,-0.07307245175535242,1.6609750201084368,0.24089753526951235,-0.0730729833318539,1.6609761099930531,0.24089753526951235,-0.0730729833318539,1.6609761099930531,0.0,0.0,0.0,4.534602331912622,0.07557670553187704
0.18700000000000014,0.24089665089696977,-0.07307244372668595,1.6609750306580315,0.24089753526951235,-0.0730729833318539,1.6609761099930531,0.24089753526951235,-0.0730729833318539,1.6609761099930531,0.0,0.0,0.0,4.534600772561815,0.07557667954269691
0.18800000000000014,0.24089663976061176,-0.07307243613911282,1.660975041559478,0.24089753526951235,-0.0730729833318539,1.6609761099930531,0.24089753526951235,-0.0730729833318539,1.6609761099930531,0.0,0.0,0.0,4.534599502426127,0.07557665837376878
0.18900000000000014,0.24089662931263184,-0.07307242898708925,1.6609750527904381,0.24089753526951235,-0.0730729833318539,1.6609761099930531,0.24089753526951235,-0.0730729833318539,1.6609761099930531,0.0,0.0,0.0,4.534598511438715,0.07557664185731192
0.19000000000000014,0.24089661954184582,-0.07307242226484433,1.6609750643291266,0.24089753526951235,-0.0730729833318539,1.6609761099930531,0.24089753526951235,-0.0730729833318539,1.6609761099930531,0.0,0.0,0.0,4.5345977897074485,0.07557662982845748
0.19100000000000014,0.24089661043683203,-0.07307241596639434,1.6609750761543072,0.24089753526951235,-0.0730729833318539,1.6609761099930531,0.24089753526951235,-0.0730729833318539,1.6609761099930531,0.0,0.0,0.0,4.5345973275217535,0.07557662212536256
0.19200000000000014,0.24089660198594987,-0.07307241008555562,1.6609750882452876,0.24089753526951235,-0.0730729833318539,1.6609761099930531,0.24089753526951235,-0.0730729833318539,1.6609761099930531,0.0,0.0,0.0,4.534597115356822,0.07557661858928036
0.19300000000000014,0.24089659417735987,-0.07307240461595768,1.6609751005819162,0.24089753526951235,-0.0730729833318539,1.6609761099930531,0.24089753526951235,-0.0730729833318539,1.6609761099930531,0.0,0.0,0.0,4.534597143876459,0.07557661906460765
0.19400000000000014,0.24089658699904212,-0.07307239955105638,1.660975113144576,0.24089753526951235,-0.0730729833318539,1.6609761099930531,0.24089753526951235,-0.0730729833318539,1.6609761099930531,0.0,0.0,0.0,4.534597403933307,0.07557662339888845
0.19500000000000015,0.2408965804388132,-0.07307239488414456,1.6609751259141796,0.24089753526951235,-0.0730729833318539,1.6609761099930531,0.24089753526951235,-0.0730729833318539,1.6609761099930531,0.0,0.0,0.0,4.534597886568088,0.07557663144280147
0.19600000000000015,0.24089657448434468,-0.07307239060836684,1.660975138872163,0.24089753526951235,-0.0730729833318539,1.6609761099930531,0.24089753526951235,-0.0730729833318539,1.6609761099930531,0.0,0.0,0.0,4.534598583006861,0.07557664305011436
0.19700000000000015,0.24089656912317844,-0.07307238671672951,1.6609751520004834,0.24089753526951235,-0.0730729833318539,1.6609761099930531,0.24089753526951235,-0.0730729833318539,1.6609761099930531,0.0,0.0,0.0,4.53459948465722,0.07557665807762033
0.19800000000000015,0.24089656434274515,-0.07307238320211228,1.6609751652816103,0.24089753526951235,-0.0730729833318539,1.6609761099930531,0.24089753526951235,-0.0730729833318539,1.6609761099930531,0.0,0.0,0.0,4.534600583103085,0.07557667638505142
0.19900000000000015,0.24089656013037708,-0.07307238005727974,1.6609751786985232,0.24089753526951235,-0.0730729833318539,1.6609761099930531,0.24089753526951235,-0.0730729833318539,1.6609761099930531,0.0,0.0,0.0,4.53460187010038,0.07557669783500633
0.20000000000000015,0.24089655647332525,-0.07307237727489224,1.6609751922347054,0.24089753526951235,-0.0730729833318539,1.6609761099930531,0.24089753526951235,-0.0730729833318539,1.6609761099930531,0.0,0.0,0.0,4.5346033375698065,0.0755767222928301
0.20100000000000015,0.240896553358774,-0.07307237484751636,1.660975205874137,0.24089753526951235,-0.0730729833318539,1.6609761099930531,0.24089753526951235,-0.0730729833318539,1.6609761099930531,0.0,0.0,0.0,4.534604977591906,0.07557674962653177
0.20200000000000015,0.24089655077385577,-0.07307237276763506,1.6609752196012957,0.24089753526951235,-0.0730729833318539,1.6609761099930531,0.24089753526951235,-0.0730729833318539,1.6609761099930531,0.0,0.0,0.0,4.534606782400778,0.07557677970667963
0.20300000000000015,0.2408965487056633,-0.07307237102765785,1.6609752334011472,0.24089753526951235,-0.0730729833318539,1.6609761099930531,0.24089753526951235,-0.0730729833318539,1.6609761099930531,0.0,0.0,0.0,4.5346087443774366,0.0755768124062906
0.20400000000000015,0.24089654714126557,-0.07307236961993074,1.6609752472591437,0.24089753526951235,-0.0730729833318539,1.6609761099930531,0.24089753526951235,-0.0730729833318539,1.6609761099930531,0.0,0.0,0.0,4.534610856045004,0.07557684760075006
0.20500000000000015,0.24089654606772043,-0.07307236853674594,1.6609752611612203,0.24089753526951235,-0.0730729833318539,1.6609761099930531,0.24089753526951235,-0.0730729833318539,1.6609761099930531,0.0,0.0,0.0,4.534613110063323,0.07557688516772205
0.20600000000000016,0.2408965454720864,-0.0730723677703502,1.6609752750937883,0.24089753526951235,-0.0730729833318539,1.6609761099930531,0.24089753526951235,-0.0730729833318539,1.6609761099930531,0.0,0.0,0.0,4.534615499224245,0.07557692498707075
0.20700000000000016,0.2408965453414359,-0.07307236731295431,1.6609752890437341,0.24089753526951235,-0.0730729833318539,1.6609761099930531,0.24089753526951235,-0.0730729833318539,1.6609761099930531,0.0,0.0,0.0,4.53461801644816,0.07557696694080267
0.20800000000000016,0.2408965456628682,-0.07307236715674247,1.6609753029984133,0.24089753526951235,-0.0730729833318539,1.6609761099930531,0.24089753526951235,-0.0730729833318539,1.6609761099930531,0.0,0.0,0.0,4.534620654780099,0.07557701091300165
0.20900000000000016,0.24089654642351976,-0.07307236729387967,1.6609753169456498,0.24089753526951235,-0.0730729833318539,1.6609761099930531,0.24089753526951235,-0.0730729833318539,1.6609761099930531,0.0,0.0,0.0,4.5346234073879295,0.07557705678979883
0.21000000000000016,0.24089654761057658,-0.07307236771652074,1.6609753308737276,0.24089753526951235,-0.0730729833318539,1.6609761099930531,0.24089753526951235,-0.0730729833318539,1.6609761099930531,0.0,0.0,0.0,4.534626267559498,0.07557710445932497
0.21100000000000016,0.24089654921128403,-0.07307236841681783,1.6609753447713902,0.24089753526951235,-0.0730729833318539,1.6609761099930531,0.24089753526951235,-0.0730729833318539,1.6609761099930531,0.0,0.0,0.0,4.534629228702259,0.07557715381170431
0.21200000000000016,0.24089655121295872,-0.07307236938692879,1.6609753586278353,0.24089753526951235,-0.0730729833318539,1.6609761099930531,0.24089753526951235,-0.0730729833318539,1.6609761099930531,0.0,0.0,0.0,4.534632284342138,0.07557720473903563
0.21300000000000016,0.24089655360299872,-0.07307237061902389,1.660975372432711,0.24089753526951235,-0.0730729833318539,1.6609761099930531,0.24089753526951235,-0.0730729833318539,1.6609761099930531,0.0,0.0,0.0,4.534635428123421,0.07557725713539035
0.21400000000000016,0.24089655636889057,-0.07307237210529355,1.6609753861761096,0.24089753526951235,-0.0730729833318539,1.6609761099930531,0.24089753526951235,-0.0730729833318539,1.6609761099930531,0.0,0.0,0.0,4.5346386538093455,0.07557731089682243
0.21500000000000016,0.2408965594982232,-0.07307237383795537,1.6609753998485663,0.24089753526951235,-0.0730729833318539,1.6609761099930531,0.24089753526951235,-0.0730729833318539,1.6609761099930531,0.0,0.0,0.0,4.534641955282726,0.07557736592137877
0.21600000000000016,0.2408965629786925,-0.07307237580926088,1.6609754134410495,0.24089753526951235,-0.0730729833318539,1.6609761099930531,0.24089753526951235,-0.0730729833318539,1.6609761099930531,0.0,0.0,0.0,4.534645326547321,0.07557742210912202
0.21700000000000016,0.24089656679811244,-0.07307237801150117,1.6609754269449608,0.24089753526951235,-0.0730729833318539,1.6609761099930531,0.24089753526951235,-0.0730729833318539,1.6609761099930531,0.0,0.0,0.0,4.534648761728701,0.07557747936214503
0.21800000000000017,0.24089657094442207,-0.0730723804370154,1.6609754403521242,0.24089753526951235,-0.0730729833318539,1.6609761099930531,0.24089753526951235,-0.0730729833318539,1.6609761099930531,0.0,0.0,0.0,4.5346522550776,0.07557753758462667
0.21900000000000017,0.240896575405694,-0.0730723830781941,1.660975453654785,0.24089753526951235,-0.0730729833318539,1.6609761099930531,0.24089753526951235,-0.0730729833318539,1.6609761099930531,0.0,0.0,0.0,4.534655800969484,0.07557759668282474
0.22000000000000017,0.24089658017014035,-0.07307238592748667,1.660975466845601,0.24089753526951235,-0.0730729833318539,1.6609761099930531,0.24089753526951235,-0.0730729833318539,1.6609761099930531,0.0,0.0,0.0,4.534659393907151,0.07557765656511918
0.22100000000000017,0.2408965852261205,-0.07307238897740684,1.6609754799176346,0.24089753526951235,-0.0730729833318539,1.6609761099930531,0.24089753526951235,-0.0730729833318539,1.6609761099930531,0.0,0.0,0.0,4.534663028522961,0.07557771714204935
0.22200000000000017,0.24089659056214793,-0.07307239222053719,1.6609754928643516,0.24089753526951235,-0.0730729833318539,1.6609761099930531,0.24089753526951235,-0.0730729833318539,1.6609761099930531,0.0,0.0,0.0,4.534666699581011,0.0755777783263502
0.22300000000000017,0.24089659616689463,-0.07307239564953427,1.6609755056796094,0.24089753526951235,-0.0730729833318539,1.6609761099930531,0.24089753526951235,-0.0730729833318539,1.6609761099930531,0.0,0.0,0.0,4.534670401977536,0.07557784003295893
0.22400000000000017,0.24089660202919866,-0.07307239925713443,1.6609755183576511,0.24089753526951235,-0.0730729833318539,1.6609761099930531,0.24089753526951235,-0.0730729833318539,1.6609761099930531,0.0,0.0,0.0,4.534674130743599,0.07557790217905998
0.22500000000000017,0.2408966081380678,-0.07307240303615711,1.6609755308930996,0.24089753526951235,-0.0730729833318539,1.6609761099930531,0.24089753526951235,-0.0730729833318539,1.6609761099930531,0.0,0.0,0.0,4.534677881046173,0.07557796468410288
0.22600000000000017,0.24089661448268498,-0.07307240697950983,1.6609755432809465,0.24089753526951235,-0.0730729833318539,1.6609761099930531,0.24089753526951235,-0.0730729833318539,1.6609761099930531,0.0,0.0,0.0,4.534681648189204,0.07557802746982006
0.22700000000000017,0.2408966210524132,-0.07307241108019247,1.6609755555165486,0.24089753526951235,-0.0730729833318539,1.6609761099930531,0.24089753526951235,-0.0730729833318539,1.6609761099930531,0.0,0.0,0.0,4.53468542761508,0.07557809046025134
0.22800000000000017,0.24089662783679916,-0.07307241533130004,1.6609755675956175,0.24089753526951235,-0.0730729833318539,1.6609761099930531,0.24089753526951235,-0.0730729833318539,1.6609761099930531,0.0,0.0,0.0,4.534689214905156,0.0755781535817526
0.22900000000000018,0.24089663482557605,-0.07307241972602767,1.6609755795142103,0.24089753526951235,-0.0730729833318539,1.6609761099930531,0.24089753526951235,-0.0730729833318539,1.6609761099930531,0.0,0.0,0.0,4.534693005780267,0.07557821676300444
0.23000000000000018,0.24089664200866934,-0.07307242425767294,1.6609755912687247,0.24089753526951235,-0.0730729833318539,1.6609761099930531,0.24089753526951235,-0.0730729833318539,1.6609761099930531,0.0,0.0,0.0,4.534696796101625,0.07557827993502708
0.23100000000000018,0.24089664937619767,-0.07307242891963958,1.6609756028558875,0.24089753526951235,-0.0730729833318539,1.6609761099930531,0.24089753526951235,-0.0730729833318539,1.6609761099930531,0.0,0.0,0.0,4.5347005818705375,0.07557834303117562
0.23200000000000018,0.240896656918476,-0.07307243370543971,1.6609756142727465,0.24089753526951235,-0.0730729833318539,1.6609761099930531,0.24089753526951235,-0.0730729833318539,1.6609761099930531,0.0,0.0,0.0,4.534704359228736,0.0755784059871456
0.23300000000000018,0.240896664626019,-0.07307243860869764,1.660975625516664,0.24089753526951235,-0.0730729833318539,1.6609761099930531,0.24089753526951235,-0.0730729833318539,1.6609761099930531,0.0,0.0,0.0,4.534708124458157,0.07557846874096928
0.23400000000000018,0.24089667248954177,-0.07307244362315127,1.660975636585304,0.24089753526951235,-0.0730729833318539,1.6609761099930531,0.24089753526951235,-0.0730729833318539,1.6609761099930531,0.0,0.0,0.0,4.534711873980249,0.07557853123300415
0.23500000000000018,0.24089668049996332,-0.07307244874265535,1.6609756474766288,0.24089753526951235,-0.0730729833318539,1.6609761099930531,0.24089753526951235,-0.0730729833318539,1.6609761099930531,0.0,0.0,0.0,4.534715604356161,0.07557859340593602
0.23600000000000018,0.24089668864840538,-0.07307245396118249,1.6609756581888844,0.24089753526951235,-0.0730729833318539,1.6609761099930531,0.24089753526951235,-0.0730729833318539,1.6609761099930531,0.0,0.0,0.0,4.5347193122851595,0.07557865520475265
0.23700000000000018,0.24089669692619797,-0.07307245927282584,1.6609756687205968,0.24089753526951235,-0.0730729833318539,1.6609761099930531,0.24089753526951235,-0.0730729833318539,1.6609761099930531,0.0,0.0,0.0,4.534722994604473,0.07557871657674121
0.23800000000000018,0.24089670532487428,-0.0730724646717998,1.6609756790705585,0.24089753526951235,-0.0730729833318539,1.6609761099930531,0.24089753526951235,-0.0730729833318539,1.6609761099930531,0.0,0.0,0.0,4.534726648287827,0.07557877747146378
0.23900000000000018,0.2408967138361791,-0.07307247015244361,1.6609756892378258,0.24089753526951235,-0.0730729833318539,1.6609761099930531,0.24089753526951235,-0.0730729833318539,1.6609761099930531,0.0,0.0,0.0,4.534730270444796,0.07557883784074661
0.24000000000000019,0.2408967224520609,-0.07307247570921936,1.6609756992217004,0.24089753526951235,-0.0730729833318539,1.6609761099930531,0.24089753526951235,-0.0730729833318539,1.6609761099930531,0.0,0.0,0.0,4.534733858319037,0.07557889763865062
0.2410000000000002,0.24089673116467814,-0.07307248133671623,1.6609757090217299,0.24089753526951235,-0.0730729833318539,1.6609761099930531,0.24089753526951235,-0.0730729833318539,1.6609761099930531,0.0,0.0,0.0,4.534737409287903,0.07557895682146505
0.2420000000000002,0.24089673996639777,-0.07307248702964968,1.6609757186376939,0.24089753526951235,-0.0730729833318539,1.6609761099930531,0.24089753526951235,-0.0730729833318539,1.6609761099930531,0.0,0.0,0.0,4.53474092086002,0.07557901534766699
0.2430000000000002,0.2408967488497928,-0.07307249278286206,1.660975728069597,0.24089753526951235,-0.0730729833318539,1.6609761099930531,0.24089753526951235,-0.0730729833318539,1.6609761099930531,0.0,0.0,0.0,4.534744390674415,0.07557907317790692
0.2440000000000002,0.2408967578076448,-0.07307249859132434,1.660975737317658,0.24089753526951235,-0.0730729833318539,1.6609761099930531,0.24089753526951235,-0.0730729833318539,1.6609761099930531,0.0,0.0,0.0,4.534747816498398,0.0755791302749733
0.2450000000000002,0.24089676683294095,-0.07307250445013555,1.6609757463823036,0.24089753526951235,-0.0730729833318539,1.6609761099930531,0.24089753526951235,-0.0730729833318539,1.6609761099930531,0.0,0.0,0.0,4.5347511962267095,0.07557918660377849
0.2460000000000002,0.24089677591887537,-0.0730725103545238,1.6609757552641595,0.24089753526951235,-0.0730729833318539,1.6609761099930531,0.24089753526951235,-0.0730729833318539,1.6609761099930531,0.0,0.0,0.0,4.534754527878985,0.07557924213131642
0.2470000000000002,0.24089678505884526,-0.07307251629984568,1.6609757639640397,0.24089753526951235,-0.0730729833318539,1.6609761099930531,0.24089753526951235,-0.0730729833318539,1.6609761099930531,0.0,0.0,0.0,4.5347578095981325,0.07557929682663554
0.2480000000000002,0.24089679424645208,-0.07307252228158645,1.6609757724829388,0.24089753526951235,-0.0730729833318539,1.6609761099930531,0.24089753526951235,-0.0730729833318539,1.6609761099930531,0.0,0.0,0.0,4.534761039648714,0.07557935066081191
0.2490000000000002,0.2408968034754988,-0.07307252829535948,1.6609757808220253,0.24089753526951235,-0.0730729833318539,1.6609761099930531,0.24089753526951235,-0.0730729833318539,1.6609761099930531,0.0,0.0,0.0,4.5347642164149535,0.0755794036069159
0.25000000000000017,0.24089681273998875,-0.07307253433690715,1.660975788982632,0.24089753526951235,-0.0730729833318539,1.6609761099930531,0.24089753526951235,-0.0730729833318539,1.6609761099930531,0.0,0.0,0.0,4.534767338398264,0.07557945563997107
0.25100000000000017,0.24089682203412352,-0.07307254040209946,1.6609757969662458,0.24089753526951235,-0.0730729833318539,1.6609761099930531,0.24089753526951235,-0.0730729833318539,1.6609761099930531,0.0,0.0,0.0,4.534770404215619,0.07557950673692698
0.25200000000000017,0.2408968313523012,-0.07307254648693272,1.6609758047745022,0.24089753526951235,-0.0730729833318539,1.6609761099930531,0.24089753526951235,-0.0730729833318539,1.6609761099930531,0.0,0.0,0.0,4.5347734125973655,0.07557955687662275
0.25300000000000017,0.24089684068911482,-0.073072552587531,1.6609758124091774,0.24089753526951235,-0.0730729833318539,1.6609761099930531,0.24089753526951235,-0.0730729833318539,1.6609761099930531,0.0,0.0,0.0,4.534776362384704,0.07557960603974508
0.25400000000000017,0.24089685003934924,-0.0730725587001426,1.6609758198721782,0.24089753526951235,-0.0730729833318539,1.6609761099930531,0.24089753526951235,-0.0730729833318539,1.6609761099930531,0.0,0.0,0.0,4.534779252527351,0.07557965420878919
0.25500000000000017,0.24089685939797884,-0.07307256482114194,1.6609758271655364,0.24089753526951235,-0.0730729833318539,1.6609761099930531,0.24089753526951235,-0.0730729833318539,1.6609761099930531,0.0,0.0,0.0,4.534782082081041,0.07557970136801735
0.25600000000000017,0.24089686876016636,-0.0730725709470261,1.660975834291399,0.24089753526951235,-0.0730729833318539,1.6609761099930531,0.24089753526951235,-0.0730729833318539,1.6609761099930531,0.0,0.0,0.0,4.534784850206691,0.07557974750344484
0.2570000000000002,0.24089687812125843,-0.0730725770744147,1.6609758412520224,0.24089753526951235,-0.0730729833318539,1.6609761099930531,0.24089753526951235,-0.0730729833318539,1.6609761099930531,0.0,0.0,0.0,4.534787556165509,0.07557979260275847
0.2580000000000002,0.24089688747678412,-0.07307258320004886,1.660975848049763,0.24089753526951235,-0.0730729833318539,1.6609761099930531,0.24089753526951235,-0.0730729833318539,1.6609761099930531,0.0,0.0,0.0,4.534790199317544,0.0755798366552924
0.2590000000000002,0.2408968968224519,-0.07307258932079057,1.6609758546870732,0.24089753526951235,-0.0730729833318539,1.6609761099930531,0.24089753526951235,-0.0730729833318539,1.6609761099930531,0.0,0.0,0.0,4.534792779119489,0.07557987965199149
0.2600000000000002,0.24089690615414613,-0.07307259543361863,1.6609758611664904,0.24089753526951235,-0.0730729833318539,1.6609761099930531,0.24089753526951235,-0.0730729833318539,1.6609761099930531,0.0,0.0,0.0,4.534795295121213,0.07557992158535355
0.2610000000000002,0.24089691546792497,-0.07307260153563007,1.6609758674906328,0.24089753526951235,-0.0730729833318539,1.6609761099930531,0.24089753526951235,-0.0730729833318539,1.6609761099930531,0.0,0.0,0.0,4.534797746963852,0.07557996244939753
0.2620000000000002,0.24089692476001648,-0.07307260762403711,1.6609758736621907,0.24089753526951235,-0.0730729833318539,1.6609761099930531,0.24089753526951235,-0.0730729833318539,1.6609761099930531,0.0,0.0,0.0,4.534800134376474,0.0755800022396079
0.2630000000000002,0.24089693402681644,-0.07307261369616563,1.6609758796839225,0.24089753526951235,-0.0730729833318539,1.6609761099930531,0.24089753526951235,-0.0730729833318539,1.6609761099930531,0.0,0.0,0.0,4.534802457173808,0.0755800409528968
0.2640000000000002,0.2408969432648841,-0.07307261974945368,1.6609758855586447,0.24089753526951235,-0.0730729833318539,1.6609761099930531,0.24089753526951235,-0.0730729833318539,1.6609761099930531,0.0,0.0,0.0,4.534804715252732,0.07558007858754553
0.2650000000000002,0.24089695247093917,-0.07307262578144996,1.6609758912892287,0.24089753526951235,-0.0730729833318539,1.6609761099930531,0.24089753526951235,-0.0730729833318539,1.6609761099930531,0.0,0.0,0.0,4.534806908590213,0.07558011514317023
0.2660000000000002,0.2408969616418592,-0.07307263178981155,1.6609758968785937,0.24089753526951235,-0.0730729833318539,1.6609761099930531,0.24089753526951235,-0.0730729833318539,1.6609761099930531,0.0,0.0,0.0,4.534809037239853,0.07558015062066421
0.2670000000000002,0.2408969707746752,-0.07307263777230133,1.660975902329699,0.24089753526951235,-0.0730729833318539,1.6609761099930531,0.24089753526951235,-0.0730729833318539,1.6609761099930531,0.0,0.0,0.0,4.534811101329277,0.07558018502215462
0.2680000000000002,0.240896979866569,-0.07307264372678843,1.66097590764554,0.24089753526951235,-0.0730729833318539,1.6609761099930531,0.24089753526951235,-0.0730729833318539,1.6609761099930531,0.0,0.0,0.0,4.534813101057394,0.07558021835095657
0.2690000000000002,0.24089698891486913,-0.07307264965124331,1.6609759128291446,0.24089753526951235,-0.0730729833318539,1.6609761099930531,0.24089753526951235,-0.0730729833318539,1.6609761099930531,0.0,0.0,0.0,4.534815036691476,0.0755802506115246
0.2700000000000002,0.24089699791704808,-0.07307265554373796,1.660975917883562,0.24089753526951235,-0.0730729833318539,1.6609761099930531,0.24089753526951235,-0.0730729833318539,1.6609761099930531,0.0,0.0,0.0,4.534816908563567,0.07558028180939277
0.2710000000000002,0.2408970068707179,-0.07307266140244272,1.660975922811863,0.24089753526951235,-0.0730729833318539,1.6609761099930531,0.24089753526951235,-0.0730729833318539,1.6609761099930531,0.0,0.0,0.0,4.534818717069061,0.07558031195115102
0.2720000000000002,0.2408970157736277,-0.07307266722562446,1.6609759276171332,0.24089753526951235,-0.0730729833318539,1.6609761099930531,0.24089753526951235,-0.0730729833318539,1.6609761099930531,0.0,0.0,0.0,4.534820462662366,0.07558034104437276
0.2730000000000002,0.240897024623659,-0.07307267301164456,1.660975932302468,0.24089753526951235,-0.0730729833318539,1.6609761099930531,0.24089753526951235,-0.0730729833318539,1.6609761099930531,0.0,0.0,0.0,4.534822145854995,0.07558036909758324
0.2740000000000002,0.24089703341882318,-0.07307267875895651,1.660975936870966,0.24089753526951235,-0.0730729833318539,1.6609761099930531,0.24089753526951235,-0.0730729833318539,1.6609761099930531,0.0,0.0,0.0,4.53482376721209,0.0755803961202015
0.2750000000000002,0.24089704215725677,-0.07307268446610418,1.6609759413257286,0.24089753526951235,-0.0730729833318539,1.6609761099930531,0.24089753526951235,-0.0730729833318539,1.6609761099930531,0.0,0.0,0.0,4.534825327350556,0.07558042212250927
0.2760000000000002,0.24089705083721977,-0.07307269013171963,1.6609759456698523,0.24089753526951235,-0.0730729833318539,1.6609761099930531,0.24089753526951235,-0.0730729833318539,1.6609761099930531,0.0,0.0,0.0,4.534826826935308,0.07558044711558846
0.2770000000000002,0.24089705945708945,-0.07307269575452005,1.6609759499064254,0.24089753526951235,-0.0730729833318539,1.6609761099930531,0.24089753526951235,-0.0730729833318539,1.6609761099930531,0.0,0.0,0.0,4.534828266677238,0.0755804711112873
0.2780000000000002,0.24089706801535923,-0.07307270133330661,1.6609759540385263,0.24089753526951235,-0.0730729833318539,1.6609761099930531,0.24089753526951235,-0.0730729833318539,1.6609761099930531,0.0,0.0,0.0,4.53482964733019,0.07558049412216983
0.2790000000000002,0.24089707651063402,-0.07307270686696188,1.6609759580692167,0.24089753526951235,-0.0730729833318539,1.6609761099930531,0.24089753526951235,-0.0730729833318539,1.6609761099930531,0.0,0.0,0.0,4.534830969688195,0.07558051616146992
0.2800000000000002,0.2408970849416266,-0.07307271235444707,1.6609759620015392,0.24089753526951235,-0.0730729833318539,1.6609761099930531,0.24089753526951235,-0.0730729833318539,1.6609761099930531,0.0,0.0,0.0,4.534832234583257,0.07558053724305427
0.2810000000000002,0.24089709330715484,-0.07307271779480132,1.6609759658385141,0.24089753526951235,-0.0730729833318539,1.6609761099930531,0.24089753526951235,-0.0730729833318539,1.6609761099930531,0.0,0.0,0.0,4.5348334428827215,0.07558055738137869
0.2820000000000002,0.24089710160613714,-0.07307272318713748,1.6609759695831359,0.24089753526951235,-0.0730729833318539,1.6609761099930531,0.24089753526951235,-0.0730729833318539,1.6609761099930531,0.0,0.0,0.0,4.534834595486661,0.07558057659144435
0.2830000000000002,0.2408971098375901,-0.07307272853064117,1.6609759732383709,0.24089753526951235,-0.0730729833318539,1.6609761099930531,0.24089753526951235,-0.0730729833318539,1.6609761099930531,0.0,0.0,0.0,4.534835693325388,0.07558059488875647
0.2840000000000002,0.24089711800062455,-0.0730727338245685,1.660975976807153,0.24089753526951235,-0.0730729833318539,1.6609761099930531,0.24089753526951235,-0.0730729833318539,1.6609761099930531,0.0,0.0,0.0,4.5348367373570975,0.07558061228928496
0.2850000000000002,0.24089712609444203,-0.07307273906824362,1.6609759802923827,0.24089753526951235,-0.0730729833318539,1.6609761099930531,0.24089753526951235,-0.0730729833318539,1.6609761099930531,0.0,0.0,0.0,4.534837728565648,0.07558062880942747
0.2860000000000002,0.2408971341183318,-0.07307274426105641,1.660975983696923,0.24089753526951235,-0.0730729833318539,1.6609761099930531,0.24089753526951235,-0.0730729833318539,1.6609761099930531,0.0,0.0,0.0,4.534838667958101,0.07558064446596835
0.2870000000000002,0.24089714207166754,-0.07307274940246081,1.660975987023598,0.24089753526951235,-0.0730729833318539,1.6609761099930531,0.24089753526951235,-0.0730729833318539,1.6609761099930531,0.0,0.0,0.0,4.534839556562704,0.07558065927604507
0.2880000000000002,0.24089714995390354,-0.07307275449197172,1.6609759902751904,0.24089753526951235,-0.0730729833318539,1.6609761099930531,0.24089753526951235,-0.0730729833318539,1.6609761099930531,0.0,0.0,0.0,4.534840395426591,0.07558067325710985
0.2890000000000002,0.24089715776457327,-0.07307275952916427,1.6609759934544386,0.24089753526951235,-0.0730729833318539,1.6609761099930531,0.24089753526951235,-0.0730729833318539,1.6609761099930531,0.0,0.0,0.0,4.534841185613618,0.07558068642689363
0.2900000000000002,0.24089716550328244,-0.07307276451367029,1.6609759965640367,0.24089753526951235,-0.0730729833318539,1.6609761099930531,0.24089753526951235,-0.0730729833318539,1.6609761099930531,0.0,0.0,0.0,4.534841928202817,0.07558069880338028
0.2910000000000002,0.24089717316971024,-0.0730727694451767,1.66097599960663,0.24089753526951235,-0.0730729833318539,1.6609761099930531,0.24089753526951235,-0.0730729833318539,1.6609761099930531,0.0,0.0,0.0,4.534842624285346,0.07558071040475577
0.2920000000000002,0.24089718076360334,-0.07307277432342435,1.660976002584816,0.24089753526951235,-0.0730729833318539,1.6609761099930531,0.24089753526951235,-0.0730729833318539,1.6609761099930531,0.0,0.0,0.0,4.534843274963809,0.07558072124939681
0.2930000000000002,0.24089718828477463,-0.07307277914820459,1.6609760055011407,0.24089753526951235,-0.0730729833318539,1.6609761099930531,0.24089753526951235,-0.0730729833318539,1.6609761099930531,0.0,0.0,0.0,4.534843881349585,0.07558073135582641
0.2940000000000002,0.24089719573309826,-0.0730727839193577,1.6609760083580996,0.24089753526951235,-0.0730729833318539,1.6609761099930531,0.24089753526951235,-0.0730729833318539,1.6609761099930531,0.0,0.0,0.0,4.5348444445615,0.07558074074269167
0.2950000000000002,0.24089720310850926,-0.07307278863677154,1.6609760111581333,0.24089753526951235,-0.0730729833318539,1.6609761099930531,0.24089753526951235,-0.0730729833318539,1.6609761099930531,0.0,0.0,0.0,4.534844965723538,0.07558074942872564
0.2960000000000002,0.24089721041099837,-0.07307279330037861,1.6609760139036296,0.24089753526951235,-0.0730729833318539,1.6609761099930531,0.24089753526951235,-0.0730729833318539,1.6609761099930531,0.0,0.0,0.0,4.5348454459640575,0.07558075743273429
0.2970000000000002,0.2408972176406105,-0.07307279791015467,1.6609760165969205,0.24089753526951235,-0.0730729833318539,1.6609761099930531,0.24089753526951235,-0.0730729833318539,1.6609761099930531,0.0,0.0,0.0,4.534845886413225,0.07558076477355376
0.2980000000000002,0.24089722479744174,-0.07307280246611694,1.6609760192402818,0.24089753526951235,-0.0730729833318539,1.6609761099930531,0.24089753526951235,-0.0730729833318539,1.6609761099930531,0.0,0.0,0.0,4.5348462882020435,0.07558077147003406
0.2990000000000002,0.24089723188163675,-0.07307280696832175,1.6609760218359324,0.24089753526951235,-0.0730729833318539,1.6609761099930531,0.24089753526951235,-0.0730729833318539,1.6609761099930531,0.0,0.0,0.0,4.534846652460689,0.07558077754101149
0.3000000000000002,0.24089723889338582,-0.07307281141686293,1.6609760243860339,0.24089753526951235,-0.0730729833318539,1.6609761099930531,0.24089753526951235,-0.0730729833318539,1.6609761099930531,0.0,0.0,0.0,4.5348469803173534,0.07558078300528923
0.3010000000000002,0.24089724583292255,-0.07307281581187033,1.6609760268926892,0.24089753526951235,-0.0730729833318539,1.6609761099930531,0.24089753526951235,-0.0730729833318539,1.6609761099930531,0.0,0.0,0.0,4.534847272896397,0.07558078788160662
0.3020000000000002,0.2408972527005212,-0.07307282015350734,1.6609760293579428,0.24089753526951235,-0.0730729833318539,1.6609761099930531,0.24089753526951235,-0.0730729833318539,1.6609761099930531,0.0,0.0,0.0,4.534847531317515,0.07558079218862526
0.3030000000000002,0.24089725949649474,-0.07307282444197019,1.6609760317837807,0.24089753526951235,-0.0730729833318539,1.6609761099930531,0.24089753526951235,-0.0730729833318539,1.6609761099930531,0.0,0.0,0.0,4.534847756694335,0.07558079594490558
0.3040000000000002,0.24089726622119184,-0.07307282867748485,1.6609760341721302,0.24089753526951235,-0.0730729833318539,1.6609761099930531,0.24089753526951235,-0.0730729833318539,1.6609761099930531,0.0,0.0,0.0,4.534847950133157,0.07558079916888595
0.3050000000000002,0.24089727287499493,-0.07307283286030665,1.6609760365248578,0.24089753526951235,-0.0730729833318539,1.6609761099930531,0.24089753526951235,-0.0730729833318539,1.6609761099930531,0.0,0.0,0.0,4.534848112731741,0.07558080187886235
0.3060000000000002,0.24089727945831757,-0.07307283699071782,1.6609760388437707,0.24089753526951235,-0.0730729833318539,1.6609761099930531,0.24089753526951235,-0.0730729833318539,1.6609761099930531,0.0,0.0,0.0,4.534848245578726,0.07558080409297877
0.3070000000000002,0.24089728597160312,-0.07307284106902674,1.660976041130619,0.24089753526951235,-0.0730729833318539,1.6609761099930531,0.24089753526951235,-0.0730729833318539,1.6609761099930531,0.0,0.0,0.0,4.534848349752189,0.07558080582920315
0.3080000000000002,0.24089729241532182,-0.07307284509556522,1.6609760433870906,0.24089753526951235,-0.0730729833318539,1.6609761099930531,0.24089753526951235,-0.0730729833318539,1.6609761099930531,0.0,0.0,0.0,4.534848426318478,0.07558080710530796
0.3090000000000002,0.24089729878996805,-0.073072849070688,1.6609760456148157,0.24089753526951235,-0.0730729833318539,1.6609761099930531,0.24089753526951235,-0.0730729833318539,1.6609761099930531,0.0,0.0,0.0,4.5348484763323516,0.07558080793887252
0.3100000000000002,0.24089730509606117,-0.07307285299477101,1.6609760478153668,0.24089753526951235,-0.0730729833318539,1.6609761099930531,0.24089753526951235,-0.0730729833318539,1.6609761099930531,0.0,0.0,0.0,4.5348485008350305,0.0755808083472505
0.3110000000000002,0.24089731133413994,-0.07307285686820979,1.6609760499902548,0.24089753526951235,-0.0730729833318539,1.6609761099930531,0.24089753526951235,-0.0730729833318539,1.6609761099930531,0.0,0.0,0.0,4.534848500853561,0.07558080834755934
0.3120000000000002,0.24089731750476312,-0.07307286069141769,1.6609760521409356,0.24089753526951235,-0.0730729833318539,1.6609761099930531,0.24089753526951235,-0.0730729833318539,1.6609761099930531,0.0,0.0,0.0,4.534848477401108,0.07558080795668513
0.3130000000000002,0.24089732360850719,-0.07307286446482587,1.660976054268806,0.24089753526951235,-0.0730729833318539,1.6609761099930531,0.24089753526951235,-0.0730729833318539,1.6609761099930531,0.0,0.0,0.0,4.5348484314748525,0.07558080719124755
0.3140000000000002,0.2408973296459637,-0.0730728681888801,1.660976056375205,0.24089753526951235,-0.0730729833318539,1.6609761099930531,0.24089753526951235,-0.0730729833318539,1.6609761099930531,0.0,0.0,0.0,4.534848364056301,0.07558080606760502
0.3150000000000002,0.24089733561773888,-0.07307287186404135,1.660976058461416,0.24089753526951235,-0.0730729833318539,1.6609761099930531,0.24089753526951235,-0.0730729833318539,1.6609761099930531,0.0,0.0,0.0,4.534848276110502,0.0755808046018417
0.3160000000000002,0.24089734152445097,-0.07307287549078298,1.6609760605286659,0.24089753526951235,-0.0730729833318539,1.6609761099930531,0.24089753526951235,-0.0730729833318539,1.6609761099930531,0.0,0.0,0.0,4.534848168585348,0.07558080280975579
0.3170000000000002,0.2408973473667292,-0.07307287906959127,1.6609760625781274,0.24089753526951235,-0.0730729833318539,1.6609761099930531,0.24089753526951235,-0.0730729833318539,1.6609761099930531,0.0,0.0,0.0,4.53484804241128,0.07558080070685466
0.3180000000000002,0.24089735314521285,-0.07307288260096176,1.6609760646109177,0.24089753526951235,-0.0730729833318539,1.6609761099930531,0.24089753526951235,-0.0730729833318539,1.6609761099930531,0.0,0.0,0.0,4.534847898500439,0.07558079830834065
0.31900000000000023,0.2408973588605477,-0.07307288608540091,1.6609760666280984,0.24089753526951235,-0.0730729833318539,1.6609761099930531,0.24089753526951235,-0.0730729833318539,1.6609761099930531,0.0,0.0,0.0,4.534847737746851,0.07558079562911418
0.32000000000000023,0.24089736451338759,-0.07307288952342288,1.660976068630681,0.24089753526951235,-0.0730729833318539,1.6609761099930531,0.24089753526951235,-0.0730729833318539,1.6609761099930531,0.0,0.0,0.0,4.534847561026061,0.07558079268376769
0.32100000000000023,0.2408973701043905,-0.07307289291554987,1.6609760706196242,0.24089753526951235,-0.0730729833318539,1.6609761099930531,0.24089753526951235,-0.0730729833318539,1.6609761099930531,0.0,0.0,0.0,4.534847369194013,0.0755807894865669
0.32200000000000023,0.24089737563421953,-0.07307289626231062,1.6609760725958342,0.24089753526951235,-0.0730729833318539,1.6609761099930531,0.24089753526951235,-0.0730729833318539,1.6609761099930531,0.0,0.0,0.0,4.534847163087351,0.07558078605145585
0.32300000000000023,0.24089738110353945,-0.07307289956423878,1.660976074560168,0.24089753526951235,-0.0730729833318539,1.6609761099930531,0.24089753526951235,-0.0730729833318539,1.6609761099930531,0.0,0.0,0.0,4.534846943523543,0.07558078239205905
0.32400000000000023,0.24089738651301704,-0.0730729028218728,1.660976076513432,0.24089753526951235,-0.0730729833318539,1.6609761099930531,0.24089753526951235,-0.0730729833318539,1.6609761099930531,0.0,0.0,0.0,4.534846711299958,0.07558077852166598
0.32500000000000023,0.24089739186332,-0.07307290603575564,1.6609760784563845,0.24089753526951235,-0.0730729833318539,1.6609761099930531,0.24089753526951235,-0.0730729833318539,1.6609761099930531,0.0,0.0,0.0,4.534846467194131,0.07558077445323552
0.32600000000000023,0.24089739715511527,-0.0730729092064319,1.6609760803897378,0.24089753526951235,-0.0730729833318539,1.6609761099930531,0.24089753526951235,-0.0730729833318539,1.6609761099930531,0.0,0.0,0.0,4.534846211963631,0.07558077019939384
0.32700000000000023,0.24089740238906823,-0.07307291233444906,1.660976082314156,0.24089753526951235,-0.0730729833318539,1.6609761099930531,0.24089753526951235,-0.0730729833318539,1.6609761099930531,0.0,0.0,0.0,4.534845946345444,0.07558076577242406
0.32800000000000024,0.24089740756584177,-0.07307291542035534,1.6609760842302579,0.24089753526951235,-0.0730729833318539,1.6609761099930531,0.24089753526951235,-0.0730729833318539,1.6609761099930531,0.0,0.0,0.0,4.534845671056652,0.07558076118427753
0.32900000000000024,0.24089741268609588,-0.07307291846469985,1.6609760861386191,0.24089753526951235,-0.0730729833318539,1.6609761099930531,0.24089753526951235,-0.0730729833318539,1.6609761099930531,0.0,0.0,0.0,4.534845386793914,0.07558075644656523
0.33000000000000024,0.24089741775048554,-0.07307292146803122,1.6609760880397697,0.24089753526951235,-0.0730729833318539,1.6609761099930531,0.24089753526951235,-0.0730729833318539,1.6609761099930531,0.0,0.0,0.0,4.5348450942334875,0.07558075157055813
0.33100000000000024,0.2408974227596615,-0.07307292443089715,1.6609760899342012,0.24089753526951235,-0.0730729833318539,1.6609761099930531,0.24089753526951235,-0.0730729833318539,1.6609761099930531,0.0,0.0,0.0,4.534844794031807,0.07558074656719678
0.33200000000000024,0.24089742771426859,-0.07307292735384377,1.6609760918223606,0.24089753526951235,-0.0730729833318539,1.6609761099930531,0.24089753526951235,-0.0730729833318539,1.6609761099930531,0.0,0.0,0.0,4.534844486824201,0.07558074144707001
0.33300000000000024,0.24089743261494484,-0.07307293023741515,1.660976093704655,0.24089753526951235,-0.0730729833318539,1.6609761099930531,0.24089753526951235,-0.0730729833318539,1.6609761099930531,0.0,0.0,0.0,4.53484417322657,0.07558073622044283
0.33400000000000024,0.24089743746232262,-0.07307293308215286,1.660976095581457,0.24089753526951235,-0.0730729833318539,1.6609761099930531,0.24089753526951235,-0.0730729833318539,1.6609761099930531,0.0,0.0,0.0,4.534843853834741,0.07558073089724568
0.33500000000000024,0.24089744225702497,-0.07307293588859473,1.6609760974530956,0.24089753526951235,-0.0730729833318539,1.6609761099930531,0.24089753526951235,-0.0730729833318539,1.6609761099930531,0.0,0.0,0.0,4.534843529223678,0.0755807254870613
0.33600000000000024,0.24089744699966664,-0.07307293865727406,1.660976099319865,0.24089753526951235,-0.0730729833318539,1.6609761099930531,0.24089753526951235,-0.0730729833318539,1.6609761099930531,0.0,0.0,0.0,4.534843199949784,0.07558071999916308
0.33700000000000024,0.2408974516908559,-0.07307294138872165,1.6609761011820283,0.24089753526951235,-0.0730729833318539,1.6609761099930531,0.24089753526951235,-0.0730729833318539,1.6609761099930531,0.0,0.0,0.0,4.534842866549084,0.07558071444248474
0.33800000000000024,0.24089745633118836,-0.07307294408346154,1.6609761030398063,0.24089753526951235,-0.0730729833318539,1.6609761099930531,0.24089753526951235,-0.0730729833318539,1.6609761099930531,0.0,0.0,0.0,4.534842529537693,0.07558070882562822
0.33900000000000025,0.2408974609212532,-0.07307294674201384,1.6609761048933949,0.24089753526951235,-0.0730729833318539,1.6609761099930531,0.24089753526951235,-0.0730729833318539,1.6609761099930531,0.0,0.0,0.0,4.5348421894135535,0.07558070315689255
0.34000000000000025,0.24089746546162707,-0.07307294936489238,1.66097610674295,0.24089753526951235,-0.0730729833318539,1.6609761099930531,0.24089753526951235,-0.0730729833318539,1.6609761099930531,0.0,0.0,0.0,4.534841846654191,0.07558069744423652
0.34100000000000025,0.24089746995287745,-0.07307295195260549,1.660976108588603,0.24089753526951235,-0.0730729833318539,1.6609761099930531,0.24089753526951235,-0.0730729833318539,1.6609761099930531,0.0,0.0,0.0,4.534841501719658,0.07558069169532763
0.34200000000000025,0.24089747439556086,-0.07307295450565426,1.660976110430452,0.24089753526951235,-0.0730729833318539,1.6609761099930531,0.24089753526951235,-0.0730729833318539,1.6609761099930531,0.0,0.0,0.0,4.534841155050081,0.07558068591750136
0.34300000000000025,0.24089747879022194,-0.07307295702453342,1.6609761122685665,0.24089753526951235,-0.0730729833318539,1.6609761099930531,0.24089753526951235,-0.0730729833318539,1.6609761099930531,0.0,0.0,0.0,4.534840807068046,0.07558068011780077
0.34400000000000025,0.24089748313739445,-0.07307295950973106,1.6609761141029888,0.24089753526951235,-0.0730729833318539,1.6609761099930531,0.24089753526951235,-0.0730729833318539,1.6609761099930531,0.0,0.0,0.0,4.53484045817788,0.07558067430296465
0.34500000000000025,0.24089748743760048,-0.07307296196172755,1.6609761159337353,0.24089753526951235,-0.0730729833318539,1.6609761099930531,0.24089753526951235,-0.0730729833318539,1.6609761099930531,0.0,0.0,0.0,4.53484010876604,0.075580668479434
0.34600000000000025,0.24089749169135008,-0.07307296438099559,1.6609761177607951,0.24089753526951235,-0.0730729833318539,1.6609761099930531,0.24089753526951235,-0.0730729833318539,1.6609761099930531,0.0,0.0,0.0,4.53483975920122,0.07558066265335367
0.34700000000000025,0.24089749589914217,-0.0730729667680006,1.6609761195841355,0.24089753526951235,-0.0730729833318539,1.6609761099930531,0.24089753526951235,-0.0730729833318539,1.6609761099930531,0.0,0.0,0.0,4.534839409835336,0.07558065683058894
0.34800000000000025,0.2408975000614621,-0.07307296912319922,1.6609761214036975,0.24089753526951235,-0.0730729833318539,1.6609761099930531,0.24089753526951235,-0.0730729833318539,1.6609761099930531,0.0,0.0,0.0,4.534839061002919,0.07558065101671532
0.34900000000000025,0.24089750417878364,-0.07307297144704052,1.6609761232194022,0.24089753526951235,-0.0730729833318539,1.6609761099930531,0.24089753526951235,-0.0730729833318539,1.6609761099930531,0.0,0.0,0.0,4.534838713022486,0.07558064521704143
0.35000000000000026,0.2408975082515682,-0.07307297373996499,1.6609761250311483,0.24089753526951235,-0.0730729833318539,1.6609761099930531,0.24089753526951235,-0.0730729833318539,1.6609761099930531,0.0,0.0,0.0,4.534838366195746,0.07558063943659578
0.35100000000000026,0.24089751228026413,-0.07307297600240409,1.6609761268388132,0.24089753526951235,-0.0730729833318539,1.6609761099930531,0.24089753526951235,-0.0730729833318539,1.6609761099930531,0.0,0.0,0.0,4.534838020808777,0.07558063368014628
0.35200000000000026,0.24089751626530845,-0.0730729782347814,1.6609761286422573,0.24089753526951235,-0.0730729833318539,1.6609761099930531,0.24089753526951235,-0.0730729833318539,1.6609761099930531,0.0,0.0,0.0,4.534837677132229,0.07558062795220381
0.35300000000000026,0.24089752020712457,-0.0730729804375112,1.6609761304413215,0.24089753526951235,-0.0730729833318539,1.6609761099930531,0.24089753526951235,-0.0730729833318539,1.6609761099930531,0.0,0.0,0.0,4.534837335421142,0.07558062225701903
0.35400000000000026,0.2408975241061238,-0.07307298261099919,1.6609761322358294,0.24089753526951235,-0.0730729833318539,1.6609761099930531,0.24089753526951235,-0.0730729833318539,1.6609761099930531,0.0,0.0,0.0,4.534836995915783,0.07558061659859638
0.35500000000000026,0.24089752796270442,-0.07307298475564175,1.660976134025588,0.24089753526951235,-0.0730729833318539,1.6609761099930531,0.24089753526951235,-0.0730729833318539,1.6609761099930531,0.0,0.0,0.0,4.534836658841975,0.07558061098069958
0.35600000000000026,0.24089753177725332,-0.07307298687182652,1.6609761358103898,0.24089753526951235,-0.0730729833318539,1.6609761099930531,0.24089753526951235,-0.0730729833318539,1.6609761099930531,0.0,0.0,0.0,4.534836324410898,0.07558060540684829
0.35700000000000026,0.2408975355501438,-0.0730729889599318,1.6609761375900127,0.24089753526951235,-0.0730729833318539,1.6609761099930531,0.24089753526951235,-0.0730729833318539,1.6609761099930531,0.0,0.0,0.0,4.5348359928214625,0.07558059988035772
0.35800000000000026,0.24089753928173743,-0.07307299102032769,1.66097613936422,0.24089753526951235,-0.0730729833318539,1.6609761099930531,0.24089753526951235,-0.0730729833318539,1.6609761099930531,0.0,0.0,0.0,4.5348356642574466,0.07558059440429078
0.35900000000000026,0.2408975429723837,-0.07307299305337392,1.660976141132763,0.24089753526951235,-0.0730729833318539,1.6609761099930531,0.24089753526951235,-0.0730729833318539,1.6609761099930531,0.0,0.0,0.0,4.53483533889034,0.07558058898150567
0.36000000000000026,0.2408975466224194,-0.07307299505942164,1.660976142895381,0.24089753526951235,-0.0730729833318539,1.6609761099930531,0.24089753526951235,-0.0730729833318539,1.6609761099930531,0.0,0.0,0.0,4.534835016878555,0.07558058361464258
0.36100000000000027,0.24089755023216952,-0.07307299703881295,1.6609761446518037,0.24089753526951235,-0.0730729833318539,1.6609761099930531,0.24089753526951235,-0.0730729833318539,1.6609761099930531,0.0,0.0,0.0,4.534834698368453,0.07558057830614089
0.36200000000000027,0.24089755380194736,-0.07307299899188155,1.6609761464017485,0.24089753526951235,-0.0730729833318539,1.6609761099930531,0.24089753526951235,-0.0730729833318539,1.6609761099930531,0.0,0.0,0.0,4.534834383494138,0.07558057305823564
0.36300000000000027,0.24089755733205448,-0.0730730009189506,1.6609761481449241,0.24089753526951235,-0.0730729833318539,1.6609761099930531,0.24089753526951235,-0.0730729833318539,1.6609761099930531,0.0,0.0,0.0,4.534834072378403,0.07558056787297338
0.36400000000000027,0.24089756082278113,-0.07307300282033563,1.6609761498810311,0.24089753526951235,-0.0730729833318539,1.6609761099930531,0.24089753526951235,-0.0730729833318539,1.6609761099930531,0.0,0.0,0.0,4.53483376513285,0.07558056275221417
0.36500000000000027,0.24089756427440528,-0.07307300469634252,1.6609761516097632,0.24089753526951235,-0.0730729833318539,1.6609761099930531,0.24089753526951235,-0.0730729833318539,1.6609761099930531,0.0,0.0,0.0,4.534833461858116,0.07558055769763526
0.36600000000000027,0.24089756768719472,-0.07307300654726859,1.6609761533308043,0.24089753526951235,-0.0730729833318539,1.6609761099930531,0.24089753526951235,-0.0730729833318539,1.6609761099930531,0.0,0.0,0.0,4.534833162643891,0.07558055271073152
0.36700000000000027,0.24089757106140597,-0.07307300837340215,1.660976155043835,0.24089753526951235,-0.0730729833318539,1.6609761099930531,0.24089753526951235,-0.0730729833318539,1.6609761099930531,0.0,0.0,0.0,4.534832867570585,0.07558054779284308
0.36800000000000027,0.2408975743972845,-0.07307301017502335,1.660976156748529,0.24089753526951235,-0.0730729833318539,1.6609761099930531,0.24089753526951235,-0.0730729833318539,1.6609761099930531,0.0,0.0,0.0,4.534832576707981,0.07558054294513301
0.36900000000000027,0.2408975776950657,-0.07307301195240302,1.6609761584445537,0.24089753526951235,-0.0730729833318539,1.6609761099930531,0.24089753526951235,-0.0730729833318539,1.6609761099930531,0.0,0.0,0.0,4.534832290116727,0.07558053816861211
0.3700000000000003,0.24089758095497432,-0.07307301370580399,1.6609761601315745,0.24089753526951235,-0.0730729833318539,1.6609761099930531,0.24089753526951235,-0.0730729833318539,1.6609761099930531,0.0,0.0,0.0,4.534832007848883,0.07558053346414804
0.3710000000000003,0.24089758417722534,-0.07307301543548082,1.6609761618092531,0.24089753526951235,-0.0730729833318539,1.6609761099930531,0.24089753526951235,-0.0730729833318539,1.6609761099930531,0.0,0.0,0.0,4.53483172994695,0.07558052883244916
0.3720000000000003,0.24089758736202332,-0.07307301714167952,1.6609761634772457,0.24089753526951235,-0.0730729833318539,1.6609761099930531,0.24089753526951235,-0.0730729833318539,1.6609761099930531,0.0,0.0,0.0,4.5348314564452705,0.07558052427408785
0.3730000000000003,0.24089759050956422,-0.07307301882463814,1.660976165135209,0.24089753526951235,-0.0730729833318539,1.6609761099930531,0.24089753526951235,-0.0730729833318539,1.6609761099930531,0.0,0.0,0.0,4.534831187370671,0.07558051978951118
0.3740000000000003,0.2408975936200335,-0.07307302048458666,1.6609761667827967,0.24089753526951235,-0.0730729833318539,1.6609761099930531,0.24089753526951235,-0.0730729833318539,1.6609761099930531,0.0,0.0,0.0,4.534830922741614,0.07558051537902691
0.3750000000000003,0.24089759669360855,-0.07307302212174724,1.66097616841966,0.24089753526951235,-0.0730729833318539,1.6609761099930531,0.24089753526951235,-0.0730729833318539,1.6609761099930531,0.0,0.0,0.0,4.534830662569294,0.07558051104282157
0.3760000000000003,0.24089759973045732,-0.07307302373633424,1.6609761700454513,0.24089753526951235,-0.0730729833318539,1.6609761099930531,0.24089753526951235,-0.0730729833318539,1.6609761099930531,0.0,0.0,0.0,4.534830406858245,0.07558050678097075
0.3770000000000003,0.240897602730739,-0.07307302532855503,1.660976171659822,0.24089753526951235,-0.0730729833318539,1.6609761099930531,0.24089753526951235,-0.0730729833318539,1.6609761099930531,0.0,0.0,0.0,4.53483015560591,0.07558050259343183
0.3780000000000003,0.24089760569460675,-0.07307302689860914,1.6609761732624235,0.24089753526951235,-0.0730729833318539,1.6609761099930531,0.24089753526951235,-0.0730729833318539,1.6609761099930531,0.0,0.0,0.0,4.534829908803183,0.07558049848005305
0.3790000000000003,0.2408976086222026,-0.07307302844668903,1.6609761748529088,0.24089753526951235,-0.0730729833318539,1.6609761099930531,0.24089753526951235,-0.0730729833318539,1.6609761099930531,0.0,0.0,0.0,4.5348296664354475,0.0755804944405908
0.3800000000000003,0.24089761151366224,-0.07307302997297943,1.6609761764309314,0.24089753526951235,-0.0730729833318539,1.6609761099930531,0.24089753526951235,-0.0730729833318539,1.6609761099930531,0.0,0.0,0.0,4.534829428481525,0.07558049047469209
0.3810000000000003,0.24089761436911422,-0.0730730314776592,1.6609761779961472,0.24089753526951235,-0.0730729833318539,1.6609761099930531,0.24089753526951235,-0.0730729833318539,1.6609761099930531,0.0,0.0,0.0,4.534829194915069,0.07558048658191782
0.3820000000000003,0.2408976171886796,-0.07307303296090038,1.6609761795482127,0.24089753526951235,-0.0730729833318539,1.6609761099930531,0.24089753526951235,-0.0730729833318539,1.6609761099930531,0.0,0.0,0.0,4.534828965704595,0.07558048276174324
0.3830000000000003,0.24089761997247236,-0.07307303442286761,1.660976181086789,0.24089753526951235,-0.0730729833318539,1.6609761099930531,0.24089753526951235,-0.0730729833318539,1.6609761099930531,0.0,0.0,0.0,4.534828740813714,0.0755804790135619
0.3840000000000003,0.24089762272060014,-0.07307303586371976,1.660976182611538,0.24089753526951235,-0.0730729833318539,1.6609761099930531,0.24089753526951235,-0.0730729833318539,1.6609761099930531,0.0,0.0,0.0,4.534828520201064,0.0755804753366844
0.3850000000000003,0.2408976254331644,-0.07307303728360928,1.660976184122125,0.24089753526951235,-0.0730729833318539,1.6609761099930531,0.24089753526951235,-0.0730729833318539,1.6609761099930531,0.0,0.0,0.0,4.534828303821328,0.07558047173035547
0.3860000000000003,0.24089762811026005,-0.07307303868268293,1.660976185618222,0.24089753526951235,-0.0730729833318539,1.6609761099930531,0.24089753526951235,-0.0730729833318539,1.6609761099930531,0.0,0.0,0.0,4.534828091625038,0.07558046819375064
0.3870000000000003,0.24089763075197645,-0.07307304006108142,1.6609761870995012,0.24089753526951235,-0.0730729833318539,1.6609761099930531,0.24089753526951235,-0.0730729833318539,1.6609761099930531,0.0,0.0,0.0,4.534827883558274,0.07558046472597123
0.3880000000000003,0.24089763335839795,-0.07307304141893943,1.660976188565641,0.24089753526951235,-0.0730729833318539,1.6609761099930531,0.24089753526951235,-0.0730729833318539,1.6609761099930531,0.0,0.0,0.0,4.534827679564131,0.07558046132606885
0.3890000000000003,0.24089763592960242,-0.07307304275638696,1.6609761900163234,0.24089753526951235,-0.0730729833318539,1.6609761099930531,0.24089753526951235,-0.0730729833318539,1.6609761099930531,0.0,0.0,0.0,4.534827479582257,0.07558045799303763
0.3900000000000003,0.24089763846566428,-0.07307304407354795,1.6609761914512353,0.24089753526951235,-0.0730729833318539,1.6609761099930531,0.24089753526951235,-0.0730729833318539,1.6609761099930531,0.0,0.0,0.0,4.534827283549137,0.07558045472581895
0.3910000000000003,0.24089764096665206,-0.07307304537054142,1.6609761928700688,0.24089753526951235,-0.0730729833318539,1.6609761099930531,0.24089753526951235,-0.0730729833318539,1.6609761099930531,0.0,0.0,0.0,4.534827091398433,0.07558045152330721
0.3920000000000003,0.24089764343263054,-0.07307304664748174,1.660976194272522,0.24089753526951235,-0.0730729833318539,1.6609761099930531,0.24089753526951235,-0.0730729833318539,1.6609761099930531,0.0,0.0,0.0,4.534826903061105,0.07558044838435175
0.3930000000000003,0.24089764586365991,-0.07307304790447841,1.6609761956582985,0.24089753526951235,-0.0730729833318539,1.6609761099930531,0.24089753526951235,-0.0730729833318539,1.6609761099930531,0.0,0.0,0.0,4.534826718465658,0.07558044530776097
0.3940000000000003,0.24089764825979687,-0.07307304914163563,1.6609761970271066,0.24089753526951235,-0.0730729833318539,1.6609761099930531,0.24089753526951235,-0.0730729833318539,1.6609761099930531,0.0,0.0,0.0,4.5348265375383585,0.07558044229230597
0.3950000000000003,0.24089765062109397,-0.07307305035905456,1.66097619837866,0.24089753526951235,-0.0730729833318539,1.6609761099930531,0.24089753526951235,-0.0730729833318539,1.6609761099930531,0.0,0.0,0.0,4.534826360203725,0.07558043933672876
0.3960000000000003,0.2408976529476006,-0.07307305155683064,1.6609761997126808,0.24089753526951235,-0.0730729833318539,1.6609761099930531,0.24089753526951235,-0.0730729833318539,1.6609761099930531,0.0,0.0,0.0,4.534826186383843,0.07558043643973072
0.3970000000000003,0.24089765523936324,-0.07307305273505645,1.6609762010288973,0.24089753526951235,-0.0730729833318539,1.6609761099930531,0.24089753526951235,-0.0730729833318539,1.6609761099930531,0.0,0.0,0.0,4.534826016000679,0.07558043360001131
0.3980000000000003,0.2408976574964249,-0.07307305389381992,1.6609762023270416,0.24089753526951235,-0.0730729833318539,1.6609761099930531,0.24089753526951235,-0.0730729833318539,1.6609761099930531,0.0,0.0,0.0,4.534825848973285,0.07558043081622141
0.3990000000000003,0.24089765971882632,-0.0730730550332058,1.6609762036068543,0.24089753526951235,-0.0730729833318539,1.6609761099930531,0.24089753526951235,-0.0730729833318539,1.6609761099930531,0.0,0.0,0.0,4.534825685220033,0.07558042808700055
0.4000000000000003,0.2408976619066055,-0.07307305615329486,1.6609762048680825,0.24089753526951235,-0.0730729833318539,1.6609761099930531,0.24089753526951235,-0.0730729833318539,1.6609761099930531,0.0,0.0,0.0,4.5348255246582525,0.07558042541097088
0.4010000000000003,0.24089766405979884,-0.0730730572541649,1.6609762061104807,0.24089753526951235,-0.0730729833318539,1.6609761099930531,0.24089753526951235,-0.0730729833318539,1.6609761099930531,0.0,0.0,0.0,4.534825367204332,0.07558042278673888
0.4020000000000003,0.24089766617844,-0.0730730583358897,1.6609762073338092,0.24089753526951235,-0.0730729833318539,1.6609761099930531,0.24089753526951235,-0.0730729833318539,1.6609761099930531,0.0,0.0,0.0,4.534825212774058,0.07558042021290096
0.4030000000000003,0.2408976682625611,-0.07307305939854118,1.660976208537836,0.24089753526951235,-0.0730729833318539,1.6609761099930531,0.24089753526951235,-0.0730729833318539,1.6609761099930531,0.0,0.0,0.0,4.534825061282547,0.07558041768804244
0.4040000000000003,0.24089767031219295,-0.07307306044218738,1.6609762097223368,0.24089753526951235,-0.0730729833318539,1.6609761099930531,0.24089753526951235,-0.0730729833318539,1.6609761099930531,0.0,0.0,0.0,4.534824912644719,0.07558041521074532
0.4050000000000003,0.24089767232736498,-0.07307306146689468,1.6609762108870927,0.24089753526951235,-0.0730729833318539,1.6609761099930531,0.24089753526951235,-0.0730729833318539,1.6609761099930531,0.0,0.0,0.0,4.534824766774864,0.07558041277958107
0.4060000000000003,0.24089767430810485,-0.07307306247272559,1.6609762120318943,0.24089753526951235,-0.0730729833318539,1.6609761099930531,0.24089753526951235,-0.0730729833318539,1.6609761099930531,0.0,0.0,0.0,4.5348246235876415,0.07558041039312736
0.4070000000000003,0.2408976762544404,-0.07307306345974098,1.6609762131565384,0.24089753526951235,-0.0730729833318539,1.6609761099930531,0.24089753526951235,-0.0730729833318539,1.6609761099930531,0.0,0.0,0.0,4.534824482997159,0.07558040804995265
0.4080000000000003,0.24089767816639768,-0.07307306442799966,1.6609762142608286,0.24089753526951235,-0.0730729833318539,1.6609761099930531,0.24089753526951235,-0.0730729833318539,1.6609761099930531,0.0,0.0,0.0,4.534824344918098,0.07558040574863496
0.4090000000000003,0.24089768004400247,-0.07307306537755748,1.6609762153445768,0.24089753526951235,-0.0730729833318539,1.6609761099930531,0.24089753526951235,-0.0730729833318539,1.6609761099930531,0.0,0.0,0.0,4.534824209265436,0.07558040348775726
0.4100000000000003,0.24089768188728028,-0.07307306630846909,1.6609762164076014,0.24089753526951235,-0.0730729833318539,1.6609761099930531,0.24089753526951235,-0.0730729833318539,1.6609761099930531,0.0,0.0,0.0,4.534824075954105,0.07558040126590175
0.4110000000000003,0.24089768369625675,-0.07307306722078719,1.6609762174497307,0.24089753526951235,-0.0730729833318539,1.6609761099930531,0.24089753526951235,-0.0730729833318539,1.6609761099930531,0.0,0.0,0.0,4.53482394490013,0.07558039908166883
0.4120000000000003,0.24089768547095708,-0.0730730681145625,1.6609762184707964,0.24089753526951235,-0.0730729833318539,1.6609761099930531,0.24089753526951235,-0.0730729833318539,1.6609761099930531,0.0,0.0,0.0,4.534823816019256,0.07558039693365427
0.4130000000000003,0.24089768721140595,-0.07307306898984418,1.6609762194706406,0.24089753526951235,-0.0730729833318539,1.6609761099930531,0.24089753526951235,-0.0730729833318539,1.6609761099930531,0.0,0.0,0.0,4.534823689228848,0.07558039482048079
0.4140000000000003,0.24089768891762975,-0.07307306984668036,1.660976220449111,0.24089753526951235,-0.0730729833318539,1.6609761099930531,0.24089753526951235,-0.0730729833318539,1.6609761099930531,0.0,0.0,0.0,4.534823564446438,0.07558039274077397
0.4150000000000003,0.2408976905896546,-0.07307307068511784,1.6609762214060655,0.24089753526951235,-0.0730729833318539,1.6609761099930531,0.24089753526951235,-0.0730729833318539,1.6609761099930531,0.0,0.0,0.0,4.534823441590954,0.07558039069318258
0.4160000000000003,0.2408976922275078,-0.07307307150520166,1.660976222341367,0.24089753526951235,-0.0730729833318539,1.6609761099930531,0.24089753526951235,-0.0730729833318539,1.6609761099930531,0.0,0.0,0.0,4.534823320581601,0.07558038867636001
0.4170000000000003,0.24089769383121543,-0.073073072306976,1.660976223254884,0.24089753526951235,-0.0730729833318539,1.6609761099930531,0.24089753526951235,-0.0730729833318539,1.6609761099930531,0.0,0.0,0.0,4.534823201338997,0.07558038668898329
0.4180000000000003,0.24089769540080674,-0.07307307309048482,1.6609762241464956,0.24089753526951235,-0.0730729833318539,1.6609761099930531,0.24089753526951235,-0.0730729833318539,1.6609761099930531,0.0,0.0,0.0,4.534823083785285,0.07558038472975474
0.4190000000000003,0.24089769693631008,-0.07307307385577021,1.6609762250160869,0.24089753526951235,-0.0730729833318539,1.6609761099930531,0.24089753526951235,-0.0730729833318539,1.6609761099930531,0.0,0.0,0.0,4.534822967843057,0.07558038279738429
0.4200000000000003,0.240897698437757,-0.07307307460287417,1.6609762258635508,0.24089753526951235,-0.0730729833318539,1.6609761099930531,0.24089753526951235,-0.0730729833318539,1.6609761099930531,0.0,0.0,0.0,4.534822853436382,0.07558038089060637
0.4210000000000003,0.24089769990517945,-0.07307307533183846,1.6609762266887849,0.24089753526951235,-0.0730729833318539,1.6609761099930531,0.24089753526951235,-0.0730729833318539,1.6609761099930531,0.0,0.0,0.0,4.534822740490625,0.07558037900817709
0.4220000000000003,0.2408977013386096,-0.07307307604270363,1.6609762274916968,0.24089753526951235,-0.0730729833318539,1.6609761099930531,0.24089753526951235,-0.0730729833318539,1.6609761099930531,0.0,0.0,0.0,4.534822628933036,0.07558037714888392
0.4230000000000003,0.2408977027380826,-0.07307307673551018,1.6609762282721994,0.24089753526951235,-0.0730729833318539,1.6609761099930531,0.24089753526951235,-0.0730729833318539,1.6609761099930531,0.0,0.0,0.0,4.534822518691362,0.0755803753115227
0.4240000000000003,0.24089770410363398,-0.07307307741029805,1.6609762290302132,0.24089753526951235,-0.0730729833318539,1.6609761099930531,0.24089753526951235,-0.0730729833318539,1.6609761099930531,0.0,0.0,0.0,4.534822409695495,0.07558037349492493
0.4250000000000003,0.2408977054353022,-0.07307307806710689,1.660976229765664,0.24089753526951235,-0.0730729833318539,1.6609761099930531,0.24089753526951235,-0.0730729833318539,1.6609761099930531,0.0,0.0,0.0,4.534822301876284,0.07558037169793806
0.4260000000000003,0.24089770673312633,-0.07307307870597693,1.660976230478486,0.24089753526951235,-0.0730729833318539,1.6609761099930531,0.24089753526951235,-0.0730729833318539,1.6609761099930531,0.0,0.0,0.0,4.534822195166909,0.07558036991944848
0.4270000000000003,0.24089770799714855,-0.07307307932694795,1.6609762311686196,0.24089753526951235,-0.0730729833318539,1.6609761099930531,0.24089753526951235,-0.0730729833318539,1.6609761099930531,0.0,0.0,0.0,4.534822089501319,0.07558036815835532
0.4280000000000003,0.24089770922741144,-0.07307307993005939,1.660976231836011,0.24089753526951235,-0.0730729833318539,1.6609761099930531,0.24089753526951235,-0.0730729833318539,1.6609761099930531,0.0,0.0,0.0,4.534821984815431,0.07558036641359052
0.4290000000000003,0.2408977104239612,-0.0730730805153513,1.6609762324806137,0.24089753526951235,-0.0730729833318539,1.6609761099930531,0.24089753526951235,-0.0730729833318539,1.6609761099930531,0.0,0.0,0.0,4.534821881046702,0.07558036468411171
0.4300000000000003,0.24089771158684486,-0.07307308108286438,1.660976233102386,0.24089753526951235,-0.0730729833318539,1.6609761099930531,0.24089753526951235,-0.0730729833318539,1.6609761099930531,0.0,0.0,0.0,4.534821778134419,0.07558036296890698
0.4310000000000003,0.2408977127161122,-0.07307308163263818,1.660976233701294,0.24089753526951235,-0.0730729833318539,1.6609761099930531,0.24089753526951235,-0.0730729833318539,1.6609761099930531,0.0,0.0,0.0,4.534821676019494,0.07558036126699157
0.43200000000000033,0.24089771381181554,-0.0730730821647142,1.660976234277311,0.24089753526951235,-0.0730729833318539,1.6609761099930531,0.24089753526951235,-0.0730729833318539,1.6609761099930531,0.0,0.0,0.0,4.534821574644391,0.07558035957740651
0.43300000000000033,0.24089771487400824,-0.07307308267913329,1.6609762348304125,0.24089753526951235,-0.0730729833318539,1.6609761099930531,0.24089753526951235,-0.0730729833318539,1.6609761099930531,0.0,0.0,0.0,4.534821473953118,0.07558035789921863
0.43400000000000033,0.24089771590274808,-0.07307308317593746,1.6609762353605824,0.24089753526951235,-0.0730729833318539,1.6609761099930531,0.24089753526951235,-0.0730729833318539,1.6609761099930531,0.0,0.0,0.0,4.534821373891883,0.07558035623153138
0.43500000000000033,0.24089771689809314,-0.07307308365516836,1.660976235867811,0.24089753526951235,-0.0730729833318539,1.6609761099930531,0.24089753526951235,-0.0730729833318539,1.6609761099930531,0.0,0.0,0.0,4.534821274407897,0.07558035457346496
0.43600000000000033,0.24089771786010525,-0.07307308411686943,1.6609762363520932,0.24089753526951235,-0.0730729833318539,1.6609761099930531,0.24089753526951235,-0.0730729833318539,1.6609761099930531,0.0,0.0,0.0,4.534821175451552,0.07558035292419253
0.43700000000000033,0.24089771878884822,-0.07307308456108373,1.6609762368134298,0.24089753526951235,-0.0730729833318539,1.6609761099930531,0.24089753526951235,-0.0730729833318539,1.6609761099930531,0.0,0.0,0.0,4.534821076973609,0.07558035128289348
0.43800000000000033,0.2408977196843881,-0.07307308498785581,1.660976237251826,0.24089753526951235,-0.0730729833318539,1.6609761099930531,0.24089753526951235,-0.0730729833318539,1.6609761099930531,0.0,0.0,0.0,4.534820978926978,0.07558034964878298
0.43900000000000033,0.24089772054679437,-0.07307308539723031,1.6609762376672932,0.24089753526951235,-0.0730729833318539,1.6609761099930531,0.24089753526951235,-0.0730729833318539,1.6609761099930531,0.0,0.0,0.0,4.534820881266155,0.07558034802110258
0.44000000000000034,0.2408977213761384,-0.07307308578925309,1.6609762380598476,0.24089753526951235,-0.0730729833318539,1.6609761099930531,0.24089753526951235,-0.0730729833318539,1.6609761099930531,0.0,0.0,0.0,4.534820783947689,0.07558034639912815
0.44100000000000034,0.2408977221724944,-0.07307308616397082,1.6609762384295117,0.24089753526951235,-0.0730729833318539,1.6609761099930531,0.24089753526951235,-0.0730729833318539,1.6609761099930531,0.0,0.0,0.0,4.534820686929777,0.07558034478216295
0.44200000000000034,0.24089772293593953,-0.07307308652143103,1.6609762387763114,0.24089753526951235,-0.0730729833318539,1.6609761099930531,0.24089753526951235,-0.0730729833318539,1.6609761099930531,0.0,0.0,0.0,4.534820590172078,0.07558034316953463
0.44300000000000034,0.2408977236665526,-0.07307308686168167,1.6609762391002778,0.24089753526951235,-0.0730729833318539,1.6609761099930531,0.24089753526951235,-0.0730729833318539,1.6609761099930531,0.0,0.0,0.0,4.534820493636394,0.07558034156060657
0.44400000000000034,0.2408977243644161,-0.07307308718477241,1.6609762394014476,0.24089753526951235,-0.0730729833318539,1.6609761099930531,0.24089753526951235,-0.0730729833318539,1.6609761099930531,0.0,0.0,0.0,4.534820397285938,0.07558033995476564
0.44500000000000034,0.24089772502961476,-0.07307308749075378,1.6609762396798609,0.24089753526951235,-0.0730729833318539,1.6609761099930531,0.24089753526951235,-0.0730729833318539,1.6609761099930531,0.0,0.0,0.0,4.534820301085576,0.07558033835142626
0.44600000000000034,0.24089772566223583,-0.0730730877796767,1.6609762399355623,0.24089753526951235,-0.0730729833318539,1.6609761099930531,0.24089753526951235,-0.0730729833318539,1.6609761099930531,0.0,0.0,0.0,4.534820205002118,0.07558033675003531
0.44700000000000034,0.24089772626237024,-0.07307308805159335,1.6609762401686017,0.24089753526951235,-0.0730729833318539,1.6609761099930531,0.24089753526951235,-0.0730729833318539,1.6609761099930531,0.0,0.0,0.0,4.534820109003842,0.07558033515006404
0.44800000000000034,0.24089772683011004,-0.07307308830655758,1.660976240379033,0.24089753526951235,-0.0730729833318539,1.6609761099930531,0.24089753526951235,-0.0730729833318539,1.6609761099930531,0.0,0.0,0.0,4.534820013060724,0.07558033355101207
0.44900000000000034,0.24089772736555115,-0.07307308854462355,1.660976240566913,0.24089753526951235,-0.0730729833318539,1.6609761099930531,0.24089753526951235,-0.0730729833318539,1.6609761099930531,0.0,0.0,0.0,4.534819917144211,0.07558033195240352
0.45000000000000034,0.2408977278687916,-0.07307308876584707,1.660976240732304,0.24089753526951235,-0.0730729833318539,1.6609761099930531,0.24089753526951235,-0.0730729833318539,1.6609761099930531,0.0,0.0,0.0,4.534819821227642,0.07558033035379404
0.45100000000000035,0.24089772833993256,-0.07307308897028476,1.660976240875272,0.24089753526951235,-0.0730729833318539,1.6609761099930531,0.24089753526951235,-0.0730729833318539,1.6609761099930531,0.0,0.0,0.0,4.534819725285704,0.07558032875476174
0.45200000000000035,0.2408977287790776,-0.07307308915799446,1.6609762409958853,0.24089753526951235,-0.0730729833318539,1.6609761099930531,0.24089753526951235,-0.0730729833318539,1.6609761099930531,0.0,0.0,0.0,4.534819629294673,0.07558032715491121
0.45300000000000035,0.2408977291863329,-0.07307308932903522,1.6609762410942168,0.24089753526951235,-0.0730729833318539,1.6609761099930531,0.24089753526951235,-0.0730729833318539,1.6609761099930531,0.0,0.0,0.0,4.5348195332324295,0.07558032555387383
0.45400000000000035,0.2408977295618073,-0.07307308948346712,1.660976241170344,0.24089753526951235,-0.0730729833318539,1.6609761099930531,0.24089753526951235,-0.0730729833318539,1.6609761099930531,0.0,0.0,0.0,4.534819437078267,0.07558032395130444
0.45500000000000035,0.24089772990561226,-0.07307308962135133,1.6609762412243445,0.24089753526951235,-0.0730729833318539,1.6609761099930531,0.24089753526951235,-0.0730729833318539,1.6609761099930531,0.0,0.0,0.0,4.534819340812875,0.07558032234688125
0.45600000000000035,0.24089773021786276,-0.0730730897427504,1.6609762412563047,0.24089753526951235,-0.0730729833318539,1.6609761099930531,0.24089753526951235,-0.0730729833318539,1.6609761099930531,0.0,0.0,0.0,4.534819244418881,0.07558032074031469
0.45700000000000035,0.24089773049867402,-0.07307308984772808,1.6609762412663074,0.24089753526951235,-0.0730729833318539,1.6609761099930531,0.24089753526951235,-0.0730729833318539,1.6609761099930531,0.0,0.0,0.0,4.534819147879529,0.07558031913132549
0.45800000000000035,0.24089773074816578,-0.07307308993634908,1.6609762412544427,0.24089753526951235,-0.0730729833318539,1.6609761099930531,0.24089753526951235,-0.0730729833318539,1.6609761099930531,0.0,0.0,0.0,4.534819051180171,0.07558031751966951
0.45900000000000035,0.2408977309664604,-0.07307309000867933,1.6609762412208038,0.24089753526951235,-0.0730729833318539,1.6609761099930531,0.24089753526951235,-0.0730729833318539,1.6609761099930531,0.0,0.0,0.0,4.534818954307345,0.07558031590512242
0.46000000000000035,0.2408977311536824,-0.07307309006478631,1.6609762411654858,0.24089753526951235,-0.0730729833318539,1.6609761099930531,0.24089753526951235,-0.0730729833318539,1.6609761099930531,0.0,0.0,0.0,4.53481885724854,0.07558031428747566
0.46100000000000035,0.24089773130995762,-0.07307309010473804,1.6609762410885858,0.24089753526951235,-0.0730729833318539,1.6609761099930531,0.24089753526951235,-0.0730729833318539,1.6609761099930531,0.0,0.0,0.0,4.5348187599927945,0.07558031266654658
0.46200000000000035,0.24089773143541604,-0.07307309012860413,1.660976240990204,0.24089753526951235,-0.0730729833318539,1.6609761099930531,0.24089753526951235,-0.0730729833318539,1.6609761099930531,0.0,0.0,0.0,4.53481866253063,0.07558031104217716
0.46300000000000036,0.24089773153018879,-0.07307309013645538,1.660976240870443,0.24089753526951235,-0.0730729833318539,1.6609761099930531,0.24089753526951235,-0.0730729833318539,1.6609761099930531,0.0,0.0,0.0,4.534818564853711,0.07558030941422851
0.46400000000000036,0.24089773159441025,-0.07307309012836363,1.6609762407294089,0.24089753526951235,-0.0730729833318539,1.6609761099930531,0.24089753526951235,-0.0730729833318539,1.6609761099930531,0.0,0.0,0.0,4.534818466954808,0.07558030778258013
0.46500000000000036,0.24089773162821682,-0.07307309010440183,1.6609762405672088,0.24089753526951235,-0.0730729833318539,1.6609761099930531,0.24089753526951235,-0.0730729833318539,1.6609761099930531,0.0,0.0,0.0,4.534818368827602,0.0755803061471267
0.46600000000000036,0.24089773163174696,-0.07307309006464427,1.6609762403839525,0.24089753526951235,-0.0730729833318539,1.6609761099930531,0.24089753526951235,-0.0730729833318539,1.6609761099930531,0.0,0.0,0.0,4.534818270467436,0.07558030450779059
0.46700000000000036,0.24089773160514177,-0.073073090009166,1.6609762401797517,0.24089753526951235,-0.0730729833318539,1.6609761099930531,0.24089753526951235,-0.0730729833318539,1.6609761099930531,0.0,0.0,0.0,4.534818171870494,0.07558030286450824
0.46800000000000036,0.24089773154854482,-0.07307308993804365,1.6609762399547203,0.24089753526951235,-0.0730729833318539,1.6609761099930531,0.24089753526951235,-0.0730729833318539,1.6609761099930531,0.0,0.0,0.0,4.534818073034088,0.07558030121723479
0.46900000000000036,0.2408977314621006,-0.07307308985135483,1.6609762397089747,0.24089753526951235,-0.0730729833318539,1.6609761099930531,0.24089753526951235,-0.0730729833318539,1.6609761099930531,0.0,0.0,0.0,4.534817973956537,0.07558029956594228
0.47000000000000036,0.24089773134595743,-0.07307308974917792,1.660976239442632,0.24089753526951235,-0.0730729833318539,1.6609761099930531,0.24089753526951235,-0.0730729833318539,1.6609761099930531,0.0,0.0,0.0,4.534817874637059,0.07558029791061766
0.47100000000000036,0.24089773120026486,-0.07307308963159294,1.6609762391558114,0.24089753526951235,-0.0730729833318539,1.6609761099930531,0.24089753526951235,-0.0730729833318539,1.6609761099930531,0.0,0.0,0.0,4.534817775076226,0.07558029625127043
0.47200000000000036,0.24089773102517426,-0.0730730894986806,1.6609762388486344,0.24089753526951235,-0.0730729833318539,1.6609761099930531,0.24089753526951235,-0.0730729833318539,1.6609761099930531,0.0,0.0,0.0,4.534817675275296,0.07558029458792159
0.47300000000000036,0.24089773082083965,-0.07307308935052247,1.660976238521224,0.24089753526951235,-0.0730729833318539,1.6609761099930531,0.24089753526951235,-0.0730729833318539,1.6609761099930531,0.0,0.0,0.0,4.534817575236336,0.0755802929206056
0.47400000000000037,0.24089773058741706,-0.07307308918720203,1.6609762381737034,0.24089753526951235,-0.0730729833318539,1.6609761099930531,0.24089753526951235,-0.0730729833318539,1.6609761099930531,0.0,0.0,0.0,4.5348174749623995,0.07558029124937332
0.47500000000000037,0.2408977303250638,-0.07307308900880254,1.6609762378061985,0.24089753526951235,-0.0730729833318539,1.6609761099930531,0.24089753526951235,-0.0730729833318539,1.6609761099930531,0.0,0.0,0.0,4.5348173744577025,0.07558028957429504
0.47600000000000037,0.2408977300339396,-0.07307308881540953,1.660976237418836,0.24089753526951235,-0.0730729833318539,1.6609761099930531,0.24089753526951235,-0.0730729833318539,1.6609761099930531,0.0,0.0,0.0,4.5348172737267465,0.07558028789544577
0.47700000000000037,0.24089772971420564,-0.07307308860710848,1.6609762370117445,0.24089753526951235,-0.0730729833318539,1.6609761099930531,0.24089753526951235,-0.0730729833318539,1.6609761099930531,0.0,0.0,0.0,4.534817172775243,0.07558028621292072
0.47800000000000037,0.24089772936602555,-0.07307308838398639,1.6609762365850531,0.24089753526951235,-0.0730729833318539,1.6609761099930531,0.24089753526951235,-0.0730729833318539,1.6609761099930531,0.0,0.0,0.0,4.534817071609286,0.07558028452682143
0.47900000000000037,0.24089772898956419,-0.07307308814613137,1.6609762361388913,0.24089753526951235,-0.0730729833318539,1.6609761099930531,0.24089753526951235,-0.0730729833318539,1.6609761099930531,0.0,0.0,0.0,4.534816970235981,0.07558028283726634
0.48000000000000037,0.24089772858498792,-0.07307308789363152,1.660976235673392,0.24089753526951235,-0.0730729833318539,1.6609761099930531,0.24089753526951235,-0.0730729833318539,1.6609761099930531,0.0,0.0,0.0,4.534816868663205,0.07558028114438674
0.48100000000000037,0.24089772815246535,-0.0730730876265771,1.6609762351886865,0.24089753526951235,-0.0730729833318539,1.6609761099930531,0.24089753526951235,-0.0730729833318539,1.6609761099930531,0.0,0.0,0.0,4.5348167668991,0.07558027944831833
0.4820000000000004,0.2408977276921666,-0.07307308734505848,1.6609762346849084,0.24089753526951235,-0.0730729833318539,1.6609761099930531,0.24089753526951235,-0.0730729833318539,1.6609761099930531,0.0,0.0,0.0,4.534816664952805,0.07558027774921341
0.4830000000000004,0.2408977272042629,-0.07307308704916667,1.6609762341621916,0.24089753526951235,-0.0730729833318539,1.6609761099930531,0.24089753526951235,-0.0730729833318539,1.6609761099930531,0.0,0.0,0.0,4.534816562834014,0.07558027604723357
0.4840000000000004,0.24089772668892795,-0.07307308673899426,1.6609762336206715,0.24089753526951235,-0.0730729833318539,1.6609761099930531,0.24089753526951235,-0.0730729833318539,1.6609761099930531,0.0,0.0,0.0,4.534816460552824,0.07558027434254706
0.4850000000000004,0.24089772614633553,-0.07307308641463438,1.6609762330604838,0.24089753526951235,-0.0730729833318539,1.6609761099930531,0.24089753526951235,-0.0730729833318539,1.6609761099930531,0.0,0.0,0.0,4.534816358120164,0.07558027263533607
0.4860000000000004,0.2408977255766619,-0.07307308607618056,1.6609762324817632,0.24089753526951235,-0.0730729833318539,1.6609761099930531,0.24089753526951235,-0.0730729833318539,1.6609761099930531,0.0,0.0,0.0,4.534816255547,0.07558027092578333
0.4870000000000004,0.24089772498008444,-0.07307308572372774,1.6609762318846484,0.24089753526951235,-0.0730729833318539,1.6609761099930531,0.24089753526951235,-0.0730729833318539,1.6609761099930531,0.0,0.0,0.0,4.5348161528454405,0.07558026921409068
0.4880000000000004,0.24089772435678197,-0.07307308535737099,1.6609762312692753,0.24089753526951235,-0.0730729833318539,1.6609761099930531,0.24089753526951235,-0.0730729833318539,1.6609761099930531,0.0,0.0,0.0,4.534816050027479,0.07558026750045799
0.4890000000000004,0.24089772370693452,-0.07307308497720663,1.6609762306357834,0.24089753526951235,-0.0730729833318539,1.6609761099930531,0.24089753526951235,-0.0730729833318539,1.6609761099930531,0.0,0.0,0.0,4.534815947105235,0.07558026578508725
0.4900000000000004,0.240897723030723,-0.073073084583331,1.6609762299843094,0.24089753526951235,-0.0730729833318539,1.6609761099930531,0.24089753526951235,-0.0730729833318539,1.6609761099930531,0.0,0.0,0.0,4.534815844092953,0.07558026406821589
0.4910000000000004,0.24089772232832984,-0.07307308417584205,1.6609762293149928,0.24089753526951235,-0.0730729833318539,1.6609761099930531,0.24089753526951235,-0.0730729833318539,1.6609761099930531,0.0,0.0,0.0,4.534815741003618,0.0755802623500603
0.4920000000000004,0.24089772159993922,-0.0730730837548377,1.6609762286279735,0.24089753526951235,-0.0730729833318539,1.6609761099930531,0.24089753526951235,-0.0730729833318539,1.6609761099930531,0.0,0.0,0.0,4.534815637850974,0.07558026063084956
0.4930000000000004,0.24089772084573535,-0.07307308332041638,1.6609762279233888,0.24089753526951235,-0.0730729833318539,1.6609761099930531,0.24089753526951235,-0.0730729833318539,1.6609761099930531,0.0,0.0,0.0,4.53481553464904,0.07558025891081734
0.4940000000000004,0.24089772006590376,-0.07307308287267797,1.6609762272013797,0.24089753526951235,-0.0730729833318539,1.6609761099930531,0.24089753526951235,-0.0730729833318539,1.6609761099930531,0.0,0.0,0.0,4.534815431412528,0.0755802571902088
0.4950000000000004,0.24089771926063186,-0.07307308241172239,1.6609762264620858,0.24089753526951235,-0.0730729833318539,1.6609761099930531,0.24089753526951235,-0.0730729833318539,1.6609761099930531,0.0,0.0,0.0,4.534815328155963,0.07558025546926604
0.4960000000000004,0.24089771843010677,-0.07307308193764914,1.6609762257056466,0.24089753526951235,-0.0730729833318539,1.6609761099930531,0.24089753526951235,-0.0730729833318539,1.6609761099930531,0.0,0.0,0.0,4.534815224894515,0.07558025374824191
0.4970000000000004,0.24089771757451775,-0.07307308145056038,1.6609762249322033,0.24089753526951235,-0.0730729833318539,1.6609761099930531,0.24089753526951235,-0.0730729833318539,1.6609761099930531,0.0,0.0,0.0,4.534815121643348,0.07558025202738913
0.4980000000000004,0.24089771669405413,-0.0730730809505574,1.6609762241418935,0.24089753526951235,-0.0730729833318539,1.6609761099930531,0.24089753526951235,-0.0730729833318539,1.6609761099930531,0.0,0.0,0.0,4.534815018417963,0.07558025030696605
0.4990000000000004,0.24089771578890598,-0.07307308043774197,1.6609762233348606,0.24089753526951235,-0.0730729833318539,1.6609761099930531,0.24089753526951235,-0.0730729833318539,1.6609761099930531,0.0,0.0,0.0,4.53481491523443,0.07558024858724051
0.5000000000000003,0.24089771485926528,-0.07307307991221654,1.6609762225112434,0.24089753526951235,-0.0730729833318539,1.6609761099930531,0.24089753526951235,-0.0730729833318539,1.6609761099930531,0.0,0.0,0.0,4.534814812107919,0.0755802468684653
0.5010000000000003,0.24089771390532325,-0.07307307937408417,1.660976221671182,0.24089753526951235,-0.0730729833318539,1.6609761099930531,0.24089753526951235,-0.0730729833318539,1.6609761099930531,2.0,0.0,0.0,4.534814709054924,0.0755802451509154
0.5020000000000003,0.24089919002271476,-0.07307236135072492,1.6609753229178659,0.24089753526951235,-0.0730729833318539,1.6609761099930531,0.24089753526951235,-0.0730729833318539,1.6609761099930531,2.0,0.0,0.0,4.57026324218721,0.0761710540364535
0.5030000000000003,0.24090205873726234,-0.07307098296834214,1.6609735973760684,0.24089753526951235,-0.0730729833318539,1.6609761099930531,0.24089753526951235,-0.0730729833318539,1.6609761099930531,2.0,0.0,0.0,4.603739809502702,0.07672899682504504
0.5040000000000003,0.24090624029973326,-0.07306899768478975,1.660971111731785,0.24089753526951235,-0.0730729833318539,1.6609761099930531,0.24089753526951235,-0.0730729833318539,1.6609761099930531,2.0,0.0,0.0,4.635358751110091,0.07725597918516817
0.5050000000000003,0.2409116593368059,-0.07306645561786476,1.6609679284422783,0.24089753526951235,-0.0730729833318539,1.6609761099930531,0.24089753526951235,-0.0730729833318539,1.6609761099930531,2.0,0.0,0.0,4.665227268183639,0.07775378780306065
0.5060000000000003,0.2409182445930288,-0.07306340376558423,1.6609641059991829,0.24089753526951235,-0.0730729833318539,1.6609761099930531,0.24089753526951235,-0.0730729833318539,1.6609761099930531,2.0,0.0,0.0,4.693445925493405,0.07822409875822342
0.5070000000000003,0.24092592870137225,-0.0730598862014854,1.6609596991849602,0.24089753526951235,-0.0730729833318539,1.6609761099930531,0.24089753526951235,-0.0730729833318539,1.6609761099930531,2.0,0.0,0.0,4.720109129396034,0.07866848548993391
0.5080000000000003,0.24093464797153835,-0.073055944255671,1.6609547593193663,0.24089753526951235,-0.0730729833318539,1.6609761099930531,0.24089753526951235,-0.0730729833318539,1.6609761099930531,2.0,0.0,0.0,4.745305470224944,0.07908842450374907
0.5090000000000003,0.24094434219237165,-0.07305161668384233,1.6609493344940196,0.24089753526951235,-0.0730729833318539,1.6609761099930531,0.24089753526951235,-0.0730729833318539,1.6609761099930531,2.0,0.0,0.0,4.7691180406779825,0.07948530067796637
0.5100000000000003,0.2409549544465426,-0.07304693982529217,1.6609434697939527,0.24089753526951235,-0.0730729833318539,1.6609761099930531,0.24089753526951235,-0.0730729833318539,1.6609761099930531,2.0,0.0,0.0,4.791624751171955,0.07986041251953259
0.5110000000000003,0.24096643093621026,-0.0730419477506133,1.660937207505413,0.24089753526951235,-0.0730729833318539,1.6609761099930531,0.24089753526951235,-0.0730729833318539,1.6609761099930531,2.0,0.0,0.0,4.812898644495155,0.08021497740825258
0.5120000000000003,0.24097872081857735,-0.0730366723997943,1.6609305873094948,0.24089753526951235,-0.0730729833318539,1.6609761099930531,0.24089753526951235,-0.0730729833318539,1.6609761099930531,2.0,0.0,0.0,4.833008207700802,0.08055013679501337
0.5130000000000003,0.2409917760503979,-0.07303114371134196,1.6609236464614714,0.24089753526951235,-0.0730729833318539,1.6609761099930531,0.24089753526951235,-0.0730729833318539,1.6609761099930531,2.0,0.0,0.0,4.852017678242709,0.08086696130404515
0.5140000000000003,0.24100555124062506,-0.07302538974302726,1.6609164199559676,0.24089753526951235,-0.0730729833318539,1.6609761099930531,0.24089753526951235,-0.0730729833318539,1.6609761099930531,2.0,0.0,0.0,4.869987341354175,0.08116645568923625
0.5150000000000003,0.24102000351047703,-0.07301943678481031,1.6609089406783053,0.24089753526951235,-0.0730729833318539,1.6609761099930531,0.24089753526951235,-0.0730729833318539,1.6609761099930531,2.0,0.0,0.0,4.886973815959544,0.08144956359932573
0.5160000000000003,0.24103509236031107,-0.07301330946447347,1.6609012395425806,0.24089753526951235,-0.0730729833318539,1.6609761099930531,0.24089753526951235,-0.0730729833318539,1.6609761099930531,2.0,0.0,0.0,4.903030326830316,0.0817171721138386
0.5170000000000003,0.2410507795427957,-0.07300703084646329,1.660893345617182,0.24089753526951235,-0.0730729833318539,1.6609761099930531,0.24089753526951235,-0.0730729833318539,1.6609761099930531,2.0,0.0,0.0,4.918206961144956,0.0819701160190826
0.5180000000000003,0.24106702894194149,-0.07300062252440835,1.660885286238591,0.24089753526951235,-0.0730729833318539,1.6609761099930531,0.24089753526951235,-0.0730729833318539,1.6609761099930531,2.0,0.0,0.0,4.932550908101653,0.08220918180169422
0.5190000000000003,0.24108380645763922,-0.07299410470775265,1.6608770871143987,0.24089753526951235,-0.0730729833318539,1.6609761099930531,0.24089753526951235,-0.0730729833318539,1.6609761099930531,2.0,0.0,0.0,4.946106680699165,0.08243511134498609
0.5200000000000004,0.24110107989541268,-0.0729874963029251,1.6608687724165248,0.24089753526951235,-0.0730729833318539,1.6609761099930531,0.24089753526951235,-0.0730729833318539,1.6609761099930531,2.0,0.0,0.0,4.958916319258715,0.08264860532097858
0.5210000000000004,0.24111881886115377,-0.07298081498943074,1.6608603648656661,0.24089753526951235,-0.0730729833318539,1.6609761099930531,0.24089753526951235,-0.0730729833318539,1.6609761099930531,2.0,0.0,0.0,4.971019576679984,0.08285032627799974
0.5220000000000004,0.2411369946606453,-0.07297407729123047,1.6608518858079862,0.24089753526951235,-0.0730729833318539,1.6609761099930531,0.24089753526951235,-0.0730729833318539,1.6609761099930531,2.0,0.0,0.0,4.9824540857957,0.08304090142992833
0.5230000000000004,0.24115558020372024,-0.07296729864375222,1.6608433552850421,0.24089753526951235,-0.0730729833318539,1.6609761099930531,0.24089753526951235,-0.0730729833318539,1.6609761099930531,2.0,0.0,0.0,4.993255509517123,0.08322092515861872
0.5240000000000004,0.24117454991292575,-0.07296049345684667,1.660834792097891,0.24089753526951235,-0.0730729833318539,1.6609761099930531,0.24089753526951235,-0.0730729833318539,1.6609761099930531,2.0,0.0,0.0,5.003457674727702,0.0833909612454617
0.5250000000000004,0.2411938796365855,-0.0729536751739886,1.6608262138662484,0.24089753526951235,-0.0730729833318539,1.6609761099930531,0.24089753526951235,-0.0730729833318539,1.6609761099930531,2.0,0.0,0.0,5.013092691092651,0.08355154485154419
0.5260000000000004,0.2412135465661559,-0.07294685632798877,1.6608176370835155,0.24089753526951235,-0.0730729833318539,1.6609761099930531,0.24089753526951235,-0.0730729833318539,1.6609761099930531,2.0,0.0,0.0,5.022191056108493,0.08370318426847488
0.5270000000000004,0.2412335291577879,-0.07294004859347017,1.660809077168366,0.24089753526951235,-0.0730729833318539,1.6609761099930531,0.24089753526951235,-0.0730729833318539,1.6609761099930531,2.0,0.0,0.0,5.030781747810231,0.08384636246350384
0.5280000000000004,0.24125380705799654,-0.07293326283634248,1.6608005485135355,0.24089753526951235,-0.0730729833318539,1.6609761099930531,0.24089753526951235,-0.0730729833318539,1.6609761099930531,2.0,0.0,0.0,5.038892306603583,0.08398153844339305
0.5290000000000004,0.2412743610333406,-0.07292650916047555,1.6607920645323218,0.24089753526951235,-0.0730729833318539,1.6609761099930531,0.24089753526951235,-0.0730729833318539,1.6609761099930531,2.0,0.0,0.0,5.046548907689164,0.08410914846148607
0.5300000000000004,0.2412951729040132,-0.07291979695177296,1.6607836377032446,0.24089753526951235,-0.0730729833318539,1.6609761099930531,0.24089753526951235,-0.0730729833318539,1.6609761099930531,2.0,0.0,0.0,5.0537764255073565,0.08422960709178927
0.5310000000000004,0.2413162254812219,-0.072913134919809,1.660775279613198,0.24089753526951235,-0.0730729833318539,1.6609761099930531,0.24089753526951235,-0.0730729833318539,1.6609761099930531,2.0,0.0,0.0,5.0605984915565125,0.08434330819260855
0.5320000000000004,0.2413375025082468,-0.07290653113719457,1.6607670009993638,0.24089753526951235,-0.0730729833318539,1.6609761099930531,0.24089753526951235,-0.0730729833318539,1.6609761099930531,2.0,0.0,0.0,5.067037546841034,0.0844506257806839
0.5330000000000004,0.24135898860503419,-0.07289999307680733,1.660758811790069,0.24089753526951235,-0.0730729833318539,1.6609761099930531,0.24089753526951235,-0.0730729833318539,1.6609761099930531,2.0,0.0,0.0,5.073114890079928,0.08455191483466547
0.5340000000000004,0.2413806692161934,-0.0728935276470163,1.6607507211447041,0.24089753526951235,-0.0730729833318539,1.6609761099930531,0.24089753526951235,-0.0730729833318539,1.6609761099930531,2.0,0.0,0.0,5.078850722675295,0.08464751204458824
0.5350000000000004,0.2414025305622417,-0.07288714122501305,1.6607427374927688,0.24089753526951235,-0.0730729833318539,1.6609761099930531,0.24089753526951235,-0.0730729833318539,1.6609761099930531,2.0,0.0,0.0,5.08426419129749,0.08473773652162483
0.5360000000000004,0.241424559593944,-0.07288083968835442,1.6607348685720529,0.24089753526951235,-0.0730729833318539,1.6609761099930531,0.24089753526951235,-0.0730729833318539,1.6609761099930531,2.0,0.0,0.0,5.089373428794114,0.08482289047990191
0.5370000000000004,0.24144674394958293,-0.07287462844480953,1.6607271214659354,0.24089753526951235,-0.0730729833318539,1.6609761099930531,0.24089753526951235,-0.0730729833318539,1.6609761099930531,2.0,0.0,0.0,5.094195593994756,0.0849032598999126
0.5380000000000004,0.24146907191499772,-0.07286851246059377,1.660719502639746,0.24089753526951235,-0.0730729833318539,1.6609761099930531,0.24089753526951235,-0.0730729833318539,1.6609761099930531,2.0,0.0,0.0,5.098746910839893,0.08497911518066488
0.5390000000000004,0.24149153238622023,-0.07286249628706754,1.6607120179761212,0.24089753526951235,-0.0730729833318539,1.6609761099930531,0.24089753526951235,-0.0730729833318539,1.6609761099930531,2.0,0.0,0.0,5.103042707140545,0.08505071178567575
0.5400000000000004,0.24151411483454727,-0.07285658408596953,1.660704672809269,0.24089753526951235,-0.0730729833318539,1.6609761099930531,0.24089753526951235,-0.0730729833318539,1.6609761099930531,2.0,0.0,0.0,5.107097453159209,0.08511829088598682
0.5410000000000004,0.2415368092738811,-0.07285077965324945,1.660697471958062,0.24089753526951235,-0.0730729833318539,1.6609761099930531,0.24089753526951235,-0.0730729833318539,1.6609761099930531,2.0,0.0,0.0,5.110924800105891,0.08518208000176485
0.5420000000000004,0.2415596062301772,-0.0728450864415601,1.6606904197578747,0.24089753526951235,-0.0730729833318539,1.6609761099930531,0.24089753526951235,-0.0730729833318539,1.6609761099930531,2.0,0.0,0.0,5.114537618552419,0.08524229364254032
0.5430000000000004,0.2415824967128523,-0.07283950758146653,1.6606835200910866,0.24089753526951235,-0.0730729833318539,1.6609761099930531,0.24089753526951235,-0.0730729833318539,1.6609761099930531,2.0,0.0,0.0,5.117948036706148,0.08529913394510245
0.5440000000000004,0.24160547218799386,-0.07283404590142631,1.6606767764161894,0.24089753526951235,-0.0730729833318539,1.6609761099930531,0.24089753526951235,-0.0730729833318539,1.6609761099930531,2.0,0.0,0.0,5.12116747842752,0.08535279130712532
0.5450000000000004,0.2416285245532392,-0.0728287039465931,1.660670191795447,0.24089753526951235,-0.0730729833318539,1.6609761099930531,0.24089753526951235,-0.0730729833318539,1.6609761099930531,2.0,0.0,0.0,5.124206700836842,0.08540344501394737
0.5460000000000004,0.2416516461141926,-0.07282348399649478,1.660663768921076,0.24089753526951235,-0.0730729833318539,1.6609761099930531,0.24089753526951235,-0.0730729833318539,1.6609761099930531,2.0,0.0,0.0,5.127075831333949,0.08545126385556581
0.5470000000000004,0.2416748295622534,-0.07281838808163422,1.660657510139929,0.24089753526951235,-0.0730729833318539,1.6609761099930531,0.24089753526951235,-0.0730729833318539,1.6609761099930531,2.0,0.0,0.0,5.1297844038410885,0.0854964067306848
0.5480000000000004,0.24169806795374987,-0.07281341799906473,1.6606514174766782,0.24089753526951235,-0.0730729833318539,1.6609761099930531,0.24089753526951235,-0.0730729833318539,1.6609761099930531,2.0,0.0,0.0,5.132341394077563,0.08553902323462605
0.5490000000000004,0.24172135469026962,-0.07280857532698617,1.6606454926555194,0.24089753526951235,-0.0730729833318539,1.6609761099930531,0.24089753526951235,-0.0730729833318539,1.6609761099930531,2.0,0.0,0.0,5.134755253686933,0.08557925422811555
0.5500000000000004,0.24174468350010145,-0.07280386143841085,1.6606397371204336,0.24089753526951235,-0.0730729833318539,1.6609761099930531,0.24089753526951235,-0.0730729833318539,1.6609761099930531,2.0,0.0,0.0,5.137033943049396,0.0856172323841566
0.5510000000000004,0.2417680484206971,-0.07279927751394649,1.6606341520540362,0.24089753526951235,-0.0730729833318539,1.6609761099930531,0.24089753526951235,-0.0730729833318539,1.6609761099930531,2.0,0.0,0.0,5.1391849626378585,0.08565308271063098
0.5520000000000004,0.24179144378208534,-0.07279482455374545,1.660628738395097,0.24089753526951235,-0.0730729833318539,1.6609761099930531,0.24089753526951235,-0.0730729833318539,1.6609761099930531,2.0,0.0,0.0,5.1412153828008424,0.08568692304668071
0.5530000000000004,0.24181486419116485,-0.07279050338866379,1.6606234968547733,0.24089753526951235,-0.0730729833318539,1.6609761099930531,0.24089753526951235,-0.0730729833318539,1.6609761099930531,2.0,0.0,0.0,5.1431318718821375,0.08571886453136895
0.5540000000000004,0.24183830451682783,-0.07278631469068225,1.6606184279316518,0.24089753526951235,-0.0730729833318539,1.6609761099930531,0.24089753526951235,-0.0730729833318539,1.6609761099930531,2.0,0.0,0.0,5.144940722623324,0.08574901204372207
0.5550000000000004,0.24186175987584885,-0.07278225898262697,1.6606135319256718,0.24089753526951235,-0.0730729833318539,1.6609761099930531,0.24089753526951235,-0.0730729833318539,1.6609761099930531,2.0,0.0,0.0,5.146647876816791,0.08577746461361319
0.5560000000000004,0.24188522561950704,-0.07277833664724491,1.660608808951015,0.24089753526951235,-0.0730729833318539,1.6609761099930531,0.24089753526951235,-0.0730729833318539,1.6609761099930531,2.0,0.0,0.0,5.148258948212139,0.08580431580353566
0.5570000000000004,0.2419086973208904,-0.07277454793566765,1.6606042589480492,0.24089753526951235,-0.0730729833318539,1.6609761099930531,0.24089753526951235,-0.0730729833318539,1.6609761099930531,2.0,0.0,0.0,5.149779243702621,0.08582965406171035
0.5580000000000004,0.241932170762856,-0.07277089297531517,1.6605998816944094,0.24089753526951235,-0.0730729833318539,1.6609761099930531,0.24089753526951235,-0.0730729833318539,1.6609761099930531,2.0,0.0,0.0,5.1512137828398625,0.08585356304733104
0.5590000000000004,0.24195564192660504,-0.07276737177727118,1.6605956768152983,0.24089753526951235,-0.0730729833318539,1.6609761099930531,0.24089753526951235,-0.0730729833318539,1.6609761099930531,2.0,0.0,0.0,5.152567315751214,0.0858761219291869
0.5600000000000004,0.2419791069808531,-0.07276398424318017,1.6605916437930905,0.24089753526951235,-0.0730729833318539,1.6609761099930531,0.24089753526951235,-0.0730729833318539,1.6609761099930531,2.0,0.0,0.0,5.1538443395426565,0.08589740565904427
0.5610000000000004,0.2420025622715655,-0.07276073017169533,1.6605877819763049,0.24089753526951235,-0.0730729833318539,1.6609761099930531,0.24089753526951235,-0.0730729833318539,1.6609761099930531,2.0,0.0,0.0,5.1550491132909535,0.08591748522151589
0.5620000000000004,0.2420260043122322,-0.07275760926451469,1.6605840905880203,0.24089753526951235,-0.0730729833318539,1.6609761099930531,0.24089753526951235,-0.0730729833318539,1.6609761099930531,2.0,0.0,0.0,5.1561856717328975,0.08593642786221496
0.5630000000000004,0.24204942977466426,-0.07275462113204281,1.6605805687337936,0.24089753526951235,-0.0730729833318539,1.6609761099930531,0.24089753526951235,-0.0730729833318539,1.6609761099930531,2.0,0.0,0.0,5.157257837766487,0.08595429729610811
0.5640000000000004,0.24207283548028866,-0.07275176529870557,1.66057721540914,0.24089753526951235,-0.0730729833318539,1.6609761099930531,0.24089753526951235,-0.0730729833318539,1.6609761099930531,2.0,0.0,0.0,5.158269233882036,0.08597115389803393
0.5650000000000004,0.2420962183919207,-0.07274904120794533,1.6605740295066107,0.24089753526951235,-0.0730729833318539,1.6609761099930531,0.24089753526951235,-0.0730729833318539,1.6609761099930531,2.0,0.0,0.0,5.15922329263793,0.08598705487729882
0.5660000000000004,0.24211957560599573,-0.07274644822693271,1.6605710098225273,0.24089753526951235,-0.0730729833318539,1.6609761099930531,0.24089753526951235,-0.0730729833318539,1.6609761099930531,2.0,0.0,0.0,5.160123266296629,0.08600205443827715
0.5670000000000004,0.24214290434523833,-0.07274398565100514,1.6605681550633908,0.24089753526951235,-0.0730729833318539,1.6609761099930531,0.24089753526951235,-0.0730729833318539,1.6609761099930531,2.0,0.0,0.0,5.160972235724639,0.08601620392874398
0.5680000000000004,0.24216620195175417,-0.07274165270786896,1.6605654638520093,0.24089753526951235,-0.0730729833318539,1.6609761099930531,0.24089753526951235,-0.0730729833318539,1.6609761099930531,2.0,0.0,0.0,5.161773118659629,0.08602955197766048
0.5690000000000004,0.2421894658805201,-0.07273944856157487,1.6605629347333566,0.24089753526951235,-0.0730729833318539,1.6609761099930531,0.24089753526951235,-0.0730729833318539,1.6609761099930531,2.0,0.0,0.0,5.162528677432855,0.0860421446238809
0.5700000000000004,0.24221269369325735,-0.07273737231629096,1.660560566180182,0.24089753526951235,-0.0730729833318539,1.6609761099930531,0.24089753526951235,-0.0730729833318539,1.6609761099930531,2.0,0.0,0.0,5.16324152622865,0.08605402543714417
0.5710000000000004,0.24223588305266786,-0.07273542301988621,1.6605583565983955,0.24089753526951235,-0.0730729833318539,1.6609761099930531,0.24089753526951235,-0.0730729833318539,1.6609761099930531,2.0,0.0,0.0,5.163914137954589,0.08606523563257648
0.5720000000000004,0.2422590317170142,-0.0727335996673415,1.660556304332217,0.24089753526951235,-0.0730729833318539,1.6609761099930531,0.24089753526951235,-0.0730729833318539,1.6609761099930531,2.0,0.0,0.0,5.164548850777079,0.08607581417961799
0.5730000000000004,0.24228213753502548,-0.0727319012039985,1.6605544076691265,0.24089753526951235,-0.0730729833318539,1.6609761099930531,0.24089753526951235,-0.0730729833318539,1.6609761099930531,2.0,0.0,0.0,5.165147874380331,0.08608579790633884
0.5740000000000004,0.24230519844111062,-0.07273032652865795,1.6605526648445932,0.24089753526951235,-0.0730729833318539,1.6609761099930531,0.24089753526951235,-0.0730729833318539,1.6609761099930531,2.0,0.0,0.0,5.1657132959811545,0.08609522159968591
0.5750000000000004,0.24232821245086128,-0.07272887449654064,1.6605510740466018,0.24089753526951235,-0.0730729833318539,1.6609761099930531,0.24089753526951235,-0.0730729833318539,1.6609761099930531,2.0,0.0,0.0,5.166247086138721,0.08610411810231203
0.5760000000000004,0.24235117765682623,-0.072727543922113,1.6605496334199745,0.24089753526951235,-0.0730729833318539,1.6609761099930531,0.24089753526951235,-0.0730729833318539,1.6609761099930531,2.0,0.0,0.0,5.166751104376143,0.08611251840626905
0.5770000000000004,0.2423740922245417,-0.07272633358179093,1.6605483410704927,0.24089753526951235,-0.0730729833318539,1.6609761099930531,0.24089753526951235,-0.0730729833318539,1.6609761099930531,2.0,0.0,0.0,5.167227104634828,0.0861204517439138
0.5780000000000004,0.24239695438879966,-0.07272524221652384,1.6605471950688113,0.24089753526951235,-0.0730729833318539,1.6609761099930531,0.24089753526951235,-0.0730729833318539,1.6609761099930531,2.0,0.0,0.0,5.167676740567337,0.0861279456761223
0.5790000000000004,0.2424197624501392,-0.07272426853426951,1.6605461934541812,0.24089753526951235,-0.0730729833318539,1.6609761099930531,0.24089753526951235,-0.0730729833318539,1.6609761099930531,2.0,0.0,0.0,5.1681015706772,0.08613502617795334
0.5800000000000004,0.24244251477154688,-0.07272341121235734,1.660545334237967,0.24089753526951235,-0.0730729833318539,1.6609761099930531,0.24089753526951235,-0.0730729833318539,1.6609761099930531,2.0,0.0,0.0,5.168503063302229,0.08614171772170381
0.5810000000000004,0.24246520977535108,-0.07272266889975242,1.6605446154069716,0.24089753526951235,-0.0730729833318539,1.6609761099930531,0.24089753526951235,-0.0730729833318539,1.6609761099930531,2.0,0.0,0.0,5.168882601442343,0.08614804335737239
0.5820000000000004,0.242487845940296,-0.07272204021921756,1.6605440349265672,0.24089753526951235,-0.0730729833318539,1.6609761099930531,0.24089753526951235,-0.0730729833318539,1.6609761099930531,2.0,0.0,0.0,5.169241487425026,0.0861540247904171
0.5830000000000004,0.24251042179878796,-0.07272152376938208,1.6605435907436419,0.24089753526951235,-0.0730729833318539,1.6609761099930531,0.24089753526951235,-0.0730729833318539,1.6609761099930531,2.0,0.0,0.0,5.169580947403392,0.0861596824567232
0.5840000000000004,0.242532935934294,-0.07272111812671612,1.6605432807893576,0.24089753526951235,-0.0730729833318539,1.6609761099930531,0.24089753526951235,-0.0730729833318539,1.6609761099930531,2.0,0.0,0.0,5.169902135679684,0.0861650355946614
0.5850000000000004,0.2425553869788915,-0.07272082184741781,1.6605431029817301,0.24089753526951235,-0.0730729833318539,1.6609761099930531,0.24089753526951235,-0.0730729833318539,1.6609761099930531,2.0,0.0,0.0,5.1702061388491725,0.08617010231415287
0.5860000000000004,0.24257777361095223,-0.07272063346921266,1.6605430552280418,0.24089753526951235,-0.0730729833318539,1.6609761099930531,0.24089753526951235,-0.0730729833318539,1.6609761099930531,2.0,0.0,0.0,5.170493979758911,0.08617489966264852
0.5870000000000004,0.2426000945529541,-0.07272055151306944,1.6605431354270888,0.24089753526951235,-0.0730729833318539,1.6609761099930531,0.24089753526951235,-0.0730729833318539,1.6609761099930531,2.0,0.0,0.0,5.170766621274808,0.08617944368791347
0.5880000000000004,0.24262234856941448,-0.07272057448483707,1.6605433414712665,0.24089753526951235,-0.0730729833318539,1.6609761099930531,0.24089753526951235,-0.0730729833318539,1.6609761099930531,2.0,0.0,0.0,5.171024969856897,0.08618374949761495
0.5890000000000004,0.24264453446493456,-0.07272070087680094,1.6605436712485142,0.24089753526951235,-0.0730729833318539,1.6609761099930531,0.24089753526951235,-0.0730729833318539,1.6609761099930531,2.0,0.0,0.0,5.1712698789410165,0.08618783131568361
0.5900000000000004,0.24266665108234814,-0.07272092916916688,1.6605441226441167,0.24089753526951235,-0.0730729833318539,1.6609761099930531,0.24089753526951235,-0.0730729833318539,1.6609761099930531,2.0,0.0,0.0,5.171502152125404,0.0861917025354234
0.5910000000000004,0.24268869730097187,-0.07272125783147125,1.660544693542374,0.24089753526951235,-0.0730729833318539,1.6609761099930531,0.24089753526951235,-0.0730729833318539,1.6609761099930531,2.0,0.0,0.0,5.171722546165617,0.08619537576942694
0.5920000000000004,0.2427106720349468,-0.07272168532392212,1.660545381828148,0.24089753526951235,-0.0730729833318539,1.6609761099930531,0.24089753526951235,-0.0730729833318539,1.6609761099930531,2.0,0.0,0.0,5.171931773783572,0.08619886289639286
0.5930000000000004,0.24273257423167074,-0.07272221009867344,1.6605461853883006,0.24089753526951235,-0.0730729833318539,1.6609761099930531,0.24089753526951235,-0.0730729833318539,1.6609761099930531,2.0,0.0,0.0,5.172130506292585,0.08620217510487642
0.5940000000000004,0.24275440287031194,-0.0727228306010365,1.66054710211302,0.24089753526951235,-0.0730729833318539,1.6609761099930531,0.24089753526951235,-0.0730729833318539,1.6609761099930531,2.0,0.0,0.0,5.172319376047133,0.08620532293411888
0.5950000000000004,0.24277615696040405,-0.07272354527062906,1.6605481298970575,0.24089753526951235,-0.0730729833318539,1.6609761099930531,0.24089753526951235,-0.0730729833318539,1.6609761099930531,2.0,0.0,0.0,5.172498978726298,0.08620831631210497
0.5960000000000004,0.2427978355405155,-0.07272435254246881,1.6605492666408628,0.24089753526951235,-0.0730729833318539,1.6609761099930531,0.24089753526951235,-0.0730729833318539,1.6609761099930531,2.0,0.0,0.0,5.172669875456627,0.08621116459094379
0.5970000000000004,0.24281943767699082,-0.07272525084800852,1.6605505102516573,0.24089753526951235,-0.0730729833318539,1.6609761099930531,0.24089753526951235,-0.0730729833318539,1.6609761099930531,2.0,0.0,0.0,5.172832594789121,0.08621387657981867
0.5980000000000004,0.2428409624627607,-0.07272623861612086,1.6605518586444084,0.24089753526951235,-0.0730729833318539,1.6609761099930531,0.24089753526951235,-0.0730729833318539,1.6609761099930531,2.0,0.0,0.0,5.172987634533424,0.08621646057555707
0.5990000000000004,0.2428624090162167,-0.0727273142740346,1.6605533097427556,0.24089753526951235,-0.0730729833318539,1.6609761099930531,0.24089753526951235,-0.0730729833318539,1.6609761099930531,2.0,0.0,0.0,5.173135463467831,0.0862189243911305
0.6000000000000004,0.2428837764801478,-0.0727284762482198,1.6605548614798613,0.24089753526951235,-0.0730729833318539,1.6609761099930531,0.24089753526951235,-0.0730729833318539,1.6609761099930531,2.0,0.0,0.0,5.173276522927531,0.08622127538212551
0.6010000000000004,0.24290506402073714,-0.0727297229652347,1.66055651179921,0.24089753526951235,-0.0730729833318539,1.6609761099930531,0.24089753526951235,-0.0730729833318539,1.6609761099930531,2.0,0.0,0.0,5.173411228288059,0.08622352047146765
0.6020000000000004,0.24292627082661256,-0.07273105285252268,1.660558258655346,0.24089753526951235,-0.0730729833318539,1.6609761099930531,0.24089753526951235,-0.0730729833318539,1.6609761099930531,2.0,0.0,0.0,5.173539970348118,0.08622566617246864
0.6030000000000004,0.24294739610795413,-0.07273246433917795,1.6605601000145755,0.24089753526951235,-0.0730729833318539,1.6609761099930531,0.24089753526951235,-0.0730729833318539,1.6609761099930531,2.0,0.0,0.0,5.173663116626244,0.0862277186104374
0.6040000000000004,0.24296843909564972,-0.07273395585666799,1.6605620338556082,0.24089753526951235,-0.0730729833318539,1.6609761099930531,0.24089753526951235,-0.0730729833318539,1.6609761099930531,2.0,0.0,0.0,5.173781012575366,0.08622968354292276
0.6050000000000004,0.24298939904050063,-0.07273552583952261,1.660564058170169,0.24089753526951235,-0.0730729833318539,1.6609761099930531,0.24089753526951235,-0.0730729833318539,1.6609761099930531,2.0,0.0,0.0,5.173893982727574,0.0862315663787929
0.6060000000000004,0.24301027521247265,-0.07273717272599044,1.6605661709635584,0.24089753526951235,-0.0730729833318539,1.6609761099930531,0.24089753526951235,-0.0730729833318539,1.6609761099930531,2.0,0.0,0.0,5.174002331772172,0.08623337219620288
0.6070000000000004,0.2430310668999911,-0.07273889495866348,1.6605683702551854,0.24089753526951235,-0.0730729833318539,1.6609761099930531,0.24089753526951235,-0.0730729833318539,1.6609761099930531,2.0,0.0,0.0,5.174106345579039,0.08623510575965065
0.6080000000000004,0.24305177340927753,-0.07274069098507094,1.6605706540790601,0.24089753526951235,-0.0730729833318539,1.6609761099930531,0.24089753526951235,-0.0730729833318539,1.6609761099930531,2.0,0.0,0.0,5.174206292166677,0.08623677153611128
0.6090000000000004,0.24307239406372436,-0.07274255925824627,1.6605730204842528,0.24089753526951235,-0.0730729833318539,1.6609761099930531,0.24089753526951235,-0.0730729833318539,1.6609761099930531,2.0,0.0,0.0,5.174302422624751,0.08623837371041251
0.6100000000000004,0.24309292820330825,-0.07274449823726757,1.6605754675353197,0.24089753526951235,-0.0730729833318539,1.6609761099930531,0.24089753526951235,-0.0730729833318539,1.6609761099930531,2.0,0.0,0.0,5.174394971993786,0.08623991619989643
0.6110000000000004,0.24311337518403772,-0.0727465063877717,1.660577993312705,0.24089753526951235,-0.0730729833318539,1.6609761099930531,0.24089753526951235,-0.0730729833318539,1.6609761099930531,2.0,0.0,0.0,5.1744841601054805,0.08624140266842467
0.6120000000000004,0.2431337343774333,-0.07274858218244482,1.6605805959131013,0.24089753526951235,-0.0730729833318539,1.6609761099930531,0.24089753526951235,-0.0730729833318539,1.6609761099930531,2.0,0.0,0.0,5.1745701923855885,0.08624283653975981
0.6130000000000004,0.24315400517003866,-0.07275072410149011,1.660583273449794,0.24089753526951235,-0.0730729833318539,1.6609761099930531,0.24089753526951235,-0.0730729833318539,1.6609761099930531,2.0,0.0,0.0,5.17465326062497,0.08624422101041616
0.6140000000000004,0.2431741869629625,-0.07275293063307342,1.6605860240529706,0.24089753526951235,-0.0730729833318539,1.6609761099930531,0.24089753526951235,-0.0730729833318539,1.6609761099930531,2.0,0.0,0.0,5.174733543716252,0.08624555906193754
0.6150000000000004,0.24319427917144665,-0.07275520027374725,1.6605888458700029,0.24089753526951235,-0.0730729833318539,1.6609761099930531,0.24089753526951235,-0.0730729833318539,1.6609761099930531,2.0,0.0,0.0,5.17481120836159,0.08624685347269317
0.6160000000000004,0.243214281224459,-0.07275753152885664,1.6605917370657113,0.24089753526951235,-0.0730729833318539,1.6609761099930531,0.24089753526951235,-0.0730729833318539,1.6609761099930531,2.0,0.0,0.0,5.1748864097502905,0.08624810682917151
0.6170000000000004,0.24323419256431464,-0.07275992291292173,1.6605946958225946,0.24089753526951235,-0.0730729833318539,1.6609761099930531,0.24089753526951235,-0.0730729833318539,1.6609761099930531,2.0,0.0,0.0,5.174959292207291,0.08624932153678817
0.6180000000000004,0.2432540126463149,-0.07276237295000584,1.660597720341047,0.24089753526951235,-0.0730729833318539,1.6609761099930531,0.24089753526951235,-0.0730729833318539,1.6609761099930531,2.0,0.0,0.0,5.175029989815195,0.08625049983025325
0.6190000000000004,0.24327374093841073,-0.07276488017406256,1.6606008088395405,0.24089753526951235,-0.0730729833318539,1.6609761099930531,0.24089753526951235,-0.0730729833318539,1.6609761099930531,2.0,0.0,0.0,5.175098627006792,0.08625164378344653
0.6200000000000004,0.24329337692088618,-0.07276744312926607,1.6606039595547961,0.24089753526951235,-0.0730729833318539,1.6609761099930531,0.24089753526951235,-0.0730729833318539,1.6609761099930531,2.0,0.0,0.0,5.175165319132346,0.08625275531887243
0.6210000000000004,0.24331292008606006,-0.07277006037032517,1.6606071707419299,0.24089753526951235,-0.0730729833318539,1.6609761099930531,0.24089753526951235,-0.0730729833318539,1.6609761099930531,2.0,0.0,0.0,5.1752301729992825,0.08625383621665471
0.6220000000000004,0.24333236993800533,-0.07277273046277992,1.660610440674578,0.24089753526951235,-0.0730729833318539,1.6609761099930531,0.24089753526951235,-0.0730729833318539,1.6609761099930531,2.0,0.0,0.0,5.175293287385756,0.08625488812309594
0.6230000000000004,0.24335172599228555,-0.07277545198328217,1.6606137676450066,0.24089753526951235,-0.0730729833318539,1.6609761099930531,0.24089753526951235,-0.0730729833318539,1.6609761099930531,2.0,0.0,0.0,5.175354753529035,0.08625591255881725
0.6240000000000004,0.24337098777570684,-0.07277822351986178,1.6606171499642028,0.24089753526951235,-0.0730729833318539,1.6609761099930531,0.24089753526951235,-0.0730729833318539,1.6609761099930531,2.0,0.0,0.0,5.175414655587493,0.08625691092645821
0.6250000000000004,0.24339015482608556,-0.0727810436721762,1.6606205859619463,0.24089753526951235,-0.0730729833318539,1.6609761099930531,0.24089753526951235,-0.0730729833318539,1.6609761099930531,2.0,0.0,0.0,5.175473071078632,0.0862578845179772
0.6260000000000004,0.2434092266920271,-0.07278391105174604,1.6606240739868725,0.24089753526951235,-0.0730729833318539,1.6609761099930531,0.24089753526951235,-0.0730729833318539,1.6609761099930531,2.0,0.0,0.0,5.175530071292992,0.08625883452154987
0.6270000000000004,0.24342820293272216,-0.07278682428217603,1.6606276124065136,0.24089753526951235,-0.0730729833318539,1.6609761099930531,0.24089753526951235,-0.0730729833318539,1.6609761099930531,2.0,0.0,0.0,5.175585721683305,0.08625976202805509
0.6280000000000004,0.24344708311775143,-0.07278978199936306,1.6606311996073304,0.24089753526951235,-0.0730729833318539,1.6609761099930531,0.24089753526951235,-0.0730729833318539,1.6609761099930531,2.0,0.0,0.0,5.175640082233114,0.08626066803721857
0.6290000000000004,0.24346586682690446,-0.07279278285168936,1.6606348339947328,0.24089753526951235,-0.0730729833318539,1.6609761099930531,0.24089753526951235,-0.0730729833318539,1.6609761099930531,2.0,0.0,0.0,5.1756932078018165,0.0862615534633636
0.6300000000000004,0.2434845536500081,-0.0727958255002034,1.6606385139930822,0.24089753526951235,-0.0730729833318539,1.6609761099930531,0.24089753526951235,-0.0730729833318539,1.6609761099930531,2.0,0.0,0.0,5.175745148449439,0.08626241914082397
0.6310000000000004,0.24350314318676658,-0.07279890861878835,1.6606422380456929,0.24089753526951235,-0.0730729833318539,1.6609761099930531,0.24089753526951235,-0.0730729833318539,1.6609761099930531,2.0,0.0,0.0,5.1757959497420405,0.08626326582903401
0.6320000000000005,0.24352163504661,-0.07280203089431596,1.6606460046148164,0.24089753526951235,-0.0730729833318539,1.6609761099930531,0.24089753526951235,-0.0730729833318539,1.6609761099930531,2.0,0.0,0.0,5.175845653037098,0.08626409421728497
0.6330000000000005,0.2435400288485537,-0.07280519102679253,1.6606498121816171,0.24089753526951235,-0.0730729833318539,1.6609761099930531,0.24089753526951235,-0.0730729833318539,1.6609761099930531,2.0,0.0,0.0,5.175894295752336,0.0862649049292056
0.6340000000000005,0.2435583242210652,-0.07280838772949043,1.660653659246144,0.24089753526951235,-0.0730729833318539,1.6609761099930531,0.24089753526951235,-0.0730729833318539,1.6609761099930531,2.0,0.0,0.0,5.175941911617214,0.08626569852695357
0.6350000000000005,0.24357652080194003,-0.07281161972906745,1.660657544327292,0.24089753526951235,-0.0730729833318539,1.6609761099930531,0.24089753526951235,-0.0730729833318539,1.6609761099930531,2.0,0.0,0.0,5.175988530908685,0.08626647551514476
0.6360000000000005,0.24359461823818485,-0.07281488576567963,1.6606614659627548,0.24089753526951235,-0.0730729833318539,1.6609761099930531,0.24089753526951235,-0.0730729833318539,1.6609761099930531,2.0,0.0,0.0,5.176034180672353,0.08626723634453921
0.6370000000000005,0.24361261618590904,-0.07281818459307896,1.6606654227089739,0.24089753526951235,-0.0730729833318539,1.6609761099930531,0.24089753526951235,-0.0730729833318539,1.6609761099930531,2.0,0.0,0.0,5.176078884930659,0.08626798141551098
0.6380000000000005,0.24363051431022087,-0.07282151497870458,1.6606694131410806,0.24089753526951235,-0.0730729833318539,1.6609761099930531,0.24089753526951235,-0.0730729833318539,1.6609761099930531,2.0,0.0,0.0,5.176122664877621,0.08626871108129368
0.6390000000000005,0.24364831228513412,-0.07282487570376212,1.6606734358528321,0.24089753526951235,-0.0730729833318539,1.6609761099930531,0.24089753526951235,-0.0730729833318539,1.6609761099930531,2.0,0.0,0.0,5.176165539061973,0.08626942565103288
0.6400000000000005,0.24366600979347688,-0.0728282655632949,1.6606774894565464,0.24089753526951235,-0.0730729833318539,1.6609761099930531,0.24089753526951235,-0.0730729833318539,1.6609761099930531,2.0,0.0,0.0,5.176207523560885,0.08627012539268142
0.6410000000000005,0.24368360652680715,-0.0728316833662465,1.6606815725830217,0.24089753526951235,-0.0730729833318539,1.6609761099930531,0.24089753526951235,-0.0730729833318539,1.6609761099930531,2.0,0.0,0.0,5.1762486321408705,0.08627081053568117
0.6420000000000005,0.24370110218533736,-0.07283512793551342,1.660685683881471,0.24089753526951235,-0.0730729833318539,1.6609761099930531,0.24089753526951235,-0.0730729833318539,1.6609761099930531,2.0,0.0,0.0,5.176288876413225,0.08627148127355375
0.6430000000000005,0.2437184964778577,-0.07283859810799068,1.660689822019429,0.24089753526951235,-0.0730729833318539,1.6609761099930531,0.24089753526951235,-0.0730729833318539,1.6609761099930531,2.0,0.0,0.0,5.176328265976971,0.08627213776628286
0.6440000000000005,0.24373578912166893,-0.07284209273460894,1.6606939856826743,0.24089753526951235,-0.0730729833318539,1.6609761099930531,0.24089753526951235,-0.0730729833318539,1.6609761099930531,2.0,0.0,0.0,5.17636680855758,0.08627278014262633
0.6450000000000005,0.24375297984251915,-0.07284561068036588,1.6606981735751405,0.24089753526951235,-0.0730729833318539,1.6609761099930531,0.24089753526951235,-0.0730729833318539,1.6609761099930531,2.0,0.0,0.0,5.1764045101355745,0.08627340850225958
0.6460000000000005,0.2437700683745414,-0.07284915082434619,1.6607023844188213,0.24089753526951235,-0.0730729833318539,1.6609761099930531,0.24089753526951235,-0.0730729833318539,1.6609761099930531,2.0,0.0,0.0,5.1764413750698,0.08627402291783
0.6470000000000005,0.24378705446019905,-0.07285271205974009,1.6607066169536808,0.24089753526951235,-0.0730729833318539,1.6609761099930531,0.24089753526951235,-0.0730729833318539,1.6609761099930531,2.0,0.0,0.0,5.17647740621401,0.08627462343690016
0.6480000000000005,0.24380393785023252,-0.07285629329385114,1.6607108699375512,0.24089753526951235,-0.0730729833318539,1.6609761099930531,0.24089753526951235,-0.0730729833318539,1.6609761099930531,2.0,0.0,0.0,5.176512605027082,0.0862752100837847
0.6490000000000005,0.24382071830360888,-0.07285989344810029,1.6607151421460387,0.24089753526951235,-0.0730729833318539,1.6609761099930531,0.24089753526951235,-0.0730729833318539,1.6609761099930531,2.0,0.0,0.0,5.176546971678376,0.08627578286130627
0.6500000000000005,0.24383739558747586,-0.0728635114580205,1.6607194323724126,0.24089753526951235,-0.0730729833318539,1.6609761099930531,0.24089753526951235,-0.0730729833318539,1.6609761099930531,2.0,0.0,0.0,5.176580505146523,0.08627634175244206
0.6510000000000005,0.24385396947711843,-0.07286714627325154,1.6607237394275112,0.24089753526951235,-0.0730729833318539,1.6609761099930531,0.24089753526951235,-0.0730729833318539,1.6609761099930531,2.0,0.0,0.0,5.176613203315504,0.08627688672192506
0.6520000000000005,0.24387043975591605,-0.07287079685752282,1.6607280621396248,0.24089753526951235,-0.0730729833318539,1.6609761099930531,0.24089753526951235,-0.0730729833318539,1.6609761099930531,2.0,0.0,0.0,5.176645063062281,0.08627741771770468
0.6530000000000005,0.24388680621530467,-0.07287446218863572,1.660732399354394,0.24089753526951235,-0.0730729833318539,1.6609761099930531,0.24089753526951235,-0.0730729833318539,1.6609761099930531,2.0,0.0,0.0,5.176676080343638,0.08627793467239396
0.6540000000000005,0.2439030686547385,-0.07287814125843803,1.6607367499346946,0.24089753526951235,-0.0730729833318539,1.6609761099930531,0.24089753526951235,-0.0730729833318539,1.6609761099930531,2.0,0.0,0.0,5.176706250275951,0.0862784375045992
0.6550000000000005,0.24391922688165635,-0.0728818330727965,1.6607411127605258,0.24089753526951235,-0.0730729833318539,1.6609761099930531,0.24089753526951235,-0.0730729833318539,1.6609761099930531,2.0,0.0,0.0,5.176735567211975,0.08627892612019958
0.6560000000000005,0.24393528071144654,-0.07288553665156115,1.6607454867288984,0.24089753526951235,-0.0730729833318539,1.6609761099930531,0.24089753526951235,-0.0730729833318539,1.6609761099930531,2.0,0.0,0.0,5.176764024813206,0.08627940041355343
0.6570000000000005,0.24395122996741592,-0.07288925102852903,1.6607498707537143,0.24089753526951235,-0.0730729833318539,1.6609761099930531,0.24089753526951235,-0.0730729833318539,1.6609761099930531,2.0,0.0,0.0,5.176791616117986,0.08627986026863309
0.6580000000000005,0.24396707448075927,-0.07289297525140219,1.6607542637656518,0.24089753526951235,-0.0730729833318539,1.6609761099930531,0.24089753526951235,-0.0730729833318539,1.6609761099930531,2.0,0.0,0.0,5.176818333606675,0.08628030556011125
0.6590000000000005,0.24398281409052913,-0.07289670838174053,1.6607586647120498,0.24089753526951235,-0.0730729833318539,1.6609761099930531,0.24089753526951235,-0.0730729833318539,1.6609761099930531,2.0,0.0,0.0,5.176844169262205,0.08628073615437008
0.6600000000000005,0.24399844864360765,-0.07290044949491384,1.6607630725567797,0.24089753526951235,-0.0730729833318539,1.6609761099930531,0.24089753526951235,-0.0730729833318539,1.6609761099930531,2.0,0.0,0.0,5.176869114627421,0.08628115191045702
0.6610000000000005,0.24401397799467986,-0.07290419768004723,1.660767486280134,0.24089753526951235,-0.0730729833318539,1.6609761099930531,0.24089753526951235,-0.0730729833318539,1.6609761099930531,2.0,0.0,0.0,5.176893160859819,0.08628155268099699
0.6620000000000005,0.244029402006206,-0.07290795203996657,1.6607719048786973,0.24089753526951235,-0.0730729833318539,1.6609761099930531,0.24089753526951235,-0.0730729833318539,1.6609761099930531,2.0,0.0,0.0,5.176916298781292,0.08628193831302153
0.6630000000000005,0.2440447205483965,-0.0729117116911374,1.6607763273652294,0.24089753526951235,-0.0730729833318539,1.6609761099930531,0.24089753526951235,-0.0730729833318539,1.6609761099930531,2.0,0.0,0.0,5.176938518927022,0.0862823086487837
0.6640000000000005,0.24405993349918614,-0.07291547576360302,1.6607807527685363,0.24089753526951235,-0.0730729833318539,1.6609761099930531,0.24089753526951235,-0.0730729833318539,1.6609761099930531,2.0,0.0,0.0,5.176959811588755,0.08628266352647926
0.6650000000000005,0.24407504074420872,-0.07291924340091903,1.660785180133348,0.24089753526951235,-0.0730729833318539,1.6609761099930531,0.24089753526951235,-0.0730729833318539,1.6609761099930531,2.0,0.0,0.0,5.176980166858255,0.08628300278097091
0.6660000000000005,0.24409004217677369,-0.0729230137600853,1.6607896085201959,0.24089753526951235,-0.0730729833318539,1.6609761099930531,0.24089753526951235,-0.0730729833318539,1.6609761099930531,2.0,0.0,0.0,5.176999574665287,0.08628332624442145
0.6670000000000005,0.24410493769784,-0.07292678601147455,1.660794037005284,0.24089753526951235,-0.0730729833318539,1.6609761099930531,0.24089753526951235,-0.0730729833318539,1.6609761099930531,2.0,0.0,0.0,5.177018024814147,0.08628363374690244
0.6680000000000005,0.24411972721599498,-0.07293055933876103,1.6607984646803668,0.24089753526951235,-0.0730729833318539,1.6609761099930531,0.24089753526951235,-0.0730729833318539,1.6609761099930531,2.0,0.0,0.0,5.177035507018483,0.08628392511697472
0.6690000000000005,0.24413441064742758,-0.07293433293884297,1.6608028906526189,0.24089753526951235,-0.0730729833318539,1.6609761099930531,0.24089753526951235,-0.0730729833318539,1.6609761099930531,2.0,0.0,0.0,5.17705201093271,0.08628420018221182
0.6700000000000005,0.2441489879159054,-0.07293810602176627,1.660807314044513,0.24089753526951235,-0.0730729833318539,1.6609761099930531,0.24089753526951235,-0.0730729833318539,1.6609761099930531,2.0,0.0,0.0,5.177067526181748,0.0862844587696958
0.6710000000000005,0.24416345895275193,-0.0729418778106453,1.6608117339936899,0.24089753526951235,-0.0730729833318539,1.6609761099930531,0.24089753526951235,-0.0730729833318539,1.6609761099930531,2.0,0.0,0.0,5.1770820423880695,0.08628470070646782
0.6720000000000005,0.24417782369682056,-0.07294564754158016,1.6608161496528338,0.24089753526951235,-0.0730729833318539,1.6609761099930531,0.24089753526951235,-0.0730729833318539,1.6609761099930531,2.0,0.0,0.0,5.17709554919836,0.08628492581997267
0.6730000000000005,0.24419208209447288,-0.07294941446357421,1.6608205601895452,0.24089753526951235,-0.0730729833318539,1.6609761099930531,0.24089753526951235,-0.0730729833318539,1.6609761099930531,2.0,0.0,0.0,5.177108036306675,0.08628513393844457
0.6740000000000005,0.24420623409955244,-0.07295317783844948,1.660824964786213,0.24089753526951235,-0.0730729833318539,1.6609761099930531,0.24089753526951235,-0.0730729833318539,1.6609761099930531,2.0,0.0,0.0,5.177119493476824,0.08628532489128041
0.6750000000000005,0.2442202796733605,-0.07295693694075812,1.6608293626398882,0.24089753526951235,-0.0730729833318539,1.6609761099930531,0.24089753526951235,-0.0730729833318539,1.6609761099930531,2.0,0.0,0.0,5.177129910562741,0.08628549850937901
0.6760000000000005,0.2442342187846323,-0.07296069105769744,1.6608337529621582,0.24089753526951235,-0.0730729833318539,1.6609761099930531,0.24089753526951235,-0.0730729833318539,1.6609761099930531,2.0,0.0,0.0,5.177139277528035,0.08628565462546725
0.6770000000000005,0.24424805140951028,-0.07296443948901743,1.6608381349790178,0.24089753526951235,-0.0730729833318539,1.6609761099930531,0.24089753526951235,-0.0730729833318539,1.6609761099930531,2.0,0.0,0.0,5.177147584463038,0.08628579307438396
0.6780000000000005,0.24426177753151945,-0.07296818154693208,1.6608425079307445,0.24089753526951235,-0.0730729833318539,1.6609761099930531,0.24089753526951235,-0.0730729833318539,1.6609761099930531,2.0,0.0,0.0,5.177154821601911,0.08628591369336518
0.6790000000000005,0.2442753971415412,-0.07297191655602644,1.66084687107177,0.24089753526951235,-0.0730729833318539,1.6609761099930531,0.24089753526951235,-0.0730729833318539,1.6609761099930531,2.0,0.0,0.0,5.1771609793374775,0.0862860163222913
0.6800000000000005,0.24428891023778676,-0.07297564385316375,1.660851223670557,0.24089753526951235,-0.0730729833318539,1.6609761099930531,0.24089753526951235,-0.0730729833318539,1.6609761099930531,2.0,0.0,0.0,5.177166048235789,0.08628610080392982
0.6810000000000005,0.24430231682577042,-0.07297936278739194,1.660855565009468,0.24089753526951235,-0.0730729833318539,1.6609761099930531,0.24089753526951235,-0.0730729833318539,1.6609761099930531,2.0,0.0,0.0,5.177170019048384,0.08628616698413973
0.6820000000000005,0.24431561691828102,-0.07298307271984708,1.660859894384646,0.24089753526951235,-0.0730729833318539,1.6609761099930531,0.24089753526951235,-0.0730729833318539,1.6609761099930531,2.0,0.0,0.0,5.177172882725373,0.08628621471208955
0.6830000000000005,0.24432881053535493,-0.0729867730236601,1.6608642111058807,0.24089753526951235,-0.0730729833318539,1.6609761099930531,0.24089753526951235,-0.0730729833318539,1.6609761099930531,2.0,0.0,0.0,5.177174630425335,0.08628624384042224
0.6840000000000005,0.24434189770424689,-0.07299046308385723,1.6608685144964912,0.24089753526951235,-0.0730729833318539,1.6609761099930531,0.24089753526951235,-0.0730729833318539,1.6609761099930531,2.0,0.0,0.0,5.177175253527073,0.08628625422545122
0.6850000000000005,0.24435487845940068,-0.0729941422972647,1.660872803893195,0.24089753526951235,-0.0730729833318539,1.6609761099930531,0.24089753526951235,-0.0730729833318539,1.6609761099930531,2.0,0.0,0.0,5.177174743637493,0.08628624572729154
0.6860000000000005,0.24436775284241896,-0.07299781007241024,1.660877078645987,0.24089753526951235,-0.0730729833318539,1.6609761099930531,0.24089753526951235,-0.0730729833318539,1.6609761099930531,2.0,0.0,0.0,5.177173092601556,0.08628621821002593
0.6870000000000005,0.2443805209020335,-0.07300146582942316,1.6608813381180094,0.24089753526951235,-0.0730729833318539,1.6609761099930531,0.24089753526951235,-0.0730729833318539,1.6609761099930531,2.0,0.0,0.0,5.17717029250895,0.08628617154181582
0.6880000000000005,0.24439318269407206,-0.07300510899993734,1.6608855816854349,0.24089753526951235,-0.0730729833318539,1.6609761099930531,0.24089753526951235,-0.0730729833318539,1.6609761099930531,2.0,0.0,0.0,5.177166335703149,0.0862861055950525
0.6890000000000005,0.24440573828142953,-0.07300873902699005,1.6608898087373356,0.24089753526951235,-0.0730729833318539,1.6609761099930531,0.24089753526951235,-0.0730729833318539,1.6609761099930531,2.0,0.0,0.0,5.177161214785766,0.08628602024642944
0.6900000000000005,0.24441818773403096,-0.07301235536492315,1.660894018675565,0.24089753526951235,-0.0730729833318539,1.6609761099930531,0.24089753526951235,-0.0730729833318539,1.6609761099930531,2.0,0.0,0.0,5.177154922624395,0.08628591537707325
0.6910000000000005,0.24443053112880278,-0.07301595747928137,1.6608982109146304,0.24089753526951235,-0.0730729833318539,1.6609761099930531,0.24089753526951235,-0.0730729833318539,1.6609761099930531,2.0,0.0,0.0,5.177147452356676,0.08628579087261128
0.6920000000000005,0.2444427685496341,-0.07301954484671298,1.6609023848815727,0.24089753526951235,-0.0730729833318539,1.6609761099930531,0.24089753526951235,-0.0730729833318539,1.6609761099930531,2.0,0.0,0.0,5.177138797396012,0.08628564662326686
0.6930000000000005,0.24445490008734583,-0.0730231169548679,1.6609065400158436,0.24089753526951235,-0.0730729833318539,1.6609761099930531,0.24089753526951235,-0.0730729833318539,1.6609761099930531,2.0,0.0,0.0,5.177128951435283,0.08628548252392139
0.6940000000000005,0.24446692583965254,-0.07302667330229803,1.660910675769182,0.24089753526951235,-0.0730729833318539,1.6609761099930531,0.24089753526951235,-0.0730729833318539,1.6609761099930531,2.0,0.0,0.0,5.177117908450723,0.0862852984741787
0.6950000000000005,0.24447884591112734,-0.07303021339835439,1.660914791605493,0.24089753526951235,-0.0730729833318539,1.6609761099930531,0.24089753526951235,-0.0730729833318539,1.6609761099930531,2.0,0.0,0.0,5.177105662705506,0.08628509437842509
0.6960000000000005,0.24449066041316364,-0.07303373676308694,1.6609188870007288,0.24089753526951235,-0.0730729833318539,1.6609761099930531,0.24089753526951235,-0.0730729833318539,1.6609761099930531,2.0,0.0,0.0,5.177092208752487,0.08628487014587478
0.6970000000000005,0.24450236946393855,-0.07303724292714252,1.6609229614427636,0.24089753526951235,-0.0730729833318539,1.6609761099930531,0.24089753526951235,-0.0730729833318539,1.6609761099930531,2.0,0.0,0.0,5.177077541435734,0.08628462569059557
0.6980000000000005,0.2445139731883736,-0.07304073143166451,1.6609270144312758,0.24089753526951235,-0.0730729833318539,1.6609761099930531,0.24089753526951235,-0.0730729833318539,1.6609761099930531,2.0,0.0,0.0,5.177061655893756,0.08628436093156261
0.6990000000000005,0.2445254717180952,-0.07304420182819027,1.6609310454776287,0.24089753526951235,-0.0730729833318539,1.6609761099930531,0.24089753526951235,-0.0730729833318539,1.6609761099930531,2.0,0.0,0.0,5.177044547560596,0.0862840757926766
0.7000000000000005,0.24453686519139534,-0.07304765367855011,1.6609350541047498,0.24089753526951235,-0.0730729833318539,1.6609761099930531,0.24089753526951235,-0.0730729833318539,1.6609761099930531,2.0,0.0,0.0,5.177026212166677,0.08628377020277794
0.7010000000000005,0.24454815375318986,-0.07305108655476655,1.6609390398470092,0.24089753526951235,-0.0730729833318539,1.6609761099930531,0.24089753526951235,-0.0730729833318539,1.6609761099930531,2.0,0.0,0.0,5.177006645740013,0.08628344409566688
0.7020000000000005,0.24455933755497777,-0.07305450003895249,1.6609430022501073,0.24089753526951235,-0.0730729833318539,1.6609761099930531,0.24089753526951235,-0.0730729833318539,1.6609761099930531,2.0,0.0,0.0,5.176985844607268,0.08628309741012113
0.7030000000000005,0.24457041675479818,-0.07305789372321078,1.6609469408709518,0.24089753526951235,-0.0730729833318539,1.6609761099930531,0.24089753526951235,-0.0730729833318539,1.6609761099930531,2.0,0.0,0.0,5.176963805392703,0.08628273008987838
0.7040000000000005,0.24458139151718644,-0.07306126720953246,1.6609508552775383,0.24089753526951235,-0.0730729833318539,1.6609761099930531,0.24089753526951235,-0.0730729833318539,1.6609761099930531,2.0,0.0,0.0,5.17694052501885,0.0862823420836475
0.7050000000000005,0.24459226201313303,-0.07306462010969778,1.6609547450488396,0.24089753526951235,-0.0730729833318539,1.6609761099930531,0.24089753526951235,-0.0730729833318539,1.6609761099930531,2.0,0.0,0.0,5.176916000707097,0.08628193334511829
0.7060000000000005,0.24460302842003723,-0.07306795204517316,1.6609586097746838,0.24089753526951235,-0.0730729833318539,1.6609761099930531,0.24089753526951235,-0.0730729833318539,1.6609761099930531,2.0,0.0,0.0,5.176890229975313,0.08628150383292188
0.7070000000000005,0.24461369092166144,-0.07307126264701362,1.66096244905564,0.24089753526951235,-0.0730729833318539,1.6609761099930531,0.24089753526951235,-0.0730729833318539,1.6609761099930531,2.0,0.0,0.0,5.176863210638106,0.0862810535106351
0.7080000000000005,0.24462424970808644,-0.07307455155576109,1.6609662625029027,0.24089753526951235,-0.0730729833318539,1.6609761099930531,0.24089753526951235,-0.0730729833318539,1.6609761099930531,2.0,0.0,0.0,5.176834940805536,0.08628058234675894
0.7090000000000005,0.2446347049756651,-0.07307781842134571,1.6609700497381765,0.24089753526951235,-0.0730729833318539,1.6609761099930531,0.24089753526951235,-0.0730729833318539,1.6609761099930531,2.0,0.0,0.0,5.176805418881706,0.08628009031469511
0.7100000000000005,0.24464505692697344,-0.07308106290298524,1.6609738103935605,0.24089753526951235,-0.0730729833318539,1.6609761099930531,0.24089753526951235,-0.0730729833318539,1.6609761099930531,2.0,0.0,0.0,5.176774643563605,0.08627957739272675
0.7110000000000005,0.24465530577076516,-0.07308428466908745,1.660977544111437,0.24089753526951235,-0.0730729833318539,1.6609761099930531,0.24089753526951235,-0.0730729833318539,1.6609761099930531,2.0,0.0,0.0,5.176742613839246,0.08627904356398744
0.7120000000000005,0.24466545172192045,-0.0730874833971501,1.6609812505443546,0.24089753526951235,-0.0730729833318539,1.6609761099930531,0.24089753526951235,-0.0730729833318539,1.6609761099930531,2.0,0.0,0.0,5.176709328985856,0.08627848881643094
0.7130000000000005,0.2446754950013993,-0.07309065877366368,1.6609849293549164,0.24089753526951235,-0.0730729833318539,1.6609761099930531,0.24089753526951235,-0.0730729833318539,1.6609761099930531,2.0,0.0,0.0,5.176674788567912,0.08627791314279852
0.7140000000000005,0.2446854358361895,-0.07309381049401222,1.6609885802156708,0.24089753526951235,-0.0730729833318539,1.6609761099930531,0.24089753526951235,-0.0730729833318539,1.6609761099930531,2.0,0.0,0.0,5.1766389924344995,0.086277316540575
0.7150000000000005,0.24469527445925826,-0.07309693826237634,1.6609922028089938,0.24089753526951235,-0.0730729833318539,1.6609761099930531,0.24089753526951235,-0.0730729833318539,1.6609761099930531,2.0,0.0,0.0,5.176601940719417,0.08627669901199028
0.7160000000000005,0.244705011109499,-0.07310004179163562,1.6609957968269817,0.24089753526951235,-0.0730729833318539,1.6609761099930531,0.24089753526951235,-0.0730729833318539,1.6609761099930531,2.0,0.0,0.0,5.176563633835407,0.08627606056392345
0.7170000000000005,0.24471464603168214,-0.07310312080327261,1.6609993619713397,0.24089753526951235,-0.0730729833318539,1.6609761099930531,0.24089753526951235,-0.0730729833318539,1.6609761099930531,2.0,0.0,0.0,5.176524072473462,0.08627540120789103
0.7180000000000005,0.24472417947640024,-0.0731061750272745,1.6610028979532694,0.24089753526951235,-0.0730729833318539,1.6609761099930531,0.24089753526951235,-0.0730729833318539,1.6609761099930531,2.0,0.0,0.0,5.176483257600137,0.08627472096000229
0.7190000000000005,0.24473361170001756,-0.07310920420203865,1.6610064044933623,0.24089753526951235,-0.0730729833318539,1.6609761099930531,0.24089753526951235,-0.0730729833318539,1.6609761099930531,2.0,0.0,0.0,5.176441190454744,0.0862740198409124
0.7200000000000005,0.24474294296461568,-0.07311220807427682,1.6610098813214889,0.24089753526951235,-0.0730729833318539,1.6609761099930531,0.24089753526951235,-0.0730729833318539,1.6609761099930531,2.0,0.0,0.0,5.176397872546778,0.08627329787577963
0.7210000000000005,0.24475217353793977,-0.07311518639891897,1.661013328176691,0.24089753526951235,-0.0730729833318539,1.6609761099930531,0.24089753526951235,-0.0730729833318539,1.6609761099930531,2.0,0.0,0.0,5.176353305652681,0.08627255509421135
0.7220000000000005,0.24476130369334353,-0.07311813893901951,1.6610167448070723,0.24089753526951235,-0.0730729833318539,1.6609761099930531,0.24089753526951235,-0.0730729833318539,1.6609761099930531,2.0,0.0,0.0,5.1763074918128895,0.08627179153021483
0.7230000000000005,0.24477033370973614,-0.07312106546566277,1.6610201309696908,0.24089753526951235,-0.0730729833318539,1.6609761099930531,0.24089753526951235,-0.0730729833318539,1.6609761099930531,2.0,0.0,0.0,5.1762604333291184,0.08627100722215197
0.7240000000000005,0.24477926387152496,-0.07312396575786856,1.6610234864304576,0.24089753526951235,-0.0730729833318539,1.6609761099930531,0.24089753526951235,-0.0730729833318539,1.6609761099930531,2.0,0.0,0.0,5.176212132761581,0.08627020221269302
0.7250000000000005,0.2447880944685601,-0.0731268396024993,1.6610268109640198,0.24089753526951235,-0.0730729833318539,1.6609761099930531,0.24089753526951235,-0.0730729833318539,1.6609761099930531,2.0,0.0,0.0,5.176162592924245,0.08626937654873743
0.7260000000000005,0.24479682579607914,-0.0731296867941671,1.6610301043536655,0.24089753526951235,-0.0730729833318539,1.6609761099930531,0.24089753526951235,-0.0730729833318539,1.6609761099930531,2.0,0.0,0.0,5.176111816884196,0.08626853028140327
0.7270000000000005,0.2448054581546492,-0.07313250713514188,1.661033366391212,0.24089753526951235,-0.0730729833318539,1.6609761099930531,0.24089753526951235,-0.0730729833318539,1.6609761099930531,2.0,0.0,0.0,5.176059807955973,0.08626766346593288
0.7280000000000005,0.2448139918501105,-0.07313530043525769,1.6610365968769052,0.24089753526951235,-0.0730729833318539,1.6609761099930531,0.24089753526951235,-0.0730729833318539,1.6609761099930531,2.0,0.0,0.0,5.176006569699717,0.08626677616166195
0.7290000000000005,0.2448224271935179,-0.0731380665118234,1.6610397956193126,0.24089753526951235,-0.0730729833318539,1.6609761099930531,0.24089753526951235,-0.0730729833318539,1.6609761099930531,2.0,0.0,0.0,5.175952105917027,0.08626586843195044
0.7300000000000005,0.24483076450108368,-0.07314080518952977,1.6610429624352219,0.24089753526951235,-0.0730729833318539,1.6609761099930531,0.24089753526951235,-0.0730729833318539,1.6609761099930531,2.0,0.0,0.0,5.1758964206483284,0.08626494034413881
0.7310000000000005,0.24483900409411924,-0.0731435163003607,1.6610460971495378,0.24089753526951235,-0.0730729833318539,1.6609761099930531,0.24089753526951235,-0.0730729833318539,1.6609761099930531,2.0,0.0,0.0,5.175839518168627,0.08626399196947712
0.7320000000000005,0.24484714629897447,-0.07314619968350193,1.6610491995951784,0.24089753526951235,-0.0730729833318539,1.6609761099930531,0.24089753526951235,-0.0730729833318539,1.6609761099930531,2.0,0.0,0.0,5.175781402984734,0.08626302338307891
0.7330000000000005,0.24485519144698137,-0.07314885518525231,1.6610522696129764,0.24089753526951235,-0.0730729833318539,1.6609761099930531,0.24089753526951235,-0.0730729833318539,1.6609761099930531,2.0,0.0,0.0,5.175722079831537,0.08626203466385896
0.7340000000000005,0.24486313987439234,-0.0731514826589346,1.6610553070515754,0.24089753526951235,-0.0730729833318539,1.6609761099930531,0.24089753526951235,-0.0730729833318539,1.6609761099930531,2.0,0.0,0.0,5.175661553668326,0.0862610258944721
0.7350000000000005,0.24487099192232153,-0.0731540819648067,1.6610583117673317,0.24089753526951235,-0.0730729833318539,1.6609761099930531,0.24089753526951235,-0.0730729833318539,1.6609761099930531,2.0,0.0,0.0,5.1755998296757095,0.08625999716126183
0.7360000000000005,0.24487874793668377,-0.07315665296997487,1.6610612836242113,0.24089753526951235,-0.0730729833318539,1.6609761099930531,0.24089753526951235,-0.0730729833318539,1.6609761099930531,2.0,0.0,0.0,5.175536913251528,0.08625894855419212
0.7370000000000005,0.2448864082681352,-0.07315919554830408,1.661064222493696,0.24089753526951235,-0.0730729833318539,1.6609761099930531,0.24089753526951235,-0.0730729833318539,1.6609761099930531,2.0,0.0,0.0,5.17547281000781,0.08625788016679684
0.7380000000000005,0.24489397327201146,-0.07316170958033374,1.6610671282546785,0.24089753526951235,-0.0730729833318539,1.6609761099930531,0.24089753526951235,-0.0730729833318539,1.6609761099930531,2.0,0.0,0.0,5.175407525766584,0.08625679209610973
0.7390000000000005,0.2449014433082672,-0.07316419495318947,1.661070000793368,0.24089753526951235,-0.0730729833318539,1.6609761099930531,0.24089753526951235,-0.0730729833318539,1.6609761099930531,2.0,0.0,0.0,5.175341066556968,0.08625568444261614
0.7400000000000005,0.24490881874141496,-0.07316665156049726,1.6610728400031953,0.24089753526951235,-0.0730729833318539,1.6609761099930531,0.24089753526951235,-0.0730729833318539,1.6609761099930531,2.0,0.0,0.0,5.175273438611383,0.0862545573101897
0.7410000000000005,0.244916099940463,-0.07316907930229939,1.6610756457847087,0.24089753526951235,-0.0730729833318539,1.6609761099930531,0.24089753526951235,-0.0730729833318539,1.6609761099930531,2.0,0.0,0.0,5.175204648361086,0.08625341080601809
0.7420000000000005,0.2449232872788542,-0.07317147808496817,1.6610784180454838,0.24089753526951235,-0.0730729833318539,1.6609761099930531,0.24089753526951235,-0.0730729833318539,1.6609761099930531,2.0,0.0,0.0,5.175134702434029,0.08625224504056715
0.7430000000000005,0.2449303811344042,-0.07317384782112288,1.6610811567000272,0.24089753526951235,-0.0730729833318539,1.6609761099930531,0.24089753526951235,-0.0730729833318539,1.6609761099930531,2.0,0.0,0.0,5.175063607650176,0.08625106012750293
0.7440000000000005,0.2449373818892378,-0.07317618842954428,1.6610838616696781,0.24089753526951235,-0.0730729833318539,1.6609761099930531,0.24089753526951235,-0.0730729833318539,1.6609761099930531,2.0,0.0,0.0,5.1749913710182796,0.086249856183638
0.7450000000000006,0.244944289929729,-0.07317849983509331,1.6610865328825188,0.24089753526951235,-0.0730729833318539,1.6609761099930531,0.24089753526951235,-0.0730729833318539,1.6609761099930531,2.0,0.0,0.0,5.1749179997321475,0.08624863332886913
0.7460000000000006,0.24495110564643585,-0.0731807819686271,1.6610891702732757,0.24089753526951235,-0.0730729833318539,1.6609761099930531,0.24089753526951235,-0.0730729833318539,1.6609761099930531,2.0,0.0,0.0,5.174843501167106,0.08624739168611843
0.7470000000000006,0.24495782943403954,-0.07318303476691661,1.6610917737832311,0.24089753526951235,-0.0730729833318539,1.6609761099930531,0.24089753526951235,-0.0730729833318539,1.6609761099930531,2.0,0.0,0.0,5.1747678828764725,0.08624613138127454
0.7480000000000006,0.24496446169128183,-0.07318525817256588,1.661094343360127,0.24089753526951235,-0.0730729833318539,1.6609761099930531,0.24089753526951235,-0.0730729833318539,1.6609761099930531,2.0,0.0,0.0,5.174691152587661,0.08624485254312768
0.7490000000000006,0.24497100282089979,-0.07318745213393005,1.661096878958075,0.24089753526951235,-0.0730729833318539,1.6609761099930531,0.24089753526951235,-0.0730729833318539,1.6609761099930531,2.0,0.0,0.0,5.174613318198866,0.08624355530331444
0.7500000000000006,0.2449774532295646,-0.07318961660503474,1.6610993805374623,0.24089753526951235,-0.0730729833318539,1.6609761099930531,0.24089753526951235,-0.0730729833318539,1.6609761099930531,2.0,0.0,0.0,5.174534387775158,0.08624223979625263
0.7510000000000006,0.24498381332781904,-0.07319175154549688,1.6611018480648676,0.24089753526951235,-0.0730729833318539,1.6609761099930531,0.24089753526951235,-0.0730729833318539,1.6609761099930531,2.0,0.0,0.0,5.174454369545826,0.0862409061590971
0.7520000000000006,0.2449900835300116,-0.0731938569204433,1.6611042815129622,0.24089753526951235,-0.0730729833318539,1.6609761099930531,0.24089753526951235,-0.0730729833318539,1.6609761099930531,2.0,0.0,0.0,5.174373271899202,0.08623955453165337
0.7530000000000006,0.24499626425423549,-0.07319593270043369,1.6611066808604271,0.24089753526951235,-0.0730729833318539,1.6609761099930531,0.24089753526951235,-0.0730729833318539,1.6609761099930531,2.0,0.0,0.0,5.17429110338089,0.08623818505634816
0.7540000000000006,0.24500235592226358,-0.0731979788613806,1.6611090460918598,0.24089753526951235,-0.0730729833318539,1.6609761099930531,0.24089753526951235,-0.0730729833318539,1.6609761099930531,2.0,0.0,0.0,5.174207872688576,0.08623679787814292
0.7550000000000006,0.2450083589594861,-0.07319999538447222,1.6611113771976902,0.24089753526951235,-0.0730729833318539,1.6609761099930531,0.24089753526951235,-0.0730729833318539,1.6609761099930531,2.0,0.0,0.0,5.174123588670028,0.08623539314450047
0.7560000000000006,0.2450142737948463,-0.0732019822560941,1.6611136741740893,0.24089753526951235,-0.0730729833318539,1.6609761099930531,0.24089753526951235,-0.0730729833318539,1.6609761099930531,2.0,0.0,0.0,5.174038260318329,0.08623397100530548
0.7570000000000006,0.24502010086077708,-0.07320393946775312,1.6611159370228834,0.24089753526951235,-0.0730729833318539,1.6609761099930531,0.24089753526951235,-0.0730729833318539,1.6609761099930531,2.0,0.0,0.0,5.173951896769167,0.08623253161281945
0.7580000000000006,0.2450258405931375,-0.07320586701600058,1.6611181657514695,0.24089753526951235,-0.0730729833318539,1.6609761099930531,0.24089753526951235,-0.0730729833318539,1.6609761099930531,2.0,0.0,0.0,5.173864507297211,0.08623107512162019
0.7590000000000006,0.24503149343114902,-0.07320776490235563,1.6611203603727258,0.24089753526951235,-0.0730729833318539,1.6609761099930531,0.24089753526951235,-0.0730729833318539,1.6609761099930531,2.0,0.0,0.0,5.173776101311984,0.08622960168853307
0.7600000000000006,0.24503705981733154,-0.07320963313323128,1.6611225209049285,0.24089753526951235,-0.0730729833318539,1.6609761099930531,0.24089753526951235,-0.0730729833318539,1.6609761099930531,2.0,0.0,0.0,5.17368668835566,0.08622811147259432
0.7610000000000006,0.24504254019744087,-0.07321147171985867,1.6611246473716692,0.24089753526951235,-0.0730729833318539,1.6609761099930531,0.24089753526951235,-0.0730729833318539,1.6609761099930531,2.0,0.0,0.0,5.173596278098798,0.08622660463497997
0.7620000000000006,0.2450479350204039,-0.07321328067821242,1.6611267398017668,0.24089753526951235,-0.0730729833318539,1.6609761099930531,0.24089753526951235,-0.0730729833318539,1.6609761099930531,2.0,0.0,0.0,5.1735048803368056,0.08622508133894675
0.7630000000000006,0.2450532447382559,-0.07321506002893766,1.6611287982291878,0.24089753526951235,-0.0730729833318539,1.6609761099930531,0.24089753526951235,-0.0730729833318539,1.6609761099930531,2.0,0.0,0.0,5.173412504987333,0.08622354174978888
0.7640000000000006,0.2450584698060768,-0.07321680979727607,1.6611308226929595,0.24089753526951235,-0.0730729833318539,1.6609761099930531,0.24089753526951235,-0.0730729833318539,1.6609761099930531,2.0,0.0,0.0,5.173319162086036,0.08622198603476727
0.7650000000000006,0.245063610681927,-0.07321853001299318,1.6611328132370928,0.24089753526951235,-0.0730729833318539,1.6609761099930531,0.24089753526951235,-0.0730729833318539,1.6609761099930531,2.0,0.0,0.0,5.173224861784361,0.08622041436307268
0.7660000000000006,0.24506866782678546,-0.07322022071030652,1.661134769910498,0.24089753526951235,-0.0730729833318539,1.6609761099930531,0.24089753526951235,-0.0730729833318539,1.6609761099930531,2.0,0.0,0.0,5.173129614344643,0.08621882690574405
0.7670000000000006,0.24507364170448565,-0.07322188192781365,1.6611366927669016,0.24089753526951235,-0.0730729833318539,1.6609761099930531,0.24089753526951235,-0.0730729833318539,1.6609761099930531,2.0,0.0,0.0,5.173033430138158,0.08621722383563597
0.7680000000000006,0.24507853278165162,-0.07322351370842059,1.661138581864771,0.24089753526951235,-0.0730729833318539,1.6609761099930531,0.24089753526951235,-0.0730729833318539,1.6609761099930531,2.0,0.0,0.0,5.172936319641769,0.08621560532736282
0.7690000000000006,0.24508334152763628,-0.07322511609927224,1.6611404372672316,0.24089753526951235,-0.0730729833318539,1.6609761099930531,0.24089753526951235,-0.0730729833318539,1.6609761099930531,2.0,0.0,0.0,5.172838293433673,0.08621397155722789
0.7700000000000006,0.24508806841445735,-0.07322668915168051,1.6611422590419864,0.24089753526951235,-0.0730729833318539,1.6609761099930531,0.24089753526951235,-0.0730729833318539,1.6609761099930531,2.0,0.0,0.0,5.172739362191291,0.08621232270318818
0.7710000000000006,0.24509271391673498,-0.07322823292105568,1.6611440472612422,0.24089753526951235,-0.0730729833318539,1.6609761099930531,0.24089753526951235,-0.0730729833318539,1.6609761099930531,2.0,0.0,0.0,5.172639536687576,0.08621065894479293
0.7720000000000006,0.24509727851162894,-0.07322974746683815,1.661145802001627,0.24089753526951235,-0.0730729833318539,1.6609761099930531,0.24089753526951235,-0.0730729833318539,1.6609761099930531,2.0,0.0,0.0,5.17253882778769,0.08620898046312817
0.7730000000000006,0.2451017626787766,-0.07323123285242769,1.6611475233441173,0.24089753526951235,-0.0730729833318539,1.6609761099930531,0.24089753526951235,-0.0730729833318539,1.6609761099930531,2.0,0.0,0.0,5.1724372464463775,0.08620728744077295
0.7740000000000006,0.24510616690022793,-0.07323268914511727,1.6611492113739543,0.24089753526951235,-0.0730729833318539,1.6609761099930531,0.24089753526951235,-0.0730729833318539,1.6609761099930531,2.0,0.0,0.0,5.17233480370498,0.08620558006174966
0.7750000000000006,0.24511049166038698,-0.07323411641602429,1.6611508661805747,0.24089753526951235,-0.0730729833318539,1.6609761099930531,0.24089753526951235,-0.0730729833318539,1.6609761099930531,2.0,0.0,0.0,5.172231510685857,0.08620385851143095
0.7760000000000006,0.24511473744594697,-0.07323551474002445,1.6611524878575352,0.24089753526951235,-0.0730729833318539,1.6609761099930531,0.24089753526951235,-0.0730729833318539,1.6609761099930531,2.0,0.0,0.0,5.172127378593745,0.08620212297656242
0.7770000000000006,0.24511890474582979,-0.07323688419568439,1.6611540765024326,0.24089753526951235,-0.0730729833318539,1.6609761099930531,0.24089753526951235,-0.0730729833318539,1.6609761099930531,2.0,0.0,0.0,5.172022418708969,0.08620037364514949
0.7780000000000006,0.2451229940511226,-0.07323822486519564,1.6611556322168328,0.24089753526951235,-0.0730729833318539,1.6609761099930531,0.24089753526951235,-0.0730729833318539,1.6609761099930531,2.0,0.0,0.0,5.1719166423867655,0.08619861070644609
0.7790000000000006,0.24512700585501856,-0.07323953683431011,1.6611571551061985,0.24089753526951235,-0.0730729833318539,1.6609761099930531,0.24089753526951235,-0.0730729833318539,1.6609761099930531,2.0,0.0,0.0,5.17181006105284,0.08619683435088067
0.7800000000000006,0.2451309406527531,-0.07324082019227426,1.661158645279812,0.24089753526951235,-0.0730729833318539,1.6609761099930531,0.24089753526951235,-0.0730729833318539,1.6609761099930531,2.0,0.0,0.0,5.1717026862006374,0.08619504477001062
0.7810000000000006,0.24513479894154405,-0.07324207503176446,1.6611601028507064,0.24089753526951235,-0.0730729833318539,1.6609761099930531,0.24089753526951235,-0.0730729833318539,1.6609761099930531,2.0,0.0,0.0,5.171594529389218,0.08619324215648697
0.7820000000000006,0.24513858122053092,-0.07324330144882368,1.6611615279355938,0.24089753526951235,-0.0730729833318539,1.6609761099930531,0.24089753526951235,-0.0730729833318539,1.6609761099930531,2.0,0.0,0.0,5.171485602239343,0.08619142670398906
0.7830000000000006,0.24514228799071247,-0.07324449954279756,1.6611629206547898,0.24089753526951235,-0.0730729833318539,1.6609761099930531,0.24089753526951235,-0.0730729833318539,1.6609761099930531,2.0,0.0,0.0,5.171375916431248,0.08618959860718746
0.7840000000000006,0.2451459197548883,-0.0732456694162714,1.661164281132149,0.24089753526951235,-0.0730729833318539,1.6609761099930531,0.24089753526951235,-0.0730729833318539,1.6609761099930531,2.0,0.0,0.0,5.1712654837019665,0.08618775806169944
0.7850000000000006,0.24514947701759704,-0.07324681117500827,1.6611656094949907,0.24089753526951235,-0.0730729833318539,1.6609761099930531,0.24089753526951235,-0.0730729833318539,1.6609761099930531,2.0,0.0,0.0,5.171154315841603,0.08618590526402672
0.7860000000000006,0.24515296028505712,-0.07324792492788648,1.661166905874031,0.24089753526951235,-0.0730729833318539,1.6609761099930531,0.24089753526951235,-0.0730729833318539,1.6609761099930531,2.0,0.0,0.0,5.171042424691474,0.08618404041152457
0.7870000000000006,0.24515637006510665,-0.07324901078683822,1.6611681704033134,0.24089753526951235,-0.0730729833318539,1.6609761099930531,0.24089753526951235,-0.0730729833318539,1.6609761099930531,2.0,0.0,0.0,5.170929822140771,0.08618216370234617
0.7880000000000006,0.2451597068671439,-0.07325006886678945,1.6611694032201405,0.24089753526951235,-0.0730729833318539,1.6609761099930531,0.24089753526951235,-0.0730729833318539,1.6609761099930531,2.0,0.0,0.0,5.17081652012437,0.08618027533540616
0.7890000000000006,0.24516297120206768,-0.07325109928559798,1.6611706044650085,0.24089753526951235,-0.0730729833318539,1.6609761099930531,0.24089753526951235,-0.0730729833318539,1.6609761099930531,2.0,0.0,0.0,5.170702530619482,0.0861783755103247
0.7900000000000006,0.24516616358221932,-0.07325210216399518,1.6611717742815364,0.24089753526951235,-0.0730729833318539,1.6609761099930531,0.24089753526951235,-0.0730729833318539,1.6609761099930531,2.0,0.0,0.0,5.1705878656431326,0.08617646442738554
0.7910000000000006,0.24516928452132342,-0.07325307762552563,1.6611729128164028,0.24089753526951235,-0.0730729833318539,1.6609761099930531,0.24089753526951235,-0.0730729833318539,1.6609761099930531,2.0,0.0,0.0,5.1704725372501805,0.08617454228750301
0.7920000000000006,0.24517233453442877,-0.07325402579648814,1.6611740202192775,0.24089753526951235,-0.0730729833318539,1.6609761099930531,0.24089753526951235,-0.0730729833318539,1.6609761099930531,2.0,0.0,0.0,5.170356557529905,0.08617260929216508
0.7930000000000006,0.24517531413785135,-0.07325494680587824,1.661175096642761,0.24089753526951235,-0.0730729833318539,1.6609761099930531,0.24089753526951235,-0.0730729833318539,1.6609761099930531,2.0,0.0,0.0,5.170239938603789,0.08617066564339648
0.7940000000000006,0.24517822384911583,-0.07325584078532954,1.6611761422423108,0.24089753526951235,-0.0730729833318539,1.6609761099930531,0.24089753526951235,-0.0730729833318539,1.6609761099930531,2.0,0.0,0.0,5.170122692622414,0.0861687115437069
0.7950000000000006,0.24518106418689783,-0.07325670786905596,1.6611771571761882,0.24089753526951235,-0.0730729833318539,1.6609761099930531,0.24089753526951235,-0.0730729833318539,1.6609761099930531,2.0,0.0,0.0,5.170004831764299,0.08616674719607165
0.7960000000000006,0.24518383567096746,-0.07325754819379662,1.661178141605386,0.24089753526951235,-0.0730729833318539,1.6609761099930531,0.24089753526951235,-0.0730729833318539,1.6609761099930531,2.0,0.0,0.0,5.169886368231481,0.08616477280385801
0.7970000000000006,0.2451865388221318,-0.07325836189875705,1.6611790956935708,0.24089753526951235,-0.0730729833318539,1.6609761099930531,0.24089753526951235,-0.0730729833318539,1.6609761099930531,2.0,0.0,0.0,5.169767314248628,0.08616278857081047
0.7980000000000006,0.2451891741621784,-0.07325914912555576,1.6611800196070177,0.24089753526951235,-0.0730729833318539,1.6609761099930531,0.24089753526951235,-0.0730729833318539,1.6609761099930531,2.0,0.0,0.0,5.169647682059748,0.08616079470099579
0.7990000000000006,0.24519174221381937,-0.07325991001816687,1.6611809135145506,0.24089753526951235,-0.0730729833318539,1.6609761099930531,0.24089753526951235,-0.0730729833318539,1.6609761099930531,2.0,0.0,0.0,5.169527483926377,0.08615879139877294
0.8000000000000006,0.24519424350063468,-0.0732606447228659,1.6611817775874795,0.24089753526951235,-0.0730729833318539,1.6609761099930531,0.24089753526951235,-0.0730729833318539,1.6609761099930531,2.0,0.0,0.0,5.169406732124557,0.08615677886874261
0.8010000000000006,0.2451966785470177,-0.07326135338817598,1.661182611999541,0.24089753526951235,-0.0730729833318539,1.6609761099930531,0.24089753526951235,-0.0730729833318539,1.6609761099930531,2.0,0.0,0.0,5.169285438942833,0.08615475731571388
0.8020000000000006,0.24519904787811886,-0.07326203616481336,1.6611834169268378,0.24089753526951235,-0.0730729833318539,1.6609761099930531,0.24089753526951235,-0.0730729833318539,1.6609761099930531,2.0,0.0,0.0,5.169163616679923,0.08615272694466539
0.8030000000000006,0.24520135201979132,-0.07326269320563436,1.6611841925477784,0.24089753526951235,-0.0730729833318539,1.6609761099930531,0.24089753526951235,-0.0730729833318539,1.6609761099930531,2.0,0.0,0.0,5.169041277642133,0.08615068796070222
0.8040000000000006,0.24520359149853632,-0.0732633246655816,1.6611849390430196,0.24089753526951235,-0.0730729833318539,1.6609761099930531,0.24089753526951235,-0.0730729833318539,1.6609761099930531,2.0,0.0,0.0,5.168918434141633,0.08614864056902723
0.8050000000000006,0.2452057668414489,-0.0732639307016329,1.6611856565954075,0.24089753526951235,-0.0730729833318539,1.6609761099930531,0.24089753526951235,-0.0730729833318539,1.6609761099930531,2.0,0.0,0.0,5.168795098493779,0.08614658497489631
0.8060000000000006,0.24520787857616372,-0.07326451147274843,1.6611863453899196,0.24089753526951235,-0.0730729833318539,1.6609761099930531,0.24089753526951235,-0.0730729833318539,1.6609761099930531,2.0,0.0,0.0,5.168671283014827,0.08614452138358046
0.8070000000000006,0.24520992723080332,-0.07326506713981973,1.6611870056136082,0.24089753526951235,-0.0730729833318539,1.6609761099930531,0.24089753526951235,-0.0730729833318539,1.6609761099930531,2.0,0.0,0.0,5.1685470000201565,0.08614245000033595
0.8080000000000006,0.24521191333392184,-0.07326559786561829,1.6611876374555417,0.24089753526951235,-0.0730729833318539,1.6609761099930531,0.24089753526951235,-0.0730729833318539,1.6609761099930531,2.0,0.0,0.0,5.168422261821874,0.08614037103036457
0.8090000000000006,0.2452138374144553,-0.07326610381474587,1.6611882411067542,0.24089753526951235,-0.0730729833318539,1.6609761099930531,0.24089753526951235,-0.0730729833318539,1.6609761099930531,2.0,0.0,0.0,5.168297080726947,0.08613828467878244
0.8100000000000006,0.24521570000166767,-0.07326658515358377,1.6611888167601812,0.24089753526951235,-0.0730729833318539,1.6609761099930531,0.24089753526951235,-0.0730729833318539,1.6609761099930531,2.0,0.0,0.0,5.1681714690340606,0.08613619115056767
0.8110000000000006,0.24521750162509953,-0.07326704205024351,1.6611893646106128,0.24089753526951235,-0.0730729833318539,1.6609761099930531,0.24089753526951235,-0.0730729833318539,1.6609761099930531,2.0,0.0,0.0,5.168045439033493,0.08613409065055823
0.8120000000000006,0.24521924281451618,-0.0732674746745188,1.6611898848546347,0.24089753526951235,-0.0730729833318539,1.6609761099930531,0.24089753526951235,-0.0730729833318539,1.6609761099930531,2.0,0.0,0.0,5.167919003003034,0.08613198338338389
0.8130000000000006,0.24522092409985619,-0.07326788319783557,1.6611903776905756,0.24089753526951235,-0.0730729833318539,1.6609761099930531,0.24089753526951235,-0.0730729833318539,1.6609761099930531,2.0,0.0,0.0,5.1677921732075625,0.08612986955345937
0.8140000000000006,0.24522254601118126,-0.07326826779320497,1.6611908433184548,0.24089753526951235,-0.0730729833318539,1.6609761099930531,0.24089753526951235,-0.0730729833318539,1.6609761099930531,2.0,0.0,0.0,5.167664961895778,0.08612774936492965
0.8150000000000006,0.2452241090786254,-0.07326862863517497,1.6611912819399268,0.24089753526951235,-0.0730729833318539,1.6609761099930531,0.24089753526951235,-0.0730729833318539,1.6609761099930531,2.0,0.0,0.0,5.167537381299401,0.08612562302165669
0.8160000000000006,0.2452256138323451,-0.07326896589978418,1.6611916937582332,0.24089753526951235,-0.0730729833318539,1.6609761099930531,0.24089753526951235,-0.0730729833318539,1.6609761099930531,2.0,0.0,0.0,5.167409443630621,0.08612349072717702
0.8170000000000006,0.2452270608024692,-0.073269279764515,1.6611920789781474,0.24089753526951235,-0.0730729833318539,1.6609761099930531,0.24089753526951235,-0.0730729833318539,1.6609761099930531,2.0,0.0,0.0,5.167281161080048,0.08612135268466746
0.8180000000000006,0.2452284505190504,-0.0732695704082471,1.6611924378059257,0.24089753526951235,-0.0730729833318539,1.6609761099930531,0.24089753526951235,-0.0730729833318539,1.6609761099930531,2.0,0.0,0.0,5.167152545815165,0.08611920909691942
0.8190000000000006,0.24522978351201596,-0.07326983801121219,1.6611927704492553,0.24089753526951235,-0.0730729833318539,1.6609761099930531,0.24089753526951235,-0.0730729833318539,1.6609761099930531,2.0,0.0,0.0,5.167023609978591,0.08611706016630985
0.8200000000000006,0.24523106031112002,-0.07327008275494881,1.6611930771172057,0.24089753526951235,-0.0730729833318539,1.6609761099930531,0.24089753526951235,-0.0730729833318539,1.6609761099930531,2.0,0.0,0.0,5.166894365685984,0.0861149060947664
0.8210000000000006,0.24523228144589482,-0.07327030482225776,1.661193358020177,0.24089753526951235,-0.0730729833318539,1.6609761099930531,0.24089753526951235,-0.0730729833318539,1.6609761099930531,2.0,0.0,0.0,5.166764825024329,0.08611274708373882
0.8220000000000006,0.24523344744560335,-0.07327050439715709,1.6611936133698557,0.24089753526951235,-0.0730729833318539,1.6609761099930531,0.24089753526951235,-0.0730729833318539,1.6609761099930531,2.0,0.0,0.0,5.166635000050593,0.08611058333417655
0.8230000000000006,0.24523455883919262,-0.07327068166483948,1.661193843379159,0.24089753526951235,-0.0730729833318539,1.6609761099930531,0.24089753526951235,-0.0730729833318539,1.6609761099930531,2.0,0.0,0.0,5.166504902789063,0.08610841504648438
0.8240000000000006,0.24523561615524625,-0.07327083681162834,1.6611940482621947,0.24089753526951235,-0.0730729833318539,1.6609761099930531,0.24089753526951235,-0.0730729833318539,1.6609761099930531,2.0,0.0,0.0,5.16637454523079,0.08610624242051317
0.8250000000000006,0.24523661992193935,-0.0732709700249347,1.6611942282342078,0.24089753526951235,-0.0730729833318539,1.6609761099930531,0.24089753526951235,-0.0730729833318539,1.6609761099930531,2.0,0.0,0.0,5.16624393933075,0.0861040656555125
0.8260000000000006,0.24523757066699078,-0.07327108149321565,1.6611943835115364,0.24089753526951235,-0.0730729833318539,1.6609761099930531,0.24089753526951235,-0.0730729833318539,1.6609761099930531,2.0,0.0,0.0,5.166113097007505,0.0861018849501251
0.8270000000000006,0.2452384689176202,-0.07327117140593249,1.6611945143115665,0.24089753526951235,-0.0730729833318539,1.6609761099930531,0.24089753526951235,-0.0730729833318539,1.6609761099930531,2.0,0.0,0.0,5.165982030140416,0.08609970050234027
0.8280000000000006,0.245239315200501,-0.07327123995350758,1.6611946208526842,0.24089753526951235,-0.0730729833318539,1.6609761099930531,0.24089753526951235,-0.0730729833318539,1.6609761099930531,2.0,0.0,0.0,5.165850750568505,0.08609751250947509
0.8290000000000006,0.24524011004171653,-0.073271287327286,1.6611947033542303,0.24089753526951235,-0.0730729833318539,1.6609761099930531,0.24089753526951235,-0.0730729833318539,1.6609761099930531,2.0,0.0,0.0,5.165719270089047,0.08609532116815079
0.8300000000000006,0.24524085396671585,-0.07327131371949269,1.6611947620364584,0.24089753526951235,-0.0730729833318539,1.6609761099930531,0.24089753526951235,-0.0730729833318539,1.6609761099930531,2.0,0.0,0.0,5.165587600456163,0.0860931266742694
0.8310000000000006,0.24524154750027083,-0.073271319323194,1.6611947971204861,0.24089753526951235,-0.0730729833318539,1.6609761099930531,0.24089753526951235,-0.0730729833318539,1.6609761099930531,2.0,0.0,0.0,5.165455753378472,0.08609092922297454
0.8320000000000006,0.2452421911664314,-0.07327130433225709,1.6611948088282562,0.24089753526951235,-0.0730729833318539,1.6609761099930531,0.24089753526951235,-0.0730729833318539,1.6609761099930531,2.0,0.0,0.0,5.1653237405187475,0.0860887290086458
0.8330000000000006,0.24524278548848377,-0.07327126894131156,1.66119479738249,0.24089753526951235,-0.0730729833318539,1.6609761099930531,0.24089753526951235,-0.0730729833318539,1.6609761099930531,2.0,0.0,0.0,5.1651915734915095,0.08608652622485849
0.8340000000000006,0.2452433309889084,-0.07327121334571052,1.6611947630066477,0.24089753526951235,-0.0730729833318539,1.6609761099930531,0.24089753526951235,-0.0730729833318539,1.6609761099930531,2.0,0.0,0.0,5.165059263862218,0.08608432106437029
0.8350000000000006,0.24524382818933674,-0.07327113774149151,1.6611947059248817,0.24089753526951235,-0.0730729833318539,1.6609761099930531,0.24089753526951235,-0.0730729833318539,1.6609761099930531,2.0,0.0,0.0,5.164926823145507,0.08608211371909177
0.8360000000000006,0.24524427761051076,-0.07327104232533989,1.661194626362001,0.24089753526951235,-0.0730729833318539,1.6609761099930531,0.24089753526951235,-0.0730729833318539,1.6609761099930531,2.0,0.0,0.0,5.164794262804161,0.08607990438006935
0.8370000000000006,0.24524467977224218,-0.07327092729455112,1.6611945245434243,0.24089753526951235,-0.0730729833318539,1.6609761099930531,0.24089753526951235,-0.0730729833318539,1.6609761099930531,2.0,0.0,0.0,5.164661594247255,0.08607769323745425
0.8380000000000006,0.24524503519337057,-0.07327079284699348,1.6611944006951427,0.24089753526951235,-0.0730729833318539,1.6609761099930531,0.24089753526951235,-0.0730729833318539,1.6609761099930531,2.0,0.0,0.0,5.164528828829414,0.08607548048049023
0.8390000000000006,0.24524534439172507,-0.07327063918107227,1.6611942550436798,0.24089753526951235,-0.0730729833318539,1.6609761099930531,0.24089753526951235,-0.0730729833318539,1.6609761099930531,2.0,0.0,0.0,5.1643959778492405,0.08607326629748734
0.8400000000000006,0.2452456078840829,-0.07327046649569306,1.6611940878160496,0.24089753526951235,-0.0730729833318539,1.6609761099930531,0.24089753526951235,-0.0730729833318539,1.6609761099930531,2.0,0.0,0.0,5.164263052547603,0.08607105087579338
0.8410000000000006,0.24524582618613083,-0.07327027499022606,1.6611938992397184,0.24089753526951235,-0.0730729833318539,1.6609761099930531,0.24089753526951235,-0.0730729833318539,1.6609761099930531,2.0,0.0,0.0,5.164130064107307,0.08606883440178845
0.8420000000000006,0.24524599981242726,-0.07327006486447235,1.6611936895425694,0.24089753526951235,-0.0730729833318539,1.6609761099930531,0.24089753526951235,-0.0730729833318539,1.6609761099930531,2.0,0.0,0.0,5.16399702365138,0.08606661706085633
0.8430000000000006,0.24524612927636272,-0.0732698363186276,1.6611934589528574,0.24089753526951235,-0.0730729833318539,1.6609761099930531,0.24089753526951235,-0.0730729833318539,1.6609761099930531,2.0,0.0,0.0,5.163863942241478,0.08606439903735796
0.8440000000000006,0.2452462150901223,-0.07326958955324836,1.66119320769918,0.24089753526951235,-0.0730729833318539,1.6609761099930531,0.24089753526951235,-0.0730729833318539,1.6609761099930531,2.0,0.0,0.0,5.163730830877684,0.08606218051462806
0.8450000000000006,0.24524625776464853,-0.07326932476921849,1.6611929360104318,0.24089753526951235,-0.0730729833318539,1.6609761099930531,0.24089753526951235,-0.0730729833318539,1.6609761099930531,2.0,0.0,0.0,5.163597700496158,0.08605996167493597
0.8460000000000006,0.2452462578096038,-0.07326904216771525,1.6611926441157732,0.24089753526951235,-0.0730729833318539,1.6609761099930531,0.24089753526951235,-0.0730729833318539,1.6609761099930531,2.0,0.0,0.0,5.163464561969175,0.08605774269948624
0.8470000000000006,0.2452462157333348,-0.0732687419501763,1.6611923322445936,0.24089753526951235,-0.0730729833318539,1.6609761099930531,0.24089753526951235,-0.0730729833318539,1.6609761099930531,2.0,0.0,0.0,5.16333142610344,0.08605552376839067
0.8480000000000006,0.24524613204283557,-0.07326842431826823,1.6611920006264729,0.24089753526951235,-0.0730729833318539,1.6609761099930531,0.24089753526951235,-0.0730729833318539,1.6609761099930531,2.0,0.0,0.0,5.163198303638959,0.08605330506064932
0.8490000000000006,0.24524600724371232,-0.0732680894738529,1.6611916494911494,0.24089753526951235,-0.0730729833318539,1.6609761099930531,0.24089753526951235,-0.0730729833318539,1.6609761099930531,2.0,0.0,0.0,5.163065205248192,0.08605108675413654
0.8500000000000006,0.24524584184014833,-0.07326773761895623,1.6611912790684826,0.24089753526951235,-0.0730729833318539,1.6609761099930531,0.24089753526951235,-0.0730729833318539,1.6609761099930531,2.0,0.0,0.0,5.162932141534759,0.08604886902557932
0.8510000000000006,0.24524563633486918,-0.07326736895573804,1.66119088958842,0.24089753526951235,-0.0730729833318539,1.6609761099930531,0.24089753526951235,-0.0730729833318539,1.6609761099930531,2.0,0.0,0.0,5.162799123032953,0.08604665205054922
0.8520000000000006,0.24524539122910843,-0.07326698368645901,1.6611904812809635,0.24089753526951235,-0.0730729833318539,1.6609761099930531,0.24089753526951235,-0.0730729833318539,1.6609761099930531,2.0,0.0,0.0,5.162666160206341,0.08604443600343901
0.8530000000000006,0.24524510702257374,-0.07326658201345225,1.6611900543761349,0.24089753526951235,-0.0730729833318539,1.6609761099930531,0.24089753526951235,-0.0730729833318539,1.6609761099930531,2.0,0.0,0.0,5.1625332634469325,0.08604222105744888
0.8540000000000006,0.24524478421341378,-0.07326616413909207,1.6611896091039438,0.24089753526951235,-0.0730729833318539,1.6609761099930531,0.24089753526951235,-0.0730729833318539,1.6609761099930531,2.0,0.0,0.0,5.162400443074242,0.0860400073845707
0.8550000000000006,0.2452444232981857,-0.07326573026576433,1.6611891456943555,0.24089753526951235,-0.0730729833318539,1.6609761099930531,0.24089753526951235,-0.0730729833318539,1.6609761099930531,2.0,0.0,0.0,5.162267709334245,0.08603779515557074
0.8560000000000006,0.24524402477182194,-0.07326528059583816,1.6611886643772567,0.24089753526951235,-0.0730729833318539,1.6609761099930531,0.24089753526951235,-0.0730729833318539,1.6609761099930531,2.0,0.0,0.0,5.162135072398707,0.08603558453997845
0.8570000000000007,0.24524358912759842,-0.07326481533163642,1.6611881653824272,0.24089753526951235,-0.0730729833318539,1.6609761099930531,0.24089753526951235,-0.0730729833318539,1.6609761099930531,2.0,0.0,0.0,5.162002542364452,0.08603337570607421
0.8580000000000007,0.24524311685710412,-0.07326433467540665,1.6611876489395065,0.24089753526951235,-0.0730729833318539,1.6609761099930531,0.24089753526951235,-0.0730729833318539,1.6609761099930531,2.0,0.0,0.0,5.161870129252209,0.08603116882087015
0.8590000000000007,0.24524260845020862,-0.07326383882929452,1.6611871152779634,0.24089753526951235,-0.0730729833318539,1.6609761099930531,0.24089753526951235,-0.0730729833318539,1.6609761099930531,2.0,0.0,0.0,5.161737843005575,0.08602896405009292
0.8600000000000007,0.24524206439503224,-0.07326332799531539,1.6611865646270667,0.24089753526951235,-0.0730729833318539,1.6609761099930531,0.24089753526951235,-0.0730729833318539,1.6609761099930531,2.0,0.0,0.0,5.161605693491001,0.08602676155818335
0.8610000000000007,0.24524148517791572,-0.0732628023753266,1.6611859972158536,0.24089753526951235,-0.0730729833318539,1.6609761099930531,0.24089753526951235,-0.0730729833318539,1.6609761099930531,2.0,0.0,0.0,5.161473690496366,0.08602456150827277
0.8620000000000007,0.24524087128339078,-0.0732622621710016,1.6611854132731034,0.24089753526951235,-0.0730729833318539,1.6609761099930531,0.24089753526951235,-0.0730729833318539,1.6609761099930531,2.0,0.0,0.0,5.1613418437305505,0.08602236406217584
0.8630000000000007,0.24524022319415067,-0.07326170758380289,1.6611848130273044,0.24089753526951235,-0.0730729833318539,1.6609761099930531,0.24089753526951235,-0.0730729833318539,1.6609761099930531,2.0,0.0,0.0,5.161210162822429,0.08602016938037381
0.8640000000000007,0.24523954139102122,-0.07326113881495618,1.6611841967066294,0.24089753526951235,-0.0730729833318539,1.6609761099930531,0.24089753526951235,-0.0730729833318539,1.6609761099930531,2.0,0.0,0.0,5.161078657320507,0.08601797762200845
0.8650000000000007,0.24523882635293373,-0.07326055606542518,1.661183564538906,0.24089753526951235,-0.0730729833318539,1.6609761099930531,0.24089753526951235,-0.0730729833318539,1.6609761099930531,2.0,0.0,0.0,5.160947336691952,0.08601578894486586
0.8660000000000007,0.2452380785568946,-0.07325995953588535,1.6611829167515872,0.24089753526951235,-0.0730729833318539,1.6609761099930531,0.24089753526951235,-0.0730729833318539,1.6609761099930531,2.0,0.0,0.0,5.160816210322096,0.08601360350536827
0.8670000000000007,0.24523729847796105,-0.07325934942669952,1.6611822535717287,0.24089753526951235,-0.0730729833318539,1.6609761099930531,0.24089753526951235,-0.0730729833318539,1.6609761099930531,2.0,0.0,0.0,5.160685287513533,0.08601142145855888
0.8680000000000007,0.24523648658921143,-0.073258725937894,1.6611815752259567,0.24089753526951235,-0.0730729833318539,1.6609761099930531,0.24089753526951235,-0.0730729833318539,1.6609761099930531,2.0,0.0,0.0,5.1605545774861366,0.08600924295810228
0.8690000000000007,0.24523564336172038,-0.07325808926913305,1.661180881940446,0.24089753526951235,-0.0730729833318539,1.6609761099930531,0.24089753526951235,-0.0730729833318539,1.6609761099930531,2.0,0.0,0.0,5.160424089375534,0.0860070681562589
0.8700000000000007,0.24523476926453236,-0.07325743961969663,1.6611801739408911,0.24089753526951235,-0.0730729833318539,1.6609761099930531,0.24089753526951235,-0.0730729833318539,1.6609761099930531,2.0,0.0,0.0,5.160293832233333,0.08600489720388889
0.8710000000000007,0.2452338647646352,-0.07325677718845597,1.661179451452483,0.24089753526951235,-0.0730729833318539,1.6609761099930531,0.24089753526951235,-0.0730729833318539,1.6609761099930531,2.0,0.0,0.0,5.1601638150263405,0.086002730250439
0.8720000000000007,0.24523293032693702,-0.07325610217385105,1.661178714699882,0.24089753526951235,-0.0730729833318539,1.6609761099930531,0.24089753526951235,-0.0730729833318539,1.6609761099930531,2.0,0.0,0.0,5.160034046635446,0.0860005674439241
0.8730000000000007,0.24523196641423864,-0.07325541477386803,1.6611779639071946,0.24089753526951235,-0.0730729833318539,1.6609761099930531,0.24089753526951235,-0.0730729833318539,1.6609761099930531,2.0,0.0,0.0,5.159904535856099,0.08599840893093498
0.8740000000000007,0.2452309734872113,-0.07325471518601652,1.6611771992979485,0.24089753526951235,-0.0730729833318539,1.6609761099930531,0.24089753526951235,-0.0730729833318539,1.6609761099930531,2.0,0.0,0.0,5.159775291396896,0.08599625485661493
0.8750000000000007,0.24522995200437292,-0.07325400360730862,1.6611764210950706,0.24089753526951235,-0.0730729833318539,1.6609761099930531,0.24089753526951235,-0.0730729833318539,1.6609761099930531,2.0,0.0,0.0,5.15964632187965,0.08599410536466084
0.8760000000000007,0.24522890242206286,-0.07325328023423588,1.6611756295208568,0.24089753526951235,-0.0730729833318539,1.6609761099930531,0.24089753526951235,-0.0730729833318539,1.6609761099930531,2.0,0.0,0.0,5.159517635839537,0.08599196059732561
0.8770000000000007,0.2452278251944215,-0.07325254526274955,1.6611748247969575,0.24089753526951235,-0.0730729833318539,1.6609761099930531,0.24089753526951235,-0.0730729833318539,1.6609761099930531,2.0,0.0,0.0,5.159389241721616,0.08598982069536026
0.8780000000000007,0.24522672077336516,-0.07325179888823954,1.6611740071443526,0.24089753526951235,-0.0730729833318539,1.6609761099930531,0.24089753526951235,-0.0730729833318539,1.6609761099930531,2.0,0.0,0.0,5.159261147885158,0.08598768579808597
0.8790000000000007,0.245225589608566,-0.07325104130551276,1.661173176783326,0.24089753526951235,-0.0730729833318539,1.6609761099930531,0.24089753526951235,-0.0730729833318539,1.6609761099930531,2.0,0.0,0.0,5.159133362599542,0.08598555604332571
0.8800000000000007,0.24522443214742978,-0.07325027270877504,1.6611723339334452,0.24089753526951235,-0.0730729833318539,1.6609761099930531,0.24089753526951235,-0.0730729833318539,1.6609761099930531,2.0,0.0,0.0,5.159005894045341,0.08598343156742236
0.8810000000000007,0.2452232488350741,-0.07324949329160944,1.6611714788135417,0.24089753526951235,-0.0730729833318539,1.6609761099930531,0.24089753526951235,-0.0730729833318539,1.6609761099930531,2.0,0.0,0.0,5.15887875031402,0.08598131250523368
0.8820000000000007,0.24522204011430782,-0.07324870324695806,1.6611706116416876,0.24089753526951235,-0.0730729833318539,1.6609761099930531,0.24089753526951235,-0.0730729833318539,1.6609761099930531,2.0,0.0,0.0,5.1587519394067725,0.08597919899011287
0.8830000000000007,0.24522080642561106,-0.07324790276710258,1.6611697326351762,0.24089753526951235,-0.0730729833318539,1.6609761099930531,0.24089753526951235,-0.0730729833318539,1.6609761099930531,2.0,0.0,0.0,5.158625469234856,0.08597709115391426
0.8840000000000007,0.24521954820711556,-0.0732470920436457,1.661168842010501,0.24089753526951235,-0.0730729833318539,1.6609761099930531,0.24089753526951235,-0.0730729833318539,1.6609761099930531,2.0,0.0,0.0,5.158499347619057,0.08597498912698429
0.8850000000000007,0.24521826589458395,-0.07324627126749232,1.661167939983336,0.24089753526951235,-0.0730729833318539,1.6609761099930531,0.24089753526951235,-0.0730729833318539,1.6609761099930531,2.0,0.0,0.0,5.158373582289529,0.08597289303815882
0.8860000000000007,0.2452169599213921,-0.07324544062883215,1.6611670267685161,0.24089753526951235,-0.0730729833318539,1.6609761099930531,0.24089753526951235,-0.0730729833318539,1.6609761099930531,2.0,0.0,0.0,5.158248180885466,0.08597080301475776
0.8870000000000007,0.24521563071850952,-0.07324460031712149,1.6611661025800175,0.24089753526951235,-0.0730729833318539,1.6609761099930531,0.24089753526951235,-0.0730729833318539,1.6609761099930531,2.0,0.0,0.0,5.158123150954668,0.0859687191825778
0.8880000000000007,0.24521427871448165,-0.07324375052106664,1.6611651676309398,0.24089753526951235,-0.0730729833318539,1.6609761099930531,0.24089753526951235,-0.0730729833318539,1.6609761099930531,2.0,0.0,0.0,5.157998499953554,0.08596664166589257
0.8890000000000007,0.24521290433541143,-0.07324289142860581,1.6611642221334857,0.24089753526951235,-0.0730729833318539,1.6609761099930531,0.24089753526951235,-0.0730729833318539,1.6609761099930531,2.0,0.0,0.0,5.157874235246642,0.08596457058744404
0.8900000000000007,0.24521150800494274,-0.07324202322689306,1.661163266298947,0.24089753526951235,-0.0730729833318539,1.6609761099930531,0.24089753526951235,-0.0730729833318539,1.6609761099930531,2.0,0.0,0.0,5.157750364106821,0.08596250606844702
0.8910000000000007,0.24521009014424322,-0.07324114610228243,1.6611623003376792,0.24089753526951235,-0.0730729833318539,1.6609761099930531,0.24089753526951235,-0.0730729833318539,1.6609761099930531,2.0,0.0,0.0,5.157626893714189,0.08596044822856982
0.8920000000000007,0.24520865117198695,-0.07324026024031029,1.661161324459094,0.24089753526951235,-0.0730729833318539,1.6609761099930531,0.24089753526951235,-0.0730729833318539,1.6609761099930531,2.0,0.0,0.0,5.15750383115773,0.08595839718596217
0.8930000000000007,0.24520719150433956,-0.07323936582568151,1.6611603388716332,0.24089753526951235,-0.0730729833318539,1.6609761099930531,0.24089753526951235,-0.0730729833318539,1.6609761099930531,2.0,0.0,0.0,5.15738118343251,0.0859563530572085
0.8940000000000007,0.24520571155494075,-0.0732384630422532,1.6611593437827576,0.24089753526951235,-0.0730729833318539,1.6609761099930531,0.24089753526951235,-0.0730729833318539,1.6609761099930531,2.0,0.0,0.0,5.15725895744211,0.08595431595736851
0.8950000000000007,0.24520421173489154,-0.07323755207301924,1.6611583393989298,0.24089753526951235,-0.0730729833318539,1.6609761099930531,0.24089753526951235,-0.0730729833318539,1.6609761099930531,2.0,0.0,0.0,5.157137159996774,0.08595228599994623
0.8960000000000007,0.24520269245273676,-0.07323663310009601,1.6611573259255952,0.24089753526951235,-0.0730729833318539,1.6609761099930531,0.24089753526951235,-0.0730729833318539,1.6609761099930531,2.0,0.0,0.0,5.1570157978138855,0.08595026329689809
0.8970000000000007,0.24520115411445212,-0.07323570630470841,1.6611563035671706,0.24089753526951235,-0.0730729833318539,1.6609761099930531,0.24089753526951235,-0.0730729833318539,1.6609761099930531,2.0,0.0,0.0,5.156894877518148,0.0859482479586358
0.8980000000000007,0.24519959712342967,-0.0732347718671741,1.6611552725270262,0.24089753526951235,-0.0730729833318539,1.6609761099930531,0.24089753526951235,-0.0730729833318539,1.6609761099930531,2.0,0.0,0.0,5.15677440564107,0.08594624009401783
0.8990000000000007,0.24519802188046363,-0.07323382996689175,1.661154233007471,0.24089753526951235,-0.0730729833318539,1.6609761099930531,0.24089753526951235,-0.0730729833318539,1.6609761099930531,2.0,0.0,0.0,5.156654388620985,0.08594423981034975
0.9000000000000007,0.24519642878373826,-0.07323288078232602,1.6611531852097383,0.24089753526951235,-0.0730729833318539,1.6609761099930531,0.24089753526951235,-0.0730729833318539,1.6609761099930531,2.0,0.0,0.0,5.156534832803032,0.08594224721338387
0.9010000000000007,0.24519481822881323,-0.07323192449099511,1.661152129333973,0.24089753526951235,-0.0730729833318539,1.6609761099930531,0.24089753526951235,-0.0730729833318539,1.6609761099930531,2.0,0.0,0.0,5.156415744439345,0.08594026240732242
0.9020000000000007,0.24519319060861314,-0.07323096126945706,1.6611510655792143,0.24089753526951235,-0.0730729833318539,1.6609761099930531,0.24089753526951235,-0.0730729833318539,1.6609761099930531,2.0,0.0,0.0,5.1562971296885625,0.08593828549480938
0.9030000000000007,0.24519154631341344,-0.07322999129329845,1.6611499941433856,0.24089753526951235,-0.0730729833318539,1.6609761099930531,0.24089753526951235,-0.0730729833318539,1.6609761099930531,2.0,0.0,0.0,5.156178994616355,0.08593631657693926
0.9040000000000007,0.24518988573083034,-0.07322901473712053,1.6611489152232797,0.24089753526951235,-0.0730729833318539,1.6609761099930531,0.24089753526951235,-0.0730729833318539,1.6609761099930531,2.0,0.0,0.0,5.1560613451948525,0.08593435575324754
0.9050000000000007,0.24518820924580773,-0.07322803177452775,1.6611478290145445,0.24089753526951235,-0.0730729833318539,1.6609761099930531,0.24089753526951235,-0.0730729833318539,1.6609761099930531,2.0,0.0,0.0,5.155944187303021,0.08593240312171702
0.9060000000000007,0.24518651724060841,-0.073227042578117,1.6611467357116723,0.24089753526951235,-0.0730729833318539,1.6609761099930531,0.24089753526951235,-0.0730729833318539,1.6609761099930531,2.0,0.0,0.0,5.155827526726777,0.08593045877877963
0.9070000000000007,0.24518481009480148,-0.07322604731946471,1.6611456355079877,0.24089753526951235,-0.0730729833318539,1.6609761099930531,0.24089753526951235,-0.0730729833318539,1.6609761099930531,2.0,0.0,0.0,5.155711369158944,0.08592852281931572
0.9080000000000007,0.24518308818525258,-0.07322504616911624,1.6611445285956326,0.24089753526951235,-0.0730729833318539,1.6609761099930531,0.24089753526951235,-0.0730729833318539,1.6609761099930531,2.0,0.0,0.0,5.155595720198856,0.08592659533664761
0.9090000000000007,0.24518135188611578,-0.07322403929657582,1.6611434151655586,0.24089753526951235,-0.0730729833318539,1.6609761099930531,0.24089753526951235,-0.0730729833318539,1.6609761099930531,2.0,0.0,0.0,5.155480585353252,0.0859246764225542
0.9100000000000007,0.24517960156882135,-0.07322302687029429,1.6611422954075121,0.24089753526951235,-0.0730729833318539,1.6609761099930531,0.24089753526951235,-0.0730729833318539,1.6609761099930531,2.0,0.0,0.0,5.155365970035689,0.08592276616726148
0.9110000000000007,0.24517783760206857,-0.07322200905765953,1.6611411695100249,0.24089753526951235,-0.0730729833318539,1.6609761099930531,0.24089753526951235,-0.0730729833318539,1.6609761099930531,2.0,0.0,0.0,5.155251879567045,0.08592086465945074
0.9120000000000007,0.24517606035181713,-0.07322098602498746,1.661140037660405,0.24089753526951235,-0.0730729833318539,1.6609761099930531,0.24089753526951235,-0.0730729833318539,1.6609761099930531,2.0,0.0,0.0,5.15513831917539,0.0859189719862565
0.9130000000000007,0.24517427018127713,-0.07321995793751107,1.6611389000447219,0.24089753526951235,-0.0730729833318539,1.6609761099930531,0.24089753526951235,-0.0730729833318539,1.6609761099930531,2.0,0.0,0.0,5.155025293995772,0.08591708823326287
0.9140000000000007,0.24517246745090293,-0.07321892495937025,1.6611377568477992,0.24089753526951235,-0.0730729833318539,1.6609761099930531,0.24089753526951235,-0.0730729833318539,1.6609761099930531,2.0,0.0,0.0,5.154912809071594,0.08591521348452656
0.9150000000000007,0.2451706525183846,-0.07321788725360481,1.6611366082532046,0.24089753526951235,-0.0730729833318539,1.6609761099930531,0.24089753526951235,-0.0730729833318539,1.6609761099930531,2.0,0.0,0.0,5.154800869353265,0.08591334782255441
0.9160000000000007,0.24516882573864066,-0.07321684498214326,1.6611354544432415,0.24089753526951235,-0.0730729833318539,1.6609761099930531,0.24089753526951235,-0.0730729833318539,1.6609761099930531,2.0,0.0,0.0,5.154689479699492,0.08591149132832486
0.9170000000000007,0.24516698746381163,-0.07321579830579575,1.6611342955989357,0.24089753526951235,-0.0730729833318539,1.6609761099930531,0.24089753526951235,-0.0730729833318539,1.6609761099930531,2.0,0.0,0.0,5.154578644876452,0.08590964408127419
0.9180000000000007,0.2451651380432525,-0.0732147473842438,1.6611331319000302,0.24089753526951235,-0.0730729833318539,1.6609761099930531,0.24089753526951235,-0.0730729833318539,1.6609761099930531,2.0,0.0,0.0,5.154468369558952,0.08590780615931587
0.9190000000000007,0.24516327782352804,-0.07321369237603453,1.661131963524976,0.24089753526951235,-0.0730729833318539,1.6609761099930531,0.24089753526951235,-0.0730729833318539,1.6609761099930531,2.0,0.0,0.0,5.154358658329863,0.08590597763883105
0.9200000000000007,0.24516140714840556,-0.07321263343857082,1.6611307906509207,0.24089753526951235,-0.0730729833318539,1.6609761099930531,0.24089753526951235,-0.0730729833318539,1.6609761099930531,2.0,0.0,0.0,5.154249515680808,0.08590415859468013
0.9210000000000007,0.24515952635885044,-0.07321157072810386,1.6611296134537032,0.24089753526951235,-0.0730729833318539,1.6609761099930531,0.24089753526951235,-0.0730729833318539,1.6609761099930531,2.0,0.0,0.0,5.154140946012177,0.08590234910020295
0.9220000000000007,0.24515763579301947,-0.07321050439972668,1.6611284321078448,0.24089753526951235,-0.0730729833318539,1.6609761099930531,0.24089753526951235,-0.0730729833318539,1.6609761099930531,2.0,0.0,0.0,5.154032953633513,0.08590054922722522
0.9230000000000007,0.24515573578625893,-0.07320943460736612,1.6611272467865439,0.24089753526951235,-0.0730729833318539,1.6609761099930531,0.24089753526951235,-0.0730729833318539,1.6609761099930531,2.0,0.0,0.0,5.153925542763541,0.08589875904605901
0.9240000000000007,0.24515382667109692,-0.07320836150377669,1.6611260576616644,0.24089753526951235,-0.0730729833318539,1.6609761099930531,0.24089753526951235,-0.0730729833318539,1.6609761099930531,2.0,0.0,0.0,5.1538187175302035,0.0858969786255034
0.9250000000000007,0.24515190877723986,-0.07320728524053198,1.6611248649037296,0.24089753526951235,-0.0730729833318539,1.6609761099930531,0.24089753526951235,-0.0730729833318539,1.6609761099930531,2.0,0.0,0.0,5.153712481971377,0.08589520803285629
0.9260000000000007,0.2451499824315708,-0.07320620596802137,1.6611236686819197,0.24089753526951235,-0.0730729833318539,1.6609761099930531,0.24089753526951235,-0.0730729833318539,1.6609761099930531,2.0,0.0,0.0,5.153606840035383,0.08589344733392305
0.9270000000000007,0.24514804795814418,-0.07320512383544087,1.6611224691640598,0.24089753526951235,-0.0730729833318539,1.6609761099930531,0.24089753526951235,-0.0730729833318539,1.6609761099930531,2.0,0.0,0.0,5.153501795580278,0.08589169659300463
0.9280000000000007,0.2451461056781824,-0.07320403899078942,1.6611212665166164,0.24089753526951235,-0.0730729833318539,1.6609761099930531,0.24089753526951235,-0.0730729833318539,1.6609761099930531,2.0,0.0,0.0,5.153397352375135,0.08588995587291892
0.9290000000000007,0.2451441559100737,-0.0732029515808606,1.661120060904692,0.24089753526951235,-0.0730729833318539,1.6609761099930531,0.24089753526951235,-0.0730729833318539,1.6609761099930531,2.0,0.0,0.0,5.153293514099739,0.08588822523499566
0.9300000000000007,0.24514219896936934,-0.07320186175123984,1.6611188524920149,0.24089753526951235,-0.0730729833318539,1.6609761099930531,0.24089753526951235,-0.0730729833318539,1.6609761099930531,2.0,0.0,0.0,5.153190284344787,0.08588650473907979
0.9310000000000007,0.2451402351687826,-0.07320076964629775,1.6611176414409414,0.24089753526951235,-0.0730729833318539,1.6609761099930531,0.24089753526951235,-0.0730729833318539,1.6609761099930531,2.0,0.0,0.0,5.15308766661332,0.08588479444355533
0.9320000000000007,0.24513826481818446,-0.07319967540918489,1.6611164279124426,0.24089753526951235,-0.0730729833318539,1.6609761099930531,0.24089753526951235,-0.0730729833318539,1.6609761099930531,2.0,0.0,0.0,5.152985664319189,0.08588309440531981
0.9330000000000007,0.2451362882246044,-0.07319857918182765,1.6611152120661046,0.24089753526951235,-0.0730729833318539,1.6609761099930531,0.24089753526951235,-0.0730729833318539,1.6609761099930531,2.0,0.0,0.0,5.15288428078935,0.0858814046798225
0.9340000000000007,0.24513430569222783,-0.07319748110492331,1.661113994060121,0.24089753526951235,-0.0730729833318539,1.6609761099930531,0.24089753526951235,-0.0730729833318539,1.6609761099930531,2.0,0.0,0.0,5.152783519262741,0.08587972532104568
0.9350000000000007,0.2451323175223956,-0.07319638131793563,1.6611127740512897,0.24089753526951235,-0.0730729833318539,1.6609761099930531,0.24089753526951235,-0.0730729833318539,1.6609761099930531,2.0,0.0,0.0,5.152683382891498,0.08587805638152496
0.9360000000000007,0.24513032401360263,-0.07319527995909078,1.6611115521950086,0.24089753526951235,-0.0730729833318539,1.6609761099930531,0.24089753526951235,-0.0730729833318539,1.6609761099930531,2.0,0.0,0.0,5.152583874740883,0.08587639791234805
0.9370000000000007,0.24512832546149899,-0.07319417716537376,1.6611103286452698,0.24089753526951235,-0.0730729833318539,1.6609761099930531,0.24089753526951235,-0.0730729833318539,1.6609761099930531,2.0,0.0,0.0,5.152484997789544,0.08587474996315907
0.9380000000000007,0.24512632215888888,-0.07319307307252393,1.661109103554659,0.24089753526951235,-0.0730729833318539,1.6609761099930531,0.24089753526951235,-0.0730729833318539,1.6609761099930531,2.0,0.0,0.0,5.152386754930767,0.08587311258217944
0.9390000000000007,0.2451243143957306,-0.07319196781503158,1.6611078770743486,0.24089753526951235,-0.0730729833318539,1.6609761099930531,0.24089753526951235,-0.0730729833318539,1.6609761099930531,2.0,0.0,0.0,5.1522891489715095,0.08587148581619182
0.9400000000000007,0.2451223024591379,-0.07319086152613581,1.661106649354096,0.24089753526951235,-0.0730729833318539,1.6609761099930531,0.24089753526951235,-0.0730729833318539,1.6609761099930531,2.0,0.0,0.0,5.152192182633937,0.08586986971056561
0.9410000000000007,0.24512028663338048,-0.07318975433782023,1.6611054205422406,0.24089753526951235,-0.0730729833318539,1.6609761099930531,0.24089753526951235,-0.0730729833318539,1.6609761099930531,2.0,0.0,0.0,5.152095858555293,0.08586826430925489
0.9420000000000007,0.24511826719988433,-0.07318864638080996,1.6611041907857003,0.24089753526951235,-0.0730729833318539,1.6609761099930531,0.24089753526951235,-0.0730729833318539,1.6609761099930531,2.0,0.0,0.0,5.152000179288439,0.08586666965480733
0.9430000000000007,0.2451162444372353,-0.07318753778457014,1.6611029602299692,0.24089753526951235,-0.0730729833318539,1.6609761099930531,0.24089753526951235,-0.0730729833318539,1.6609761099930531,2.0,0.0,0.0,5.151905147302011,0.08586508578836685
0.9440000000000007,0.2451142186211775,-0.07318642867730199,1.6611017290191143,0.24089753526951235,-0.0730729833318539,1.6609761099930531,0.24089753526951235,-0.0730729833318539,1.6609761099930531,2.0,0.0,0.0,5.1518107649815885,0.08586351274969314
0.9450000000000007,0.24511219002461854,-0.07318531918594155,1.6611004972957735,0.24089753526951235,-0.0730729833318539,1.6609761099930531,0.24089753526951235,-0.0730729833318539,1.6609761099930531,2.0,0.0,0.0,5.151717034629069,0.08586195057715115
0.9460000000000007,0.2451101589176295,-0.07318420943615755,1.6610992652011562,0.24089753526951235,-0.0730729833318539,1.6609761099930531,0.24089753526951235,-0.0730729833318539,1.6609761099930531,2.0,0.0,0.0,5.151623958464336,0.08586039930773894
0.9470000000000007,0.2451081255674486,-0.0731830995523488,1.661098032875036,0.24089753526951235,-0.0730729833318539,1.6609761099930531,0.24089753526951235,-0.0730729833318539,1.6609761099930531,2.0,0.0,0.0,5.151531538624166,0.08585885897706944
0.9480000000000007,0.2451060902384836,-0.07318198965764229,1.6610968004557543,0.24089753526951235,-0.0730729833318539,1.6609761099930531,0.24089753526951235,-0.0730729833318539,1.6609761099930531,2.0,0.0,0.0,5.151439777164349,0.08585732961940581
0.9490000000000007,0.24510405319231518,-0.0731808798738939,1.661095568080217,0.24089753526951235,-0.0730729833318539,1.6609761099930531,0.24089753526951235,-0.0730729833318539,1.6609761099930531,2.0,0.0,0.0,5.151348676059019,0.08585581126765032
0.9500000000000007,0.24510201468769854,-0.07317977032168424,1.6610943358838912,0.24089753526951235,-0.0730729833318539,1.6609761099930531,0.24089753526951235,-0.0730729833318539,1.6609761099930531,2.0,0.0,0.0,5.1512582372011915,0.0858543039533532
0.9510000000000007,0.2450999749805703,-0.0731786611203186,1.6610931040008086,0.24089753526951235,-0.0730729833318539,1.6609761099930531,0.24089753526951235,-0.0730729833318539,1.6609761099930531,2.0,0.0,0.0,5.151168462404061,0.08585280770673435
0.9520000000000007,0.2450979343240488,-0.07317755238782679,1.6610918725635595,0.24089753526951235,-0.0730729833318539,1.6609761099930531,0.24089753526951235,-0.0730729833318539,1.6609761099930531,2.0,0.0,0.0,5.15107935340051,0.08585132255667517
0.9530000000000007,0.2450958929684412,-0.0731764442409612,1.661090641703297,0.24089753526951235,-0.0730729833318539,1.6609761099930531,0.24089753526951235,-0.0730729833318539,1.6609761099930531,2.0,0.0,0.0,5.150990911844118,0.0858498485307353
0.9540000000000007,0.2450938511612445,-0.07317533679519649,1.6610894115497343,0.24089753526951235,-0.0730729833318539,1.6609761099930531,0.24089753526951235,-0.0730729833318539,1.6609761099930531,2.0,0.0,0.0,5.150903139308817,0.08584838565514695
0.9550000000000007,0.24509180914715312,-0.07317423016472925,1.6610881822311439,0.24089753526951235,-0.0730729833318539,1.6609761099930531,0.24089753526951235,-0.0730729833318539,1.6609761099930531,2.0,0.0,0.0,5.150816037292173,0.08584693395486954
0.9560000000000007,0.24508976716806263,-0.07317312446247773,1.661086953874357,0.24089753526951235,-0.0730729833318539,1.6609761099930531,0.24089753526951235,-0.0730729833318539,1.6609761099930531,2.0,0.0,0.0,5.1507296072118445,0.08584549345353074
0.9570000000000007,0.24508772546307467,-0.0731720198000826,1.6610857266047672,0.24089753526951235,-0.0730729833318539,1.6609761099930531,0.24089753526951235,-0.0730729833318539,1.6609761099930531,2.0,0.0,0.0,5.150643850408899,0.08584406417348166
0.9580000000000007,0.2450856842685017,-0.07317091628790479,1.6610845005463277,0.24089753526951235,-0.0730729833318539,1.6609761099930531,0.24089753526951235,-0.0730729833318539,1.6609761099930531,2.0,0.0,0.0,5.150558768147092,0.08584264613578486
0.9590000000000007,0.24508364381787368,-0.07316981403502804,1.6610832758215524,0.24089753526951235,-0.0730729833318539,1.6609761099930531,0.24089753526951235,-0.0730729833318539,1.6609761099930531,2.0,0.0,0.0,5.150474361613873,0.08584123936023122
0.9600000000000007,0.24508160434194365,-0.0731687131492579,1.6610820525515173,0.24089753526951235,-0.0730729833318539,1.6609761099930531,0.24089753526951235,-0.0730729833318539,1.6609761099930531,2.0,0.0,0.0,5.150390631920964,0.0858398438653494
0.9610000000000007,0.24507956606869208,-0.0731676137371233,1.6610808308558598,0.24089753526951235,-0.0730729833318539,1.6609761099930531,0.24089753526951235,-0.0730729833318539,1.6609761099930531,2.0,0.0,0.0,5.150307580104864,0.0858384596684144
0.9620000000000007,0.24507752922333595,-0.073166515903876,1.6610796108527823,0.24089753526951235,-0.0730729833318539,1.6609761099930531,0.24089753526951235,-0.0730729833318539,1.6609761099930531,2.0,0.0,0.0,5.150225207127142,0.08583708678545236
0.9630000000000007,0.24507549402833306,-0.07316541975349294,1.6610783926590516,0.24089753526951235,-0.0730729833318539,1.6609761099930531,0.24089753526951235,-0.0730729833318539,1.6609761099930531,2.0,0.0,0.0,5.150143513874959,0.08583572523124933
0.9640000000000007,0.24507346070338898,-0.073164325388676,1.6610771763899994,0.24089753526951235,-0.0730729833318539,1.6609761099930531,0.24089753526951235,-0.0730729833318539,1.6609761099930531,2.0,0.0,0.0,5.1500625011621235,0.08583437501936872
0.9650000000000007,0.24507142946546462,-0.07316323291085389,1.6610759621595266,0.24089753526951235,-0.0730729833318539,1.6609761099930531,0.24089753526951235,-0.0730729833318539,1.6609761099930531,2.0,0.0,0.0,5.1499821697289265,0.08583303616214878
0.9660000000000007,0.24506940052878295,-0.07316214242018348,1.661074750080102,0.24089753526951235,-0.0730729833318539,1.6609761099930531,0.24089753526951235,-0.0730729833318539,1.6609761099930531,2.0,0.0,0.0,5.14990252024323,0.0858317086707205
0.9670000000000007,0.24506737410483664,-0.07316105401555074,1.661073540262769,0.24089753526951235,-0.0730729833318539,1.6609761099930531,0.24089753526951235,-0.0730729833318539,1.6609761099930531,2.0,0.0,0.0,5.149823553300759,0.08583039255501264
0.9680000000000007,0.24506535040239463,-0.07315996779457314,1.6610723328171393,0.24089753526951235,-0.0730729833318539,1.6609761099930531,0.24089753526951235,-0.0730729833318539,1.6609761099930531,2.0,0.0,0.0,5.149745269425566,0.08582908782375943
0.9690000000000007,0.24506332962751132,-0.07315888385360084,1.6610711278514048,0.24089753526951235,-0.0730729833318539,1.6609761099930531,0.24089753526951235,-0.0730729833318539,1.6609761099930531,2.0,0.0,0.0,5.149667669071327,0.08582779448452212
0.9700000000000008,0.24506131198353315,-0.07315780228771904,1.6610699254723318,0.24089753526951235,-0.0730729833318539,1.6609761099930531,0.24089753526951235,-0.0730729833318539,1.6609761099930531,2.0,0.0,0.0,5.149590752620554,0.0858265125436759
0.9710000000000008,0.24505929767110798,-0.07315672319074952,1.6610687257852703,0.24089753526951235,-0.0730729833318539,1.6609761099930531,0.24089753526951235,-0.0730729833318539,1.6609761099930531,2.0,0.0,0.0,5.1495145203866475,0.08582524200644412
0.9720000000000008,0.2450572868881921,-0.07315564665525327,1.6610675288941508,0.24089753526951235,-0.0730729833318539,1.6609761099930531,0.24089753526951235,-0.0730729833318539,1.6609761099930531,2.0,0.0,0.0,5.149438972613255,0.08582398287688758
0.9730000000000008,0.24505527983006045,-0.0731545727725331,1.6610663349014894,0.24089753526951235,-0.0730729833318539,1.6609761099930531,0.24089753526951235,-0.0730729833318539,1.6609761099930531,2.0,0.0,0.0,5.149364109475698,0.0858227351579283
0.9740000000000008,0.24505327668931332,-0.07315350163263509,1.6610651439083934,0.24089753526951235,-0.0730729833318539,1.6609761099930531,0.24089753526951235,-0.0730729833318539,1.6609761099930531,2.0,0.0,0.0,5.149289931081447,0.08582149885135745
0.9750000000000008,0.24505127765588686,-0.07315243332435221,1.661063956014561,0.24089753526951235,-0.0730729833318539,1.6609761099930531,0.24089753526951235,-0.0730729833318539,1.6609761099930531,2.0,0.0,0.0,5.14921643746978,0.08582027395782968
0.9760000000000008,0.24504928291706213,-0.0731513679352265,1.661062771318285,0.24089753526951235,-0.0730729833318539,1.6609761099930531,0.24089753526951235,-0.0730729833318539,1.6609761099930531,2.0,0.0,0.0,5.149143628613525,0.08581906047689208
0.9770000000000008,0.245047292657473,-0.07315030555155232,1.661061589916457,0.24089753526951235,-0.0730729833318539,1.6609761099930531,0.24089753526951235,-0.0730729833318539,1.6609761099930531,2.0,0.0,0.0,5.149071504419243,0.08581785840698739
0.9780000000000008,0.2450453070591173,-0.07314924625837893,1.6610604119045704,0.24089753526951235,-0.0730729833318539,1.6609761099930531,0.24089753526951235,-0.0730729833318539,1.6609761099930531,2.0,0.0,0.0,5.149000064727885,0.08581666774546476
0.9790000000000008,0.2450433263013653,-0.0731481901395142,1.6610592373767257,0.24089753526951235,-0.0730729833318539,1.6609761099930531,0.24089753526951235,-0.0730729833318539,1.6609761099930531,2.0,0.0,0.0,5.148929309315028,0.0858154884885838
0.9800000000000008,0.24504135056097015,-0.07314713727752695,1.6610580664256318,0.24089753526951235,-0.0730729833318539,1.6609761099930531,0.24089753526951235,-0.0730729833318539,1.6609761099930531,2.0,0.0,0.0,5.148859237891506,0.08581432063152511
0.9810000000000008,0.2450393800120778,-0.07314608775375092,1.6610568991426116,0.24089753526951235,-0.0730729833318539,1.6609761099930531,0.24089753526951235,-0.0730729833318539,1.6609761099930531,2.0,0.0,0.0,5.148789850104687,0.08581316416841145
0.9820000000000008,0.24503741482623712,-0.07314504164828832,1.6610557356176054,0.24089753526951235,-0.0730729833318539,1.6609761099930531,0.24089753526951235,-0.0730729833318539,1.6609761099930531,2.0,0.0,0.0,5.148721145538559,0.08581201909230932
0.9830000000000008,0.24503545517240932,-0.07314399904001317,1.6610545759391733,0.24089753526951235,-0.0730729833318539,1.6609761099930531,0.24089753526951235,-0.0730729833318539,1.6609761099930531,2.0,0.0,0.0,5.148653123714287,0.08581088539523812
0.9840000000000008,0.24503350121698136,-0.07314296000657576,1.6610534201945075,0.24089753526951235,-0.0730729833318539,1.6609761099930531,0.24089753526951235,-0.0730729833318539,1.6609761099930531,2.0,0.0,0.0,5.148585784091274,0.08580976306818791
0.9850000000000008,0.2450315531237724,-0.07314192462440441,1.661052268469423,0.24089753526951235,-0.0730729833318539,1.6609761099930531,0.24089753526951235,-0.0730729833318539,1.6609761099930531,2.0,0.0,0.0,5.148519126066359,0.08580865210110598
0.9860000000000008,0.2450296110540481,-0.0731408929687121,1.6610511208483743,0.24089753526951235,-0.0730729833318539,1.6609761099930531,0.24089753526951235,-0.0730729833318539,1.6609761099930531,2.0,0.0,0.0,5.148453148976962,0.08580755248294937
0.9870000000000008,0.24502767516652946,-0.07313986511349826,1.661049977414455,0.24089753526951235,-0.0730729833318539,1.6609761099930531,0.24089753526951235,-0.0730729833318539,1.6609761099930531,2.0,0.0,0.0,5.148387852099472,0.08580646420165787
0.9880000000000008,0.24502574561740592,-0.07313884113155489,1.6610488382494026,0.24089753526951235,-0.0730729833318539,1.6609761099930531,0.24089753526951235,-0.0730729833318539,1.6609761099930531,2.0,0.0,0.0,5.148323234650358,0.08580538724417264
0.9890000000000008,0.24502382256034416,-0.07313782109446891,1.6610477034336042,0.24089753526951235,-0.0730729833318539,1.6609761099930531,0.24089753526951235,-0.0730729833318539,1.6609761099930531,2.0,0.0,0.0,5.148259295787545,0.08580432159645908
0.9900000000000008,0.24502190614650227,-0.07313680507262799,1.6610465730461017,0.24089753526951235,-0.0730729833318539,1.6609761099930531,0.24089753526951235,-0.0730729833318539,1.6609761099930531,2.0,0.0,0.0,5.1481960346106,0.08580326724351
0.9910000000000008,0.24501999652453907,-0.07313579313522368,1.661045447164596,0.24089753526951235,-0.0730729833318539,1.6609761099930531,0.24089753526951235,-0.0730729833318539,1.6609761099930531,2.0,0.0,0.0,5.148133450160872,0.08580222416934787
0.9920000000000008,0.24501809384062667,-0.07313478535025819,1.6610443258654528,0.24089753526951235,-0.0730729833318539,1.6609761099930531,0.24089753526951235,-0.0730729833318539,1.6609761099930531,2.0,0.0,0.0,5.148071541422883,0.08580119235704806
0.9930000000000008,0.2450161982384631,-0.07313378178454605,1.6610432092237095,0.24089753526951235,-0.0730729833318539,1.6609761099930531,0.24089753526951235,-0.0730729833318539,1.6609761099930531,2.0,0.0,0.0,5.148010307324527,0.08580017178874212
0.9940000000000008,0.2450143098592831,-0.07313278250372125,1.661042097313076,0.24089753526951235,-0.0730729833318539,1.6609761099930531,0.24089753526951235,-0.0730729833318539,1.6609761099930531,2.0,0.0,0.0,5.147949746737574,0.08579916244562623
0.9950000000000008,0.2450124288418704,-0.07313178757224109,1.6610409902059464,0.24089753526951235,-0.0730729833318539,1.6609761099930531,0.24089753526951235,-0.0730729833318539,1.6609761099930531,2.0,0.0,0.0,5.147889858478896,0.08579816430798161
0.9960000000000008,0.24501055532257077,-0.0731307970533912,1.6610398879733994,0.24089753526951235,-0.0730729833318539,1.6609761099930531,0.24089753526951235,-0.0730729833318539,1.6609761099930531,2.0,0.0,0.0,5.147830641309956,0.08579717735516594
0.9970000000000008,0.24500868943530385,-0.073129811009291,1.6610387906852089,0.24089753526951235,-0.0730729833318539,1.6609761099930531,0.24089753526951235,-0.0730729833318539,1.6609761099930531,2.0,0.0,0.0,5.147772093939134,0.08579620156565222
0.9980000000000008,0.24500683131157586,-0.07312882950089802,1.6610376984098438,0.24089753526951235,-0.0730729833318539,1.6609761099930531,0.24089753526951235,-0.0730729833318539,1.6609761099930531,2.0,0.0,0.0,5.147714215020422,0.08579523691700702
0.9990000000000008,0.24500498108049146,-0.07312785258801358,1.6610366112144799,0.24089753526951235,-0.0730729833318539,1.6609761099930531,0.24089753526951235,-0.0730729833318539,1.6609761099930531,2.0,0.0,0.0,5.147657003156053,0.08579428338593421
1.0000000000000007,0.24500313886876815,-0.07312688032928868,1.661035529165002,0.24089753526951235,-0.0730729833318539,1.6609761099930531,0.24089753526951235,-0.0730729833318539,1.6609761099930531,2.0,0.0,0.0,5.147600456895214,0.08579334094825357
1.0010000000000006,0.24500130480074755,-0.07312591278222857,1.6610344523260132,0.24089753526951235,-0.0730729833318539,1.6609761099930531,0.24089753526951235,-0.0730729833318539,1.6609761099930531,0.0,0.0,0.0,5.147544574735873,0.08579240957893122
1.0020000000000004,0.24499800724724902,-0.07312566970617072,1.6610342786685022,0.24089753526951235,-0.0730729833318539,1.6609761099930531,0.24089753526951235,-0.0730729833318539,1.6609761099930531,0.0,0.0,0.0,5.1121895958731685,0.08520315993121948
1.0030000000000003,0.2449933305509424,-0.07312609349510676,1.6610349370364268,0.24089753526951235,-0.0730729833318539,1.6609761099930531,0.24089753526951235,-0.0730729833318539,1.6609761099930531,0.0,0.0,0.0,5.078806190080229,0.08464676983467048
1.0040000000000002,0.2449873542925521,-0.07312713024735812,1.6610363607243834,0.24089753526951235,-0.0730729833318539,1.6609761099930531,0.24089753526951235,-0.0730729833318539,1.6609761099930531,0.0,0.0,0.0,5.047279135237131,0.08412131892061886
1.0050000000000001,0.24498015364802497,-0.07312872944740914,1.66103848725401,0.24089753526951235,-0.0730729833318539,1.6609761099930531,0.24089753526951235,-0.0730729833318539,1.6609761099930531,0.0,0.0,0.0,5.017500701691453,0.08362501169485755
1.006,0.24497179965334548,-0.07313084374343429,1.6610412581096985,0.24089753526951235,-0.0730729833318539,1.6609761099930531,0.24089753526951235,-0.0730729833318539,1.6609761099930531,0.0,0.0,0.0,4.989369913199523,0.08315616521999206
1.007,0.2449623594401777,-0.0731334287490216,1.661044618483817,0.24089753526951235,-0.0730729833318539,1.6609761099930531,0.24089753526951235,-0.0730729833318539,1.6609761099930531,0.0,0.0,0.0,4.962792012443637,0.08271320020739395
1.0079999999999998,0.24495189645298937,-0.07313644285925909,1.6610485170323275,0.24089753526951235,-0.0730729833318539,1.6609761099930531,0.24089753526951235,-0.0730729833318539,1.6609761099930531,0.0,0.0,0.0,4.937678102897733,0.08229463504829555
1.0089999999999997,0.24494047065128616,-0.07313984707905234,1.661052905642084,0.24089753526951235,-0.0730729833318539,1.6609761099930531,0.24089753526951235,-0.0730729833318539,1.6609761099930531,0.0,0.0,0.0,4.913944824274959,0.08189908040458266
1.0099999999999996,0.24492813869884805,-0.07314360486270646,1.661057739210818,0.24089753526951235,-0.0730729833318539,1.6609761099930531,0.24089753526951235,-0.0730729833318539,1.6609761099930531,0.0,0.0,0.0,4.891514033408271,0.08152523389013784
1.0109999999999995,0.2449149541413601,-0.07314768196400605,1.6610629754405666,0.24089753526951235,-0.0730729833318539,1.6609761099930531,0.24089753526951235,-0.0730729833318539,1.6609761099930531,0.0,0.0,0.0,4.870312486612708,0.08117187477687846
1.0119999999999993,0.24490096757359933,-0.07315204629609125,1.661068574644968,0.24089753526951235,-0.0730729833318539,1.6609761099930531,0.24089753526951235,-0.0730729833318539,1.6609761099930531,0.0,0.0,0.0,4.850271525235806,0.0808378587539301
1.0129999999999992,0.24488622679719896,-0.07315666780047451,1.6610744995705955,0.24089753526951235,-0.0730729833318539,1.6609761099930531,0.24089753526951235,-0.0730729833318539,1.6609761099930531,0.0,0.0,0.0,4.831326767313641,0.08052211278856068
1.0139999999999991,0.24487077696988002,-0.07316151832457977,1.6610807152322347,0.24089753526951235,-0.0730729833318539,1.6609761099930531,0.24089753526951235,-0.0730729833318539,1.6609761099930531,0.0,0.0,0.0,4.813417808296452,0.0802236301382742
1.014999999999999,0.24485466074691692,-0.07316657150721684,1.6610871887617775,0.24089753526951235,-0.0730729833318539,1.6609761099930531,0.24089753526951235,-0.0730729833318539,1.6609761099930531,0.0,0.0,0.0,4.796487933513776,0.07994146555856292
1.015999999999999,0.24483791841549546,-0.073171802671445,1.6610938892702043,0.24089753526951235,-0.0730729833318539,1.6609761099930531,0.24089753526951235,-0.0730729833318539,1.6609761099930531,0.0,0.0,0.0,4.780483844630566,0.07967473074384276
1.0169999999999988,0.24482058802252027,-0.07317718872430655,1.6611007877219688,0.24089753526951235,-0.0730729833318539,1.6609761099930531,0.24089753526951235,-0.0730729833318539,1.6609761099930531,0.0,0.0,0.0,4.765355401883775,0.07942259003139625
1.0179999999999987,0.24480270549633548,-0.07318270806294094,1.6611078568209585,0.24089753526951235,-0.0730729833318539,1.6609761099930531,0.24089753526951235,-0.0730729833318539,1.6609761099930531,0.0,0.0,0.0,4.751055383404895,0.07918425639008159
1.0189999999999986,0.2447843047627408,-0.07318834048662712,1.6611150709071234,0.24089753526951235,-0.0730729833318539,1.6609761099930531,0.24089753526951235,-0.0730729833318539,1.6609761099930531,0.0,0.0,0.0,4.737539262467838,0.07895898770779729
1.0199999999999985,0.2447654178556194,-0.07319406711432286,1.661122405862794,0.24089753526951235,-0.0730729833318539,1.6609761099930531,0.24089753526951235,-0.0730729833318539,1.6609761099930531,0.0,0.0,0.0,4.724765003043865,0.07874608338406443
1.0209999999999984,0.24474607502243184,-0.07319987030730415,1.6611298390276963,0.24089753526951235,-0.0730729833318539,1.6609761099930531,0.24089753526951235,-0.0730729833318539,1.6609761099930531,0.0,0.0,0.0,4.712692873640613,0.07854488122734354
1.0219999999999982,0.2447263048247806,-0.0732057335965328,1.661137349121649,0.24089753526951235,-0.0730729833318539,1.6609761099930531,0.24089753526951235,-0.0730729833318539,1.6609761099930531,0.0,0.0,0.0,4.70128527902451,0.07835475465040849
1.0229999999999981,0.24470613423422272,-0.07321164161440591,1.6611449161739869,0.24089753526951235,-0.0730729833318539,1.6609761099930531,0.24089753526951235,-0.0730729833318539,1.6609761099930531,0.0,0.0,0.0,4.690506609118777,0.07817511015197962
1.023999999999998,0.24468558872346535,-0.07321758003057184,1.6611525214587661,0.24089753526951235,-0.0730729833318539,1.6609761099930531,0.24089753526951235,-0.0730729833318539,1.6609761099930531,0.0,0.0,0.0,4.680323104101959,0.07800538506836598
1.024999999999998,0.24466469235307337,-0.0732235354915154,1.6611601474349007,0.24089753526951235,-0.0730729833318539,1.6609761099930531,0.24089753526951235,-0.0730729833318539,1.6609761099930531,0.0,0.0,0.0,4.670702734531816,0.07784504557553026
1.0259999999999978,0.24464346785379784,-0.073229495563645,1.6611677776904372,0.24089753526951235,-0.0730729833318539,1.6609761099930531,0.24089753526951235,-0.0730729833318539,1.6609761099930531,0.0,0.0,0.0,4.661615095173295,0.07769358491955493
1.0269999999999977,0.2446219367046295,-0.07323544867963548,1.6611753968902718,0.24089753526951235,-0.0730729833318539,1.6609761099930531,0.24089753526951235,-0.0730729833318539,1.6609761099930531,0.0,0.0,0.0,4.6530313111152735,0.07755052185192123
1.0279999999999976,0.2446001192066849,-0.07324138408779873,1.6611829907266937,0.24089753526951235,-0.0730729833318539,1.6609761099930531,0.24089753526951235,-0.0730729833318539,1.6609761099930531,0.0,0.0,0.0,4.64492395471839,0.07741539924530651
1.0289999999999975,0.24457803455303068,-0.07324729180427922,1.6611905458722518,0.24089753526951235,-0.0730729833318539,1.6609761099930531,0.24089753526951235,-0.0730729833318539,1.6609761099930531,0.0,0.0,0.0,4.6372669719430775,0.07728778286571795
1.0299999999999974,0.24455570089455655,-0.07325316256789279,1.6611980499344896,0.24089753526951235,-0.0730729833318539,1.6609761099930531,0.24089753526951235,-0.0730729833318539,1.6609761099930531,0.0,0.0,0.0,4.630035616641451,0.07716726027735751
1.0309999999999973,0.24453313540203048,-0.07325898779743462,1.6612054914122591,0.24089753526951235,-0.0730729833318539,1.6609761099930531,0.24089753526951235,-0.0730729833318539,1.6609761099930531,0.0,0.0,0.0,4.623206391482281,0.07705343985803802
1.0319999999999971,0.2445103543244476,-0.07326475955130822,1.661212859653297,0.24089753526951235,-0.0730729833318539,1.6609761099930531,0.24089753526951235,-0.0730729833318539,1.6609761099930531,0.0,0.0,0.0,4.61675699426392,0.07694594990439867
1.032999999999997,0.24448737304383206,-0.07327047048934372,1.6612201448129298,0.24089753526951235,-0.0730729833318539,1.6609761099930531,0.24089753526951235,-0.0730729833318539,1.6609761099930531,0.0,0.0,0.0,4.610666268509973,0.07684443780849955
1.033999999999997,0.24446420612662517,-0.073276113836674,1.661227337813768,0.24089753526951235,-0.0730729833318539,1.6609761099930531,0.24089753526951235,-0.0730729833318539,1.6609761099930531,0.0,0.0,0.0,4.604914157355521,0.07674856928925868
1.0349999999999968,0.24444086737182447,-0.0732816833495664,1.6612344303063247,0.24089753526951235,-0.0730729833318539,1.6609761099930531,0.24089753526951235,-0.0730729833318539,1.6609761099930531,0.0,0.0,0.0,4.599481659889547,0.0766580276648258
1.0359999999999967,0.24441736985602913,-0.07328717328310344,1.6612414146305508,0.24089753526951235,-0.0730729833318539,1.6609761099930531,0.24089753526951235,-0.0730729833318539,1.6609761099930531,0.0,0.0,0.0,4.5943507892519815,0.07657251315419969
1.0369999999999966,0.2443937259755654,-0.07329257836062798,1.6612482837783127,0.24089753526951235,-0.0730729833318539,1.6609761099930531,0.24089753526951235,-0.0730729833318539,1.6609761099930531,0.0,0.0,0.0,4.589504531927558,0.07649174219879264
1.0379999999999965,0.2443699474858535,-0.07329789374486305,1.6612550313568386,0.24089753526951235,-0.0730729833318539,1.6609761099930531,0.24089753526951235,-0.0730729833318539,1.6609761099930531,0.0,0.0,0.0,4.584926807810304,0.0764154467968384
1.0389999999999964,0.24434604553819445,-0.07330311501063848,1.6612616515532304,0.24089753526951235,-0.0730729833318539,1.6609761099930531,0.24089753526951235,-0.0730729833318539,1.6609761099930531,0.0,0.0,0.0,4.580602430741369,0.07634337384568948
1.0399999999999963,0.2443220307141345,-0.0733082381191438,1.6612681391000905,0.24089753526951235,-0.0730729833318539,1.6609761099930531,0.24089753526951235,-0.0730729833318539,1.6609761099930531,0.0,0.0,0.0,4.576517069324413,0.07627528448874021
1.0409999999999962,0.2442979130575917,-0.07331325939365385,1.6612744892423645,0.24089753526951235,-0.0730729833318539,1.6609761099930531,0.24089753526951235,-0.0730729833318539,1.6609761099930531,0.0,0.0,0.0,4.572657207930352,0.07621095346550585
1.041999999999996,0.24427370210487698,-0.07331817549665054,1.6612806977054568,0.24089753526951235,-0.0730729833318539,1.6609761099930531,0.24089753526951235,-0.0730729833318539,1.6609761099930531,0.0,0.0,0.0,4.569010107879815,0.07615016846466358
1.042999999999996,0.24424940691280467,-0.07332298340829553,1.6612867606647228,0.24089753526951235,-0.0730729833318539,1.6609761099930531,0.24089753526951235,-0.0730729833318539,1.6609761099930531,0.0,0.0,0.0,4.565563768858157,0.07609272948096928
1.0439999999999958,0.24422503608499796,-0.07332768040618645,1.6612926747163574,0.24089753526951235,-0.0730729833318539,1.6609761099930531,0.24089753526951235,-0.0730729833318539,1.6609761099930531,0.0,0.0,0.0,4.562306890673186,0.07603844817788644
1.0449999999999957,0.2442005977965667,-0.07333226404634413,1.661298436849752,0.24089753526951235,-0.0730729833318539,1.6609761099930531,0.24089753526951235,-0.0730729833318539,1.6609761099930531,0.0,0.0,0.0,4.55922883550003,0.07598714725833383
1.0459999999999956,0.2441760998172604,-0.0733367321453787,1.6613040444213543,0.24089753526951235,-0.0730729833318539,1.6609761099930531,0.24089753526951235,-0.0730729833318539,1.6609761099930531,0.0,0.0,0.0,4.556319590783281,0.07593865984638802
1.0469999999999955,0.24415154953323387,-0.07334108276377795,1.6613094951300154,0.24089753526951235,-0.0730729833318539,1.6609761099930531,0.24089753526951235,-0.0730729833318539,1.6609761099930531,0.0,0.0,0.0,4.553569732971995,0.07589282888286658
1.0479999999999954,0.24412695396753586,-0.07334531419026452,1.6613147869938543,0.24089753526951235,-0.0730729833318539,1.6609761099930531,0.24089753526951235,-0.0730729833318539,1.6609761099930531,0.0,0.0,0.0,4.550970392274814,0.07584950653791357
1.0489999999999953,0.2441023197994116,-0.07334942492717346,1.6613199183286005,0.24089753526951235,-0.0730729833318539,1.6609761099930531,0.24089753526951235,-0.0730729833318539,1.6609761099930531,0.0,0.0,0.0,4.548513218602193,0.07580855364336989
1.0499999999999952,0.2440776533825248,-0.0733534136767917,1.661324887727384,0.24089753526951235,-0.0730729833318539,1.6609761099930531,0.24089753526951235,-0.0730729833318539,1.6609761099930531,0.0,0.0,0.0,4.546190348852794,0.07576983914754656
1.050999999999995,0.24405296076217164,-0.07335727932861248,1.6613296940419293,0.24089753526951235,-0.0730729833318539,1.6609761099930531,0.24089753526951235,-0.0730729833318539,1.6609761099930531,0.0,0.0,0.0,4.543994375681319,0.07573323959468864
1.051999999999995,0.24402824769156567,-0.07336102094745105,1.6613343363650903,0.24089753526951235,-0.0730729833318539,1.6609761099930531,0.24089753526951235,-0.0730729833318539,1.6609761099930531,0.0,0.0,0.0,4.541918317853161,0.07569863863088601
1.0529999999999948,0.2440035196472597,-0.07336463776237079,1.6613388140146608,0.24089753526951235,-0.0730729833318539,1.6609761099930531,0.24089753526951235,-0.0730729833318539,1.6609761099930531,0.0,0.0,0.0,4.5399555922705375,0.07566592653784229
1.0539999999999947,0.2439787818437562,-0.07336812915637035,1.6613431265183747,0.24089753526951235,-0.0730729833318539,1.6609761099930531,0.24089753526951235,-0.0730729833318539,1.6609761099930531,0.0,0.0,0.0,4.538099987719351,0.07563499979532251
1.0549999999999946,0.2439540392473653,-0.07337149465678115,1.661347273600029,0.24089753526951235,-0.0730729833318539,1.6609761099930531,0.24089753526951235,-0.0730729833318539,1.6609761099930531,0.0,0.0,0.0,4.536345640363316,0.07560576067272193
1.0559999999999945,0.24392929658934936,-0.07337473392632932,1.6613512551666378,0.24089753526951235,-0.0730729833318539,1.6609761099930531,0.24089753526951235,-0.0730729833318539,1.6609761099930531,0.0,0.0,0.0,4.534687010978801,0.07557811684964669
1.0569999999999944,0.24390455837839908,-0.0733778467548135,1.6613550712965262,0.24089753526951235,-0.0730729833318539,1.6609761099930531,0.24089753526951235,-0.0730729833318539,1.6609761099930531,0.0,0.0,0.0,4.533118863901819,0.07555198106503032
1.0579999999999943,0.24387982891246396,-0.07338083305135416,1.6613587222282928,0.24089753526951235,-0.0730729833318539,1.6609761099930531,0.24089753526951235,-0.0730729833318539,1.6609761099930531,0.0,0.0,0.0,4.531636247636062,0.07552727079393436
1.0589999999999942,0.2438551122899913,-0.0733836928371698,1.661362208350546,0.24089753526951235,-0.0730729833318539,1.6609761099930531,0.24089753526951235,-0.0730729833318539,1.6609761099930531,0.0,0.0,0.0,4.530234477047469,0.07550390795079115
1.059999999999994,0.24383041242057135,-0.07338642623884073,1.6613655301923491,0.24089753526951235,-0.0730729833318539,1.6609761099930531,0.24089753526951235,-0.0730729833318539,1.6609761099930531,0.0,0.0,0.0,4.528909117063278,0.0754818186177213
1.060999999999994,0.24380573303504244,-0.07338903348202061,1.6613686884142824,0.24089753526951235,-0.0730729833318539,1.6609761099930531,0.24089753526951235,-0.0730729833318539,1.6609761099930531,0.0,0.0,0.0,4.527655967766786,0.0754609327961131
1.0619999999999938,0.2437810776950595,-0.07339151488555488,1.6613716838000798,0.24089753526951235,-0.0730729833318539,1.6609761099930531,0.24089753526951235,-0.0730729833318539,1.6609761099930531,0.0,0.0,0.0,4.5264710507912165,0.07544118417985361
1.0629999999999937,0.24375644980215816,-0.07339387085597632,1.6613745172487513,0.24089753526951235,-0.0730729833318539,1.6609761099930531,0.24089753526951235,-0.0730729833318539,1.6609761099930531,0.0,0.0,0.0,4.5253505968856835,0.07542250994809473
1.0639999999999936,0.243731852606334,-0.07339610188234522,1.6613771897671636,0.24089753526951235,-0.0730729833318539,1.6609761099930531,0.24089753526951235,-0.0730729833318539,1.6609761099930531,0.0,0.0,0.0,4.524291034549358,0.07540485057582264
1.0649999999999935,0.24370728921414603,-0.07339820853139725,1.6613797024630002,0.24089753526951235,-0.0730729833318539,1.6609761099930531,0.24089753526951235,-0.0730729833318539,1.6609761099930531,0.0,0.0,0.0,4.52328897961026,0.075388149660171
1.0659999999999934,0.24368276259638616,-0.07340019144298089,1.661382056538098,0.24089753526951235,-0.0730729833318539,1.6609761099930531,0.24089753526951235,-0.0730729833318539,1.6609761099930531,0.0,0.0,0.0,4.522341225644523,0.07537235376074204
1.0669999999999933,0.2436582755953073,-0.07340205132575259,1.6613842532820817,0.24089753526951235,-0.0730729833318539,1.6609761099930531,0.24089753526951235,-0.0730729833318539,1.6609761099930531,0.0,0.0,0.0,4.521444735122927,0.07535741225204878
1.0679999999999932,0.24363383093145002,-0.07340378895311038,1.661386294066309,0.24089753526951235,-0.0730729833318539,1.6609761099930531,0.24089753526951235,-0.0730729833318539,1.6609761099930531,0.0,0.0,0.0,4.520596631195295,0.07534327718658826
1.068999999999993,0.2436094312100737,-0.07340540515934364,1.66138818033807,0.24089753526951235,-0.0730729833318539,1.6609761099930531,0.24089753526951235,-0.0730729833318539,1.6609761099930531,0.0,0.0,0.0,4.519794190014522,0.07532990316690871
1.069999999999993,0.24358507892721695,-0.0734069008359818,1.6613899136150405,0.24089753526951235,-0.0730729833318539,1.6609761099930531,0.24089753526951235,-0.0730729833318539,1.6609761099930531,0.0,0.0,0.0,4.519034833527235,0.07531724722545392
1.0709999999999928,0.24356077647540186,-0.0734082769283253,1.6613914954799713,0.24089753526951235,-0.0730729833318539,1.6609761099930531,0.24089753526951235,-0.0730729833318539,1.6609761099930531,0.0,0.0,0.0,4.51831612265656,0.07530526871094266
1.0719999999999927,0.24353652614900603,-0.0734095344321446,1.6613929275755983,0.24089753526951235,-0.0730729833318539,1.6609761099930531,0.24089753526951235,-0.0730729833318539,1.6609761099930531,0.0,0.0,0.0,4.517635750819602,0.07529392918032671
1.0729999999999926,0.24351233014931178,-0.07341067439053459,1.6613942115997677,0.24089753526951235,-0.0730729833318539,1.6609761099930531,0.24089753526951235,-0.0730729833318539,1.6609761099930531,0.0,0.0,0.0,4.51699153772877,0.0752831922954795
1.0739999999999925,0.24348819058925794,-0.07341169789091456,1.661395349300776,0.24089753526951235,-0.0730729833318539,1.6609761099930531,0.24089753526951235,-0.0730729833318539,1.6609761099930531,0.0,0.0,0.0,4.516381423436789,0.07527302372394648
1.0749999999999924,0.24346410949790961,-0.07341260606216132,1.6613963424729083,0.24089753526951235,-0.0730729833318539,1.6609761099930531,0.24089753526951235,-0.0730729833318539,1.6609761099930531,0.0,0.0,0.0,4.51580346259305,0.0752633910432175
1.0759999999999923,0.2434400888246605,-0.07341340007187197,1.6613971929521902,0.24089753526951235,-0.0730729833318539,1.6609761099930531,0.24089753526951235,-0.0730729833318539,1.6609761099930531,0.0,0.0,0.0,4.51525581889418,0.07525426364823633
1.0769999999999922,0.24341613044318752,-0.07341408112374509,1.6613979026123302,0.24089753526951235,-0.0730729833318539,1.6609761099930531,0.24089753526951235,-0.0730729833318539,1.6609761099930531,0.0,0.0,0.0,4.514736759696636,0.0752456126616106
1.077999999999992,0.2433922361551708,-0.07341465045507509,1.6613984733608733,0.24089753526951235,-0.0730729833318539,1.6609761099930531,0.24089753526951235,-0.0730729833318539,1.6609761099930531,0.0,0.0,0.0,4.514244650801938,0.07523741084669897
1.078999999999992,0.2433684076937957,-0.07341510933435776,1.6613989071355433,0.24089753526951235,-0.0730729833318539,1.6609761099930531,0.24089753526951235,-0.0730729833318539,1.6609761099930531,0.0,0.0,0.0,4.5137779513942045,0.07522963252323674
1.0799999999999919,0.24334464672705192,-0.0734154590589976,1.6613992059007863,0.24089753526951235,-0.0730729833318539,1.6609761099930531,0.24089753526951235,-0.0730729833318539,1.6609761099930531,0.0,0.0,0.0,4.513335209134416,0.0752222534855736
1.0809999999999917,0.24332095486084274,-0.07341570095311555,1.6613993716445075,0.24089753526951235,-0.0730729833318539,1.6609761099930531,0.24089753526951235,-0.0730729833318539,1.6609761099930531,0.0,0.0,0.0,4.512915055413346,0.07521525092355577
1.0819999999999916,0.24329733364191572,-0.07341583636545507,1.6613994063749948,0.24089753526951235,-0.0730729833318539,1.6609761099930531,0.24089753526951235,-0.0730729833318539,1.6609761099930531,0.0,0.0,0.0,4.512516200765723,0.07520860334609539
1.0829999999999915,0.2432737845606276,-0.0734158666673798,1.6613993121180322,0.24089753526951235,-0.0730729833318539,1.6609761099930531,0.24089753526951235,-0.0730729833318539,1.6609761099930531,0.0,0.0,0.0,4.512137430451897,0.07520229050753162
1.0839999999999914,0.24325030905355852,-0.07341579325096143,1.6613990909141922,0.24089753526951235,-0.0730729833318539,1.6609761099930531,0.24089753526951235,-0.0730729833318539,1.6609761099930531,0.0,0.0,0.0,4.511777600212655,0.07519629333687758
1.0849999999999913,0.2432269085059794,-0.07341561752715624,1.6613987448163043,0.24089753526951235,-0.0730729833318539,1.6609761099930531,0.24089753526951235,-0.0730729833318539,1.6609761099930531,0.0,0.0,0.0,4.5114356322021205,0.07519059387003534
1.0859999999999912,0.24320358425418515,-0.07341534092406567,1.6613982758870893,0.24089753526951235,-0.0730729833318539,1.6609761099930531,0.24089753526951235,-0.0730729833318539,1.6609761099930531,0.0,0.0,0.0,4.511110511104569,0.07518517518507614
1.086999999999991,0.24318033758770444,-0.07341496488527913,1.6613976861969606,0.24089753526951235,-0.0730729833318539,1.6609761099930531,0.24089753526951235,-0.0730729833318539,1.6609761099930531,0.0,0.0,0.0,4.510801280439317,0.07518002134065528
1.087999999999991,0.2431571697513909,-0.07341449086829699,1.661396977821975,0.24089753526951235,-0.0730729833318539,1.6609761099930531,0.24089753526951235,-0.0730729833318539,1.6609761099930531,0.0,0.0,0.0,4.510507039054082,0.07517511731756804
1.0889999999999909,0.24313408194740127,-0.0734139203430283,1.6613961528419314,0.24089753526951235,-0.0730729833318539,1.6609761099930531,0.24089753526951235,-0.0730729833318539,1.6609761099930531,0.0,0.0,0.0,4.510226937811075,0.07517044896351792
1.0899999999999908,0.24311107533707735,-0.07341325479036541,1.6613952133386083,0.24089753526951235,-0.0730729833318539,1.6609761099930531,0.24089753526951235,-0.0730729833318539,1.6609761099930531,0.0,0.0,0.0,4.5099601764618145,0.07516600294103024
1.0909999999999906,0.2430881510427212,-0.07341249570082731,1.6613941613941245,0.24089753526951235,-0.0730729833318539,1.6609761099930531,0.24089753526951235,-0.0730729833318539,1.6609761099930531,0.0,0.0,0.0,4.509706000712102,0.07516176667853504
1.0919999999999905,0.24306531014928545,-0.07341164457327416,1.6613929990894298,0.24089753526951235,-0.0730729833318539,1.6609761099930531,0.24089753526951235,-0.0730729833318539,1.6609761099930531,0.0,0.0,0.0,4.50946369946943,0.0751577283244905
1.0929999999999904,0.24304255370597333,-0.07341070291368512,1.6613917285028965,0.24089753526951235,-0.0730729833318539,1.6609761099930531,0.24089753526951235,-0.0730729833318539,1.6609761099930531,0.0,0.0,0.0,4.509232602269697,0.07515387670449496
1.0939999999999903,0.2430198827277569,-0.07340967223400038,1.6613903517090234,0.24089753526951235,-0.0730729833318539,1.6609761099930531,0.24089753526951235,-0.0730729833318539,1.6609761099930531,0.0,0.0,0.0,4.509012076876922,0.07515020128128204
1.0949999999999902,0.2429972981968178,-0.07340855405102313,1.6613888707772313,0.24089753526951235,-0.0730729833318539,1.6609761099930531,0.24089753526951235,-0.0730729833318539,1.6609761099930531,0.0,0.0,0.0,4.508801527045674,0.0751466921174279
1.09599999999999,0.2429748010639125,-0.07340734988537817,1.6613872877707454,0.24089753526951235,-0.0730729833318539,1.6609761099930531,0.24089753526951235,-0.0730729833318539,1.6609761099930531,0.0,0.0,0.0,4.508600390440751,0.07514333984067918
1.09699999999999,0.24295239224966736,-0.073406061260525,1.6613856047455615,0.24089753526951235,-0.0730729833318539,1.6609761099930531,0.24089753526951235,-0.0730729833318539,1.6609761099930531,0.0,0.0,0.0,4.508408136701506,0.07514013561169178
1.0979999999999899,0.24293007264580807,-0.07340468970182296,1.6613838237494838,0.24089753526951235,-0.0730729833318539,1.6609761099930531,0.24089753526951235,-0.0730729833318539,1.6609761099930531,0.0,0.0,0.0,4.508224265642771,0.07513707109404619
1.0989999999999898,0.24290784311632113,-0.07340323673564308,1.661381946821231,0.24089753526951235,-0.0730729833318539,1.6609761099930531,0.24089753526951235,-0.0730729833318539,1.6609761099930531,0.0,0.0,0.0,4.5080483055825,0.07513413842637501
1.0999999999999897,0.24288570449855929,-0.07340170388852862,1.6613799759896057,0.24089753526951235,-0.0730729833318539,1.6609761099930531,0.24089753526951235,-0.0730729833318539,1.6609761099930531,0.0,0.0,0.0,4.507879811784494,0.07513133019640823
1.1009999999999895,0.24286365760428386,-0.07340009268639636,1.6613779132727202,0.24089753526951235,-0.0730729833318539,1.6609761099930531,0.24089753526951235,-0.0730729833318539,1.6609761099930531,0.0,0.0,0.0,4.507718365007385,0.07512863941678975
1.1019999999999894,0.2428417032206549,-0.0733984046537799,1.6613757606772732,0.24089753526951235,-0.0730729833318539,1.6609761099930531,0.24089753526951235,-0.0730729833318539,1.6609761099930531,0.0,0.0,0.0,4.507563570150044,0.07512605950250073
1.1029999999999893,0.24281984211116597,-0.07339664131311155,1.661373520197877,0.24089753526951235,-0.0730729833318539,1.6609761099930531,0.24089753526951235,-0.0730729833318539,1.6609761099930531,0.0,0.0,0.0,4.507415054984171,0.07512358424973618
1.1039999999999892,0.24279807501653092,-0.07339480418403857,1.6613711938164306,0.24089753526951235,-0.0730729833318539,1.6609761099930531,0.24089753526951235,-0.0730729833318539,1.6609761099930531,0.0,0.0,0.0,4.507272468965074,0.07512120781608457
1.104999999999989,0.24277640265552097,-0.0733928947827763,1.6613687835015327,0.24089753526951235,-0.0730729833318539,1.6609761099930531,0.24089753526951235,-0.0730729833318539,1.6609761099930531,0.0,0.0,0.0,4.507135482113459,0.075118924701891
1.105999999999989,0.2427548257257559,-0.07339091462148913,1.6613662912079328,0.24089753526951235,-0.0730729833318539,1.6609761099930531,0.24089753526951235,-0.0730729833318539,1.6609761099930531,0.0,0.0,0.0,4.507003783959891,0.07511672973266485
1.1069999999999889,0.24273334490445453,-0.07338886520770554,1.6613637188760213,0.24089753526951235,-0.0730729833318539,1.6609761099930531,0.24089753526951235,-0.0730729833318539,1.6609761099930531,0.0,0.0,0.0,4.506877082547872,0.07511461804246453
1.1079999999999888,0.24271196084914,-0.07338674804375835,1.6613610684313551,0.24089753526951235,-0.0730729833318539,1.6609761099930531,0.24089753526951235,-0.0730729833318539,1.6609761099930531,0.0,0.0,0.0,4.5067551034865785,0.07511258505810964
1.1089999999999887,0.2426906741983095,-0.07338456462625262,1.661358341784213,0.24089753526951235,-0.0730729833318539,1.6609761099930531,0.24089753526951235,-0.0730729833318539,1.6609761099930531,0.0,0.0,0.0,4.506637589050438,0.07511062648417396
1.1099999999999886,0.2426694855720662,-0.07338231644555926,1.6613555408291865,0.24089753526951235,-0.0730729833318539,1.6609761099930531,0.24089753526951235,-0.0730729833318539,1.6609761099930531,0.0,0.0,0.0,4.506524297321712,0.0751087382886952
1.1109999999999884,0.24264839557271486,-0.07338000498533158,1.6613526674447956,0.24089753526951235,-0.0730729833318539,1.6609761099930531,0.24089753526951235,-0.0730729833318539,1.6609761099930531,0.0,0.0,0.0,4.506415001369939,0.075106916689499
1.1119999999999883,0.24262740478532674,-0.07337763172204506,1.6613497234931398,0.24089753526951235,-0.0730729833318539,1.6609761099930531,0.24089753526951235,-0.0730729833318539,1.6609761099930531,0.0,0.0,0.0,4.506309488469219,0.07510515814115365
1.1129999999999882,0.24260651377827105,-0.0733751981245577,1.6613467108195732,0.24089753526951235,-0.0730729833318539,1.6609761099930531,0.24089753526951235,-0.0730729833318539,1.6609761099930531,0.0,0.0,0.0,4.506207559346962,0.07510345932244937
1.113999999999988,0.24258572310371898,-0.07337270565369292,1.6613436312524026,0.24089753526951235,-0.0730729833318539,1.6609761099930531,0.24089753526951235,-0.0730729833318539,1.6609761099930531,0.0,0.0,0.0,4.506109027464628,0.07510181712441047
1.114999999999988,0.24256503329811943,-0.07337015576183893,1.6613404866026236,0.24089753526951235,-0.0730729833318539,1.6609761099930531,0.24089753526951235,-0.0730729833318539,1.6609761099930531,0.0,0.0,0.0,4.506013718329949,0.07510022863883248
1.115999999999988,0.2425444448826475,-0.07336754989256973,1.661337278663665,0.24089753526951235,-0.0730729833318539,1.6609761099930531,0.24089753526951235,-0.0730729833318539,1.6609761099930531,0.0,0.0,0.0,4.505921468834609,0.07509869114724349
1.1169999999999878,0.24252395836363028,-0.07336488948028341,1.6613340092111735,0.24089753526951235,-0.0730729833318539,1.6609761099930531,0.24089753526951235,-0.0730729833318539,1.6609761099930531,0.0,0.0,0.0,4.505832126623438,0.07509720211039063
1.1179999999999877,0.24250357423294835,-0.07336217594985726,1.6613306800028065,0.24089753526951235,-0.0730729833318539,1.6609761099930531,0.24089753526951235,-0.0730729833318539,1.6609761099930531,0.0,0.0,0.0,4.505745549488085,0.07509575915813475
1.1189999999999876,0.24248329296841498,-0.07335941071632023,1.6613272927780602,0.24089753526951235,-0.0730729833318539,1.6609761099930531,0.24089753526951235,-0.0730729833318539,1.6609761099930531,0.0,0.0,0.0,4.505661604789043,0.07509436007981737
1.1199999999999875,0.2424631150341377,-0.07335659518454252,1.6613238492581086,0.24089753526951235,-0.0730729833318539,1.6609761099930531,0.24089753526951235,-0.0730729833318539,1.6609761099930531,0.0,0.0,0.0,4.505580168902754,0.0750930028150459
1.1209999999999873,0.2424430408808551,-0.07335373074893929,1.6613203511456685,0.24089753526951235,-0.0730729833318539,1.6609761099930531,0.24089753526951235,-0.0730729833318539,1.6609761099930531,0.0,0.0,0.0,4.505501126696142,0.0750916854449357
1.1219999999999872,0.24242307094626198,-0.07335081879319148,1.661316800124879,0.24089753526951235,-0.0730729833318539,1.6609761099930531,0.24089753526951235,-0.0730729833318539,1.6609761099930531,0.0,0.0,0.0,4.505424371024352,0.0750904061837392
1.1229999999999871,0.24240320565531204,-0.07334786068998163,1.6613131978612055,0.24089753526951235,-0.0730729833318539,1.6609761099930531,0.24089753526951235,-0.0730729833318539,1.6609761099930531,0.0,0.0,0.0,4.50534980225607,0.0750891633709345
1.123999999999987,0.2423834454205077,-0.0733448578007423,1.6613095460013534,0.24089753526951235,-0.0730729833318539,1.6609761099930531,0.24089753526951235,-0.0730729833318539,1.6609761099930531,0.0,0.0,0.0,4.505277327821112,0.0750879554636852
1.124999999999987,0.24236379064217103,-0.07334181147542138,1.6613058461732024,0.24089753526951235,-0.0730729833318539,1.6609761099930531,0.24089753526951235,-0.0730729833318539,1.6609761099930531,0.0,0.0,0.0,4.505206861783633,0.07508678102972723
1.1259999999999868,0.24234424170870605,-0.07333872305225907,1.6613020999857564,0.24089753526951235,-0.0730729833318539,1.6609761099930531,0.24089753526951235,-0.0730729833318539,1.6609761099930531,0.0,0.0,0.0,4.505138324437876,0.07508563874063127
1.1269999999999867,0.24232479899684056,-0.07333559385758058,1.6612983090291011,0.24089753526951235,-0.0730729833318539,1.6609761099930531,0.24089753526951235,-0.0730729833318539,1.6609761099930531,0.0,0.0,0.0,4.505071641927312,0.0750845273654552
1.1279999999999866,0.2423054628718595,-0.07333242520559934,1.6612944748743865,0.24089753526951235,-0.0730729833318539,1.6609761099930531,0.24089753526951235,-0.0730729833318539,1.6609761099930531,0.0,0.0,0.0,4.505006745885457,0.07508344576475762
1.1289999999999865,0.24228623368782543,-0.07332921839823575,1.6612905990738063,0.24089753526951235,-0.0730729833318539,1.6609761099930531,0.24089753526951235,-0.0730729833318539,1.6609761099930531,0.0,0.0,0.0,4.504943573097208,0.07508239288495347
1.1299999999999863,0.2422671117877861,-0.07332597472494592,1.6612866831606032,0.24089753526951235,-0.0730729833318539,1.6609761099930531,0.24089753526951235,-0.0730729833318539,1.6609761099930531,0.0,0.0,0.0,4.504882065182055,0.07508136775303424
1.1309999999999862,0.24224809750397164,-0.07332269546256419,1.6612827286490737,0.24089753526951235,-0.0730729833318539,1.6609761099930531,0.24089753526951235,-0.0730729833318539,1.6609761099930531,0.0,0.0,0.0,4.504822168294743,0.07508036947157906
1.1319999999999861,0.2422291911579823,-0.07331938187515746,1.66127873703459,0.24089753526951235,-0.0730729833318539,1.6609761099930531,0.24089753526951235,-0.0730729833318539,1.6609761099930531,0.0,0.0,0.0,4.504763832845582,0.07507939721409304
1.132999999999986,0.24221039306096454,-0.07331603521388871,1.6612747097936233,0.24089753526951235,-0.0730729833318539,1.6609761099930531,0.24089753526951235,-0.0730729833318539,1.6609761099930531,0.0,0.0,0.0,4.504707013237287,0.07507845022062144
1.133999999999986,0.24219170351378022,-0.07331265671689517,1.6612706483837854,0.24089753526951235,-0.0730729833318539,1.6609761099930531,0.24089753526951235,-0.0730729833318539,1.6609761099930531,0.0,0.0,0.0,4.504651667618759,0.07507752779364599
1.1349999999999858,0.2421731228071635,-0.07330924760917301,1.6612665542438647,0.24089753526951235,-0.0730729833318539,1.6609761099930531,0.24089753526951235,-0.0730729833318539,1.6609761099930531,0.0,0.0,0.0,4.504597757653061,0.07507662929421768
1.1359999999999857,0.24215465122187296,-0.0733058091024759,1.6612624287938809,0.24089753526951235,-0.0730729833318539,1.6609761099930531,0.24089753526951235,-0.0730729833318539,1.6609761099930531,0.0,0.0,0.0,4.50454524830118,0.075075754138353
1.1369999999999856,0.24213628902883372,-0.07330234239522203,1.66125827343514,0.24089753526951235,-0.0730729833318539,1.6609761099930531,0.24089753526951235,-0.0730729833318539,1.6609761099930531,0.0,0.0,0.0,4.504494107617322,0.07507490179362204
1.1379999999999855,0.24211803648927194,-0.07329884867240925,1.6612540895502934,0.24089753526951235,-0.0730729833318539,1.6609761099930531,0.24089753526951235,-0.0730729833318539,1.6609761099930531,0.0,0.0,0.0,4.504444306557612,0.07507407177596019
1.1389999999999854,0.2420998938548434,-0.07329532910554325,1.6612498785034098,0.24089753526951235,-0.0730729833318539,1.6609761099930531,0.24089753526951235,-0.0730729833318539,1.6609761099930531,0.0,0.0,0.0,4.5043958188002176,0.07507326364667029
1.1399999999999852,0.24208186136775472,-0.0732917848525701,1.6612456416400432,0.24089753526951235,-0.0730729833318539,1.6609761099930531,0.24089753526951235,-0.0730729833318539,1.6609761099930531,0.0,0.0,0.0,4.50434862057456,0.075072477009576
1.1409999999999851,0.24206393926087807,-0.07328821705782047,1.6612413802873098,0.24089753526951235,-0.0730729833318539,1.6609761099930531,0.24089753526951235,-0.0730729833318539,1.6609761099930531,0.0,0.0,0.0,4.504302690502408,0.07507171150837347
1.141999999999985,0.24204612775786022,-0.07328462685196145,1.6612370957539697,0.24089753526951235,-0.0730729833318539,1.6609761099930531,0.24089753526951235,-0.0730729833318539,1.6609761099930531,0.0,0.0,0.0,4.504258009446463,0.07507096682410772
1.142999999999985,0.24202842707322578,-0.07328101535195451,1.6612327893305114,0.24089753526951235,-0.0730729833318539,1.6609761099930531,0.24089753526951235,-0.0730729833318539,1.6609761099930531,0.0,0.0,0.0,4.504214560367463,0.07507024267279104
1.1439999999999848,0.24201083741247545,-0.07327738366102357,1.6612284622892377,0.24089753526951235,-0.0730729833318539,1.6609761099930531,0.24089753526951235,-0.0730729833318539,1.6609761099930531,0.0,0.0,0.0,4.504172328189317,0.07506953880315528
1.1449999999999847,0.24199335897217883,-0.07327373286862794,1.66122411588436,0.24089753526951235,-0.0730729833318539,1.6609761099930531,0.24089753526951235,-0.0730729833318539,1.6609761099930531,0.0,0.0,0.0,4.504131299671248,0.0750688549945208
1.1459999999999846,0.24197599194006358,-0.07327006405044333,1.6612197513520894,0.24089753526951235,-0.0730729833318539,1.6609761099930531,0.24089753526951235,-0.0730729833318539,1.6609761099930531,0.0,0.0,0.0,4.504091463286461,0.07506819105477434
1.1469999999999845,0.2419587364950994,-0.07326637826835,1.6612153699107366,0.24089753526951235,-0.0730729833318539,1.6609761099930531,0.24089753526951235,-0.0730729833318539,1.6609761099930531,0.0,0.0,0.0,4.504052809107328,0.07506754681845547
1.1479999999999844,0.24194159280757715,-0.07326267657042482,1.6612109727608098,0.24089753526951235,-0.0730729833318539,1.6609761099930531,0.24089753526951235,-0.0730729833318539,1.6609761099930531,0.0,0.0,0.0,4.504015328695606,0.07506692214492676
1.1489999999999843,0.24192456103918608,-0.0732589599909415,1.6612065610851199,0.24089753526951235,-0.0730729833318539,1.6609761099930531,0.24089753526951235,-0.0730729833318539,1.6609761099930531,0.0,0.0,0.0,4.503979014999411,0.07506631691665684
1.1499999999999841,0.24190764134308718,-0.07325522955037674,1.6612021360488816,0.24089753526951235,-0.0730729833318539,1.6609761099930531,0.24089753526951235,-0.0730729833318539,1.6609761099930531,0.0,0.0,0.0,4.50394386225353,0.07506573103755884
1.150999999999984,0.2418908338639811,-0.07325148625541904,1.6611976987998245,0.24089753526951235,-0.0730729833318539,1.6609761099930531,0.24089753526951235,-0.0730729833318539,1.6609761099930531,0.0,0.0,0.0,4.50390986588733,0.0750651644314555
1.151999999999984,0.2418741387381762,-0.07324773109898636,1.6611932504682996,0.24089753526951235,-0.0730729833318539,1.6609761099930531,0.24089753526951235,-0.0730729833318539,1.6609761099930531,0.0,0.0,0.0,4.503877022434122,0.0750646170405687
1.1529999999999838,0.2418575560936514,-0.07324396506024557,1.6611887921673927,0.24089753526951235,-0.0730729833318539,1.6609761099930531,0.24089753526951235,-0.0730729833318539,1.6609761099930531,0.0,0.0,0.0,4.503845329447608,0.0750640888241268
1.1539999999999837,0.24184108605011637,-0.07324018910463831,1.6611843249930331,0.24089753526951235,-0.0730729833318539,1.6609761099930531,0.24089753526951235,-0.0730729833318539,1.6609761099930531,0.0,0.0,0.0,4.503814785420941,0.07506357975701568
1.1549999999999836,0.24182472871907434,-0.07323640418391203,1.6611798500241175,0.24089753526951235,-0.0730729833318539,1.6609761099930531,0.24089753526951235,-0.0730729833318539,1.6609761099930531,0.0,0.0,0.0,4.503785389711411,0.07506308982852353
1.1559999999999835,0.2418084842038714,-0.07323261123615188,1.661175368322615,0.24089753526951235,-0.0730729833318539,1.6609761099930531,0.24089753526951235,-0.0730729833318539,1.6609761099930531,0.0,0.0,0.0,4.503757142466876,0.0750626190411146
1.1569999999999834,0.24179235259975645,-0.07322881118582097,1.6611708809336918,0.24089753526951235,-0.0730729833318539,1.6609761099930531,0.24089753526951235,-0.0730729833318539,1.6609761099930531,0.0,0.0,0.0,4.503730044558828,0.07506216740931379
1.1579999999999833,0.2417763339939334,-0.07322500494380241,1.6611663888858308,0.24089753526951235,-0.0730729833318539,1.6609761099930531,0.24089753526951235,-0.0730729833318539,1.6609761099930531,0.0,0.0,0.0,4.503704097516837,0.07506173495861396
1.1589999999999832,0.24176042846560958,-0.07322119340744283,1.6611618931909489,0.24089753526951235,-0.0730729833318539,1.6609761099930531,0.24089753526951235,-0.0730729833318539,1.6609761099930531,0.0,0.0,0.0,4.503679303467319,0.07506132172445532
1.159999999999983,0.2417446360860464,-0.0732173774606049,1.661157394844521,0.24089753526951235,-0.0730729833318539,1.6609761099930531,0.24089753526951235,-0.0730729833318539,1.6609761099930531,0.0,0.0,0.0,4.503655665076166,0.07506092775126944
1.160999999999983,0.24172895691860685,-0.073213557973718,1.6611528948257006,0.24089753526951235,-0.0730729833318539,1.6609761099930531,0.24089753526951235,-0.0730729833318539,1.6609761099930531,0.0,0.0,0.0,4.503633185493785,0.07506055309156309
1.1619999999999828,0.24171339101880274,-0.07320973580383361,1.6611483940974463,0.24089753526951235,-0.0730729833318539,1.6609761099930531,0.24089753526951235,-0.0730729833318539,1.6609761099930531,0.0,0.0,0.0,4.503611868304496,0.07506019780507493
1.1629999999999827,0.2416979384343392,-0.07320591179468552,1.6611438936066427,0.24089753526951235,-0.0730729833318539,1.6609761099930531,0.24089753526951235,-0.0730729833318539,1.6609761099930531,0.0,0.0,0.0,4.5035917174771996,0.07505986195795332
1.1639999999999826,0.24168259920515936,-0.07320208677675,1.6611393942842276,0.24089753526951235,-0.0730729833318539,1.6609761099930531,0.24089753526951235,-0.0730729833318539,1.6609761099930531,0.0,0.0,0.0,4.503572737321165,0.07505954562201941
1.1649999999999825,0.24166737336348793,-0.07319826156731145,1.66113489704532,0.24089753526951235,-0.0730729833318539,1.6609761099930531,0.24089753526951235,-0.0730729833318539,1.6609761099930531,0.0,0.0,0.0,4.5035549324424675,0.07505924887404113
1.1659999999999824,0.2416522609338732,-0.07319443697052824,1.6611304027893403,0.24089753526951235,-0.0730729833318539,1.6609761099930531,0.24089753526951235,-0.0730729833318539,1.6609761099930531,0.0,0.0,0.0,4.503538307704005,0.07505897179506675
1.1669999999999823,0.2416372619332293,-0.07319061377750181,1.6611259124001438,0.24089753526951235,-0.0730729833318539,1.6609761099930531,0.24089753526951235,-0.0730729833318539,1.6609761099930531,0.0,0.0,0.0,4.5035228681889885,0.07505871446981648
1.1679999999999822,0.24162237637087805,-0.07318679276634937,1.6611214267461438,0.24089753526951235,-0.0730729833318539,1.6609761099930531,0.24089753526951235,-0.0730729833318539,1.6609761099930531,0.0,0.0,0.0,4.50350861916474,0.075058476986079
1.168999999999982,0.24160760424858752,-0.07318297470227692,1.6611169466804405,0.24089753526951235,-0.0730729833318539,1.6609761099930531,0.24089753526951235,-0.0730729833318539,1.6609761099930531,0.0,0.0,0.0,4.503495566050624,0.07505825943417707
1.169999999999982,0.24159294556061411,-0.0731791603376547,1.6611124730409497,0.24089753526951235,-0.0730729833318539,1.6609761099930531,0.24089753526951235,-0.0730729833318539,1.6609761099930531,0.0,0.0,0.0,4.503483714386582,0.07505806190644303
1.1709999999999818,0.24157840029374159,-0.0731753504120961,1.661108006650527,0.24089753526951235,-0.0730729833318539,1.6609761099930531,0.24089753526951235,-0.0730729833318539,1.6609761099930531,0.0,0.0,0.0,4.503473069805138,0.0750578844967523
1.1719999999999817,0.24156396842731973,-0.07317154565253571,1.6611035483171033,0.24089753526951235,-0.0730729833318539,1.6609761099930531,0.24089753526951235,-0.0730729833318539,1.6609761099930531,0.0,0.0,0.0,4.503463638004395,0.07505772730007325
1.1729999999999816,0.24154964993330477,-0.07316774677331175,1.6610990988338048,0.24089753526951235,-0.0730729833318539,1.6609761099930531,0.24089753526951235,-0.0730729833318539,1.6609761099930531,0.0,0.0,0.0,4.503455424722302,0.07505759041203837
1.1739999999999815,0.2415354447762969,-0.07316395447624877,1.6610946589790867,0.24089753526951235,-0.0730729833318539,1.6609761099930531,0.24089753526951235,-0.0730729833318539,1.6609761099930531,0.0,0.0,0.0,4.503448435714543,0.07505747392857572
1.1749999999999814,0.2415213529135803,-0.07316016945074211,1.661090229516859,0.24089753526951235,-0.0730729833318539,1.6609761099930531,0.24089753526951235,-0.0730729833318539,1.6609761099930531,0.0,0.0,0.0,4.503442676731437,0.07505737794552395
1.1759999999999813,0.2415073742951607,-0.07315639237384283,1.6610858111966174,0.24089753526951235,-0.0730729833318539,1.6609761099930531,0.24089753526951235,-0.0730729833318539,1.6609761099930531,0.0,0.0,0.0,4.50343815349849,0.07505730255830817
1.1769999999999812,0.24149350886380397,-0.07315262391034642,1.6610814047535674,0.24089753526951235,-0.0730729833318539,1.6609761099930531,0.24089753526951235,-0.0730729833318539,1.6609761099930531,0.0,0.0,0.0,4.50343487169668,0.07505724786161133
1.177999999999981,0.24147975655507598,-0.07314886471288004,1.6610770109087558,0.24089753526951235,-0.0730729833318539,1.6609761099930531,0.24089753526951235,-0.0730729833318539,1.6609761099930531,0.0,0.0,0.0,4.503432836945203,0.07505721394908672
1.178999999999981,0.24146611729738005,-0.07314511542199245,1.6610726303691972,0.24089753526951235,-0.0730729833318539,1.6609761099930531,0.24089753526951235,-0.0730729833318539,1.6609761099930531,0.0,0.0,0.0,4.503432054784705,0.07505720091307841
1.1799999999999808,0.24145259101199543,-0.07314137666624504,1.661068263828001,0.24089753526951235,-0.0730729833318539,1.6609761099930531,0.24089753526951235,-0.0730729833318539,1.6609761099930531,0.0,0.0,0.0,4.503432530662025,0.07505720884436708
1.1809999999999807,0.24143917761311806,-0.07313764906230266,1.6610639119645008,0.24089753526951235,-0.0730729833318539,1.6609761099930531,0.24089753526951235,-0.0730729833318539,1.6609761099930531,0.0,0.0,0.0,4.503434269915431,0.07505723783192385
1.1819999999999806,0.2414258770078973,-0.0731339332150271,1.6610595754443793,0.24089753526951235,-0.0730729833318539,1.6609761099930531,0.24089753526951235,-0.0730729833318539,1.6609761099930531,0.0,0.0,0.0,4.503437277761962,0.07505728796269936
1.1829999999999805,0.2414126890964772,-0.07313022971756913,1.6610552549197992,0.24089753526951235,-0.0730729833318539,1.6609761099930531,0.24089753526951235,-0.0730729833318539,1.6609761099930531,0.0,0.0,0.0,4.503441559284061,0.07505735932140102
1.1839999999999804,0.24139961377203464,-0.07312653915146432,1.661050951029524,0.24089753526951235,-0.0730729833318539,1.6609761099930531,0.24089753526951235,-0.0730729833318539,1.6609761099930531,0.0,0.0,0.0,4.503447119418356,0.07505745199030593
1.1849999999999803,0.24138665092081985,-0.07312286208672668,1.6610466643990494,0.24089753526951235,-0.0730729833318539,1.6609761099930531,0.24089753526951235,-0.0730729833318539,1.6609761099930531,0.0,0.0,0.0,4.503453962945539,0.07505756604909232
1.1859999999999802,0.24137380042219658,-0.07311919908194403,1.6610423956407279,0.24089753526951235,-0.0730729833318539,1.6609761099930531,0.24089753526951235,-0.0730729833318539,1.6609761099930531,0.0,0.0,0.0,4.503462094479364,0.07505770157465606
1.18699999999998,0.24136106214868272,-0.07311555068437556,1.661038145353896,0.24089753526951235,-0.0730729833318539,1.6609761099930531,0.24089753526951235,-0.0730729833318539,1.6609761099930531,0.0,0.0,0.0,4.503471518457887,0.07505785864096477
1.18799999999998,0.2413484359659901,-0.07311191743004597,1.6610339141249952,0.24089753526951235,-0.0730729833318539,1.6609761099930531,0.24089753526951235,-0.0730729833318539,1.6609761099930531,0.0,0.0,0.0,4.503482239134601,0.07505803731891002
1.1889999999999799,0.24133592173306692,-0.07310829984384451,1.6610297025277043,0.24089753526951235,-0.0730729833318539,1.6609761099930531,0.24089753526951235,-0.0730729833318539,1.6609761099930531,0.0,0.0,0.0,4.503494260571389,0.07505823767618983
1.1899999999999797,0.2413235193021387,-0.0731046984396214,1.6610255111230565,0.24089753526951235,-0.0730729833318539,1.6609761099930531,0.24089753526951235,-0.0730729833318539,1.6609761099930531,0.0,0.0,0.0,4.503507586629813,0.07505845977716355
1.1909999999999796,0.24131122851875123,-0.07310111372028616,1.6610213404595713,0.24089753526951235,-0.0730729833318539,1.6609761099930531,0.24089753526951235,-0.0730729833318539,1.6609761099930531,0.0,0.0,0.0,4.5035222209657775,0.07505870368276296
1.1919999999999795,0.241299049221811,-0.07309754617790433,1.661017191073372,0.24089753526951235,-0.0730729833318539,1.6609761099930531,0.24089753526951235,-0.0730729833318539,1.6609761099930531,0.0,0.0,0.0,4.503538167022696,0.07505896945037827
1.1929999999999794,0.24128698124363004,-0.0730939962937976,1.6610130634883145,0.24089753526951235,-0.0730729833318539,1.6609761099930531,0.24089753526951235,-0.0730729833318539,1.6609761099930531,0.0,0.0,0.0,4.503555428026347,0.07505925713377246
1.1939999999999793,0.24127502440996917,-0.07309046453864078,1.6610089582161083,0.24089753526951235,-0.0730729833318539,1.6609761099930531,0.24089753526951235,-0.0730729833318539,1.6609761099930531,0.0,0.0,0.0,4.503574006979164,0.07505956678298607
1.1949999999999792,0.24126317854008056,-0.07308695137256065,1.6610048757564382,0.24089753526951235,-0.0730729833318539,1.6609761099930531,0.24089753526951235,-0.0730729833318539,1.6609761099930531,0.0,0.0,0.0,4.503593906656287,0.07505989844427145
1.195999999999979,0.2412514434467529,-0.0730834572452358,1.6610008165970902,0.24089753526951235,-0.0730729833318539,1.6609761099930531,0.24089753526951235,-0.0730729833318539,1.6609761099930531,0.0,0.0,0.0,4.503615129601238,0.07506025216002063
1.196999999999979,0.24123981893635657,-0.07307998259599355,1.6609967812140707,0.24089753526951235,-0.0730729833318539,1.6609761099930531,0.24089753526951235,-0.0730729833318539,1.6609761099930531,0.0,0.0,0.0,4.503637678122324,0.0750606279687054
1.1979999999999789,0.24122830480888802,-0.0730765278539109,1.660992770071728,0.24089753526951235,-0.0730729833318539,1.6609761099930531,0.24089753526951235,-0.0730729833318539,1.6609761099930531,0.0,0.0,0.0,4.503661554289296,0.07506102590482161
1.1989999999999787,0.24121690085801575,-0.07307309343791155,1.6609887836228747,0.24089753526951235,-0.0730729833318539,1.6609761099930531,0.24089753526951235,-0.0730729833318539,1.6609761099930531,0.0,0.0,0.0,4.503686759930892,0.07506144599884819
1.1999999999999786,0.24120560687112752,-0.07306967975686571,1.66098482230891,0.24089753526951235,-0.0730729833318539,1.6609761099930531,0.24089753526951235,-0.0730729833318539,1.6609761099930531,0.0,0.0,0.0,4.503713296632036,0.07506188827720059
1.2009999999999785,0.24119442262937588,-0.0730662872096882,1.6609808865599354,0.24089753526951235,-0.0730729833318539,1.6609761099930531,0.24089753526951235,-0.0730729833318539,1.6609761099930531,0.0,0.0,0.0,4.503741165731323,0.07506235276218871
1.2019999999999784,0.24118334790772616,-0.07306291618543835,1.6609769767948783,0.24089753526951235,-0.0730729833318539,1.6609761099930531,0.24089753526951235,-0.0730729833318539,1.6609761099930531,0.0,0.0,0.0,4.50377036832068,0.07506283947201134
1.2029999999999783,0.24117238247500394,-0.07305956706341649,1.6609730934216087,0.24089753526951235,-0.0730729833318539,1.6609761099930531,0.24089753526951235,-0.0730729833318539,1.6609761099930531,0.0,0.0,0.0,4.503800905242513,0.07506334842070855
1.2039999999999782,0.24116152609394353,-0.07305624021326498,1.660969236837061,0.24089753526951235,-0.0730729833318539,1.6609761099930531,0.24089753526951235,-0.0730729833318539,1.6609761099930531,0.0,0.0,0.0,4.503832777089584,0.07506387961815973
1.204999999999978,0.2411507785212368,-0.07305293599506393,1.6609654074273488,0.24089753526951235,-0.0730729833318539,1.6609761099930531,0.24089753526951235,-0.0730729833318539,1.6609761099930531,0.0,0.0,0.0,4.503865984203328,0.07506443307005546
1.205999999999978,0.24114013950758245,-0.07304965475943075,1.6609616055678846,0.24089753526951235,-0.0730729833318539,1.6609761099930531,0.24089753526951235,-0.0730729833318539,1.6609761099930531,0.0,0.0,0.0,4.5039005266743075,0.07506500877790513
1.2069999999999779,0.24112960879773504,-0.07304639684761764,1.6609578316234959,0.24089753526951235,-0.0730729833318539,1.6609761099930531,0.24089753526951235,-0.0730729833318539,1.6609761099930531,0.0,0.0,0.0,4.5039364043412515,0.07506560673902087
1.2079999999999778,0.24111918613055675,-0.07304316259160858,1.6609540859485432,0.24089753526951235,-0.0730729833318539,1.6609761099930531,0.24089753526951235,-0.0730729833318539,1.6609761099930531,0.0,0.0,0.0,4.5039736167913675,0.07506622694652279
1.2089999999999776,0.2411088712390664,-0.07303995231421787,1.660950368887036,0.24089753526951235,-0.0730729833318539,1.6609761099930531,0.24089753526951235,-0.0730729833318539,1.6609761099930531,0.0,0.0,0.0,4.504012163360118,0.0750668693893353
1.2099999999999775,0.2410986638504921,-0.0730367663291859,1.6609466807727467,0.24089753526951235,-0.0730729833318539,1.6609761099930531,0.24089753526951235,-0.0730729833318539,1.6609761099930531,0.0,0.0,0.0,4.50405204313198,0.07506753405219967
1.2109999999999774,0.24108856368632153,-0.07303360494127736,1.6609430219293269,0.24089753526951235,-0.0730729833318539,1.6609761099930531,0.24089753526951235,-0.0730729833318539,1.6609761099930531,0.0,0.0,0.0,4.504093254941095,0.07506822091568492
1.2119999999999773,0.24107857046235634,-0.073030468446376,1.6609393926704237,0.24089753526951235,-0.0730729833318539,1.6609761099930531,0.24089753526951235,-0.0730729833318539,1.6609761099930531,0.0,0.0,0.0,4.504135797371885,0.07506892995619809
1.2129999999999772,0.24106868388876151,-0.07302735713158212,1.660935793299788,0.24089753526951235,-0.0730729833318539,1.6609761099930531,0.24089753526951235,-0.0730729833318539,1.6609761099930531,0.0,0.0,0.0,4.504179668759925,0.07506966114599875
1.213999999999977,0.24105890367012126,-0.07302427127530828,1.660932224111396,0.24089753526951235,-0.0730729833318539,1.6609761099930531,0.24089753526951235,-0.0730729833318539,1.6609761099930531,0.0,0.0,0.0,4.504224867193838,0.07507041445323064
1.214999999999977,0.24104922950549162,-0.0730212111473743,1.6609286853895548,0.24089753526951235,-0.0730729833318539,1.6609761099930531,0.24089753526951235,-0.0730729833318539,1.6609761099930531,0.0,0.0,0.0,4.504271390515042,0.07507118984191737
1.2159999999999769,0.24103966108845304,-0.07301817700910243,1.660925177409019,0.24089753526951235,-0.0730729833318539,1.6609761099930531,0.24089753526951235,-0.0730729833318539,1.6609761099930531,0.0,0.0,0.0,4.504319236320881,0.07507198727201468
1.2169999999999768,0.24103019810716753,-0.0730151691134124,1.6609217004351016,0.24089753526951235,-0.0730729833318539,1.6609761099930531,0.24089753526951235,-0.0730729833318539,1.6609761099930531,0.0,0.0,0.0,4.504368401965067,0.07507280669941778
1.2179999999999767,0.24102084024443057,-0.07301218770491594,1.660918254723783,0.24089753526951235,-0.0730729833318539,1.6609761099930531,0.24089753526951235,-0.0730729833318539,1.6609761099930531,0.0,0.0,0.0,4.504418884559922,0.07507364807599869
1.2189999999999765,0.24101158717772797,-0.07300923302001017,1.660914840521824,0.24089753526951235,-0.0730729833318539,1.6609761099930531,0.24089753526951235,-0.0730729833318539,1.6609761099930531,0.0,0.0,0.0,4.504470680978022,0.0750745113496337
1.2199999999999764,0.2410024385792911,-0.07300630528697168,1.6609114580668758,0.24089753526951235,-0.0730729833318539,1.6609761099930531,0.24089753526951235,-0.0730729833318539,1.6609761099930531,0.0,0.0,0.0,4.5045237878540725,0.07507539646423454
1.2209999999999763,0.24099339411615212,-0.07300340472605042,1.6609081075875878,0.24089753526951235,-0.0730729833318539,1.6609761099930531,0.24089753526951235,-0.0730729833318539,1.6609761099930531,0.0,0.0,0.0,4.504578201586779,0.07507630335977965
1.2219999999999762,0.24098445345020203,-0.07300053154956052,1.6609047893037179,0.24089753526951235,-0.0730729833318539,1.6609761099930531,0.24089753526951235,-0.0730729833318539,1.6609761099930531,0.0,0.0,0.0,4.504633918341361,0.07507723197235602
1.222999999999976,0.24097561623824562,-0.07299768596197448,1.660901503426239,0.24089753526951235,-0.0730729833318539,1.6609761099930531,0.24089753526951235,-0.0730729833318539,1.6609761099930531,0.0,0.0,0.0,4.504690934051542,0.07507818223419237
1.223999999999976,0.24096688213205872,-0.07299486816001444,1.6608982501574499,0.24089753526951235,-0.0730729833318539,1.6609761099930531,0.24089753526951235,-0.0730729833318539,1.6609761099930531,0.0,0.0,0.0,4.5047492444220865,0.07507915407370144
1.2249999999999759,0.2409582507784473,-0.07299207833274383,1.6608950296910787,0.24089753526951235,-0.0730729833318539,1.6609761099930531,0.24089753526951235,-0.0730729833318539,1.6609761099930531,0.0,0.0,0.0,4.50480884493057,0.07508014741550949
1.2259999999999758,0.24094972181930224,-0.07298931666165794,1.6608918422123913,0.24089753526951235,-0.0730729833318539,1.6609761099930531,0.24089753526951235,-0.0730729833318539,1.6609761099930531,0.0,0.0,0.0,4.504869730830448,0.07508116218050746
1.2269999999999757,0.240941294891661,-0.07298658332077561,1.6608886878982978,0.24089753526951235,-0.0730729833318539,1.6609761099930531,0.24089753526951235,-0.0730729833318539,1.6609761099930531,0.0,0.0,0.0,4.504931897153463,0.07508219828589105
1.2279999999999756,0.24093296962776292,-0.07298387847672806,1.6608855669174554,0.24089753526951235,-0.0730729833318539,1.6609761099930531,0.24089753526951235,-0.0730729833318539,1.6609761099930531,0.0,0.0,0.0,4.504995338711665,0.07508325564519441
1.2289999999999754,0.24092474565510916,-0.0729812022888498,1.6608824794303763,0.24089753526951235,-0.0730729833318539,1.6609761099930531,0.24089753526951235,-0.0730729833318539,1.6609761099930531,0.0,0.0,0.0,4.505060050101242,0.07508433416835403
1.2299999999999753,0.24091662259652186,-0.07297855490926686,1.6608794255895285,0.24089753526951235,-0.0730729833318539,1.6609761099930531,0.24089753526951235,-0.0730729833318539,1.6609761099930531,0.0,0.0,0.0,4.505126025703919,0.07508543376173198
1.2309999999999752,0.24090860007020326,-0.07297593648298693,1.6608764055394432,0.24089753526951235,-0.0730729833318539,1.6609761099930531,0.24089753526951235,-0.0730729833318539,1.6609761099930531,0.0,0.0,0.0,4.505193259690684,0.07508655432817807
1.2319999999999751,0.24090067768979434,-0.07297334714798571,1.6608734194168133,0.24089753526951235,-0.0730729833318539,1.6609761099930531,0.24089753526951235,-0.0730729833318539,1.6609761099930531,0.0,0.0,0.0,4.505261746023926,0.07508769576706543
1.232999999999975,0.24089285506443558,-0.07297078703529665,1.6608704673505987,0.24089753526951235,-0.0730729833318539,1.6609761099930531,0.24089753526951235,-0.0730729833318539,1.6609761099930531,0.0,0.0,0.0,4.505331478460637,0.07508885797434396
1.233999999999975,0.24088513179882648,-0.07296825626909746,1.6608675494621268,0.24089753526951235,-0.0730729833318539,1.6609761099930531,0.24089753526951235,-0.0730729833318539,1.6609761099930531,0.0,0.0,0.0,4.505402450555182,0.07509004084258636
1.2349999999999748,0.2408775074932863,-0.07296575496679747,1.660864665865194,0.24089753526951235,-0.0730729833318539,1.6609761099930531,0.24089753526951235,-0.0730729833318539,1.6609761099930531,0.0,0.0,0.0,4.505474655662723,0.07509124426104538
1.2359999999999747,0.2408699817438137,-0.07296328323912277,1.6608618166661668,0.24089753526951235,-0.0730729833318539,1.6609761099930531,0.24089753526951235,-0.0730729833318539,1.6609761099930531,0.0,0.0,0.0,4.505548086941435,0.07509246811569058
1.2369999999999746,0.24086255414214755,-0.07296084119020395,1.66085900196408,0.24089753526951235,-0.0730729833318539,1.6609761099930531,0.24089753526951235,-0.0730729833318539,1.6609761099930531,0.0,0.0,0.0,4.505622737355713,0.07509371228926189
1.2379999999999745,0.24085522427582867,-0.07295842891766038,1.660856221850737,0.24089753526951235,-0.0730729833318539,1.6609761099930531,0.24089753526951235,-0.0730729833318539,1.6609761099930531,0.0,0.0,0.0,4.50569859967951,0.07509497666132517
1.2389999999999743,0.24084799172825977,-0.07295604651268546,1.6608534764108083,0.24089753526951235,-0.0730729833318539,1.6609761099930531,0.24089753526951235,-0.0730729833318539,1.6609761099930531,0.0,0.0,0.0,4.505775666499437,0.07509626110832394
1.2399999999999742,0.2408408560787668,-0.07295369406013097,1.6608507657219282,0.24089753526951235,-0.0730729833318539,1.6609761099930531,0.24089753526951235,-0.0730729833318539,1.6609761099930531,0.0,0.0,0.0,4.505853930217241,0.07509756550362069
1.2409999999999741,0.2408338169026611,-0.0729513716385915,1.6608480898547955,0.24089753526951235,-0.0730729833318539,1.6609761099930531,0.24089753526951235,-0.0730729833318539,1.6609761099930531,0.0,0.0,0.0,4.505933383053664,0.07509888971756107
1.241999999999974,0.2408268737713004,-0.07294907932048808,1.6608454488732671,0.24089753526951235,-0.0730729833318539,1.6609761099930531,0.24089753526951235,-0.0730729833318539,1.6609761099930531,0.0,0.0,0.0,4.50601401705106,0.07510023361751766
1.242999999999974,0.24082002625214954,-0.07294681717214921,1.660842842834455,0.24089753526951235,-0.0730729833318539,1.6609761099930531,0.24089753526951235,-0.0730729833318539,1.6609761099930531,0.0,0.0,0.0,4.506095824076704,0.07510159706794507
1.2439999999999738,0.24081327390884366,-0.07294458525389651,1.660840271788822,0.24089753526951235,-0.0730729833318539,1.6609761099930531,0.24089753526951235,-0.0730729833318539,1.6609761099930531,0.0,0.0,0.0,4.5061787958260595,0.07510297993043433
1.2449999999999737,0.24080661630124983,-0.07294238362012469,1.6608377357802764,0.24089753526951235,-0.0730729833318539,1.6609761099930531,0.24089753526951235,-0.0730729833318539,1.6609761099930531,0.0,0.0,0.0,4.506262923825811,0.07510438206376352
1.2459999999999736,0.2408000529855283,-0.0729402123193827,1.660835234846267,0.24089753526951235,-0.0730729833318539,1.6609761099930531,0.24089753526951235,-0.0730729833318539,1.6609761099930531,0.0,0.0,0.0,4.506348199437301,0.07510580332395503
1.2469999999999735,0.24079358351419478,-0.07293807139445663,1.6608327690178732,0.24089753526951235,-0.0730729833318539,1.6609761099930531,0.24089753526951235,-0.0730729833318539,1.6609761099930531,0.0,0.0,0.0,4.506434613859197,0.07510724356431994
1.2479999999999734,0.2407872074361829,-0.07293596088244843,1.6608303383199068,0.24089753526951235,-0.0730729833318539,1.6609761099930531,0.24089753526951235,-0.0730729833318539,1.6609761099930531,0.0,0.0,0.0,4.50652215813153,0.07510870263552549
1.2489999999999732,0.240780924296907,-0.07293388081485701,1.6608279427709935,0.24089753526951235,-0.0730729833318539,1.6609761099930531,0.24089753526951235,-0.0730729833318539,1.6609761099930531,0.0,0.0,0.0,4.506610823137553,0.07511018038562588
1.2499999999999731,0.24077473363832258,-0.07293183121765714,1.6608255823836706,0.24089753526951235,-0.0730729833318539,1.6609761099930531,0.24089753526951235,-0.0730729833318539,1.6609761099930531,0.0,0.0,0.0,4.506700599608677,0.07511167666014461
1.250999999999973,0.24076863499899076,-0.0729298121113786,1.6608232571644777,0.24089753526951235,-0.0730729833318539,1.6609761099930531,0.24089753526951235,-0.0730729833318539,1.6609761099930531,0.0,0.0,0.0,4.506791478126841,0.07511319130211401
1.251999999999973,0.24076262791413836,-0.0729278235111849,1.6608209671140466,0.24089753526951235,-0.0730729833318539,1.6609761099930531,0.24089753526951235,-0.0730729833318539,1.6609761099930531,0.0,0.0,0.0,4.506883449127493,0.07511472415212488
1.2529999999999728,0.2407567119157229,-0.07292586542695148,1.6608187122271918,0.24089753526951235,-0.0730729833318539,1.6609761099930531,0.24089753526951235,-0.0730729833318539,1.6609761099930531,0.0,0.0,0.0,4.506976502902923,0.07511627504838204
1.2539999999999727,0.2407508865324924,-0.07292393786334238,1.6608164924929978,0.24089753526951235,-0.0730729833318539,1.6609761099930531,0.24089753526951235,-0.0730729833318539,1.6609761099930531,0.0,0.0,0.0,4.5070706296056935,0.07511784382676155
1.2549999999999726,0.2407451512900502,-0.07292204081988805,1.6608143078949098,0.24089753526951235,-0.0730729833318539,1.6609761099930531,0.24089753526951235,-0.0730729833318539,1.6609761099930531,0.0,0.0,0.0,4.5071658192518775,0.07511943032086463
1.2559999999999725,0.24073950571091485,-0.0729201742910616,1.6608121584108202,0.24089753526951235,-0.0730729833318539,1.6609761099930531,0.24089753526951235,-0.0730729833318539,1.6609761099930531,0.0,0.0,0.0,4.5072620617243375,0.07512103436207229
1.2569999999999724,0.24073394931458472,-0.07291833826635491,1.660810044013158,0.24089753526951235,-0.0730729833318539,1.6609761099930531,0.24089753526951235,-0.0730729833318539,1.6609761099930531,0.0,0.0,0.0,4.507359346775527,0.07512265577959211
1.2579999999999723,0.24072848161759863,-0.0729165327303534,1.6608079646689722,0.24089753526951235,-0.0730729833318539,1.6609761099930531,0.24089753526951235,-0.0730729833318539,1.6609761099930531,0.0,0.0,0.0,4.507457664030974,0.07512429440051623
1.2589999999999721,0.24072310213359976,-0.07291475766281261,1.6608059203400223,0.24089753526951235,-0.0730729833318539,1.6609761099930531,0.24089753526951235,-0.0730729833318539,1.6609761099930531,0.0,0.0,0.0,4.507557002992762,0.07512595004987936
1.259999999999972,0.24071781037339657,-0.07291301303873077,1.6608039109828587,0.24089753526951235,-0.0730729833318539,1.6609761099930531,0.24089753526951235,-0.0730729833318539,1.6609761099930531,0.0,0.0,0.0,4.507657353042016,0.07512762255070027
1.260999999999972,0.24071260584502518,-0.07291129882842436,1.6608019365489115,0.24089753526951235,-0.0730729833318539,1.6609761099930531,0.24089753526951235,-0.0730729833318539,1.6609761099930531,0.0,0.0,0.0,4.507758703442892,0.0751293117240482
1.2619999999999718,0.24070748805381256,-0.07290961499760062,1.6607999969845733,0.24089753526951235,-0.0730729833318539,1.6609761099930531,0.24089753526951235,-0.0730729833318539,1.6609761099930531,0.0,0.0,0.0,4.507861043345069,0.07513101738908448
1.2629999999999717,0.24070245650243705,-0.07290796150743123,1.660798092231282,0.24089753526951235,-0.0730729833318539,1.6609761099930531,0.24089753526951235,-0.0730729833318539,1.6609761099930531,0.0,0.0,0.0,4.50796436178707,0.07513273936311783
1.2639999999999716,0.24069751069099193,-0.07290633831462393,1.6607962222256047,0.24089753526951235,-0.0730729833318539,1.6609761099930531,0.24089753526951235,-0.0730729833318539,1.6609761099930531,0.0,0.0,0.0,4.508068647699871,0.07513447746166452
1.2649999999999715,0.2406926501170456,-0.07290474537149581,1.660794386899321,0.24089753526951235,-0.0730729833318539,1.6609761099930531,0.24089753526951235,-0.0730729833318539,1.6609761099930531,0.0,0.0,0.0,4.508173889909436,0.07513623149849061
1.2659999999999714,0.24068787427570534,-0.07290318262604294,1.6607925861795003,0.24089753526951235,-0.0730729833318539,1.6609761099930531,0.24089753526951235,-0.0730729833318539,1.6609761099930531,0.0,0.0,0.0,4.508280077139928,0.07513800128566547
1.2669999999999713,0.24068318265967698,-0.07290165002201342,1.6607908199885901,0.24089753526951235,-0.0730729833318539,1.6609761099930531,0.24089753526951235,-0.0730729833318539,1.6609761099930531,0.0,0.0,0.0,4.508387198017657,0.07513978663362762
1.2679999999999712,0.24067857475932766,-0.07290014749897646,1.6607890882444893,0.24089753526951235,-0.0730729833318539,1.6609761099930531,0.24089753526951235,-0.0730729833318539,1.6609761099930531,0.0,0.0,0.0,4.508495241072749,0.07514158735121249
1.268999999999971,0.24067405006274695,-0.07289867499239272,1.660787390860631,0.24089753526951235,-0.0730729833318539,1.6609761099930531,0.24089753526951235,-0.0730729833318539,1.6609761099930531,0.0,0.0,0.0,4.508604194743321,0.07514340324572202
1.269999999999971,0.24066960805580834,-0.07289723243368366,1.6607857277460638,0.24089753526951235,-0.0730729833318539,1.6609761099930531,0.24089753526951235,-0.0730729833318539,1.6609761099930531,0.0,0.0,0.0,4.508714047378322,0.07514523412297204
1.2709999999999708,0.24066524822222987,-0.07289581975030074,1.6607840988055254,0.24089753526951235,-0.0730729833318539,1.6609761099930531,0.24089753526951235,-0.0730729833318539,1.6609761099930531,0.0,0.0,0.0,4.508824787239979,0.07514707978733298
1.2719999999999707,0.2406609700436353,-0.07289443686579417,1.6607825039395265,0.24089753526951235,-0.0730729833318539,1.6609761099930531,0.24089753526951235,-0.0730729833318539,1.6609761099930531,0.0,0.0,0.0,4.5089364025078575,0.07514894004179763
1.2729999999999706,0.24065677299961524,-0.0728930836998799,1.6607809430444214,0.24089753526951235,-0.0730729833318539,1.6609761099930531,0.24089753526951235,-0.0730729833318539,1.6609761099930531,0.0,0.0,0.0,4.509048881280728,0.07515081468801214
1.2739999999999705,0.24065265656778734,-0.07289176016850786,1.6607794160124896,0.24089753526951235,-0.0730729833318539,1.6609761099930531,0.24089753526951235,-0.0730729833318539,1.6609761099930531,0.0,0.0,0.0,4.509162211580727,0.07515270352634545
1.2749999999999704,0.2406486202238568,-0.07289046618392908,1.6607779227320107,0.24089753526951235,-0.0730729833318539,1.6609761099930531,0.24089753526951235,-0.0730729833318539,1.6609761099930531,0.0,0.0,0.0,4.509276381355474,0.07515460635592457
1.2759999999999703,0.24064466344167704,-0.07288920165476118,1.6607764630873398,0.24089753526951235,-0.0730729833318539,1.6609761099930531,0.24089753526951235,-0.0730729833318539,1.6609761099930531,0.0,0.0,0.0,4.509391378481178,0.0751565229746863
1.2769999999999702,0.24064078569331004,-0.07288796648605611,1.6607750369589807,0.24089753526951235,-0.0730729833318539,1.6609761099930531,0.24089753526951235,-0.0730729833318539,1.6609761099930531,0.0,0.0,0.0,4.509507190765668,0.0751584531794278
1.27799999999997,0.24063698644908432,-0.07288676057936286,1.6607736442236611,0.24089753526951235,-0.0730729833318539,1.6609761099930531,0.24089753526951235,-0.0730729833318539,1.6609761099930531,0.0,0.0,0.0,4.509623805951863,0.07516039676586438
1.27899999999997,0.24063326517765726,-0.0728855838327954,1.6607722847544086,0.24089753526951235,-0.0730729833318539,1.6609761099930531,0.24089753526951235,-0.0730729833318539,1.6609761099930531,0.0,0.0,0.0,4.509741211719592,0.07516235352865987
1.2799999999999698,0.24062962134607213,-0.07288443614109538,1.6607709584206183,0.24089753526951235,-0.0730729833318539,1.6609761099930531,0.24089753526951235,-0.0730729833318539,1.6609761099930531,0.0,0.0,0.0,4.509859395689072,0.07516432326148453
1.2809999999999697,0.24062605441981977,-0.0728833173956962,1.6607696650881314,0.24089753526951235,-0.0730729833318539,1.6609761099930531,0.24089753526951235,-0.0730729833318539,1.6609761099930531,0.0,0.0,0.0,4.509978345424037,0.07516630575706729
1.2819999999999696,0.24062256386289502,-0.07288222748478689,1.6607684046193,0.24089753526951235,-0.0730729833318539,1.6609761099930531,0.24089753526951235,-0.0730729833318539,1.6609761099930531,0.0,0.0,0.0,4.51009804843369,0.07516830080722817
1.2829999999999695,0.2406191491378572,-0.07288116629337509,1.6607671768730654,0.24089753526951235,-0.0730729833318539,1.6609761099930531,0.24089753526951235,-0.0730729833318539,1.6609761099930531,0.0,0.0,0.0,4.510218492176723,0.07517030820294539
1.2839999999999694,0.24061580970588786,-0.0728801337033498,1.6607659817050224,0.24089753526951235,-0.0730729833318539,1.6609761099930531,0.24089753526951235,-0.0730729833318539,1.6609761099930531,0.0,0.0,0.0,4.510339664062842,0.0751723277343807
1.2849999999999693,0.24061254502684964,-0.07287912959354177,1.660764818967493,0.24089753526951235,-0.0730729833318539,1.6609761099930531,0.24089753526951235,-0.0730729833318539,1.6609761099930531,0.0,0.0,0.0,4.510461551456353,0.07517435919093922
1.2859999999999692,0.24060935455934368,-0.07287815383978767,1.6607636885095944,0.24089753526951235,-0.0730729833318539,1.6609761099930531,0.24089753526951235,-0.0730729833318539,1.6609761099930531,0.0,0.0,0.0,4.510584141678773,0.07517640236131289
1.286999999999969,0.24060623776076723,-0.07287720631498794,1.6607625901773073,0.24089753526951235,-0.0730729833318539,1.6609761099930531,0.24089753526951235,-0.0730729833318539,1.6609761099930531,0.0,0.0,0.0,4.510707422011172,0.07517845703351952
1.287999999999969,0.24060319408737202,-0.07287628688917058,1.6607615238135445,0.24089753526951235,-0.0730729833318539,1.6609761099930531,0.24089753526951235,-0.0730729833318539,1.6609761099930531,0.0,0.0,0.0,4.510831379697319,0.07518052299495533
1.2889999999999688,0.24060022299432046,-0.07287539542954799,1.6607604892582168,0.24089753526951235,-0.0730729833318539,1.6609761099930531,0.24089753526951235,-0.0730729833318539,1.6609761099930531,0.0,0.0,0.0,4.510956001946081,0.07518260003243468
1.2899999999999687,0.24059732393574296,-0.07287453180057811,1.6607594863483028,0.24089753526951235,-0.0730729833318539,1.6609761099930531,0.24089753526951235,-0.0730729833318539,1.6609761099930531,0.0,0.0,0.0,4.511081275934248,0.07518468793223747
1.2909999999999686,0.2405944963647948,-0.0728736958640245,1.6607585149179136,0.24089753526951235,-0.0730729833318539,1.6609761099930531,0.24089753526951235,-0.0730729833318539,1.6609761099930531,0.0,0.0,0.0,4.511207188808918,0.07518678648014862
1.2919999999999685,0.24059173973371173,-0.07287288747901184,1.6607575747983558,0.24089753526951235,-0.0730729833318539,1.6609761099930531,0.24089753526951235,-0.0730729833318539,1.6609761099930531,0.0,0.0,0.0,4.511333727690013,0.07518889546150022
1.2929999999999684,0.24058905349386694,-0.07287210650208698,1.660756665818201,0.24089753526951235,-0.0730729833318539,1.6609761099930531,0.24089753526951235,-0.0730729833318539,1.6609761099930531,0.0,0.0,0.0,4.511460879673595,0.07519101466122659
1.2939999999999683,0.24058643709582528,-0.07287135278727432,1.660755787803346,0.24089753526951235,-0.0730729833318539,1.6609761099930531,0.24089753526951235,-0.0730729833318539,1.6609761099930531,0.0,0.0,0.0,4.51158863183348,0.07519314386389134
1.2949999999999682,0.2405838899894011,-0.07287062618613369,1.6607549405770816,0.24089753526951235,-0.0730729833318539,1.6609761099930531,0.24089753526951235,-0.0730729833318539,1.6609761099930531,0.0,0.0,0.0,4.5117169712242795,0.07519528285373799
1.295999999999968,0.24058141162371027,-0.07286992654781749,1.6607541239601498,0.24089753526951235,-0.0730729833318539,1.6609761099930531,0.24089753526951235,-0.0730729833318539,1.6609761099930531,0.0,0.0,0.0,4.511845884883507,0.07519743141472511
1.296999999999968,0.24057900144722777,-0.07286925371912531,1.6607533377708117,0.24089753526951235,-0.0730729833318539,1.6609761099930531,0.24089753526951235,-0.0730729833318539,1.6609761099930531,0.0,0.0,0.0,4.511975359834393,0.07519958933057322
1.2979999999999678,0.24057665890783986,-0.07286860754456063,1.660752581824905,0.24089753526951235,-0.0730729833318539,1.6609761099930531,0.24089753526951235,-0.0730729833318539,1.6609761099930531,0.0,0.0,0.0,4.512105383088087,0.07520175638480145
1.2989999999999677,0.2405743834528994,-0.0728679878663851,1.6607518559359096,0.24089753526951235,-0.0730729833318539,1.6609761099930531,0.24089753526951235,-0.0730729833318539,1.6609761099930531,0.0,0.0,0.0,4.512235941646641,0.07520393236077735
1.2999999999999676,0.24057217452928042,-0.07286739452467422,1.6607511599150055,0.24089753526951235,-0.0730729833318539,1.6609761099930531,0.24089753526951235,-0.0730729833318539,1.6609761099930531,0.0,0.0,0.0,4.512367022504291,0.07520611704173819
1.3009999999999675,0.24057003158342896,-0.07286682735736989,1.6607504935711335,0.24089753526951235,-0.0730729833318539,1.6609761099930531,0.24089753526951235,-0.0730729833318539,1.6609761099930531,0.0,0.0,0.0,4.512498612651074,0.07520831021085123
1.3019999999999674,0.24056795406141876,-0.07286628620033528,1.6607498567110566,0.24089753526951235,-0.0730729833318539,1.6609761099930531,0.24089753526951235,-0.0730729833318539,1.6609761099930531,0.0,0.0,0.0,4.51263069907412,0.07521051165123534
1.3029999999999673,0.2405659414090029,-0.07286577088740717,1.660749249139417,0.24089753526951235,-0.0730729833318539,1.6609761099930531,0.24089753526951235,-0.0730729833318539,1.6609761099930531,0.0,0.0,0.0,4.512763268760512,0.07521272114600853
1.3039999999999672,0.2405639930716656,-0.0728652812504491,1.6607486706587953,0.24089753526951235,-0.0730729833318539,1.6609761099930531,0.24089753526951235,-0.0730729833318539,1.6609761099930531,0.0,0.0,0.0,4.512896308699375,0.07521493847832292
1.304999999999967,0.240562108494675,-0.07286481711940308,1.6607481210697683,0.24089753526951235,-0.0730729833318539,1.6609761099930531,0.24089753526951235,-0.0730729833318539,1.6609761099930531,0.0,0.0,0.0,4.513029805884269,0.07521716343140449
1.305999999999967,0.24056028712313526,-0.07286437832234144,1.6607476001709673,0.24089753526951235,-0.0730729833318539,1.6609761099930531,0.24089753526951235,-0.0730729833318539,1.6609761099930531,0.0,0.0,0.0,4.51316374731524,0.07521939578858734
1.3069999999999669,0.24055852840203634,-0.07286396468551784,1.6607471077591334,0.24089753526951235,-0.0730729833318539,1.6609761099930531,0.24089753526951235,-0.0730729833318539,1.6609761099930531,0.0,0.0,0.0,4.5132981200012114,0.07522163533335352
1.3079999999999667,0.2405568317763065,-0.07286357603341846,1.660746643629174,0.24089753526951235,-0.0730729833318539,1.6609761099930531,0.24089753526951235,-0.0730729833318539,1.6609761099930531,0.0,0.0,0.0,4.513432910961742,0.07522388184936238
1.3089999999999666,0.24055519669086178,-0.0728632121888113,1.6607462075742194,0.24089753526951235,-0.0730729833318539,1.6609761099930531,0.24089753526951235,-0.0730729833318539,1.6609761099930531,0.0,0.0,0.0,4.513568107229882,0.07522613512049804
1.3099999999999665,0.24055362259065652,-0.07286287297279691,1.6607457993856758,0.24089753526951235,-0.0730729833318539,1.6609761099930531,0.24089753526951235,-0.0730729833318539,1.6609761099930531,0.0,0.0,0.0,4.513703695853345,0.07522839493088909
1.3109999999999664,0.24055210892073314,-0.07286255820485665,1.6607454188532822,0.24089753526951235,-0.0730729833318539,1.6609761099930531,0.24089753526951235,-0.0730729833318539,1.6609761099930531,0.0,0.0,0.0,4.513839663897827,0.07523066106496379
1.3119999999999663,0.24055065512627188,-0.07286226770290201,1.6607450657651637,0.24089753526951235,-0.0730729833318539,1.6609761099930531,0.24089753526951235,-0.0730729833318539,1.6609761099930531,0.0,0.0,0.0,4.5139759984476875,0.07523293330746146
1.3129999999999662,0.24054926065263893,-0.07286200128332251,1.6607447399078823,0.24089753526951235,-0.0730729833318539,1.6609761099930531,0.24089753526951235,-0.0730729833318539,1.6609761099930531,0.0,0.0,0.0,4.514112686608737,0.07523521144347894
1.313999999999966,0.24054792494543573,-0.07286175876103526,1.6607444410664924,0.24089753526951235,-0.0730729833318539,1.6609761099930531,0.24089753526951235,-0.0730729833318539,1.6609761099930531,0.0,0.0,0.0,4.514249715510466,0.07523749525850777
1.314999999999966,0.24054664745054716,-0.07286153994952861,1.6607441690245925,0.24089753526951235,-0.0730729833318539,1.6609761099930531,0.24089753526951235,-0.0730729833318539,1.6609761099930531,0.0,0.0,0.0,4.51438707230743,0.07523978453845717
1.3159999999999659,0.24054542761418907,-0.07286134466091289,1.6607439235643764,0.24089753526951235,-0.0730729833318539,1.6609761099930531,0.24089753526951235,-0.0730729833318539,1.6609761099930531,0.0,0.0,0.0,4.514524744181426,0.07524207906969042
1.3169999999999658,0.24054426488295572,-0.072861172705964,1.660743704466683,0.24089753526951235,-0.0730729833318539,1.6609761099930531,0.24089753526951235,-0.0730729833318539,1.6609761099930531,0.0,0.0,0.0,4.514662718343408,0.07524437863905681
1.3179999999999656,0.2405431587038675,-0.07286102389417122,1.6607435115110512,0.24089753526951235,-0.0730729833318539,1.6609761099930531,0.24089753526951235,-0.0730729833318539,1.6609761099930531,0.0,0.0,0.0,4.514800982035808,0.07524668303393015
1.3189999999999655,0.24054210852441615,-0.07286089803378129,1.660743344475763,0.24089753526951235,-0.0730729833318539,1.6609761099930531,0.24089753526951235,-0.0730729833318539,1.6609761099930531,0.0,0.0,0.0,4.514939522533192,0.07524899204221987
1.3199999999999654,0.2405411137926118,-0.07286079493184407,1.6607432031378995,0.24089753526951235,-0.0730729833318539,1.6609761099930531,0.24089753526951235,-0.0730729833318539,1.6609761099930531,0.0,0.0,0.0,4.51507832714563,0.07525130545242716
1.3209999999999653,0.24054017395702956,-0.07286071439425688,1.6607430872733848,0.24089753526951235,-0.0730729833318539,1.6609761099930531,0.24089753526951235,-0.0730729833318539,1.6609761099930531,0.0,0.0,0.0,4.51521738321938,0.07525362305365632
1.3219999999999652,0.24053928846685252,-0.07286065622580869,1.6607429966570395,0.24089753526951235,-0.0730729833318539,1.6609761099930531,0.24089753526951235,-0.0730729833318539,1.6609761099930531,0.0,0.0,0.0,4.5153566781394385,0.07525594463565731
1.322999999999965,0.24053845677191993,-0.07286062023022291,1.6607429310626225,0.24089753526951235,-0.0730729833318539,1.6609761099930531,0.24089753526951235,-0.0730729833318539,1.6609761099930531,0.0,0.0,0.0,4.515496199330214,0.0752582699888369
1.323999999999965,0.24053767832276834,-0.07286060621020163,1.6607428902628822,0.24089753526951235,-0.0730729833318539,1.6609761099930531,0.24089753526951235,-0.0730729833318539,1.6609761099930531,0.0,0.0,0.0,4.515635934258531,0.07526059890430885
1.3249999999999649,0.24053695257067853,-0.07286061396746768,1.6607428740296029,0.24089753526951235,-0.0730729833318539,1.6609761099930531,0.24089753526951235,-0.0730729833318539,1.6609761099930531,0.0,0.0,0.0,4.515775870434522,0.07526293117390871
1.3259999999999648,0.24053627896771718,-0.07286064330280592,1.6607428821336492,0.24089753526951235,-0.0730729833318539,1.6609761099930531,0.24089753526951235,-0.0730729833318539,1.6609761099930531,0.0,0.0,0.0,4.51591599541348,0.07526526659022467
1.3269999999999647,0.24053565696678136,-0.07286069401610719,1.6607429143450139,0.24089753526951235,-0.0730729833318539,1.6609761099930531,0.24089753526951235,-0.0730729833318539,1.6609761099930531,0.0,0.0,0.0,4.516056296797485,0.07526760494662475
1.3279999999999645,0.2405350860216413,-0.0728607659064072,1.66074297043286,0.24089753526951235,-0.0730729833318539,1.6609761099930531,0.24089753526951235,-0.0730729833318539,1.6609761099930531,0.0,0.0,0.0,4.516196762237027,0.07526994603728379
1.3289999999999644,0.24053456558698175,-0.07286085877192854,1.6607430501655684,0.24089753526951235,-0.0730729833318539,1.6609761099930531,0.24089753526951235,-0.0730729833318539,1.6609761099930531,0.0,0.0,0.0,4.516337379432923,0.07527228965721539
1.3299999999999643,0.24053409511844442,-0.07286097241012054,1.6607431533107813,0.24089753526951235,-0.0730729833318539,1.6609761099930531,0.24089753526951235,-0.0730729833318539,1.6609761099930531,0.0,0.0,0.0,4.516478136137161,0.07527463560228602
1.3309999999999642,0.24053367407267057,-0.0728611066176997,1.660743279635443,0.24089753526951235,-0.0730729833318539,1.6609761099930531,0.24089753526951235,-0.0730729833318539,1.6609761099930531,0.0,0.0,0.0,4.516619020154784,0.0752769836692464
1.331999999999964,0.24053330190734099,-0.07286126119068867,1.6607434289058471,0.24089753526951235,-0.0730729833318539,1.6609761099930531,0.24089753526951235,-0.0730729833318539,1.6609761099930531,0.0,0.0,0.0,4.516760019345879,0.07527933365576465
1.332999999999964,0.24053297808121626,-0.07286143592445525,1.6607436008876744,0.24089753526951235,-0.0730729833318539,1.6609761099930531,0.24089753526951235,-0.0730729833318539,1.6609761099930531,0.0,0.0,0.0,4.516901121626224,0.07528168536043706
1.3339999999999639,0.24053270205417815,-0.07286163061375078,1.6607437953460393,0.24089753526951235,-0.0730729833318539,1.6609761099930531,0.24089753526951235,-0.0730729833318539,1.6609761099930531,0.0,0.0,0.0,4.517042314969424,0.07528403858282373
1.3349999999999638,0.24053247328726896,-0.07286184505274859,1.6607440120455281,0.24089753526951235,-0.0730729833318539,1.6609761099930531,0.24089753526951235,-0.0730729833318539,1.6609761099930531,0.0,0.0,0.0,4.517183587407634,0.07528639312346057
1.3359999999999637,0.24053229124273035,-0.07286207903508145,1.6607442507502408,0.24089753526951235,-0.0730729833318539,1.6609761099930531,0.24089753526951235,-0.0730729833318539,1.6609761099930531,0.0,0.0,0.0,4.517324927033699,0.07528874878389498
1.3369999999999636,0.2405321553840431,-0.07286233235387855,1.6607445112238328,0.24089753526951235,-0.0730729833318539,1.6609761099930531,0.24089753526951235,-0.0730729833318539,1.6609761099930531,0.0,0.0,0.0,4.5174663220021,0.07529110536670167
1.3379999999999634,0.24053206517596412,-0.0728626048018021,1.660744793229552,0.24089753526951235,-0.0730729833318539,1.6609761099930531,0.24089753526951235,-0.0730729833318539,1.6609761099930531,0.0,0.0,0.0,4.517607760529946,0.07529346267549909
1.3389999999999633,0.24053202008456687,-0.07286289617108448,1.6607450965302817,0.24089753526951235,-0.0730729833318539,1.6609761099930531,0.24089753526951235,-0.0730729833318539,1.6609761099930531,0.0,0.0,0.0,4.517749230899253,0.07529582051498755
1.3399999999999632,0.24053201957727596,-0.072863206253563,1.6607454208885764,0.24089753526951235,-0.0730729833318539,1.6609761099930531,0.24089753526951235,-0.0730729833318539,1.6609761099930531,0.0,0.0,0.0,4.517890721457307,0.0752981786909551
1.340999999999963,0.24053206312290715,-0.072863534840716,1.6607457660667009,0.24089753526951235,-0.0730729833318539,1.6609761099930531,0.24089753526951235,-0.0730729833318539,1.6609761099930531,0.0,0.0,0.0,4.518032220618366,0.0753005370103061
1.341999999999963,0.24053215019170143,-0.07286388172369698,1.6607461318266696,0.24089753526951235,-0.0730729833318539,1.6609761099930531,0.24089753526951235,-0.0730729833318539,1.6609761099930531,0.0,0.0,0.0,4.518173716865148,0.07530289528108579
1.342999999999963,0.24053228025536338,-0.07286424669337115,1.6607465179302834,0.24089753526951235,-0.0730729833318539,1.6609761099930531,0.24089753526951235,-0.0730729833318539,1.6609761099930531,0.0,0.0,0.0,4.518315198749466,0.0753052533124911
1.3439999999999628,0.24053245278709584,-0.07286462954034652,1.660746924139166,0.24089753526951235,-0.0730729833318539,1.6609761099930531,0.24089753526951235,-0.0730729833318539,1.6609761099930531,0.0,0.0,0.0,4.518456654893373,0.07530761091488955
1.3449999999999627,0.24053266726163403,-0.07286503005500983,1.660747350214799,0.24089753526951235,-0.0730729833318539,1.6609761099930531,0.24089753526951235,-0.0730729833318539,1.6609761099930531,0.0,0.0,0.0,4.518598073990888,0.07530996789984813
1.3459999999999626,0.240532923155284,-0.07286544802755926,1.6607477959185606,0.24089753526951235,-0.0730729833318539,1.6609761099930531,0.24089753526951235,-0.0730729833318539,1.6609761099930531,0.0,0.0,0.0,4.518739444808798,0.07531232408014663
1.3469999999999624,0.24053321994595317,-0.07286588324803674,1.6607482610117605,0.24089753526951235,-0.0730729833318539,1.6609761099930531,0.24089753526951235,-0.0730729833318539,1.6609761099930531,0.0,0.0,0.0,4.518880756187968,0.07531467926979946
1.3479999999999623,0.24053355711318647,-0.07286633550636071,1.6607487452556728,0.24089753526951235,-0.0730729833318539,1.6609761099930531,0.24089753526951235,-0.0730729833318539,1.6609761099930531,0.0,0.0,0.0,4.519021997043908,0.07531703328406514
1.3489999999999622,0.2405339341381996,-0.07286680459235792,1.6607492484115725,0.24089753526951235,-0.0730729833318539,1.6609761099930531,0.24089753526951235,-0.0730729833318539,1.6609761099930531,0.0,0.0,0.0,4.519163156368276,0.07531938593947127
1.3499999999999621,0.24053435050391103,-0.07286729029579561,1.6607497702407688,0.24089753526951235,-0.0730729833318539,1.6609761099930531,0.24089753526951235,-0.0730729833318539,1.6609761099930531,0.0,0.0,0.0,4.519304223230039,0.07532173705383398
1.350999999999962,0.24053480569497648,-0.07286779240641074,1.660750310504637,0.24089753526951235,-0.0730729833318539,1.6609761099930531,0.24089753526951235,-0.0730729833318539,1.6609761099930531,0.0,0.0,0.0,4.519445186775825,0.07532408644626375
1.351999999999962,0.24053529919781896,-0.07286831071394304,1.6607508689646557,0.24089753526951235,-0.0730729833318539,1.6609761099930531,0.24089753526951235,-0.0730729833318539,1.6609761099930531,0.0,0.0,0.0,4.519586036231734,0.07532643393719557
1.3529999999999618,0.24053583050066235,-0.07286884500816439,1.6607514453824361,0.24089753526951235,-0.0730729833318539,1.6609761099930531,0.24089753526951235,-0.0730729833318539,1.6609761099930531,0.0,0.0,0.0,4.519726760903482,0.07532877934839137
1.3539999999999617,0.24053639909356153,-0.07286939507890754,1.6607520395197541,0.24089753526951235,-0.0730729833318539,1.6609761099930531,0.24089753526951235,-0.0730729833318539,1.6609761099930531,0.0,0.0,0.0,4.519867350177968,0.07533112250296613
1.3549999999999616,0.24053700446843287,-0.07286996071609689,1.6607526511385828,0.24089753526951235,-0.0730729833318539,1.6609761099930531,0.24089753526951235,-0.0730729833318539,1.6609761099930531,0.0,0.0,0.0,4.520007793523753,0.07533346322539589
1.3559999999999615,0.24053764611908615,-0.07287054170977741,1.6607532800011242,0.24089753526951235,-0.0730729833318539,1.6609761099930531,0.24089753526951235,-0.0730729833318539,1.6609761099930531,0.0,0.0,0.0,4.520148080492293,0.07533580134153821
1.3569999999999613,0.24053832354125287,-0.07287113785014275,1.6607539258698396,0.24089753526951235,-0.0730729833318539,1.6609761099930531,0.24089753526951235,-0.0730729833318539,1.6609761099930531,0.0,0.0,0.0,4.520288200718471,0.07533813667864118
1.3579999999999612,0.2405390362326164,-0.07287174892756319,1.6607545885074784,0.24089753526951235,-0.0730729833318539,1.6609761099930531,0.24089753526951235,-0.0730729833318539,1.6609761099930531,0.0,0.0,0.0,4.5204281439214595,0.07534046906535766
1.3589999999999611,0.24053978369284135,-0.07287237473261488,1.6607552676771111,0.24089753526951235,-0.0730729833318539,1.6609761099930531,0.24089753526951235,-0.0730729833318539,1.6609761099930531,0.0,0.0,0.0,4.520567899905927,0.07534279833176545
1.359999999999961,0.24054056542360094,-0.07287301505610519,1.6607559631421542,0.24089753526951235,-0.0730729833318539,1.6609761099930531,0.24089753526951235,-0.0730729833318539,1.6609761099930531,0.0,0.0,0.0,4.520707458562151,0.07534512430936918
1.360999999999961,0.24054138092860652,-0.07287366968910174,1.6607566746664038,0.24089753526951235,-0.0730729833318539,1.6609761099930531,0.24089753526951235,-0.0730729833318539,1.6609761099930531,0.0,0.0,0.0,4.520846809867575,0.07534744683112625
1.3619999999999608,0.24054222971363404,-0.07287433842295732,1.6607574020140619,0.24089753526951235,-0.0730729833318539,1.6609761099930531,0.24089753526951235,-0.0730729833318539,1.6609761099930531,0.0,0.0,0.0,4.520985943886799,0.07534976573144665
1.3629999999999607,0.24054311128655195,-0.07287502104933746,1.6607581449497626,0.24089753526951235,-0.0730729833318539,1.6609761099930531,0.24089753526951235,-0.0730729833318539,1.6609761099930531,0.0,0.0,0.0,4.521124850772595,0.07535208084620991
1.3639999999999606,0.24054402515734796,-0.0728757173602452,1.6607589032386032,0.24089753526951235,-0.0730729833318539,1.6609761099930531,0.24089753526951235,-0.0730729833318539,1.6609761099930531,0.0,0.0,0.0,4.521263520766973,0.07535439201278288
1.3649999999999605,0.24054497083815454,-0.07287642714804671,1.6607596766461705,0.24089753526951235,-0.0730729833318539,1.6609761099930531,0.24089753526951235,-0.0730729833318539,1.6609761099930531,0.0,0.0,0.0,4.521401944201422,0.0753566990700237
1.3659999999999604,0.24054594784327588,-0.07287715020549734,1.6607604649385648,0.24089753526951235,-0.0730729833318539,1.6609761099930531,0.24089753526951235,-0.0730729833318539,1.6609761099930531,0.0,0.0,0.0,4.521540111497026,0.07535900185828376
1.3669999999999602,0.2405469556892123,-0.07287788632576421,1.6607612678824286,0.24089753526951235,-0.0730729833318539,1.6609761099930531,0.24089753526951235,-0.0730729833318539,1.6609761099930531,0.0,0.0,0.0,4.5216780131665875,0.07536130021944312
1.3679999999999601,0.24054799389468642,-0.07287863530245307,1.660762085244974,0.24089753526951235,-0.0730729833318539,1.6609761099930531,0.24089753526951235,-0.0730729833318539,1.6609761099930531,0.0,0.0,0.0,4.521815639813758,0.07536359399689596
1.36899999999996,0.24054906198066617,-0.07287939692962957,1.6607629167940043,0.24089753526951235,-0.0730729833318539,1.6609761099930531,0.24089753526951235,-0.0730729833318539,1.6609761099930531,0.0,0.0,0.0,4.521952982134292,0.07536588303557153
1.36999999999996,0.2405501594703902,-0.0728801710018448,1.6607637622979412,0.24089753526951235,-0.0730729833318539,1.6609761099930531,0.24089753526951235,-0.0730729833318539,1.6609761099930531,0.0,0.0,0.0,4.522090030916656,0.07536816718194427
1.3709999999999598,0.24055128588939068,-0.07288095731415725,1.6607646215258505,0.24089753526951235,-0.0730729833318539,1.6609761099930531,0.24089753526951235,-0.0730729833318539,1.6609761099930531,0.0,0.0,0.0,4.52222677704228,0.07537044628403801
1.3719999999999597,0.24055244076551688,-0.07288175566215571,1.6607654942474637,0.24089753526951235,-0.0730729833318539,1.6609761099930531,0.24089753526951235,-0.0730729833318539,1.6609761099930531,0.0,0.0,0.0,4.522363211485945,0.07537272019143242
1.3729999999999596,0.24055362362895744,-0.07288256584198224,1.660766380233203,0.24089753526951235,-0.0730729833318539,1.6609761099930531,0.24089753526951235,-0.0730729833318539,1.6609761099930531,0.0,0.0,0.0,4.522499325317082,0.07537498875528471
1.3739999999999595,0.24055483401226405,-0.0728833876503532,1.6607672792542048,0.24089753526951235,-0.0730729833318539,1.6609761099930531,0.24089753526951235,-0.0730729833318539,1.6609761099930531,0.0,0.0,0.0,4.522635109699408,0.07537725182832347
1.3749999999999594,0.24055607145037122,-0.0728842208845814,1.660768191082344,0.24089753526951235,-0.0730729833318539,1.6609761099930531,0.24089753526951235,-0.0730729833318539,1.6609761099930531,0.0,0.0,0.0,4.5227705558919,0.075379509264865
1.3759999999999593,0.2405573354806198,-0.07288506534259756,1.6607691154902535,0.24089753526951235,-0.0730729833318539,1.6609761099930531,0.24089753526951235,-0.0730729833318539,1.6609761099930531,0.0,0.0,0.0,4.522905655248195,0.07538176092080325
1.3769999999999591,0.24055862564277625,-0.07288592082297095,1.6607700522513482,0.24089753526951235,-0.0730729833318539,1.6609761099930531,0.24089753526951235,-0.0730729833318539,1.6609761099930531,0.0,0.0,0.0,4.5230403992188695,0.07538400665364782
1.377999999999959,0.24055994147905457,-0.07288678712492981,1.6607710011398473,0.24089753526951235,-0.0730729833318539,1.6609761099930531,0.24089753526951235,-0.0730729833318539,1.6609761099930531,0.0,0.0,0.0,4.523174779350134,0.07538624632250222
1.378999999999959,0.24056128253413533,-0.0728876640483811,1.6607719619307937,0.24089753526951235,-0.0730729833318539,1.6609761099930531,0.24089753526951235,-0.0730729833318539,1.6609761099930531,0.0,0.0,0.0,4.52330878728492,0.075388479788082
1.3799999999999588,0.24056264835518676,-0.07288855139393158,1.660772934400078,0.24089753526951235,-0.0730729833318539,1.6609761099930531,0.24089753526951235,-0.0730729833318539,1.6609761099930531,0.0,0.0,0.0,4.523442414763223,0.07539070691272039
1.3809999999999587,0.24056403849188202,-0.07288944896290622,1.6607739183244545,0.24089753526951235,-0.0730729833318539,1.6609761099930531,0.24089753526951235,-0.0730729833318539,1.6609761099930531,0.0,0.0,0.0,4.523575653622139,0.07539292756036899
1.3819999999999586,0.24056545249642022,-0.07289035655736713,1.6607749134815666,0.24089753526951235,-0.0730729833318539,1.6609761099930531,0.24089753526951235,-0.0730729833318539,1.6609761099930531,0.0,0.0,0.0,4.523708495796525,0.07539514159660875
1.3829999999999585,0.24056688992354325,-0.0728912739801329,1.6607759196499623,0.24089753526951235,-0.0730729833318539,1.6609761099930531,0.24089753526951235,-0.0730729833318539,1.6609761099930531,0.0,0.0,0.0,4.523840933319212,0.07539734888865353
1.3839999999999584,0.24056835033055482,-0.07289220103479732,1.6607769366091167,0.24089753526951235,-0.0730729833318539,1.6609761099930531,0.24089753526951235,-0.0730729833318539,1.6609761099930531,0.0,0.0,0.0,4.523972958321074,0.07539954930535123
1.3849999999999583,0.24056983327733716,-0.07289313752574576,1.6607779641394502,0.24089753526951235,-0.0730729833318539,1.6609761099930531,0.24089753526951235,-0.0730729833318539,1.6609761099930531,0.0,0.0,0.0,4.524104563031504,0.07540174271719174
1.3859999999999582,0.2405713383263685,-0.07289408325817526,1.6607790020223436,0.24089753526951235,-0.0730729833318539,1.6609761099930531,0.24089753526951235,-0.0730729833318539,1.6609761099930531,0.0,0.0,0.0,4.524235739778226,0.07540392899630377
1.386999999999958,0.24057286504274095,-0.07289503803810969,1.6607800500401626,0.24089753526951235,-0.0730729833318539,1.6609761099930531,0.24089753526951235,-0.0730729833318539,1.6609761099930531,0.0,0.0,0.0,4.5243664809885145,0.07540610801647524
1.387999999999958,0.24057441299417467,-0.07289600167241815,1.6607811079762718,0.24089753526951235,-0.0730729833318539,1.6609761099930531,0.24089753526951235,-0.0730729833318539,1.6609761099930531,0.0,0.0,0.0,4.5244967791882065,0.07540827965313678
1.3889999999999578,0.24057598175103495,-0.07289697396883114,1.6607821756150514,0.24089753526951235,-0.0730729833318539,1.6609761099930531,0.24089753526951235,-0.0730729833318539,1.6609761099930531,0.0,0.0,0.0,4.524626627002345,0.07541044378337242
1.3899999999999577,0.24057757088634846,-0.07289795473595637,1.6607832527419188,0.24089753526951235,-0.0730729833318539,1.6609761099930531,0.24089753526951235,-0.0730729833318539,1.6609761099930531,0.0,0.0,0.0,4.524756017156008,0.07541260028593347
1.3909999999999576,0.24057917997581654,-0.07289894378329655,1.6607843391433388,0.24089753526951235,-0.0730729833318539,1.6609761099930531,0.24089753526951235,-0.0730729833318539,1.6609761099930531,0.0,0.0,0.0,4.524884942472953,0.07541474904121588
1.3919999999999575,0.24058080859783182,-0.07289994092126253,1.6607854346068487,0.24089753526951235,-0.0730729833318539,1.6609761099930531,0.24089753526951235,-0.0730729833318539,1.6609761099930531,0.0,0.0,0.0,4.525013395877527,0.07541688993129211
1.3929999999999574,0.24058245633349024,-0.07290094596119118,1.6607865389210643,0.24089753526951235,-0.0730729833318539,1.6609761099930531,0.24089753526951235,-0.0730729833318539,1.6609761099930531,0.0,0.0,0.0,4.525141370392839,0.07541902283988064
1.3939999999999573,0.24058412276660762,-0.07290195871535848,1.6607876518757048,0.24089753526951235,-0.0730729833318539,1.6609761099930531,0.24089753526951235,-0.0730729833318539,1.6609761099930531,0.0,0.0,0.0,4.525268859143137,0.07542114765238561
1.3949999999999572,0.2405858074837303,-0.07290297899699553,1.660788773261602,0.24089753526951235,-0.0730729833318539,1.6609761099930531,0.24089753526951235,-0.0730729833318539,1.6609761099930531,0.0,0.0,0.0,4.5253958553517295,0.07542326425586215
1.395999999999957,0.24058751007415002,-0.0729040066203015,1.660789902870719,0.24089753526951235,-0.0730729833318539,1.6609761099930531,0.24089753526951235,-0.0730729833318539,1.6609761099930531,0.0,0.0,0.0,4.525522352342064,0.07542537253903439
1.396999999999957,0.24058923012991718,-0.07290504140046002,1.6607910404961619,0.24089753526951235,-0.0730729833318539,1.6609761099930531,0.24089753526951235,-0.0730729833318539,1.6609761099930531,0.0,0.0,0.0,4.525648343537807,0.07542747239229679
1.3979999999999568,0.2405909672458496,-0.07290608315365006,1.6607921859321966,0.24089753526951235,-0.0730729833318539,1.6609761099930531,0.24089753526951235,-0.0730729833318539,1.6609761099930531,0.0,0.0,0.0,4.52577382246295,0.07542956370771584
1.3989999999999567,0.24059272101954893,-0.07290713169706156,1.6607933389742624,0.24089753526951235,-0.0730729833318539,1.6609761099930531,0.24089753526951235,-0.0730729833318539,1.6609761099930531,0.0,0.0,0.0,4.525898782741121,0.07543164637901868
1.3999999999999566,0.2405944910514094,-0.0729081868489081,1.6607944994189852,0.24089753526951235,-0.0730729833318539,1.6609761099930531,0.24089753526951235,-0.0730729833318539,1.6609761099930531,0.0,0.0,0.0,4.526023218096462,0.0754337203016077
1.4009999999999565,0.24059627694462826,-0.07290924842843899,1.660795667064189,0.24089753526951235,-0.0730729833318539,1.6609761099930531,0.24089753526951235,-0.0730729833318539,1.6609761099930531,0.0,0.0,0.0,4.526147122352783,0.07543578537254639
1.4019999999999564,0.24059807830521973,-0.07291031625595215,1.6607968417089118,0.24089753526951235,-0.0730729833318539,1.6609761099930531,0.24089753526951235,-0.0730729833318539,1.6609761099930531,0.0,0.0,0.0,4.526270489434442,0.07543784149057403
1.4029999999999563,0.24059989474202104,-0.07291139015280644,1.6607980231534183,0.24089753526951235,-0.0730729833318539,1.6609761099930531,0.24089753526951235,-0.0730729833318539,1.6609761099930531,0.0,0.0,0.0,4.526393313365804,0.07543988855609673
1.4039999999999562,0.24060172586670578,-0.07291246994143406,1.6607992111992105,0.24089753526951235,-0.0730729833318539,1.6609761099930531,0.24089753526951235,-0.0730729833318539,1.6609761099930531,0.0,0.0,0.0,4.526515588270413,0.07544192647117355
1.404999999999956,0.2406035712937922,-0.07291355544535141,1.6608004056490389,0.24089753526951235,-0.0730729833318539,1.6609761099930531,0.24089753526951235,-0.0730729833318539,1.6609761099930531,0.0,0.0,0.0,4.52663730837221,0.07544395513953682
1.405999999999956,0.24060543064065132,-0.0729146464891704,1.6608016063069173,0.24089753526951235,-0.0730729833318539,1.6609761099930531,0.24089753526951235,-0.0730729833318539,1.6609761099930531,0.0,0.0,0.0,4.526758467995027,0.07544597446658378
1.4069999999999558,0.24060730352751833,-0.07291574289861016,1.6608028129781327,0.24089753526951235,-0.0730729833318539,1.6609761099930531,0.24089753526951235,-0.0730729833318539,1.6609761099930531,0.0,0.0,0.0,4.526879061562013,0.0754479843593669
1.4079999999999557,0.2406091895774975,-0.07291684450050681,1.6608040254692542,0.24089753526951235,-0.0730729833318539,1.6609761099930531,0.24089753526951235,-0.0730729833318539,1.6609761099930531,0.0,0.0,0.0,4.526999083596073,0.07544998472660122
1.4089999999999556,0.24061108841657303,-0.07291795112282526,1.6608052435881484,0.24089753526951235,-0.0730729833318539,1.6609761099930531,0.24089753526951235,-0.0730729833318539,1.6609761099930531,0.0,0.0,0.0,4.5271185287194795,0.07545197547865799
1.4099999999999555,0.24061299967361582,-0.07291906259466777,1.6608064671439846,0.24089753526951235,-0.0730729833318539,1.6609761099930531,0.24089753526951235,-0.0730729833318539,1.6609761099930531,0.0,0.0,0.0,4.5272373916534185,0.07545395652755697
1.4109999999999554,0.24061492298039044,-0.07292017874628522,1.6608076959472509,0.24089753526951235,-0.0730729833318539,1.6609761099930531,0.24089753526951235,-0.0730729833318539,1.6609761099930531,0.0,0.0,0.0,4.527355667218617,0.07545592778697695
1.4119999999999553,0.24061685797156257,-0.07292129940908595,1.6608089298097575,0.24089753526951235,-0.0730729833318539,1.6609761099930531,0.24089753526951235,-0.0730729833318539,1.6609761099930531,0.0,0.0,0.0,4.527473350334073,0.07545788917223456
1.4129999999999552,0.24061880428470425,-0.0729224244156452,1.6608101685446504,0.24089753526951235,-0.0730729833318539,1.6609761099930531,0.24089753526951235,-0.0730729833318539,1.6609761099930531,0.0,0.0,0.0,4.527590436018144,0.0754598406003024
1.413999999999955,0.24062076156030265,-0.07292355359971393,1.660811411966421,0.24089753526951235,-0.0730729833318539,1.6609761099930531,0.24089753526951235,-0.0730729833318539,1.6609761099930531,0.0,0.0,0.0,4.527706919387389,0.07546178198978981
1.414999999999955,0.2406227294417635,-0.0729246867962287,1.660812659890912,0.24089753526951235,-0.0730729833318539,1.6609761099930531,0.24089753526951235,-0.0730729833318539,1.6609761099930531,0.0,0.0,0.0,4.527822795656502,0.0754637132609417
1.4159999999999549,0.24062470757541699,-0.07292582384131854,1.6608139121353285,0.24089753526951235,-0.0730729833318539,1.6609761099930531,0.24089753526951235,-0.0730729833318539,1.6609761099930531,0.0,0.0,0.0,4.527938060138542,0.07546563433564236
1.4169999999999547,0.24062669561052485,-0.07292696457231455,1.6608151685182468,0.24089753526951235,-0.0730729833318539,1.6609761099930531,0.24089753526951235,-0.0730729833318539,1.6609761099930531,0.0,0.0,0.0,4.528052708244182,0.07546754513740303
1.4179999999999546,0.2406286931992822,-0.07292810882775745,1.6608164288596188,0.24089753526951235,-0.0730729833318539,1.6609761099930531,0.24089753526951235,-0.0730729833318539,1.6609761099930531,0.0,0.0,0.0,4.528166735481533,0.07546944559135889
1.4189999999999545,0.24063069999682463,-0.07292925644740432,1.6608176929807845,0.24089753526951235,-0.0730729833318539,1.6609761099930531,0.24089753526951235,-0.0730729833318539,1.6609761099930531,0.0,0.0,0.0,4.528280137456239,0.07547133562427065
1.4199999999999544,0.24063271566123018,-0.0729304072722378,1.6608189607044763,0.24089753526951235,-0.0730729833318539,1.6609761099930531,0.24089753526951235,-0.0730729833318539,1.6609761099930531,0.0,0.0,0.0,4.528392909871001,0.07547321516451669
1.4209999999999543,0.24063473985352457,-0.07293156114447157,1.660820231854828,0.24089753526951235,-0.0730729833318539,1.6609761099930531,0.24089753526951235,-0.0730729833318539,1.6609761099930531,0.0,0.0,0.0,4.528505048524808,0.07547508414208014
1.4219999999999542,0.24063677223768437,-0.07293271790755905,1.6608215062573801,0.24089753526951235,-0.0730729833318539,1.6609761099930531,0.24089753526951235,-0.0730729833318539,1.6609761099930531,0.0,0.0,0.0,4.528616549313301,0.07547694248855502
1.422999999999954,0.24063881248063923,-0.07293387740619788,1.6608227837390885,0.24089753526951235,-0.0730729833318539,1.6609761099930531,0.24089753526951235,-0.0730729833318539,1.6609761099930531,0.0,0.0,0.0,4.52872740822835,0.07547879013713917
1.423999999999954,0.24064086025227566,-0.07293503948633899,1.6608240641283287,0.24089753526951235,-0.0730729833318539,1.6609761099930531,0.24089753526951235,-0.0730729833318539,1.6609761099930531,0.0,0.0,0.0,4.5288376213573684,0.0754806270226228
1.4249999999999539,0.240642915225439,-0.07293620399519021,1.6608253472549037,0.24089753526951235,-0.0730729833318539,1.6609761099930531,0.24089753526951235,-0.0730729833318539,1.6609761099930531,0.0,0.0,0.0,4.5289471848835285,0.07548245308139215
1.4259999999999537,0.24064497707593568,-0.07293737078122414,1.6608266329500494,0.24089753526951235,-0.0730729833318539,1.6609761099930531,0.24089753526951235,-0.0730729833318539,1.6609761099930531,0.0,0.0,0.0,4.529056095084889,0.07548426825141481
1.4269999999999536,0.24064704548253468,-0.07293853969418194,1.6608279210464398,0.24089753526951235,-0.0730729833318539,1.6609761099930531,0.24089753526951235,-0.0730729833318539,1.6609761099930531,0.0,0.0,0.0,4.529164348334196,0.0754860724722366
1.4279999999999535,0.24064912012696915,-0.07293971058508161,1.6608292113781922,0.24089753526951235,-0.0730729833318539,1.6609761099930531,0.24089753526951235,-0.0730729833318539,1.6609761099930531,0.0,0.0,0.0,4.529271941098814,0.07548786568498023
1.4289999999999534,0.24065120069393803,-0.0729408833062199,1.6608305037808742,0.24089753526951235,-0.0730729833318539,1.6609761099930531,0.24089753526951235,-0.0730729833318539,1.6609761099930531,0.0,0.0,0.0,4.529378869939961,0.07548964783233268
1.4299999999999533,0.2406532868711061,-0.07294205771118,1.6608317980915057,0.24089753526951235,-0.0730729833318539,1.6609761099930531,0.24089753526951235,-0.0730729833318539,1.6609761099930531,0.0,0.0,0.0,4.529485131512324,0.07549141885853873
1.4309999999999532,0.24065537834910433,-0.07294323365483407,1.6608330941485654,0.24089753526951235,-0.0730729833318539,1.6609761099930531,0.24089753526951235,-0.0730729833318539,1.6609761099930531,0.0,0.0,0.0,4.529590722564294,0.0754931787094049
1.431999999999953,0.24065747482153174,-0.07294441099335003,1.6608343917919934,0.24089753526951235,-0.0730729833318539,1.6609761099930531,0.24089753526951235,-0.0730729833318539,1.6609761099930531,0.0,0.0,0.0,4.529695639936567,0.07549492733227611
1.432999999999953,0.24065957598495377,-0.07294558958419338,1.6608356908631994,0.24089753526951235,-0.0730729833318539,1.6609761099930531,0.24089753526951235,-0.0730729833318539,1.6609761099930531,0.0,0.0,0.0,4.529799880562717,0.07549666467604528
1.4339999999999529,0.24066168153890125,-0.07294676928613388,1.6608369912050613,0.24089753526951235,-0.0730729833318539,1.6609761099930531,0.24089753526951235,-0.0730729833318539,1.6609761099930531,0.0,0.0,0.0,4.52990344146782,0.07549839069113033
1.4349999999999528,0.2406637911858716,-0.07294794995924685,1.6608382926619318,0.24089753526951235,-0.0730729833318539,1.6609761099930531,0.24089753526951235,-0.0730729833318539,1.6609761099930531,0.0,0.0,0.0,4.53000631976867,0.07550010532947785
1.4359999999999526,0.2406659046313268,-0.07294913146491856,1.660839595079642,0.24089753526951235,-0.0730729833318539,1.6609761099930531,0.24089753526951235,-0.0730729833318539,1.6609761099930531,0.0,0.0,0.0,4.530108512673489,0.07550180854455815
1.4369999999999525,0.24066802158369227,-0.07295031366584855,1.660840898305502,0.24089753526951235,-0.0730729833318539,1.6609761099930531,0.24089753526951235,-0.0730729833318539,1.6609761099930531,0.0,0.0,0.0,4.530210017480823,0.07550350029134706
1.4379999999999524,0.2406701417543545,-0.07295149642605368,1.6608422021883071,0.24089753526951235,-0.0730729833318539,1.6609761099930531,0.24089753526951235,-0.0730729833318539,1.6609761099930531,0.0,0.0,0.0,4.530310831579693,0.07550518052632822
1.4389999999999523,0.24067226485766074,-0.07295267961087053,1.6608435065783393,0.24089753526951235,-0.0730729833318539,1.6609761099930531,0.24089753526951235,-0.0730729833318539,1.6609761099930531,0.0,0.0,0.0,4.530410952448751,0.07550684920747917
1.4399999999999522,0.24067439061091522,-0.0729538630869582,1.6608448113273677,0.24089753526951235,-0.0730729833318539,1.6609761099930531,0.24089753526951235,-0.0730729833318539,1.6609761099930531,0.0,0.0,0.0,4.530510377655651,0.07550850629426085
1.440999999999952,0.24067651873437787,-0.07295504672230091,1.6608461162886543,0.24089753526951235,-0.0730729833318539,1.6609761099930531,0.24089753526951235,-0.0730729833318539,1.6609761099930531,0.0,0.0,0.0,4.530609104857365,0.07551015174762274
1.441999999999952,0.24067864895126068,-0.07295623038621035,1.6608474213169533,0.24089753526951235,-0.0730729833318539,1.6609761099930531,0.24089753526951235,-0.0730729833318539,1.6609761099930531,0.0,0.0,0.0,4.530707131798746,0.0755117855299791
1.4429999999999519,0.24068078098772586,-0.07295741394932785,1.6608487262685128,0.24089753526951235,-0.0730729833318539,1.6609761099930531,0.24089753526951235,-0.0730729833318539,1.6609761099930531,0.0,0.0,0.0,4.530804456312563,0.07551340760520937
1.4439999999999518,0.2406829145728807,-0.07295859728362618,1.660850031001079,0.24089753526951235,-0.0730729833318539,1.6609761099930531,0.24089753526951235,-0.0730729833318539,1.6609761099930531,0.0,0.0,0.0,4.530901076319126,0.0755150179386521
1.4449999999999517,0.24068504943877606,-0.07295978026241123,1.660851335373895,0.24089753526951235,-0.0730729833318539,1.6609761099930531,0.24089753526951235,-0.0730729833318539,1.6609761099930531,0.0,0.0,0.0,4.530996989825193,0.07551661649708656
1.4459999999999515,0.24068718532040104,-0.07296096276032392,1.6608526392477037,0.24089753526951235,-0.0730729833318539,1.6609761099930531,0.24089753526951235,-0.0730729833318539,1.6609761099930531,0.0,0.0,0.0,4.531092194923993,0.0755182032487332
1.4469999999999514,0.24068932195568019,-0.07296214465334085,1.6608539424847453,0.24089753526951235,-0.0730729833318539,1.6609761099930531,0.24089753526951235,-0.0730729833318539,1.6609761099930531,0.0,0.0,0.0,4.531186689794242,0.07551977816323736
1.4479999999999513,0.24069145908546785,-0.07296332581877589,1.660855244948765,0.24089753526951235,-0.0730729833318539,1.6609761099930531,0.24089753526951235,-0.0730729833318539,1.6609761099930531,0.0,0.0,0.0,4.5312804727006295,0.07552134121167715
1.4489999999999512,0.2406935964535432,-0.07296450613528144,1.6608565465050045,0.24089753526951235,-0.0730729833318539,1.6609761099930531,0.24089753526951235,-0.0730729833318539,1.6609761099930531,0.0,0.0,0.0,4.531373541991416,0.0755228923665236
1.449999999999951,0.24069573380660822,-0.07296568548284867,1.6608578470202113,0.24089753526951235,-0.0730729833318539,1.6609761099930531,0.24089753526951235,-0.0730729833318539,1.6609761099930531,0.0,0.0,0.0,4.531465896100047,0.07552443160166745
1.450999999999951,0.24069787089427908,-0.0729668637428076,1.66085914636263,0.24089753526951235,-0.0730729833318539,1.6609761099930531,0.24089753526951235,-0.0730729833318539,1.6609761099930531,0.0,0.0,0.0,4.531557533542713,0.07552595889237855
1.4519999999999509,0.2407000074690832,-0.07296804079782851,1.660860444402011,0.24089753526951235,-0.0730729833318539,1.6609761099930531,0.24089753526951235,-0.0730729833318539,1.6609761099930531,0.0,0.0,0.0,4.531648452919488,0.07552747421532481
1.4529999999999508,0.24070214328645262,-0.07296921653192251,1.6608617410096043,0.24089753526951235,-0.0730729833318539,1.6609761099930531,0.24089753526951235,-0.0730729833318539,1.6609761099930531,0.0,0.0,0.0,4.531738652912166,0.0755289775485361
1.4539999999999507,0.24070427810471734,-0.0729703908304393,1.6608630360581587,0.24089753526951235,-0.0730729833318539,1.6609761099930531,0.24089753526951235,-0.0730729833318539,1.6609761099930531,0.0,0.0,0.0,4.531828132284518,0.07553046887140864
1.4549999999999506,0.2407064116851011,-0.0729715635800696,1.6608643294219267,0.24089753526951235,-0.0730729833318539,1.6609761099930531,0.24089753526951235,-0.0730729833318539,1.6609761099930531,0.0,0.0,0.0,4.531916889882278,0.07553194816470463
1.4559999999999504,0.2407085437917139,-0.07297273466884346,1.660865620976658,0.24089753526951235,-0.0730729833318539,1.6609761099930531,0.24089753526951235,-0.0730729833318539,1.6609761099930531,0.0,0.0,0.0,4.53200492463107,0.07553341541051783
1.4569999999999503,0.24071067419154496,-0.07297390398612966,1.660866910599601,0.24089753526951235,-0.0730729833318539,1.6609761099930531,0.24089753526951235,-0.0730729833318539,1.6609761099930531,0.0,0.0,0.0,4.532092235537399,0.07553487059228998
1.4579999999999502,0.24071280265445744,-0.07297507142263586,1.6608681981695015,0.24089753526951235,-0.0730729833318539,1.6609761099930531,0.24089753526951235,-0.0730729833318539,1.6609761099930531,0.0,0.0,0.0,4.532178821686934,0.07553631369478223
1.4589999999999501,0.24071492895317964,-0.07297623687040708,1.6608694835666005,0.24089753526951235,-0.0730729833318539,1.6609761099930531,0.24089753526951235,-0.0730729833318539,1.6609761099930531,0.0,0.0,0.0,4.5322646822445005,0.07553774470407501
1.45999999999995,0.24071705286329897,-0.07297740022282506,1.660870766672635,0.24089753526951235,-0.0730729833318539,1.6609761099930531,0.24089753526951235,-0.0730729833318539,1.6609761099930531,0.0,0.0,0.0,4.532349816453312,0.07553916360755521
1.46099999999995,0.2407191741632535,-0.07297856137460651,1.6608720473708325,0.24089753526951235,-0.0730729833318539,1.6609761099930531,0.24089753526951235,-0.0730729833318539,1.6609761099930531,0.0,0.0,0.0,4.53243422363407,0.07554057039390116
1.4619999999999498,0.24072129263432593,-0.07297972022180277,1.6608733255459118,0.24089753526951235,-0.0730729833318539,1.6609761099930531,0.24089753526951235,-0.0730729833318539,1.6609761099930531,0.0,0.0,0.0,4.532517903185104,0.07554196505308507
1.4629999999999497,0.24072340806063275,-0.0729808766617975,1.6608746010840807,0.24089753526951235,-0.0730729833318539,1.6609761099930531,0.24089753526951235,-0.0730729833318539,1.6609761099930531,0.0,0.0,0.0,4.532600854581154,0.07554334757635256
1.4639999999999496,0.2407255202291196,-0.07298203059330545,1.6608758738730338,0.24089753526951235,-0.0730729833318539,1.6609761099930531,0.24089753526951235,-0.0730729833318539,1.6609761099930531,0.0,0.0,0.0,4.532683077372637,0.07554471795621061
1.4649999999999495,0.2407276289295499,-0.0729831819163704,1.6608771438019474,0.24089753526951235,-0.0730729833318539,1.6609761099930531,0.24089753526951235,-0.0730729833318539,1.6609761099930531,0.0,0.0,0.0,4.532764571185341,0.07554607618642235
1.4659999999999493,0.24072973395449818,-0.0729843305323633,1.6608784107614816,0.24089753526951235,-0.0730729833318539,1.6609761099930531,0.24089753526951235,-0.0730729833318539,1.6609761099930531,0.0,0.0,0.0,4.532845335720248,0.07554742226200413
1.4669999999999492,0.24073183509934032,-0.07298547634398028,1.6608796746437744,0.24089753526951235,-0.0730729833318539,1.6609761099930531,0.24089753526951235,-0.0730729833318539,1.6609761099930531,0.0,0.0,0.0,4.532925370751813,0.07554875617919689
1.4679999999999491,0.24073393216224484,-0.07298661925523997,1.660880935342439,0.24089753526951235,-0.0730729833318539,1.6609761099930531,0.24089753526951235,-0.0730729833318539,1.6609761099930531,0.0,0.0,0.0,4.533004676128105,0.0755500779354684
1.468999999999949,0.24073602494416407,-0.07298775917148222,1.6608821927525623,0.24089753526951235,-0.0730729833318539,1.6609761099930531,0.24089753526951235,-0.0730729833318539,1.6609761099930531,0.0,0.0,0.0,4.533083251770182,0.07555138752950304
1.469999999999949,0.24073811324882444,-0.0729888959993638,1.6608834467706999,0.24089753526951235,-0.0730729833318539,1.6609761099930531,0.24089753526951235,-0.0730729833318539,1.6609761099930531,0.0,0.0,0.0,4.533161097671028,0.07555268496118381
1.4709999999999488,0.2407401968827168,-0.07299002964685763,1.6608846972948745,0.24089753526951235,-0.0730729833318539,1.6609761099930531,0.24089753526951235,-0.0730729833318539,1.6609761099930531,0.0,0.0,0.0,4.533238213895457,0.07555397023159095
1.4719999999999487,0.24074227565508644,-0.07299116002324815,1.6608859442245714,0.24089753526951235,-0.0730729833318539,1.6609761099930531,0.24089753526951235,-0.0730729833318539,1.6609761099930531,0.0,0.0,0.0,4.533314600578811,0.0755552433429802
1.4729999999999486,0.24074434937792466,-0.07299228703913022,1.6608871874607347,0.24089753526951235,-0.0730729833318539,1.6609761099930531,0.24089753526951235,-0.0730729833318539,1.6609761099930531,0.0,0.0,0.0,4.5333902579265954,0.0755565042987766
1.4739999999999485,0.24074641786595616,-0.07299341060640412,1.660888426905764,0.24089753526951235,-0.0730729833318539,1.6609761099930531,0.24089753526951235,-0.0730729833318539,1.6609761099930531,0.0,0.0,0.0,4.533465186214425,0.07555775310357375
1.4749999999999484,0.24074848093663104,-0.07299453063827402,1.66088966246351,0.24089753526951235,-0.0730729833318539,1.6609761099930531,0.24089753526951235,-0.0730729833318539,1.6609761099930531,0.0,0.0,0.0,4.5335393857864,0.07555898976310667
1.4759999999999482,0.24075053841011224,-0.0729956470492428,1.6608908940392726,0.24089753526951235,-0.0730729833318539,1.6609761099930531,0.24089753526951235,-0.0730729833318539,1.6609761099930531,0.0,0.0,0.0,4.533612857054942,0.07556021428424904
1.4769999999999481,0.2407525901092675,-0.0729967597551106,1.660892121539792,0.24089753526951235,-0.0730729833318539,1.6609761099930531,0.24089753526951235,-0.0730729833318539,1.6609761099930531,0.0,0.0,0.0,4.533685600499991,0.07556142667499985
1.477999999999948,0.24075463585965598,-0.07299786867297038,1.6608933448732512,0.24089753526951235,-0.0730729833318539,1.6609761099930531,0.24089753526951235,-0.0730729833318539,1.6609761099930531,0.0,0.0,0.0,4.533757616668893,0.07556262694448156
1.478999999999948,0.24075667548951823,-0.07299897372120315,1.6608945639492634,0.24089753526951235,-0.0730729833318539,1.6609761099930531,0.24089753526951235,-0.0730729833318539,1.6609761099930531,0.0,0.0,0.0,4.533828906174451,0.07556381510290751
1.4799999999999478,0.24075870882976497,-0.07300007481947512,1.660895778678875,0.24089753526951235,-0.0730729833318539,1.6609761099930531,0.24089753526951235,-0.0730729833318539,1.6609761099930531,0.0,0.0,0.0,4.5338994696960615,0.07556499116160102
1.4809999999999477,0.24076073571396636,-0.07300117188873377,1.660896988974556,0.24089753526951235,-0.0730729833318539,1.6609761099930531,0.24089753526951235,-0.0730729833318539,1.6609761099930531,0.0,0.0,0.0,4.53396930797724,0.075566155132954
1.4819999999999476,0.2407627559783392,-0.07300226485120437,1.6608981947501964,0.24089753526951235,-0.0730729833318539,1.6609761099930531,0.24089753526951235,-0.0730729833318539,1.6609761099930531,0.0,0.0,0.0,4.534038421826306,0.07556730703043843
1.4829999999999475,0.24076476946173675,-0.07300335363038318,1.6608993959211034,0.24089753526951235,-0.0730729833318539,1.6609761099930531,0.24089753526951235,-0.0730729833318539,1.6609761099930531,0.0,0.0,0.0,4.534106812115149,0.07556844686858581
1.4839999999999474,0.2407667760056357,-0.07300443815103647,1.6609005924039937,0.24089753526951235,-0.0730729833318539,1.6609761099930531,0.24089753526951235,-0.0730729833318539,1.6609761099930531,0.0,0.0,0.0,4.5341744797783585,0.07556957466297264
1.4849999999999473,0.24076877545412434,-0.07300551833919385,1.660901784116988,0.24089753526951235,-0.0730729833318539,1.6609761099930531,0.24089753526951235,-0.0730729833318539,1.6609761099930531,0.0,0.0,0.0,4.534241425812753,0.07557069043021254
1.4859999999999471,0.24077076765389122,-0.07300659412214403,1.660902970979608,0.24089753526951235,-0.0730729833318539,1.6609761099930531,0.24089753526951235,-0.0730729833318539,1.6609761099930531,0.0,0.0,0.0,4.534307651277074,0.07557179418795124
1.486999999999947,0.24077275245421226,-0.07300766542843096,1.660904152912769,0.24089753526951235,-0.0730729833318539,1.6609761099930531,0.24089753526951235,-0.0730729833318539,1.6609761099930531,0.0,0.0,0.0,4.534373157290597,0.07557288595484328
1.487999999999947,0.24077472970693858,-0.07300873218784851,1.6609053298387764,0.24089753526951235,-0.0730729833318539,1.6609761099930531,0.24089753526951235,-0.0730729833318539,1.6609761099930531,0.0,0.0,0.0,4.534437945033133,0.07557396575055222
1.4889999999999468,0.24077669926648343,-0.07300979433143538,1.6609065016813167,0.24089753526951235,-0.0730729833318539,1.6609761099930531,0.24089753526951235,-0.0730729833318539,1.6609761099930531,0.0,0.0,0.0,4.534502015743877,0.07557503359573128
1.4899999999999467,0.24077866098981043,-0.07301085179147061,1.6609076683654553,0.24089753526951235,-0.0730729833318539,1.6609761099930531,0.24089753526951235,-0.0730729833318539,1.6609761099930531,0.0,0.0,0.0,4.534565370721042,0.07557608951201737
1.4909999999999466,0.2407806147364196,-0.07301190450146786,1.66090882981763,0.24089753526951235,-0.0730729833318539,1.6609761099930531,0.24089753526951235,-0.0730729833318539,1.6609761099930531,0.0,0.0,0.0,4.534628011321006,0.07557713352201677
1.4919999999999465,0.24078256036833545,-0.07301295239617155,1.6609099859656418,0.24089753526951235,-0.0730729833318539,1.6609761099930531,0.24089753526951235,-0.0730729833318539,1.6609761099930531,0.0,0.0,0.0,4.534689938957375,0.07557816564928958
1.4929999999999464,0.24078449775009303,-0.07301399541154933,1.6609111367386522,0.24089753526951235,-0.0730729833318539,1.6609761099930531,0.24089753526951235,-0.0730729833318539,1.6609761099930531,0.0,0.0,0.0,4.5347511551010555,0.07557918591835093
1.4939999999999463,0.24078642674872563,-0.07301503348478944,1.660912282067177,0.24089753526951235,-0.0730729833318539,1.6609761099930531,0.24089753526951235,-0.0730729833318539,1.6609761099930531,0.0,0.0,0.0,4.5348116612789235,0.07558019435464873
1.4949999999999461,0.24078834723375026,-0.07301606655429266,1.6609134218830772,0.24089753526951235,-0.0730729833318539,1.6609761099930531,0.24089753526951235,-0.0730729833318539,1.6609761099930531,0.0,0.0,0.0,4.534871459073147,0.07558119098455246
1.495999999999946,0.24079025907715473,-0.07301709455966897,1.6609145561195564,0.24089753526951235,-0.0730729833318539,1.6609761099930531,0.24089753526951235,-0.0730729833318539,1.6609761099930531,0.0,0.0,0.0,4.534930550120789,0.07558217583534649
1.496999999999946,0.24079216215338503,-0.07301811744173009,1.6609156847111508,0.24089753526951235,-0.0730729833318539,1.6609761099930531,0.24089753526951235,-0.0730729833318539,1.6609761099930531,0.0,0.0,0.0,4.534988936113137,0.07558314893521895
1.4979999999999458,0.2407940563393298,-0.07301913514248477,1.6609168075937242,0.24089753526951235,-0.0730729833318539,1.6609761099930531,0.24089753526951235,-0.0730729833318539,1.6609761099930531,0.0,0.0,0.0,4.535046618794919,0.07558411031324865
1.4989999999999457,0.24079594151430742,-0.07302014760513234,1.6609179247044616,0.24089753526951235,-0.0730729833318539,1.6609761099930531,0.24089753526951235,-0.0730729833318539,1.6609761099930531,0.0,0.0,0.0,4.535103599963543,0.07558505999939238
1.4999999999999456,0.24079781756005275,-0.07302115477405827,1.6609190359818644,0.24089753526951235,-0.0730729833318539,1.6609761099930531,0.24089753526951235,-0.0730729833318539,1.6609761099930531,0.0,0.0,0.0,4.535159881468289,0.07558599802447148
1.5009999999999455,0.24079968436070162,-0.07302215659482561,1.6609201413657375,0.24089753526951235,-0.0730729833318539,1.6609761099930531,0.24089753526951235,-0.0730729833318539,1.6609761099930531,0.0,0.0,0.0,4.535215465209844,0.07558692442016407
