time_s,ee_x,ee_y,ee_z,ref_x,ref_y,ref_z,actor_goal_x,actor_goal_y,actor_goal_z,force_x_n,force_y_n,force_z_n,max_abs_ctrl,max_control_fraction
0.001,0.24089753526951235,-0.0730729833318539,1.6609761099930531,0.24089753526951235,-0.0730729833318539,1.6609761099930531,0.24089753526951235,-0.0730729833318539,1.6609761099930531,0.0,0.0,0.0,4.534865693479492,0.07558109489132488
0.002,0.24089792617506692,-0.07307301570812491,1.6609760723441913,0.24089753526951235,-0.0730729833318539,1.6609761099930531,0.24089753526951235,-0.0730729833318539,1.6609761099930531,0.0,0.0,0.0,4.543371965735952,0.07572286609559921
0.003,0.24089831937263367,-0.07307305800194208,1.6609758875775094,0.24089753526951235,-0.0730729833318539,1.6609761099930531,0.24089753526951235,-0.0730729833318539,1.6609761099930531,0.0,0.0,0.0,4.546399398556117,0.07577332330926861
0.004,0.24089859597986812,-0.07307309901387965,1.6609755518182885,0.24089753526951235,-0.0730729833318539,1.6609761099930531,0.24089753526951235,-0.0730729833318539,1.6609761099930531,0.0,0.0,0.0,4.547201549066218,0.07578669248443697
0.005,0.24089873878853926,-0.07307313301363069,1.660975098591397,0.24089753526951235,-0.0730729833318539,1.6609761099930531,0.24089753526951235,-0.0730729833318539,1.6609761099930531,0.0,0.0,0.0,4.547041606191853,0.07578402676986422
0.006,0.24089876549800776,-0.07307315721425317,1.6609745713183541,0.24089753526951235,-0.0730729833318539,1.6609761099930531,0.24089753526951235,-0.0730729833318539,1.6609761099930531,0.0,0.0,0.0,4.546401107371766,0.07577335178952943
0.007,0.24089870285792725,-0.07307317057075839,1.660974012375094,0.24089753526951235,-0.0730729833318539,1.6609761099930531,0.24089753526951235,-0.0730729833318539,1.6609761099930531,0.0,0.0,0.0,4.545465795153779,0.07575776325256299
0.008,0.24089857718161722,-0.07307317314704152,1.6609734589181335,0.24089753526951235,-0.0730729833318539,1.6609761099930531,0.24089753526951235,-0.0730729833318539,1.6609761099930531,0.0,0.0,0.0,4.544317350896992,0.07573862251494987
0.009000000000000001,0.24089841128283518,-0.073073165737798,1.6609729414956529,0.24089753526951235,-0.0730729833318539,1.6609761099930531,0.24089753526951235,-0.0730729833318539,1.6609761099930531,0.0,0.0,0.0,4.5430061217347895,0.07571676869557982
0.010000000000000002,0.24089822384023163,-0.07307314961394358,1.660972483825914,0.24089753526951235,-0.0730729833318539,1.6609761099930531,0.24089753526951235,-0.0730729833318539,1.6609761099930531,0.0,0.0,0.0,4.541576338926961,0.07569293898211601
0.011000000000000003,0.2408980296121196,-0.07307312633540239,1.6609721030851092,0.24089753526951235,-0.0730729833318539,1.6609761099930531,0.24089753526951235,-0.0730729833318539,1.6609761099930531,0.0,0.0,0.0,4.5400729203601875,0.07566788200600312
0.012000000000000004,0.2408978398985676,-0.07307309760653881,1.6609718104330642,0.24089753526951235,-0.0730729833318539,1.6609761099930531,0.24089753526951235,-0.0730729833318539,1.6609761099930531,0.0,0.0,0.0,4.538541592664682,0.0756423598777447
0.013000000000000005,0.24089766303426163,-0.07307306516266979,1.6609716116589492,0.24089753526951235,-0.0730729833318539,1.6609761099930531,0.24089753526951235,-0.0730729833318539,1.6609761099930531,0.0,0.0,0.0,4.537026985289616,0.0756171164214936
0.014000000000000005,0.24089750484440559,-0.07307303068164707,1.6609715078894045,0.24089753526951235,-0.0730729833318539,1.6609761099930531,0.24089753526951235,-0.0730729833318539,1.6609761099930531,0.0,0.0,0.0,4.535570475122971,0.07559284125204951
0.015000000000000006,0.24089736905000142,-0.0730729957168264,1.6609714963248918,0.24089753526951235,-0.0730729833318539,1.6609761099930531,0.24089753526951235,-0.0730729833318539,1.6609761099930531,0.0,0.0,0.0,4.534208405675342,0.07557014009458903
0.016000000000000007,0.24089725762608188,-0.07307296164872211,1.6609715709794854,0.24089753526951235,-0.0730729833318539,1.6609761099930531,0.24089753526951235,-0.0730729833318539,1.6609761099930531,0.0,0.0,0.0,4.532970848975288,0.07554951414958813
0.017000000000000008,0.24089717112006825,-0.07307292965303158,1.660971723403754,0.24089753526951235,-0.0730729833318539,1.6609761099930531,0.24089753526951235,-0.0730729833318539,1.6609761099930531,0.0,0.0,0.0,4.53188090435546,0.07553134840592433
0.01800000000000001,0.24089710893656513,-0.07307290068288777,1.6609719433733978,0.24089753526951235,-0.0730729833318539,1.6609761099930531,0.24089753526951235,-0.0730729833318539,1.6609761099930531,0.0,0.0,0.0,4.530954466884332,0.07551590778140553
0.01900000000000001,0.24089706959299567,-0.0730728754632535,1.6609722195290502,0.24089753526951235,-0.0730729833318539,1.6609761099930531,0.24089753526951235,-0.0730729833318539,1.6609761099930531,0.0,0.0,0.0,4.530200380984024,0.07550333968306706
0.02000000000000001,0.24089705094875763,-0.07307285449543702,1.6609725399555417,0.24089753526951235,-0.0730729833318539,1.6609761099930531,0.24089753526951235,-0.0730729833318539,1.6609761099930531,0.0,0.0,0.0,4.529620894542558,0.07549368157570929
0.02100000000000001,0.2408970504093403,-0.07307283806976515,1.6609728926918965,0.24089753526951235,-0.0730729833318539,1.6609761099930531,0.24089753526951235,-0.0730729833318539,1.6609761099930531,0.0,0.0,0.0,4.529212334870914,0.07548687224784857
0.022000000000000013,0.24089706510612025,-0.0730728262845459,1.6609732661663645,0.24089753526951235,-0.0730729833318539,1.6609761099930531,0.24089753526951235,-0.0730729833318539,1.6609761099930531,0.0,0.0,0.0,4.528965936076986,0.0754827656012831
0.023000000000000013,0.24089709205220777,-0.07307281906956513,1.6609736495536631,0.24089753526951235,-0.0730729833318539,1.6609761099930531,0.24089753526951235,-0.0730729833318539,1.6609761099930531,0.0,0.0,0.0,4.528868756267084,0.07548114593778472
0.024000000000000014,0.24089712827470527,-0.073072816212513,1.6609740330543155,0.24089753526951235,-0.0730729833318539,1.6609761099930531,0.24089753526951235,-0.0730729833318539,1.6609761099930531,0.0,0.0,0.0,4.528904631870432,0.0754817438645072
0.025000000000000015,0.2408971709238774,-0.07307281738689658,1.6609744080983357,0.24089753526951235,-0.0730729833318539,1.6609761099930531,0.24089753526951235,-0.0730729833318539,1.6609761099930531,0.0,0.0,0.0,4.529055125040713,0.0754842520840119
0.026000000000000016,0.2408972173600208,-0.07307282218017963,1.66097476747757,0.24089753526951235,-0.0730729833318539,1.6609761099930531,0.24089753526951235,-0.0730729833318539,1.6609761099930531,0.0,0.0,0.0,4.529300428408394,0.07548834047347323
0.027000000000000017,0.24089726521912158,-0.07307283012108855,1.6609751054126143,0.24089753526951235,-0.0730729833318539,1.6609761099930531,0.24089753526951235,-0.0730729833318539,1.6609761099930531,0.0,0.0,0.0,4.5296201993029905,0.07549366998838318
0.028000000000000018,0.24089731245872503,-0.07307284070521236,1.6609754175615097,0.24089753526951235,-0.0730729833318539,1.6609761099930531,0.24089753526951235,-0.0730729833318539,1.6609761099930531,0.0,0.0,0.0,4.529994302881836,0.0754999050480306
0.02900000000000002,0.24089735738571177,-0.073072853418225,1.6609757009782338,0.24089753526951235,-0.0730729833318539,1.6609761099930531,0.24089753526951235,-0.0730729833318539,1.6609761099930531,0.0,0.0,0.0,4.530403450271911,0.07550672417119851
0.03000000000000002,0.24089739866792298,-0.07307286775624193,1.6609759540295295,0.24089753526951235,-0.0730729833318539,1.6609761099930531,0.24089753526951235,-0.0730729833318539,1.6609761099930531,0.0,0.0,0.0,4.530829723829001,0.07551382873048335
0.03100000000000002,0.2408974353317343,-0.07307288324299681,1.6609761762787174,0.24089753526951235,-0.0730729833318539,1.6609761099930531,0.24089753526951235,-0.0730729833318539,1.6609761099930531,0.0,0.0,0.0,4.5312569868649,0.07552094978108166
0.03200000000000002,0.24089746674779228,-0.07307289944368348,1.6609763683450265,0.24089753526951235,-0.0730729833318539,1.6609761099930531,0.24089753526951235,-0.0730729833318539,1.6609761099930531,0.0,0.0,0.0,4.531671179687618,0.07552785299479363
0.03300000000000002,0.24089749260714102,-0.0730729159754458,1.6609765317465384,0.24089753526951235,-0.0730729833318539,1.6609761099930531,0.24089753526951235,-0.0730729833318539,1.6609761099930531,0.0,0.0,0.0,4.532060507507257,0.07553434179178761
0.03400000000000002,0.2408975128899501,-0.07307293251462164,1.6609766687342509,0.24089753526951235,-0.0730729833318539,1.6609761099930531,0.24089753526951235,-0.0730729833318539,1.6609761099930531,0.0,0.0,0.0,4.532415528715107,0.07554025881191845
0.035000000000000024,0.24089752782894236,-0.07307294880093433,1.6609767821239898,0.24089753526951235,-0.0730729833318539,1.6609761099930531,0.24089753526951235,-0.0730729833318539,1.6609761099930531,0.0,0.0,0.0,4.532729154252876,0.0755454859042146
0.036000000000000025,0.24089753786949974,-0.07307296463891762,1.6609768751320124,0.24089753526951235,-0.0730729833318539,1.6609761099930531,0.24089753526951235,-0.0730729833318539,1.6609761099930531,0.0,0.0,0.0,4.532996570303393,0.07554994283838988
0.037000000000000026,0.24089754362821011,-0.07307297989689626,1.6609769512191987,0.24089753526951235,-0.0730729833318539,1.6609761099930531,0.24089753526951235,-0.0730729833318539,1.6609761099930531,0.0,0.0,0.0,4.533215097413423,0.0755535849568904
0.03800000000000003,0.24089754585145307,-0.07307299450389686,1.6609770139477669,0.24089753526951235,-0.0730729833318539,1.6609761099930531,0.24089753526951235,-0.0730729833318539,1.6609761099930531,0.0,0.0,0.0,4.533383999456838,0.07555639999094729
0.03900000000000003,0.2408975453753412,-0.07307300844487327,1.660977066853453,0.24089753526951235,-0.0730729833318539,1.6609761099930531,0.24089753526951235,-0.0730729833318539,1.6609761099930531,0.0,0.0,0.0,4.533504255647391,0.07555840426078984
0.04000000000000003,0.24089754308812922,-0.07307302175463089,1.6609771133351956,0.24089753526951235,-0.0730729833318539,1.6609761099930531,0.24089753526951235,-0.0730729833318539,1.6609761099930531,0.0,0.0,0.0,4.533578308194327,0.07555963846990546
0.04100000000000003,0.24089753989594487,-0.07307303451083176,1.6609771565634872,0.24089753526951235,-0.0730729833318539,1.6609761099930531,0.24089753526951235,-0.0730729833318539,1.6609761099930531,0.0,0.0,0.0,4.533609797232583,0.07556016328720973
0.04200000000000003,0.2408975366924721,-0.07307304682643039,1.6609771994077867,0.24089753526951235,-0.0730729833318539,1.6609761099930531,0.24089753526951235,-0.0730729833318539,1.6609761099930531,0.0,0.0,0.0,4.533603293444675,0.07556005489074459
0.04300000000000003,0.24089753433297922,-0.07307305884186512,1.6609772443826951,0.24089753526951235,-0.0730729833318539,1.6609761099930531,0.24089753526951235,-0.0730729833318539,1.6609761099930531,0.0,0.0,0.0,4.5335640373945,0.07555940062324167
0.04400000000000003,0.2408975336129057,-0.07307307071728693,1.6609772936120397,0.24089753526951235,-0.0730729833318539,1.6609761099930531,0.24089753526951235,-0.0730729833318539,1.6609761099930531,0.0,0.0,0.0,4.5334976930923325,0.07555829488487222
0.04500000000000003,0.2408975352510258,-0.07307308262507398,1.6609773488095314,0.24089753526951235,-0.0730729833318539,1.6609761099930531,0.24089753526951235,-0.0730729833318539,1.6609761099930531,0.0,0.0,0.0,4.53341012176522,0.07555683536275366
0.046000000000000034,0.2408975398770586,-0.0730730947428245,1.660977411274326,0.24089753526951235,-0.0730729833318539,1.6609761099930531,0.24089753526951235,-0.0730729833318539,1.6609761099930531,0.0,0.0,0.0,4.5333071802844,0.07555511967140666
0.047000000000000035,0.24089754802347055,-0.07307310724698889,1.6609774818995637,0.24089753526951235,-0.0730729833318539,1.6609761099930531,0.24089753526951235,-0.0730729833318539,1.6609761099930531,0.0,0.0,0.0,4.533194547241123,0.0755532424540187
0.048000000000000036,0.2408975601211168,-0.07307312030724779,1.6609775611918218,0.24089753526951235,-0.0730729833318539,1.6609761099930531,0.24089753526951235,-0.0730729833318539,1.6609761099930531,0.0,0.0,0.0,4.533077578315725,0.07555129297192874
0.04900000000000004,0.2408975764982868,-0.07307313408171151,1.6609776492993562,0.24089753526951235,-0.0730729833318539,1.6609761099930531,0.24089753526951235,-0.0730729833318539,1.6609761099930531,0.0,0.0,0.0,4.532961191369971,0.07554935318949951
0.05000000000000004,0.2408975973826905,-0.0730731487129756,1.6609777460470343,0.24089753526951235,-0.0730729833318539,1.6609761099930531,0.24089753526951235,-0.0730729833318539,1.6609761099930531,0.0,0.0,0.0,4.532849780647723,0.07554749634412872
0.05100000000000004,0.24089762290588307,-0.07307316432503329,1.660977850975964,0.24089753526951235,-0.0730729833318539,1.6609761099930531,0.24089753526951235,-0.0730729833318539,1.6609761099930531,0.0,0.0,0.0,4.53274715858844,0.075545785976474
0.05200000000000004,0.24089765310962502,-0.07307318102102131,1.6609779633859387,0.24089753526951235,-0.0730729833318539,1.6609761099930531,0.24089753526951235,-0.0730729833318539,1.6609761099930531,0.0,0.0,0.0,4.532656523063026,0.07554427538438377
0.05300000000000004,0.24089768795369776,-0.07307319888175332,1.6609780823790332,0.24089753526951235,-0.0730729833318539,1.6609761099930531,0.24089753526951235,-0.0730729833318539,1.6609761099930531,0.0,0.0,0.0,4.532580447326079,0.07554300745543464
0.05400000000000004,0.24089772732471723,-0.0730732179649751,1.6609782069028953,0.24089753526951235,-0.0730729833318539,1.6609761099930531,0.24089753526951235,-0.0730729833318539,1.6609761099930531,0.0,0.0,0.0,4.532520889627757,0.07554201482712929
0.05500000000000004,0.24089777104552812,-0.07307323830526319,1.6609783357924817,0.24089753526951235,-0.0730729833318539,1.6609761099930531,0.24089753526951235,-0.0730729833318539,1.6609761099930531,0.0,0.0,0.0,4.532479219237382,0.07554132032062304
0.05600000000000004,0.24089781888481754,-0.07307325991448566,1.6609784678092716,0.24089753526951235,-0.0730729833318539,1.6609761099930531,0.24089753526951235,-0.0730729833318539,1.6609761099930531,0.0,0.0,0.0,4.532456255589385,0.07554093759315642
0.057000000000000044,0.24089787056663026,-0.07307328278273234,1.6609786016771722,0.24089753526951235,-0.0730729833318539,1.6609761099930531,0.24089753526951235,-0.0730729833318539,1.6609761099930531,0.0,0.0,0.0,4.532452317324238,0.07554087195540397
0.058000000000000045,0.24089792577953362,-0.07307330687962932,1.6609787361146027,0.24089753526951235,-0.0730729833318539,1.6609761099930531,0.24089753526951235,-0.0730729833318539,1.6609761099930531,0.0,0.0,0.0,4.554213368011233,0.07554112130307364
0.059000000000000045,0.24089798418522734,-0.07307333215594614,1.6609788698624057,0.24089753526951235,-0.0730729833318539,1.6609761099930531,0.24089753526951235,-0.0730729833318539,1.6609761099930531,0.0,0.0,0.0,4.595201017092946,0.0755416771161308
0.060000000000000046,0.24089804542645674,-0.07307335854542119,1.660979001707455,0.24089753526951235,-0.0730729833318539,1.6609761099930531,0.24089753526951235,-0.0730729833318539,1.6609761099930531,0.0,0.0,0.0,4.633178440314161,0.07554252548440134
0.06100000000000005,0.24089810913412585,-0.07307338596672398,1.6609791305019663,0.24089753526951235,-0.0730729833318539,1.6609761099930531,0.24089753526951235,-0.0730729833318539,1.6609761099930531,0.0,0.0,0.0,4.668122755230872,0.07554364812399422
0.06200000000000005,0.24089817493356158,-0.07307341432549272,1.6609792551786484,0.24089753526951235,-0.0730729833318539,1.6609761099930531,0.24089753526951235,-0.0730729833318539,1.6609761099930531,0.0,0.0,0.0,4.700021104402501,0.07554502335522066
0.06300000000000004,0.240898242449913,-0.07307344351638899,1.6609793747619623,0.24089753526951235,-0.0730729833318539,1.6609761099930531,0.24089753526951235,-0.0730729833318539,1.6609761099930531,0.0,0.0,0.0,4.728870653244912,0.07554662701886548
0.06400000000000004,0.24089831131270315,-0.07307347342511897,1.6609794883757991,0.24089753526951235,-0.0730729833318539,1.6609761099930531,0.24089753526951235,-0.0730729833318539,1.6609761099930531,0.0,0.0,0.0,4.754678485040357,0.07554843331356094
0.06500000000000004,0.24089838115957535,-0.07307350393038795,1.6609795952479722,0.24089753526951235,-0.0730729833318539,1.6609761099930531,0.24089753526951235,-0.0730729833318539,1.6609761099930531,0.0,0.0,0.0,4.777461397366959,0.07555041554273352
0.06600000000000004,0.24089845163929685,-0.0730735349057495,1.660979694711928,0.24089753526951235,-0.0730729833318539,1.6609761099930531,0.24089753526951235,-0.0730729833318539,1.6609761099930531,0.0,0.0,0.0,4.797245606210007,0.07555254676452067
0.06700000000000005,0.2408985224140892,-0.07307356622133569,1.6609797862061138,0.24089753526951235,-0.0730729833318539,1.6609761099930531,0.24089753526951235,-0.0730729833318539,1.6609761099930531,0.0,0.0,0.0,4.8140663657209934,0.07555480034255124
0.06800000000000005,0.2408985931613759,-0.0730735977454468,1.6609798692714024,0.24089753526951235,-0.0730729833318539,1.6609761099930531,0.24089753526951235,-0.0730729833318539,1.6609761099930531,0.0,0.0,0.0,4.827967512980889,0.07555715039909762
0.06900000000000005,0.24089866357501788,-0.07307362934599525,1.660979943546997,0.24089753526951235,-0.0730729833318539,1.6609761099930531,0.24089753526951235,-0.0730729833318539,1.6609761099930531,0.0,0.0,0.0,4.83900094816998,0.07555957217521891
0.07000000000000005,0.2408987333661324,-0.07307366089180031,1.66098000876517,0.24089753526951235,-0.0730729833318539,1.6609761099930531,0.24089753526951235,-0.0730729833318539,1.6609761099930531,0.0,0.0,0.0,4.8472260612258635,0.07556204230461942
0.07100000000000005,0.2408988022635642,-0.07307369225373105,1.6609800647451767,0.24089753526951235,-0.0730729833318539,1.6609761099930531,0.24089753526951235,-0.0730729833318539,1.6609761099930531,0.0,0.0,0.0,4.85270911641551,0.07556453900969934
0.07200000000000005,0.24089887002696936,-0.0730737233077233,1.6609801113772087,0.24089753526951235,-0.0730729833318539,1.6609761099930531,0.24089753526951235,-0.0730729833318539,1.6609761099930531,0.0,0.0,0.0,4.855529590267258,0.07556704960103851
0.07300000000000005,0.24089893644364269,-0.07307375393316215,1.66098014859976,0.24089753526951235,-0.0730729833318539,1.6609761099930531,0.24089753526951235,-0.0730729833318539,1.6609761099930531,0.0,0.0,0.0,4.85578219320666,0.07556956741348034
0.07400000000000005,0.24089900132019396,-0.07307378401269321,1.6609801763775633,0.24089753526951235,-0.0730729833318539,1.6609761099930531,0.24089753526951235,-0.0730729833318539,1.6609761099930531,0.0,0.0,0.0,4.853577316732749,0.07557209005338414
0.07500000000000005,0.24089906445511733,-0.07307381343094693,1.6609801946972953,0.24089753526951235,-0.0730729833318539,1.6609761099930531,0.24089753526951235,-0.0730729833318539,1.6609761099930531,0.0,0.0,0.0,4.849030113038353,0.07557460734612957
0.07600000000000005,0.24089912563496113,-0.0730738420745266,1.6609802035777181,0.24089753526951235,-0.0730729833318539,1.6609761099930531,0.24089753526951235,-0.0730729833318539,1.6609761099930531,0.0,0.0,0.0,4.842255367989996,0.07557710434073811
0.07700000000000005,0.2408991846425831,-0.07307386983288525,1.6609802030823817,0.24089753526951235,-0.0730729833318539,1.6609761099930531,0.24089753526951235,-0.0730729833318539,1.6609761099930531,0.0,0.0,0.0,4.833366052620741,0.07557956439520647
0.07800000000000006,0.2408992412668094,-0.07307389659949609,1.6609801933296906,0.24089753526951235,-0.0730729833318539,1.6609761099930531,0.24089753526951235,-0.0730729833318539,1.6609761099930531,0.0,0.0,0.0,4.822472887532463,0.07558197043914808
0.07900000000000006,0.2408992953105702,-0.07307392227308665,1.6609801744991672,0.24089753526951235,-0.0730729833318539,1.6609761099930531,0.24089753526951235,-0.0730729833318539,1.6609761099930531,0.0,0.0,0.0,4.809684213384765,0.07558430568543308
0.08000000000000006,0.24089934659695783,-0.0730739467588105,1.6609801468339473,0.24089753526951235,-0.0730729833318539,1.6609761099930531,0.24089753526951235,-0.0730729833318539,1.6609761099930531,0.0,0.0,0.0,4.795105949287654,0.07558655416075054
0.08100000000000006,0.2408993949733209,-0.07307396996929194,1.6609801106399564,0.24089753526951235,-0.0730729833318539,1.6609761099930531,0.24089753526951235,-0.0730729833318539,1.6609761099930531,0.0,0.0,0.0,4.778841573932093,0.07558870114869841
0.08200000000000006,0.24089944031366886,-0.07307399182549985,1.660980066282318,0.24089753526951235,-0.0730729833318539,1.6609761099930531,0.24089753526951235,-0.0730729833318539,1.6609761099930531,0.0,0.0,0.0,4.760992111212274,0.07559073355952668
0.08300000000000006,0.2408994825196764,-0.07307401225742863,1.6609800141795612,0.24089753526951235,-0.0730729833318539,1.6609761099930531,0.24089753526951235,-0.0730729833318539,1.6609761099930531,0.0,0.0,0.0,4.741656115915909,0.07559264022218007
0.08400000000000006,0.24089952152056296,-0.0730740312045697,1.6609799547961877,0.24089753526951235,-0.0730729833318539,1.6609761099930531,0.24089753526951235,-0.0730729833318539,1.6609761099930531,0.0,0.0,0.0,4.720929658912374,0.07559441209343336
0.08500000000000006,0.2408995572720763,-0.07307404861617987,1.6609798886341145,0.24089753526951235,-0.0730729833318539,1.6609761099930531,0.24089753526951235,-0.0730729833318539,1.6609761099930531,0.0,0.0,0.0,4.69890631216612,0.07559604238256769
0.08600000000000006,0.2408995897548052,-0.0730740644513472,1.6609798162234746,0.24089753526951235,-0.0730729833318539,1.6609761099930531,0.24089753526951235,-0.0730729833318539,1.6609761099930531,0.0,0.0,0.0,4.6756771340109875,0.07559752659420448
0.08700000000000006,0.2408996189719958,-0.07307407867887343,1.660979738113196,0.24089753526951235,-0.0730729833318539,1.6609761099930531,0.24089753526951235,-0.0730729833318539,1.6609761099930531,0.0,0.0,0.0,4.6513306551147515,0.07559886249536332
0.08800000000000006,0.2408996449470454,-0.07307409127698972,1.6609796548617284,0.24089753526951235,-0.0730729833318539,1.6609761099930531,0.24089753526951235,-0.0730729833318539,1.6609761099930531,0.0,0.0,0.0,4.625952865497635,0.07560005001545599
0.08900000000000007,0.2408996677208121,-0.07307410223293127,1.6609795670282372,0.24089753526951235,-0.0730729833318539,1.6609761099930531,0.24089753526951235,-0.0730729833318539,1.6609761099930531,0.0,0.0,0.0,4.599627202971182,0.07560109108967712
0.09000000000000007,0.24089968734886058,-0.07307411154239206,1.6609794751644933,0.24089753526951235,-0.0730729833318539,1.6609761099930531,0.24089753526951235,-0.0730729833318539,1.6609761099930531,0.0,0.0,0.0,4.572434543342598,0.07560198945720004
0.09100000000000007,0.2408997038987472,-0.0730741192088905,1.6609793798076637,0.24089753526951235,-0.0730729833318539,1.6609761099930531,0.24089753526951235,-0.0730729833318539,1.6609761099930531,0.0,0.0,0.0,4.5444531927533784,0.07560275042603633
0.09200000000000007,0.2408997174474277,-0.07307412524306749,1.6609792814741273,0.24089753526951235,-0.0730729833318539,1.6609761099930531,0.24089753526951235,-0.0730729833318539,1.6609761099930531,0.0,0.0,0.0,4.536202836964247,0.07560338061607078
0.09300000000000007,0.24089972807884708,-0.07307412966194565,1.6609791806543897,0.24089753526951235,-0.0730729833318539,1.6609761099930531,0.24089753526951235,-0.0730729833318539,1.6609761099930531,0.0,0.0,0.0,4.536233261476054,0.07560388769126757
0.09400000000000007,0.24089973588176594,-0.07307413248816748,1.6609790778091318,0.24089753526951235,-0.0730729833318539,1.6609761099930531,0.24089753526951235,-0.0730729833318539,1.6609761099930531,0.0,0.0,0.0,4.536256805460064,0.07560428009100106
0.09500000000000007,0.24089974094784794,-0.0730741337492423,1.6609789733663802,0.24089753526951235,-0.0730729833318539,1.6609761099930531,0.24089753526951235,-0.0730729833318539,1.6609761099930531,0.0,0.0,0.0,4.536274006155424,0.07560456676925707
0.09600000000000007,0.240899743370031,-0.07307413347680924,1.6609788677197397,0.24089753526951235,-0.0730729833318539,1.6609761099930531,0.24089753526951235,-0.0730729833318539,1.6609761099930531,0.0,0.0,0.0,4.5362854169461775,0.07560475694910296
0.09700000000000007,0.24089974324118396,-0.07307413170593943,1.6609787612276237,0.24089753526951235,-0.0730729833318539,1.6609761099930531,0.24089753526951235,-0.0730729833318539,1.6609761099930531,0.0,0.0,0.0,4.5362915939014306,0.07560485989835718
0.09800000000000007,0.24089974065304984,-0.073074128474487,1.6609786542133722,0.24089753526951235,-0.0730729833318539,1.6609761099930531,0.24089753526951235,-0.0730729833318539,1.6609761099930531,0.0,0.0,0.0,4.536293083853644,0.07560488473089406
0.09900000000000007,0.24089973569545248,-0.07307412382249709,1.66097854696614,0.24089753526951235,-0.0730729833318539,1.6609761099930531,0.24089753526951235,-0.0730729833318539,1.6609761099930531,0.0,0.0,0.0,4.536290414198605,0.07560484023664342
0.10000000000000007,0.2408997284557565,-0.07307411779167838,1.6609784397424399,0.24089753526951235,-0.0730729833318539,1.6609761099930531,0.24089753526951235,-0.0730729833318539,1.6609761099930531,0.0,0.0,0.0,4.536284084518232,0.07560473474197053
0.10100000000000008,0.24089971901854432,-0.07307411042494288,1.6609783327681953,0.24089753526951235,-0.0730729833318539,1.6609761099930531,0.24089753526951235,-0.0730729833318539,1.6609761099930531,0.0,0.0,0.0,4.536274560052513,0.07560457600087522
0.10200000000000008,0.24089970746549072,-0.07307410176601394,1.660978226241183,0.24089753526951235,-0.0730729833318539,1.6609761099930531,0.24089753526951235,-0.0730729833318539,1.6609761099930531,0.0,0.0,0.0,4.536262266986298,0.0756043711164383
0.10300000000000008,0.24089969387539523,-0.07307409185910087,1.6609781203337377,0.24089753526951235,-0.0730729833318539,1.6609761099930531,0.24089753526951235,-0.0730729833318539,1.6609761099930531,0.0,0.0,0.0,4.536247589458824,0.0756041264909804
0.10400000000000008,0.24089967832434683,-0.07307408074863894,1.6609780151956008,0.24089753526951235,-0.0730729833318539,1.6609761099930531,0.24089753526951235,-0.0730729833318539,1.6609761099930531,0.0,0.0,0.0,4.5362308681616215,0.07560384780269369
0.10500000000000008,0.24089966088598352,-0.07307406847908618,1.6609779109568097,0.24089753526951235,-0.0730729833318539,1.6609761099930531,0.24089753526951235,-0.0730729833318539,1.6609761099930531,0.0,0.0,0.0,4.536212400354563,0.07560354000590938
0.10600000000000008,0.24089964163182503,-0.07307405509477699,1.660977807730539,0.24089753526951235,-0.0730729833318539,1.6609761099930531,0.24089753526951235,-0.0730729833318539,1.6609761099930531,0.0,0.0,0.0,4.536192441109675,0.07560320735182792
0.10700000000000008,0.2408996206316374,-0.07307404063981897,1.6609777056158028,0.24089753526951235,-0.0730729833318539,1.6609761099930531,0.24089753526951235,-0.0730729833318539,1.6609761099930531,0.0,0.0,0.0,4.5361712055733365,0.07560285342622228
0.10800000000000008,0.24089959795382376,-0.07307402515803256,1.6609776046999796,0.24089753526951235,-0.0730729833318539,1.6609761099930531,0.24089753526951235,-0.0730729833318539,1.6609761099930531,0.0,0.0,0.0,4.5361488720394405,0.07560248120065734
0.10900000000000008,0.24089957366580003,-0.07307400869292155,1.660977505061081,0.24089753526951235,-0.0730729833318539,1.6609761099930531,0.24089753526951235,-0.0730729833318539,1.6609761099930531,0.0,0.0,0.0,4.53612558561886,0.07560209309364767
0.11000000000000008,0.24089954783435244,-0.07307399128767084,1.6609774067697634,0.24089753526951235,-0.0730729833318539,1.6609761099930531,0.24089753526951235,-0.0730729833318539,1.6609761099930531,0.0,0.0,0.0,4.536101462310762,0.07560169103851269
0.11100000000000008,0.2408995205259541,-0.07307397298515919,1.6609773098910294,0.24089753526951235,-0.0730729833318539,1.6609761099930531,0.24089753526951235,-0.0730729833318539,1.6609761099930531,0.0,0.0,0.0,4.536076593284804,0.07560127655474673
0.11200000000000009,0.24089949180703557,-0.07307395382799009,1.6609772144856485,0.24089753526951235,-0.0730729833318539,1.6609761099930531,0.24089753526951235,-0.0730729833318539,1.6609761099930531,0.0,0.0,0.0,4.536051049212082,0.07560085082020136
0.11300000000000009,0.24089946174419785,-0.07307393385852316,1.6609771206112653,0.24089753526951235,-0.0730729833318539,1.6609761099930531,0.24089753526951235,-0.0730729833318539,1.6609761099930531,0.0,0.0,0.0,4.5360248844939255,0.07560041474156542
0.11400000000000009,0.24089943040436562,-0.07307391311890994,1.6609770283232344,0.24089753526951235,-0.0730729833318539,1.6609761099930531,0.24089753526951235,-0.0730729833318539,1.6609761099930531,0.0,0.0,0.0,4.535998141271116,0.07559996902118526
0.11500000000000009,0.24089939785488196,-0.07307389165112685,1.660976937675188,0.24089753526951235,-0.0730729833318539,1.6609761099930531,0.24089753526951235,-0.0730729833318539,1.6609761099930531,0.0,0.0,0.0,4.5359708531123175,0.07559951421853862
0.11600000000000009,0.24089936416354152,-0.07307386949700202,1.6609768487193668,0.24089753526951235,-0.0730729833318539,1.6609761099930531,0.24089753526951235,-0.0730729833318539,1.6609761099930531,0.0,0.0,0.0,4.535943048309299,0.07559905080515499
0.11700000000000009,0.24089932939856873,-0.07307384669823108,1.6609767615067468,0.24089753526951235,-0.0730729833318539,1.6609761099930531,0.24089753526951235,-0.0730729833318539,1.6609761099930531,0.0,0.0,0.0,4.535914752728302,0.07559857921213836
0.11800000000000009,0.2408992936285474,-0.07307382329638647,1.6609766760869897,0.24089753526951235,-0.0730729833318539,1.6609761099930531,0.24089753526951235,-0.0730729833318539,1.6609761099930531,0.0,0.0,0.0,4.535885992187466,0.0755980998697911
0.11900000000000009,0.2408992569223022,-0.07307379933290996,1.6609765925082587,0.24089753526951235,-0.0730729833318539,1.6609761099930531,0.24089753526951235,-0.0730729833318539,1.6609761099930531,0.0,0.0,0.0,4.535856794352639,0.07559761323921065
0.12000000000000009,0.24089921934874836,-0.07307377484909813,1.6609765108169205,0.24089753526951235,-0.0730729833318539,1.6609761099930531,0.24089753526951235,-0.0730729833318539,1.6609761099930531,0.0,0.0,0.0,4.535827190157561,0.07559711983595935
0.1210000000000001,0.24089918097670776,-0.07307374988607222,1.660976431057185,0.24089753526951235,-0.0730729833318539,1.6609761099930531,0.24089753526951235,-0.0730729833318539,1.6609761099930531,0.0,0.0,0.0,4.5357972147738925,0.07559662024623154
0.1220000000000001,0.24089914187470834,-0.07307372448473808,1.660976353270692,0.24089753526951235,-0.0730729833318539,1.6609761099930531,0.24089753526951235,-0.0730729833318539,1.6609761099930531,0.0,0.0,0.0,4.535766908161344,0.07559611513602241
0.1230000000000001,0.24089910211076773,-0.07307369868573654,1.6609762774960903,0.24089753526951235,-0.0730729833318539,1.6609761099930531,0.24089753526951235,-0.0730729833318539,1.6609761099930531,0.0,0.0,0.0,4.535736315245938,0.07559560525409896
0.1240000000000001,0.24089906175217163,-0.07307367252938496,1.6609762037686202,0.24089753526951235,-0.0730729833318539,1.6609761099930531,0.24089753526951235,-0.0730729833318539,1.6609761099930531,0.0,0.0,0.0,4.535705485772335,0.07559509142953892
0.12500000000000008,0.2408990208652541,-0.07307364605561079,1.6609761321197307,0.24089753526951235,-0.0730729833318539,1.6609761099930531,0.24089753526951235,-0.0730729833318539,1.6609761099930531,0.0,0.0,0.0,4.535674473886856,0.07559457456478094
0.12600000000000008,0.24089897951518346,-0.07307361930388041,1.6609760625767365,0.24089753526951235,-0.0730729833318539,1.6609761099930531,0.24089753526951235,-0.0730729833318539,1.6609761099930531,0.0,0.0,0.0,4.535643337504173,0.07559405562506956
0.12700000000000009,0.24089893776576266,-0.07307359231312531,1.6609759951625362,0.24089753526951235,-0.0730729833318539,1.6609761099930531,0.24089753526951235,-0.0730729833318539,1.6609761099930531,0.0,0.0,0.0,4.535612137514133,0.07559353562523555
0.12800000000000009,0.2408988956792441,-0.07307356512166571,1.6609759298953948,0.24089753526951235,-0.0730729833318539,1.6609761099930531,0.24089753526951235,-0.0730729833318539,1.6609761099930531,0.0,0.0,0.0,4.5355809368799545,0.0755930156146659
0.1290000000000001,0.24089885331616395,-0.07307353776713496,1.6609758667888,0.24089753526951235,-0.0730729833318539,1.6609761099930531,0.24089753526951235,-0.0730729833318539,1.6609761099930531,0.0,0.0,0.0,4.535549799677793,0.07559249666129655
0.1300000000000001,0.2408988107352028,-0.07307351028640496,1.6609758058513937,0.24089753526951235,-0.0730729833318539,1.6609761099930531,0.24089753526951235,-0.0730729833318539,1.6609761099930531,0.0,0.0,0.0,4.535518790120223,0.07559197983533705
0.1310000000000001,0.24089876799306348,-0.07307348271551588,1.6609757470869657,0.24089753526951235,-0.0730729833318539,1.6609761099930531,0.24089753526951235,-0.0730729833318539,1.6609761099930531,0.0,0.0,0.0,4.535487971603207,0.07559146619338677
0.1320000000000001,0.24089872514437882,-0.07307345508960991,1.6609756904945332,0.24089753526951235,-0.0730729833318539,1.6609761099930531,0.24089753526951235,-0.0730729833318539,1.6609761099930531,0.0,0.0,0.0,4.535457405809833,0.07559095676349721
0.1330000000000001,0.24089868224163996,-0.07307342744286993,1.6609756360684658,0.24089753526951235,-0.0730729833318539,1.6609761099930531,0.24089753526951235,-0.0730729833318539,1.6609761099930531,0.0,0.0,0.0,4.535427151893101,0.07559045253155168
0.1340000000000001,0.24089863933515043,-0.0730733998084655,1.660975583798681,0.24089753526951235,-0.0730729833318539,1.6609761099930531,0.24089753526951235,-0.0730729833318539,1.6609761099930531,0.0,0.0,0.0,4.535397265763648,0.07558995442939413
0.1350000000000001,0.24089859647299966,-0.07307337221850531,1.660975533670879,0.24089753526951235,-0.0730729833318539,1.6609761099930531,0.24089753526951235,-0.0730729833318539,1.6609761099930531,0.0,0.0,0.0,4.5353677994891815,0.0755894633248197
0.1360000000000001,0.2408985537010598,-0.07307334470399815,1.660975485666822,0.24089753526951235,-0.0730729833318539,1.6609761099930531,0.24089753526951235,-0.0730729833318539,1.6609761099930531,0.0,0.0,0.0,4.535338800819766,0.07558898001366278
0.1370000000000001,0.2408985110629977,-0.07307331729481836,1.6609754397646412,0.24089753526951235,-0.0730729833318539,1.6609761099930531,0.24089753526951235,-0.0730729833318539,1.6609761099930531,0.0,0.0,0.0,4.535310312837333,0.07558850521395555
0.1380000000000001,0.2408984686003049,-0.07307329001968262,1.6609753959391682,0.24089753526951235,-0.0730729833318539,1.6609761099930531,0.24089753526951235,-0.0730729833318539,1.6609761099930531,0.0,0.0,0.0,4.535282373729899,0.07558803956216499
0.1390000000000001,0.24089842635234138,-0.07307326290613275,1.6609753541622727,0.24089753526951235,-0.0730729833318539,1.6609761099930531,0.24089753526951235,-0.0730729833318539,1.6609761099930531,0.0,0.0,0.0,4.535255016684122,0.07558758361140203
0.1400000000000001,0.24089838435638694,-0.07307323598052314,1.6609753144032147,0.24089753526951235,-0.0730729833318539,1.6609761099930531,0.24089753526951235,-0.0730729833318539,1.6609761099930531,0.0,0.0,0.0,4.5352282698883934,0.07558713783147322
0.1410000000000001,0.24089834264770568,-0.0730732092680193,1.660975276628982,0.24089753526951235,-0.0730729833318539,1.6609761099930531,0.24089753526951235,-0.0730729833318539,1.6609761099930531,0.0,0.0,0.0,4.535202156631829,0.07558670261053049
0.1420000000000001,0.24089830125961326,-0.07307318279259808,1.6609752408046283,0.24089753526951235,-0.0730729833318539,1.6609761099930531,0.24089753526951235,-0.0730729833318539,1.6609761099930531,0.0,0.0,0.0,4.535176695491654,0.07558627825819424
0.1430000000000001,0.24089826022355026,-0.07307315657705642,1.6609752068935897,0.24089753526951235,-0.0730729833318539,1.6609761099930531,0.24089753526951235,-0.0730729833318539,1.6609761099930531,0.0,0.0,0.0,4.5351519005889775,0.07558586500981629
0.1440000000000001,0.24089821956915647,-0.07307313064302383,1.6609751748579846,0.24089753526951235,-0.0730729833318539,1.6609761099930531,0.24089753526951235,-0.0730729833318539,1.6609761099930531,0.0,0.0,0.0,4.535127781903159,0.07558546303171933
0.1450000000000001,0.2408981793243467,-0.07307310501097891,1.6609751446588925,0.24089753526951235,-0.0730729833318539,1.6609761099930531,0.24089753526951235,-0.0730729833318539,1.6609761099930531,0.0,0.0,0.0,4.535104345627246,0.07558507242712077
0.1460000000000001,0.2408981395153847,-0.07307307970027037,1.6609751162566018,0.24089753526951235,-0.0730729833318539,1.6609761099930531,0.24089753526951235,-0.0730729833318539,1.6609761099930531,0.0,0.0,0.0,4.5350815945509355,0.07558469324251559
0.1470000000000001,0.2408981001669546,-0.07307305472913797,1.6609750896108353,0.24089753526951235,-0.0730729833318539,1.6609761099930531,0.24089753526951235,-0.0730729833318539,1.6609761099930531,0.0,0.0,0.0,4.535059528460077,0.07558432547433462
0.1480000000000001,0.24089806130223113,-0.07307303011474107,1.6609750646809487,0.24089753526951235,-0.0730729833318539,1.6609761099930531,0.24089753526951235,-0.0730729833318539,1.6609761099930531,0.0,0.0,0.0,4.5350381445379595,0.07558396907563265
0.1490000000000001,0.24089802294294416,-0.07307300587318369,1.6609750414261002,0.24089753526951235,-0.0730729833318539,1.6609761099930531,0.24089753526951235,-0.0730729833318539,1.6609761099930531,0.0,0.0,0.0,4.535017437759461,0.07558362396265769
0.1500000000000001,0.2408979851094386,-0.07307298201954295,1.660975019805392,0.24089753526951235,-0.0730729833318539,1.6609761099930531,0.24089753526951235,-0.0730729833318539,1.6609761099930531,0.0,0.0,0.0,4.534997401268797,0.07558329002114661
0.1510000000000001,0.24089794782073165,-0.07307295856789864,1.660974999777993,0.24089753526951235,-0.0730729833318539,1.6609761099930531,0.24089753526951235,-0.0730729833318539,1.6609761099930531,0.0,0.0,0.0,4.534978026734662,0.07558296711224437
0.1520000000000001,0.24089791109456518,-0.07307293553136221,1.660974981303231,0.24089753526951235,-0.0730729833318539,1.6609761099930531,0.24089753526951235,-0.0730729833318539,1.6609761099930531,0.0,0.0,0.0,4.53495930467477,0.07558265507791283
0.1530000000000001,0.2408978749474505,-0.07307291292210595,1.6609749643406717,0.24089753526951235,-0.0730729833318539,1.6609761099930531,0.24089753526951235,-0.0730729833318539,1.6609761099930531,0.0,0.0,0.0,4.534941224748777,0.07558235374581294
0.1540000000000001,0.24089783939471404,-0.07307289075139169,1.6609749488501733,0.24089753526951235,-0.0730729833318539,1.6609761099930531,0.24089753526951235,-0.0730729833318539,1.6609761099930531,0.0,0.0,0.0,4.534923776014147,0.07558206293356912
0.1550000000000001,0.2408978044505345,-0.07307286902959988,1.6609749347919278,0.24089753526951235,-0.0730729833318539,1.6609761099930531,0.24089753526951235,-0.0730729833318539,1.6609761099930531,0.0,0.0,0.0,4.534906947146428,0.07558178245244047
0.1560000000000001,0.2408977701279788,-0.0730728477662566,1.660974922126491,0.24089753526951235,-0.0730729833318539,1.6609761099930531,0.24089753526951235,-0.0730729833318539,1.6609761099930531,0.0,0.0,0.0,4.534890726622788,0.07558151211037979
0.1570000000000001,0.2408977364390349,-0.07307282697006012,1.6609749108147984,0.24089753526951235,-0.0730729833318539,1.6609761099930531,0.24089753526951235,-0.0730729833318539,1.6609761099930531,0.0,0.0,0.0,4.53487510286922,0.075581251714487
0.1580000000000001,0.24089770339464195,-0.0730728066489076,1.6609749008181731,0.24089753526951235,-0.0730729833318539,1.6609761099930531,0.24089753526951235,-0.0730729833318539,1.6609761099930531,0.0,0.0,0.0,4.5348600643753665,0.07558100107292277
0.1590000000000001,0.2408976710047162,-0.07307278680991951,1.6609748920983318,0.24089753526951235,-0.0730729833318539,1.6609761099930531,0.24089753526951235,-0.0730729833318539,1.6609761099930531,0.0,0.0,0.0,4.534845599778861,0.07558075999631435
0.16000000000000011,0.2408976392781795,-0.07307276745946413,1.66097488461738,0.24089753526951235,-0.0730729833318539,1.6609761099930531,0.24089753526951235,-0.0730729833318539,1.6609761099930531,0.0,0.0,0.0,4.534831697920667,0.07558052829867777
0.16100000000000012,0.24089760822298345,-0.07307274860318061,1.6609748783378113,0.24089753526951235,-0.0730729833318539,1.6609761099930531,0.24089753526951235,-0.0730729833318539,1.6609761099930531,0.0,0.0,0.0,4.5348183478785336,0.07558030579797556
0.16200000000000012,0.2408975778461325,-0.07307273024600142,1.6609748732224985,0.24089753526951235,-0.0730729833318539,1.6609761099930531,0.24089753526951235,-0.0730729833318539,1.6609761099930531,0.0,0.0,0.0,4.534805538978705,0.07558009231631174
0.16300000000000012,0.24089754815370892,-0.07307271239217353,1.6609748692346922,0.24089753526951235,-0.0730729833318539,1.6609761099930531,0.24089753526951235,-0.0730729833318539,1.6609761099930531,0.0,0.0,0.0,4.53479326079284,0.07557988767988068
0.16400000000000012,0.24089751915089697,-0.07307269504528101,1.6609748663380155,0.24089753526951235,-0.0730729833318539,1.6609761099930531,0.24089753526951235,-0.0730729833318539,1.6609761099930531,0.0,0.0,0.0,4.534781503120344,0.0755796917186724
0.16500000000000012,0.24089749084200535,-0.0730726782082633,1.6609748644964626,0.24089753526951235,-0.0730729833318539,1.6609761099930531,0.24089753526951235,-0.0730729833318539,1.6609761099930531,0.0,0.0,0.0,4.534770255963051,0.07557950426605084
0.16600000000000012,0.2408974632304921,-0.07307266188343672,1.6609748636743993,0.24089753526951235,-0.0730729833318539,1.6609761099930531,0.24089753526951235,-0.0730729833318539,1.6609761099930531,0.0,0.0,0.0,4.534759509492796,0.07557932515821326
0.16700000000000012,0.2408974363189899,-0.07307264607251411,1.660974863836566,0.24089753526951235,-0.0730729833318539,1.6609761099930531,0.24089753526951235,-0.0730729833318539,1.6609761099930531,0.0,0.0,0.0,4.53474925401607,0.07557915423360116
0.16800000000000012,0.24089741010932977,-0.07307263077662181,1.6609748649480802,0.24089753526951235,-0.0730729833318539,1.6609761099930531,0.24089753526951235,-0.0730729833318539,1.6609761099930531,0.0,0.0,0.0,4.534739479938184,0.07557899133230307
0.16900000000000012,0.24089738460256763,-0.07307261599632223,1.6609748669744513,0.24089753526951235,-0.0730729833318539,1.6609761099930531,0.24089753526951235,-0.0730729833318539,1.6609761099930531,0.0,0.0,0.0,4.534730177728482,0.07557883629547471
0.17000000000000012,0.2408973597990112,-0.0730726017316291,1.6609748698815827,0.24089753526951235,-0.0730729833318539,1.6609761099930531,0.24089753526951235,-0.0730729833318539,1.6609761099930531,0.0,0.0,0.0,4.534721337887436,0.0755786889647906
0.17100000000000012,0.24089733569824495,-0.07307258798202813,1.66097487363579,0.24089753526951235,-0.0730729833318539,1.6609761099930531,0.24089753526951235,-0.0730729833318539,1.6609761099930531,0.0,0.0,0.0,4.534712950920238,0.07557854918200398
0.17200000000000013,0.24089731229916023,-0.07307257474649499,1.6609748782038118,0.24089753526951235,-0.0730729833318539,1.6609761099930531,0.24089753526951235,-0.0730729833318539,1.6609761099930531,0.0,0.0,0.0,4.534705007312641,0.07557841678854402
0.17300000000000013,0.24089728959997955,-0.0730725620235129,1.6609748835528253,0.24089753526951235,-0.0730729833318539,1.6609761099930531,0.24089753526951235,-0.0730729833318539,1.6609761099930531,0.0,0.0,0.0,4.534697497514983,0.07557829162524972
0.17400000000000013,0.24089726759828717,-0.07307254981109167,1.6609748896504628,0.24089753526951235,-0.0730729833318539,1.6609761099930531,0.24089753526951235,-0.0730729833318539,1.6609761099930531,0.0,0.0,0.0,4.5346904119296285,0.07557817353216048
0.17500000000000013,0.2408972462910547,-0.0730725381067859,1.6609748964648272,0.24089753526951235,-0.0730729833318539,1.6609761099930531,0.24089753526951235,-0.0730729833318539,1.6609761099930531,0.0,0.0,0.0,4.534683740905398,0.07557806234842329
0.17600000000000013,0.24089722567467106,-0.07307252690771232,1.6609749039645083,0.24089753526951235,-0.0730729833318539,1.6609761099930531,0.24089753526951235,-0.0730729833318539,1.6609761099930531,0.0,0.0,0.0,4.534677474737075,0.07557795791228458
0.17700000000000013,0.24089720574496834,-0.0730725162105691,1.6609749121185984,0.24089753526951235,-0.0730729833318539,1.6609761099930531,0.24089753526951235,-0.0730729833318539,1.6609761099930531,0.0,0.0,0.0,4.534671603669868,0.07557786006116447
0.17800000000000013,0.2408971864972505,-0.07307250601165213,1.6609749208967062,0.24089753526951235,-0.0730729833318539,1.6609761099930531,0.24089753526951235,-0.0730729833318539,1.6609761099930531,0.0,0.0,0.0,4.534666117907528,0.07557776863179214
0.17900000000000013,0.24089716792631966,-0.0730724963068737,1.6609749302689725,0.24089753526951235,-0.0730729833318539,1.6609761099930531,0.24089753526951235,-0.0730729833318539,1.6609761099930531,0.0,0.0,0.0,4.5346610076250125,0.07557768346041688
0.18000000000000013,0.2408971500265033,-0.07307248709178102,1.660974940206081,0.24089753526951235,-0.0730729833318539,1.6609761099930531,0.24089753526951235,-0.0730729833318539,1.6609761099930531,0.0,0.0,0.0,4.534656262983045,0.07557760438305075
0.18100000000000013,0.24089713279167896,-0.0730724783615717,1.6609749506792717,0.24089753526951235,-0.0730729833318539,1.6609761099930531,0.24089753526951235,-0.0730729833318539,1.6609761099930531,0.0,0.0,0.0,4.534651874145192,0.0755775312357532
0.18200000000000013,0.24089711621530108,-0.07307247011111215,1.660974961660347,0.24089753526951235,-0.0730729833318539,1.6609761099930531,0.24089753526951235,-0.0730729833318539,1.6609761099930531,0.0,0.0,0.0,4.534647831295773,0.07557746385492956
0.18300000000000013,0.24089710029042394,-0.07307246233495543,1.6609749731216834,0.24089753526951235,-0.0730729833318539,1.6609761099930531,0.24089753526951235,-0.0730729833318539,1.6609761099930531,0.0,0.0,0.0,4.534644124659012,0.07557740207765021
0.18400000000000014,0.24089708500972695,-0.0730724550273564,1.6609749850362334,0.24089753526951235,-0.0730729833318539,1.6609761099930531,0.24089753526951235,-0.0730729833318539,1.6609761099930531,0.0,0.0,0.0,4.534640744517431,0.0755773457419572
0.18500000000000014,0.24089707036553623,-0.07307244818228902,1.6609749973775338,0.24089753526951235,-0.0730729833318539,1.6609761099930531,0.24089753526951235,-0.0730729833318539,1.6609761099930531,0.0,0.0,0.0,4.534637681230121,0.07557729468716869
0.18600000000000014,0.24089705634984854,-0.07307244179346323,1.66097501011971,0.24089753526951235,-0.0730729833318539,1.6609761099930531,0.24089753526951235,-0.0730729833318539,1.6609761099930531,0.0,0.0,0.0,4.534634925248953,0.07557724875414921
0.18700000000000014,0.24089704295435077,-0.07307243585433923,1.6609750232374716,0.24089753526951235,-0.0730729833318539,1.6609761099930531,0.24089753526951235,-0.0730729833318539,1.6609761099930531,0.0,0.0,0.0,4.534632467133978,0.0755772077855663
0.18800000000000014,0.2408970301704418,-0.07307243035814477,1.660975036706119,0.24089753526951235,-0.0730729833318539,1.6609761099930531,0.24089753526951235,-0.0730729833318539,1.6609761099930531,0.0,0.0,0.0,4.534630297567441,0.07557717162612401
0.18900000000000014,0.24089701798925212,-0.07307242529788967,1.6609750505015397,0.24089753526951235,-0.0730729833318539,1.6609761099930531,0.24089753526951235,-0.0730729833318539,1.6609761099930531,0.0,0.0,0.0,4.534628407364226,0.0755771401227371
0.19000000000000014,0.24089700640166317,-0.07307242066638035,1.6609750646002082,0.24089753526951235,-0.0730729833318539,1.6609761099930531,0.24089753526951235,-0.0730729833318539,1.6609761099930531,0.0,0.0,0.0,4.534626787481518,0.07557711312469197
0.19100000000000014,0.24089699539832438,-0.07307241645623469,1.6609750789791795,0.24089753526951235,-0.0730729833318539,1.6609761099930531,0.24089753526951235,-0.0730729833318539,1.6609761099930531,0.0,0.0,0.0,4.534625429025652,0.07557709048376086
0.19200000000000014,0.2408969849696727,-0.07307241265989634,1.660975093616092,0.24089753526951235,-0.0730729833318539,1.6609761099930531,0.24089753526951235,-0.0730729833318539,1.6609761099930531,0.0,0.0,0.0,4.534624323257314,0.07557707205428857
0.19300000000000014,0.24089697510594915,-0.07307240926964824,1.6609751084891589,0.24089753526951235,-0.0730729833318539,1.6609761099930531,0.24089753526951235,-0.0730729833318539,1.6609761099930531,0.0,0.0,0.0,4.534623461593552,0.07557705769322585
0.19400000000000014,0.24089696579721423,-0.07307240627762587,1.6609751235771646,0.24089753526951235,-0.0730729833318539,1.6609761099930531,0.24089753526951235,-0.0730729833318539,1.6609761099930531,0.0,0.0,0.0,4.534622835609587,0.07557704726015978
0.19500000000000015,0.2408969570333654,-0.07307240367583108,1.6609751388594627,0.24089753526951235,-0.0730729833318539,1.6609761099930531,0.24089753526951235,-0.0730729833318539,1.6609761099930531,0.0,0.0,0.0,4.534622437037748,0.0755770406172958
0.19600000000000015,0.24089694880415197,-0.07307240145614363,1.6609751543159679,0.24089753526951235,-0.0730729833318539,1.6609761099930531,0.24089753526951235,-0.0730729833318539,1.6609761099930531,0.0,0.0,0.0,4.534622257765457,0.07557703762942428
0.19700000000000015,0.24089694109918963,-0.0730723996103342,1.6609751699271547,0.24089753526951235,-0.0730729833318539,1.6609761099930531,0.24089753526951235,-0.0730729833318539,1.6609761099930531,0.0,0.0,0.0,4.534622289831828,0.0755770381638638
0.19800000000000015,0.24089693390797567,-0.07307239813007663,1.660975185674049,0.24089753526951235,-0.0730729833318539,1.6609761099930531,0.24089753526951235,-0.0730729833318539,1.6609761099930531,0.0,0.0,0.0,4.534622525423154,0.07557704209038589
0.19900000000000015,0.2408969272199023,-0.07307239700695836,1.6609752015382266,0.24089753526951235,-0.0730729833318539,1.6609761099930531,0.24089753526951235,-0.0730729833318539,1.6609761099930531,0.0,0.0,0.0,4.534622956868918,0.07557704928114864
0.20000000000000015,0.2408969210242717,-0.07307239623249305,1.6609752175018073,0.24089753526951235,-0.0730729833318539,1.6609761099930531,0.24089753526951235,-0.0730729833318539,1.6609761099930531,0.0,0.0,0.0,4.534623576635214,0.0755770596105869
0.20100000000000015,0.24089691531030788,-0.07307239579813077,1.6609752335474497,0.24089753526951235,-0.0730729833318539,1.6609761099930531,0.24089753526951235,-0.0730729833318539,1.6609761099930531,0.0,0.0,0.0,4.534624377320149,0.07557707295533582
0.20200000000000015,0.24089691006717084,-0.07307239569526888,1.6609752496583476,0.24089753526951235,-0.0730729833318539,1.6609761099930531,0.24089753526951235,-0.0730729833318539,1.6609761099930531,0.0,0.0,0.0,4.534625351647888,0.07557708919413146
0.20300000000000015,0.24089690528396832,-0.07307239591526214,1.660975265818227,0.24089753526951235,-0.0730729833318539,1.6609761099930531,0.24089753526951235,-0.0730729833318539,1.6609761099930531,0.0,0.0,0.0,4.534626492463328,0.07557710820772214
0.20400000000000015,0.24089690094976915,-0.07307239644943252,1.6609752820113397,0.24089753526951235,-0.0730729833318539,1.6609761099930531,0.24089753526951235,-0.0730729833318539,1.6609761099930531,0.0,0.0,0.0,4.534627792726775,0.07557712987877958
0.20500000000000015,0.24089689705361556,-0.07307239728908022,1.6609752982224626,0.24089753526951235,-0.0730729833318539,1.6609761099930531,0.24089753526951235,-0.0730729833318539,1.6609761099930531,0.0,0.0,0.0,4.534629245510106,0.0755771540918351
0.20600000000000016,0.24089689358453226,-0.07307239842549108,1.6609753144368882,0.24089753526951235,-0.0730729833318539,1.6609761099930531,0.24089753526951235,-0.0730729833318539,1.6609761099930531,0.0,0.0,0.0,4.53463084399168,0.07557718073319467
0.20700000000000016,0.24089689053154079,-0.07307239984994707,1.6609753306404265,0.24089753526951235,-0.0730729833318539,1.6609761099930531,0.24089753526951235,-0.0730729833318539,1.6609761099930531,0.0,0.0,0.0,4.534632581454232,0.07557720969090385
0.20800000000000016,0.24089688788366953,-0.07307240155373416,1.6609753468193995,0.24089753526951235,-0.0730729833318539,1.6609761099930531,0.24089753526951235,-0.0730729833318539,1.6609761099930531,0.0,0.0,0.0,4.534634451281133,0.07557724085468555
0.20900000000000016,0.24089688562996475,-0.07307240352815282,1.6609753629606352,0.24089753526951235,-0.0730729833318539,1.6609761099930531,0.24089753526951235,-0.0730729833318539,1.6609761099930531,0.0,0.0,0.0,4.534636446954257,0.07557727411590427
0.21000000000000016,0.24089688375949925,-0.07307240576452316,1.6609753790514652,0.24089753526951235,-0.0730729833318539,1.6609761099930531,0.24089753526951235,-0.0730729833318539,1.6609761099930531,0.0,0.0,0.0,4.534638562053605,0.07557730936756007
0.21100000000000016,0.2408968822613866,-0.07307240825419566,1.6609753950797228,0.24089753526951235,-0.0730729833318539,1.6609761099930531,0.24089753526951235,-0.0730729833318539,1.6609761099930531,0.0,0.0,0.0,4.534640790255563,0.07557734650425937
0.21200000000000016,0.24089688112478463,-0.07307241098855752,1.660975411033732,0.24089753526951235,-0.0730729833318539,1.6609761099930531,0.24089753526951235,-0.0730729833318539,1.6609761099930531,0.0,0.0,0.0,4.534643125332997,0.07557738542221662
0.21300000000000016,0.2408968803389115,-0.07307241395904031,1.6609754269023114,0.24089753526951235,-0.0730729833318539,1.6609761099930531,0.24089753526951235,-0.0730729833318539,1.6609761099930531,0.0,0.0,0.0,4.534645561156377,0.07557742601927295
0.21400000000000016,0.24089687989304975,-0.07307241715712762,1.6609754426747623,0.24089753526951235,-0.0730729833318539,1.6609761099930531,0.24089753526951235,-0.0730729833318539,1.6609761099930531,0.0,0.0,0.0,4.534648091693623,0.07557746819489372
0.21500000000000016,0.24089687977655702,-0.07307242057436114,1.660975458340869,0.24089753526951235,-0.0730729833318539,1.6609761099930531,0.24089753526951235,-0.0730729833318539,1.6609761099930531,0.0,0.0,0.0,4.534650711012356,0.07557751185020593
0.21600000000000016,0.24089687997887393,-0.0730724242023474,1.6609754738908888,0.24089753526951235,-0.0730729833318539,1.6609761099930531,0.24089753526951235,-0.0730729833318539,1.6609761099930531,0.0,0.0,0.0,4.534653413280753,0.07557755688801256
0.21700000000000016,0.24089688048953303,-0.07307242803276445,1.6609754893155508,0.24089753526951235,-0.0730729833318539,1.6609761099930531,0.24089753526951235,-0.0730729833318539,1.6609761099930531,0.0,0.0,0.0,4.534656192770582,0.07557760321284303
0.21800000000000017,0.2408968812981638,-0.07307243205736845,1.6609755046060461,0.24089753526951235,-0.0730729833318539,1.6609761099930531,0.24089753526951235,-0.0730729833318539,1.6609761099930531,0.0,0.0,0.0,4.534659043858261,0.07557765073097102
0.21900000000000017,0.24089688239450324,-0.07307243626799823,1.6609755197540246,0.24089753526951235,-0.0730729833318539,1.6609761099930531,0.24089753526951235,-0.0730729833318539,1.6609761099930531,0.0,0.0,0.0,4.534661961028073,0.07557769935046789
0.22000000000000017,0.24089688376839932,-0.0730724406565808,1.6609755347515873,0.24089753526951235,-0.0730729833318539,1.6609761099930531,0.24089753526951235,-0.0730729833318539,1.6609761099930531,0.0,0.0,0.0,4.534664938873799,0.07557774898122999
0.22100000000000017,0.24089688540981935,-0.07307244521513805,1.6609755495912784,0.24089753526951235,-0.0730729833318539,1.6609761099930531,0.24089753526951235,-0.0730729833318539,1.6609761099930531,0.0,0.0,0.0,4.534667972101523,0.07557779953502537
0.22200000000000017,0.24089688730885622,-0.0730724499357908,1.6609755642660802,0.24089753526951235,-0.0730729833318539,1.6609761099930531,0.24089753526951235,-0.0730729833318539,1.6609761099930531,0.0,0.0,0.0,4.534671055531978,0.07557785092553296
0.22300000000000017,0.24089688945573334,-0.07307245481076317,1.660975578769404,0.24089753526951235,-0.0730729833318539,1.6609761099930531,0.24089753526951235,-0.0730729833318539,1.6609761099930531,0.0,0.0,0.0,4.534674184102551,0.07557790306837585
0.22400000000000017,0.2408968918408086,-0.07307245983238748,1.6609755930950827,0.24089753526951235,-0.0730729833318539,1.6609761099930531,0.24089753526951235,-0.0730729833318539,1.6609761099930531,0.0,0.0,0.0,4.5346773528696565,0.07557795588116094
0.22500000000000017,0.2408968944545835,-0.0730724649931085,1.660975607237364,0.24089753526951235,-0.0730729833318539,1.6609761099930531,0.24089753526951235,-0.0730729833318539,1.6609761099930531,0.0,0.0,0.0,4.534680557010759,0.07557800928351265
0.22600000000000017,0.24089689728770258,-0.07307247028548726,1.6609756211909015,0.24089753526951235,-0.0730729833318539,1.6609761099930531,0.24089753526951235,-0.0730729833318539,1.6609761099930531,0.0,0.0,0.0,4.534683791825639,0.07557806319709398
0.22700000000000017,0.24089690033096195,-0.07307247570220421,1.6609756349507452,0.24089753526951235,-0.0730729833318539,1.6609761099930531,0.24089753526951235,-0.0730729833318539,1.6609761099930531,0.0,0.0,0.0,4.534687052738256,0.0755781175456376
0.22800000000000017,0.24089690357531118,-0.07307248123606422,1.6609756485123346,0.24089753526951235,-0.0730729833318539,1.6609761099930531,0.24089753526951235,-0.0730729833318539,1.6609761099930531,0.0,0.0,0.0,4.534690335298484,0.07557817225497473
0.22900000000000018,0.2408969070118569,-0.07307248687999758,1.660975661871488,0.24089753526951235,-0.0730729833318539,1.6609761099930531,0.24089753526951235,-0.0730729833318539,1.6609761099930531,0.0,0.0,0.0,4.534693635182788,0.07557822725304647
0.23000000000000018,0.24089691063186697,-0.07307249262706433,1.6609756750243958,0.24089753526951235,-0.0730729833318539,1.6609761099930531,0.24089753526951235,-0.0730729833318539,1.6609761099930531,0.0,0.0,0.0,4.5346969481955375,0.07557828246992562
0.23100000000000018,0.2408969144267734,-0.07307249847045709,1.6609756879676099,0.24089753526951235,-0.0730729833318539,1.6609761099930531,0.24089753526951235,-0.0730729833318539,1.6609761099930531,0.0,0.0,0.0,4.534700270269237,0.07557833783782061
0.23200000000000018,0.24089691838817384,-0.0730725044035025,1.660975700698035,0.24089753526951235,-0.0730729833318539,1.6609761099930531,0.24089753526951235,-0.0730729833318539,1.6609761099930531,0.0,0.0,0.0,4.5347035974656,0.07557839329109334
0.23300000000000018,0.24089692250783584,-0.07307251041966445,1.6609757132129184,0.24089753526951235,-0.0730729833318539,1.6609761099930531,0.24089753526951235,-0.0730729833318539,1.6609761099930531,0.0,0.0,0.0,4.53470692597523,0.07557844876625383
0.23400000000000018,0.2408969267776977,-0.07307251651254544,1.6609757255098423,0.24089753526951235,-0.0730729833318539,1.6609761099930531,0.24089753526951235,-0.0730729833318539,1.6609761099930531,0.0,0.0,0.0,4.534710252118515,0.07557850420197525
0.23500000000000018,0.24089693118987066,-0.0730725226758884,1.660975737586712,0.24089753526951235,-0.0730729833318539,1.6609761099930531,0.24089753526951235,-0.0730729833318539,1.6609761099930531,0.0,0.0,0.0,4.53471357234499,0.07557855953908317
0.23600000000000018,0.24089693573664123,-0.07307252890357857,1.6609757494417494,0.24089753526951235,-0.0730729833318539,1.6609761099930531,0.24089753526951235,-0.0730729833318539,1.6609761099930531,0.0,0.0,0.0,4.534716883233461,0.07557861472055769
0.23700000000000018,0.24089694041047155,-0.07307253518964452,1.6609757610734797,0.24089753526951235,-0.0730729833318539,1.6609761099930531,0.24089753526951235,-0.0730729833318539,1.6609761099930531,0.0,0.0,0.0,4.534720181491417,0.07557866969152362
0.23800000000000018,0.2408969452040004,-0.07307254152826013,1.6609757724807241,0.24089753526951235,-0.0730729833318539,1.6609761099930531,0.24089753526951235,-0.0730729833318539,1.6609761099930531,0.0,0.0,0.0,4.5347234639546965,0.07557872439924494
0.23900000000000018,0.24089695011004547,-0.0730725479137435,1.6609757836625914,0.24089753526951235,-0.0730729833318539,1.6609761099930531,0.24089753526951235,-0.0730729833318539,1.6609761099930531,0.0,0.0,0.0,4.5347267275868175,0.07557877879311363
0.24000000000000019,0.24089695512160347,-0.07307255434056074,1.6609757946184665,0.24089753526951235,-0.0730729833318539,1.6609761099930531,0.24089753526951235,-0.0730729833318539,1.6609761099930531,0.0,0.0,0.0,4.5347299694781,0.075578832824635
0.2410000000000002,0.2408969602318487,-0.07307256080332346,1.6609758053479993,0.24089753526951235,-0.0730729833318539,1.6609761099930531,0.24089753526951235,-0.0730729833318539,1.6609761099930531,0.0,0.0,0.0,4.534733186844722,0.07557888644741204
0.2420000000000002,0.24089696543413647,-0.07307256729679117,1.6609758158510988,0.24089753526951235,-0.0730729833318539,1.6609761099930531,0.24089753526951235,-0.0730729833318539,1.6609761099930531,0.0,0.0,0.0,4.5347363770284606,0.075578939617141
0.2430000000000002,0.24089697072200023,-0.07307257381587078,1.660975826127922,0.24089753526951235,-0.0730729833318539,1.6609761099930531,0.24089753526951235,-0.0730729833318539,1.6609761099930531,0.0,0.0,0.0,4.534739537494616,0.07557899229157693
0.2440000000000002,0.2408969760891532,-0.07307258035561659,1.6609758361788611,0.24089753526951235,-0.0730729833318539,1.6609761099930531,0.24089753526951235,-0.0730729833318539,1.6609761099930531,0.0,0.0,0.0,4.534742665831228,0.07557904443052046
0.2450000000000002,0.24089698152948796,-0.07307258691123075,1.6609758460045425,0.24089753526951235,-0.0730729833318539,1.6609761099930531,0.24089753526951235,-0.0730729833318539,1.6609761099930531,0.0,0.0,0.0,4.534745759747976,0.0755790959957996
0.2460000000000002,0.2408969870370738,-0.07307259347806193,1.6609758556058063,0.24089753526951235,-0.0730729833318539,1.6609761099930531,0.24089753526951235,-0.0730729833318539,1.6609761099930531,0.0,0.0,0.0,4.534748817075404,0.07557914695125674
0.2470000000000002,0.2408969926061589,-0.07307260005160603,1.6609758649837065,0.24089753526951235,-0.0730729833318539,1.6609761099930531,0.24089753526951235,-0.0730729833318539,1.6609761099930531,0.0,0.0,0.0,4.5347518357624175,0.07557919726270695
0.2480000000000002,0.24089699823116717,-0.0730726066275041,1.660975874139496,0.24089753526951235,-0.0730729833318539,1.6609761099930531,0.24089753526951235,-0.0730729833318539,1.6609761099930531,0.0,0.0,0.0,4.534754813874699,0.07557924689791165
0.2490000000000002,0.2408970039066985,-0.07307261320154343,1.6609758830746204,0.24089753526951235,-0.0730729833318539,1.6609761099930531,0.24089753526951235,-0.0730729833318539,1.6609761099930531,0.0,0.0,0.0,4.534757749594232,0.07557929582657054
0.25000000000000017,0.24089700962752672,-0.07307261976965575,1.6609758917907074,0.24089753526951235,-0.0730729833318539,1.6609761099930531,0.24089753526951235,-0.0730729833318539,1.6609761099930531,0.0,0.0,0.0,4.534760641216776,0.0755793440202796
0.25100000000000017,0.24089701538859903,-0.07307262632791535,1.6609759002895585,0.24089753526951235,-0.0730729833318539,1.6609761099930531,0.24089753526951235,-0.0730729833318539,1.6609761099930531,0.0,0.0,0.0,4.534763487150577,0.07557939145250961
0.25200000000000017,0.24089702118503276,-0.07307263287254014,1.6609759085731401,0.24089753526951235,-0.0730729833318539,1.6609761099930531,0.24089753526951235,-0.0730729833318539,1.6609761099930531,0.0,0.0,0.0,4.534766285914259,0.07557943809857098
0.25300000000000017,0.24089702701211585,-0.07307263939988778,1.6609759166435742,0.24089753526951235,-0.0730729833318539,1.6609761099930531,0.24089753526951235,-0.0730729833318539,1.6609761099930531,0.0,0.0,0.0,4.534769036134994,0.07557948393558324
0.25400000000000017,0.24089703286530362,-0.07307264590645704,1.6609759245031308,0.24089753526951235,-0.0730729833318539,1.6609761099930531,0.24089753526951235,-0.0730729833318539,1.6609761099930531,0.0,0.0,0.0,4.534771736546664,0.0755795289424444
0.25500000000000017,0.24089703874021726,-0.07307265238888369,1.660975932154218,0.24089753526951235,-0.0730729833318539,1.6609761099930531,0.24089753526951235,-0.0730729833318539,1.6609761099930531,0.0,0.0,0.0,4.534774385987625,0.07557957309979374
0.25600000000000017,0.2408970446326421,-0.07307265884394099,1.660975939599375,0.24089753526951235,-0.0730729833318539,1.6609761099930531,0.24089753526951235,-0.0730729833318539,1.6609761099930531,0.0,0.0,0.0,4.534776983398651,0.07557961638997752
0.2570000000000002,0.24089705053852506,-0.07307266526853728,1.660975946841264,0.24089753526951235,-0.0730729833318539,1.6609761099930531,0.24089753526951235,-0.0730729833318539,1.6609761099930531,0.0,0.0,0.0,4.534779527820849,0.07557965879701414
0.2580000000000002,0.24089705645397205,-0.07307267165971368,1.6609759538826605,0.24089753526951235,-0.0730729833318539,1.6609761099930531,0.24089753526951235,-0.0730729833318539,1.6609761099930531,0.0,0.0,0.0,4.53478201839324,0.07557970030655399
0.2590000000000002,0.240897062375246,-0.0730726780146431,1.6609759607264456,0.24089753526951235,-0.0730729833318539,1.6609761099930531,0.24089753526951235,-0.0730729833318539,1.6609761099930531,0.0,0.0,0.0,4.534784454350353,0.07557974090583922
0.2600000000000002,0.2408970682987648,-0.07307268433062775,1.660975967375601,0.24089753526951235,-0.0730729833318539,1.6609761099930531,0.24089753526951235,-0.0730729833318539,1.6609761099930531,0.0,0.0,0.0,4.53478683502048,0.07557978058367466
0.2610000000000002,0.2408970742210979,-0.07307269060509797,1.6609759738331973,0.24089753526951235,-0.0730729833318539,1.6609761099930531,0.24089753526951235,-0.0730729833318539,1.6609761099930531,0.0,0.0,0.0,4.534789159822206,0.0755798193303701
0.2620000000000002,0.24089708013896488,-0.07307269683560882,1.6609759801023913,0.24089753526951235,-0.0730729833318539,1.6609761099930531,0.24089753526951235,-0.0730729833318539,1.6609761099930531,0.0,0.0,0.0,4.534791428262897,0.07557985713771495
0.2630000000000002,0.2408970860492302,-0.07307270301983848,1.6609759861864117,0.24089753526951235,-0.0730729833318539,1.6609761099930531,0.24089753526951235,-0.0730729833318539,1.6609761099930531,0.0,0.0,0.0,4.534793639935278,0.0755798939989213
0.2640000000000002,0.2408970919489048,-0.07307270915558756,1.6609759920885612,0.24089753526951235,-0.0730729833318539,1.6609761099930531,0.24089753526951235,-0.0730729833318539,1.6609761099930531,0.0,0.0,0.0,4.534795794516091,0.07557992990860152
0.2650000000000002,0.240897097835139,-0.07307271524077419,1.6609759978122023,0.24089753526951235,-0.0730729833318539,1.6609761099930531,0.24089753526951235,-0.0730729833318539,1.6609761099930531,0.0,0.0,0.0,4.53479789176201,0.07557996486270017
0.2660000000000002,0.24089710370522155,-0.07307272127343376,1.6609760033607546,0.24089753526951235,-0.0730729833318539,1.6609761099930531,0.24089753526951235,-0.0730729833318539,1.6609761099930531,0.0,0.0,0.0,4.534799931507963,0.07557999885846604
0.2670000000000002,0.24089710955657717,-0.07307272725171561,1.6609760087376852,0.24089753526951235,-0.0730729833318539,1.6609761099930531,0.24089753526951235,-0.0730729833318539,1.6609761099930531,0.0,0.0,0.0,4.5348019136640945,0.07558003189440157
0.2680000000000002,0.24089711538676223,-0.0730727331738816,1.6609760139465035,0.24089753526951235,-0.0730729833318539,1.6609761099930531,0.24089753526951235,-0.0730729833318539,1.6609761099930531,0.0,0.0,0.0,4.534803838213455,0.07558006397022425
0.2690000000000002,0.240897121193463,-0.07307273903830178,1.6609760189907592,0.24089753526951235,-0.0730729833318539,1.6609761099930531,0.24089753526951235,-0.0730729833318539,1.6609761099930531,0.0,0.0,0.0,4.534805705209318,0.07558009508682197
0.2700000000000002,0.2408971269744915,-0.07307274484345387,1.660976023874029,0.24089753526951235,-0.0730729833318539,1.6609761099930531,0.24089753526951235,-0.0730729833318539,1.6609761099930531,0.0,0.0,0.0,4.534807514771307,0.07558012524618846
0.2710000000000002,0.2408971327277833,-0.07307275058792032,1.6609760285999169,0.24089753526951235,-0.0730729833318539,1.6609761099930531,0.24089753526951235,-0.0730729833318539,1.6609761099930531,0.0,0.0,0.0,4.534809267084606,0.0755801544514101
0.2720000000000002,0.2408971384513945,-0.07307275627038534,1.6609760331720445,0.24089753526951235,-0.0730729833318539,1.6609761099930531,0.24089753526951235,-0.0730729833318539,1.6609761099930531,0.0,0.0,0.0,4.534810962395496,0.0755801827065916
0.2730000000000002,0.240897144143498,-0.07307276188963205,1.6609760375940499,0.24089753526951235,-0.0730729833318539,1.6609761099930531,0.24089753526951235,-0.0730729833318539,1.6609761099930531,0.0,0.0,0.0,4.534812601010255,0.0755802100168376
0.2740000000000002,0.24089714980238053,-0.07307276744454143,1.660976041869579,0.24089753526951235,-0.0730729833318539,1.6609761099930531,0.24089753526951235,-0.0730729833318539,1.6609761099930531,0.0,0.0,0.0,4.534814183290881,0.07558023638818136
0.2750000000000002,0.24089715542643964,-0.07307277293408786,1.6609760460022807,0.24089753526951235,-0.0730729833318539,1.6609761099930531,0.24089753526951235,-0.0730729833318539,1.6609761099930531,0.0,0.0,0.0,4.534815709653626,0.07558026182756043
0.2760000000000002,0.24089716101418118,-0.07307277835733786,1.6609760499958055,0.24089753526951235,-0.0730729833318539,1.6609761099930531,0.24089753526951235,-0.0730729833318539,1.6609761099930531,0.0,0.0,0.0,4.534817180566165,0.07558028634276942
0.2770000000000002,0.24089716656421462,-0.07307278371344751,1.6609760538537979,0.24089753526951235,-0.0730729833318539,1.6609761099930531,0.24089753526951235,-0.0730729833318539,1.6609761099930531,0.0,0.0,0.0,4.534818596544299,0.07558030994240499
0.2780000000000002,0.24089717207525227,-0.07307278900165887,1.660976057579891,0.24089753526951235,-0.0730729833318539,1.6609761099930531,0.24089753526951235,-0.0730729833318539,1.6609761099930531,0.0,0.0,0.0,4.534819958150045,0.0755803326358341
0.2790000000000002,0.24089717754610357,-0.07307279422129863,1.660976061177707,0.24089753526951235,-0.0730729833318539,1.6609761099930531,0.24089753526951235,-0.0730729833318539,1.6609761099930531,0.0,0.0,0.0,4.534821265989374,0.07558035443315622
0.2800000000000002,0.2408971829756745,-0.07307279937177466,1.660976064650848,0.24089753526951235,-0.0730729833318539,1.6609761099930531,0.24089753526951235,-0.0730729833318539,1.6609761099930531,0.0,0.0,0.0,4.534822520708758,0.07558037534514597
0.2810000000000002,0.2408971883629616,-0.07307280445257325,1.6609760680028964,0.24089753526951235,-0.0730729833318539,1.6609761099930531,0.24089753526951235,-0.0730729833318539,1.6609761099930531,0.0,0.0,0.0,4.534823722993441,0.07558039538322402
0.2820000000000002,0.240897193707052,-0.07307280946325824,1.6609760712374093,0.24089753526951235,-0.0730729833318539,1.6609761099930531,0.24089753526951235,-0.0730729833318539,1.6609761099930531,0.0,0.0,0.0,4.534824873564618,0.07558041455941031
0.2830000000000002,0.24089719900711914,-0.07307281440346663,1.6609760743579138,0.24089753526951235,-0.0730729833318539,1.6609761099930531,0.24089753526951235,-0.0730729833318539,1.6609761099930531,0.0,0.0,0.0,4.534825973177312,0.07558043288628853
0.2840000000000002,0.24089720426241817,-0.07307281927290629,1.6609760773679063,0.24089753526951235,-0.0730729833318539,1.6609761099930531,0.24089753526951235,-0.0730729833318539,1.6609761099930531,0.0,0.0,0.0,4.534827022618178,0.07558045037696964
0.2850000000000002,0.24089720947228527,-0.0730728240713544,1.660976080270848,0.24089753526951235,-0.0730729833318539,1.6609761099930531,0.24089753526951235,-0.0730729833318539,1.6609761099930531,0.0,0.0,0.0,4.5348280227029045,0.07558046704504841
0.2860000000000002,0.24089721463613356,-0.07307282879865491,1.660976083070163,0.24089753526951235,-0.0730729833318539,1.6609761099930531,0.24089753526951235,-0.0730729833318539,1.6609761099930531,0.0,0.0,0.0,4.534828974274036,0.07558048290456726
0.2870000000000002,0.2408972197534511,-0.07307283345471446,1.6609760857692342,0.24089753526951235,-0.0730729833318539,1.6609761099930531,0.24089753526951235,-0.0730729833318539,1.6609761099930531,0.0,0.0,0.0,4.5348298781987415,0.07558049796997902
0.2880000000000002,0.24089722482379672,-0.0730728380395024,1.660976088371402,0.24089753526951235,-0.0730729833318539,1.6609761099930531,0.24089753526951235,-0.0730729833318539,1.6609761099930531,0.0,0.0,0.0,4.534830735367205,0.07558051225612009
0.2890000000000002,0.24089722984679662,-0.07307284255304611,1.6609760908799611,0.24089753526951235,-0.0730729833318539,1.6609761099930531,0.24089753526951235,-0.0730729833318539,1.6609761099930531,0.0,0.0,0.0,4.534831546689975,0.07558052577816625
0.2900000000000002,0.24089723482214456,-0.0730728469954302,1.6609760932981579,0.24089753526951235,-0.0730729833318539,1.6609761099930531,0.24089753526951235,-0.0730729833318539,1.6609761099930531,0.0,0.0,0.0,4.53483231309605,0.07558053855160084
0.2910000000000002,0.24089723974959598,-0.07307285136679276,1.6609760956291906,0.24089753526951235,-0.0730729833318539,1.6609761099930531,0.24089753526951235,-0.0730729833318539,1.6609761099930531,0.0,0.0,0.0,4.53483303553131,0.0755805505921885
0.2920000000000002,0.24089724462896775,-0.07307285566732515,1.660976097876205,0.24089753526951235,-0.0730729833318539,1.6609761099930531,0.24089753526951235,-0.0730729833318539,1.6609761099930531,0.0,0.0,0.0,4.534833714955965,0.07558056191593275
0.2930000000000002,0.240897249460132,-0.0730728598972671,1.6609761000422927,0.24089753526951235,-0.0730729833318539,1.6609761099930531,0.24089753526951235,-0.0730729833318539,1.6609761099930531,0.0,0.0,0.0,4.534834352343278,0.07558057253905463
0.2940000000000002,0.24089725424301842,-0.07307286405690679,1.6609761021304925,0.24089753526951235,-0.0730729833318539,1.6609761099930531,0.24089753526951235,-0.0730729833318539,1.6609761099930531,0.0,0.0,0.0,4.534834948677612,0.0755805824779602
0.2950000000000002,0.24089725897760633,-0.07307286814657644,1.6609761041437827,0.24089753526951235,-0.0730729833318539,1.6609761099930531,0.24089753526951235,-0.0730729833318539,1.6609761099930531,0.0,0.0,0.0,4.534835504952483,0.07558059174920805
0.2960000000000002,0.24089726366392644,-0.07307287216665251,1.6609761060850883,0.24089753526951235,-0.0730729833318539,1.6609761099930531,0.24089753526951235,-0.0730729833318539,1.6609761099930531,0.0,0.0,0.0,4.53483602216961,0.07558060036949349
0.2970000000000002,0.2408972683020562,-0.07307287611755175,1.6609761079572707,0.24089753526951235,-0.0730729833318539,1.6609761099930531,0.24089753526951235,-0.0730729833318539,1.6609761099930531,0.0,0.0,0.0,4.534836501335972,0.07558060835559953
0.2980000000000002,0.24089727289211785,-0.07307287999972932,1.660976109763136,0.24089753526951235,-0.0730729833318539,1.6609761099930531,0.24089753526951235,-0.0730729833318539,1.6609761099930531,0.0,0.0,0.0,4.534836943464057,0.07558061572440096
0.2990000000000002,0.24089727743427564,-0.07307288381367819,1.6609761115054251,0.24089753526951235,-0.0730729833318539,1.6609761099930531,0.24089753526951235,-0.0730729833318539,1.6609761099930531,0.0,0.0,0.0,4.534837349568172,0.07558062249280287
0.3000000000000002,0.24089728192873378,-0.07307288755992461,1.660976113186818,0.24089753526951235,-0.0730729833318539,1.6609761099930531,0.24089753526951235,-0.0730729833318539,1.6609761099930531,0.0,0.0,0.0,4.5348377206651325,0.07558062867775221
0.3010000000000002,0.24089728637573507,-0.0730728912390287,1.6609761148099336,0.24089753526951235,-0.0730729833318539,1.6609761099930531,0.24089753526951235,-0.0730729833318539,1.6609761099930531,0.0,0.0,0.0,4.534838057771729,0.07558063429619549
0.3020000000000002,0.24089729077555666,-0.07307289485158107,1.6609761163773242,0.24089753526951235,-0.0730729833318539,1.6609761099930531,0.24089753526951235,-0.0730729833318539,1.6609761099930531,0.0,0.0,0.0,4.534838361903231,0.07558063936505384
0.3030000000000002,0.24089729512850966,-0.0730728983982015,1.6609761178914824,0.24089753526951235,-0.0730729833318539,1.6609761099930531,0.24089753526951235,-0.0730729833318539,1.6609761099930531,0.0,0.0,0.0,4.534838634073146,0.07558064390121909
0.3040000000000002,0.24089729943493615,-0.07307290187953563,1.660976119354833,0.24089753526951235,-0.0730729833318539,1.6609761099930531,0.24089753526951235,-0.0730729833318539,1.6609761099930531,0.0,0.0,0.0,4.534838875290766,0.07558064792151277
0.3050000000000002,0.24089730369520773,-0.07307290529625585,1.6609761207697376,0.24089753526951235,-0.0730729833318539,1.6609761099930531,0.24089753526951235,-0.0730729833318539,1.6609761099930531,0.0,0.0,0.0,4.53483908656109,0.07558065144268483
0.3060000000000002,0.24089730790972186,-0.073072908649057,1.6609761221384927,0.24089753526951235,-0.0730729833318539,1.6609761099930531,0.24089753526951235,-0.0730729833318539,1.6609761099930531,0.0,0.0,0.0,4.534839268882898,0.07558065448138164
0.3070000000000002,0.24089731207890214,-0.0730729119386567,1.6609761234633322,0.24089753526951235,-0.0730729833318539,1.6609761099930531,0.24089753526951235,-0.0730729833318539,1.6609761099930531,0.0,0.0,0.0,4.534839423248303,0.07558065705413838
0.3080000000000002,0.24089731620319532,-0.07307291516579152,1.6609761247464194,0.24089753526951235,-0.0730729833318539,1.6609761099930531,0.24089753526951235,-0.0730729833318539,1.6609761099930531,0.0,0.0,0.0,4.53483955064102,0.07558065917735032
0.3090000000000002,0.24089732028306973,-0.07307291833121761,1.6609761259898612,0.24089753526951235,-0.0730729833318539,1.6609761099930531,0.24089753526951235,-0.0730729833318539,1.6609761099930531,0.0,0.0,0.0,4.534839652037231,0.07558066086728718
0.3100000000000002,0.24089732431901187,-0.07307292143570701,1.6609761271956915,0.24089753526951235,-0.0730729833318539,1.6609761099930531,0.24089753526951235,-0.0730729833318539,1.6609761099930531,0.0,0.0,0.0,4.534839728401374,0.07558066214002289
0.3110000000000002,0.24089732831152808,-0.07307292448004805,1.6609761283658853,0.24089753526951235,-0.0730729833318539,1.6609761099930531,0.24089753526951235,-0.0730729833318539,1.6609761099930531,0.0,0.0,0.0,4.534839780689241,0.07558066301148735
0.3120000000000002,0.24089733226113969,-0.07307292746504276,1.6609761295023515,0.24089753526951235,-0.0730729833318539,1.6609761099930531,0.24089753526951235,-0.0730729833318539,1.6609761099930531,0.0,0.0,0.0,4.534839809844143,0.07558066349740238
0.3130000000000002,0.2408973361683825,-0.07307293039150528,1.6609761306069366,0.24089753526951235,-0.0730729833318539,1.6609761099930531,0.24089753526951235,-0.0730729833318539,1.6609761099930531,0.0,0.0,0.0,4.534839816797576,0.07558066361329294
0.3140000000000002,0.2408973400338057,-0.07307293326026128,1.6609761316814209,0.24089753526951235,-0.0730729833318539,1.6609761099930531,0.24089753526951235,-0.0730729833318539,1.6609761099930531,0.0,0.0,0.0,4.534839802468037,0.07558066337446728
0.3150000000000002,0.2408973438579697,-0.07307293607214582,1.6609761327275248,0.24089753526951235,-0.0730729833318539,1.6609761099930531,0.24089753526951235,-0.0730729833318539,1.6609761099930531,0.0,0.0,0.0,4.534839767761238,0.07558066279602065
0.3160000000000002,0.24089734764144527,-0.07307293882800245,1.6609761337469051,0.24089753526951235,-0.0730729833318539,1.6609761099930531,0.24089753526951235,-0.0730729833318539,1.6609761099930531,0.0,0.0,0.0,4.534839713568309,0.07558066189280516
0.3170000000000002,0.2408973513848109,-0.07307294152868214,1.6609761347411571,0.24089753526951235,-0.0730729833318539,1.6609761099930531,0.24089753526951235,-0.0730729833318539,1.6609761099930531,0.0,0.0,0.0,4.534839640766062,0.07558066067943438
0.3180000000000002,0.24089735508865345,-0.07307294417504162,1.6609761357118167,0.24089753526951235,-0.0730729833318539,1.6609761099930531,0.24089753526951235,-0.0730729833318539,1.6609761099930531,0.0,0.0,0.0,4.534839550216111,0.07558065917026852
0.31900000000000023,0.24089735875356488,-0.07307294676794206,1.6609761366603566,0.24089753526951235,-0.0730729833318539,1.6609761099930531,0.24089753526951235,-0.0730729833318539,1.6609761099930531,0.0,0.0,0.0,4.534839442764361,0.07558065737940602
0.32000000000000023,0.2408973623801423,-0.07307294930824934,1.6609761375881937,0.24089753526951235,-0.0730729833318539,1.6609761099930531,0.24089753526951235,-0.0730729833318539,1.6609761099930531,0.0,0.0,0.0,4.5348393192412795,0.07558065532068799
0.32100000000000023,0.2408973659689863,-0.07307295179683074,1.660976138496683,0.24089753526951235,-0.0730729833318539,1.6609761099930531,0.24089753526951235,-0.0730729833318539,1.6609761099930531,0.0,0.0,0.0,4.534839180460236,0.0755806530076706
0.32200000000000023,0.24089736952069923,-0.07307295423455583,1.6609761393871243,0.24089753526951235,-0.0730729833318539,1.6609761099930531,0.24089753526951235,-0.0730729833318539,1.6609761099930531,0.0,0.0,0.0,4.534839027218731,0.07558065045364552
0.32300000000000023,0.2408973730358856,-0.07307295662229414,1.6609761402607595,0.24089753526951235,-0.0730729833318539,1.6609761099930531,0.24089753526951235,-0.0730729833318539,1.6609761099930531,0.0,0.0,0.0,4.534838860296585,0.07558064767160974
0.32400000000000023,0.24089737651514936,-0.07307295896091591,1.6609761411187742,0.24089753526951235,-0.0730729833318539,1.6609761099930531,0.24089753526951235,-0.0730729833318539,1.6609761099930531,0.0,0.0,0.0,4.534838680456705,0.07558064467427841
0.32500000000000023,0.24089737995909427,-0.0730729612512884,1.6609761419623001,0.24089753526951235,-0.0730729833318539,1.6609761099930531,0.24089753526951235,-0.0730729833318539,1.6609761099930531,0.0,0.0,0.0,4.53483848844438,0.075580641474073
0.32600000000000023,0.2408973833683223,-0.07307296349427837,1.6609761427924143,0.24089753526951235,-0.0730729833318539,1.6609761099930531,0.24089753526951235,-0.0730729833318539,1.6609761099930531,0.0,0.0,0.0,4.534838284987246,0.07558063808312077
0.32700000000000023,0.24089738674343222,-0.0730729656907479,1.6609761436101416,0.24089753526951235,-0.0730729833318539,1.6609761099930531,0.24089753526951235,-0.0730729833318539,1.6609761099930531,0.0,0.0,0.0,4.534838070795053,0.07558063451325088
0.32800000000000024,0.24089739008501987,-0.07307296784155667,1.660976144416455,0.24089753526951235,-0.0730729833318539,1.6609761099930531,0.24089753526951235,-0.0730729833318539,1.6609761099930531,0.0,0.0,0.0,4.534837846559405,0.07558063077599009
0.32900000000000024,0.24089739339367666,-0.07307296994755935,1.660976145212275,0.24089753526951235,-0.0730729833318539,1.6609761099930531,0.24089753526951235,-0.0730729833318539,1.6609761099930531,0.0,0.0,0.0,4.53483761295373,0.07558062688256216
0.33000000000000024,0.24089739666998872,-0.07307297200960451,1.6609761459984747,0.24089753526951235,-0.0730729833318539,1.6609761099930531,0.24089753526951235,-0.0730729833318539,1.6609761099930531,0.0,0.0,0.0,4.534837370633677,0.07558062284389462
0.33100000000000024,0.24089739991453657,-0.07307297402853533,1.660976146775878,0.24089753526951235,-0.0730729833318539,1.6609761099930531,0.24089753526951235,-0.0730729833318539,1.6609761099930531,0.0,0.0,0.0,4.5348371202362,0.07558061867060334
0.33200000000000024,0.24089740312789504,-0.07307297600518903,1.6609761475452605,0.24089753526951235,-0.0730729833318539,1.6609761099930531,0.24089753526951235,-0.0730729833318539,1.6609761099930531,0.0,0.0,0.0,4.534836862380027,0.07558061437300045
0.33300000000000024,0.24089740631063006,-0.07307297794039434,1.660976148307352,0.24089753526951235,-0.0730729833318539,1.6609761099930531,0.24089753526951235,-0.0730729833318539,1.6609761099930531,0.0,0.0,0.0,4.534836597665943,0.07558060996109904
0.33400000000000024,0.24089740946330168,-0.07307297983497316,1.6609761490628379,0.24089753526951235,-0.0730729833318539,1.6609761099930531,0.24089753526951235,-0.0730729833318539,1.6609761099930531,0.0,0.0,0.0,4.53483632667614,0.07558060544460234
0.33500000000000024,0.24089741258646064,-0.07307298168973851,1.660976149812358,0.24089753526951235,-0.0730729833318539,1.6609761099930531,0.24089753526951235,-0.0730729833318539,1.6609761099930531,0.0,0.0,0.0,4.5348360499746585,0.07558060083291097
0.33600000000000024,0.24089741568064893,-0.07307298350549411,1.660976150556512,0.24089753526951235,-0.0730729833318539,1.6609761099930531,0.24089753526951235,-0.0730729833318539,1.6609761099930531,0.0,0.0,0.0,4.534835768107019,0.07558059613511699
0.33700000000000024,0.24089741874639986,-0.07307298528303578,1.6609761512958547,0.24089753526951235,-0.0730729833318539,1.6609761099930531,0.24089753526951235,-0.0730729833318539,1.6609761099930531,0.0,0.0,0.0,4.534835481601948,0.07558059136003246
0.33800000000000024,0.24089742178423665,-0.07307298702314793,1.6609761520309025,0.24089753526951235,-0.0730729833318539,1.6609761099930531,0.24089753526951235,-0.0730729833318539,1.6609761099930531,0.0,0.0,0.0,4.534835190969178,0.07558058651615297
0.33900000000000025,0.24089742479467222,-0.07307298872660589,1.6609761527621318,0.24089753526951235,-0.0730729833318539,1.6609761099930531,0.24089753526951235,-0.0730729833318539,1.6609761099930531,0.0,0.0,0.0,4.534834896700914,0.07558058161168191
0.34000000000000025,0.24089742777820966,-0.07307299039417417,1.6609761534899805,0.24089753526951235,-0.0730729833318539,1.6609761099930531,0.24089753526951235,-0.0730729833318539,1.6609761099930531,0.0,0.0,0.0,4.534834599271458,0.0755805766545243
0.34100000000000025,0.24089743073534023,-0.07307299202660539,1.660976154214851,0.24089753526951235,-0.0730729833318539,1.6609761099930531,0.24089753526951235,-0.0730729833318539,1.6609761099930531,0.0,0.0,0.0,4.534834299138092,0.07558057165230153
0.34200000000000025,0.24089743366654487,-0.0730729936246427,1.660976154937108,0.24089753526951235,-0.0730729833318539,1.6609761099930531,0.24089753526951235,-0.0730729833318539,1.6609761099930531,0.0,0.0,0.0,4.5348339967402165,0.07558056661233695
0.34300000000000025,0.2408974365722929,-0.07307299518901603,1.660976155657083,0.24089753526951235,-0.0730729833318539,1.6609761099930531,0.24089753526951235,-0.0730729833318539,1.6609761099930531,0.0,0.0,0.0,4.534833692500696,0.07558056154167826
0.34400000000000025,0.24089743945304176,-0.07307299672044434,1.6609761563750738,0.24089753526951235,-0.0730729833318539,1.6609761099930531,0.24089753526951235,-0.0730729833318539,1.6609761099930531,0.0,0.0,0.0,4.534833386825265,0.07558055644708775
0.34500000000000025,0.24089744230923663,-0.07307299821963452,1.660976157091345,0.24089753526951235,-0.0730729833318539,1.6609761099930531,0.24089753526951235,-0.0730729833318539,1.6609761099930531,0.0,0.0,0.0,4.534833080102849,0.07558055133504747
0.34600000000000025,0.2408974451413115,-0.07307299968728068,1.6609761578061306,0.24089753526951235,-0.0730729833318539,1.6609761099930531,0.24089753526951235,-0.0730729833318539,1.6609761099930531,0.0,0.0,0.0,4.534832772706125,0.07558054621176874
0.34700000000000025,0.2408974479496872,-0.07307300112406478,1.6609761585196352,0.24089753526951235,-0.0730729833318539,1.6609761099930531,0.24089753526951235,-0.0730729833318539,1.6609761099930531,0.0,0.0,0.0,4.534832464991626,0.07558054108319377
0.34800000000000025,0.24089745073477298,-0.07307300253065631,1.6609761592320338,0.24089753526951235,-0.0730729833318539,1.6609761099930531,0.24089753526951235,-0.0730729833318539,1.6609761099930531,0.0,0.0,0.0,4.534832157299534,0.07558053595499223
0.34900000000000025,0.2408974534969643,-0.0730730039077115,1.6609761599434738,0.24089753526951235,-0.0730729833318539,1.6609761099930531,0.24089753526951235,-0.0730729833318539,1.6609761099930531,0.0,0.0,0.0,4.534831849954807,0.07558053083258011
0.35000000000000026,0.2408974562366455,-0.07307300525587365,1.660976160654076,0.24089753526951235,-0.0730729833318539,1.6609761099930531,0.24089753526951235,-0.0730729833318539,1.6609761099930531,0.0,0.0,0.0,4.5348315432668,0.07558052572111333
0.35100000000000026,0.24089745895418657,-0.07307300657577384,1.6609761613639338,0.24089753526951235,-0.0730729833318539,1.6609761099930531,0.24089753526951235,-0.0730729833318539,1.6609761099930531,0.0,0.0,0.0,4.53483123752979,0.0755805206254965
0.35200000000000026,0.24089746164994713,-0.07307300786802909,1.660976162073121,0.24089753526951235,-0.0730729833318539,1.6609761099930531,0.24089753526951235,-0.0730729833318539,1.6609761099930531,0.0,0.0,0.0,4.5348309330235566,0.07558051555039261
0.35300000000000026,0.24089746432427236,-0.07307300913324404,1.660976162781683,0.24089753526951235,-0.0730729833318539,1.6609761099930531,0.24089753526951235,-0.0730729833318539,1.6609761099930531,0.0,0.0,0.0,4.534830630012501,0.07558051050020835
0.35400000000000026,0.24089746697749392,-0.07307301037200892,1.6609761634896447,0.24089753526951235,-0.0730729833318539,1.6609761099930531,0.24089753526951235,-0.0730729833318539,1.6609761099930531,0.0,0.0,0.0,4.534830328747501,0.07558050547912501
0.35500000000000026,0.24089746960993227,-0.07307301158490176,1.6609761641970084,0.24089753526951235,-0.0730729833318539,1.6609761099930531,0.24089753526951235,-0.0730729833318539,1.6609761099930531,0.0,0.0,0.0,4.53483002946536,0.07558050049108934
0.35600000000000026,0.24089747222189473,-0.07307301277248696,1.6609761649037582,0.24089753526951235,-0.0730729833318539,1.6609761099930531,0.24089753526951235,-0.0730729833318539,1.6609761099930531,0.0,0.0,0.0,4.534829732389546,0.07558049553982576
0.35700000000000026,0.24089747481367477,-0.07307301393531579,1.660976165609857,0.24089753526951235,-0.0730729833318539,1.6609761099930531,0.24089753526951235,-0.0730729833318539,1.6609761099930531,0.0,0.0,0.0,4.534829437729692,0.0755804906288282
0.35800000000000026,0.24089747738555667,-0.07307301507392631,1.6609761663152505,0.24089753526951235,-0.0730729833318539,1.6609761099930531,0.24089753526951235,-0.0730729833318539,1.6609761099930531,0.0,0.0,0.0,4.534829145682846,0.07558048576138075
0.35900000000000026,0.24089747993780802,-0.0730730161888428,1.6609761670198657,0.24089753526951235,-0.0730729833318539,1.6609761099930531,0.24089753526951235,-0.0730729833318539,1.6609761099930531,0.0,0.0,0.0,4.5348288564333155,0.07558048094055526
0.36000000000000026,0.24089748247068646,-0.07307301728057713,1.6609761677236152,0.24089753526951235,-0.0730729833318539,1.6609761099930531,0.24089753526951235,-0.0730729833318539,1.6609761099930531,0.0,0.0,0.0,4.534828570153172,0.07558047616921953
0.36100000000000027,0.2408974849844365,-0.07307301834962815,1.6609761684263937,0.24089753526951235,-0.0730729833318539,1.6609761099930531,0.24089753526951235,-0.0730729833318539,1.6609761099930531,0.0,0.0,0.0,4.53482828700214,0.07558047145003567
0.36200000000000027,0.24089748747929068,-0.07307301939648066,1.6609761691280818,0.24089753526951235,-0.0730729833318539,1.6609761099930531,0.24089753526951235,-0.0730729833318539,1.6609761099930531,0.0,0.0,0.0,4.534828007128702,0.07558046678547838
0.36300000000000027,0.2408974899554699,-0.0730730204216077,1.6609761698285472,0.24089753526951235,-0.0730729833318539,1.6609761099930531,0.24089753526951235,-0.0730729833318539,1.6609761099930531,0.0,0.0,0.0,4.5348277306701394,0.07558046217783566
0.36400000000000027,0.24089749241318215,-0.07307302142546888,1.6609761705276433,0.24089753526951235,-0.0730729833318539,1.6609761099930531,0.24089753526951235,-0.0730729833318539,1.6609761099930531,0.0,0.0,0.0,4.5348274577521925,0.07558045762920321
0.36500000000000027,0.24089749485262513,-0.0730730224085115,1.6609761712252131,0.24089753526951235,-0.0730729833318539,1.6609761099930531,0.24089753526951235,-0.0730729833318539,1.6609761099930531,0.0,0.0,0.0,4.534827188490492,0.0755804531415082
0.36600000000000027,0.2408974972739839,-0.07307302337116978,1.6609761719210865,0.24089753526951235,-0.0730729833318539,1.6609761099930531,0.24089753526951235,-0.0730729833318539,1.6609761099930531,0.0,0.0,0.0,4.534826922989827,0.0755804487164971
0.36700000000000027,0.2408974996774324,-0.07307302431386573,1.6609761726150836,0.24089753526951235,-0.0730729833318539,1.6609761099930531,0.24089753526951235,-0.0730729833318539,1.6609761099930531,0.0,0.0,0.0,4.534826661345341,0.07558044435575569
0.36800000000000027,0.24089750206313337,-0.07307302523700968,1.6609761733070156,0.24089753526951235,-0.0730729833318539,1.6609761099930531,0.24089753526951235,-0.0730729833318539,1.6609761099930531,0.0,0.0,0.0,4.534826403642399,0.07558044006070666
0.36900000000000027,0.24089750443123925,-0.07307302614099853,1.660976173996683,0.24089753526951235,-0.0730729833318539,1.6609761099930531,0.24089753526951235,-0.0730729833318539,1.6609761099930531,0.0,0.0,0.0,4.5348261499568805,0.07558043583261467
0.3700000000000003,0.24089750678189087,-0.0730730270262186,1.6609761746838798,0.24089753526951235,-0.0730729833318539,1.6609761099930531,0.24089753526951235,-0.0730729833318539,1.6609761099930531,0.0,0.0,0.0,4.534825900355982,0.0755804316725997
0.3710000000000003,0.2408975091152193,-0.07307302789304339,1.6609761753683912,0.24089753526951235,-0.0730729833318539,1.6609761099930531,0.24089753526951235,-0.0730729833318539,1.6609761099930531,0.0,0.0,0.0,4.534825654897747,0.07558042758162913
0.3720000000000003,0.24089751143134394,-0.07307302874183526,1.6609761760499973,0.24089753526951235,-0.0730729833318539,1.6609761099930531,0.24089753526951235,-0.0730729833318539,1.6609761099930531,0.0,0.0,0.0,4.534825413632141,0.07558042356053568
0.3730000000000003,0.24089751373037618,-0.07307302957294491,1.6609761767284692,0.24089753526951235,-0.0730729833318539,1.6609761099930531,0.24089753526951235,-0.0730729833318539,1.6609761099930531,0.0,0.0,0.0,4.534825176600522,0.0755804196100087
0.3740000000000003,0.24089751601241596,-0.07307303038671184,1.660976177403575,0.24089753526951235,-0.0730729833318539,1.6609761099930531,0.24089753526951235,-0.0730729833318539,1.6609761099930531,0.0,0.0,0.0,4.5348249438373704,0.07558041573062284
0.3750000000000003,0.24089751827755393,-0.07307303118346473,1.6609761780750758,0.24089753526951235,-0.0730729833318539,1.6609761099930531,0.24089753526951235,-0.0730729833318539,1.6609761099930531,0.0,0.0,0.0,4.534824715369011,0.07558041192281685
0.3760000000000003,0.24089752052587143,-0.07307303196352091,1.6609761787427302,0.24089753526951235,-0.0730729833318539,1.6609761099930531,0.24089753526951235,-0.0730729833318539,1.6609761099930531,0.0,0.0,0.0,4.534824491214953,0.07558040818691587
0.3770000000000003,0.24089752275744114,-0.07307303272718743,1.6609761794062936,0.24089753526951235,-0.0730729833318539,1.6609761099930531,0.24089753526951235,-0.0730729833318539,1.6609761099930531,0.0,0.0,0.0,4.534824271387018,0.07558040452311697
0.3780000000000003,0.24089752497232642,-0.07307303347476067,1.6609761800655154,0.24089753526951235,-0.0730729833318539,1.6609761099930531,0.24089753526951235,-0.0730729833318539,1.6609761099930531,0.0,0.0,0.0,4.534824055892115,0.07558040093153526
0.3790000000000003,0.24089752717058213,-0.07307303420652683,1.660976180720145,0.24089753526951235,-0.0730729833318539,1.6609761099930531,0.24089753526951235,-0.0730729833318539,1.6609761099930531,0.0,0.0,0.0,4.5348238447298606,0.07558039741216434
0.3800000000000003,0.24089752935225442,-0.07307303492276208,1.6609761813699282,0.24089753526951235,-0.0730729833318539,1.6609761099930531,0.24089753526951235,-0.0730729833318539,1.6609761099930531,0.0,0.0,0.0,4.534823637893573,0.07558039396489288
0.3810000000000003,0.24089753151738197,-0.07307303562373269,1.660976182014611,0.24089753526951235,-0.0730729833318539,1.6609761099930531,0.24089753526951235,-0.0730729833318539,1.6609761099930531,0.0,0.0,0.0,4.534823435371313,0.07558039058952187
0.3820000000000003,0.24089753366599556,-0.07307303630969593,1.6609761826539353,0.24089753526951235,-0.0730729833318539,1.6609761099930531,0.24089753526951235,-0.0730729833318539,1.6609761099930531,0.0,0.0,0.0,4.534823237145447,0.07558038728575744
0.3830000000000003,0.2408975357981174,-0.07307303698089863,1.660976183287645,0.24089753526951235,-0.0730729833318539,1.6609761099930531,0.24089753526951235,-0.0730729833318539,1.6609761099930531,0.0,0.0,0.0,4.534823043193733,0.0755803840532289
0.3840000000000003,0.24089753791376387,-0.0730730376375793,1.6609761839154842,0.24089753526951235,-0.0730729833318539,1.6609761099930531,0.24089753526951235,-0.0730729833318539,1.6609761099930531,0.0,0.0,0.0,4.534822853488565,0.07558038089147609
0.3850000000000003,0.24089754001294295,-0.07307303827996722,1.6609761845371938,0.24089753526951235,-0.0730729833318539,1.6609761099930531,0.24089753526951235,-0.0730729833318539,1.6609761099930531,0.0,0.0,0.0,4.534822667997672,0.07558037779996121
0.3860000000000003,0.24089754209565684,-0.0730730389082828,1.6609761851525195,0.24089753526951235,-0.0730729833318539,1.6609761099930531,0.24089753526951235,-0.0730729833318539,1.6609761099930531,0.0,0.0,0.0,4.534822486684842,0.0755803747780807
0.3870000000000003,0.24089754416190023,-0.0730730395227384,1.6609761857612044,0.24089753526951235,-0.0730729833318539,1.6609761099930531,0.24089753526951235,-0.0730729833318539,1.6609761099930531,0.0,0.0,0.0,4.534822309509183,0.07558037182515305
0.3880000000000003,0.24089754621166232,-0.07307304012353773,1.660976186362996,0.24089753526951235,-0.0730729833318539,1.6609761099930531,0.24089753526951235,-0.0730729833318539,1.6609761099930531,0.0,0.0,0.0,4.534822136426697,0.07558036894044494
0.3890000000000003,0.2408975482449255,-0.07307304071087652,1.6609761869576414,0.24089753526951235,-0.0730729833318539,1.6609761099930531,0.24089753526951235,-0.0730729833318539,1.6609761099930531,0.0,0.0,0.0,4.534821967388844,0.07558036612314739
0.3900000000000003,0.24089755026166781,-0.07307304128494332,1.660976187544891,0.24089753526951235,-0.0730729833318539,1.6609761099930531,0.24089753526951235,-0.0730729833318539,1.6609761099930531,0.0,0.0,0.0,4.534821802344279,0.07558036337240465
0.3910000000000003,0.24089755226186005,-0.07307304184591833,1.6609761881244973,0.24089753526951235,-0.0730729833318539,1.6609761099930531,0.24089753526951235,-0.0730729833318539,1.6609761099930531,0.0,0.0,0.0,4.534821641238355,0.07558036068730592
0.3920000000000003,0.24089755424546855,-0.07307304239397455,1.660976188696214,0.24089753526951235,-0.0730729833318539,1.6609761099930531,0.24089753526951235,-0.0730729833318539,1.6609761099930531,0.0,0.0,0.0,4.534821484013209,0.07558035806688682
0.3930000000000003,0.24089755621245523,-0.07307304292927805,1.660976189259803,0.24089753526951235,-0.0730729833318539,1.6609761099930531,0.24089753526951235,-0.0730729833318539,1.6609761099930531,0.0,0.0,0.0,4.534821330608977,0.0755803555101496
0.3940000000000003,0.24089755816277494,-0.07307304345198784,1.6609761898150202,0.24089753526951235,-0.0730729833318539,1.6609761099930531,0.24089753526951235,-0.0730729833318539,1.6609761099930531,0.0,0.0,0.0,4.534821180961761,0.07558035301602935
0.3950000000000003,0.24089756009638158,-0.07307304396225688,1.6609761903616356,0.24089753526951235,-0.0730729833318539,1.6609761099930531,0.24089753526951235,-0.0730729833318539,1.6609761099930531,0.0,0.0,0.0,4.534821035007476,0.07558035058345794
0.3960000000000003,0.2408975620132207,-0.07307304446023,1.6609761908994127,0.24089753526951235,-0.0730729833318539,1.6609761099930531,0.24089753526951235,-0.0730729833318539,1.6609761099930531,0.0,0.0,0.0,4.534820892677708,0.07558034821129513
0.3970000000000003,0.24089756391323763,-0.07307304494604791,1.660976191428128,0.24089753526951235,-0.0730729833318539,1.6609761099930531,0.24089753526951235,-0.0730729833318539,1.6609761099930531,0.0,0.0,0.0,4.534820753904155,0.07558034589840258
0.3980000000000003,0.240897565796371,-0.0730730454198438,1.6609761919475563,0.24089753526951235,-0.0730729833318539,1.6609761099930531,0.24089753526951235,-0.0730729833318539,1.6609761099930531,0.0,0.0,0.0,4.534820618614929,0.07558034364358215
0.3990000000000003,0.24089756766255735,-0.07307304588174565,1.6609761924574789,0.24089753526951235,-0.0730729833318539,1.6609761099930531,0.24089753526951235,-0.0730729833318539,1.6609761099930531,0.0,0.0,0.0,4.534820486737708,0.07558034144562846
0.4000000000000003,0.2408975695117292,-0.07307304633187549,1.6609761929576805,0.24089753526951235,-0.0730729833318539,1.6609761099930531,0.24089753526951235,-0.0730729833318539,1.6609761099930531,0.0,0.0,0.0,4.534820358198499,0.07558033930330832
0.4010000000000003,0.24089757134381629,-0.0730730467703503,1.660976193447952,0.24089753526951235,-0.0730729833318539,1.6609761099930531,0.24089753526951235,-0.0730729833318539,1.6609761099930531,0.0,0.0,0.0,4.5348202329220735,0.07558033721536789
0.4020000000000003,0.24089757315874472,-0.07307304719728154,1.6609761939280885,0.24089753526951235,-0.0730729833318539,1.6609761099930531,0.24089753526951235,-0.0730729833318539,1.6609761099930531,0.0,0.0,0.0,4.534820110831974,0.07558033518053289
0.4030000000000003,0.2408975749564391,-0.07307304761277604,1.6609761943978898,0.24089753526951235,-0.0730729833318539,1.6609761099930531,0.24089753526951235,-0.0730729833318539,1.6609761099930531,0.0,0.0,0.0,4.534819991850984,0.0755803331975164
0.4040000000000003,0.24089757673682005,-0.07307304801693534,1.6609761948571593,0.24089753526951235,-0.0730729833318539,1.6609761099930531,0.24089753526951235,-0.0730729833318539,1.6609761099930531,0.0,0.0,0.0,4.53481987590107,0.07558033126501783
0.4050000000000003,0.24089757849980734,-0.07307304840985664,1.6609761953057087,0.24089753526951235,-0.0730729833318539,1.6609761099930531,0.24089753526951235,-0.0730729833318539,1.6609761099930531,0.0,0.0,0.0,4.53481976290397,0.07558032938173283
0.4060000000000003,0.24089758024531732,-0.07307304879163284,1.6609761957433533,0.24089753526951235,-0.0730729833318539,1.6609761099930531,0.24089753526951235,-0.0730729833318539,1.6609761099930531,0.0,0.0,0.0,4.534819652780251,0.07558032754633752
0.4070000000000003,0.24089758197326525,-0.07307304916235208,1.6609761961699137,0.24089753526951235,-0.0730729833318539,1.6609761099930531,0.24089753526951235,-0.0730729833318539,1.6609761099930531,0.0,0.0,0.0,4.53481954545055,0.07558032575750917
0.4080000000000003,0.24089758368356443,-0.07307304952209935,1.660976196585215,0.24089753526951235,-0.0730729833318539,1.6609761099930531,0.24089753526951235,-0.0730729833318539,1.6609761099930531,0.0,0.0,0.0,4.534819440835197,0.07558032401391995
0.4090000000000003,0.2408975853761263,-0.07307304987095475,1.6609761969890904,0.24089753526951235,-0.0730729833318539,1.6609761099930531,0.24089753526951235,-0.0730729833318539,1.6609761099930531,0.0,0.0,0.0,4.534819338854758,0.07558032231424597
0.4100000000000003,0.24089758705086134,-0.07307305020899542,1.6609761973813773,0.24089753526951235,-0.0730729833318539,1.6609761099930531,0.24089753526951235,-0.0730729833318539,1.6609761099930531,0.0,0.0,0.0,4.5348192394292,0.07558032065715332
0.4110000000000003,0.24089758870767908,-0.07307305053629473,1.6609761977619175,0.24089753526951235,-0.0730729833318539,1.6609761099930531,0.24089753526951235,-0.0730729833318539,1.6609761099930531,0.0,0.0,0.0,4.534819142479077,0.07558031904131796
0.4120000000000003,0.24089759034648722,-0.07307305085292279,1.6609761981305597,0.24089753526951235,-0.0730729833318539,1.6609761099930531,0.24089753526951235,-0.0730729833318539,1.6609761099930531,0.0,0.0,0.0,4.534819047925301,0.07558031746542168
0.4130000000000003,0.24089759196719313,-0.07307305115894616,1.6609761984871594,0.24089753526951235,-0.0730729833318539,1.6609761099930531,0.24089753526951235,-0.0730729833318539,1.6609761099930531,0.0,0.0,0.0,4.534818955688772,0.07558031592814621
0.4140000000000003,0.24089759356970364,-0.07307305145442915,1.6609761988315754,0.24089753526951235,-0.0730729833318539,1.6609761099930531,0.24089753526951235,-0.0730729833318539,1.6609761099930531,0.0,0.0,0.0,4.5348188656909025,0.07558031442818171
0.4150000000000003,0.24089759515392473,-0.0730730517394322,1.6609761991636727,0.24089753526951235,-0.0730729833318539,1.6609761099930531,0.24089753526951235,-0.0730729833318539,1.6609761099930531,0.0,0.0,0.0,4.534818777853978,0.07558031296423297
0.4160000000000003,0.24089759671976174,-0.07307305201401405,1.6609761994833243,0.24089753526951235,-0.0730729833318539,1.6609761099930531,0.24089753526951235,-0.0730729833318539,1.6609761099930531,0.0,0.0,0.0,4.534818692100129,0.07558031153500215
0.4170000000000003,0.24089759826712057,-0.07307305227822981,1.6609761997904073,0.24089753526951235,-0.0730729833318539,1.6609761099930531,0.24089753526951235,-0.0730729833318539,1.6609761099930531,0.0,0.0,0.0,4.534818608353651,0.07558031013922752
0.4180000000000003,0.24089759979590603,-0.0730730525321329,1.6609762000848025,0.24089753526951235,-0.0730729833318539,1.6609761099930531,0.24089753526951235,-0.0730729833318539,1.6609761099930531,0.0,0.0,0.0,4.534818526538328,0.0755803087756388
0.4190000000000003,0.24089760130602422,-0.07307305277577464,1.6609762003664001,0.24089753526951235,-0.0730729833318539,1.6609761099930531,0.24089753526951235,-0.0730729833318539,1.6609761099930531,0.0,0.0,0.0,4.534818446579505,0.07558030744299175
0.4200000000000003,0.24089760279738012,-0.07307305300920344,1.6609762006350928,0.24089753526951235,-0.0730729833318539,1.6609761099930531,0.24089753526951235,-0.0730729833318539,1.6609761099930531,0.0,0.0,0.0,4.534818368402764,0.07558030614004606
0.4210000000000003,0.24089760426987974,-0.07307305323246659,1.6609762008907818,0.24089753526951235,-0.0730729833318539,1.6609761099930531,0.24089753526951235,-0.0730729833318539,1.6609761099930531,0.0,0.0,0.0,4.534818291935339,0.07558030486558898
0.4220000000000003,0.2408976057234295,-0.07307305344560829,1.6609762011333704,0.24089753526951235,-0.0730729833318539,1.6609761099930531,0.24089753526951235,-0.0730729833318539,1.6609761099930531,0.0,0.0,0.0,4.534818217105088,0.07558030361841814
0.4230000000000003,0.24089760715793596,-0.07307305364867245,1.6609762013627711,0.24089753526951235,-0.0730729833318539,1.6609761099930531,0.24089753526951235,-0.0730729833318539,1.6609761099930531,0.0,0.0,0.0,4.53481814384151,0.0755803023973585
0.4240000000000003,0.2408976085733066,-0.07307305384170068,1.660976201578899,0.24089753526951235,-0.0730729833318539,1.6609761099930531,0.24089753526951235,-0.0730729833318539,1.6609761099930531,0.0,0.0,0.0,4.534818072074689,0.07558030120124481
0.4250000000000003,0.2408976099694496,-0.07307305402473231,1.6609762017816758,0.24089753526951235,-0.0730729833318539,1.6609761099930531,0.24089753526951235,-0.0730729833318539,1.6609761099930531,0.0,0.0,0.0,4.534818001736443,0.07558030002894071
0.4260000000000003,0.24089761134627424,-0.07307305419780669,1.660976201971029,0.24089753526951235,-0.0730729833318539,1.6609761099930531,0.24089753526951235,-0.0730729833318539,1.6609761099930531,0.0,0.0,0.0,4.534817932759507,0.07558029887932512
0.4270000000000003,0.24089761270369014,-0.07307305436096093,1.6609762021468906,0.24089753526951235,-0.0730729833318539,1.6609761099930531,0.24089753526951235,-0.0730729833318539,1.6609761099930531,0.0,0.0,0.0,4.53481786507802,0.07558029775130033
0.4280000000000003,0.24089761404160875,-0.07307305451423132,1.6609762023091978,0.24089753526951235,-0.0730729833318539,1.6609761099930531,0.24089753526951235,-0.0730729833318539,1.6609761099930531,0.0,0.0,0.0,4.5348177986275795,0.075580296643793
0.4290000000000003,0.24089761535994214,-0.07307305465765279,1.6609762024578933,0.24089753526951235,-0.0730729833318539,1.6609761099930531,0.24089753526951235,-0.0730729833318539,1.6609761099930531,0.0,0.0,0.0,4.534817733345049,0.07558029555575081
0.4300000000000003,0.24089761665860304,-0.07307305479125914,1.6609762025929236,0.24089753526951235,-0.0730729833318539,1.6609761099930531,0.24089753526951235,-0.0730729833318539,1.6609761099930531,0.0,0.0,0.0,4.534817669168749,0.07558029448614582
0.4310000000000003,0.24089761793750714,-0.07307305491508428,1.6609762027142436,0.24089753526951235,-0.0730729833318539,1.6609761099930531,0.24089753526951235,-0.0730729833318539,1.6609761099930531,0.0,0.0,0.0,4.5348176060386916,0.0755802934339782
0.43200000000000033,0.24089761919656993,-0.07307305502916037,1.660976202821809,0.24089753526951235,-0.0730729833318539,1.6609761099930531,0.24089753526951235,-0.0730729833318539,1.6609761099930531,0.0,0.0,0.0,4.534817543895591,0.07558029239825985
0.43300000000000033,0.24089762043570945,-0.07307305513351896,1.6609762029155832,0.24089753526951235,-0.0730729833318539,1.6609761099930531,0.24089753526951235,-0.0730729833318539,1.6609761099930531,0.0,0.0,0.0,4.534817482682542,0.07558029137804237
0.43400000000000033,0.24089762165484407,-0.07307305522819134,1.6609762029955326,0.24089753526951235,-0.0730729833318539,1.6609761099930531,0.24089753526951235,-0.0730729833318539,1.6609761099930531,0.0,0.0,0.0,4.534817422343428,0.07558029037239047
0.43500000000000033,0.2408976228538952,-0.07307305531320758,1.6609762030616295,0.24089753526951235,-0.0730729833318539,1.6609761099930531,0.24089753526951235,-0.0730729833318539,1.6609761099930531,0.0,0.0,0.0,4.5348173628242066,0.07558028938040344
0.43600000000000033,0.2408976240327845,-0.07307305538859836,1.6609762031138497,0.24089753526951235,-0.0730729833318539,1.6609761099930531,0.24089753526951235,-0.0730729833318539,1.6609761099930531,0.0,0.0,0.0,4.5348173040720425,0.07558028840120071
0.43700000000000033,0.24089762519143576,-0.07307305545439291,1.6609762031521742,0.24089753526951235,-0.0730729833318539,1.6609761099930531,0.24089753526951235,-0.0730729833318539,1.6609761099930531,0.0,0.0,0.0,4.5348172460357645,0.0755802874339294
0.43800000000000033,0.24089762632977502,-0.07307305551062057,1.6609762031765878,0.24089753526951235,-0.0730729833318539,1.6609761099930531,0.24089753526951235,-0.0730729833318539,1.6609761099930531,0.0,0.0,0.0,4.534817188665729,0.07558028647776215
0.43900000000000033,0.24089762744773013,-0.07307305555731063,1.6609762031870792,0.24089753526951235,-0.0730729833318539,1.6609761099930531,0.24089753526951235,-0.0730729833318539,1.6609761099930531,0.0,0.0,0.0,4.534817131913897,0.07558028553189829
0.44000000000000034,0.2408976285452299,-0.07307305559449168,1.6609762031836424,0.24089753526951235,-0.0730729833318539,1.6609761099930531,0.24089753526951235,-0.0730729833318539,1.6609761099930531,0.0,0.0,0.0,4.534817075733742,0.07558028459556237
0.44100000000000034,0.24089762962220523,-0.07307305562219227,1.6609762031662747,0.24089753526951235,-0.0730729833318539,1.6609761099930531,0.24089753526951235,-0.0730729833318539,1.6609761099930531,0.0,0.0,0.0,4.534817020080206,0.07558028366800344
0.44200000000000034,0.24089763067859005,-0.07307305564044134,1.6609762031349775,0.24089753526951235,-0.0730729833318539,1.6609761099930531,0.24089753526951235,-0.0730729833318539,1.6609761099930531,0.0,0.0,0.0,4.534816964909902,0.07558028274849837
0.44300000000000034,0.24089763171431886,-0.07307305564926758,1.660976203089756,0.24089753526951235,-0.0730729833318539,1.6609761099930531,0.24089753526951235,-0.0730729833318539,1.6609761099930531,0.0,0.0,0.0,4.534816910181038,0.07558028183635064
0.44400000000000034,0.24089763272932901,-0.07307305564869912,1.6609762030306194,0.24089753526951235,-0.0730729833318539,1.6609761099930531,0.24089753526951235,-0.0730729833318539,1.6609761099930531,0.0,0.0,0.0,4.534816855853289,0.07558028093088814
0.44500000000000034,0.24089763372355966,-0.07307305563876478,1.6609762029575796,0.24089753526951235,-0.0730729833318539,1.6609761099930531,0.24089753526951235,-0.0730729833318539,1.6609761099930531,0.0,0.0,0.0,4.534816801887778,0.07558028003146296
0.44600000000000034,0.24089763469695147,-0.07307305561949326,1.6609762028706532,0.24089753526951235,-0.0730729833318539,1.6609761099930531,0.24089753526951235,-0.0730729833318539,1.6609761099930531,0.0,0.0,0.0,4.5348167482476125,0.07558027913746021
0.44700000000000034,0.24089763564944783,-0.07307305559091364,1.660976202769859,0.24089753526951235,-0.0730729833318539,1.6609761099930531,0.24089753526951235,-0.0730729833318539,1.6609761099930531,0.0,0.0,0.0,4.53481669489682,0.07558027824828034
0.44800000000000034,0.24089763658099417,-0.07307305555305492,1.6609762026552213,0.24089753526951235,-0.0730729833318539,1.6609761099930531,0.24089753526951235,-0.0730729833318539,1.6609761099930531,0.0,0.0,0.0,4.5348166418013465,0.07558027736335578
0.44900000000000034,0.2408976374915376,-0.07307305550594645,1.6609762025267645,0.24089753526951235,-0.0730729833318539,1.6609761099930531,0.24089753526951235,-0.0730729833318539,1.6609761099930531,0.0,0.0,0.0,4.534816588928213,0.07558027648213689
0.45000000000000034,0.24089763838102754,-0.07307305544961755,1.6609762023845176,0.24089753526951235,-0.0730729833318539,1.6609761099930531,0.24089753526951235,-0.0730729833318539,1.6609761099930531,0.0,0.0,0.0,4.534816536246591,0.07558027560410986
0.45100000000000035,0.24089763924941576,-0.07307305538409829,1.6609762022285142,0.24089753526951235,-0.0730729833318539,1.6609761099930531,0.24089753526951235,-0.0730729833318539,1.6609761099930531,0.0,0.0,0.0,4.534816483726775,0.07558027472877958
0.45200000000000035,0.2408976400966556,-0.0730730553094192,1.6609762020587882,0.24089753526951235,-0.0730729833318539,1.6609761099930531,0.24089753526951235,-0.0730729833318539,1.6609761099930531,0.0,0.0,0.0,4.534816431340168,0.07558027385566947
0.45300000000000035,0.24089764092270308,-0.07307305522560996,1.660976201875377,0.24089753526951235,-0.0730729833318539,1.6609761099930531,0.24089753526951235,-0.0730729833318539,1.6609761099930531,0.0,0.0,0.0,4.5348163790601435,0.07558027298433573
0.45400000000000035,0.24089764172751627,-0.07307305513270228,1.6609762016783225,0.24089753526951235,-0.0730729833318539,1.6609761099930531,0.24089753526951235,-0.0730729833318539,1.6609761099930531,0.0,0.0,0.0,4.534816326861176,0.07558027211435293
0.45500000000000035,0.24089764251105517,-0.0730730550307269,1.660976201467666,0.24089753526951235,-0.0730729833318539,1.6609761099930531,0.24089753526951235,-0.0730729833318539,1.6609761099930531,0.0,0.0,0.0,4.534816274719102,0.07558027124531837
0.45600000000000035,0.24089764327328184,-0.07307305491971601,1.660976201243454,0.24089753526951235,-0.0730729833318539,1.6609761099930531,0.24089753526951235,-0.0730729833318539,1.6609761099930531,0.0,0.0,0.0,4.534816222611485,0.07558027037685808
0.45700000000000035,0.2408976440141607,-0.07307305479970148,1.6609762010057338,0.24089753526951235,-0.0730729833318539,1.6609761099930531,0.24089753526951235,-0.0730729833318539,1.6609761099930531,0.0,0.0,0.0,4.534816170516112,0.07558026950860186
0.45800000000000035,0.2408976447336581,-0.07307305467071565,1.6609762007545568,0.24089753526951235,-0.0730729833318539,1.6609761099930531,0.24089753526951235,-0.0730729833318539,1.6609761099930531,0.0,0.0,0.0,4.534816118414405,0.07558026864024008
0.45900000000000035,0.24089764543174336,-0.0730730545327921,1.6609762004899746,0.24089753526951235,-0.0730729833318539,1.6609761099930531,0.24089753526951235,-0.0730729833318539,1.6609761099930531,0.0,0.0,0.0,4.534816066286895,0.07558026777144826
0.46000000000000035,0.24089764610838615,-0.0730730543859639,1.660976200212041,0.24089753526951235,-0.0730729833318539,1.6609761099930531,0.24089753526951235,-0.0730729833318539,1.6609761099930531,0.0,0.0,0.0,4.534816014116211,0.07558026690193684
0.46100000000000035,0.24089764676356015,-0.07307305423026497,1.6609761999208141,0.24089753526951235,-0.0730729833318539,1.6609761099930531,0.24089753526951235,-0.0730729833318539,1.6609761099930531,0.0,0.0,0.0,4.534815961886033,0.07558026603143389
0.46200000000000035,0.24089764739724004,-0.07307305406573067,1.6609761996163508,0.24089753526951235,-0.0730729833318539,1.6609761099930531,0.24089753526951235,-0.0730729833318539,1.6609761099930531,0.0,0.0,0.0,4.5348159095812575,0.07558026515968762
0.46300000000000036,0.240897648009403,-0.073073053892395,1.6609761992987113,0.24089753526951235,-0.0730729833318539,1.6609761099930531,0.24089753526951235,-0.0730729833318539,1.6609761099930531,0.0,0.0,0.0,4.534815857188334,0.07558026428647223
0.46400000000000036,0.24089764860002763,-0.073073053710294,1.660976198967958,0.24089753526951235,-0.0730729833318539,1.6609761099930531,0.24089753526951235,-0.0730729833318539,1.6609761099930531,0.0,0.0,0.0,4.534815804694568,0.07558026341157613
0.46500000000000036,0.24089764916909556,-0.07307305351946371,1.6609761986241545,0.24089753526951235,-0.0730729833318539,1.6609761099930531,0.24089753526951235,-0.0730729833318539,1.6609761099930531,0.0,0.0,0.0,4.534815752088406,0.07558026253480676
0.46600000000000036,0.24089764971658978,-0.0730730533199406,1.660976198267366,0.24089753526951235,-0.0730729833318539,1.6609761099930531,0.24089753526951235,-0.0730729833318539,1.6609761099930531,0.0,0.0,0.0,4.534815699359414,0.07558026165599023
0.46700000000000036,0.24089765024249538,-0.07307305311176189,1.6609761978976585,0.24089753526951235,-0.0730729833318539,1.6609761099930531,0.24089753526951235,-0.0730729833318539,1.6609761099930531,0.0,0.0,0.0,4.534815646498248,0.07558026077497079
0.46800000000000036,0.24089765074679936,-0.07307305289496459,1.6609761975151007,0.24089753526951235,-0.0730729833318539,1.6609761099930531,0.24089753526951235,-0.0730729833318539,1.6609761099930531,0.0,0.0,0.0,4.534815593496886,0.07558025989161478
0.46900000000000036,0.24089765122949178,-0.07307305266958752,1.660976197119761,0.24089753526951235,-0.0730729833318539,1.6609761099930531,0.24089753526951235,-0.0730729833318539,1.6609761099930531,0.0,0.0,0.0,4.53481554034769,0.07558025900579483
0.47000000000000036,0.24089765169056268,-0.07307305243566903,1.6609761967117096,0.24089753526951235,-0.0730729833318539,1.6609761099930531,0.24089753526951235,-0.0730729833318539,1.6609761099930531,0.0,0.0,0.0,4.534815487044889,0.07558025811741481
0.47100000000000036,0.2408976521300058,-0.07307305219324839,1.6609761962910201,0.24089753526951235,-0.0730729833318539,1.6609761099930531,0.24089753526951235,-0.0730729833318539,1.6609761099930531,0.0,0.0,0.0,4.534815433583046,0.0755802572263841
0.47200000000000036,0.24089765254781587,-0.0730730519423651,1.6609761958577631,0.24089753526951235,-0.0730729833318539,1.6609761099930531,0.24089753526951235,-0.0730729833318539,1.6609761099930531,0.0,0.0,0.0,4.534815379957496,0.07558025633262493
0.47300000000000036,0.24089765294399001,-0.07307305168305953,1.6609761954120135,0.24089753526951235,-0.0730729833318539,1.6609761099930531,0.24089753526951235,-0.0730729833318539,1.6609761099930531,0.0,0.0,0.0,4.5348153261652,0.07558025543608667
0.47400000000000037,0.24089765331852675,-0.07307305141537215,1.660976194953845,0.24089753526951235,-0.0730729833318539,1.6609761099930531,0.24089753526951235,-0.0730729833318539,1.6609761099930531,0.0,0.0,0.0,4.534815272203555,0.07558025453672591
0.47500000000000037,0.24089765367142676,-0.07307305113934442,1.6609761944833343,0.24089753526951235,-0.0730729833318539,1.6609761099930531,0.24089753526951235,-0.0730729833318539,1.6609761099930531,0.0,0.0,0.0,4.53481521807078,0.075580253634513
0.47600000000000037,0.2408976540026924,-0.07307305085501777,1.6609761940005565,0.24089753526951235,-0.0730729833318539,1.6609761099930531,0.24089753526951235,-0.0730729833318539,1.6609761099930531,0.0,0.0,0.0,4.534815163765866,0.0755802527294311
0.47700000000000037,0.2408976543123275,-0.07307305056243431,1.660976193505589,0.24089753526951235,-0.0730729833318539,1.6609761099930531,0.24089753526951235,-0.0730729833318539,1.6609761099930531,0.0,0.0,0.0,4.53481510928903,0.07558025182148384
0.47800000000000037,0.24089765460033846,-0.0730730502616366,1.6609761929985092,0.24089753526951235,-0.0730729833318539,1.6609761099930531,0.24089753526951235,-0.0730729833318539,1.6609761099930531,0.0,0.0,0.0,4.534815054640733,0.07558025091067888
0.47900000000000037,0.24089765486673206,-0.07307304995266792,1.660976192479396,0.24089753526951235,-0.0730729833318539,1.6609761099930531,0.24089753526951235,-0.0730729833318539,1.6609761099930531,0.0,0.0,0.0,4.534814999822499,0.07558024999704166
0.48000000000000037,0.24089765511152017,-0.07307304963557179,1.6609761919483277,0.24089753526951235,-0.0730729833318539,1.6609761099930531,0.24089753526951235,-0.0730729833318539,1.6609761099930531,0.0,0.0,0.0,4.534814944836322,0.07558024908060537
0.48100000000000037,0.24089765533471108,-0.07307304931039217,1.6609761914053836,0.24089753526951235,-0.0730729833318539,1.6609761099930531,0.24089753526951235,-0.0730729833318539,1.6609761099930531,0.0,0.0,0.0,4.534814889685116,0.07558024816141859
0.4820000000000004,0.24089765553631853,-0.07307304897717345,1.6609761908506433,0.24089753526951235,-0.0730729833318539,1.6609761099930531,0.24089753526951235,-0.0730729833318539,1.6609761099930531,0.0,0.0,0.0,4.534814834372278,0.07558024723953796
0.4830000000000004,0.24089765571635674,-0.07307304863596034,1.6609761902841875,0.24089753526951235,-0.0730729833318539,1.6609761099930531,0.24089753526951235,-0.0730729833318539,1.6609761099930531,0.0,0.0,0.0,4.534814778901966,0.07558024631503277
0.4840000000000004,0.24089765587484183,-0.07307304828679811,1.660976189706096,0.24089753526951235,-0.0730729833318539,1.6609761099930531,0.24089753526951235,-0.0730729833318539,1.6609761099930531,0.0,0.0,0.0,4.534814723278711,0.07558024538797851
0.4850000000000004,0.24089765601179114,-0.07307304792973263,1.6609761891164494,0.24089753526951235,-0.0730729833318539,1.6609761099930531,0.24089753526951235,-0.0730729833318539,1.6609761099930531,0.0,0.0,0.0,4.534814667507982,0.07558024445846637
0.4860000000000004,0.2408976561272239,-0.07307304756480966,1.6609761885153291,0.24089753526951235,-0.0730729833318539,1.6609761099930531,0.24089753526951235,-0.0730729833318539,1.6609761099930531,0.0,0.0,0.0,4.534814611595483,0.07558024352659137
0.4870000000000004,0.24089765622116038,-0.07307304719207547,1.6609761879028162,0.24089753526951235,-0.0730729833318539,1.6609761099930531,0.24089753526951235,-0.0730729833318539,1.6609761099930531,0.0,0.0,0.0,4.534814555547435,0.07558024259245724
0.4880000000000004,0.24089765629362236,-0.07307304681157704,1.6609761872789897,0.24089753526951235,-0.0730729833318539,1.6609761099930531,0.24089753526951235,-0.0730729833318539,1.6609761099930531,0.0,0.0,0.0,4.534814499370674,0.0755802416561779
0.4890000000000004,0.24089765634463434,-0.07307304642336167,1.6609761866439343,0.24089753526951235,-0.0730729833318539,1.6609761099930531,0.24089753526951235,-0.0730729833318539,1.6609761099930531,0.0,0.0,0.0,4.534814443072979,0.07558024071788298
0.4900000000000004,0.24089765637422053,-0.07307304602747619,1.6609761859977308,0.24089753526951235,-0.0730729833318539,1.6609761099930531,0.24089753526951235,-0.0730729833318539,1.6609761099930531,0.0,0.0,0.0,4.534814386661319,0.07558023977768864
0.4910000000000004,0.24089765638240668,-0.07307304562396888,1.660976185340458,0.24089753526951235,-0.0730729833318539,1.6609761099930531,0.24089753526951235,-0.0730729833318539,1.6609761099930531,0.0,0.0,0.0,4.534814330144053,0.07558023883573423
0.4920000000000004,0.2408976563692214,-0.07307304521288753,1.6609761846722004,0.24089753526951235,-0.0730729833318539,1.6609761099930531,0.24089753526951235,-0.0730729833318539,1.6609761099930531,0.0,0.0,0.0,4.534814273530068,0.07558023789216779
0.4930000000000004,0.24089765633469304,-0.07307304479428048,1.6609761839930357,0.24089753526951235,-0.0730729833318539,1.6609761099930531,0.24089753526951235,-0.0730729833318539,1.6609761099930531,0.0,0.0,0.0,4.5348142168278125,0.0755802369471302
0.4940000000000004,0.24089765627885232,-0.07307304436819644,1.6609761833030483,0.24089753526951235,-0.0730729833318539,1.6609761099930531,0.24089753526951235,-0.0730729833318539,1.6609761099930531,0.0,0.0,0.0,4.534814160047276,0.07558023600078793
0.4950000000000004,0.24089765620173065,-0.07307304393468408,1.6609761826023182,0.24089753526951235,-0.0730729833318539,1.6609761099930531,0.24089753526951235,-0.0730729833318539,1.6609761099930531,0.0,0.0,0.0,4.534814103197303,0.07558023505328838
0.4960000000000004,0.2408976561033609,-0.0730730434937927,1.6609761818909266,0.24089753526951235,-0.0730729833318539,1.6609761099930531,0.24089753526951235,-0.0730729833318539,1.6609761099930531,0.0,0.0,0.0,4.534814046288271,0.07558023410480451
0.4970000000000004,0.2408976559837775,-0.0730730430455718,1.6609761811689543,0.24089753526951235,-0.0730729833318539,1.6609761099930531,0.24089753526951235,-0.0730729833318539,1.6609761099930531,0.0,0.0,0.0,4.534813989330104,0.07558023315550173
0.4980000000000004,0.24089765584301473,-0.07307304259007055,1.6609761804364802,0.24089753526951235,-0.0730729833318539,1.6609761099930531,0.24089753526951235,-0.0730729833318539,1.6609761099930531,0.0,0.0,0.0,4.534813932333386,0.07558023220555644
0.4990000000000004,0.24089765568111002,-0.07307304212733887,1.6609761796935862,0.24089753526951235,-0.0730729833318539,1.6609761099930531,0.24089753526951235,-0.0730729833318539,1.6609761099930531,0.0,0.0,0.0,4.534813875309009,0.07558023125515015
0.5000000000000003,0.24089765549810038,-0.073073041657427,1.6609761789403525,0.24089753526951235,-0.0730729833318539,1.6609761099930531,0.24089753526951235,-0.0730729833318539,1.6609761099930531,0.0,0.0,0.0,4.534813818267808,0.07558023030446347
0.5010000000000003,0.2408976552940248,-0.07307304118038484,1.660976178176858,0.24089753526951235,-0.0730729833318539,1.6609761099930531,0.24089753526951235,-0.0730729833318539,1.6609761099930531,10.0,0.0,0.0,4.534813761220672,0.07558022935367786
0.5020000000000003,0.24090504048476966,-0.07306945329785121,1.6609716878517968,0.24089753526951235,-0.0730729833318539,1.6609761099930531,0.24089753526951235,-0.0730729833318539,1.6609761099930531,10.0,0.0,0.0,4.712056875695964,0.0785342812615994
0.5030000000000003,0.2409193882663997,-0.0730625635745331,1.6609630633672254,0.24089753526951235,-0.0730729833318539,1.6609761099930531,0.24089753526951235,-0.0730729833318539,1.6609761099930531,10.0,0.0,0.0,4.878890047447122,0.0813148341241187
0.5040000000000003,0.24094030047271414,-0.07305263853745064,1.6609506369221654,0.24089753526951235,-0.0730729833318539,1.6609761099930531,0.24089753526951235,-0.0730729833318539,1.6609761099930531,10.0,0.0,0.0,5.035946336803346,0.08393243894672243
0.5050000000000003,0.24096740175960835,-0.07303992742749847,1.6609347187371677,0.24089753526951235,-0.0730729833318539,1.6609761099930531,0.24089753526951235,-0.0730729833318539,1.6609761099930531,10.0,0.0,0.0,5.1838177493787,0.086396962489645
0.5060000000000003,0.24100033824387151,-0.0730246633992819,1.6609155985224286,0.24089753526951235,-0.0730729833318539,1.6609761099930531,0.24089753526951235,-0.0730729833318539,1.6609761099930531,10.0,0.0,0.0,5.323058202511031,0.08871763670851718
0.5070000000000003,0.24103877628562806,-0.07300706458445169,1.6608935468935753,0.24089753526951235,-0.0730729833318539,1.6609761099930531,0.24089753526951235,-0.0730729833318539,1.6609761099930531,10.0,0.0,0.0,5.454186312376374,0.0909031052062729
0.5080000000000003,0.24108240136091535,-0.07298733507336579,1.6608688167203605,0.24089753526951235,-0.0730729833318539,1.6609761099930531,0.24089753526951235,-0.0730729833318539,1.6609761099930531,10.0,0.0,0.0,5.577687470099429,0.09296145783499048
0.5090000000000003,0.24113091700668493,-0.07296566582749095,1.6608416444006773,0.24089753526951235,-0.0730729833318539,1.6609761099930531,0.24089753526951235,-0.0730729833318539,1.6609761099930531,10.0,0.0,0.0,5.694015769723389,0.09490026282872316
0.5100000000000003,0.24118404382948896,-0.07294223552849677,1.6608122510558658,0.24089753526951235,-0.0730729833318539,1.6609761099930531,0.24089753526951235,-0.0730729833318539,1.6609761099930531,10.0,0.0,0.0,5.803595895496814,0.09672659825828024
0.5110000000000003,0.241241518571683,-0.07291721136872595,1.6607808436451856,0.24089753526951235,-0.0730729833318539,1.6609761099930531,0.24089753526951235,-0.0730729833318539,1.6609761099930531,10.0,0.0,0.0,5.9068249820645296,0.09844708303440883
0.5120000000000003,0.24130309322997534,-0.0728907497872566,1.660747615998747,0.24089753526951235,-0.0730729833318539,1.6609761099930531,0.24089753526951235,-0.0730729833318539,1.6609761099930531,10.0,0.0,0.0,6.004074438892939,0.10006790731488231
0.5130000000000003,0.24136853422177562,-0.07286299715542612,1.6607127497694902,0.24089753526951235,-0.0730729833318539,1.6609761099930531,0.24089753526951235,-0.0730729833318539,1.6609761099930531,10.0,0.0,0.0,6.095691725428421,0.10159486209047368
0.5140000000000003,0.24143762159532844,-0.07283409041540402,1.6606764153059423,0.24089753526951235,-0.0730729833318539,1.6609761099930531,0.24089753526951235,-0.0730729833318539,1.6609761099930531,10.0,0.0,0.0,6.182002063364398,0.10303336772273997
0.5150000000000003,0.2415101482801058,-0.07280415767514535,1.660638772448528,0.24089753526951235,-0.0730729833318539,1.6609761099930531,0.24089753526951235,-0.0730729833318539,1.6609761099930531,10.0,0.0,0.0,6.263310073794566,0.10438850122990943
0.5160000000000003,0.24158591937439317,-0.07277331876282954,1.6605999712530763,0.24089753526951235,-0.0730729833318539,1.6609761099930531,0.24089753526951235,-0.0730729833318539,1.6609761099930531,10.0,0.0,0.0,6.3399013290013295,0.10566502215002216
0.5170000000000003,0.24166475146743008,-0.07274168574368345,1.6605601526458948,0.24089753526951235,-0.0730729833318539,1.6609761099930531,0.24089753526951235,-0.0730729833318539,1.6609761099930531,10.0,0.0,0.0,6.412043810870458,0.10686739684784095
0.5180000000000003,0.24174647199390292,-0.07270936340189298,1.6605194490153632,0.24089753526951235,-0.0730729833318539,1.6609761099930531,0.24089753526951235,-0.0730729833318539,1.6609761099930531,10.0,0.0,0.0,6.479989270249805,0.1079998211708301
0.5190000000000003,0.24183091861888928,-0.07267644969014476,1.6604779847453373,0.24089753526951235,-0.0730729833318539,1.6609761099930531,0.24089753526951235,-0.0730729833318539,1.6609761099930531,10.0,0.0,0.0,6.5439744838860285,0.10906624139810048
0.5200000000000004,0.24191793865170438,-0.0726430361491584,1.660435876695935,0.24089753526951235,-0.0730729833318539,1.6609761099930531,0.24089753526951235,-0.0730729833318539,1.6609761099930531,10.0,0.0,0.0,6.604222407786956,0.11007037346311593
0.5210000000000004,0.24200738848735953,-0.07260920829943798,1.6603932346373012,0.24089753526951235,-0.0730729833318539,1.6609761099930531,0.24089753526951235,-0.0730729833318539,1.6609761099930531,10.0,0.0,0.0,6.660943227897286,0.11101572046495477
0.5220000000000004,0.24209913307453906,-0.072575046007302,1.6603501616419067,0.24089753526951235,-0.0730729833318539,1.6609761099930531,0.24089753526951235,-0.0730729833318539,1.6609761099930531,10.0,0.0,0.0,6.714335310810016,0.11190558851350027
0.5230000000000004,0.24219304540921383,-0.07254062382713206,1.6603067544407546,0.24089753526951235,-0.0730729833318539,1.6609761099930531,0.24089753526951235,-0.0730729833318539,1.6609761099930531,10.0,0.0,0.0,6.764586058800777,0.11274310098001296
0.5240000000000004,0.24228900605309844,-0.0725060113216281,1.660263103748551,0.24089753526951235,-0.0730729833318539,1.6609761099930531,0.24089753526951235,-0.0730729833318539,1.6609761099930531,10.0,0.0,0.0,6.811872674766958,0.11353121124611597
0.5250000000000004,0.2423869026762866,-0.07247127336174182,1.6602192945625527,0.24089753526951235,-0.0730729833318539,1.6609761099930531,0.24089753526951235,-0.0730729833318539,1.6609761099930531,10.0,0.0,0.0,6.856362843664169,0.11427271406106948
0.5260000000000004,0.24248662962344264,-0.07243647040782623,1.6601754064393532,0.24089753526951235,-0.0730729833318539,1.6609761099930531,0.24089753526951235,-0.0730729833318539,1.6609761099930531,10.0,0.0,0.0,6.89821533775067,0.11497025562917783
0.5270000000000004,0.24258808750295457,-0.07240165877342115,1.6601315137534147,0.24089753526951235,-0.0730729833318539,1.6609761099930531,0.24089753526951235,-0.0730729833318539,1.6609761099930531,10.0,0.0,0.0,6.937580553396773,0.11562634255661289
0.5280000000000004,0.24269118279846316,-0.07236689087297542,1.6600876859406255,0.24089753526951235,-0.0730729833318539,1.6609761099930531,0.24089753526951235,-0.0730729833318539,1.6609761099930531,10.0,0.0,0.0,6.974600987403844,0.11624334979006407
0.5290000000000004,0.24279582750217096,-0.07233221545470254,1.6600439877296929,0.24089753526951235,-0.0730729833318539,1.6609761099930531,0.24089753526951235,-0.0730729833318539,1.6609761099930531,10.0,0.0,0.0,7.009411660741245,0.11682352767902075
0.5300000000000004,0.2429019387692985,-0.0722976778196483,1.6600004793636742,0.24089753526951235,-0.0730729833318539,1.6609761099930531,0.24089753526951235,-0.0730729833318539,1.6609761099930531,10.0,0.0,0.0,7.042140497358281,0.11736900828930467
0.5310000000000004,0.24300943859302218,-0.07226332002796271,1.6599572168134673,0.24089753526951235,-0.0730729833318539,1.6609761099930531,0.24089753526951235,-0.0730729833318539,1.6609761099930531,10.0,0.0,0.0,7.072908665321911,0.11788181108869852
0.5320000000000004,0.24311825349918537,-0.07222918109325892,1.6599142519846746,0.24089753526951235,-0.0730729833318539,1.6609761099930531,0.24089753526951235,-0.0730729833318539,1.6609761099930531,10.0,0.0,0.0,7.101830886980841,0.11836384811634736
0.5330000000000004,0.24322831426002212,-0.07219529716586966,1.6598716329188186,0.24089753526951235,-0.0730729833318539,1.6609761099930531,0.24089753526951235,-0.0730729833318539,1.6609761099930531,10.0,0.0,0.0,7.129015724207022,0.1188169287367837
0.5340000000000004,0.24333955562610443,-0.07216170170571667,1.659829403989583,0.24089753526951235,-0.0730729833318539,1.6609761099930531,0.24089753526951235,-0.0730729833318539,1.6609761099930531,10.0,0.0,0.0,7.154565844054628,0.11924276406757713
0.5350000000000004,0.24345191607566946,-0.07212842564544678,1.6597876060944148,0.24089753526951235,-0.0730729833318539,1.6609761099930531,0.24089753526951235,-0.0730729833318539,1.6609761099930531,10.0,0.0,0.0,7.178578269414205,0.11964297115690341
0.5360000000000004,0.24356533758046428,-0.07209549754441112,1.6597462768416076,0.24089753526951235,-0.0730729833318539,1.6609761099930531,0.24089753526951235,-0.0730729833318539,1.6609761099930531,10.0,0.0,0.0,7.201144618487289,0.12001907697478816
0.5370000000000004,0.2436797653872141,-0.07206294373401433,1.6597054507327595,0.24089753526951235,-0.0730729833318539,1.6609761099930531,0.24089753526951235,-0.0730729833318539,1.6609761099930531,10.0,0.0,0.0,7.222351336150203,0.12037252226917006
0.5380000000000004,0.24379514781381204,-0.07203078845490037,1.6596651593403875,0.24089753526951235,-0.0730729833318539,1.6609761099930531,0.24089753526951235,-0.0730729833318539,1.6609761099930531,10.0,0.0,0.0,7.242279919573264,0.12070466532622107
0.5390000000000004,0.24391143605931837,-0.07199905398639828,1.6596254314803576,0.24089753526951235,-0.0730729833318539,1.6609761099930531,0.24089753526951235,-0.0730729833318539,1.6609761099930531,10.0,0.0,0.0,7.26100713979543,0.12101678566325716
0.5400000000000004,0.244028584026869,-0.07196776076861747,1.6595862933787364,0.24089753526951235,-0.0730729833318539,1.6609761099930531,0.24089753526951235,-0.0730729833318539,1.6609761099930531,10.0,0.0,0.0,7.27860526036676,0.12131008767277933
0.5410000000000004,0.24414654815860162,-0.07193692751754202,1.6595477688326565,0.24089753526951235,-0.0730729833318539,1.6609761099930531,0.24089753526951235,-0.0730729833318539,1.6609761099930531,10.0,0.0,0.0,7.29514225365095,0.12158570422751584
0.5420000000000004,0.24426528728173452,-0.07190657133344712,1.6595098793647889,0.24089753526951235,-0.0730729833318539,1.6609761099930531,0.24089753526951235,-0.0730729833318539,1.6609761099930531,10.0,0.0,0.0,7.3106820149402845,0.12184470024900475
0.5430000000000004,0.2443847624649626,-0.07187670780294705,1.6594726443710663,0.24089753526951235,-0.0730729833318539,1.6609761099930531,0.24089753526951235,-0.0730729833318539,1.6609761099930531,10.0,0.0,0.0,7.325284574181341,0.12208807623635567
0.5440000000000004,0.24450493688438402,-0.07184735109495584,1.6594360812613438,0.24089753526951235,-0.0730729833318539,1.6609761099930531,0.24089753526951235,-0.0730729833318539,1.6609761099930531,10.0,0.0,0.0,7.3390063048264125,0.12231677174710688
0.5450000000000004,0.24462577569818003,-0.07181851405083363,1.6594002055927581,0.24089753526951235,-0.0730729833318539,1.6609761099930531,0.24089753526951235,-0.0730729833318539,1.6609761099930531,10.0,0.0,0.0,7.3519001291353785,0.12253166881892298
0.5460000000000004,0.2447472459293783,-0.07179020826898448,1.6593650311956438,0.24089753526951235,-0.0730729833318539,1.6609761099930531,0.24089753526951235,-0.0730729833318539,1.6609761099930531,10.0,0.0,0.0,7.364015719116493,0.12273359531860821
0.5470000000000004,0.24486931635601267,-0.07176244418415373,1.6593305702919252,0.24089753526951235,-0.0730729833318539,1.6609761099930531,0.24089753526951235,-0.0730729833318539,1.6609761099930531,10.0,0.0,0.0,7.375399692236362,0.12292332820393938
0.5480000000000004,0.24499195740809404,-0.07173523114168101,1.659296833606013,0.24089753526951235,-0.0730729833318539,1.6609761099930531,0.24089753526951235,-0.0730729833318539,1.6609761099930531,10.0,0.0,0.0,7.386095801020677,0.12310159668367796
0.5490000000000004,0.24511514107083565,-0.07170857746694939,1.6592638304682927,0.24089753526951235,-0.0730729833318539,1.6609761099930531,0.24089753526951235,-0.0730729833318539,1.6609761099930531,10.0,0.0,0.0,7.396145115709649,0.12326908526182748
0.5500000000000004,0.24523884079363661,-0.07168249053027397,1.6592315689114057,0.24089753526951235,-0.0730729833318539,1.6609761099930531,0.24089753526951235,-0.0730729833318539,1.6609761099930531,10.0,0.0,0.0,7.405586199213252,0.1234264366535542
0.5510000000000004,0.2453630314043738,-0.07165697680747093,1.6592000557595523,0.24089753526951235,-0.0730729833318539,1.6609761099930531,0.24089753526951235,-0.0730729833318539,1.6609761099930531,10.0,0.0,0.0,7.414455273716917,0.12357425456194862
0.5520000000000004,0.24548768902859863,-0.07163204193634276,1.659169296711136,0.24089753526951235,-0.0730729833318539,1.6609761099930531,0.24089753526951235,-0.0730729833318539,1.6609761099930531,10.0,0.0,0.0,7.422786378425388,0.1237131063070898
0.5530000000000004,0.2456127910132887,-0.07160769076931632,1.659139296415106,0.24089753526951235,-0.0730729833318539,1.6609761099930531,0.24089753526951235,-0.0730729833318539,1.6609761099930531,10.0,0.0,0.0,7.4306115180712125,0.12384352530118688
0.5540000000000004,0.2457383158548324,-0.07158392742246347,1.659110058541388,0.24089753526951235,-0.0730729833318539,1.6609761099930531,0.24089753526951235,-0.0730729833318539,1.6609761099930531,10.0,0.0,0.0,7.437960801964407,0.12396601336607345
0.5550000000000004,0.24586424313097244,-0.07156075532113529,1.6590815858458294,0.24089753526951235,-0.0730729833318539,1.6609761099930531,0.24089753526951235,-0.0730729833318539,1.6609761099930531,10.0,0.0,0.0,7.444862573509626,0.1240810428918271
0.5560000000000004,0.24599055343646448,-0.07153817724243083,1.6590538802300872,0.24089753526951235,-0.0730729833318539,1.6609761099930531,0.24089753526951235,-0.0730729833318539,1.6609761099930531,10.0,0.0,0.0,7.451343530256358,0.12418905883760598
0.5570000000000004,0.24611722832223115,-0.07151619535472027,1.659026942796901,0.24089753526951235,-0.0730729833318539,1.6609761099930531,0.24089753526951235,-0.0730729833318539,1.6609761099930531,10.0,0.0,0.0,7.457428834679698,0.12429048057799497
0.5580000000000004,0.24624425023782726,-0.07149481125443456,1.659000773901189,0.24089753526951235,-0.0730729833318539,1.6609761099930531,0.24089753526951235,-0.0730729833318539,1.6609761099930531,10.0,0.0,0.0,7.4631422160039405,0.12438570360006568
0.5590000000000004,0.24637160247704032,-0.0714740260003232,1.6589753731973773,0.24089753526951235,-0.0730729833318539,1.6609761099930531,0.24089753526951235,-0.0730729833318539,1.6609761099930531,10.0,0.0,0.0,7.468506063480611,0.12447510105801017
0.5600000000000004,0.24649926912648018,-0.07145384014537869,1.658950739683369,0.24089753526951235,-0.0730729833318539,1.6609761099930531,0.24089753526951235,-0.0730729833318539,1.6609761099930531,10.0,0.0,0.0,7.473541511612488,0.12455902519354148
0.5610000000000004,0.24662723501701883,-0.07143425376661294,1.6589268717415218,0.24089753526951235,-0.0730729833318539,1.6609761099930531,0.24089753526951235,-0.0730729833318539,1.6609761099930531,10.0,0.0,0.0,7.478268517878515,0.12463780863130859
0.5620000000000004,0.2467554856779505,-0.07141526649286348,1.6589037671769817,0.24089753526951235,-0.0730729833318539,1.6609761099930531,0.24089753526951235,-0.0730729833318539,1.6609761099930531,10.0,0.0,0.0,7.48270593355438,0.12471176555923966
0.5630000000000004,0.2468840072937624,-0.0713968775307919,1.6588814232536764,0.24089753526951235,-0.0730729833318539,1.6609761099930531,0.24089753526951235,-0.0730729833318539,1.6609761099930531,10.0,0.0,0.0,7.48687156824788,0.12478119280413133
0.5640000000000004,0.2470127866633946,-0.07137908568923654,1.6588598367282419,0.24089753526951235,-0.0730729833318539,1.6609761099930531,0.24089753526951235,-0.0730729833318539,1.6609761099930531,10.0,0.0,0.0,7.4907822487787055,0.12484637081297842
0.5650000000000004,0.2471418111618911,-0.07136188940205458,1.6588390038821332,0.24089753526951235,-0.0730729833318539,1.6609761099930531,0.24089753526951235,-0.0730729833318539,1.6609761099930531,10.0,0.0,0.0,7.4944538730192845,0.12490756455032141
0.5660000000000004,0.2472710687043364,-0.07134528674959602,1.6588189205521076,0.24089753526951235,-0.0730729833318539,1.6609761099930531,0.24089753526951235,-0.0730729833318539,1.6609761099930531,10.0,0.0,0.0,7.4979014592964965,0.12496502432160828
0.5670000000000004,0.24740054771196937,-0.07132927547892137,1.6587995821592574,0.24089753526951235,-0.0730729833318539,1.6609761099930531,0.24089753526951235,-0.0730729833318539,1.6609761099930531,10.0,0.0,0.0,7.501139191919128,0.12501898653198545
0.5680000000000004,0.24753023708038432,-0.0713138530228803,1.6587809837367398,0.24089753526951235,-0.0730729833318539,1.6609761099930531,0.24089753526951235,-0.0730729833318539,1.6609761099930531,10.0,0.0,0.0,7.504180463357084,0.12506967438928474
0.5690000000000004,0.24766012614971367,-0.07129901651814802,1.658763119956307,0.24089753526951235,-0.0730729833318539,1.6609761099930531,0.24089753526951235,-0.0730729833318539,1.6609761099930531,10.0,0.0,0.0,7.5070379135475305,0.1251172985591255
0.5700000000000004,0.24779020467669574,-0.07128476282230747,1.6587459851537236,0.24089753526951235,-0.0730729833318539,1.6609761099930531,0.24089753526951235,-0.0730729833318539,1.6609761099930531,10.0,0.0,0.0,7.509723466754309,0.12516205777923847
0.5710000000000004,0.2479204628085256,-0.07127108853005854,1.6587295733531389,0.24089753526951235,-0.0730729833318539,1.6609761099930531,0.24089753526951235,-0.0730729833318539,1.6609761099930531,10.0,0.0,0.0,7.512248366352946,0.12520413943921577
0.5720000000000004,0.24805089105839997,-0.07125798998862477,1.6587138782904631,0.24089753526951235,-0.0730729833318539,1.6609761099930531,0.24089753526951235,-0.0730729833318539,1.6609761099930531,10.0,0.0,0.0,7.514623207856257,0.12524372013093762
0.5730000000000004,0.2481814802826503,-0.07124546331241649,1.6586988934357707,0.24089753526951235,-0.0730729833318539,1.6609761099930531,0.24089753526951235,-0.0730729833318539,1.6609761099930531,10.0,0.0,0.0,7.516857970444341,0.12528096617407233
0.5740000000000004,0.2483122216593775,-0.0712335043970065,1.658684612014759,0.24089753526951235,-0.0730729833318539,1.6609761099930531,0.24089753526951235,-0.0730729833318539,1.6609761099930531,10.0,0.0,0.0,7.51896204721187,0.12531603412019784
0.5750000000000004,0.24844310666849312,-0.0712221089324663,1.6586710270292757,0.24089753526951235,-0.0730729833318539,1.6609761099930531,0.24089753526951235,-0.0730729833318539,1.6609761099930531,10.0,0.0,0.0,7.52094427429785,0.1253490712382975
0.5760000000000004,0.248574127073074,-0.07121127241609815,1.6586581312769086,0.24089753526951235,-0.0730729833318539,1.6609761099930531,0.24089753526951235,-0.0730729833318539,1.6609761099930531,10.0,0.0,0.0,7.522812959019493,0.12538021598365823
0.5770000000000004,0.248705274901948,-0.07120099016460592,1.65864591736965,0.24089753526951235,-0.0730729833318539,1.6609761099930531,0.24089753526951235,-0.0730729833318539,1.6609761099930531,10.0,0.0,0.0,7.524575907098136,0.1254095984516356
0.5780000000000004,0.248836542433425,-0.07119125732572693,1.6586343777516481,0.24089753526951235,-0.0730729833318539,1.6609761099930531,0.24089753526951235,-0.0730729833318539,1.6609761099930531,10.0,0.0,0.0,7.5262404490291175,0.12543734081715197
0.5790000000000004,0.24896792218009678,-0.07118206888936016,1.6586235047160252,0.24089753526951235,-0.0730729833318539,1.6609761099930531,0.24089753526951235,-0.0730729833318539,1.6609761099930531,10.0,0.0,0.0,7.527813465619543,0.12546355776032572
0.5800000000000004,0.24909940687461984,-0.07117341969820262,1.6586132904207882,0.24089753526951235,-0.0730729833318539,1.6609761099930531,0.24089753526951235,-0.0730729833318539,1.6609761099930531,10.0,0.0,0.0,7.529301412706177,0.1254883568784363
0.5810000000000004,0.24923098945642524,-0.07116530445792485,1.658603726903831,0.24089753526951235,-0.0730729833318539,1.6609761099930531,0.24089753526951235,-0.0730729833318539,1.6609761099930531,10.0,0.0,0.0,7.530710345037962,0.12551183908396604
0.5820000000000004,0.24936266305927307,-0.07115771774689729,1.6585948060970435,0.24089753526951235,-0.0730729833318539,1.6609761099930531,0.24089753526951235,-0.0730729833318539,1.6609761099930531,10.0,0.0,0.0,7.532045939306924,0.12553409898844872
0.5830000000000004,0.249494420999604,-0.07115065402548516,1.6585865198395502,0.24089753526951235,-0.0730729833318539,1.6609761099930531,0.24089753526951235,-0.0730729833318539,1.6609761099930531,10.0,0.0,0.0,7.533313516298053,0.1255552252716342
0.5840000000000004,0.24962625676561578,-0.07114410764492662,1.6585788598900897,0.24089753526951235,-0.0730729833318539,1.6609761099930531,0.24089753526951235,-0.0730729833318539,1.6609761099930531,10.0,0.0,0.0,7.5345180621308465,0.12557530103551412
0.5850000000000004,0.24975816400702316,-0.07113807285581009,1.6585718179385727,0.24089753526951235,-0.0730729833318539,1.6609761099930531,0.24089753526951235,-0.0730729833318539,1.6609761099930531,10.0,0.0,0.0,7.535664248564196,0.1255944041427366
0.5860000000000004,0.24989013652544695,-0.07113254381616103,1.6585653856168436,0.24089753526951235,-0.0730729833318539,1.6609761099930531,0.24089753526951235,-0.0730729833318539,1.6609761099930531,10.0,0.0,0.0,7.536756452340596,0.12561260753900994
0.5870000000000004,0.25002216826538903,-0.07112751459915309,1.6585595545086782,0.24089753526951235,-0.0730729833318539,1.6609761099930531,0.24089753526951235,-0.0730729833318539,1.6609761099930531,10.0,0.0,0.0,7.5377987735500795,0.125629979559168
0.5880000000000004,0.25015425330575325,-0.0711229792004572,1.6585543161590606,0.24089753526951235,-0.0730729833318539,1.6609761099930531,0.24089753526951235,-0.0730729833318539,1.6609761099930531,10.0,0.0,0.0,7.538795053005311,0.12564658421675517
0.5890000000000004,0.2502863858518748,-0.07111893154523831,1.658549662082775,0.24089753526951235,-0.0730729833318539,1.6609761099930531,0.24089753526951235,-0.0730729833318539,1.6609761099930531,10.0,0.0,0.0,7.539748888621465,0.1256624814770244
0.5900000000000004,0.2504185602280262,-0.07111536549481662,1.6585455837723542,0.24089753526951235,-0.0730729833318539,1.6609761099930531,0.24089753526951235,-0.0730729833318539,1.6609761099930531,10.0,0.0,0.0,7.540663650809668,0.12567772751349446
0.5910000000000004,0.2505507708703726,-0.07111227485300274,1.6585420727054287,0.24089753526951235,-0.0730729833318539,1.6609761099930531,0.24089753526951235,-0.0730729833318539,1.6609761099930531,10.0,0.0,0.0,7.541542496897071,0.1256923749482845
0.5920000000000004,0.2506830123203396,-0.07110965337212166,1.6585391203515123,0.24089753526951235,-0.0730729833318539,1.6609761099930531,0.24089753526951235,-0.0730729833318539,1.6609761099930531,10.0,0.0,0.0,7.542388384595231,0.1257064730765872
0.5930000000000004,0.2508152792183825,-0.07110749475873765,1.65853671817828,0.24089753526951235,-0.0730729833318539,1.6609761099930531,0.24089753526951235,-0.0730729833318539,1.6609761099930531,10.0,0.0,0.0,7.543204084551257,0.12572006807585429
0.5940000000000004,0.25094756629812726,-0.07110579267909496,1.6585348576573626,0.24089753526951235,-0.0730729833318539,1.6609761099930531,0.24089753526951235,-0.0730729833318539,1.6609761099930531,10.0,0.0,0.0,7.543992192013356,0.1257332032002226
0.5950000000000004,0.25107986838086,-0.0711045407642847,1.6585335302697077,0.24089753526951235,-0.0730729833318539,1.6609761099930531,0.24089753526951235,-0.0730729833318539,1.6609761099930531,10.0,0.0,0.0,7.5447551376593385,0.12574591896098897
0.5960000000000004,0.25121218037035736,-0.07110373261515365,1.6585327275105435,0.24089753526951235,-0.0730729833318539,1.6609761099930531,0.24089753526951235,-0.0730729833318539,1.6609761099930531,10.0,0.0,0.0,7.545495197631632,0.12575825329386053
0.5970000000000004,0.25134449724802654,-0.07110336180696532,1.6585324408939761,0.24089753526951235,-0.0730729833318539,1.6609761099930531,0.24089753526951235,-0.0730729833318539,1.6609761099930531,10.0,0.0,0.0,7.546214502830869,0.12577024171384782
0.5980000000000004,0.2514768140683538,-0.071103421893831,1.6585326619572551,0.24089753526951235,-0.0730729833318539,1.6609761099930531,0.24089753526951235,-0.0730729833318539,1.6609761099930531,10.0,0.0,0.0,7.546915047521933,0.12578191745869888
0.5990000000000004,0.2516091259546342,-0.07110390641291545,1.6585333822647412,0.24089753526951235,-0.0730729833318539,1.6609761099930531,0.24089753526951235,-0.0730729833318539,1.6609761099930531,10.0,0.0,0.0,7.547598697305583,0.12579331162175972
0.6000000000000004,0.25174142809497624,-0.07110480888843707,1.6585345934115963,0.24089753526951235,-0.0730729833318539,1.6609761099930531,0.24089753526951235,-0.0730729833318539,1.6609761099930531,10.0,0.0,0.0,7.548267196508354,0.12580445327513923
0.6010000000000004,0.2518737157385646,-0.07110612283546941,1.6585362870272202,0.24089753526951235,-0.0730729833318539,1.6609761099930531,0.24089753526951235,-0.0730729833318539,1.6609761099930531,10.0,0.0,0.0,7.548922175044787,0.12581536958407977
0.6020000000000004,0.25200598419216835,-0.07110784176355789,1.6585384547784636,0.24089753526951235,-0.0730729833318539,1.6609761099930531,0.24089753526951235,-0.0730729833318539,1.6609761099930531,10.0,0.0,0.0,7.54956515480243,0.12582608591337383
0.6030000000000004,0.25213822881688697,-0.07110995918016075,1.6585410883726293,0.24089753526951235,-0.0730729833318539,1.6609761099930531,0.24089753526951235,-0.0730729833318539,1.6609761099930531,10.0,0.0,0.0,7.550197555596247,0.1258366259266041
0.6040000000000004,0.25227044502511214,-0.07111246859392421,1.658544179560272,0.24089753526951235,-0.0730729833318539,1.6609761099930531,0.24089753526951235,-0.0730729833318539,1.6609761099930531,10.0,0.0,0.0,7.550820700736754,0.1258470116789459
0.6050000000000004,0.25240262827770665,-0.07111536351780508,1.6585477201378285,0.24089753526951235,-0.0730729833318539,1.6609761099930531,0.24089753526951235,-0.0730729833318539,1.6609761099930531,10.0,0.0,0.0,7.551435822256305,0.12585726370427175
0.6060000000000004,0.2525347740813786,-0.07111863747204314,1.6585517019500726,0.24089753526951235,-0.0730729833318539,1.6609761099930531,0.24089753526951235,-0.0730729833318539,1.6609761099930531,10.0,0.0,0.0,7.552044065824973,0.1258674010970829
0.6070000000000004,0.252666877986245,-0.07112228398699846,1.6585561168924126,0.24089753526951235,-0.0730729833318539,1.6609761099930531,0.24089753526951235,-0.0730729833318539,1.6609761099930531,10.0,0.0,0.0,7.552646495393054,0.12587744158988423
0.6080000000000004,0.25279893558357536,-0.07112629660585666,1.6585609569130417,0.24089753526951235,-0.0730729833318539,1.6609761099930531,0.24089753526951235,-0.0730729833318539,1.6609761099930531,10.0,0.0,0.0,7.553244097587902,0.12588740162646503
0.6090000000000004,0.2529309425037005,-0.07113066888721123,1.6585662140149438,0.24089753526951235,-0.0730729833318539,1.6609761099930531,0.24089753526951235,-0.0730729833318539,1.6609761099930531,10.0,0.0,0.0,7.553837785888733,0.1258972964314789
0.6100000000000004,0.2530628944140815,-0.07113539440752872,1.6585718802577631,0.24089753526951235,-0.0730729833318539,1.6609761099930531,0.24089753526951235,-0.0730729833318539,1.6609761099930531,10.0,0.0,0.0,7.5544284046017465,0.12590714007669576
0.6110000000000004,0.25319478701752574,-0.07114046676350289,1.658577947759547,0.24089753526951235,-0.0730729833318539,1.6609761099930531,0.24089753526951235,-0.0730729833318539,1.6609761099930531,10.0,0.0,0.0,7.555016732652819,0.12591694554421365
0.6120000000000004,0.25332661605054313,-0.07114587957430342,1.6585844086983597,0.24089753526951235,-0.0730729833318539,1.6609761099930531,0.24089753526951235,-0.0730729833318539,1.6609761099930531,10.0,0.0,0.0,7.555603487210854,0.12592672478684758
0.6130000000000004,0.2534583772818332,-0.0711516264837247,1.6585912553137732,0.24089753526951235,-0.0730729833318539,1.6609761099930531,0.24089753526951235,-0.0730729833318539,1.6609761099930531,10.0,0.0,0.0,7.556189327155082,0.12593648878591804
0.6140000000000004,0.2535900665108923,-0.07115770116223545,1.6585984799082465,0.24089753526951235,-0.0730729833318539,1.6609761099930531,0.24089753526951235,-0.0730729833318539,1.6609761099930531,10.0,0.0,0.0,7.556774856394247,0.12594624760657078
0.6150000000000004,0.253721679566738,-0.07116409730893916,1.658606074848388,0.24089753526951235,-0.0730729833318539,1.6609761099930531,0.24089753526951235,-0.0730729833318539,1.6609761099930531,10.0,0.0,0.0,7.557360627043429,0.12595601045072383
0.6160000000000004,0.2538532123067383,-0.0711708086534434,1.6586140325661054,0.24089753526951235,-0.0730729833318539,1.6609761099930531,0.24089753526951235,-0.0730729833318539,1.6609761099930531,10.0,0.0,0.0,7.557947142466338,0.1259657857077723
0.6170000000000004,0.25398466061554,-0.07117782895764463,1.6586223455596576,0.24089753526951235,-0.0730729833318539,1.6609761099930531,0.24089753526951235,-0.0730729833318539,1.6609761099930531,10.0,0.0,0.0,7.558534860184594,0.12597558100307657
0.6180000000000004,0.2541160204040923,-0.0711851520174297,1.6586310063945993,0.24089753526951235,-0.0730729833318539,1.6609761099930531,0.24089753526951235,-0.0730729833318539,1.6609761099930531,10.0,0.0,0.0,7.559124194657639,0.125985403244294
0.6190000000000004,0.25424728760875437,-0.07119277166429824,1.6586400077046277,0.24089753526951235,-0.0730729833318539,1.6609761099930531,0.24089753526951235,-0.0730729833318539,1.6609761099930531,10.0,0.0,0.0,7.559715519935924,0.12599525866559874
0.6200000000000004,0.2543784581904852,-0.0712006817669056,1.6586493421923405,0.24089753526951235,-0.0730729833318539,1.6609761099930531,0.24089753526951235,-0.0730729833318539,1.6609761099930531,10.0,0.0,0.0,7.560309172188692,0.12600515286981154
0.6210000000000004,0.2545095281341087,-0.07120887623253261,1.6586590026298993,0.24089753526951235,-0.0730729833318539,1.6609761099930531,0.24089753526951235,-0.0730729833318539,1.6609761099930531,10.0,0.0,0.0,7.560905452107606,0.1260150908684601
0.6220000000000004,0.2546404934476488,-0.07121734900848141,1.6586689818596125,0.24089753526951235,-0.0730729833318539,1.6609761099930531,0.24089753526951235,-0.0730729833318539,1.6609761099930531,10.0,0.0,0.0,7.561504627188972,0.1260250771198162
0.6230000000000004,0.25477135016173,-0.07122609408339894,1.6586792727944348,0.24089753526951235,-0.0730729833318539,1.6609761099930531,0.24089753526951235,-0.0730729833318539,1.6609761099930531,10.0,0.0,0.0,7.562106933895096,0.12603511556491828
0.6240000000000004,0.2549020943290408,-0.07123510548853243,1.6586898684183957,0.24089753526951235,-0.0730729833318539,1.6609761099930531,0.24089753526951235,-0.0730729833318539,1.6609761099930531,10.0,0.0,0.0,7.562712579699058,0.12604520966165098
0.6250000000000004,0.255032722023851,-0.07124437729891764,1.6587007617869522,0.24089753526951235,-0.0730729833318539,1.6609761099930531,0.24089753526951235,-0.0730729833318539,1.6609761099930531,10.0,0.0,0.0,7.563321745012253,0.12605536241687088
0.6260000000000004,0.2551632293415882,-0.07125390363450011,1.6587119460272775,0.24089753526951235,-0.0730729833318539,1.6609761099930531,0.24089753526951235,-0.0730729833318539,1.6609761099930531,10.0,0.0,0.0,7.563934585000662,0.1260655764166777
0.6270000000000004,0.2552936123984577,-0.07126367866119289,1.6587234143384875,0.24089753526951235,-0.0730729833318539,1.6609761099930531,0.24089753526951235,-0.0730729833318539,1.6609761099930531,10.0,0.0,0.0,7.564551231292109,0.12607585385486847
0.6280000000000004,0.2554238673311163,-0.07127369659187277,1.6587351599918134,0.24089753526951235,-0.0730729833318539,1.6609761099930531,0.24089753526951235,-0.0730729833318539,1.6609761099930531,10.0,0.0,0.0,7.565171793577816,0.12608619655963027
0.6290000000000004,0.25555399029638504,-0.07128395168731451,1.6587471763307151,0.24089753526951235,-0.0730729833318539,1.6609761099930531,0.24089753526951235,-0.0730729833318539,1.6609761099930531,10.0,0.0,0.0,7.5657963611130885,0.12609660601855147
0.6300000000000004,0.2556839774710059,-0.0712944382570668,1.6587594567709487,0.24089753526951235,-0.0730729833318539,1.6609761099930531,0.24089753526951235,-0.0730729833318539,1.6609761099930531,10.0,0.0,0.0,7.566425004121844,0.12610708340203072
0.6310000000000004,0.25581382505143785,-0.07130515066027264,1.6587719948005928,0.24089753526951235,-0.0730729833318539,1.6609761099930531,0.24089753526951235,-0.0730729833318539,1.6609761099930531,10.0,0.0,0.0,7.567057775109808,0.12611762958516345
0.6320000000000005,0.2559435292536868,-0.07131608330642975,1.658784783980027,0.24089753526951235,-0.0730729833318539,1.6609761099930531,0.24089753526951235,-0.0730729833318539,1.6609761099930531,10.0,0.0,0.0,7.5676947100901,0.12612824516816834
0.6330000000000005,0.2560730863131738,-0.07132723065610204,1.6587978179418803,0.24089753526951235,-0.0730729833318539,1.6609761099930531,0.24089753526951235,-0.0730729833318539,1.6609761099930531,10.0,0.0,0.0,7.568335829728588,0.12613893049547648
0.6340000000000005,0.25620249248463145,-0.0713385872215756,1.658811090390935,0.24089753526951235,-0.0730729833318539,1.6609761099930531,0.24089753526951235,-0.0730729833318539,1.6609761099930531,10.0,0.0,0.0,7.568981140411754,0.12614968567352924
0.6350000000000005,0.2563317440420334,-0.0713501475674654,1.658824595104014,0.24089753526951235,-0.0730729833318539,1.6609761099930531,0.24089753526951235,-0.0730729833318539,1.6609761099930531,10.0,0.0,0.0,7.56963063524545,0.12616051058742417
0.6360000000000005,0.25646083727854974,-0.07136190631127337,1.6588383259298207,0.24089753526951235,-0.0730729833318539,1.6609761099930531,0.24089753526951235,-0.0730729833318539,1.6609761099930531,10.0,0.0,0.0,7.5702842949848375,0.12617140491641396
0.6370000000000005,0.25658976850653203,-0.07137385812389811,1.6588522767887721,0.24089753526951235,-0.0730729833318539,1.6609761099930531,0.24089753526951235,-0.0730729833318539,1.6609761099930531,10.0,0.0,0.0,7.570942088906875,0.1261823681484479
0.6380000000000005,0.2567185340575202,-0.07138599773010051,1.6588664416727936,0.24089753526951235,-0.0730729833318539,1.6609761099930531,0.24089753526951235,-0.0730729833318539,1.6609761099930531,10.0,0.0,0.0,7.571603975623242,0.1261933995937207
0.6390000000000005,0.25684713028227363,-0.07139831990892492,1.6588808146450984,0.24089753526951235,-0.0730729833318539,1.6609761099930531,0.24089753526951235,-0.0730729833318539,1.6609761099930531,10.0,0.0,0.0,7.572269903843569,0.1262044983973928
0.6400000000000005,0.256975553550824,-0.07141081949407747,1.6588953898399483,0.24089753526951235,-0.0730729833318539,1.6609761099930531,0.24089753526951235,-0.0730729833318539,1.6609761099930531,10.0,0.0,0.0,7.572939813090308,0.12621566355150513
0.6410000000000005,0.2571038002525476,-0.07142349137426461,1.6589101614623898,0.24089753526951235,-0.0730729833318539,1.6609761099930531,0.24089753526951235,-0.0730729833318539,1.6609761099930531,10.0,0.0,0.0,7.573613634369713,0.12622689390616187
0.6420000000000005,0.2572318667962571,-0.07143633049349399,1.6589251237879798,0.24089753526951235,-0.0730729833318539,1.6609761099930531,0.24089753526951235,-0.0730729833318539,1.6609761099930531,10.0,0.0,0.0,7.574291290803892,0.12623818818006485
0.6430000000000005,0.25735974961030833,-0.07144933185133316,1.6589402711624919,0.24089753526951235,-0.0730729833318539,1.6609761099930531,0.24089753526951235,-0.0730729833318539,1.6609761099930531,10.0,0.0,0.0,7.574972698224612,0.12624954497041022
0.6440000000000005,0.2574874451427256,-0.07146249050313896,1.6589555980016089,0.24089753526951235,-0.0730729833318539,1.6609761099930531,0.24089753526951235,-0.0730729833318539,1.6609761099930531,10.0,0.0,0.0,7.575657765734122,0.12626096276223536
0.6450000000000005,0.25761494986133887,-0.07147580156024713,1.6589710987906017,0.24089753526951235,-0.0730729833318539,1.6609761099930531,0.24089753526951235,-0.0730729833318539,1.6609761099930531,10.0,0.0,0.0,7.576346396234435,0.12627243993724058
0.6460000000000005,0.2577422602539352,-0.0714892601901314,1.6589867680839945,0.24089753526951235,-0.0730729833318539,1.6609761099930531,0.24089753526951235,-0.0730729833318539,1.6609761099930531,10.0,0.0,0.0,7.577038486927559,0.12628397478212597
0.6470000000000005,0.25786937282842276,-0.07150286161653048,1.6590026005052219,0.24089753526951235,-0.0730729833318539,1.6609761099930531,0.24089753526951235,-0.0730729833318539,1.6609761099930531,10.0,0.0,0.0,7.577733929789841,0.12629556549649734
0.6480000000000005,0.2579962841130032,-0.07151660111954514,1.6590185907462682,0.24089753526951235,-0.0730729833318539,1.6609761099930531,0.24089753526951235,-0.0730729833318539,1.6609761099930531,10.0,0.0,0.0,7.578432612018947,0.1263072102003158
0.6490000000000005,0.2581229906563573,-0.07153047403570648,1.6590347335673026,0.24089753526951235,-0.0730729833318539,1.6609761099930531,0.24089753526951235,-0.0730729833318539,1.6609761099930531,10.0,0.0,0.0,7.579134416459721,0.12631890694099535
0.6500000000000005,0.25824948902783595,-0.07154447575801541,1.659051023796301,0.24089753526951235,-0.0730729833318539,1.6609761099930531,0.24089753526951235,-0.0730729833318539,1.6609761099930531,10.0,0.0,0.0,7.5798392220064015,0.12633065370010668
0.6510000000000005,0.25837577581766025,-0.07155860173595707,1.659067456328656,0.24089753526951235,-0.0730729833318539,1.6609761099930531,0.24089753526951235,-0.0730729833318539,1.6609761099930531,10.0,0.0,0.0,7.580546903983629,0.12634244839972716
0.6520000000000005,0.25850184763712813,-0.0715728474754909,1.659084026126785,0.24089753526951235,-0.0730729833318539,1.6609761099930531,0.24089753526951235,-0.0730729833318539,1.6609761099930531,10.0,0.0,0.0,7.581257334508901,0.1263542889084817
0.6530000000000005,0.2586277011188273,-0.07158720853901349,1.659100728219725,0.24089753526951235,-0.0730729833318539,1.6609761099930531,0.24089753526951235,-0.0730729833318539,1.6609761099930531,10.0,0.0,0.0,7.581970382833994,0.12636617304723324
0.6540000000000005,0.2587533329168514,-0.07160168054530171,1.6591175577027184,0.24089753526951235,-0.0730729833318539,1.6609761099930531,0.24089753526951235,-0.0730729833318539,1.6609761099930531,10.0,0.0,0.0,7.5826859156683355,0.12637809859447227
0.6550000000000005,0.25887873970702313,-0.07161625916943302,1.6591345097367978,0.24089753526951235,-0.0730729833318539,1.6609761099930531,0.24089753526951235,-0.0730729833318539,1.6609761099930531,10.0,0.0,0.0,7.583403797486405,0.12639006329144006
0.6560000000000005,0.25900391818711754,-0.07163094014268408,1.6591515795483542,0.24089753526951235,-0.0730729833318539,1.6609761099930531,0.24089753526951235,-0.0730729833318539,1.6609761099930531,10.0,0.0,0.0,7.584123890815537,0.12640206484692562
0.6570000000000005,0.25912886507709154,-0.07164571925241012,1.6591687624287128,0.24089753526951235,-0.0730729833318539,1.6609761099930531,0.24089753526951235,-0.0730729833318539,1.6609761099930531,10.0,0.0,0.0,7.584846056509415,0.12641410094182357
0.6580000000000005,0.25925357711931113,-0.07166059234190544,1.6591860537336822,0.24089753526951235,-0.0730729833318539,1.6609761099930531,0.24089753526951235,-0.0730729833318539,1.6609761099930531,10.0,0.0,0.0,7.585570154004261,0.12642616923340436
0.6590000000000005,0.25937805107878614,-0.07167555531024672,1.6592034488831235,0.24089753526951235,-0.0730729833318539,1.6609761099930531,0.24089753526951235,-0.0730729833318539,1.6609761099930531,10.0,0.0,0.0,7.58629604155951,0.12643826735932517
0.6600000000000005,0.2595022837434,-0.07169060411211617,1.6592209433604956,0.24089753526951235,-0.0730729833318539,1.6609761099930531,0.24089753526951235,-0.0730729833318539,1.6609761099930531,10.0,0.0,0.0,7.587023576486574,0.12645039294144292
0.6610000000000005,0.259626271924144,-0.07170573475761262,1.659238532712403,0.24089753526951235,-0.0730729833318539,1.6609761099930531,0.24089753526951235,-0.0730729833318539,1.6609761099930531,10.0,0.0,0.0,7.587752615359934,0.12646254358933223
0.6620000000000005,0.2597500124553497,-0.07172094331204375,1.6592562125481376,0.24089753526951235,-0.0730729833318539,1.6609761099930531,0.24089753526951235,-0.0730729833318539,1.6609761099930531,10.0,0.0,0.0,7.588483014216166,0.12647471690360276
0.6630000000000005,0.25987350219492045,-0.07173622589570484,1.65927397853922,0.24089753526951235,-0.0730729833318539,1.6609761099930531,0.24089753526951235,-0.0730729833318539,1.6609761099930531,10.0,0.0,0.0,7.5892146287402475,0.12648691047900412
0.6640000000000005,0.25999673802456436,-0.07175157868364285,1.659291826418935,0.24089753526951235,-0.0730729833318539,1.6609761099930531,0.24089753526951235,-0.0730729833318539,1.6609761099930531,10.0,0.0,0.0,7.58994731443846,0.12649912190730767
0.6650000000000005,0.2601197168500232,-0.07176699790540843,1.6593097519818631,0.24089753526951235,-0.0730729833318539,1.6609761099930531,0.24089753526951235,-0.0730729833318539,1.6609761099930531,10.0,0.0,0.0,7.590680926800381,0.12651134878000636
0.6660000000000005,0.2602424356013011,-0.07178247984479416,1.6593277510834141,0.24089753526951235,-0.0730729833318539,1.6609761099930531,0.24089753526951235,-0.0730729833318539,1.6609761099930531,10.0,0.0,0.0,7.591415321449431,0.12652358869082386
0.6670000000000005,0.2603648912328925,-0.0717980208395613,1.6593458196393562,0.24089753526951235,-0.0730729833318539,1.6609761099930531,0.24089753526951235,-0.0730729833318539,1.6609761099930531,10.0,0.0,0.0,7.592150354282232,0.1265358392380372
0.6680000000000005,0.2604870807240043,-0.07181361728115462,1.6593639536253388,0.24089753526951235,-0.0730729833318539,1.6609761099930531,0.24089753526951235,-0.0730729833318539,1.6609761099930531,10.0,0.0,0.0,7.592885881597875,0.12654809802663125
0.6690000000000005,0.26060900107877943,-0.0718292656144073,1.6593821490764227,0.24089753526951235,-0.0730729833318539,1.6609761099930531,0.24089753526951235,-0.0730729833318539,1.6609761099930531,10.0,0.0,0.0,7.5936217602192855,0.12656036267032142
0.6700000000000005,0.2607306493265151,-0.07184496233723532,1.6594004020866044,0.24089753526951235,-0.0730729833318539,1.6609761099930531,0.24089753526951235,-0.0730729833318539,1.6609761099930531,10.0,0.0,0.0,7.594357847603587,0.12657263079339312
0.6710000000000005,0.26085202252187834,-0.07186070400032232,1.6594187088083359,0.24089753526951235,-0.0730729833318539,1.6609761099930531,0.24089753526951235,-0.0730729833318539,1.6609761099930531,10.0,0.0,0.0,7.595094001944636,0.1265849000324106
0.6720000000000005,0.260973117745119,-0.07187648720679479,1.6594370654520532,0.24089753526951235,-0.0730729833318539,1.6609761099930531,0.24089753526951235,-0.0730729833318539,1.6609761099930531,10.0,0.0,0.0,7.595830082269699,0.1265971680378283
0.6730000000000005,0.2610939321022784,-0.07189230861189061,1.6594554682856926,0.24089753526951235,-0.0730729833318539,1.6609761099930531,0.24089753526951235,-0.0730729833318539,1.6609761099930531,10.0,0.0,0.0,7.596565948525786,0.12660943247542977
0.6740000000000005,0.2612144627253956,-0.07190816492261723,1.6594739136342183,0.24089753526951235,-0.0730729833318539,1.6609761099930531,0.24089753526951235,-0.0730729833318539,1.6609761099930531,10.0,0.0,0.0,7.5973014616622425,0.12662169102770404
0.6750000000000005,0.26133470677270665,-0.07192405289740424,1.6594923978791432,0.24089753526951235,-0.0730729833318539,1.6609761099930531,0.24089753526951235,-0.0730729833318539,1.6609761099930531,10.0,0.0,0.0,7.598036483704078,0.12663394139506798
0.6760000000000005,0.2614546614288451,-0.07193996934574784,1.6595109174580513,0.24089753526951235,-0.0730729833318539,1.6609761099930531,0.24089753526951235,-0.0730729833318539,1.6609761099930531,10.0,0.0,0.0,7.598770877824,0.12664618129706667
0.6770000000000005,0.2615743239050311,-0.07195591112784985,1.6595294688641193,0.24089753526951235,-0.0730729833318539,1.6609761099930531,0.24089753526951235,-0.0730729833318539,1.6609761099930531,10.0,0.0,0.0,7.599504508402076,0.12665840847336793
0.6780000000000005,0.26169369143926346,-0.07197187515424938,1.6595480486456404,0.24089753526951235,-0.0730729833318539,1.6609761099930531,0.24089753526951235,-0.0730729833318539,1.6609761099930531,10.0,0.0,0.0,7.6002372410872265,0.1266706206847871
0.6790000000000005,0.2618127612965008,-0.07198785838544881,1.6595666534055502,0.24089753526951235,-0.0730729833318539,1.6609761099930531,0.24089753526951235,-0.0730729833318539,1.6609761099930531,10.0,0.0,0.0,7.600968942850535,0.12668281571417558
0.6800000000000005,0.26193153076884446,-0.07200385783153722,1.659585279800948,0.24089753526951235,-0.0730729833318539,1.6609761099930531,0.24089753526951235,-0.0730729833318539,1.6609761099930531,10.0,0.0,0.0,7.601699482034733,0.12669499136724555
0.6810000000000005,0.2620499971757081,-0.07201987055180448,1.6596039245426224,0.24089753526951235,-0.0730729833318539,1.6609761099930531,0.24089753526951235,-0.0730729833318539,1.6609761099930531,10.0,0.0,0.0,7.602428728400769,0.12670714547334613
0.6820000000000005,0.26216815786399156,-0.07203589365435502,1.6596225843945798,0.24089753526951235,-0.0730729833318539,1.6609761099930531,0.24089753526951235,-0.0730729833318539,1.6609761099930531,10.0,0.0,0.0,7.603156553168588,0.12671927588614312
0.6830000000000005,0.2622860102082438,-0.0720519242957143,1.6596412561735672,0.24089753526951235,-0.0730729833318539,1.6609761099930531,0.24089753526951235,-0.0730729833318539,1.6609761099930531,10.0,0.0,0.0,7.603882829056463,0.12673138048427438
0.6840000000000005,0.26240355161082174,-0.07206795968043467,1.659659936748603,0.24089753526951235,-0.0730729833318539,1.6609761099930531,0.24089753526951235,-0.0730729833318539,1.6609761099930531,10.0,0.0,0.0,7.604607430316003,0.1267434571719334
0.6850000000000005,0.2625207795020459,-0.07208399706069449,1.6596786230405054,0.24089753526951235,-0.0730729833318539,1.6609761099930531,0.24089753526951235,-0.0730729833318539,1.6609761099930531,10.0,0.0,0.0,7.605330232764066,0.1267555038794011
0.6860000000000005,0.26263769134034803,-0.0721000337358963,1.6596973120214196,0.24089753526951235,-0.0730729833318539,1.6609761099930531,0.24089753526951235,-0.0730729833318539,1.6609761099930531,10.0,0.0,0.0,7.606051113811981,0.12676751856353302
0.6870000000000005,0.26275428461241573,-0.0721160670522629,1.6597160007143514,0.24089753526951235,-0.0730729833318539,1.6609761099930531,0.24089753526951235,-0.0730729833318539,1.6609761099930531,10.0,0.0,0.0,7.606769952492894,0.1267794992082149
0.6880000000000005,0.26287055683333116,-0.07213209440242771,1.659734686192702,0.24089753526951235,-0.0730729833318539,1.6609761099930531,0.24089753526951235,-0.0730729833318539,1.6609761099930531,10.0,0.0,0.0,7.60748662948503,0.1267914438247505
0.6890000000000005,0.2629865055467014,-0.07214811322502647,1.6597533655797927,0.24089753526951235,-0.0730729833318539,1.6609761099930531,0.24089753526951235,-0.0730729833318539,1.6609761099930531,10.0,0.0,0.0,7.608201027132935,0.12680335045221558
0.6900000000000005,0.2631021283247888,-0.07216412100428514,1.659772036048408,0.24089753526951235,-0.0730729833318539,1.6609761099930531,0.24089753526951235,-0.0730729833318539,1.6609761099930531,10.0,0.0,0.0,7.608913029468464,0.12681521715780775
0.6910000000000005,0.2632174227686319,-0.07218011526960641,1.6597906948203305,0.24089753526951235,-0.0730729833318539,1.6609761099930531,0.24089753526951235,-0.0730729833318539,1.6609761099930531,10.0,0.0,0.0,7.609622522226138,0.1268270420371023
0.6920000000000005,0.2633323865081603,-0.07219609359515504,1.659809339165873,0.24089753526951235,-0.0730729833318539,1.6609761099930531,0.24089753526951235,-0.0730729833318539,1.6609761099930531,10.0,0.0,0.0,7.610329392859056,0.12683882321431758
0.6930000000000005,0.26344701720230906,-0.07221205359944208,1.6598279664034266,0.24089753526951235,-0.0730729833318539,1.6609761099930531,0.24089753526951235,-0.0730729833318539,1.6609761099930531,10.0,0.0,0.0,7.611033530552232,0.1268505588425372
0.6940000000000005,0.2635613125391189,-0.07222799294490703,1.6598465738989903,0.24089753526951235,-0.0730729833318539,1.6609761099930531,0.24089753526951235,-0.0730729833318539,1.6609761099930531,10.0,0.0,0.0,7.611734826233129,0.1268622471038855
0.6950000000000005,0.26367527023584014,-0.07224390933750185,1.659865159065722,0.24089753526951235,-0.0730729833318539,1.6609761099930531,0.24089753526951235,-0.0730729833318539,1.6609761099930531,10.0,0.0,0.0,7.612433172582399,0.12687388620970666
0.6960000000000005,0.26378888803902556,-0.07225980052627186,1.6598837193634777,0.24089753526951235,-0.0730729833318539,1.6609761099930531,0.24089753526951235,-0.0730729833318539,1.6609761099930531,10.0,0.0,0.0,7.613128464040615,0.12688547440067693
0.6970000000000005,0.26390216372461917,-0.07227566430293685,1.6599022522983597,0.24089753526951235,-0.0730729833318539,1.6609761099930531,0.24089753526951235,-0.0730729833318539,1.6609761099930531,10.0,0.0,0.0,7.613820596815405,0.1268970099469234
0.6980000000000005,0.26401509509803817,-0.07229149850147308,1.6599207554222595,0.24089753526951235,-0.0730729833318539,1.6609761099930531,0.24089753526951235,-0.0730729833318539,1.6609761099930531,10.0,0.0,0.0,7.614509468885285,0.12690849114808808
0.6990000000000005,0.26412767999425224,-0.07230730099769403,1.6599392263324082,0.24089753526951235,-0.0730729833318539,1.6609761099930531,0.24089753526951235,-0.0730729833318539,1.6609761099930531,10.0,0.0,0.0,7.61519498000426,0.12691991633340433
0.7000000000000005,0.26423991627785454,-0.0723230697088332,1.6599576626709298,0.24089753526951235,-0.0730729833318539,1.6609761099930531,0.24089753526951235,-0.0730729833318539,1.6609761099930531,10.0,0.0,0.0,7.615877031703132,0.12693128386171887
0.7010000000000005,0.2643518018431292,-0.07233880259312363,1.6599760621243884,0.24089753526951235,-0.0730729833318539,1.6609761099930531,0.24089753526951235,-0.0730729833318539,1.6609761099930531,10.0,0.0,0.0,7.616555527290092,0.12694259212150155
0.7020000000000005,0.2644633346141119,-0.07235449764938348,1.6599944224233467,0.24089753526951235,-0.0730729833318539,1.6609761099930531,0.24089753526951235,-0.0730729833318539,1.6609761099930531,10.0,0.0,0.0,7.617230371851098,0.12695383953085163
0.7030000000000005,0.26457451254464626,-0.07237015291659579,1.6600127413419183,0.24089753526951235,-0.0730729833318539,1.6609761099930531,0.24089753526951235,-0.0730729833318539,1.6609761099930531,10.0,0.0,0.0,7.6179014722476355,0.12696502453746059
0.7040000000000005,0.2646853336184338,-0.07238576647349398,1.6600310166973284,0.24089753526951235,-0.0730729833318539,1.6609761099930531,0.24089753526951235,-0.0730729833318539,1.6609761099930531,10.0,0.0,0.0,7.618568737114284,0.1269761456185714
0.7050000000000005,0.26479579584908003,-0.0724013364381465,1.6600492463494703,0.24089753526951235,-0.0730729833318539,1.6609761099930531,0.24089753526951235,-0.0730729833318539,1.6609761099930531,10.0,0.0,0.0,7.619232076855747,0.1269872012809291
0.7060000000000005,0.2649058972801329,-0.07241686096754146,1.6600674282004708,0.24089753526951235,-0.0730729833318539,1.6609761099930531,0.24089753526951235,-0.0730729833318539,1.6609761099930531,10.0,0.0,0.0,7.619891403640915,0.12699819006068191
0.7070000000000005,0.2650156359851196,-0.07243233825717345,1.6600855601942521,0.24089753526951235,-0.0730729833318539,1.6609761099930531,0.24089753526951235,-0.0730729833318539,1.6609761099930531,10.0,0.0,0.0,7.620546631401419,0.12700911052335698
0.7080000000000005,0.2651250100675739,-0.07244776654063237,1.6601036403160947,0.24089753526951235,-0.0730729833318539,1.6609761099930531,0.24089753526951235,-0.0730729833318539,1.6609761099930531,10.0,0.0,0.0,7.6211976758199835,0.12701996126366638
0.7090000000000005,0.2652340176610626,-0.07246314408919143,1.6601216665922105,0.24089753526951235,-0.0730729833318539,1.6609761099930531,0.24089753526951235,-0.0730729833318539,1.6609761099930531,10.0,0.0,0.0,7.62184445432793,0.1270307409054655
0.7100000000000005,0.2653426569292031,-0.07247846921139849,1.6601396370893078,0.24089753526951235,-0.0730729833318539,1.6609761099930531,0.24089753526951235,-0.0730729833318539,1.6609761099930531,10.0,0.0,0.0,7.6224868860954444,0.12704144810159074
0.7110000000000005,0.26545092606567944,-0.07249374025266711,1.6601575499141663,0.24089753526951235,-0.0730729833318539,1.6609761099930531,0.24089753526951235,-0.0730729833318539,1.6609761099930531,10.0,0.0,0.0,7.6231248920250785,0.1270520815337513
0.7120000000000005,0.2655588232942498,-0.07250895559487149,1.6601754032132092,0.24089753526951235,-0.0730729833318539,1.6609761099930531,0.24089753526951235,-0.0730729833318539,1.6609761099930531,10.0,0.0,0.0,7.623758394741865,0.1270626399123644
0.7130000000000005,0.2656663468687535,-0.07252411365593993,1.6601931951720805,0.24089753526951235,-0.0730729833318539,1.6609761099930531,0.24089753526951235,-0.0730729833318539,1.6609761099930531,10.0,0.0,0.0,7.6243873185847235,0.12707312197641205
0.7140000000000005,0.2657734950731078,-0.07253921288945323,1.660210924015223,0.24089753526951235,-0.0730729833318539,1.6609761099930531,0.24089753526951235,-0.0730729833318539,1.6609761099930531,10.0,0.0,0.0,7.625011589596854,0.1270835264932809
0.7150000000000005,0.26588026622130506,-0.07255425178424257,1.660228588005457,0.24089753526951235,-0.0730729833318539,1.6609761099930531,0.24089753526951235,-0.0730729833318539,1.6609761099930531,10.0,0.0,0.0,7.625631135515131,0.12709385225858552
0.7160000000000005,0.2659866586574016,-0.0725692288639889,1.6602461854435633,0.24089753526951235,-0.0730729833318539,1.6609761099930531,0.24089753526951235,-0.0730729833318539,1.6609761099930531,10.0,0.0,0.0,7.626245885759957,0.1271040980959993
0.7170000000000005,0.2660926707555049,-0.07258414268682803,1.660263714667873,0.24089753526951235,-0.0730729833318539,1.6609761099930531,0.24089753526951235,-0.0730729833318539,1.6609761099930531,10.0,0.0,0.0,7.626855771424737,0.12711426285707897
0.7180000000000005,0.26619830091975205,-0.07259899184495165,1.6602811740538475,0.24089753526951235,-0.0730729833318539,1.6609761099930531,0.24089753526951235,-0.0730729833318539,1.6609761099930531,10.0,0.0,0.0,7.627460725263087,0.12712434542105144
0.7190000000000005,0.2663035475842876,-0.0726137749642157,1.6602985620136703,0.24089753526951235,-0.0730729833318539,1.6609761099930531,0.24089753526951235,-0.0730729833318539,1.6609761099930531,10.0,0.0,0.0,7.628060681678808,0.1271343446946468
0.7200000000000005,0.26640840921323616,-0.07262849070374731,1.6603158769958395,0.24089753526951235,-0.0730729833318539,1.6609761099930531,0.24089753526951235,-0.0730729833318539,1.6609761099930531,10.0,0.0,0.0,7.628655576713412,0.12714425961189021
0.7210000000000005,0.26651288430066755,-0.07264313775555624,1.6603331174847586,0.24089753526951235,-0.0730729833318539,1.6609761099930531,0.24089753526951235,-0.0730729833318539,1.6609761099930531,10.0,0.0,0.0,7.629245348034095,0.12715408913390158
0.7220000000000005,0.26661697137056367,-0.07265771484414614,1.6603502820003382,0.24089753526951235,-0.0730729833318539,1.6609761099930531,0.24089753526951235,-0.0730729833318539,1.6609761099930531,10.0,0.0,0.0,7.629829934921322,0.12716383224868869
0.7230000000000005,0.2667206689767744,-0.07267222072612982,1.6603673690975869,0.24089753526951235,-0.0730729833318539,1.6609761099930531,0.24089753526951235,-0.0730729833318539,1.6609761099930531,10.0,0.0,0.0,7.6304092782554145,0.12717348797092357
0.7240000000000005,0.2668239757029731,-0.07268665418984507,1.6603843773662175,0.24089753526951235,-0.0730729833318539,1.6609761099930531,0.24089753526951235,-0.0730729833318539,1.6609761099930531,10.0,0.0,0.0,7.630983320505322,0.12718305534175536
0.7250000000000005,0.2669268901626079,-0.0727010140549752,1.6604013054302469,0.24089753526951235,-0.0730729833318539,1.6609761099930531,0.24089753526951235,-0.0730729833318539,1.6609761099930531,10.0,0.0,0.0,7.6315520057136785,0.12719253342856132
0.7260000000000005,0.2670294109988487,-0.07271529917216839,1.6604181519476027,0.24089753526951235,-0.0730729833318539,1.6609761099930531,0.24089753526951235,-0.0730729833318539,1.6609761099930531,10.0,0.0,0.0,7.632115279485168,0.1272019213247528
0.7270000000000005,0.26713153688452707,-0.07272950842266121,1.6604349156097258,0.24089753526951235,-0.0730729833318539,1.6609761099930531,0.24089753526951235,-0.0730729833318539,1.6609761099930531,10.0,0.0,0.0,7.632673088971824,0.1272112181495304
0.7280000000000005,0.26723326652207907,-0.07274364071790608,1.6604515951411916,0.24089753526951235,-0.0730729833318539,1.6609761099930531,0.24089753526951235,-0.0730729833318539,1.6609761099930531,10.0,0.0,0.0,7.633225382861473,0.1272204230476912
0.7290000000000005,0.26733459864347703,-0.0727576949991979,1.6604681892993087,0.24089753526951235,-0.0730729833318539,1.6609761099930531,0.24089753526951235,-0.0730729833318539,1.6609761099930531,10.0,0.0,0.0,7.6337721113608294,0.12722953518934715
0.7300000000000005,0.26743553201016057,-0.07277167023730383,1.6604846968737412,0.24089753526951235,-0.0730729833318539,1.6609761099930531,0.24089753526951235,-0.0730729833318539,1.6609761099930531,10.0,0.0,0.0,7.6343132261848075,0.1272385537697468
0.7310000000000005,0.2675360654129663,-0.07278556543209727,1.6605011166861237,0.24089753526951235,-0.0730729833318539,1.6609761099930531,0.24089753526951235,-0.0730729833318539,1.6609761099930531,10.0,0.0,0.0,7.634848680540891,0.12724747800901484
0.7320000000000005,0.26763619767204927,-0.07279937961219249,1.66051744758968,0.24089753526951235,-0.0730729833318539,1.6609761099930531,0.24089753526951235,-0.0730729833318539,1.6609761099930531,10.0,0.0,0.0,7.635378429115744,0.12725630715192907
0.7330000000000005,0.26773592763680376,-0.07281311183458157,1.6605336884688449,0.24089753526951235,-0.0730729833318539,1.6609761099930531,0.24089753526951235,-0.0730729833318539,1.6609761099930531,10.0,0.0,0.0,7.635902428060765,0.12726504046767942
0.7340000000000005,0.26783525418577986,-0.07282676118427472,1.660549838238888,0.24089753526951235,-0.0730729833318539,1.6609761099930531,0.24089753526951235,-0.0730729833318539,1.6609761099930531,10.0,0.0,0.0,7.636420634978133,0.12727367724963556
0.7350000000000005,0.2679341762265979,-0.07284032677394281,1.6605658958455403,0.24089753526951235,-0.0730729833318539,1.6609761099930531,0.24089753526951235,-0.0730729833318539,1.6609761099930531,10.0,0.0,0.0,7.636933008906286,0.12728221681510477
0.7360000000000005,0.2680326926958552,-0.07285380774356104,1.6605818602646216,0.24089753526951235,-0.0730729833318539,1.6609761099930531,0.24089753526951235,-0.0730729833318539,1.6609761099930531,10.0,0.0,0.0,7.637439510305507,0.12729065850509177
0.7370000000000005,0.2681308025590358,-0.07286720326005719,1.6605977305016757,0.24089753526951235,-0.0730729833318539,1.6609761099930531,0.24089753526951235,-0.0730729833318539,1.6609761099930531,10.0,0.0,0.0,7.637940101043217,0.12729900168405361
0.7380000000000005,0.2682285048104119,-0.07288051251696047,1.660613505591597,0.24089753526951235,-0.0730729833318539,1.6609761099930531,0.24089753526951235,-0.0730729833318539,1.6609761099930531,10.0,0.0,0.0,7.638434744381978,0.12730724573969962
0.7390000000000005,0.2683257984729439,-0.07289373473405428,1.6606291845982728,0.24089753526951235,-0.0730729833318539,1.6609761099930531,0.24089753526951235,-0.0730729833318539,1.6609761099930531,10.0,0.0,0.0,7.638923404961135,0.12731539008268558
0.7400000000000005,0.2684226825981788,-0.07290686915702953,1.6606447666142161,0.24089753526951235,-0.0730729833318539,1.6609761099930531,0.24089753526951235,-0.0730729833318539,1.6609761099930531,10.0,0.0,0.0,7.639406048784005,0.1273234341464001
0.7410000000000005,0.26851915626614237,-0.07291991505714257,1.6606602507602122,0.24089753526951235,-0.0730729833318539,1.6609761099930531,0.24089753526951235,-0.0730729833318539,1.6609761099930531,10.0,0.0,0.0,7.6398826432046985,0.12733137738674496
0.7420000000000005,0.2686152185852305,-0.07293287173087463,1.6606756361849573,0.24089753526951235,-0.0730729833318539,1.6609761099930531,0.24089753526951235,-0.0730729833318539,1.6609761099930531,10.0,0.0,0.0,7.640353156910951,0.1273392192818492
0.7430000000000005,0.2687108686920993,-0.07294573849959335,1.6606909220647053,0.24089753526951235,-0.0730729833318539,1.6609761099930531,0.24089753526951235,-0.0730729833318539,1.6609761099930531,10.0,0.0,0.0,7.64081755991167,0.12734695933186116
0.7440000000000005,0.26880610575154695,-0.07295851470921659,1.6607061076029177,0.24089753526951235,-0.0730729833318539,1.6609761099930531,0.24089753526951235,-0.0730729833318539,1.6609761099930531,10.0,0.0,0.0,7.6412758235213385,0.12735459705868898
0.7450000000000006,0.26890092895639806,-0.07297119972988103,1.6607211920299112,0.24089753526951235,-0.0730729833318539,1.6609761099930531,0.24089753526951235,-0.0730729833318539,1.6609761099930531,10.0,0.0,0.0,7.641727920345446,0.12736213200575744
0.7460000000000006,0.26899533752738414,-0.07298379295561024,1.660736174602512,0.24089753526951235,-0.0730729833318539,1.6609761099930531,0.24089753526951235,-0.0730729833318539,1.6609761099930531,10.0,0.0,0.0,7.642173824266218,0.12736956373777028
0.7470000000000006,0.2690893307130185,-0.07299629380398628,1.66075105460371,0.24089753526951235,-0.0730729833318539,1.6609761099930531,0.24089753526951235,-0.0730729833318539,1.6609761099930531,10.0,0.0,0.0,7.642613510427797,0.12737689184046327
0.7480000000000006,0.2691829077894733,-0.07300870171582549,1.6607658313423224,0.24089753526951235,-0.0730729833318539,1.6609761099930531,0.24089753526951235,-0.0730729833318539,1.6609761099930531,10.0,0.0,0.0,7.643046955221774,0.1273841159203629
0.7490000000000006,0.269276068060449,-0.0730210161548541,1.6607805041526436,0.24089753526951235,-0.0730729833318539,1.6609761099930531,0.24089753526951235,-0.0730729833318539,1.6609761099930531,10.0,0.0,0.0,7.643474136271966,0.12739123560453275
0.7500000000000006,0.2693688108570451,-0.07303323660738782,1.6607950723941158,0.24089753526951235,-0.0730729833318539,1.6609761099930531,0.24089753526951235,-0.0730729833318539,1.6609761099930531,10.0,0.0,0.0,7.643895032421285,0.12739825054035475
0.7510000000000006,0.26946113553762774,-0.07304536258201409,1.6608095354509917,0.24089753526951235,-0.0730729833318539,1.6609761099930531,0.24089753526951235,-0.0730729833318539,1.6609761099930531,10.0,0.0,0.0,7.644309623716122,0.1274051603952687
0.7520000000000006,0.2695530414876929,-0.07305739360927566,1.6608238927320047,0.24089753526951235,-0.0730729833318539,1.6609761099930531,0.24089753526951235,-0.0730729833318539,1.6609761099930531,10.0,0.0,0.0,7.644717891391235,0.12741196485652057
0.7530000000000006,0.2696445281197308,-0.07306932924135895,1.6608381436700324,0.24089753526951235,-0.0730729833318539,1.6609761099930531,0.24089753526951235,-0.0730729833318539,1.6609761099930531,10.0,0.0,0.0,7.645119817858538,0.12741866363097562
0.7540000000000006,0.2697355948730846,-0.07308116905178164,1.6608522877217764,0.24089753526951235,-0.0730729833318539,1.6609761099930531,0.24089753526951235,-0.0730729833318539,1.6609761099930531,10.0,0.0,0.0,7.645515386688861,0.12742525644481434
0.7550000000000006,0.26982624121380877,-0.07309291263508494,1.660866324367433,0.24089753526951235,-0.0730729833318539,1.6609761099930531,0.24089753526951235,-0.0730729833318539,1.6609761099930531,10.0,0.0,0.0,7.645904582598526,0.12743174304330876
0.7560000000000006,0.26991646663452534,-0.07310455960652854,1.660880253110372,0.24089753526951235,-0.0730729833318539,1.6609761099930531,0.24089753526951235,-0.0730729833318539,1.6609761099930531,10.0,0.0,0.0,7.646287391436674,0.12743812319061124
0.7570000000000006,0.27000627065427907,-0.07311610960178706,1.660894073476816,0.24089753526951235,-0.0730729833318539,1.6609761099930531,0.24089753526951235,-0.0730729833318539,1.6609761099930531,10.0,0.0,0.0,7.646663800169574,0.1274443966694929
0.7580000000000006,0.27009565281838605,-0.07312756227664889,1.6609077850155256,0.24089753526951235,-0.0730729833318539,1.6609761099930531,0.24089753526951235,-0.0730729833318539,1.6609761099930531,10.0,0.0,0.0,7.647033796867099,0.1274505632811183
0.7590000000000006,0.27018461269828703,-0.07313891730671825,1.6609213872974795,0.24089753526951235,-0.0730729833318539,1.6609761099930531,0.24089753526951235,-0.0730729833318539,1.6609761099930531,10.0,0.0,0.0,7.647397370687671,0.1274566228447945
0.7600000000000006,0.2702731498913939,-0.0731501743871196,1.6609348799155652,0.24089753526951235,-0.0730729833318539,1.6609761099930531,0.24089753526951235,-0.0730729833318539,1.6609761099930531,10.0,0.0,0.0,7.647754511865113,0.1274625751977519
0.7610000000000006,0.27036126402093574,-0.07316133323220385,1.6609482624842655,0.24089753526951235,-0.0730729833318539,1.6609761099930531,0.24089753526951235,-0.0730729833318539,1.6609761099930531,10.0,0.0,0.0,7.648105211694137,0.1274684201949023
0.7620000000000006,0.27044895473580455,-0.0731723935752571,1.6609615346393563,0.24089753526951235,-0.0730729833318539,1.6609761099930531,0.24089753526951235,-0.0730729833318539,1.6609761099930531,10.0,0.0,0.0,7.6484494625158765,0.12747415770859793
0.7630000000000006,0.2705362217103965,-0.07318335516821374,1.660974696037595,0.24089753526951235,-0.0730729833318539,1.6609761099930531,0.24089753526951235,-0.0730729833318539,1.6609761099930531,10.0,0.0,0.0,7.648787257706497,0.12747978762844162
0.7640000000000006,0.2706230646444548,-0.07319421778136936,1.6609877463564222,0.24089753526951235,-0.0730729833318539,1.6609761099930531,0.24089753526951235,-0.0730729833318539,1.6609761099930531,10.0,0.0,0.0,7.6491185916591995,0.12748530986098666
0.7650000000000006,0.2707094832629073,-0.0732049812030969,1.6610006852936579,0.24089753526951235,-0.0730729833318539,1.6609761099930531,0.24089753526951235,-0.0730729833318539,1.6609761099930531,10.0,0.0,0.0,7.649443459772976,0.1274907243295496
0.7660000000000006,0.27079547731570514,-0.07321564523956618,1.6610135125672028,0.24089753526951235,-0.0730729833318539,1.6609761099930531,0.24089753526951235,-0.0730729833318539,1.6609761099930531,10.0,0.0,0.0,7.649761858438106,0.12749603097396844
0.7670000000000006,0.2708810465776609,-0.073226209714466,1.6610262279147499,0.24089753526951235,-0.0730729833318539,1.6609761099930531,0.24089753526951235,-0.0730729833318539,1.6609761099930531,10.0,0.0,0.0,7.650073785023885,0.12750122975039807
0.7680000000000006,0.2709661908482799,-0.0732366744687262,1.6610388310934816,0.24089753526951235,-0.0730729833318539,1.6609761099930531,0.24089753526951235,-0.0730729833318539,1.6609761099930531,10.0,0.0,0.0,7.6503792378625075,0.12750632063104178
0.7690000000000006,0.2710509099515969,-0.0732470393602451,1.6610513218797853,0.24089753526951235,-0.0730729833318539,1.6609761099930531,0.24089753526951235,-0.0730729833318539,1.6609761099930531,10.0,0.0,0.0,7.6506782162378535,0.12751130360396423
0.7700000000000006,0.2711352037360071,-0.07325730426361826,1.6610637000689623,0.24089753526951235,-0.0730729833318539,1.6609761099930531,0.24089753526951235,-0.0730729833318539,1.6609761099930531,10.0,0.0,0.0,7.6509707203705135,0.1275161786728419
0.7710000000000006,0.27121907207409557,-0.07326746906986803,1.6610759654749434,0.24089753526951235,-0.0730729833318539,1.6609761099930531,0.24089753526951235,-0.0730729833318539,1.6609761099930531,10.0,0.0,0.0,7.651256751404368,0.12752094585673948
0.7720000000000006,0.27130251486247026,-0.07327753368617945,1.6610881179300043,0.24089753526951235,-0.0730729833318539,1.6609761099930531,0.24089753526951235,-0.0730729833318539,1.6609761099930531,10.0,0.0,0.0,7.651536311396125,0.12752560518993541
0.7730000000000006,0.27138553202158616,-0.07328749803563443,1.661100157284484,0.24089753526951235,-0.0730729833318539,1.6609761099930531,0.24089753526951235,-0.0730729833318539,1.6609761099930531,10.0,0.0,0.0,7.651809403297396,0.12753015672162327
0.7740000000000006,0.27146812349557553,-0.07329736205694974,1.6611120834065085,0.24089753526951235,-0.0730729833318539,1.6609761099930531,0.24089753526951235,-0.0730729833318539,1.6609761099930531,10.0,0.0,0.0,7.652076030944456,0.12753460051574092
0.7750000000000006,0.27155028925207286,-0.07330712570421967,1.6611238961817103,0.24089753526951235,-0.0730729833318539,1.6609761099930531,0.24089753526951235,-0.0730729833318539,1.6609761099930531,10.0,0.0,0.0,7.6523361990442496,0.12753893665073748
0.7760000000000006,0.2716320292820395,-0.07331678894665672,1.6611355955129619,0.24089753526951235,-0.0730729833318539,1.6609761099930531,0.24089753526951235,-0.0730729833318539,1.6609761099930531,10.0,0.0,0.0,7.652589913162606,0.12754316521937675
0.7770000000000006,0.271713343599588,-0.07332635176833857,1.661147181320094,0.24089753526951235,-0.0730729833318539,1.6609761099930531,0.24089753526951235,-0.0730729833318539,1.6609761099930531,10.0,0.0,0.0,7.652837179708788,0.1275472863284798
0.7780000000000006,0.27179423224180355,-0.07333581416795548,1.6611586535396352,0.24089753526951235,-0.0730729833318539,1.6609761099930531,0.24089753526951235,-0.0730729833318539,1.6609761099930531,10.0,0.0,0.0,7.6530780059256225,0.12755130009876037
0.7790000000000006,0.2718746952685686,-0.07334517615856014,1.661170012124541,0.24089753526951235,-0.0730729833318539,1.6609761099930531,0.24089753526951235,-0.0730729833318539,1.6609761099930531,10.0,0.0,0.0,7.6533123998744745,0.12755520666457457
0.7800000000000006,0.27195473276238125,-0.07335443776732066,1.6611812570439297,0.24089753526951235,-0.0730729833318539,1.6609761099930531,0.24089753526951235,-0.0730729833318539,1.6609761099930531,10.0,0.0,0.0,7.653540370423412,0.12755900617372354
0.7810000000000006,0.27203434482817607,-0.07336359903527577,1.6611923882828217,0.24089753526951235,-0.0730729833318539,1.6609761099930531,0.24089753526951235,-0.0730729833318539,1.6609761099930531,10.0,0.0,0.0,7.65376192723433,0.12756269878723883
0.7820000000000006,0.2721135315931447,-0.07337266001709035,1.6612034058418783,0.24089753526951235,-0.0730729833318539,1.6609761099930531,0.24089753526951235,-0.0730729833318539,1.6609761099930531,10.0,0.0,0.0,7.653977080750758,0.1275662846791793
0.7830000000000006,0.2721922932065516,-0.07338162078081785,1.6612143097371461,0.24089753526951235,-0.0730729833318539,1.6609761099930531,0.24089753526951235,-0.0730729833318539,1.6609761099930531,10.0,0.0,0.0,7.654185842184903,0.12756976403641504
0.7840000000000006,0.27227062983955524,-0.0733904814076592,1.661225099999799,0.24089753526951235,-0.0730729833318539,1.6609761099930531,0.24089753526951235,-0.0730729833318539,1.6609761099930531,10.0,0.0,0.0,7.654388223505336,0.12757313705842227
0.7850000000000006,0.272348541685021,-0.07339924199172865,1.661235776675891,0.24089753526951235,-0.0730729833318539,1.6609761099930531,0.24089753526951235,-0.0730729833318539,1.6609761099930531,10.0,0.0,0.0,7.6545842374244994,0.12757640395707498
0.7860000000000006,0.2724260289573407,-0.07340790263982062,1.6612463398260988,0.24089753526951235,-0.0730729833318539,1.6609761099930531,0.24089753526951235,-0.0730729833318539,1.6609761099930531,10.0,0.0,0.0,7.6547738973888215,0.12757956495648035
0.7870000000000006,0.2725030918922468,-0.07341646347117728,1.6612567895254788,0.24089753526951235,-0.0730729833318539,1.6609761099930531,0.24089753526951235,-0.0730729833318539,1.6609761099930531,10.0,0.0,0.0,7.654957217562725,0.12758262029271208
0.7880000000000006,0.27257973074662833,-0.07342492461726072,1.661267125863222,0.24089753526951235,-0.0730729833318539,1.6609761099930531,0.24089753526951235,-0.0730729833318539,1.6609761099930531,10.0,0.0,0.0,7.655134212818666,0.12758557021364444
0.7890000000000006,0.2726559457983442,-0.0734332862215254,1.6612773489424044,0.24089753526951235,-0.0730729833318539,1.6609761099930531,0.24089753526951235,-0.0730729833318539,1.6609761099930531,10.0,0.0,0.0,7.655304898724938,0.12758841497874898
0.7900000000000006,0.2727317373460377,-0.07344154843919509,1.6612874588797542,0.24089753526951235,-0.0730729833318539,1.6609761099930531,0.24089753526951235,-0.0730729833318539,1.6609761099930531,10.0,0.0,0.0,7.655469291534572,0.12759115485890954
0.7910000000000006,0.2728071057089496,-0.0734497114370394,1.6612974558054059,0.24089753526951235,-0.0730729833318539,1.6609761099930531,0.24089753526951235,-0.0730729833318539,1.6609761099930531,10.0,0.0,0.0,7.655627408172011,0.12759379013620017
0.7920000000000006,0.27288205122673254,-0.07345777539315602,1.661307339862668,0.24089753526951235,-0.0730729833318539,1.6609761099930531,0.24089753526951235,-0.0730729833318539,1.6609761099930531,10.0,0.0,0.0,7.6557792662226705,0.12759632110371116
0.7930000000000006,0.2729565742592615,-0.07346574049675017,1.6613171112077891,0.24089753526951235,-0.0730729833318539,1.6609761099930531,0.24089753526951235,-0.0730729833318539,1.6609761099930531,10.0,0.0,0.0,7.655924883920914,0.12759874806534857
0.7940000000000006,0.273030675186447,-0.07347360694792272,1.6613267700097205,0.24089753526951235,-0.0730729833318539,1.6609761099930531,0.24089753526951235,-0.0730729833318539,1.6609761099930531,10.0,0.0,0.0,7.656064280137901,0.12760107133563167
0.7950000000000006,0.27310435440804665,-0.07348137495745444,1.6613363164498938,0.24089753526951235,-0.0730729833318539,1.6609761099930531,0.24089753526951235,-0.0730729833318539,1.6609761099930531,10.0,0.0,0.0,7.656197474371525,0.1276032912395254
0.7960000000000006,0.2731776123434782,-0.0734890447465972,1.6613457507219893,0.24089753526951235,-0.0730729833318539,1.6609761099930531,0.24089753526951235,-0.0730729833318539,1.6609761099930531,10.0,0.0,0.0,7.656324486733806,0.1276054081122301
0.7970000000000006,0.2732504494316274,-0.0734966165468633,1.6613550730317088,0.24089753526951235,-0.0730729833318539,1.6609761099930531,0.24089753526951235,-0.0730729833318539,1.6609761099930531,10.0,0.0,0.0,7.656445337940135,0.12760742229900227
0.7980000000000006,0.27332286613066203,-0.07350409059982224,1.661364283596558,0.24089753526951235,-0.0730729833318539,1.6609761099930531,0.24089753526951235,-0.0730729833318539,1.6609761099930531,10.0,0.0,0.0,7.656560049298509,0.12760933415497516
0.7990000000000006,0.2733948629178407,-0.07351146715689151,1.6613733826456216,0.24089753526951235,-0.0730729833318539,1.6609761099930531,0.24089753526951235,-0.0730729833318539,1.6609761099930531,10.0,0.0,0.0,7.656668642697351,0.12761114404495585
0.8000000000000006,0.2734664402893241,-0.07351874647914065,1.661382370419346,0.24089753526951235,-0.0730729833318539,1.6609761099930531,0.24089753526951235,-0.0730729833318539,1.6609761099930531,10.0,0.0,0.0,7.656771140595756,0.1276128523432626
0.8010000000000006,0.273537598759985,-0.0735259288370866,1.6613912471693213,0.24089753526951235,-0.0730729833318539,1.6609761099930531,0.24089753526951235,-0.0730729833318539,1.6609761099930531,10.0,0.0,0.0,7.656867566011503,0.12761445943352503
0.8020000000000006,0.2736083388632192,-0.0735330145104989,1.6614000131580708,0.24089753526951235,-0.0730729833318539,1.6609761099930531,0.24089753526951235,-0.0730729833318539,1.6609761099930531,10.0,0.0,0.0,7.656957942511601,0.12761596570852668
0.8030000000000006,0.27367866115075445,-0.07354000378820245,1.661408668658836,0.24089753526951235,-0.0730729833318539,1.6609761099930531,0.24089753526951235,-0.0730729833318539,1.6609761099930531,10.0,0.0,0.0,7.657042294199851,0.1276173715699975
0.8040000000000006,0.27374856619245985,-0.07354689696788545,1.6614172139553651,0.24089753526951235,-0.0730729833318539,1.6609761099930531,0.24089753526951235,-0.0730729833318539,1.6609761099930531,10.0,0.0,0.0,7.657120645707533,0.12761867742845887
0.8050000000000006,0.27381805457615893,-0.07355369435590729,1.6614256493417099,0.24089753526951235,-0.0730729833318539,1.6609761099930531,0.24089753526951235,-0.0730729833318539,1.6609761099930531,10.0,0.0,0.0,7.657193022182815,0.12761988370304692
0.8060000000000006,0.27388712690743605,-0.07356039626711026,1.6614339751220186,0.24089753526951235,-0.0730729833318539,1.6609761099930531,0.24089753526951235,-0.0730729833318539,1.6609761099930531,10.0,0.0,0.0,7.657259449279358,0.12762099082132264
0.8070000000000006,0.27395578380944763,-0.07356700302463193,1.661442191610328,0.24089753526951235,-0.0730729833318539,1.6609761099930531,0.24089753526951235,-0.0730729833318539,1.6609761099930531,10.0,0.0,0.0,7.657319953146537,0.12762199921910894
0.8080000000000006,0.2740240259227323,-0.07357351495972095,1.6614502991303686,0.24089753526951235,-0.0730729833318539,1.6609761099930531,0.24089753526951235,-0.0730729833318539,1.6609761099930531,10.0,0.0,0.0,7.657374560418848,0.12762290934031414
0.8090000000000006,0.27409185390502117,-0.07357993241155342,1.6614582980153632,0.24089753526951235,-0.0730729833318539,1.6609761099930531,0.24089753526951235,-0.0730729833318539,1.6609761099930531,10.0,0.0,0.0,7.65742329820837,0.12762372163680616
0.8100000000000006,0.27415926843104593,-0.07358625572705374,1.6614661886078261,0.24089753526951235,-0.0730729833318539,1.6609761099930531,0.24089753526951235,-0.0730729833318539,1.6609761099930531,10.0,0.0,0.0,7.657466194089595,0.12762443656815992
0.8110000000000006,0.2742262701923518,-0.07359248526071378,1.661473971259374,0.24089753526951235,-0.0730729833318539,1.6609761099930531,0.24089753526951235,-0.0730729833318539,1.6609761099930531,10.0,0.0,0.0,7.657503276093295,0.1276250546015549
0.8120000000000006,0.27429285989710606,-0.07359862137441903,1.6614816463305284,0.24089753526951235,-0.0730729833318539,1.6609761099930531,0.24089753526951235,-0.0730729833318539,1.6609761099930531,10.0,0.0,0.0,7.657534572695306,0.12762557621158843
0.8130000000000006,0.27435903826990815,-0.07360466443727182,1.6614892141905275,0.24089753526951235,-0.0730729833318539,1.6609761099930531,0.24089753526951235,-0.0730729833318539,1.6609761099930531,10.0,0.0,0.0,7.657560112807326,0.1276260018801221
0.8140000000000006,0.274424806051602,-0.07361061482542067,1.6614966752171367,0.24089753526951235,-0.0730729833318539,1.6609761099930531,0.24089753526951235,-0.0730729833318539,1.6609761099930531,10.0,0.0,0.0,7.657579925766343,0.12762633209610572
0.8150000000000006,0.2744901639990849,-0.07361647292188833,1.6615040297964618,0.24089753526951235,-0.0730729833318539,1.6609761099930531,0.24089753526951235,-0.0730729833318539,1.6609761099930531,10.0,0.0,0.0,7.657594041325789,0.12762656735542982
0.8160000000000006,0.2745551128851201,-0.07362223911640489,1.6615112783227635,0.24089753526951235,-0.0730729833318539,1.6609761099930531,0.24089753526951235,-0.0730729833318539,1.6609761099930531,10.0,0.0,0.0,7.657602489645212,0.12762670816075353
0.8170000000000006,0.27461965349814693,-0.07362791380524039,1.6615184211982739,0.24089753526951235,-0.0730729833318539,1.6609761099930531,0.24089753526951235,-0.0730729833318539,1.6609761099930531,10.0,0.0,0.0,7.657605301281798,0.1276267550213633
0.8180000000000006,0.27468378664209353,-0.07363349739104133,1.6615254588330226,0.24089753526951235,-0.0730729833318539,1.6609761099930531,0.24089753526951235,-0.0730729833318539,1.6609761099930531,10.0,0.0,0.0,7.657602507180439,0.1276267084530073
0.8190000000000006,0.27474751313618767,-0.07363899028266757,1.6615323916446478,0.24089753526951235,-0.0730729833318539,1.6609761099930531,0.24089753526951235,-0.0730729833318539,1.6609761099930531,10.0,0.0,0.0,7.657594138663821,0.12762656897773036
0.8200000000000006,0.27481083381476956,-0.07364439289503157,1.6615392200582277,0.24089753526951235,-0.0730729833318539,1.6609761099930531,0.24089753526951235,-0.0730729833318539,1.6609761099930531,10.0,0.0,0.0,7.657580227424457,0.12762633712374097
0.8210000000000006,0.27487374952710397,-0.07364970564894148,1.6615459445061012,0.24089753526951235,-0.0730729833318539,1.6609761099930531,0.24089753526951235,-0.0730729833318539,1.6609761099930531,10.0,0.0,0.0,7.657560805514815,0.1276260134252469
0.8220000000000006,0.27493626113719355,-0.07365492897094383,1.6615525654276984,0.24089753526951235,-0.0730729833318539,1.6609761099930531,0.24089753526951235,-0.0730729833318539,1.6609761099930531,10.0,0.0,0.0,7.657535905338843,0.12762559842231405
0.8230000000000006,0.274998369523591,-0.07366006329316799,1.6615590832693667,0.24089753526951235,-0.0730729833318539,1.6609761099930531,0.24089753526951235,-0.0730729833318539,1.6609761099930531,10.0,0.0,0.0,7.657505559641972,0.12762509266069955
0.8240000000000006,0.27506007557921514,-0.07366510905317532,1.6615654984842059,0.24089753526951235,-0.0730729833318539,1.6609761099930531,0.24089753526951235,-0.0730729833318539,1.6609761099930531,10.0,0.0,0.0,7.657469801503967,0.12762449669173279
0.8250000000000006,0.27512138021116167,-0.07367006669380742,1.661571811531898,0.24089753526951235,-0.0730729833318539,1.6609761099930531,0.24089753526951235,-0.0730729833318539,1.6609761099930531,10.0,0.0,0.0,7.657428664328508,0.1276238110721418
0.8260000000000006,0.27518228434052056,-0.07367493666303754,1.661578022878545,0.24089753526951235,-0.0730729833318539,1.6609761099930531,0.24089753526951235,-0.0730729833318539,1.6609761099930531,10.0,0.0,0.0,7.657382181835153,0.12762303636391922
0.8270000000000006,0.2752427889021889,-0.07367971941382388,1.6615841329965018,0.24089753526951235,-0.0730729833318539,1.6609761099930531,0.24089753526951235,-0.0730729833318539,1.6609761099930531,10.0,0.0,0.0,7.657330388051267,0.12762217313418778
0.8280000000000006,0.2753028948446883,-0.073684415403964,1.6615901423642203,0.24089753526951235,-0.0730729833318539,1.6609761099930531,0.24089753526951235,-0.0730729833318539,1.6609761099930531,10.0,0.0,0.0,7.6572733173033996,0.12762122195505665
0.8290000000000006,0.2753626031299786,-0.07368902509595247,1.661596051466088,0.24089753526951235,-0.0730729833318539,1.6609761099930531,0.24089753526951235,-0.0730729833318539,1.6609761099930531,10.0,0.0,0.0,7.657211004207854,0.12762018340346423
0.8300000000000006,0.2754219147332767,-0.07369354895683858,1.6616018607922678,0.24089753526951235,-0.0730729833318539,1.6609761099930531,0.24089753526951235,-0.0730729833318539,1.6609761099930531,10.0,0.0,0.0,7.65714348366358,0.12761905806105966
0.8310000000000006,0.2754808306428712,-0.07369798745808782,1.6616075708385494,0.24089753526951235,-0.0730729833318539,1.6609761099930531,0.24089753526951235,-0.0730729833318539,1.6609761099930531,10.0,0.0,0.0,7.65707079084366,0.127617846514061
0.8320000000000006,0.2755393518599419,-0.07370234107544382,1.6616131821061872,0.24089753526951235,-0.0730729833318539,1.6609761099930531,0.24089753526951235,-0.0730729833318539,1.6609761099930531,10.0,0.0,0.0,7.6569929611863845,0.1276165493531064
0.8330000000000006,0.2755974793983762,-0.07370661028879247,1.6616186951017564,0.24089753526951235,-0.0730729833318539,1.6609761099930531,0.24089753526951235,-0.0730729833318539,1.6609761099930531,10.0,0.0,0.0,7.656910030388601,0.12761516717314333
0.8340000000000006,0.27565521428458944,-0.07371079558202763,1.6616241103369986,0.24089753526951235,-0.0730729833318539,1.6609761099930531,0.24089753526951235,-0.0730729833318539,1.6609761099930531,10.0,0.0,0.0,7.656822034396488,0.1276137005732748
0.8350000000000006,0.27571255755734253,-0.07371489744291959,1.661629428328674,0.24089753526951235,-0.0730729833318539,1.6609761099930531,0.24089753526951235,-0.0730729833318539,1.6609761099930531,10.0,0.0,0.0,7.656729009398326,0.12761215015663877
0.8360000000000006,0.2757695102675629,-0.07371891636298392,1.6616346495984171,0.24089753526951235,-0.0730729833318539,1.6609761099930531,0.24089753526951235,-0.0730729833318539,1.6609761099930531,10.0,0.0,0.0,7.656630991816611,0.12761051653027686
0.8370000000000006,0.2758260734781644,-0.0737228528373535,1.661639774672592,0.24089753526951235,-0.0730729833318539,1.6609761099930531,0.24089753526951235,-0.0730729833318539,1.6609761099930531,10.0,0.0,0.0,7.656528018300048,0.1276088003050008
0.8380000000000006,0.2758822482638684,-0.07372670736465047,1.6616448040821465,0.24089753526951235,-0.0730729833318539,1.6609761099930531,0.24089753526951235,-0.0730729833318539,1.6609761099930531,10.0,0.0,0.0,7.656420125715975,0.12760700209526626
0.8390000000000006,0.27593803571102665,-0.07373048044686195,1.6616497383624758,0.24089753526951235,-0.0730729833318539,1.6609761099930531,0.24089753526951235,-0.0730729833318539,1.6609761099930531,10.0,0.0,0.0,7.65630735114363,0.1276051225190605
0.8400000000000006,0.2759934369174416,-0.07373417258921625,1.6616545780532794,0.24089753526951235,-0.0730729833318539,1.6609761099930531,0.24089753526951235,-0.0730729833318539,1.6609761099930531,10.0,0.0,0.0,7.656189731865572,0.12760316219775952
0.8410000000000006,0.276048452992192,-0.07373778430006142,1.6616593236984267,0.24089753526951235,-0.0730729833318539,1.6609761099930531,0.24089753526951235,-0.0730729833318539,1.6609761099930531,10.0,0.0,0.0,7.656067305360857,0.1276011217560143
0.8420000000000006,0.27610308505545506,-0.07374131609074433,1.6616639758458212,0.24089753526951235,-0.0730729833318539,1.6609761099930531,0.24089753526951235,-0.0730729833318539,1.6609761099930531,10.0,0.0,0.0,7.6559401092978305,0.1275990018216305
0.8430000000000006,0.27615733423833067,-0.07374476847549262,1.6616685350472624,0.24089753526951235,-0.0730729833318539,1.6609761099930531,0.24089753526951235,-0.0730729833318539,1.6609761099930531,10.0,0.0,0.0,7.655808181526325,0.12759680302543874
0.8440000000000006,0.27621120168266877,-0.07374814197129897,1.6616730018583201,0.24089753526951235,-0.0730729833318539,1.6609761099930531,0.24089753526951235,-0.0730729833318539,1.6609761099930531,10.0,0.0,0.0,7.655671560071508,0.1275945260011918
0.8450000000000006,0.2762646885408935,-0.07375143709780463,1.6616773768382005,0.24089753526951235,-0.0730729833318539,1.6609761099930531,0.24089753526951235,-0.0730729833318539,1.6609761099930531,10.0,0.0,0.0,7.655530283125833,0.12759217138543055
0.8460000000000006,0.2763177959758284,-0.0737546543771861,1.6616816605496123,0.24089753526951235,-0.0730729833318539,1.6609761099930531,0.24089753526951235,-0.0730729833318539,1.6609761099930531,10.0,0.0,0.0,7.655384389043356,0.12758973981738927
0.8470000000000006,0.27637052516052923,-0.07375779433404475,1.6616858535586507,0.24089753526951235,-0.0730729833318539,1.6609761099930531,0.24089753526951235,-0.0730729833318539,1.6609761099930531,10.0,0.0,0.0,7.65523391632997,0.12758723193883284
0.8480000000000006,0.27642287727810666,-0.07376085749529471,1.6616899564346634,0.24089753526951235,-0.0730729833318539,1.6609761099930531,0.24089753526951235,-0.0730729833318539,1.6609761099930531,10.0,0.0,0.0,7.655078903640539,0.127584648394009
0.8490000000000006,0.27647485352155876,-0.07376384439005643,1.6616939697501307,0.24089753526951235,-0.0730729833318539,1.6609761099930531,0.24089753526951235,-0.0730729833318539,1.6609761099930531,10.0,0.0,0.0,7.6549193897699315,0.12758198982949887
0.8500000000000006,0.27652645509359874,-0.07376675554954704,1.6616978940805396,0.24089753526951235,-0.0730729833318539,1.6609761099930531,0.24089753526951235,-0.0730729833318539,1.6609761099930531,10.0,0.0,0.0,7.654755413646289,0.12757925689410482
0.8510000000000006,0.2765776832064869,-0.07376959150697762,1.6617017300042696,0.24089753526951235,-0.0730729833318539,1.6609761099930531,0.24089753526951235,-0.0730729833318539,1.6609761099930531,10.0,0.0,0.0,7.654587014325594,0.1275764502387599
0.8520000000000006,0.27662853908186213,-0.07377235279744782,1.6617054781024652,0.24089753526951235,-0.0730729833318539,1.6609761099930531,0.24089753526951235,-0.0730729833318539,1.6609761099930531,10.0,0.0,0.0,7.65441423098334,0.127573570516389
0.8530000000000006,0.27667902395057303,-0.07377503995784383,1.661709138958927,0.24089753526951235,-0.0730729833318539,1.6609761099930531,0.24089753526951235,-0.0730729833318539,1.6609761099930531,10.0,0.0,0.0,7.654237102910473,0.12757061838184122
0.8540000000000006,0.27672913905251206,-0.07377765352673805,1.6617127131599896,0.24089753526951235,-0.0730729833318539,1.6609761099930531,0.24089753526951235,-0.0730729833318539,1.6609761099930531,10.0,0.0,0.0,7.6540556695048245,0.12756759449174707
0.8550000000000006,0.27677888563644937,-0.0737801940442887,1.6617162012944127,0.24089753526951235,-0.0730729833318539,1.6609761099930531,0.24089753526951235,-0.0730729833318539,1.6609761099930531,10.0,0.0,0.0,7.653869970266492,0.12756449950444154
0.8560000000000006,0.2768282649598676,-0.0737826620521443,1.6617196039532638,0.24089753526951235,-0.0730729833318539,1.6609761099930531,0.24089753526951235,-0.0730729833318539,1.6609761099930531,10.0,0.0,0.0,7.653680044790525,0.12756133407984208
0.8570000000000007,0.2768772782887968,-0.07378505809334472,1.66172292172981,0.24089753526951235,-0.0730729833318539,1.6609761099930531,0.24089753526951235,-0.0730729833318539,1.6609761099930531,10.0,0.0,0.0,7.653485932761925,0.12755809887936542
0.8580000000000007,0.27692592689765305,-0.07378738271222914,1.6617261552194078,0.24089753526951235,-0.0730729833318539,1.6609761099930531,0.24089753526951235,-0.0730729833318539,1.6609761099930531,10.0,0.0,0.0,7.65328767394872,0.127554794565812
0.8590000000000007,0.27697421206907263,-0.07378963645434061,1.6617293050193962,0.24089753526951235,-0.0730729833318539,1.6609761099930531,0.24089753526951235,-0.0730729833318539,1.6609761099930531,10.0,0.0,0.0,7.653085308196503,0.12755142180327506
0.8600000000000007,0.2770221350937537,-0.07379181986633578,1.6617323717289878,0.24089753526951235,-0.0730729833318539,1.6609761099930531,0.24089753526951235,-0.0730729833318539,1.6609761099930531,10.0,0.0,0.0,7.652878875421878,0.12754798125703132
0.8610000000000007,0.2770696972702931,-0.07379393349589349,1.6617353559491663,0.24089753526951235,-0.0730729833318539,1.6609761099930531,0.24089753526951235,-0.0730729833318539,1.6609761099930531,10.0,0.0,0.0,7.652668415607749,0.1275444735934625
0.8620000000000007,0.2771168999050285,-0.07379597789162662,1.6617382582825826,0.24089753526951235,-0.0730729833318539,1.6609761099930531,0.24089753526951235,-0.0730729833318539,1.6609761099930531,10.0,0.0,0.0,7.6524539687966024,0.12754089947994338
0.8630000000000007,0.27716374431187707,-0.07379795360299377,1.6617410793334513,0.24089753526951235,-0.0730729833318539,1.6609761099930531,0.24089753526951235,-0.0730729833318539,1.6609761099930531,10.0,0.0,0.0,7.652235575085451,0.12753725958475753
0.8640000000000007,0.2772102318121806,-0.0737998611802146,1.6617438197074523,0.24089753526951235,-0.0730729833318539,1.6609761099930531,0.24089753526951235,-0.0730729833318539,1.6609761099930531,10.0,0.0,0.0,7.65201327462025,0.12753355457700416
0.8650000000000007,0.27725636373454426,-0.0738017011741833,1.661746480011631,0.24089753526951235,-0.0730729833318539,1.6609761099930531,0.24089753526951235,-0.0730729833318539,1.6609761099930531,10.0,0.0,0.0,7.651787107589899,0.12752978512649832
0.8660000000000007,0.277302141414685,-0.07380347413638684,1.6617490608543006,0.24089753526951235,-0.0730729833318539,1.6609761099930531,0.24089753526951235,-0.0730729833318539,1.6609761099930531,10.0,0.0,0.0,7.651557114221275,0.1275259519036879
0.8670000000000007,0.2773475661952728,-0.07380518061882169,1.6617515628449464,0.24089753526951235,-0.0730729833318539,1.6609761099930531,0.24089753526951235,-0.0730729833318539,1.6609761099930531,10.0,0.0,0.0,7.651323334773789,0.12752205557956314
0.8680000000000007,0.27739263942577774,-0.07380682117391418,1.6617539865941298,0.24089753526951235,-0.0730729833318539,1.6609761099930531,0.24089753526951235,-0.0730729833318539,1.6609761099930531,10.0,0.0,0.0,7.651085809533841,0.127518096825564
0.8690000000000007,0.2774373624623177,-0.07380839635444159,1.6617563327133973,0.24089753526951235,-0.0730729833318539,1.6609761099930531,0.24089753526951235,-0.0730729833318539,1.6609761099930531,10.0,0.0,0.0,7.650844578809975,0.1275140763134996
0.8700000000000007,0.2774817366675039,-0.07380990671345218,1.6617586018151869,0.24089753526951235,-0.0730729833318539,1.6609761099930531,0.24089753526951235,-0.0730729833318539,1.6609761099930531,10.0,0.0,0.0,7.650599682927558,0.1275099947154593
0.8710000000000007,0.2775257634102909,-0.07381135280419168,1.6617607945127393,0.24089753526951235,-0.0730729833318539,1.6609761099930531,0.24089753526951235,-0.0730729833318539,1.6609761099930531,10.0,0.0,0.0,7.6503511622237355,0.1275058527037289
0.8720000000000007,0.27756944406582584,-0.07381273518002476,1.6617629114200059,0.24089753526951235,-0.0730729833318539,1.6609761099930531,0.24089753526951235,-0.0730729833318539,1.6609761099930531,10.0,0.0,0.0,7.650099057042059,0.12750165095070098
0.8730000000000007,0.2776127800152995,-0.07381405439436323,1.6617649531515641,0.24089753526951235,-0.0730729833318539,1.6609761099930531,0.24089753526951235,-0.0730729833318539,1.6609761099930531,10.0,0.0,0.0,7.649843407728161,0.12749739012880268
0.8740000000000007,0.27765577264579666,-0.07381531100059219,1.6617669203225294,0.24089753526951235,-0.0730729833318539,1.6609761099930531,0.24089753526951235,-0.0730729833318539,1.6609761099930531,10.0,0.0,0.0,7.6495842546248305,0.12749307091041384
0.8750000000000007,0.27769842335014944,-0.07381650555199969,1.6617688135484707,0.24089753526951235,-0.0730729833318539,1.6609761099930531,0.24089753526951235,-0.0730729833318539,1.6609761099930531,10.0,0.0,0.0,7.6493216380664695,0.12748869396777449
0.8760000000000007,0.2777407335267915,-0.07381763860170479,1.6617706334453264,0.24089753526951235,-0.0730729833318539,1.6609761099930531,0.24089753526951235,-0.0730729833318539,1.6609761099930531,10.0,0.0,0.0,7.649055598375433,0.1274842599729239
0.8770000000000007,0.27778270457961063,-0.07381871070258973,1.661772380629322,0.24089753526951235,-0.0730729833318539,1.6609761099930531,0.24089753526951235,-0.0730729833318539,1.6609761099930531,10.0,0.0,0.0,7.648786175856492,0.1274797695976082
0.8780000000000007,0.27782433791780664,-0.07381972240723264,1.6617740557168907,0.24089753526951235,-0.0730729833318539,1.6609761099930531,0.24089753526951235,-0.0730729833318539,1.6609761099930531,10.0,0.0,0.0,7.648513410792694,0.12747522351321158
0.8790000000000007,0.2778656349557456,-0.07382067426783866,1.6617756593245898,0.24089753526951235,-0.0730729833318539,1.6609761099930531,0.24089753526951235,-0.0730729833318539,1.6609761099930531,10.0,0.0,0.0,7.6482373434404725,0.12747062239067455
0.8800000000000007,0.277906597112819,-0.07382156683617772,1.6617771920690272,0.24089753526951235,-0.0730729833318539,1.6609761099930531,0.24089753526951235,-0.0730729833318539,1.6609761099930531,10.0,0.0,0.0,7.647958014025798,0.12746596690042997
0.8810000000000007,0.2779472258133021,-0.07382240066351789,1.6617786545667788,0.24089753526951235,-0.0730729833318539,1.6609761099930531,0.24089753526951235,-0.0730729833318539,1.6609761099930531,10.0,0.0,0.0,7.647675462739111,0.1274612577123185
0.8820000000000007,0.27798752248621206,-0.07382317630056344,1.6617800474343183,0.24089753526951235,-0.0730729833318539,1.6609761099930531,0.24089753526951235,-0.0730729833318539,1.6609761099930531,10.0,0.0,0.0,7.647389729731828,0.12745649549553048
0.8830000000000007,0.27802748856517123,-0.07382389429739296,1.661781371287936,0.24089753526951235,-0.0730729833318539,1.6609761099930531,0.24089753526951235,-0.0730729833318539,1.6609761099930531,10.0,0.0,0.0,7.647100855110523,0.12745168091850873
0.8840000000000007,0.27806712548826557,-0.07382455520339803,1.6617826267436722,0.24089753526951235,-0.0730729833318539,1.6609761099930531,0.24089753526951235,-0.0730729833318539,1.6609761099930531,10.0,0.0,0.0,7.646808878935019,0.127446814648917
0.8850000000000007,0.27810643469790963,-0.07382515956722503,1.6617838144172388,0.24089753526951235,-0.0730729833318539,1.6609761099930531,0.24089753526951235,-0.0730729833318539,1.6609761099930531,10.0,0.0,0.0,7.646513841211685,0.1274418973535281
0.8860000000000007,0.27814541764070955,-0.07382570793671457,1.6617849349239537,0.24089753526951235,-0.0730729833318539,1.6609761099930531,0.24089753526951235,-0.0730729833318539,1.6609761099930531,10.0,0.0,0.0,7.646215781891581,0.127436929698193
0.8870000000000007,0.2781840757673274,-0.07382620085884686,1.6617859888786661,0.24089753526951235,-0.0730729833318539,1.6609761099930531,0.24089753526951235,-0.0730729833318539,1.6609761099930531,10.0,0.0,0.0,7.6459147408649395,0.127431912347749
0.8880000000000007,0.2782224105323475,-0.07382663887968255,1.6617869768956912,0.24089753526951235,-0.0730729833318539,1.6609761099930531,0.24089753526951235,-0.0730729833318539,1.6609761099930531,10.0,0.0,0.0,7.645610757958437,0.12742684596597395
0.8890000000000007,0.27826042339414175,-0.07382702254430994,1.6617878995887414,0.24089753526951235,-0.0730729833318539,1.6609761099930531,0.24089753526951235,-0.0730729833318539,1.6609761099930531,10.0,0.0,0.0,7.64530387292983,0.12742173121549716
0.8900000000000007,0.2782981158147396,-0.07382735239679,1.6617887575708594,0.24089753526951235,-0.0730729833318539,1.6609761099930531,0.24089753526951235,-0.0730729833318539,1.6609761099930531,10.0,0.0,0.0,7.644994125465452,0.12741656875775753
0.8910000000000007,0.27833548925969587,-0.07382762898010338,1.661789551454356,0.24089753526951235,-0.0730729833318539,1.6609761099930531,0.24089753526951235,-0.0730729833318539,1.6609761099930531,10.0,0.0,0.0,7.64468155517601,0.1274113592529335
0.8920000000000007,0.27837254519795995,-0.07382785283609794,1.661790281850742,0.24089753526951235,-0.0730729833318539,1.6609761099930531,0.24089753526951235,-0.0730729833318539,1.6609761099930531,10.0,0.0,0.0,7.644366201592507,0.12740610335987512
0.8930000000000007,0.2784092851017474,-0.07382802450543931,1.6617909493706688,0.24089753526951235,-0.0730729833318539,1.6609761099930531,0.24089753526951235,-0.0730729833318539,1.6609761099930531,10.0,0.0,0.0,7.644048104163278,0.12740080173605464
0.8940000000000007,0.2784457104464121,-0.07382814452755937,1.661791554623864,0.24089753526951235,-0.0730729833318539,1.6609761099930531,0.24089753526951235,-0.0730729833318539,1.6609761099930531,10.0,0.0,0.0,7.643727302249452,0.12739545503749086
0.8950000000000007,0.2784818227103186,-0.07382821344060836,1.6617920982190733,0.24089753526951235,-0.0730729833318539,1.6609761099930531,0.24089753526951235,-0.0730729833318539,1.6609761099930531,10.0,0.0,0.0,7.6434038351228635,0.12739006391871438
0.8960000000000007,0.27851762337471725,-0.07382823178140704,1.661792580763999,0.24089753526951235,-0.0730729833318539,1.6609761099930531,0.24089753526951235,-0.0730729833318539,1.6609761099930531,10.0,0.0,0.0,7.6430777419608225,0.12738462903268039
0.8970000000000007,0.2785531139236177,-0.07382820008539913,1.6617930028652426,0.24089753526951235,-0.0730729833318539,1.6609761099930531,0.24089753526951235,-0.0730729833318539,1.6609761099930531,10.0,0.0,0.0,7.642749061844226,0.1273791510307371
0.8980000000000007,0.27858829584366707,-0.07382811888660634,1.6617933651282484,0.24089753526951235,-0.0730729833318539,1.6609761099930531,0.24089753526951235,-0.0730729833318539,1.6609761099930531,10.0,0.0,0.0,7.64241783375355,0.12737363056255915
0.8990000000000007,0.27862317062402514,-0.07382798871758271,1.6617936681572438,0.24089753526951235,-0.0730729833318539,1.6609761099930531,0.24089753526951235,-0.0730729833318539,1.6609761099930531,10.0,0.0,0.0,7.6420840965652435,0.1273680682760874
0.9000000000000007,0.2786577397562435,-0.07382781010937088,1.6617939125551884,0.24089753526951235,-0.0730729833318539,1.6609761099930531,0.24089753526951235,-0.0730729833318539,1.6609761099930531,10.0,0.0,0.0,7.641747889049292,0.1273624648174882
0.9010000000000007,0.2786920047341456,-0.07382758359145906,1.6617940989237172,0.24089753526951235,-0.0730729833318539,1.6609761099930531,0.24089753526951235,-0.0730729833318539,1.6609761099930531,10.0,0.0,0.0,7.641409249865218,0.12735682083108696
0.9020000000000007,0.2787259670537056,-0.07382730969173962,1.661794227863088,0.24089753526951235,-0.0730729833318539,1.6609761099930531,0.24089753526951235,-0.0730729833318539,1.6609761099930531,10.0,0.0,0.0,7.641068217559555,0.12735113695932593
0.9030000000000007,0.2787596282129312,-0.07382698893646643,1.661794299972129,0.24089753526951235,-0.0730729833318539,1.6609761099930531,0.24089753526951235,-0.0730729833318539,1.6609761099930531,10.0,0.0,0.0,7.640724830562609,0.12734541384271017
0.9040000000000007,0.2787929897117451,-0.07382662185021657,1.661794315848191,0.24089753526951235,-0.0730729833318539,1.6609761099930531,0.24089753526951235,-0.0730729833318539,1.6609761099930531,10.0,0.0,0.0,7.640379127185449,0.12733965211975748
0.9050000000000007,0.27882605305186825,-0.07382620895584928,1.6617942760870898,0.24089753526951235,-0.0730729833318539,1.6609761099930531,0.24089753526951235,-0.0730729833318539,1.6609761099930531,10.0,0.0,0.0,7.640031145616195,0.1273338524269366
0.9060000000000007,0.27885881973670573,-0.07382575077446882,1.6617941812830663,0.24089753526951235,-0.0730729833318539,1.6609761099930531,0.24089753526951235,-0.0730729833318539,1.6609761099930531,10.0,0.0,0.0,7.639680923918942,0.12732801539864902
0.9070000000000007,0.27889129127123086,-0.07382524782538566,1.6617940320287323,0.24089753526951235,-0.0730729833318539,1.6609761099930531,0.24089753526951235,-0.0730729833318539,1.6609761099930531,10.0,0.0,0.0,7.639328500028988,0.1273221416671498
0.9080000000000007,0.27892346916187344,-0.07382470062608125,1.6617938289150245,0.24089753526951235,-0.0730729833318539,1.6609761099930531,0.24089753526951235,-0.0730729833318539,1.6609761099930531,10.0,0.0,0.0,7.63897391175116,0.12731623186251934
0.9090000000000007,0.2789553549164056,-0.07382410969217021,1.6617935725311601,0.24089753526951235,-0.0730729833318539,1.6609761099930531,0.24089753526951235,-0.0730729833318539,1.6609761099930531,10.0,0.0,0.0,7.638617196756818,0.12731028661261362
0.9100000000000007,0.27898695004383206,-0.07382347553736848,1.661793263464591,0.24089753526951235,-0.0730729833318539,1.6609761099930531,0.24089753526951235,-0.0730729833318539,1.6609761099930531,10.0,0.0,0.0,7.638258392580607,0.12730430654301012
0.9110000000000007,0.2790182560542787,-0.07382279867345556,1.661792902300956,0.24089753526951235,-0.0730729833318539,1.6609761099930531,0.24089753526951235,-0.0730729833318539,1.6609761099930531,10.0,0.0,0.0,7.637897536618592,0.12729829227697653
0.9120000000000007,0.2790492744588847,-0.07382207961024369,1.661792489624046,0.24089753526951235,-0.0730729833318539,1.6609761099930531,0.24089753526951235,-0.0730729833318539,1.6609761099930531,10.0,0.0,0.0,7.637534666125994,0.12729224443543324
0.9130000000000007,0.279080006769693,-0.07382131885554451,1.6617920260157506,0.24089753526951235,-0.0730729833318539,1.6609761099930531,0.24089753526951235,-0.0730729833318539,1.6609761099930531,10.0,0.0,0.0,7.6371698182126675,0.12728616363687778
0.9140000000000007,0.27911045449954497,-0.07382051691513727,1.6617915120560247,0.24089753526951235,-0.0730729833318539,1.6609761099930531,0.24089753526951235,-0.0730729833318539,1.6609761099930531,10.0,0.0,0.0,7.636803029843213,0.1272800504973869
0.9150000000000007,0.2791406191619714,-0.07381967429273835,1.6617909483228466,0.24089753526951235,-0.0730729833318539,1.6609761099930531,0.24089753526951235,-0.0730729833318539,1.6609761099930531,10.0,0.0,0.0,7.6364343378328705,0.12727390563054783
0.9160000000000007,0.2791705022710912,-0.07381879148997117,1.661790335392176,0.24089753526951235,-0.0730729833318539,1.6609761099930531,0.24089753526951235,-0.0730729833318539,1.6609761099930531,10.0,0.0,0.0,7.636063778845532,0.12726772964742553
0.9170000000000007,0.2792001053415046,-0.07381786900633569,1.6617896738379156,0.24089753526951235,-0.0730729833318539,1.6609761099930531,0.24089753526951235,-0.0730729833318539,1.6609761099930531,10.0,0.0,0.0,7.635691389391438,0.12726152315652398
0.9180000000000007,0.27922942988819166,-0.07381690733918181,1.6617889642318755,0.24089753526951235,-0.0730729833318539,1.6609761099930531,0.24089753526951235,-0.0730729833318539,1.6609761099930531,10.0,0.0,0.0,7.635317205824865,0.12725528676374775
0.9190000000000007,0.27925847742640963,-0.07381590698368073,1.6617882071437344,0.24089753526951235,-0.0730729833318539,1.6609761099930531,0.24089753526951235,-0.0730729833318539,1.6609761099930531,10.0,0.0,0.0,7.6349412643422205,0.12724902107237035
0.9200000000000007,0.2792872494715924,-0.07381486843279651,1.6617874031410034,0.24089753526951235,-0.0730729833318539,1.6609761099930531,0.24089753526951235,-0.0730729833318539,1.6609761099930531,10.0,0.0,0.0,7.634563600979035,0.12724272668298392
0.9210000000000007,0.27931574753925026,-0.07381379217726204,1.6617865527889906,0.24089753526951235,-0.0730729833318539,1.6609761099930531,0.24089753526951235,-0.0730729833318539,1.6609761099930531,10.0,0.0,0.0,7.634184251608791,0.12723640419347984
0.9220000000000007,0.2793439731448723,-0.0738126787055519,1.6617856566507674,0.24089753526951235,-0.0730729833318539,1.6609761099930531,0.24089753526951235,-0.0730729833318539,1.6609761099930531,10.0,0.0,0.0,7.63380325194019,0.12723005419900316
0.9230000000000007,0.2793719278038263,-0.07381152850385805,1.6617847152871337,0.24089753526951235,-0.0730729833318539,1.6609761099930531,0.24089753526951235,-0.0730729833318539,1.6609761099930531,10.0,0.0,0.0,7.633420637515272,0.1272236772919212
0.9240000000000007,0.2793996130312644,-0.07381034205606563,1.661783729256587,0.24089753526951235,-0.0730729833318539,1.6609761099930531,0.24089753526951235,-0.0730729833318539,1.6609761099930531,10.0,0.0,0.0,7.633036443707524,0.12721727406179206
0.9250000000000007,0.27942703034202626,-0.07380911984372975,1.661782699115287,0.24089753526951235,-0.0730729833318539,1.6609761099930531,0.24089753526951235,-0.0730729833318539,1.6609761099930531,10.0,0.0,0.0,7.63265070571948,0.12721084509532468
0.9260000000000007,0.279454181250544,-0.073807862346052,1.6617816254170281,0.24089753526951235,-0.0730729833318539,1.6609761099930531,0.24089753526951235,-0.0730729833318539,1.6609761099930531,10.0,0.0,0.0,7.632263458581667,0.1272043909763611
0.9270000000000007,0.27948106727074906,-0.07380657003985891,1.661780508713207,0.24089753526951235,-0.0730729833318539,1.6609761099930531,0.24089753526951235,-0.0730729833318539,1.6609761099930531,10.0,0.0,0.0,7.631874737149938,0.1271979122858323
0.9280000000000007,0.2795076899159791,-0.07380524339958072,1.6617793495527915,0.24089753526951235,-0.0730729833318539,1.6609761099930531,0.24089753526951235,-0.0730729833318539,1.6609761099930531,10.0,0.0,0.0,7.63148457610373,0.12719140960172884
0.9290000000000007,0.2795340506988866,-0.07380388289722947,1.661778148482295,0.24089753526951235,-0.0730729833318539,1.6609761099930531,0.24089753526951235,-0.0730729833318539,1.6609761099930531,10.0,0.0,0.0,7.631093009944926,0.1271848834990821
0.9300000000000007,0.2795601511313479,-0.07380248900238068,1.6617769060457455,0.24089753526951235,-0.0730729833318539,1.6609761099930531,0.24089753526951235,-0.0730729833318539,1.6609761099930531,10.0,0.0,0.0,7.630700072995353,0.12717833454992256
0.9310000000000007,0.279585992724374,-0.07380106218215268,1.6617756227846596,0.24089753526951235,-0.0730729833318539,1.6609761099930531,0.24089753526951235,-0.0730729833318539,1.6609761099930531,10.0,0.0,0.0,7.6303057993953685,0.12717176332325614
0.9320000000000007,0.27961157698802075,-0.07379960290118717,1.6617742992380145,0.24089753526951235,-0.0730729833318539,1.6609761099930531,0.24089753526951235,-0.0730729833318539,1.6609761099930531,10.0,0.0,0.0,7.629910223102604,0.1271651703850434
0.9330000000000007,0.27963690543130315,-0.07379811162163308,1.6617729359422242,0.24089753526951235,-0.0730729833318539,1.6609761099930531,0.24089753526951235,-0.0730729833318539,1.6609761099930531,10.0,0.0,0.0,7.62951337788976,0.12715855629816267
0.9340000000000007,0.27966197956210614,-0.07379658880312684,1.6617715334311138,0.24089753526951235,-0.0730729833318539,1.6609761099930531,0.24089753526951235,-0.0730729833318539,1.6609761099930531,10.0,0.0,0.0,7.629115297343401,0.12715192162239003
0.9350000000000007,0.2796868008871009,-0.07379503490277667,1.661770092235891,0.24089753526951235,-0.0730729833318539,1.6609761099930531,0.24089753526951235,-0.0730729833318539,1.6609761099930531,10.0,0.0,0.0,7.628716014862103,0.1271452669143684
0.9360000000000007,0.2797113709116592,-0.07379345037514595,1.661768612885128,0.24089753526951235,-0.0730729833318539,1.6609761099930531,0.24089753526951235,-0.0730729833318539,1.6609761099930531,10.0,0.0,0.0,7.628315563655507,0.1271385927275918
0.9370000000000007,0.2797356911397698,-0.07379183567223711,1.6617670959047361,0.24089753526951235,-0.0730729833318539,1.6609761099930531,0.24089753526951235,-0.0730729833318539,1.6609761099930531,10.0,0.0,0.0,7.6279139767425495,0.12713189961237584
0.9380000000000007,0.2797597630739559,-0.07379019124347659,1.6617655418179413,0.24089753526951235,-0.0730729833318539,1.6609761099930531,0.24089753526951235,-0.0730729833318539,1.6609761099930531,10.0,0.0,0.0,7.627511286949744,0.12712518811582907
0.9390000000000007,0.2797835882151931,-0.07378851753570037,1.6617639511452658,0.24089753526951235,-0.0730729833318539,1.6609761099930531,0.24089753526951235,-0.0730729833318539,1.6609761099930531,10.0,0.0,0.0,7.627107526910457,0.12711845878184094
0.9400000000000007,0.27980716806282874,-0.07378681499313947,1.6617623244045037,0.24089753526951235,-0.0730729833318539,1.6609761099930531,0.24089753526951235,-0.0730729833318539,1.6609761099930531,10.0,0.0,0.0,7.626702729063209,0.1271117121510535
0.9410000000000007,0.27983050411450233,-0.07378508405740755,1.6617606621107048,0.24089753526951235,-0.0730729833318539,1.6609761099930531,0.24089753526951235,-0.0730729833318539,1.6609761099930531,10.0,0.0,0.0,7.626296925650813,0.12710494876084688
0.9420000000000007,0.279853597866066,-0.07378332516748587,1.6617589647761513,0.24089753526951235,-0.0730729833318539,1.6609761099930531,0.24089753526951235,-0.0730729833318539,1.6609761099930531,10.0,0.0,0.0,7.62589014871832,0.12709816914530533
0.9430000000000007,0.2798764508115067,-0.07378153875971334,1.6617572329103385,0.24089753526951235,-0.0730729833318539,1.6609761099930531,0.24089753526951235,-0.0730729833318539,1.6609761099930531,10.0,0.0,0.0,7.625482430112232,0.12709137383520386
0.9440000000000007,0.2798990644428704,-0.07377972526777242,1.6617554670199584,0.24089753526951235,-0.0730729833318539,1.6609761099930531,0.24089753526951235,-0.0730729833318539,1.6609761099930531,10.0,0.0,0.0,7.625073801479927,0.12708456335799878
0.9450000000000007,0.27992144025018423,-0.07377788512267917,1.6617536676088813,0.24089753526951235,-0.0730729833318539,1.6609761099930531,0.24089753526951235,-0.0730729833318539,1.6609761099930531,10.0,0.0,0.0,7.6246642942679514,0.1270777382377992
0.9460000000000007,0.2799435797213843,-0.07377601875277248,1.66175183517814,0.24089753526951235,-0.0730729833318539,1.6609761099930531,0.24089753526951235,-0.0730729833318539,1.6609761099930531,10.0,0.0,0.0,7.624253939720511,0.12707089899534185
0.9470000000000007,0.2799654843422375,-0.07377412658370243,1.6617499702259078,0.24089753526951235,-0.0730729833318539,1.6609761099930531,0.24089753526951235,-0.0730729833318539,1.6609761099930531,10.0,0.0,0.0,7.6238427688790225,0.1270640461479837
0.9480000000000007,0.27998715559627163,-0.07377220903842135,1.6617480732474887,0.24089753526951235,-0.0730729833318539,1.6609761099930531,0.24089753526951235,-0.0730729833318539,1.6609761099930531,10.0,0.0,0.0,7.623430812581136,0.1270571802096856
0.9490000000000007,0.28000859496470243,-0.07377026653717482,1.6617461447352995,0.24089753526951235,-0.0730729833318539,1.6609761099930531,0.24089753526951235,-0.0730729833318539,1.6609761099930531,10.0,0.0,0.0,7.6230181014597225,0.12705030169099538
0.9500000000000007,0.2800298039263611,-0.07376829949749232,1.6617441851788533,0.24089753526951235,-0.0730729833318539,1.6609761099930531,0.24089753526951235,-0.0730729833318539,1.6609761099930531,10.0,0.0,0.0,7.622604665941422,0.1270434110990237
0.9510000000000007,0.280050783957626,-0.0737663083341784,1.6617421950647477,0.24089753526951235,-0.0730729833318539,1.6609761099930531,0.24089753526951235,-0.0730729833318539,1.6609761099930531,10.0,0.0,0.0,7.622190536246487,0.12703650893744145
0.9520000000000007,0.28007153653235173,-0.0737642934593057,1.661740174876652,0.24089753526951235,-0.0730729833318539,1.6609761099930531,0.24089753526951235,-0.0730729833318539,1.6609761099930531,10.0,0.0,0.0,7.621775742387282,0.1270295957064547
0.9530000000000007,0.28009206312180013,-0.07376225528220723,1.6617381250952892,0.24089753526951235,-0.0730729833318539,1.6609761099930531,0.24089753526951235,-0.0730729833318539,1.6609761099930531,10.0,0.0,0.0,7.621360314167816,0.12702267190279695
0.9540000000000007,0.28011236519457516,-0.0737601942094688,1.6617360461984299,0.24089753526951235,-0.0730729833318539,1.6609761099930531,0.24089753526951235,-0.0730729833318539,1.6609761099930531,10.0,0.0,0.0,7.620944281182785,0.12701573801971308
0.9550000000000007,0.28013244421655326,-0.07375811064492341,1.6617339386608745,0.24089753526951235,-0.0730729833318539,1.6609761099930531,0.24089753526951235,-0.0730729833318539,1.6609761099930531,10.0,0.0,0.0,7.6205276728166975,0.12700879454694497
0.9560000000000007,0.28015230165081917,-0.07375600498964435,1.6617318029544466,0.24089753526951235,-0.0730729833318539,1.6609761099930531,0.24089753526951235,-0.0730729833318539,1.6609761099930531,10.0,0.0,0.0,7.620110518242529,0.12700184197070882
0.9570000000000007,0.2801719389576022,-0.07375387764193991,1.6617296395479773,0.24089753526951235,-0.0730729833318539,1.6609761099930531,0.24089753526951235,-0.0730729833318539,1.6609761099930531,10.0,0.0,0.0,7.619692846424424,0.12699488077374038
0.9580000000000007,0.28019135759420916,-0.07375172899734857,1.6617274489073,0.24089753526951235,-0.0730729833318539,1.6609761099930531,0.24089753526951235,-0.0730729833318539,1.6609761099930531,10.0,0.0,0.0,7.619274686111861,0.1269879114351977
0.9590000000000007,0.28021055901496406,-0.07374955944863287,1.6617252314952344,0.24089753526951235,-0.0730729833318539,1.6609761099930531,0.24089753526951235,-0.0730729833318539,1.6609761099930531,10.0,0.0,0.0,7.618856065841838,0.1269809344306973
0.9600000000000007,0.2802295446711448,-0.0737473693857773,1.6617229877715847,0.24089753526951235,-0.0730729833318539,1.6609761099930531,0.24089753526951235,-0.0730729833318539,1.6609761099930531,10.0,0.0,0.0,7.618437013938603,0.12697395023231006
0.9610000000000007,0.280248316010922,-0.07374515919598135,1.6617207181931237,0.24089753526951235,-0.0730729833318539,1.6609761099930531,0.24089753526951235,-0.0730729833318539,1.6609761099930531,10.0,0.0,0.0,7.618017558511661,0.1269669593085277
0.9620000000000007,0.2802668744792987,-0.07374292926365891,1.661718423213588,0.24089753526951235,-0.0730729833318539,1.6609761099930531,0.24089753526951235,-0.0730729833318539,1.6609761099930531,10.0,0.0,0.0,7.617597727456545,0.12695996212427574
0.9630000000000007,0.2802852215180506,-0.07374067997043274,1.6617161032836696,0.24089753526951235,-0.0730729833318539,1.6609761099930531,0.24089753526951235,-0.0730729833318539,1.6609761099930531,10.0,0.0,0.0,7.6171775484535775,0.12695295914089297
0.9640000000000007,0.28030335856566724,-0.07373841169513314,1.661713758851008,0.24089753526951235,-0.0730729833318539,1.6609761099930531,0.24089753526951235,-0.0730729833318539,1.6609761099930531,10.0,0.0,0.0,7.616757048967651,0.12694595081612753
0.9650000000000007,0.2803212870572956,-0.0737361248137949,1.661711390360184,0.24089753526951235,-0.0730729833318539,1.6609761099930531,0.24089753526951235,-0.0730729833318539,1.6609761099930531,10.0,0.0,0.0,7.616336256247543,0.12693893760412572
0.9660000000000007,0.2803390084246804,-0.07373381969965509,1.6617089982527125,0.24089753526951235,-0.0730729833318539,1.6609761099930531,0.24089753526951235,-0.0730729833318539,1.6609761099930531,10.0,0.0,0.0,7.615915197325604,0.12693191995542674
0.9670000000000007,0.28035652409611234,-0.07373149672315285,1.6617065829670392,0.24089753526951235,-0.0730729833318539,1.6609761099930531,0.24089753526951235,-0.0730729833318539,1.6609761099930531,10.0,0.0,0.0,7.615493899017412,0.12692489831695689
0.9680000000000007,0.2803738354963668,-0.07372915625192511,1.6617041449385281,0.24089753526951235,-0.0730729833318539,1.6609761099930531,0.24089753526951235,-0.0730729833318539,1.6609761099930531,10.0,0.0,0.0,7.615072387921156,0.12691787313201927
0.9690000000000007,0.2803909440466562,-0.07372679865080936,1.6617016845994659,0.24089753526951235,-0.0730729833318539,1.6609761099930531,0.24089753526951235,-0.0730729833318539,1.6609761099930531,10.0,0.0,0.0,7.614650690418308,0.12691084484030515
0.9700000000000008,0.2804078511645712,-0.07372442428184003,1.66169920237905,0.24089753526951235,-0.0730729833318539,1.6609761099930531,0.24089753526951235,-0.0730729833318539,1.6609761099930531,10.0,0.0,0.0,7.61422883267144,0.12690381387785735
0.9710000000000008,0.2804245582640302,-0.0737220335042495,1.6616966987033865,0.24089753526951235,-0.0730729833318539,1.6609761099930531,0.24089753526951235,-0.0730729833318539,1.6609761099930531,10.0,0.0,0.0,7.613806840625594,0.12689678067709323
0.9720000000000008,0.28044106675522806,-0.07371962667446863,1.6616941739954896,0.24089753526951235,-0.0730729833318539,1.6609761099930531,0.24089753526951235,-0.0730729833318539,1.6609761099930531,10.0,0.0,0.0,7.613384740007573,0.1268897456667929
0.9730000000000008,0.2804573780445836,-0.07371720414612622,1.6616916286752712,0.24089753526951235,-0.0730729833318539,1.6609761099930531,0.24089753526951235,-0.0730729833318539,1.6609761099930531,10.0,0.0,0.0,7.6129625563251775,0.12688270927208628
0.9740000000000008,0.28047349353469064,-0.07371476627004998,1.6616890631595462,0.24089753526951235,-0.0730729833318539,1.6609761099930531,0.24089753526951235,-0.0730729833318539,1.6609761099930531,10.0,0.0,0.0,7.612540314867923,0.1268756719144654
0.9750000000000008,0.28048941462426696,-0.0737123133942685,1.6616864778620235,0.24089753526951235,-0.0730729833318539,1.6609761099930531,0.24089753526951235,-0.0730729833318539,1.6609761099930531,10.0,0.0,0.0,7.612118040705967,0.12686863401176612
0.9760000000000008,0.28050514270810784,-0.0737098458640111,1.661683873193307,0.24089753526951235,-0.0730729833318539,1.6609761099930531,0.24089753526951235,-0.0730729833318539,1.6609761099930531,10.0,0.0,0.0,7.611695758690725,0.12686159597817875
0.9770000000000008,0.28052067917703705,-0.07370736402171096,1.6616812495608948,0.24089753526951235,-0.0730729833318539,1.6609761099930531,0.24089753526951235,-0.0730729833318539,1.6609761099930531,10.0,0.0,0.0,7.611273493454182,0.12685455822423636
0.9780000000000008,0.2805360254178593,-0.07370486820700638,1.6616786073691712,0.24089753526951235,-0.0730729833318539,1.6609761099930531,0.24089753526951235,-0.0730729833318539,1.6609761099930531,10.0,0.0,0.0,7.610851269408707,0.12684752115681178
0.9790000000000008,0.2805511828133159,-0.07370235875674344,1.661675947019419,0.24089753526951235,-0.0730729833318539,1.6609761099930531,0.24089753526951235,-0.0730729833318539,1.6609761099930531,10.0,0.0,0.0,7.610429110747355,0.12684048517912258
0.9800000000000008,0.2805661527420376,-0.07369983600497748,1.6616732689098024,0.24089753526951235,-0.0730729833318539,1.6609761099930531,0.24089753526951235,-0.0730729833318539,1.6609761099930531,10.0,0.0,0.0,7.610007041445245,0.12683345069075408
0.9810000000000008,0.28058093657850053,-0.07369730028297804,1.6616705734353812,0.24089753526951235,-0.0730729833318539,1.6609761099930531,0.24089753526951235,-0.0730729833318539,1.6609761099930531,10.0,0.0,0.0,7.609585085256594,0.1268264180876099
0.9820000000000008,0.2805955356929831,-0.07369475191923032,1.6616678609881008,0.24089753526951235,-0.0730729833318539,1.6609761099930531,0.24089753526951235,-0.0730729833318539,1.6609761099930531,10.0,0.0,0.0,7.6091632657161,0.126819387761935
0.9830000000000008,0.2806099514515219,-0.07369219123943896,1.6616651319567997,0.24089753526951235,-0.0730729833318539,1.6609761099930531,0.24089753526951235,-0.0730729833318539,1.6609761099930531,10.0,0.0,0.0,7.608741606139432,0.12681236010232386
0.9840000000000008,0.2806241852158704,-0.07368961856653256,1.6616623867272056,0.24089753526951235,-0.0730729833318539,1.6609761099930531,0.24089753526951235,-0.0730729833318539,1.6609761099930531,10.0,0.0,0.0,7.60832012962282,0.12680533549371367
0.9850000000000008,0.28063823834345664,-0.07368703422066648,1.661659625681939,0.24089753526951235,-0.0730729833318539,1.6609761099930531,0.24089753526951235,-0.0730729833318539,1.6609761099930531,10.0,0.0,0.0,7.6078988590435195,0.126798314317392
0.9860000000000008,0.28065211218734276,-0.0736844385192281,1.6616568492005146,0.24089753526951235,-0.0730729833318539,1.6609761099930531,0.24089753526951235,-0.0730729833318539,1.6609761099930531,10.0,0.0,0.0,7.607477817059303,0.1267912969509884
0.9870000000000008,0.28066580809618513,-0.07368183177684023,1.661654057659342,0.24089753526951235,-0.0730729833318539,1.6609761099930531,0.24089753526951235,-0.0730729833318539,1.6609761099930531,10.0,0.0,0.0,7.607057026108892,0.12678428376848153
0.9880000000000008,0.2806793274141953,-0.07367921430536759,1.6616512514317299,0.24089753526951235,-0.0730729833318539,1.6609761099930531,0.24089753526951235,-0.0730729833318539,1.6609761099930531,10.0,0.0,0.0,7.606636508412416,0.12677727514020692
0.9890000000000008,0.2806926714811007,-0.07367658641391935,1.6616484308878858,0.24089753526951235,-0.0730729833318539,1.6609761099930531,0.24089753526951235,-0.0730729833318539,1.6609761099930531,10.0,0.0,0.0,7.6062162859709606,0.12677027143284933
0.9900000000000008,0.2807058416321081,-0.07367394840885733,1.661645596394922,0.24089753526951235,-0.0730729833318539,1.6609761099930531,0.24089753526951235,-0.0730729833318539,1.6609761099930531,10.0,0.0,0.0,7.60579638056738,0.12676327300945633
0.9910000000000008,0.28071883919786544,-0.07367130059379877,1.661642748316857,0.24089753526951235,-0.0730729833318539,1.6609761099930531,0.24089753526951235,-0.0730729833318539,1.6609761099930531,10.0,0.0,0.0,7.605376813765704,0.1267562802294284
0.9920000000000008,0.2807316655044262,-0.0736686432696231,1.6616398870146187,0.24089753526951235,-0.0730729833318539,1.6609761099930531,0.24089753526951235,-0.0730729833318539,1.6609761099930531,10.0,0.0,0.0,7.604957606912208,0.1267492934485368
0.9930000000000008,0.2807443218732142,-0.07366597673447886,1.6616370128460494,0.24089753526951235,-0.0730729833318539,1.6609761099930531,0.24089753526951235,-0.0730729833318539,1.6609761099930531,10.0,0.0,0.0,7.604538781135253,0.1267423130189209
0.9940000000000008,0.2807568096209868,-0.07366330128378787,1.6616341261659087,0.24089753526951235,-0.0730729833318539,1.6609761099930531,0.24089753526951235,-0.0730729833318539,1.6609761099930531,10.0,0.0,0.0,7.604120357345641,0.12673533928909403
0.9950000000000008,0.28076913005980364,-0.07366061721025371,1.6616312273258793,0.24089753526951235,-0.0730729833318539,1.6609761099930531,0.24089753526951235,-0.0730729833318539,1.6609761099930531,10.0,0.0,0.0,7.603702356236754,0.1267283726039459
0.9960000000000008,0.2807812844969916,-0.07365792480386679,1.6616283166745698,0.24089753526951235,-0.0730729833318539,1.6609761099930531,0.24089753526951235,-0.0730729833318539,1.6609761099930531,10.0,0.0,0.0,7.603284798285154,0.12672141330475256
0.9970000000000008,0.28079327423511113,-0.07365522435191114,1.6616253945575208,0.24089753526951235,-0.0730729833318539,1.6609761099930531,0.24089753526951235,-0.0730729833318539,1.6609761099930531,10.0,0.0,0.0,7.602867703750673,0.12671446172917789
0.9980000000000008,0.2808051005719268,-0.07365251613897289,1.661622461317211,0.24089753526951235,-0.0730729833318539,1.6609761099930531,0.24089753526951235,-0.0730729833318539,1.6609761099930531,10.0,0.0,0.0,7.602451092676819,0.12670751821128032
0.9990000000000008,0.28081676480037365,-0.07364980044694598,1.6616195172930608,0.24089753526951235,-0.0730729833318539,1.6609761099930531,0.24089753526951235,-0.0730729833318539,1.6609761099930531,10.0,0.0,0.0,7.602034984891265,0.12670058308152107
1.0000000000000007,0.2808282682085276,-0.07364707755504019,1.6616165628214385,0.24089753526951235,-0.0730729833318539,1.6609761099930531,0.24089753526951235,-0.0730729833318539,1.6609761099930531,10.0,0.0,0.0,7.601619400006042,0.12669365666676738
1.0010000000000006,0.2808396120795755,-0.07364434773978817,1.6616135982356668,0.24089753526951235,-0.0730729833318539,1.6609761099930531,0.24089753526951235,-0.0730729833318539,1.6609761099930531,0.0,0.0,0.0,7.601204357418022,0.12668673929030036
1.0020000000000004,0.2808436716168618,-0.07364527058752109,1.6616151312680878,0.24089753526951235,-0.0730729833318539,1.6609761099930531,0.24089753526951235,-0.0730729833318539,1.6609761099930531,0.0,0.0,0.0,7.430209141134067,0.12383681901890112
1.0030000000000003,0.2808408590600811,-0.07364953615626485,1.6616208018571288,0.24089753526951235,-0.0730729833318539,1.6609761099930531,0.24089753526951235,-0.0730729833318539,1.6609761099930531,0.0,0.0,0.0,7.26949451022881,0.12115824183714684
1.0040000000000002,0.2808315611166939,-0.07365685599248087,1.6616302733038584,0.24089753526951235,-0.0730729833318539,1.6609761099930531,0.24089753526951235,-0.0730729833318539,1.6609761099930531,0.0,0.0,0.0,7.118414422878515,0.11864024038130858
1.0050000000000001,0.2808161410596256,-0.07366696132650688,1.6616432310186189,0.24089753526951235,-0.0730729833318539,1.6609761099930531,0.24089753526951235,-0.0730729833318539,1.6609761099930531,0.0,0.0,0.0,6.9763674038193795,0.11627279006365633
1.006,0.2807949402950178,-0.07367960168353915,1.661659381087061,0.24089753526951235,-0.0730729833318539,1.6609761099930531,0.24089753526951235,-0.0730729833318539,1.6609761099930531,0.0,0.0,0.0,6.842792068537124,0.11404653447561873
1.007,0.2807682797486028,-0.07369454363788472,1.6616784488969054,0.24089753526951235,-0.0730729833318539,1.6609761099930531,0.24089753526951235,-0.0730729833318539,1.6609761099930531,0.0,0.0,0.0,6.717163793450931,0.11195272989084885
1.0079999999999998,0.2807364611330253,-0.07371156966623726,1.661700177826615,0.24089753526951235,-0.0730729833318539,1.6609761099930531,0.24089753526951235,-0.0730729833318539,1.6609761099930531,0.0,0.0,0.0,6.598992390769968,0.1099832065128328
1.0089999999999997,0.28069976811917074,-0.07373047708737185,1.661724328001204,0.24089753526951235,-0.0730729833318539,1.6609761099930531,0.24089753526951235,-0.0730729833318539,1.6609761099930531,0.0,0.0,0.0,6.487820019802173,0.10813033366336956
1.0099999999999996,0.280658467424237,-0.0737510770805464,1.6617506751196014,0.24089753526951235,-0.0730729833318539,1.6609761099930531,0.24089753526951235,-0.0730729833318539,1.6609761099930531,0.0,0.0,0.0,6.3832191724435905,0.10638698620739317
1.0109999999999995,0.2806128098259515,-0.07377319377595394,1.6617790093565448,0.24089753526951235,-0.0730729833318539,1.6609761099930531,0.24089753526951235,-0.0730729833318539,1.6609761099930531,0.0,0.0,0.0,6.284790704983933,0.10474651174973221
1.0119999999999993,0.2805630311107865,-0.07379666341112867,1.6618091343405432,0.24089753526951235,-0.0730729833318539,1.6609761099930531,0.24089753526951235,-0.0730729833318539,1.6609761099930531,0.0,0.0,0.0,6.192161920828838,0.10320269868048063
1.0129999999999992,0.2805093529629268,-0.07382133354767181,1.6618408662079862,0.24089753526951235,-0.0730729833318539,1.6609761099930531,0.24089753526951235,-0.0730729833318539,1.6609761099930531,0.0,0.0,0.0,6.1049847158614305,0.10174974526435718
1.0139999999999991,0.2804519837998249,-0.07384706234311347,1.6618740327322432,0.24089753526951235,-0.0730729833318539,1.6609761099930531,0.24089753526951235,-0.0730729833318539,1.6609761099930531,0.0,0.0,0.0,6.0229337986648925,0.1003822299777482
1.014999999999999,0.2803911195593368,-0.07387371787315743,1.6619084725254165,0.24089753526951235,-0.0730729833318539,1.6609761099930531,0.24089753526951235,-0.0730729833318539,1.6609761099930531,0.0,0.0,0.0,5.945704996386168,0.0990950832731028
1.015999999999999,0.2803269444426888,-0.07390117749996025,1.6619440343095058,0.24089753526951235,-0.0730729833318539,1.6609761099930531,0.24089753526951235,-0.0730729833318539,1.6609761099930531,0.0,0.0,0.0,5.873013654978887,0.0978835609163148
1.0169999999999988,0.2802596316168474,-0.07392932728250437,1.6619805762529476,0.24089753526951235,-0.0730729833318539,1.6609761099930531,0.24089753526951235,-0.0730729833318539,1.6609761099930531,0.0,0.0,0.0,5.804593140297452,0.09674321900495754
1.0179999999999987,0.2801893438792743,-0.07395806142548227,1.6620179653679403,0.24089753526951235,-0.0730729833318539,1.6609761099930531,0.24089753526951235,-0.0730729833318539,1.6609761099930531,0.0,0.0,0.0,5.7401934442195905,0.09566989073699318
1.0189999999999986,0.28011623428755217,-0.07398728176346343,1.6620560769635568,0.24089753526951235,-0.0730729833318539,1.6609761099930531,0.24089753526951235,-0.0730729833318539,1.6609761099930531,0.0,0.0,0.0,5.679579897743476,0.09465966496239127
1.0199999999999985,0.28004044675591144,-0.07401689727744784,1.6620947941494213,0.24089753526951235,-0.0730729833318539,1.6609761099930531,0.24089753526951235,-0.0730729833318539,1.6609761099930531,0.0,0.0,0.0,5.622531990931923,0.09370886651553205
1.0209999999999984,0.2799621166203844,-0.07404682364119967,1.6621340073846882,0.24089753526951235,-0.0730729833318539,1.6609761099930531,0.24089753526951235,-0.0730729833318539,1.6609761099930531,0.0,0.0,0.0,5.568842297686323,0.09281403829477204
1.0219999999999982,0.27988137117397455,-0.07407698279504453,1.6621736140670886,0.24089753526951235,-0.0730729833318539,1.6609761099930531,0.24089753526951235,-0.0730729833318539,1.6609761099930531,0.0,0.0,0.0,5.518315501690446,0.0919719250281741
1.0229999999999981,0.27979833017304806,-0.07410730254505642,1.6622135181570314,0.24089753526951235,-0.0730729833318539,1.6609761099930531,0.24089753526951235,-0.0730729833318539,1.6609761099930531,0.0,0.0,0.0,5.47076751849151,0.09117945864152516
1.023999999999998,0.2797131063160065,-0.07413771618580237,1.6622536298320405,0.24089753526951235,-0.0730729833318539,1.6609761099930531,0.24089753526951235,-0.0730729833318539,1.6609761099930531,0.0,0.0,0.0,5.426024707578398,0.09043374512630663
1.024999999999998,0.27962580569514206,-0.07416816214500446,1.6622938651671155,0.24089753526951235,-0.0730729833318539,1.6609761099930531,0.24089753526951235,-0.0730729833318539,1.6609761099930531,0.0,0.0,0.0,5.383923167494511,0.08973205279157519
1.0259999999999978,0.2795365282225654,-0.07419858364867768,1.6623341458371181,0.24089753526951235,-0.0730729833318539,1.6609761099930531,0.24089753526951235,-0.0730729833318539,1.6609761099930531,0.0,0.0,0.0,5.344308106484725,0.08907180177474541
1.0269999999999977,0.27944536803102493,-0.07422892840545402,1.6623743988376332,0.24089753526951235,-0.0730729833318539,1.6609761099930531,0.24089753526951235,-0.0730729833318539,1.6609761099930531,0.0,0.0,0.0,5.307033280857962,0.08845055468096603
1.0279999999999976,0.2793524138504504,-0.074259148308951,1.6624145562213049,0.24089753526951235,-0.0730729833318539,1.6609761099930531,0.24089753526951235,-0.0730729833318539,1.6609761099930531,0.0,0.0,0.0,5.271960493210451,0.08786600822017418
1.0289999999999975,0.2792577493610613,-0.0742891991571676,1.6624545548470848,0.24089753526951235,-0.0730729833318539,1.6609761099930531,0.24089753526951235,-0.0730729833318539,1.6609761099930531,0.0,0.0,0.0,5.238959142777252,0.0873159857129542
1.0299999999999974,0.27916145352390503,-0.07431904038799317,1.6624943361402795,0.24089753526951235,-0.0730729833318539,1.6609761099930531,0.24089753526951235,-0.0730729833318539,1.6609761099930531,0.0,0.0,0.0,5.207905820511308,0.08679843034185514
1.0309999999999973,0.2790636008897377,-0.07434863483001038,1.6625338458617498,0.24089753526951235,-0.0730729833318539,1.6609761099930531,0.24089753526951235,-0.0730729833318539,1.6609761099930531,0.0,0.0,0.0,5.178683941951698,0.08631139903252831
1.0319999999999971,0.2789642618871875,-0.0743779484678492,1.662573033884991,0.24089753526951235,-0.0730729833318539,1.6609761099930531,0.24089753526951235,-0.0730729833318539,1.6609761099930531,0.0,0.0,0.0,5.151183411511439,0.08585305685852399
1.032999999999997,0.2788635030911799,-0.07440695022140804,1.6626118539801755,0.24089753526951235,-0.0730729833318539,1.6609761099930531,0.24089753526951235,-0.0730729833318539,1.6609761099930531,0.0,0.0,0.0,5.125300312473434,0.08542167187455724
1.033999999999997,0.27876138747263923,-0.07443561173831775,1.6626502636045741,0.24089753526951235,-0.0730729833318539,1.6609761099930531,0.24089753526951235,-0.0730729833318539,1.6609761099930531,0.0,0.0,0.0,5.100936617692847,0.08501561029488078
1.0349999999999968,0.2786579746305059,-0.07446390719906157,1.6626882236990226,0.24089753526951235,-0.0730729833318539,1.6609761099930531,0.24089753526951235,-0.0730729833318539,1.6609761099930531,0.0,0.0,0.0,5.077999916720948,0.08463333194534914
1.0359999999999967,0.2785533210071244,-0.07449181313419803,1.6627256984903214,0.24089753526951235,-0.0730729833318539,1.6609761099930531,0.24089753526951235,-0.0730729833318539,1.6609761099930531,0.0,0.0,0.0,5.056403155796037,0.08427338592993396
1.0369999999999966,0.2784474800880621,-0.07451930825316597,1.662762655299622,0.24089753526951235,-0.0730729833318539,1.6609761099930531,0.24089753526951235,-0.0730729833318539,1.6609761099930531,0.0,0.0,0.0,5.036064387841337,0.0839344064640223
1.0379999999999965,0.2783405025874136,-0.07454637328416137,1.6627990643569648,0.24089753526951235,-0.0730729833318539,1.6609761099930531,0.24089753526951235,-0.0730729833318539,1.6609761099930531,0.0,0.0,0.0,5.016906530275219,0.08361510883792031
1.0389999999999964,0.27823243661963576,-0.07457299082460105,1.662834898622249,0.24089753526951235,-0.0730729833318539,1.6609761099930531,0.24089753526951235,-0.0730729833318539,1.6609761099930531,0.0,0.0,0.0,4.9988571290365105,0.08331428548394185
1.0399999999999963,0.27812332785892496,-0.07459914520169303,1.6628701336129041,0.24089753526951235,-0.0730729833318539,1.6609761099930531,0.24089753526951235,-0.0730729833318539,1.6609761099930531,0.0,0.0,0.0,4.981848127766803,0.08303080212944672
1.0409999999999962,0.27801321968712267,-0.0746248223426454,1.6629047472386014,0.24089753526951235,-0.0730729833318539,1.6609761099930531,0.24089753526951235,-0.0730729833318539,1.6609761099930531,0.0,0.0,0.0,4.965815641558739,0.08276359402597898
1.041999999999996,0.2779021533310848,-0.07465000965404918,1.6629387196432739,0.24089753526951235,-0.0730729833318539,1.6609761099930531,0.24089753526951235,-0.0730729833318539,1.6609761099930531,0.0,0.0,0.0,4.950699735066536,0.08251166225110892
1.042999999999996,0.27779016799040546,-0.07467469590997869,1.6629720330547073,0.24089753526951235,-0.0730729833318539,1.6609761099930531,0.24089753526951235,-0.0730729833318539,1.6609761099930531,0.0,0.0,0.0,4.936444205091667,0.08227407008486112
1.0439999999999958,0.27767730095633386,-0.0746988711483543,1.6630046716419014,0.24089753526951235,-0.0730729833318539,1.6609761099930531,0.24089753526951235,-0.0730729833318539,1.6609761099930531,0.0,0.0,0.0,4.922996367992819,0.08204993946654698
1.0449999999999957,0.277563587722653,-0.07472252657511821,1.6630366213803158,0.24089753526951235,-0.0730729833318539,1.6609761099930531,0.24089753526951235,-0.0730729833318539,1.6609761099930531,0.0,0.0,0.0,4.910306852441781,0.08183844754069634
1.0459999999999956,0.2774490620892444,-0.07474565447577824,1.6630678699250696,0.24089753526951235,-0.0730729833318539,1.6609761099930531,0.24089753526951235,-0.0730729833318539,1.6609761099930531,0.0,0.0,0.0,4.898329398149021,0.08163882330248368
1.0469999999999955,0.2773337562589859,-0.07476824813387895,1.6630984064920513,0.24089753526951235,-0.0730729833318539,1.6609761099930531,0.24089753526951235,-0.0730729833318539,1.6609761099930531,0.0,0.0,0.0,4.887020661231382,0.08145034435385637
1.0479999999999954,0.27721770092857695,-0.0747903017559659,1.663128221746846,0.24089753526951235,-0.0730729833318539,1.6609761099930531,0.24089753526951235,-0.0730729833318539,1.6609761099930531,0.0,0.0,0.0,4.876340026891174,0.08127233378151956
1.0489999999999953,0.2771009253738215,-0.07481181040261622,1.663157307701305,0.24089753526951235,-0.0730729833318539,1.6609761099930531,0.24089753526951235,-0.0730729833318539,1.6609761099930531,0.0,0.0,0.0,4.866249430036442,0.08110415716727402
1.0499999999999952,0.27698345752984377,-0.07483276992512172,1.6631856576175006,0.24089753526951235,-0.0730729833318539,1.6609761099930531,0.24089753526951235,-0.0730729833318539,1.6609761099930531,0.0,0.0,0.0,4.856713184385833,0.08094521973976389
1.050999999999995,0.27686532406664827,-0.07485317690740839,1.6632132659187775,0.24089753526951235,-0.0730729833318539,1.6609761099930531,0.24089753526951235,-0.0730729833318539,1.6609761099930531,0.0,0.0,0.0,4.847697820515906,0.0807949636752651
1.051999999999995,0.27674655046040514,-0.07487302861280812,1.6632401281075397,0.24089753526951235,-0.0730729833318539,1.6609761099930531,0.24089753526951235,-0.0730729833318539,1.6609761099930531,0.0,0.0,0.0,4.839171933173726,0.08065286555289544
1.0529999999999948,0.27662716106076557,-0.07489232293529259,1.6632662406893897,0.24089753526951235,-0.0730729833318539,1.6609761099930531,0.24089753526951235,-0.0730729833318539,1.6609761099930531,0.0,0.0,0.0,4.831106038068234,0.0805184339678039
1.0539999999999947,0.27650717915449863,-0.07491105835480416,1.6632916011031909,0.24089753526951235,-0.0730729833318539,1.6609761099930531,0.24089753526951235,-0.0730729833318539,1.6609761099930531,0.0,0.0,0.0,4.823472438205422,0.0803912073034237
1.0549999999999946,0.27638662702568695,-0.07492923389633646,1.663316207656628,0.24089753526951235,-0.0730729833318539,1.6609761099930531,0.24089753526951235,-0.0730729833318539,1.6609761099930531,0.0,0.0,0.0,4.816245099724069,0.08027075166206782
1.0559999999999945,0.27626552601268906,-0.07494684909242712,1.663340059466812,0.24089753526951235,-0.0730729833318539,1.6609761099930531,0.24089753526951235,-0.0730729833318539,1.6609761099930531,0.0,0.0,0.0,4.809399537053448,0.0801566589508908
1.0569999999999944,0.27614389656205607,-0.07496390394874762,1.6633631564054958,0.24089753526951235,-0.0730729833318539,1.6609761099930531,0.24089753526951235,-0.0730729833318539,1.6609761099930531,0.0,0.0,0.0,4.80291270711338,0.08004854511855634
1.0579999999999943,0.27602175827955644,-0.07498039891249951,1.6633854990484616,0.24089753526951235,-0.0730729833318539,1.6609761099930531,0.24089753526951235,-0.0730729833318539,1.6609761099930531,0.0,0.0,0.0,4.79676291218152,0.07994604853635866
1.0589999999999942,0.27589912997845206,-0.07499633484333285,1.6634070886286703,0.24089753526951235,-0.0730729833318539,1.6609761099930531,0.24089753526951235,-0.0730729833318539,1.6609761099930531,0.0,0.0,0.0,4.790929710971591,0.07984882851619318
1.059999999999994,0.27577602972515125,-0.07501171298653739,1.663427926992778,0.24089753526951235,-0.0730729833318539,1.6609761099930531,0.24089753526951235,-0.0730729833318539,1.6609761099930531,0.0,0.0,0.0,4.785393837403821,0.07975656395673035
1.060999999999994,0.27565247488234895,-0.07502653494826757,1.6634480165606607,0.24089753526951235,-0.0730729833318539,1.6609761099930531,0.24089753526951235,-0.0730729833318539,1.6609761099930531,0.0,0.0,0.0,4.7801371265071335,0.07966895210845222
1.0619999999999938,0.2755284821497628,-0.0750408026725849,1.6634673602876038,0.24089753526951235,-0.0730729833318539,1.6609761099930531,0.24089753526951235,-0.0730729833318539,1.6609761099930531,0.0,0.0,0.0,4.775142446859667,0.07958570744766112
1.0629999999999937,0.27540406760255903,-0.07505451842012426,1.6634859616288702,0.24089753526951235,-0.0730729833318539,1.6609761099930531,0.24089753526951235,-0.0730729833318539,1.6609761099930531,0.0,0.0,0.0,4.7703936389636965,0.07950656064939494
1.0639999999999936,0.2752792467275668,-0.07506768474820444,1.6635038245063725,0.24089753526951235,-0.0730729833318539,1.6609761099930531,0.24089753526951235,-0.0730729833318539,1.6609761099930531,0.0,0.0,0.0,4.765875458954022,0.0794312576492337
1.0649999999999935,0.2751540344573675,-0.07508030449222772,1.663520953277219,0.24089753526951235,-0.0730729833318539,1.6609761099930531,0.24089753526951235,-0.0730729833318539,1.6609761099930531,0.0,0.0,0.0,4.76157352705222,0.07935955878420367
1.0659999999999934,0.27502844520235237,-0.07509238074822769,1.6635373527039334,0.24089753526951235,-0.0730729833318539,1.6609761099930531,0.24089753526951235,-0.0730729833318539,1.6609761099930531,0.0,0.0,0.0,4.75747428020367,0.0792912380033945
1.0669999999999933,0.27490249288083485,-0.0751039168564398,1.6635530279261865,0.24089753526951235,-0.0730729833318539,1.6609761099930531,0.24089753526951235,-0.0730729833318539,1.6609761099930531,0.0,0.0,0.0,4.753564928375699,0.07922608213959498
1.0679999999999932,0.274776190947309,-0.07511491638579226,1.6635679844338955,0.24089753526951235,-0.0730729833318539,1.6609761099930531,0.24089753526951235,-0.0730729833318539,1.6609761099930531,0.0,0.0,0.0,4.749833414025179,0.07916389023375299
1.068999999999993,0.27464955241894096,-0.07512538311922093,1.663582228041586,0.24089753526951235,-0.0730729833318539,1.6609761099930531,0.24089753526951235,-0.0730729833318539,1.6609761099930531,0.0,0.0,0.0,4.74626837430557,0.07910447290509284
1.069999999999993,0.27452258990038425,-0.07513532103972911,1.6635957648639146,0.24089753526951235,-0.0730729833318539,1.6609761099930531,0.24089753526951235,-0.0730729833318539,1.6609761099930531,0.0,0.0,0.0,4.742859105618346,0.07904765176030577
1.0709999999999928,0.274395315607006,-0.0751447343171295,1.6636086012923015,0.24089753526951235,-0.0730729833318539,1.6609761099930531,0.24089753526951235,-0.0730729833318539,1.6609761099930531,0.0,0.0,0.0,4.739595530177468,0.07899325883629113
1.0719999999999927,0.27426774138661436,-0.07515362729540702,1.6636207439726074,0.24089753526951235,-0.0730729833318539,1.6609761099930531,0.24089753526951235,-0.0730729833318539,1.6609761099930531,0.0,0.0,0.0,4.736468164295944,0.07894113607159907
1.0729999999999926,0.27413987873977474,-0.07516200448066149,1.6636321997838237,0.24089753526951235,-0.0730729833318539,1.6609761099930531,0.24089753526951235,-0.0730729833318539,1.6609761099930531,0.0,0.0,0.0,4.7334680881602935,0.07889113480267156
1.0739999999999925,0.27401173883880015,-0.0751698705295884,1.6636429758177436,0.24089753526951235,-0.0730729833318539,1.6609761099930531,0.24089753526951235,-0.0730729833318539,1.6609761099930531,0.0,0.0,0.0,4.730586916899286,0.07884311528165476
1.0749999999999924,0.27388333254550035,-0.07517723023846823,1.6636530793595987,0.24089753526951235,-0.0730729833318539,1.6609761099930531,0.24089753526951235,-0.0730729833318539,1.6609761099930531,0.0,0.0,0.0,4.727816772798948,0.0787969462133158
1.0759999999999923,0.2737546704277735,-0.07518408853264208,1.663662517869644,0.24089753526951235,-0.0730729833318539,1.6609761099930531,0.24089753526951235,-0.0730729833318539,1.6609761099930531,0.0,0.0,0.0,4.7251502585506495,0.07875250430917749
1.0769999999999922,0.27362576277511896,-0.07519045045645095,1.6636712989656808,0.24089753526951235,-0.0730729833318539,1.6609761099930531,0.24089753526951235,-0.0730729833318539,1.6609761099930531,0.0,0.0,0.0,4.7225804314567625,0.07870967385761271
1.077999999999992,0.27349661961314337,-0.07519632116362332,1.6636794304065028,0.24089753526951235,-0.0730729833318539,1.6609761099930531,0.24089753526951235,-0.0730729833318539,1.6609761099930531,0.0,0.0,0.0,4.720100778539912,0.07866834630899854
1.078999999999992,0.27336725071714313,-0.07520170590810052,1.663686920076258,0.24089753526951235,-0.0730729833318539,1.6609761099930531,0.24089753526951235,-0.0730729833318539,1.6609761099930531,0.0,0.0,0.0,4.717705192530596,0.07862841987550993
1.0799999999999919,0.2732376656248168,-0.07520661003528567,1.6636937759697166,0.24089753526951235,-0.0730729833318539,1.6609761099930531,0.24089753526951235,-0.0730729833318539,1.6609761099930531,0.0,0.0,0.0,4.715387948722282,0.07858979914537137
1.0809999999999917,0.27310787364818523,-0.07521103897371231,1.6637000061784153,0.24089753526951235,-0.0730729833318539,1.6609761099930531,0.24089753526951235,-0.0730729833318539,1.6609761099930531,0.0,0.0,0.0,4.7131436826968764,0.07855239471161461
1.0819999999999916,0.27297788388477107,-0.07521499822711741,1.6637056188776773,0.24089753526951235,-0.0730729833318539,1.6609761099930531,0.24089753526951235,-0.0730729833318539,1.6609761099930531,0.0,0.0,0.0,4.710967368931947,0.07851612281553245
1.0829999999999915,0.272847705228097,-0.07521849336691677,1.6637106223144684,0.24089753526951235,-0.0730729833318539,1.6609761099930531,0.24089753526951235,-0.0730729833318539,1.6609761099930531,0.0,0.0,0.0,4.708854300308268,0.0784809050051378
1.0839999999999914,0.2727173463775536,-0.07522153002507204,1.6637150247960768,0.24089753526951235,-0.0730729833318539,1.6609761099930531,0.24089753526951235,-0.0730729833318539,1.6609761099930531,0.0,0.0,0.0,4.706800068532819,0.07844666780888031
1.0849999999999913,0.27258681584768024,-0.07522411388734071,1.6637188346795722,0.24089753526951235,-0.0730729833318539,1.6609761099930531,0.24089753526951235,-0.0730729833318539,1.6609761099930531,0.0,0.0,0.0,4.70480054549629,0.07841334242493816
1.0859999999999912,0.2724561219769113,-0.07522625068690156,1.6637220603620322,0.24089753526951235,-0.0730729833318539,1.6609761099930531,0.24089753526951235,-0.0730729833318539,1.6609761099930531,0.0,0.0,0.0,4.702851865578136,0.07838086442630227
1.086999999999991,0.27232527293581066,-0.0752279461983416,1.663724710271467,0.24089753526951235,-0.0730729833318539,1.6609761099930531,0.24089753526951235,-0.0730729833318539,1.6609761099930531,0.0,0.0,0.0,4.7009504089043945,0.0783491734817399
1.087999999999991,0.2721942767348493,-0.07522920623199875,1.66372679285845,0.24089753526951235,-0.0730729833318539,1.6609761099930531,0.24089753526951235,-0.0730729833318539,1.6609761099930531,0.0,0.0,0.0,4.699092785565046,0.07831821309275076
1.0889999999999909,0.27206314123173914,-0.07523003662864347,1.6637283165883643,0.24089753526951235,-0.0730729833318539,1.6609761099930531,0.24089753526951235,-0.0730729833318539,1.6609761099930531,0.0,0.0,0.0,4.697275820777121,0.07828793034628535
1.0899999999999908,0.27193187413836634,-0.07523044325449034,1.6637292899342722,0.24089753526951235,-0.0730729833318539,1.6609761099930531,0.24089753526951235,-0.0730729833318539,1.6609761099930531,0.0,0.0,0.0,4.695496540988934,0.0782582756831489
1.0909999999999906,0.27180048302733806,-0.07523043199652141,1.6637297213703206,0.24089753526951235,-0.0730729833318539,1.6609761099930531,0.24089753526951235,-0.0730729833318539,1.6609761099930531,0.0,0.0,0.0,4.693752160895928,0.07822920268159879
1.0919999999999905,0.27166897533817713,-0.07523000875811045,1.6637296193656936,0.24089753526951235,-0.0730729833318539,1.6609761099930531,0.24089753526951235,-0.0730729833318539,1.6609761099930531,0.0,0.0,0.0,4.692040071350649,0.07820066785584416
1.0929999999999904,0.2715373583831727,-0.07522917945493177,1.6637289923790168,0.24089753526951235,-0.0730729833318539,1.6609761099930531,0.24089753526951235,-0.0730729833318539,1.6609761099930531,0.0,0.0,0.0,4.6903578281194305,0.07817263046865718
1.0939999999999903,0.2714056393529183,-0.0752279500111372,1.6637278488532192,0.24089753526951235,-0.0730729833318539,1.6609761099930531,0.24089753526951235,-0.0730729833318539,1.6609761099930531,0.0,0.0,0.0,4.688703141460734,0.0781450523576789
1.0949999999999902,0.27127382532154387,-0.07522632635578497,1.6637261972107915,0.24089753526951235,-0.0730729833318539,1.6609761099930531,0.24089753526951235,-0.0730729833318539,1.6609761099930531,0.0,0.0,0.0,4.687073866470945,0.07811789777451575
1.09599999999999,0.27114192325166514,-0.07522431441950686,1.663724045849417,0.24089753526951235,-0.0730729833318539,1.6609761099930531,0.24089753526951235,-0.0730729833318539,1.6609761099930531,0.0,0.0,0.0,4.685467994153875,0.07809113323589792
1.09699999999999,0.27100993999905987,-0.0752219201313934,1.663721403137935,0.24089753526951235,-0.0730729833318539,1.6609761099930531,0.24089753526951235,-0.0730729833318539,1.6609761099930531,0.0,0.0,0.0,4.6838836431646325,0.07806472738607721
1.0979999999999899,0.27087788231708654,-0.07521914941608737,1.6637182774126116,0.24089753526951235,-0.0730729833318539,1.6609761099930531,0.24089753526951235,-0.0730729833318539,1.6609761099930531,0.0,0.0,0.0,4.682319052176624,0.0780386508696104
1.0989999999999898,0.27074575686085567,-0.07521600819106185,1.6637146769736912,0.24089753526951235,-0.0730729833318539,1.6609761099930531,0.24089753526951235,-0.0730729833318539,1.6609761099930531,0.0,0.0,0.0,4.6807725728209775,0.07801287621368296
1.0999999999999897,0.2706135701911684,-0.07521250236407644,1.6637106100821963,0.24089753526951235,-0.0730729833318539,1.6609761099930531,0.24089753526951235,-0.0730729833318539,1.6609761099930531,0.0,0.0,0.0,4.679242663146264,0.0779873777191044
1.1009999999999895,0.27048132877823317,-0.07520863783079257,1.6637060849569665,0.24089753526951235,-0.0730729833318539,1.6609761099930531,0.24089753526951235,-0.0730729833318539,1.6609761099930531,0.0,0.0,0.0,4.677727881553168,0.07796213135921946
1.1019999999999894,0.2703490390051665,-0.07520442047253353,1.6637011097719003,0.24089753526951235,-0.0730729833318539,1.6609761099930531,0.24089753526951235,-0.0730729833318539,1.6609761099930531,0.0,0.0,0.0,4.6762268811535765,0.07793711468589294
1.1029999999999893,0.2702167071712944,-0.07519985615418089,1.663695692653399,0.24089753526951235,-0.0730729833318539,1.6609761099930531,0.24089753526951235,-0.0730729833318539,1.6609761099930531,0.0,0.0,0.0,4.674738404514376,0.07791230674190627
1.1039999999999892,0.2700843394952607,-0.07519495072219187,1.6636898416779855,0.24089753526951235,-0.0730729833318539,1.6609761099930531,0.24089753526951235,-0.0730729833318539,1.6609761099930531,0.0,0.0,0.0,4.673261278742787,0.07788768797904645
1.104999999999989,0.2699519421179541,-0.07518971000272788,1.6636835648700956,0.24089753526951235,-0.0730729833318539,1.6609761099930531,0.24089753526951235,-0.0730729833318539,1.6609761099930531,0.0,0.0,0.0,4.6717944108764735,0.07786324018127457
1.105999999999989,0.2698195211052569,-0.07518413979988585,1.6636768702000098,0.24089753526951235,-0.0730729833318539,1.6609761099930531,0.24089753526951235,-0.0730729833318539,1.6609761099930531,0.0,0.0,0.0,4.6703367835472545,0.07783894639245424
1.1069999999999889,0.2696870824506375,-0.07517824589401924,1.6636697655819523,0.24089753526951235,-0.0730729833318539,1.6609761099930531,0.24089753526951235,-0.0730729833318539,1.6609761099930531,0.0,0.0,0.0,4.6688874508891764,0.07781479084815295
1.1079999999999888,0.26955463207757663,-0.0751720340401492,1.6636622588723087,0.24089753526951235,-0.0730729833318539,1.6609761099930531,0.24089753526951235,-0.0730729833318539,1.6609761099930531,0.0,0.0,0.0,4.667445534661247,0.07779075891102077
1.1089999999999887,0.26942217584185496,-0.07516550996644694,1.6636543578679837,0.24089753526951235,-0.0730729833318539,1.6609761099930531,0.24089753526951235,-0.0730729833318539,1.6609761099930531,0.0,0.0,0.0,4.666010220569615,0.07776683700949358
1.1099999999999886,0.26928971953370345,-0.07515867937279523,1.6636460703048817,0.24089753526951235,-0.0730729833318539,1.6609761099930531,0.24089753526951235,-0.0730729833318539,1.6609761099930531,0.0,0.0,0.0,4.66458075476511,0.0777430125794185
1.1109999999999884,0.26915726887980707,-0.07515154792940915,1.6636374038565014,0.24089753526951235,-0.0730729833318539,1.6609761099930531,0.24089753526951235,-0.0730729833318539,1.6609761099930531,0.0,0.0,0.0,4.66315644050459,0.07771927400840983
1.1119999999999883,0.2690248295452066,-0.07514412127552632,1.6636283661326552,0.24089753526951235,-0.0730729833318539,1.6609761099930531,0.24089753526951235,-0.0730729833318539,1.6609761099930531,0.0,0.0,0.0,4.661736634962096,0.0776956105827016
1.1129999999999882,0.268892407135067,-0.07513640501815094,1.6636189646782837,0.24089753526951235,-0.0730729833318539,1.6609761099930531,0.24089753526951235,-0.0730729833318539,1.6609761099930531,0.0,0.0,0.0,4.660320746179137,0.07767201243631895
1.113999999999988,0.2687600071963468,-0.07512840473085586,1.6636092069723911,0.24089753526951235,-0.0730729833318539,1.6609761099930531,0.24089753526951235,-0.0730729833318539,1.6609761099930531,0.0,0.0,0.0,4.658908230150364,0.07764847050250606
1.114999999999988,0.26862763521935856,-0.07512012595263753,1.6635991004270685,0.24089753526951235,-0.0730729833318539,1.6609761099930531,0.24089753526951235,-0.0730729833318539,1.6609761099930531,0.0,0.0,0.0,4.657498588032905,0.07762497646721508
1.115999999999988,0.26849529663923694,-0.07511157418682184,1.6635886523866261,0.24089753526951235,-0.0730729833318539,1.6609761099930531,0.24089753526951235,-0.0730729833318539,1.6609761099930531,0.0,0.0,0.0,4.65609136348041,0.07760152272467351
1.1169999999999878,0.2683629968373151,-0.07510275490002105,1.663577870126811,0.24089753526951235,-0.0730729833318539,1.6609761099930531,0.24089753526951235,-0.0730729833318539,1.6609761099930531,0.0,0.0,0.0,4.654686140094588,0.0775781023349098
1.1179999999999877,0.2682307411424151,-0.0750936735211381,1.6635667608541227,0.24089753526951235,-0.0730729833318539,1.6609761099930531,0.24089753526951235,-0.0730729833318539,1.6609761099930531,0.0,0.0,0.0,4.653282538994892,0.0775547089832482
1.1189999999999876,0.2680985348320607,-0.07508433544042085,1.6635553317052059,0.24089753526951235,-0.0730729833318539,1.6609761099930531,0.24089753526951235,-0.0730729833318539,1.6609761099930531,0.0,0.0,0.0,4.651880216500627,0.07753133694167712
1.1199999999999875,0.2679663831336146,-0.0750747460085601,1.6635435897463338,0.24089753526951235,-0.0730729833318539,1.6609761099930531,0.24089753526951235,-0.0730729833318539,1.6609761099930531,0.0,0.0,0.0,4.650478861928656,0.07750798103214426
1.1209999999999873,0.26783429122534447,-0.07506491053583969,1.6635315419729633,0.24089753526951235,-0.0730729833318539,1.6609761099930531,0.24089753526951235,-0.0730729833318539,1.6609761099930531,0.0,0.0,0.0,4.6490781955004215,0.07748463659167369
1.1219999999999872,0.26770226423742544,-0.0750548342913264,1.6635191953093678,0.24089753526951235,-0.0730729833318539,1.6609761099930531,0.24089753526951235,-0.0730729833318539,1.6609761099930531,0.0,0.0,0.0,4.647677966359344,0.07746129943932241
1.1229999999999871,0.2675703072528781,-0.07504452250211208,1.6635065566083358,0.24089753526951235,-0.0730729833318539,1.6609761099930531,0.24089753526951235,-0.0730729833318539,1.6609761099930531,0.0,0.0,0.0,4.646277950696113,0.07743796584493522
1.123999999999987,0.2674384253084502,-0.07503398035259692,1.663493632650937,0.24089753526951235,-0.0730729833318539,1.6609761099930531,0.24089753526951235,-0.0730729833318539,1.6609761099930531,0.0,0.0,0.0,4.644877949979902,0.07741463249966503
1.124999999999987,0.2673066233954424,-0.07502321298382031,1.6634804301463484,0.24089753526951235,-0.0730729833318539,1.6609761099930531,0.24089753526951235,-0.0730729833318539,1.6609761099930531,0.0,0.0,0.0,4.6434777892924,0.07739129648820667
1.1259999999999868,0.2671749064604829,-0.07501222549283465,1.6634669557317388,0.24089753526951235,-0.0730729833318539,1.6609761099930531,0.24089753526951235,-0.0730729833318539,1.6609761099930531,0.0,0.0,0.0,4.642077315762222,0.07736795526270371
1.1269999999999867,0.2670432794062526,-0.07500102293212728,1.663453215972201,0.24089753526951235,-0.0730729833318539,1.6609761099930531,0.24089753526951235,-0.0730729833318539,1.6609761099930531,0.0,0.0,0.0,4.64067639709593,0.0773446066182655
1.1279999999999866,0.2669117470921651,-0.07498961030908029,1.6634392173607377,0.24089753526951235,-0.0730729833318539,1.6609761099930531,0.24089753526951235,-0.0730729833318539,1.6609761099930531,0.0,0.0,0.0,4.639274920203258,0.0773212486700543
1.1289999999999865,0.2667803143350029,-0.0749779925854784,1.6634249663182927,0.24089753526951235,-0.0730729833318539,1.6609761099930531,0.24089753526951235,-0.0730729833318539,1.6609761099930531,0.0,0.0,0.0,4.637872789910629,0.07729787983184382
1.1299999999999863,0.2666489859095126,-0.07496617467705706,1.6634104691938127,0.24089753526951235,-0.0730729833318539,1.6609761099930531,0.24089753526951235,-0.0730729833318539,1.6609761099930531,0.0,0.0,0.0,4.636469927759847,0.07727449879599745
1.1309999999999862,0.26651776654896037,-0.0749541614530905,1.66339573226436,0.24089753526951235,-0.0730729833318539,1.6609761099930531,0.24089753526951235,-0.0730729833318539,1.6609761099930531,0.0,0.0,0.0,4.635066270888689,0.07725110451481149
1.1319999999999861,0.26638666094565344,-0.0749419577360242,1.6633807617352527,0.24089753526951235,-0.0730729833318539,1.6609761099930531,0.24089753526951235,-0.0730729833318539,1.6609761099930531,0.0,0.0,0.0,4.6336617709849595,0.07722769618308266
1.132999999999986,0.2662556737514223,-0.07492956830114057,1.6633655637402316,0.24089753526951235,-0.0730729833318539,1.6609761099930531,0.24089753526951235,-0.0730729833318539,1.6609761099930531,0.0,0.0,0.0,4.632256393313046,0.0772042732218841
1.133999999999986,0.2661248095780746,-0.07491699787626843,1.663350144341665,0.24089753526951235,-0.0730729833318539,1.6609761099930531,0.24089753526951235,-0.0730729833318539,1.6609761099930531,0.0,0.0,0.0,4.630850115806995,0.07718083526344992
1.1349999999999858,0.26599407299781513,-0.07490425114152494,1.6633345095307714,0.24089753526951235,-0.0730729833318539,1.6609761099930531,0.24089753526951235,-0.0730729833318539,1.6609761099930531,0.0,0.0,0.0,4.629442928223895,0.07715738213706493
1.1359999999999857,0.2658634685436388,-0.074891332729096,1.6633186652278682,0.24089753526951235,-0.0730729833318539,1.6609761099930531,0.24089753526951235,-0.0730729833318539,1.6609761099930531,0.0,0.0,0.0,4.628034831355119,0.07713391385591865
1.1369999999999856,0.2657330007096921,-0.07487824722304773,1.663302617282638,0.24089753526951235,-0.0730729833318539,1.6609761099930531,0.24089753526951235,-0.0730729833318539,1.6609761099930531,0.0,0.0,0.0,4.626625836289814,0.07711043060483024
1.1379999999999855,0.26560267395161363,-0.07486499915917344,1.6632863714744228,0.24089753526951235,-0.0730729833318539,1.6609761099930531,0.24089753526951235,-0.0730729833318539,1.6609761099930531,0.0,0.0,0.0,4.625215963726532,0.07708693272877554
1.1389999999999854,0.2654724926868452,-0.07485159302486771,1.6632699335125234,0.24089753526951235,-0.0730729833318539,1.6609761099930531,0.24089753526951235,-0.0730729833318539,1.6609761099930531,0.0,0.0,0.0,4.623805243328154,0.0770634207221359
1.1399999999999852,0.265342461294922,-0.07483803325903568,1.6632533090365236,0.24089753526951235,-0.0730729833318539,1.6609761099930531,0.24089753526951235,-0.0730729833318539,1.6609761099930531,0.0,0.0,0.0,4.622393713118488,0.07703989521864146
1.1409999999999851,0.265212584117742,-0.07482432425202405,1.6632365036166252,0.24089753526951235,-0.0730729833318539,1.6609761099930531,0.24089753526951235,-0.0730729833318539,1.6609761099930531,0.0,0.0,0.0,4.620981418914678,0.0770163569819113
1.141999999999985,0.26508286545981197,-0.0748104703455844,1.663219522753997,0.24089753526951235,-0.0730729833318539,1.6609761099930531,0.24089753526951235,-0.0730729833318539,1.6609761099930531,0.0,0.0,0.0,4.6195684137938064,0.07699280689656345
1.142999999999985,0.2649533095884767,-0.07479647583285814,1.6632023718811335,0.24089753526951235,-0.0730729833318539,1.6609761099930531,0.24089753526951235,-0.0730729833318539,1.6609761099930531,0.0,0.0,0.0,4.6181547575898305,0.07696924595983051
1.1439999999999848,0.2648239207341293,-0.07478234495838648,1.6631850563622306,0.24089753526951235,-0.0730729833318539,1.6609761099930531,0.24089753526951235,-0.0730729833318539,1.6609761099930531,0.0,0.0,0.0,4.616740516419831,0.07694567527366386
1.1449999999999847,0.2646947030904047,-0.07476808191814294,1.6631675814935647,0.24089753526951235,-0.0730729833318539,1.6609761099930531,0.24089753526951235,-0.0730729833318539,1.6609761099930531,0.0,0.0,0.0,4.615325762234202,0.07692209603723671
1.1459999999999846,0.2645656608143577,-0.07475369085958686,1.6631499525038864,0.24089753526951235,-0.0730729833318539,1.6609761099930531,0.24089753526951235,-0.0730729833318539,1.6609761099930531,0.0,0.0,0.0,4.6139105723928004,0.07689850953988
1.1469999999999845,0.264436798026626,-0.07473917588173717,1.6631321745548207,0.24089753526951235,-0.0730729833318539,1.6609761099930531,0.24089753526951235,-0.0730729833318539,1.6609761099930531,0.0,0.0,0.0,4.612495029262306,0.07687491715437177
1.1479999999999844,0.26430811881158,-0.0747245410352636,1.6631142527412768,0.24089753526951235,-0.0730729833318539,1.6609761099930531,0.24089753526951235,-0.0730729833318539,1.6609761099930531,0.0,0.0,0.0,4.611079219834434,0.0768513203305739
1.1489999999999843,0.26417962721746124,-0.07470979032259721,1.663096192091866,0.24089753526951235,-0.0730729833318539,1.6609761099930531,0.24089753526951235,-0.0730729833318539,1.6609761099930531,0.0,0.0,0.0,4.609663235363218,0.07682772058938697
1.1499999999999841,0.2640513272565056,-0.07469492769805558,1.6630779975693242,0.24089753526951235,-0.0730729833318539,1.6609761099930531,0.24089753526951235,-0.0730729833318539,1.6609761099930531,0.0,0.0,0.0,4.6082471710210315,0.0768041195170172
1.150999999999984,0.26392322290506043,-0.07467995706798489,1.663059674070946,0.24089753526951235,-0.0730729833318539,1.6609761099930531,0.24089753526951235,-0.0730729833318539,1.6609761099930531,0.0,0.0,0.0,4.606831125571547,0.07678051875952578
1.151999999999984,0.2637953181036875,-0.07466488229091565,1.6630412264290177,0.24089753526951235,-0.0730729833318539,1.6609761099930531,0.24089753526951235,-0.0730729833318539,1.6609761099930531,0.0,0.0,0.0,4.605415201059015,0.07675692001765025
1.1529999999999838,0.26366761675725975,-0.07464970717773214,1.6630226594112676,0.24089753526951235,-0.0730729833318539,1.6609761099930531,0.24089753526951235,-0.0730729833318539,1.6609761099930531,0.0,0.0,0.0,4.603999502514526,0.07673332504190876
1.1539999999999837,0.26354012273504895,-0.07463443549185447,1.663003977721308,0.24089753526951235,-0.0730729833318539,1.6609761099930531,0.24089753526951235,-0.0730729833318539,1.6609761099930531,0.0,0.0,0.0,4.602584137674396,0.07670973562790659
1.1549999999999836,0.26341283987080344,-0.07461907094943243,1.6629851859990952,0.24089753526951235,-0.0730729833318539,1.6609761099930531,0.24089753526951235,-0.0730729833318539,1.6609761099930531,0.0,0.0,0.0,4.601169216717278,0.07668615361195465
1.1559999999999835,0.2632857719628231,-0.07460361721955128,1.6629662888213848,0.24089753526951235,-0.0730729833318539,1.6609761099930531,0.24089753526951235,-0.0730729833318539,1.6609761099930531,0.0,0.0,0.0,4.599754852011166,0.07666258086685278
1.1569999999999834,0.263158922774024,-0.07458807792444677,1.6629472907021956,0.24089753526951235,-0.0730729833318539,1.6609761099930531,0.24089753526951235,-0.0730729833318539,1.6609761099930531,0.0,0.0,0.0,4.598341157877394,0.07663901929795656
1.1579999999999833,0.2630322960319985,-0.07457245663973167,1.6629281960932776,0.24089753526951235,-0.0730729833318539,1.6609761099930531,0.24089753526951235,-0.0730729833318539,1.6609761099930531,0.0,0.0,0.0,4.596928250365322,0.07661547083942204
1.1589999999999832,0.262905895429072,-0.0745567568946291,1.6629090093845795,0.24089753526951235,-0.0730729833318539,1.6609761099930531,0.24089753526951235,-0.0730729833318539,1.6609761099930531,0.0,0.0,0.0,4.595516247040346,0.07659193745067244
1.159999999999983,0.2627797246223508,-0.07454098217221776,1.6628897349047265,0.24089753526951235,-0.0730729833318539,1.6609761099930531,0.24089753526951235,-0.0730729833318539,1.6609761099930531,0.0,0.0,0.0,4.594105266785582,0.07656842111309303
1.160999999999983,0.2626537872337703,-0.0745251359096823,1.6628703769214923,0.24089753526951235,-0.0730729833318539,1.6609761099930531,0.24089753526951235,-0.0730729833318539,1.6609761099930531,0.0,0.0,0.0,4.592695429612127,0.07654492382686878
1.1619999999999828,0.2625280868501358,-0.07450922149857299,1.662850939642278,0.24089753526951235,-0.0730729833318539,1.6609761099930531,0.24089753526951235,-0.0730729833318539,1.6609761099930531,0.0,0.0,0.0,4.5912868564838,0.07652144760806333
1.1629999999999827,0.26240262702316214,-0.07449324228507302,1.6628314272145965,0.24089753526951235,-0.0730729833318539,1.6609761099930531,0.24089753526951235,-0.0730729833318539,1.6609761099930531,0.0,0.0,0.0,4.589879669151305,0.07649799448585508
1.1639999999999826,0.26227741126950754,-0.07447720157027043,1.6628118437265482,0.24089753526951235,-0.0730729833318539,1.6609761099930531,0.24089753526951235,-0.0730729833318539,1.6609761099930531,0.0,0.0,0.0,4.588473989996029,0.07647456649993381
1.1649999999999825,0.2621524430708092,-0.07446110261043955,1.6627921932073086,0.24089753526951235,-0.0730729833318539,1.6609761099930531,0.24089753526951235,-0.0730729833318539,1.6609761099930531,0.0,0.0,0.0,4.58706994188517,0.07645116569808617
1.1659999999999824,0.26202772587371237,-0.07444494861732473,1.6627724796276104,0.24089753526951235,-0.0730729833318539,1.6609761099930531,0.24089753526951235,-0.0730729833318539,1.6609761099930531,0.0,0.0,0.0,4.585667648035303,0.07642779413392171
1.1669999999999823,0.26190326308989953,-0.07442874275843302,1.66275270690023,0.24089753526951235,-0.0730729833318539,1.6609761099930531,0.24089753526951235,-0.0730729833318539,1.6609761099930531,0.0,0.0,0.0,4.584267231885248,0.07640445386475414
1.1679999999999822,0.261779058096117,-0.07441248815733029,1.6627328788804714,0.24089753526951235,-0.0730729833318539,1.6609761099930531,0.24089753526951235,-0.0730729833318539,1.6609761099930531,0.0,0.0,0.0,4.582868816976342,0.0763811469496057
1.168999999999982,0.26165511423420207,-0.07439618789394203,1.6627129993666516,0.24089753526951235,-0.0730729833318539,1.6609761099930531,0.24089753526951235,-0.0730729833318539,1.6609761099930531,0.0,0.0,0.0,4.581472526841913,0.07635787544736522
1.169999999999982,0.26153143481110597,-0.07437984500486003,1.662693072100587,0.24089753526951235,-0.0730729833318539,1.6609761099930531,0.24089753526951235,-0.0730729833318539,1.6609761099930531,0.0,0.0,0.0,4.580078484903695,0.07633464141506159
1.1709999999999818,0.2614080230989193,-0.07436346248365135,1.6626731007680762,0.24089753526951235,-0.0730729833318539,1.6609761099930531,0.24089753526951235,-0.0730729833318539,1.6609761099930531,0.0,0.0,0.0,4.57868681437424,0.07631144690623734
1.1719999999999817,0.26128488233489344,-0.07434704328117364,1.6626530889993876,0.24089753526951235,-0.0730729833318539,1.6609761099930531,0.24089753526951235,-0.0730729833318539,1.6609761099930531,0.0,0.0,0.0,4.577297638167528,0.07628829396945881
1.1729999999999816,0.26116201572146464,-0.07433059030589116,1.66263304036974,0.24089753526951235,-0.0730729833318539,1.6609761099930531,0.24089753526951235,-0.0730729833318539,1.6609761099930531,0.0,0.0,0.0,4.575911078813589,0.07626518464689315
1.1739999999999815,0.2610394264262768,-0.07431410642419609,1.662612958399789,0.24089753526951235,-0.0730729833318539,1.6609761099930531,0.24089753526951235,-0.0730729833318539,1.6609761099930531,0.0,0.0,0.0,4.574527258380373,0.07624212097300621
1.1749999999999814,0.2609171175822046,-0.07429759446073339,1.6625928465561093,0.24089753526951235,-0.0730729833318539,1.6609761099930531,0.24089753526951235,-0.0730729833318539,1.6609761099930531,0.0,0.0,0.0,4.573146298400004,0.0762191049733334
1.1759999999999813,0.26079509228737446,-0.07428105719872453,1.6625727082516641,0.24089753526951235,-0.0730729833318539,1.6609761099930531,0.24089753526951235,-0.0730729833318539,1.6609761099930531,0.0,0.0,0.0,4.571768319800214,0.07619613866333691
1.1769999999999812,0.2606733536051908,-0.07426449738029968,1.662552546846306,0.24089753526951235,-0.0730729833318539,1.6609761099930531,0.24089753526951235,-0.0730729833318539,1.6609761099930531,0.0,0.0,0.0,4.5703934428387045,0.07617322404731174
1.177999999999981,0.2605519045643587,-0.07424791770682607,1.6625323656472386,0.24089753526951235,-0.0730729833318539,1.6609761099930531,0.24089753526951235,-0.0730729833318539,1.6609761099930531,0.0,0.0,0.0,4.569021787044563,0.07615036311740939
1.178999999999981,0.2604307481589104,-0.07423132083924157,1.6625121679094998,0.24089753526951235,-0.0730729833318539,1.6609761099930531,0.24089753526951235,-0.0730729833318539,1.6609761099930531,0.0,0.0,0.0,4.567653471161705,0.07612755785269508
1.1799999999999808,0.2603098873482291,-0.0742147093983899,1.662491956836437,0.24089753526951235,-0.0730729833318539,1.6609761099930531,0.24089753526951235,-0.0730729833318539,1.6609761099930531,0.0,0.0,0.0,4.566288613095633,0.07610481021826056
1.1809999999999807,0.2601893250570775,-0.07419808596535493,1.6624717355801801,0.24089753526951235,-0.0730729833318539,1.6609761099930531,0.24089753526951235,-0.0730729833318539,1.6609761099930531,0.0,0.0,0.0,4.564927329863627,0.07608212216439378
1.1819999999999806,0.26006906417562686,-0.07418145308179952,1.6624515072421169,0.24089753526951235,-0.0730729833318539,1.6609761099930531,0.24089753526951235,-0.0730729833318539,1.6609761099930531,0.0,0.0,0.0,4.563569737549238,0.07605949562582064
1.1829999999999805,0.25994910755948436,-0.07416481325030211,1.6624312748733594,0.24089753526951235,-0.0730729833318539,1.6609761099930531,0.24089753526951235,-0.0730729833318539,1.6609761099930531,0.0,0.0,0.0,4.562215951258004,0.07603693252096673
1.1839999999999804,0.25982945802972685,-0.074148168934695,1.662411041475217,0.24089753526951235,-0.0730729833318539,1.6609761099930531,0.24089753526951235,-0.0730729833318539,1.6609761099930531,0.0,0.0,0.0,4.560866085077415,0.07601443475129026
1.1849999999999803,0.2597101183729322,-0.07413152256040446,1.6623908099996634,0.24089753526951235,-0.0730729833318539,1.6609761099930531,0.24089753526951235,-0.0730729833318539,1.6609761099930531,0.0,0.0,0.0,4.55952025203822,0.075992004200637
1.1859999999999802,0.25959109134121366,-0.07411487651478962,1.6623705833498001,0.24089753526951235,-0.0730729833318539,1.6609761099930531,0.24089753526951235,-0.0730729833318539,1.6609761099930531,0.0,0.0,0.0,4.558178564078379,0.07596964273463966
1.18699999999998,0.2594723796522578,-0.0740982331474819,1.6623503643803224,0.24089753526951235,-0.0730729833318539,1.6609761099930531,0.24089753526951235,-0.0730729833318539,1.6609761099930531,0.0,0.0,0.0,4.55684113201014,0.075947352200169
1.18799999999998,0.2593539859893603,-0.07408159477072367,1.6623301558979808,0.24089753526951235,-0.0730729833318539,1.6609761099930531,0.24089753526951235,-0.0730729833318539,1.6609761099930531,0.0,0.0,0.0,4.555508065488437,0.07592513442480728
1.1889999999999799,0.25923591300146914,-0.07406496365970833,1.6623099606620404,0.24089753526951235,-0.0730729833318539,1.6609761099930531,0.24089753526951235,-0.0730729833318539,1.6609761099930531,0.0,0.0,0.0,4.554179472981215,0.07590299121635358
1.1899999999999797,0.2591181633032235,-0.07404834205291803,1.6622897813847417,0.24089753526951235,-0.0730729833318539,1.6609761099930531,0.24089753526951235,-0.0730729833318539,1.6609761099930531,0.0,0.0,0.0,4.552855461742508,0.07588092436237513
1.1909999999999796,0.25900073947500046,-0.0740317321524623,1.6622696207317533,0.24089753526951235,-0.0730729833318539,1.6609761099930531,0.24089753526951235,-0.0730729833318539,1.6609761099930531,0.0,0.0,0.0,4.5515361377857575,0.07585893562976262
1.1919999999999795,0.2588836440629605,-0.07401513612441472,1.6622494813226276,0.24089753526951235,-0.0730729833318539,1.6609761099930531,0.24089753526951235,-0.0730729833318539,1.6609761099930531,0.0,0.0,0.0,4.550221605861675,0.07583702676436126
1.1929999999999794,0.2587668795790964,-0.07399855609915028,1.662229365731255,0.24089753526951235,-0.0730729833318539,1.6609761099930531,0.24089753526951235,-0.0730729833318539,1.6609761099930531,0.0,0.0,0.0,4.548911969435081,0.07581519949058468
1.1939999999999793,0.258650448501283,-0.07398199417167987,1.6622092764863103,0.24089753526951235,-0.0730729833318539,1.6609761099930531,0.24089753526951235,-0.0730729833318539,1.6609761099930531,0.0,0.0,0.0,4.547607330664377,0.07579345551107294
1.1949999999999792,0.2585343532733331,-0.07396545240198506,1.6621892160717062,0.24089753526951235,-0.0730729833318539,1.6609761099930531,0.24089753526951235,-0.0730729833318539,1.6609761099930531,0.0,0.0,0.0,4.546307790383057,0.07577179650638428
1.195999999999979,0.25841859630504915,-0.07394893281535123,1.6621691869270334,0.24089753526951235,-0.0730729833318539,1.6609761099930531,0.24089753526951235,-0.0730729833318539,1.6609761099930531,0.0,0.0,0.0,4.545013448081509,0.07575022413469182
1.196999999999979,0.2583031799722849,-0.0739324374026997,1.6621491914480082,0.24089753526951235,-0.0730729833318539,1.6609761099930531,0.24089753526951235,-0.0730729833318539,1.6609761099930531,0.0,0.0,0.0,4.543724401892069,0.07572874003153449
1.1979999999999789,0.2581881066170015,-0.0739159681209167,1.6621292319869119,0.24089753526951235,-0.0730729833318539,1.6609761099930531,0.24089753526951235,-0.0730729833318539,1.6609761099930531,0.0,0.0,0.0,4.5424407485736875,0.07570734580956145
1.1989999999999787,0.2580733785473343,-0.07389952689318487,1.662109310853035,0.24089753526951235,-0.0730729833318539,1.6609761099930531,0.24089753526951235,-0.0730729833318539,1.6609761099930531,0.0,0.0,0.0,4.541162583498708,0.0756860430583118
1.1999999999999786,0.25795899803765443,-0.07388311560930853,1.6620894303131075,0.24089753526951235,-0.0730729833318539,1.6609761099930531,0.24089753526951235,-0.0730729833318539,1.6609761099930531,0.0,0.0,0.0,4.53989000064026,0.07566483334400434
1.2009999999999785,0.25784496732863793,-0.07386673612604001,1.6620695925917384,0.24089753526951235,-0.0730729833318539,1.6609761099930531,0.24089753526951235,-0.0730729833318539,1.6609761099930531,0.0,0.0,0.0,4.538623092561999,0.07564371820936665
1.2019999999999784,0.257731288627334,-0.07385039026740477,1.6620497998718484,0.24089753526951235,-0.0730729833318539,1.6609761099930531,0.24089753526951235,-0.0730729833318539,1.6609761099930531,0.0,0.0,0.0,4.537361950407995,0.07562269917346658
1.2029999999999783,0.25761796410723903,-0.0738340798250217,1.6620300542950983,0.24089753526951235,-0.0730729833318539,1.6609761099930531,0.24089753526951235,-0.0730729833318539,1.6609761099930531,0.0,0.0,0.0,4.53610666389386,0.07560177773156433
1.2039999999999782,0.25750499590836934,-0.0738178065584259,1.6620103579623196,0.24089753526951235,-0.0730729833318539,1.6609761099930531,0.24089753526951235,-0.0730729833318539,1.6609761099930531,0.0,0.0,0.0,4.534857321299089,0.07558095535498482
1.204999999999978,0.2573923861373394,-0.07380157219538638,1.661990712933937,0.24089753526951235,-0.0730729833318539,1.6609761099930531,0.24089753526951235,-0.0730729833318539,1.6609761099930531,0.0,0.0,0.0,4.53361400946023,0.07556023349100384
1.205999999999978,0.25728013686744056,-0.07378537843222271,1.6619711212303963,0.24089753526951235,-0.0730729833318539,1.6609761099930531,0.24089753526951235,-0.0730729833318539,1.6609761099930531,0.0,0.0,0.0,4.532376813765123,0.07553961356275204
1.2069999999999779,0.25716825013872224,-0.07376922693412058,1.6619515848325785,0.24089753526951235,-0.0730729833318539,1.6609761099930531,0.24089753526951235,-0.0730729833318539,1.6609761099930531,0.0,0.0,0.0,4.531145818147605,0.07551909696912676
1.2079999999999778,0.25705672795807716,-0.07375311933544443,1.6619321056822258,0.24089753526951235,-0.0730729833318539,1.6609761099930531,0.24089753526951235,-0.0730729833318539,1.6609761099930531,0.0,0.0,0.0,4.529921105083995,0.07549868508473324
1.2089999999999776,0.2569455722993279,-0.07373705724004903,1.6619126856823552,0.24089753526951235,-0.0730729833318539,1.6609761099930531,0.24089753526951235,-0.0730729833318539,1.6609761099930531,0.0,0.0,0.0,4.528702755588679,0.07547837925981131
1.2099999999999775,0.2568347851033141,-0.07372104222158767,1.6618933266976679,0.24089753526951235,-0.0730729833318539,1.6609761099930531,0.24089753526951235,-0.0730729833318539,1.6609761099930531,0.0,0.0,0.0,4.5274908492118655,0.07545818082019776
1.2109999999999774,0.25672436827798534,-0.0737050758238207,1.6618740305549675,0.24089753526951235,-0.0730729833318539,1.6609761099930531,0.24089753526951235,-0.0730729833318539,1.6609761099930531,0.0,0.0,0.0,4.526285464038122,0.07543809106730204
1.2119999999999773,0.25661432369849346,-0.07368915956091905,1.6618547990435648,0.24089753526951235,-0.0730729833318539,1.6609761099930531,0.24089753526951235,-0.0730729833318539,1.6609761099930531,0.0,0.0,0.0,4.525086676683891,0.07541811127806484
1.2129999999999772,0.2565046532072893,-0.07367329491776865,1.6618356339156837,0.24089753526951235,-0.0730729833318539,1.6609761099930531,0.24089753526951235,-0.0730729833318539,1.6609761099930531,0.0,0.0,0.0,4.5238945622974,0.07539824270495667
1.213999999999977,0.2563953586142202,-0.07365748335027011,1.6618165368868671,0.24089753526951235,-0.0730729833318539,1.6609761099930531,0.24089753526951235,-0.0730729833318539,1.6609761099930531,0.0,0.0,0.0,4.522709194558884,0.07537848657598141
1.214999999999977,0.2562864416966305,-0.07364172628563878,1.6617975096363775,0.24089753526951235,-0.0730729833318539,1.6609761099930531,0.24089753526951235,-0.0730729833318539,1.6609761099930531,0.0,0.0,0.0,4.521530645680138,0.07535884409466896
1.2159999999999769,0.25617790419946374,-0.07362602512270174,1.6617785538075949,0.24089753526951235,-0.0730729833318539,1.6609761099930531,0.24089753526951235,-0.0730729833318539,1.6609761099930531,0.0,0.0,0.0,4.520358986405774,0.07533931644009623
1.2169999999999768,0.25606974783536807,-0.07361038123219131,1.6617596710084153,0.24089753526951235,-0.0730729833318539,1.6609761099930531,0.24089753526951235,-0.0730729833318539,1.6609761099930531,0.0,0.0,0.0,4.519194286014719,0.07531990476691199
1.2179999999999767,0.25596197428480294,-0.0735947959570394,1.6617408628116412,0.24089753526951235,-0.0730729833318539,1.6609761099930531,0.24089753526951235,-0.0730729833318539,1.6609761099930531,0.0,0.0,0.0,4.518036612321885,0.07530061020536476
1.2189999999999765,0.2558545851961481,-0.0735792706126669,1.6617221307553778,0.24089753526951235,-0.0730729833318539,1.6609761099930531,0.24089753526951235,-0.0730729833318539,1.6609761099930531,0.0,0.0,0.0,4.516886031680862,0.0752814338613477
1.2199999999999764,0.2557475821858148,-0.07356380648727331,1.661703476343416,0.24089753526951235,-0.0730729833318539,1.6609761099930531,0.24089753526951235,-0.0730729833318539,1.6609761099930531,0.0,0.0,0.0,4.515742608985708,0.07526237681642846
1.2209999999999763,0.2556409668383593,-0.07354840484212323,1.6616849010456232,0.24089753526951235,-0.0730729833318539,1.6609761099930531,0.24089753526951235,-0.0730729833318539,1.6609761099930531,0.0,0.0,0.0,4.514606407675352,0.07524344012792253
1.2219999999999762,0.25553474070659865,-0.07353306691183048,1.6616664062983257,0.24089753526951235,-0.0730729833318539,1.6609761099930531,0.24089753526951235,-0.0730729833318539,1.6609761099930531,0.0,0.0,0.0,4.51347748973631,0.0752246248289385
1.222999999999976,0.25542890531172774,-0.07351779390464,1.6616479935046877,0.24089753526951235,-0.0730729833318539,1.6609761099930531,0.24089753526951235,-0.0730729833318539,1.6609761099930531,0.0,0.0,0.0,4.512355915706609,0.07520593192844348
1.223999999999976,0.25532346214343904,-0.07350258700271001,1.6616296640350945,0.24089753526951235,-0.0730729833318539,1.6609761099930531,0.24089753526951235,-0.0730729833318539,1.6609761099930531,0.0,0.0,0.0,4.5112417446805955,0.07518736241134326
1.2249999999999759,0.2552184126600439,-0.07348744736238919,1.6616114192275253,0.24089753526951235,-0.0730729833318539,1.6609761099930531,0.24089753526951235,-0.0730729833318539,1.6609761099930531,0.0,0.0,0.0,4.510135034312729,0.07516891723854548
1.2259999999999758,0.25511375828859534,-0.07347237611449202,1.6615932603879249,0.24089753526951235,-0.0730729833318539,1.6609761099930531,0.24089753526951235,-0.0730729833318539,1.6609761099930531,0.0,0.0,0.0,4.5090358408227305,0.0751505973470455
1.2269999999999757,0.25500950042501613,-0.0734573743645761,1.6615751887905803,0.24089753526951235,-0.0730729833318539,1.6609761099930531,0.24089753526951235,-0.0730729833318539,1.6609761099930531,0.0,0.0,0.0,4.507944219001645,0.07513240365002742
1.2279999999999756,0.25490564043422204,-0.07344244319321061,1.6615572056784838,0.24089753526951235,-0.0730729833318539,1.6609761099930531,0.24089753526951235,-0.0730729833318539,1.6609761099930531,0.0,0.0,0.0,4.506860222216424,0.0751143370369404
1.2289999999999754,0.2548021796502548,-0.07342758365624973,1.6615393122637045,0.24089753526951235,-0.0730729833318539,1.6609761099930531,0.24089753526951235,-0.0730729833318539,1.6609761099930531,0.0,0.0,0.0,4.505783902416383,0.07509639837360638
1.2299999999999753,0.2546991193764108,-0.07341279678509975,1.6615215097277465,0.24089753526951235,-0.0730729833318539,1.6609761099930531,0.24089753526951235,-0.0730729833318539,1.6609761099930531,0.0,0.0,0.0,4.504715310137964,0.0750785885022994
1.2309999999999752,0.2545964608853728,-0.07339808358698387,1.6615037992219084,0.24089753526951235,-0.0730729833318539,1.6609761099930531,0.24089753526951235,-0.0730729833318539,1.6609761099930531,0.0,0.0,0.0,4.503654494513024,0.07506090824188374
1.2319999999999751,0.2544942054193504,-0.07338344504520912,1.6614861818676492,0.24089753526951235,-0.0730729833318539,1.6609761099930531,0.24089753526951235,-0.0730729833318539,1.6609761099930531,0.0,0.0,0.0,4.502601503274912,0.07504335838791519
1.232999999999975,0.2543923541902071,-0.07336888211942659,1.6614686587569383,0.24089753526951235,-0.0730729833318539,1.6609761099930531,0.24089753526951235,-0.0730729833318539,1.6609761099930531,0.0,0.0,0.0,4.501556382764361,0.07502593971273935
1.233999999999975,0.25429090837960644,-0.07335439574589281,1.6614512309526088,0.24089753526951235,-0.0730729833318539,1.6609761099930531,0.24089753526951235,-0.0730729833318539,1.6609761099930531,0.0,0.0,0.0,4.50051917793737,0.07500865296562284
1.2349999999999748,0.2541898691391471,-0.07333998683772756,1.6614338994887101,0.24089753526951235,-0.0730729833318539,1.6609761099930531,0.24089753526951235,-0.0730729833318539,1.6609761099930531,0.0,0.0,0.0,4.499489932372768,0.07499149887287947
1.2359999999999747,0.25408923759050583,-0.07332565628517031,1.6614166653708544,0.24089753526951235,-0.0730729833318539,1.6609761099930531,0.24089753526951235,-0.0730729833318539,1.6609761099930531,0.0,0.0,0.0,4.498468688279448,0.0749744781379908
1.2369999999999746,0.2539890148255796,-0.07331140495583524,1.6613995295765616,0.24089753526951235,-0.0730729833318539,1.6609761099930531,0.24089753526951235,-0.0730729833318539,1.6609761099930531,0.0,0.0,0.0,4.497455486504115,0.07495759144173525
1.2379999999999745,0.2538892019066309,-0.07329723369496315,1.6613824930556047,0.24089753526951235,-0.0730729833318539,1.6609761099930531,0.24089753526951235,-0.0730729833318539,1.6609761099930531,0.0,0.0,0.0,4.496450366539797,0.07494083944232995
1.2389999999999743,0.25378979986643235,-0.07328314332567258,1.661365556730347,0.24089753526951235,-0.0730729833318539,1.6609761099930531,0.24089753526951235,-0.0730729833318539,1.6609761099930531,0.0,0.0,0.0,4.495453366533525,0.07492422277555874
1.2399999999999742,0.2536908097084155,-0.07326913464920864,1.6613487214960847,0.24089753526951235,-0.0730729833318539,1.6609761099930531,0.24089753526951235,-0.0730729833318539,1.6609761099930531,0.0,0.0,0.0,4.494464523294073,0.07490774205490121
1.2409999999999741,0.25359223240681883,-0.07325520844518907,1.6613319882213753,0.24089753526951235,-0.0730729833318539,1.6609761099930531,0.24089753526951235,-0.0730729833318539,1.6609761099930531,0.0,0.0,0.0,4.493483872303471,0.07489139787172451
1.241999999999974,0.25349406890683857,-0.07324136547185038,1.6613153577483752,0.24089753526951235,-0.0730729833318539,1.6609761099930531,0.24089753526951235,-0.0730729833318539,1.6609761099930531,0.0,0.0,0.0,4.492511447722036,0.07487519079536727
1.242999999999974,0.25339632012478,-0.0732276064662911,1.66129883089317,0.24089753526951235,-0.0730729833318539,1.6609761099930531,0.24089753526951235,-0.0730729833318539,1.6609761099930531,0.0,0.0,0.0,4.491547282399018,0.07485912137331696
1.2439999999999738,0.25329898694821035,-0.07321393214471147,1.6612824084460973,0.24089753526951235,-0.0730729833318539,1.6609761099930531,0.24089753526951235,-0.0730729833318539,1.6609761099930531,0.0,0.0,0.0,4.490591407881518,0.07484319013135864
1.2449999999999737,0.2532020702361145,-0.07320034320265487,1.6612660911720794,0.24089753526951235,-0.0730729833318539,1.6609761099930531,0.24089753526951235,-0.0730729833318539,1.6609761099930531,0.0,0.0,0.0,4.489643854424289,0.07482739757373814
1.2459999999999736,0.2531055708190492,-0.07318684031524451,1.6612498798109387,0.24089753526951235,-0.0730729833318539,1.6609761099930531,0.24089753526951235,-0.0730729833318539,1.6609761099930531,0.0,0.0,0.0,4.488704650997764,0.07481174418329607
1.2469999999999735,0.25300948949930024,-0.07317342413741987,1.6612337750777202,0.24089753526951235,-0.0730729833318539,1.6609761099930531,0.24089753526951235,-0.0730729833318539,1.6609761099930531,0.0,0.0,0.0,4.48777382529938,0.07479623042165633
1.2479999999999734,0.2529138270510414,-0.0731600953041706,1.6612177776630115,0.24089753526951235,-0.0730729833318539,1.6609761099930531,0.24089753526951235,-0.0730729833318539,1.6609761099930531,0.0,0.0,0.0,4.486851403761704,0.07478085672936173
1.2489999999999732,0.25281858422049375,-0.0731468544307686,1.6612018882332533,0.24089753526951235,-0.0730729833318539,1.6609761099930531,0.24089753526951235,-0.0730729833318539,1.6609761099930531,0.0,0.0,0.0,4.485937411562899,0.07476562352604832
1.2499999999999731,0.2527237617260846,-0.07313370211299931,1.6611861074310563,0.24089753526951235,-0.0730729833318539,1.6609761099930531,0.24089753526951235,-0.0730729833318539,1.6609761099930531,0.0,0.0,0.0,4.485031872636432,0.0747505312106072
1.250999999999973,0.25262936025861144,-0.07312063892739057,1.6611704358755073,0.24089753526951235,-0.0730729833318539,1.6609761099930531,0.24089753526951235,-0.0730729833318539,1.6609761099930531,0.0,0.0,0.0,4.484134809680948,0.07473558016134914
1.251999999999973,0.2525353804814036,-0.07310766543143846,1.6611548741624789,0.24089753526951235,-0.0730729833318539,1.6609761099930531,0.24089753526951235,-0.0730729833318539,1.6609761099930531,0.0,0.0,0.0,4.483246244170812,0.07472077073618019
1.2529999999999728,0.2524418230304854,-0.07309478216383439,1.6611394228649334,0.24089753526951235,-0.0730729833318539,1.6609761099930531,0.24089753526951235,-0.0730729833318539,1.6609761099930531,0.0,0.0,0.0,4.482366196366299,0.07470610327277165
1.2539999999999727,0.252348688514743,-0.073081989644689,1.6611240825332267,0.24089753526951235,-0.0730729833318539,1.6609761099930531,0.24089753526951235,-0.0730729833318539,1.6609761099930531,0.0,0.0,0.0,4.481494685323179,0.07469157808871965
1.2549999999999726,0.2522559775160877,-0.07306928837575206,1.661108853695406,0.24089753526951235,-0.0730729833318539,1.6609761099930531,0.24089753526951235,-0.0730729833318539,1.6609761099930531,0.0,0.0,0.0,4.480631728903923,0.07467719548173204
1.2559999999999725,0.25216369058962484,-0.0730566788406349,1.6610937368575083,0.24089753526951235,-0.0730729833318539,1.6609761099930531,0.24089753526951235,-0.0730729833318539,1.6609761099930531,0.0,0.0,0.0,4.479777343788255,0.07466295572980425
1.2569999999999724,0.2520718282638219,-0.07304416150502917,1.661078732503858,0.24089753526951235,-0.0730729833318539,1.6609761099930531,0.24089753526951235,-0.0730729833318539,1.6609761099930531,0.0,0.0,0.0,4.478931545483358,0.07464885909138931
1.2579999999999723,0.2519803910406737,-0.07303173681692168,1.6610638410973528,0.24089753526951235,-0.0730729833318539,1.6609761099930531,0.24089753526951235,-0.0730729833318539,1.6609761099930531,0.0,0.0,0.0,4.478094348334389,0.07463490580557315
1.2589999999999721,0.25188937939587797,-0.07301940520681308,1.6610490630797632,0.24089753526951235,-0.0730729833318539,1.6609761099930531,0.24089753526951235,-0.0730729833318539,1.6609761099930531,0.0,0.0,0.0,4.477265765536164,0.0746210960922694
1.259999999999972,0.2517987937789998,-0.07300716708792901,1.6610343988720113,0.24089753526951235,-0.0730729833318539,1.6609761099930531,0.24089753526951235,-0.0730729833318539,1.6609761099930531,0.0,0.0,0.0,4.4764458091426365,0.07460743015237728
1.260999999999972,0.2517086346136463,-0.07299502285643363,1.6610198488744605,0.24089753526951235,-0.0730729833318539,1.6609761099930531,0.24089753526951235,-0.0730729833318539,1.6609761099930531,0.0,0.0,0.0,4.47563449007906,0.07459390816798434
1.2619999999999718,0.25161890229763867,-0.07298297289163996,1.6610054134671985,0.24089753526951235,-0.0730729833318539,1.6609761099930531,0.24089753526951235,-0.0730729833318539,1.6609761099930531,0.0,0.0,0.0,4.4748318181525715,0.07458053030254286
1.2629999999999717,0.2515295972031837,-0.07297101755621857,1.660991093010316,0.24089753526951235,-0.0730729833318539,1.6609761099930531,0.24089753526951235,-0.0730729833318539,1.6609761099930531,0.0,0.0,0.0,4.474037802062612,0.07456729670104353
1.2639999999999716,0.25144071967704806,-0.07295915719640599,1.6609768878441848,0.24089753526951235,-0.0730729833318539,1.6609761099930531,0.24089753526951235,-0.0730729833318539,1.6609761099930531,0.0,0.0,0.0,4.4732524494126835,0.0745542074902114
1.2649999999999715,0.25135227004073335,-0.07294739214220874,1.6609627982897344,0.24089753526951235,-0.0730729833318539,1.6609761099930531,0.24089753526951235,-0.0730729833318539,1.6609761099930531,0.0,0.0,0.0,4.472475766721327,0.07454126277868878
1.2659999999999714,0.25126424859064944,-0.07293572270761015,1.6609488246487258,0.24089753526951235,-0.0730729833318539,1.6609761099930531,0.24089753526951235,-0.0730729833318539,1.6609761099930531,0.0,0.0,0.0,4.471707759433725,0.07452846265722875
1.2669999999999713,0.2511766555982917,-0.07292414919077043,1.6609349672040183,0.24089753526951235,-0.0730729833318539,1.6609761099930531,0.24089753526951235,-0.0730729833318539,1.6609761099930531,0.0,0.0,0.0,4.470948431931673,0.07451580719886121
1.2679999999999712,0.251089491310417,-0.07291267187423014,1.660921226219845,0.24089753526951235,-0.0730729833318539,1.6609761099930531,0.24089753526951235,-0.0730729833318539,1.6609761099930531,0.0,0.0,0.0,4.470197787546735,0.07450329645911226
1.268999999999971,0.25100275594921995,-0.07290129102510853,1.6609076019420705,0.24089753526951235,-0.0730729833318539,1.6609761099930531,0.24089753526951235,-0.0730729833318539,1.6609761099930531,0.0,0.0,0.0,4.469455828569416,0.07449093047615693
1.269999999999971,0.2509164497125112,-0.07289000689530259,1.6608940945984616,0.24089753526951235,-0.0730729833318539,1.6609761099930531,0.24089753526951235,-0.0730729833318539,1.6609761099930531,0.0,0.0,0.0,4.4687225562626685,0.07447870927104447
1.2709999999999708,0.25083057277389487,-0.0728788197216825,1.6608807043989435,0.24089753526951235,-0.0730729833318539,1.6609761099930531,0.24089753526951235,-0.0730729833318539,1.6609761099930531,0.0,0.0,0.0,4.467997970871557,0.07446663284785929
1.2719999999999707,0.25074512528294746,-0.07286772972628847,1.6608674315358638,0.24089753526951235,-0.0730729833318539,1.6609761099930531,0.24089753526951235,-0.0730729833318539,1.6609761099930531,0.0,0.0,0.0,4.46728207163511,0.0744547011939185
1.2729999999999706,0.25066010736539723,-0.07285673711652317,1.660854276184244,0.24089753526951235,-0.0730729833318539,1.6609761099930531,0.24089753526951235,-0.0730729833318539,1.6609761099930531,0.0,0.0,0.0,4.466574856799978,0.07444291427999963
1.2739999999999705,0.25057551912330356,-0.07284584208534414,1.6608412385020377,0.24089753526951235,-0.0730729833318539,1.6609761099930531,0.24089753526951235,-0.0730729833318539,1.6609761099930531,0.0,0.0,0.0,4.46587632362834,0.07443127206047233
1.2749999999999704,0.25049136063523636,-0.07283504481145456,1.6608283186303807,0.24089753526951235,-0.0730729833318539,1.6609761099930531,0.24089753526951235,-0.0730729833318539,1.6609761099930531,0.0,0.0,0.0,4.465186468411121,0.07441977447351868
1.2759999999999703,0.2504076319564574,-0.0728243454594934,1.6608155166938425,0.24089753526951235,-0.0730729833318539,1.6609761099930531,0.24089753526951235,-0.0730729833318539,1.6609761099930531,0.0,0.0,0.0,4.464505286479841,0.07440842144133068
1.2769999999999702,0.25032433311910124,-0.07281374418022149,1.6608028328006716,0.24089753526951235,-0.0730729833318539,1.6609761099930531,0.24089753526951235,-0.0730729833318539,1.6609761099930531,0.0,0.0,0.0,4.46383277221742,0.07439721287029033
1.27799999999997,0.2502414641323556,-0.07280324111070967,1.660790267043043,0.24089753526951235,-0.0730729833318539,1.6609761099930531,0.24089753526951235,-0.0730729833318539,1.6609761099930531,0.0,0.0,0.0,4.463168919070556,0.07438614865117593
1.27899999999997,0.2501590249826442,-0.07279283637452218,1.6607778194973,0.24089753526951235,-0.0730729833318539,1.6609761099930531,0.24089753526951235,-0.0730729833318539,1.6609761099930531,0.0,0.0,0.0,4.462513719560315,0.07437522865933859
1.2799999999999698,0.2500770156338071,-0.07278253008190165,1.6607654902241937,0.24089753526951235,-0.0730729833318539,1.6609761099930531,0.24089753526951235,-0.0730729833318539,1.6609761099930531,0.0,0.0,0.0,4.4618671652944,0.07436445275490668
1.2809999999999697,0.24999543602728458,-0.07277232232994962,1.6607532792691255,0.24089753526951235,-0.0730729833318539,1.6609761099930531,0.24089753526951235,-0.0730729833318539,1.6609761099930531,0.0,0.0,0.0,4.461229246978559,0.07435382078297598
1.2819999999999696,0.24991428608229865,-0.0727622132028082,1.6607411866623782,0.24089753526951235,-0.0730729833318539,1.6609761099930531,0.24089753526951235,-0.0730729833318539,1.6609761099930531,0.0,0.0,0.0,4.46059995442776,0.07434333257379601
1.2829999999999695,0.2498335656960371,-0.0727522027718395,1.6607292124193545,0.24089753526951235,-0.0730729833318539,1.6609761099930531,0.24089753526951235,-0.0730729833318539,1.6609761099930531,0.0,0.0,0.0,4.459979276578206,0.07433298794297011
1.2839999999999694,0.2497532747438339,-0.07274229109580223,1.6607173565408062,0.24089753526951235,-0.0730729833318539,1.6609761099930531,0.24089753526951235,-0.0730729833318539,1.6609761099930531,0.0,0.0,0.0,4.459367201498996,0.07432278669164992
1.2849999999999693,0.24967341307935695,-0.07273247822102973,1.660705619013067,0.24089753526951235,-0.0730729833318539,1.6609761099930531,0.24089753526951235,-0.0730729833318539,1.6609761099930531,0.0,0.0,0.0,4.458763716403056,0.0743127286067176
1.2859999999999692,0.24959398053478699,-0.07272276418160395,1.6606939998082744,0.24089753526951235,-0.0730729833318539,1.6609761099930531,0.24089753526951235,-0.0730729833318539,1.6609761099930531,0.0,0.0,0.0,4.458168807658901,0.07430281346098169
1.286999999999969,0.24951497692100255,-0.07271314899952905,1.6606824988846003,0.24089753526951235,-0.0730729833318539,1.6609761099930531,0.24089753526951235,-0.0730729833318539,1.6609761099930531,0.0,0.0,0.0,4.457582460802835,0.07429304101338059
1.287999999999969,0.24943640202776834,-0.07270363268490489,1.660671116186474,0.24089753526951235,-0.0730729833318539,1.6609761099930531,0.24089753526951235,-0.0730729833318539,1.6609761099930531,0.0,0.0,0.0,4.4570046605497815,0.07428341100916303
1.2889999999999688,0.2493582556239105,-0.07269421523609576,1.6606598516447995,0.24089753526951235,-0.0730729833318539,1.6609761099930531,0.24089753526951235,-0.0730729833318539,1.6609761099930531,0.0,0.0,0.0,4.456435390804681,0.07427392318007801
1.2899999999999687,0.24928053745750867,-0.07268489663990342,1.6606487051771777,0.24089753526951235,-0.0730729833318539,1.6609761099930531,0.24089753526951235,-0.0730729833318539,1.6609761099930531,0.0,0.0,0.0,4.455874634674449,0.07426457724457415
1.2909999999999686,0.24920324725607573,-0.07267567687173133,1.6606376766881212,0.24089753526951235,-0.0730729833318539,1.6609761099930531,0.24089753526951235,-0.0730729833318539,1.6609761099930531,0.0,0.0,0.0,4.455322374479208,0.07425537290798681
1.2919999999999685,0.24912638472674553,-0.07266655589575485,1.6606267660692742,0.24089753526951235,-0.0730729833318539,1.6609761099930531,0.24089753526951235,-0.0730729833318539,1.6609761099930531,0.0,0.0,0.0,4.454778591763966,0.07424630986273277
1.2929999999999684,0.24904994955645218,-0.07265753366508454,1.6606159731996153,0.24089753526951235,-0.0730729833318539,1.6609761099930531,0.24089753526951235,-0.0730729833318539,1.6609761099930531,0.0,0.0,0.0,4.454243267309096,0.07423738778848493
1.2939999999999683,0.2489739414121197,-0.07264861012193158,1.6606052979456782,0.24089753526951235,-0.0730729833318539,1.6609761099930531,0.24089753526951235,-0.0730729833318539,1.6609761099930531,0.0,0.0,0.0,4.453716381143349,0.07422860635238915
1.2949999999999682,0.24889835994084314,-0.0726397851977703,1.6605947401617545,0.24089753526951235,-0.0730729833318539,1.6609761099930531,0.24089753526951235,-0.0730729833318539,1.6609761099930531,0.0,0.0,0.0,4.453197912553755,0.07421996520922924
1.295999999999968,0.24882320477007375,-0.07263105881349942,1.6605842996901012,0.24089753526951235,-0.0730729833318539,1.6609761099930531,0.24089753526951235,-0.0730729833318539,1.6609761099930531,0.0,0.0,0.0,4.452687840097612,0.07421146400162687
1.296999999999968,0.24874847550780493,-0.07262243087960352,1.6605739763611467,0.24089753526951235,-0.0730729833318539,1.6609761099930531,0.24089753526951235,-0.0730729833318539,1.6609761099930531,0.0,0.0,0.0,4.452186141613706,0.07420310236022844
1.2979999999999678,0.24867417174275402,-0.07261390129630979,1.6605637699936913,0.24089753526951235,-0.0730729833318539,1.6609761099930531,0.24089753526951235,-0.0730729833318539,1.6609761099930531,0.0,0.0,0.0,4.4516927942336615,0.07419487990389435
1.2989999999999677,0.248600293044547,-0.07260546995374789,1.6605536803951093,0.24089753526951235,-0.0730729833318539,1.6609761099930531,0.24089753526951235,-0.0730729833318539,1.6609761099930531,0.0,0.0,0.0,4.451207774393023,0.07418679623988371
1.2999999999999676,0.24852683896390707,-0.072597136732105,1.660543707361546,0.24089753526951235,-0.0730729833318539,1.6609761099930531,0.24089753526951235,-0.0730729833318539,1.6609761099930531,0.0,0.0,0.0,4.450731057842057,0.07417885096403427
1.3009999999999675,0.24845380903283112,-0.072588901501781,1.6605338506781153,0.24089753526951235,-0.0730729833318539,1.6609761099930531,0.24089753526951235,-0.0730729833318539,1.6609761099930531,0.0,0.0,0.0,4.4502626196580035,0.07417104366096673
1.3019999999999674,0.24838120276478032,-0.07258076412354292,1.6605241101190928,0.24089753526951235,-0.0730729833318539,1.6609761099930531,0.24089753526951235,-0.0730729833318539,1.6609761099930531,0.0,0.0,0.0,4.449802434254921,0.07416337390424868
1.3029999999999673,0.24830901965486046,-0.0725727244486766,1.6605144854481086,0.24089753526951235,-0.0730729833318539,1.6609761099930531,0.24089753526951235,-0.0730729833318539,1.6609761099930531,0.0,0.0,0.0,4.449350475395537,0.07415584125659229
1.3039999999999672,0.24823725918000783,-0.07256478231913803,1.6605049764183404,0.24089753526951235,-0.0730729833318539,1.6609761099930531,0.24089753526951235,-0.0730729833318539,1.6609761099930531,0.0,0.0,0.0,4.4489067162022575,0.07414844527003762
1.304999999999967,0.24816592079917166,-0.07255693756770383,1.6604955827726975,0.24089753526951235,-0.0730729833318539,1.6609761099930531,0.24089753526951235,-0.0730729833318539,1.6609761099930531,0.0,0.0,0.0,4.448471129167698,0.0741411854861283
1.305999999999967,0.24809500395349665,-0.0725491900181199,1.660486304244012,0.24089753526951235,-0.0730729833318539,1.6609761099930531,0.24089753526951235,-0.0730729833318539,1.6609761099930531,0.0,0.0,0.0,4.448043686166006,0.0741340614361001
1.3069999999999669,0.24802450806650875,-0.07254153948524711,1.6604771405552208,0.24089753526951235,-0.0730729833318539,1.6609761099930531,0.24089753526951235,-0.0730729833318539,1.6609761099930531,0.0,0.0,0.0,4.447624358463426,0.0741270726410571
1.3079999999999667,0.2479544325442961,-0.07253398577521043,1.6604680914195489,0.24089753526951235,-0.0730729833318539,1.6609761099930531,0.24089753526951235,-0.0730729833318539,1.6609761099930531,0.0,0.0,0.0,4.447213116729423,0.07412021861215705
1.3089999999999666,0.24788477677569243,-0.07252652868554146,1.6604591565406923,0.24089753526951235,-0.0730729833318539,1.6609761099930531,0.24089753526951235,-0.0730729833318539,1.6609761099930531,0.0,0.0,0.0,4.44680993104734,0.074113498850789
1.3099999999999665,0.24781554013246038,-0.07251916800532336,1.6604503356129934,0.24089753526951235,-0.0730729833318539,1.6609761099930531,0.24089753526951235,-0.0730729833318539,1.6609761099930531,0.0,0.0,0.0,4.446414770925019,0.07410691284875032
1.3109999999999664,0.24774672196947212,-0.07251190351533227,1.660441628321623,0.24089753526951235,-0.0730729833318539,1.6609761099930531,0.24089753526951235,-0.0730729833318539,1.6609761099930531,0.0,0.0,0.0,4.4460276053049155,0.07410046008841525
1.3119999999999663,0.24767832162489356,-0.07250473498818012,1.6604330343427514,0.24089753526951235,-0.0730729833318539,1.6609761099930531,0.24089753526951235,-0.0730729833318539,1.6609761099930531,0.0,0.0,0.0,4.4456484025775715,0.07409414004295953
1.3129999999999662,0.24761033842036365,-0.0724976621884525,1.660424553343724,0.24089753526951235,-0.0730729833318539,1.6609761099930531,0.24089753526951235,-0.0730729833318539,1.6609761099930531,0.0,0.0,0.0,4.44527713058802,0.074087952176467
1.313999999999966,0.24754277166117877,-0.07249068487284924,1.6604161849832346,0.24089753526951235,-0.0730729833318539,1.6609761099930531,0.24089753526951235,-0.0730729833318539,1.6609761099930531,0.0,0.0,0.0,4.4449137566484636,0.07408189594414107
1.314999999999966,0.24747562063647177,-0.07248380279032159,1.6604079289114928,0.24089753526951235,-0.0730729833318539,1.6609761099930531,0.24089753526951235,-0.0730729833318539,1.6609761099930531,0.0,0.0,0.0,4.444558247548703,0.07407597079247838
1.3159999999999659,0.24740888461939314,-0.07247701568220741,1.6603997847703922,0.24089753526951235,-0.0730729833318539,1.6609761099930531,0.24089753526951235,-0.0730729833318539,1.6609761099930531,0.0,0.0,0.0,4.4442105695662,0.07407017615943667
1.3169999999999658,0.24734256286729145,-0.07247032328236822,1.6603917521936784,0.24089753526951235,-0.0730729833318539,1.6609761099930531,0.24089753526951235,-0.0730729833318539,1.6609761099930531,0.0,0.0,0.0,4.443870688476584,0.07406451147460973
1.3179999999999656,0.2472766546218948,-0.07246372531732156,1.6603838308071133,0.24089753526951235,-0.0730729833318539,1.6609761099930531,0.24089753526951235,-0.0730729833318539,1.6609761099930531,0.0,0.0,0.0,4.443538569564099,0.07405897615940166
1.3189999999999655,0.24721115910948893,-0.07245722150637438,1.660376020228637,0.24089753526951235,-0.0730729833318539,1.6609761099930531,0.24089753526951235,-0.0730729833318539,1.6609761099930531,0.0,0.0,0.0,4.443214177631133,0.07405356962718555
1.3199999999999654,0.24714607554109708,-0.07245081156175522,1.6603683200685302,0.24089753526951235,-0.0730729833318539,1.6609761099930531,0.24089753526951235,-0.0730729833318539,1.6609761099930531,0.0,0.0,0.0,4.442897477009044,0.07404829128348407
1.3209999999999653,0.24708140311265941,-0.07244449518874327,1.6603607299295728,0.24089753526951235,-0.0730729833318539,1.6609761099930531,0.24089753526951235,-0.0730729833318539,1.6609761099930531,0.0,0.0,0.0,4.442588431567605,0.07404314052612676
1.3219999999999652,0.24701714100521166,-0.07243827208579932,1.6603532494072009,0.24089753526951235,-0.0730729833318539,1.6609761099930531,0.24089753526951235,-0.0730729833318539,1.6609761099930531,0.0,0.0,0.0,4.4422870047253165,0.07403811674542195
1.322999999999965,0.24695328838506264,-0.07243214194469161,1.6603458780896647,0.24089753526951235,-0.0730729833318539,1.6609761099930531,0.24089753526951235,-0.0730729833318539,1.6609761099930531,0.0,0.0,0.0,4.441993159459893,0.07403321932433156
1.323999999999965,0.24688984440397238,-0.07242610445062489,1.660338615558181,0.24089753526951235,-0.0730729833318539,1.6609761099930531,0.24089753526951235,-0.0730729833318539,1.6609761099930531,0.0,0.0,0.0,4.441706858317,0.07402844763861666
1.3249999999999649,0.24682680819932898,-0.07242015928236531,1.660331461387087,0.24089753526951235,-0.0730729833318539,1.6609761099930531,0.24089753526951235,-0.0730729833318539,1.6609761099930531,0.0,0.0,0.0,4.44142806342082,0.07402380105701366
1.3259999999999648,0.24676417889432672,-0.07241430611236474,1.6603244151439898,0.24089753526951235,-0.0730729833318539,1.6609761099930531,0.24089753526951235,-0.0730729833318539,1.6609761099930531,0.0,0.0,0.0,4.441156736483597,0.07401927894139329
1.3269999999999647,0.24670195559814034,-0.07240854460688428,1.6603174763899184,0.24089753526951235,-0.0730729833318539,1.6609761099930531,0.24089753526951235,-0.0730729833318539,1.6609761099930531,0.0,0.0,0.0,4.4408928388152455,0.07401488064692076
1.3279999999999645,0.24664013740610324,-0.07240287442611718,1.660310644679467,0.24089753526951235,-0.0730729833318539,1.6609761099930531,0.24089753526951235,-0.0730729833318539,1.6609761099930531,0.0,0.0,0.0,4.440636331333011,0.07401060552221686
1.3289999999999644,0.24657872339988057,-0.07239729522430935,1.6603039195609455,0.24089753526951235,-0.0730729833318539,1.6609761099930531,0.24089753526951235,-0.0730729833318539,1.6609761099930531,0.0,0.0,0.0,4.440387174571196,0.07400645290951993
1.3299999999999643,0.24651771264764566,-0.07239180664987974,1.6602973005765216,0.24089753526951235,-0.0730729833318539,1.6609761099930531,0.24089753526951235,-0.0730729833318539,1.6609761099930531,0.0,0.0,0.0,4.440145328689811,0.07400242214483017
1.3309999999999642,0.24645710420425476,-0.07238640834553907,1.6602907872623627,0.24089753526951235,-0.0730729833318539,1.6609761099930531,0.24089753526951235,-0.0730729833318539,1.6609761099930531,0.0,0.0,0.0,4.4399107534848135,0.07399851255808022
1.331999999999964,0.24639689711141832,-0.0723810999484078,1.6602843791487785,0.24089753526951235,-0.0730729833318539,1.6609761099930531,0.24089753526951235,-0.0730729833318539,1.6609761099930531,0.0,0.0,0.0,4.439683408397293,0.07399472347328823
1.332999999999964,0.2463370903978773,-0.07237588109013265,1.6602780757603628,0.24089753526951235,-0.0730729833318539,1.6609761099930531,0.24089753526951235,-0.0730729833318539,1.6609761099930531,0.0,0.0,0.0,4.439463252522366,0.0739910542087061
1.3339999999999639,0.24627768307957432,-0.07237075139700254,1.660271876616126,0.24089753526951235,-0.0730729833318539,1.6609761099930531,0.24089753526951235,-0.0730729833318539,1.6609761099930531,0.0,0.0,0.0,4.43925024461787,0.0739875040769645
1.3349999999999638,0.2462186741598255,-0.07236571049006209,1.6602657812296355,0.24089753526951235,-0.0730729833318539,1.6609761099930531,0.24089753526951235,-0.0730729833318539,1.6609761099930531,0.0,0.0,0.0,4.439044343114942,0.07398407238524903
1.3359999999999637,0.24616006262949297,-0.07236075798522673,1.6602597891091495,0.24089753526951235,-0.0730729833318539,1.6609761099930531,0.24089753526951235,-0.0730729833318539,1.6609761099930531,0.0,0.0,0.0,4.438845506125623,0.07398075843542705
1.3369999999999636,0.2461018474671562,-0.072355893493393,1.660253899757753,0.24089753526951235,-0.0730729833318539,1.6609761099930531,0.24089753526951235,-0.0730729833318539,1.6609761099930531,0.0,0.0,0.0,4.438653691452342,0.0739775615242057
1.3379999999999634,0.24604402763928068,-0.07235111662055135,1.6602481126734823,0.24089753526951235,-0.0730729833318539,1.6609761099930531,0.24089753526951235,-0.0730729833318539,1.6609761099930531,0.0,0.0,0.0,4.438468856596313,0.07397448094327189
1.3389999999999633,0.24598660210038975,-0.07234642696789499,1.6602424273494651,0.24089753526951235,-0.0730729833318539,1.6609761099930531,0.24089753526951235,-0.0730729833318539,1.6609761099930531,0.0,0.0,0.0,4.4382909587676105,0.07397151597946018
1.3399999999999632,0.24592956979323188,-0.07234182413193022,1.6602368432740418,0.24089753526951235,-0.0730729833318539,1.6609761099930531,0.24089753526951235,-0.0730729833318539,1.6609761099930531,0.0,0.0,0.0,4.438119954891825,0.07396866591486374
1.340999999999963,0.2458729296489519,-0.07233730770458299,1.660231359930896,0.24089753526951235,-0.0730729833318539,1.6609761099930531,0.24089753526951235,-0.0730729833318539,1.6609761099930531,0.0,0.0,0.0,4.437955801620594,0.07396593002700991
1.341999999999963,0.2458166805872553,-0.07233287727330713,1.6602259767991807,0.24089753526951235,-0.0730729833318539,1.6609761099930531,0.24089753526951235,-0.0730729833318539,1.6609761099930531,0.0,0.0,0.0,4.43779845533904,0.073963307588984
1.342999999999963,0.24576082151657952,-0.07232853242118929,1.660220693353641,0.24089753526951235,-0.0730729833318539,1.6609761099930531,0.24089753526951235,-0.0730729833318539,1.6609761099930531,0.0,0.0,0.0,4.43764787217437,0.07396079786957284
1.3439999999999628,0.2457053513342573,-0.0723242727270539,1.660215509064738,0.24089753526951235,-0.0730729833318539,1.6609761099930531,0.24089753526951235,-0.0730729833318539,1.6609761099930531,0.0,0.0,0.0,4.437504008004653,0.07395840013341087
1.3449999999999627,0.24565026892668484,-0.07232009776556735,1.660210423398771,0.24089753526951235,-0.0730729833318539,1.6609761099930531,0.24089753526951235,-0.0730729833318539,1.6609761099930531,0.0,0.0,0.0,4.4373668184669155,0.07395611364111526
1.3459999999999626,0.24559557316948694,-0.0723160071073406,1.6602054358179954,0.24089753526951235,-0.0730729833318539,1.6609761099930531,0.24089753526951235,-0.0730729833318539,1.6609761099930531,0.0,0.0,0.0,4.437236258965219,0.0739539376494203
1.3469999999999624,0.2455412629276792,-0.0723120003190298,1.6602005457807447,0.24089753526951235,-0.0730729833318539,1.6609761099930531,0.24089753526951235,-0.0730729833318539,1.6609761099930531,0.0,0.0,0.0,4.437112284679184,0.07395187141131973
1.3479999999999623,0.24548733705583572,-0.07230807696343841,1.6601957527415436,0.24089753526951235,-0.0730729833318539,1.6609761099930531,0.24089753526951235,-0.0730729833318539,1.6609761099930531,0.0,0.0,0.0,4.436994850571415,0.07394991417619026
1.3489999999999622,0.24543379439825036,-0.07230423659961627,1.6601910561512279,0.24089753526951235,-0.0730729833318539,1.6609761099930531,0.24089753526951235,-0.0730729833318539,1.6609761099930531,0.0,0.0,0.0,4.436883911396393,0.07394806518993988
1.3499999999999621,0.24538063378909847,-0.07230047878295755,1.6601864554570553,0.24089753526951235,-0.0730729833318539,1.6609761099930531,0.24089753526951235,-0.0730729833318539,1.6609761099930531,0.0,0.0,0.0,4.436779421707452,0.07394632369512419
1.350999999999962,0.24532785405260182,-0.07229680306529895,1.660181950102822,0.24089753526951235,-0.0730729833318539,1.6609761099930531,0.24089753526951235,-0.0730729833318539,1.6609761099930531,0.0,0.0,0.0,4.436681335865492,0.07394468893109153
1.351999999999962,0.24527545400318598,-0.07229320899501626,1.6601775395289722,0.24089753526951235,-0.0730729833318539,1.6609761099930531,0.24089753526951235,-0.0730729833318539,1.6609761099930531,0.0,0.0,0.0,4.436589608045939,0.07394316013409898
1.3529999999999618,0.24522343244564349,-0.07228969611711973,1.6601732231727064,0.24089753526951235,-0.0730729833318539,1.6609761099930531,0.24089753526951235,-0.0730729833318539,1.6609761099930531,0.0,0.0,0.0,4.4365041922467565,0.07394173653744594
1.3539999999999617,0.24517178817529373,-0.07228626397334913,1.6601690004680967,0.24089753526951235,-0.0730729833318539,1.6609761099930531,0.24089753526951235,-0.0730729833318539,1.6609761099930531,0.0,0.0,0.0,4.436425042296739,0.07394041737161232
1.3549999999999616,0.24512051997813972,-0.07228291210226596,1.6601648708461896,0.24089753526951235,-0.0730729833318539,1.6609761099930531,0.24089753526951235,-0.0730729833318539,1.6609761099930531,0.0,0.0,0.0,4.436352111861509,0.07393920186435848
1.3559999999999615,0.24506962663102805,-0.07227964003934777,1.6601608337351117,0.24089753526951235,-0.0730729833318539,1.6609761099930531,0.24089753526951235,-0.0730729833318539,1.6609761099930531,0.0,0.0,0.0,4.436285354451942,0.0739380892408657
1.3569999999999613,0.24501910690180473,-0.07227644731707822,1.660156888560177,0.24089753526951235,-0.0730729833318539,1.6609761099930531,0.24089753526951235,-0.0730729833318539,1.6609761099930531,0.0,0.0,0.0,4.436224723431969,0.07393707872386615
1.3579999999999612,0.24496895954947592,-0.07227333346503924,1.660153034743991,0.24089753526951235,-0.0730729833318539,1.6609761099930531,0.24089753526951235,-0.0730729833318539,1.6609761099930531,0.0,0.0,0.0,4.436170172024952,0.07393616953374921
1.3589999999999611,0.24491918332435836,-0.07227029800999886,1.6601492717065518,0.24089753526951235,-0.0730729833318539,1.6609761099930531,0.24089753526951235,-0.0730729833318539,1.6609761099930531,0.0,0.0,0.0,4.436121653321171,0.07393536088868619
1.359999999999961,0.24486977696823883,-0.07226734047600154,1.6601455988653522,0.24089753526951235,-0.0730729833318539,1.6609761099930531,0.24089753526951235,-0.0730729833318539,1.6609761099930531,0.0,0.0,0.0,4.436079120284929,0.07393465200474882
1.360999999999961,0.24482073921452685,-0.07226446038445532,1.6601420156354787,0.24089753526951235,-0.0730729833318539,1.6609761099930531,0.24089753526951235,-0.0730729833318539,1.6609761099930531,0.0,0.0,0.0,4.4360425257617555,0.07393404209602926
1.3619999999999608,0.24477206878840796,-0.07226165725421758,1.6601385214297095,0.24089753526951235,-0.0730729833318539,1.6609761099930531,0.24089753526951235,-0.0730729833318539,1.6609761099930531,0.0,0.0,0.0,4.436011822485032,0.07393353037475053
1.3629999999999607,0.24472376440699833,-0.07225893060168284,1.6601351156586148,0.24089753526951235,-0.0730729833318539,1.6609761099930531,0.24089753526951235,-0.0730729833318539,1.6609761099930531,0.0,0.0,0.0,4.435986963083391,0.07393311605138984
1.3639999999999606,0.24467582477949457,-0.0722562799408655,1.6601317977306496,0.24089753526951235,-0.0730729833318539,1.6609761099930531,0.24089753526951235,-0.0730729833318539,1.6609761099930531,0.0,0.0,0.0,4.43596790008715,0.07393279833478585
1.3649999999999605,0.24462824860732651,-0.07225370478348613,1.6601285670522516,0.24089753526951235,-0.0730729833318539,1.6609761099930531,0.24089753526951235,-0.0730729833318539,1.6609761099930531,0.0,0.0,0.0,4.435954585935153,0.07393257643225254
1.3659999999999604,0.24458103458430733,-0.07225120463905124,1.6601254230279319,0.24089753526951235,-0.0730729833318539,1.6609761099930531,0.24089753526951235,-0.0730729833318539,1.6609761099930531,0.0,0.0,0.0,4.43594697298104,0.073932449549684
1.3669999999999602,0.24453418139678326,-0.07224877901493917,1.6601223650603685,0.24089753526951235,-0.0730729833318539,1.6609761099930531,0.24089753526951235,-0.0730729833318539,1.6609761099930531,0.0,0.0,0.0,4.435945013500591,0.07393241689167653
1.3679999999999601,0.24448768772378182,-0.07224642741647833,1.6601193925505013,0.24089753526951235,-0.0730729833318539,1.6609761099930531,0.24089753526951235,-0.0730729833318539,1.6609761099930531,0.0,0.0,0.0,4.435948659697678,0.07393247766162796
1.36899999999996,0.24444155223716063,-0.07224414934702875,1.6601165048976154,0.24089753526951235,-0.0730729833318539,1.6609761099930531,0.24089753526951235,-0.0730729833318539,1.6609761099930531,0.0,0.0,0.0,4.435957863710208,0.07393263106183681
1.36999999999996,0.24439577360175446,-0.07224194430806077,1.6601137014994354,0.24089753526951235,-0.0730729833318539,1.6609761099930531,0.24089753526951235,-0.0730729833318539,1.6609761099930531,0.0,0.0,0.0,4.435972577617729,0.07393287629362882
1.3709999999999598,0.24435035047552076,-0.07223981179923411,1.660110981752211,0.24089753526951235,-0.0730729833318539,1.6609761099930531,0.24089753526951235,-0.0730729833318539,1.6609761099930531,0.0,0.0,0.0,4.4359927534467545,0.07393321255744591
1.3719999999999597,0.2443052815096862,-0.07223775131847496,1.6601083450508045,0.24089753526951235,-0.0730729833318539,1.6609761099930531,0.24089753526951235,-0.0730729833318539,1.6609761099930531,0.0,0.0,0.0,4.436018343176953,0.07393363905294922
1.3729999999999596,0.24426056534889096,-0.07223576236205265,1.6601057907887755,0.24089753526951235,-0.0730729833318539,1.6609761099930531,0.24089753526951235,-0.0730729833318539,1.6609761099930531,0.0,0.0,0.0,4.436049298747522,0.07393415497912538
1.3739999999999595,0.24421620063133243,-0.07223384442465572,1.6601033183584646,0.24089753526951235,-0.0730729833318539,1.6609761099930531,0.24089753526951235,-0.0730729833318539,1.6609761099930531,0.0,0.0,0.0,4.436085572063083,0.07393475953438472
1.3749999999999594,0.24417218598890825,-0.07223199699946584,1.6601009271510778,0.24089753526951235,-0.0730729833318539,1.6609761099930531,0.24089753526951235,-0.0730729833318539,1.6609761099930531,0.0,0.0,0.0,4.4361271150000565,0.0739354519166676
1.3759999999999593,0.2441285200473584,-0.07223021957823361,1.6600986165567695,0.24089753526951235,-0.0730729833318539,1.6609761099930531,0.24089753526951235,-0.0730729833318539,1.6609761099930531,0.0,0.0,0.0,4.436173879411671,0.07393623132352785
1.3769999999999591,0.24408520142640694,-0.07222851165134929,1.6600963859647202,0.24089753526951235,-0.0730729833318539,1.6609761099930531,0.24089753526951235,-0.0730729833318539,1.6609761099930531,0.0,0.0,0.0,4.436225817134261,0.07393709695223769
1.377999999999959,0.24404222873990186,-0.07222687270791675,1.66009423476322,0.24089753526951235,-0.0730729833318539,1.6609761099930531,0.24089753526951235,-0.0730729833318539,1.6609761099930531,0.0,0.0,0.0,4.43628287999294,0.07393804799988234
1.378999999999959,0.2439996005959545,-0.07222530223582471,1.6600921623397447,0.24089753526951235,-0.0730729833318539,1.6609761099930531,0.24089753526951235,-0.0730729833318539,1.6609761099930531,0.0,0.0,0.0,4.43634501980749,0.07393908366345817
1.3799999999999588,0.24395731559707906,-0.07222379972181645,1.6600901680810345,0.24089753526951235,-0.0730729833318539,1.6609761099930531,0.24089753526951235,-0.0730729833318539,1.6609761099930531,0.0,0.0,0.0,4.436412188397515,0.07394020313995858
1.3809999999999587,0.24391537234032892,-0.07222236465155936,1.6600882513731707,0.24089753526951235,-0.0730729833318539,1.6609761099930531,0.24089753526951235,-0.0730729833318539,1.6609761099930531,0.0,0.0,0.0,4.436484337588004,0.07394140562646673
1.3819999999999586,0.24387376941743605,-0.07222099650971565,1.6600864116016505,0.24089753526951235,-0.0730729833318539,1.6609761099930531,0.24089753526951235,-0.0730729833318539,1.6609761099930531,0.0,0.0,0.0,4.436561419214907,0.07394269032024846
1.3829999999999585,0.24383250541494442,-0.07221969478000839,1.6600846481514637,0.24089753526951235,-0.0730729833318539,1.6609761099930531,0.24089753526951235,-0.0730729833318539,1.6609761099930531,0.0,0.0,0.0,4.43664338513041,0.07394405641884018
1.3839999999999584,0.24379157891434652,-0.07221845894528842,1.6600829604071625,0.24089753526951235,-0.0730729833318539,1.6609761099930531,0.24089753526951235,-0.0730729833318539,1.6609761099930531,0.0,0.0,0.0,4.43673018720692,0.07394550312011533
1.3849999999999583,0.2437509884922171,-0.07221728848760323,1.6600813477529373,0.24089753526951235,-0.0730729833318539,1.6609761099930531,0.24089753526951235,-0.0730729833318539,1.6609761099930531,0.0,0.0,0.0,4.436821777346614,0.07394702962244357
1.3859999999999582,0.24371073272034777,-0.07221618288825929,1.6600798095726863,0.24089753526951235,-0.0730729833318539,1.6609761099930531,0.24089753526951235,-0.0730729833318539,1.6609761099930531,0.0,0.0,0.0,4.436918107480689,0.07394863512467814
1.386999999999958,0.24367081016587777,-0.07221514162788822,1.6600783452500856,0.24089753526951235,-0.0730729833318539,1.6609761099930531,0.24089753526951235,-0.0730729833318539,1.6609761099930531,0.0,0.0,0.0,4.4370191295777754,0.07395031882629625
1.387999999999958,0.24363121939142734,-0.07221416418651219,1.6600769541686589,0.24089753526951235,-0.0730729833318539,1.6609761099930531,0.24089753526951235,-0.0730729833318539,1.6609761099930531,0.0,0.0,0.0,4.437124795648431,0.07395207992747385
1.3889999999999578,0.24359195895522645,-0.07221325004360346,1.660075635711848,0.24089753526951235,-0.0730729833318539,1.6609761099930531,0.24089753526951235,-0.0730729833318539,1.6609761099930531,0.0,0.0,0.0,4.437235057750151,0.07395391762916918
1.3899999999999577,0.24355302741124646,-0.07221239867814991,1.6600743892630763,0.24089753526951235,-0.0730729833318539,1.6609761099930531,0.24089753526951235,-0.0730729833318539,1.6609761099930531,0.0,0.0,0.0,4.437349867991213,0.07395583113318689
1.3909999999999576,0.243514423309328,-0.07221160956871418,1.660073214205818,0.24089753526951235,-0.0730729833318539,1.6609761099930531,0.24089753526951235,-0.0730729833318539,1.6609761099930531,0.0,0.0,0.0,4.437469178536637,0.07395781964227728
1.3919999999999575,0.24347614519530958,-0.07221088219349617,1.6600721099236622,0.24089753526951235,-0.0730729833318539,1.6609761099930531,0.24089753526951235,-0.0730729833318539,1.6609761099930531,0.0,0.0,0.0,4.437592941612383,0.07395988236020638
1.3929999999999574,0.2434381916111545,-0.07221021603039145,1.6600710758003783,0.24089753526951235,-0.0730729833318539,1.6609761099930531,0.24089753526951235,-0.0730729833318539,1.6609761099930531,0.0,0.0,0.0,4.437721109509926,0.07396201849183211
1.3939999999999573,0.24340056109507635,-0.07220961055705129,1.6600701112199783,0.24089753526951235,-0.0730729833318539,1.6609761099930531,0.24089753526951235,-0.0730729833318539,1.6609761099930531,0.0,0.0,0.0,4.437853634590581,0.07396422724317635
1.3949999999999572,0.24336325218166527,-0.0722090652509406,1.6600692155667798,0.24089753526951235,-0.0730729833318539,1.6609761099930531,0.24089753526951235,-0.0730729833318539,1.6609761099930531,0.0,0.0,0.0,4.437990469290312,0.0739665078215052
1.395999999999957,0.24332626340201252,-0.07220857958939507,1.6600683882254679,0.24089753526951235,-0.0730729833318539,1.6609761099930531,0.24089753526951235,-0.0730729833318539,1.6609761099930531,0.0,0.0,0.0,4.438131566123957,0.07396885943539928
1.396999999999957,0.24328959328383276,-0.07220815304967958,1.6600676285811549,0.24089753526951235,-0.0730729833318539,1.6609761099930531,0.24089753526951235,-0.0730729833318539,1.6609761099930531,0.0,0.0,0.0,4.438276877689731,0.07397128129482884
1.3979999999999568,0.24325324035158769,-0.07220778510904186,1.6600669360194422,0.24089753526951235,-0.0730729833318539,1.6609761099930531,0.24089753526951235,-0.0730729833318539,1.6609761099930531,0.0,0.0,0.0,4.4384263566731805,0.07397377261121968
1.3989999999999567,0.2432172031266076,-0.07220747524476914,1.6600663099264767,0.24089753526951235,-0.0730729833318539,1.6609761099930531,0.24089753526951235,-0.0730729833318539,1.6609761099930531,0.0,0.0,0.0,4.438579955851658,0.07397633259752763
1.3999999999999566,0.24318148012721125,-0.07220722293424321,1.6600657496890097,0.24089753526951235,-0.0730729833318539,1.6609761099930531,0.24089753526951235,-0.0730729833318539,1.6609761099930531,0.0,0.0,0.0,4.43873762809817,0.07397896046830282
1.4009999999999565,0.24314606986882698,-0.07220702765499297,1.6600652546944532,0.24089753526951235,-0.0730729833318539,1.6609761099930531,0.24089753526951235,-0.0730729833318539,1.6609761099930531,0.0,0.0,0.0,4.438899326385655,0.07398165543976092
1.4019999999999564,0.24311097086411032,-0.07220688888474783,1.6600648243309366,0.24089753526951235,-0.0730729833318539,1.6609761099930531,0.24089753526951235,-0.0730729833318539,1.6609761099930531,0.0,0.0,0.0,4.439065003791105,0.07398441672985175
1.4029999999999563,0.24307618162306308,-0.0722068061014905,1.6600644579873638,0.24089753526951235,-0.0730729833318539,1.6609761099930531,0.24089753526951235,-0.0730729833318539,1.6609761099930531,0.0,0.0,0.0,4.439234613499178,0.07398724355831962
1.4039999999999562,0.24304170065314964,-0.0722067787835081,1.6600641550534625,0.24089753526951235,-0.0730729833318539,1.6609761099930531,0.24089753526951235,-0.0730729833318539,1.6609761099930531,0.0,0.0,0.0,4.4394081088057185,0.07399013514676198
1.404999999999956,0.24300752645941387,-0.07220680640944269,1.6600639149198424,0.24089753526951235,-0.0730729833318539,1.6609761099930531,0.24089753526951235,-0.0730729833318539,1.6609761099930531,0.0,0.0,0.0,4.4395854431226445,0.07399309071871074
1.405999999999956,0.24297365754459388,-0.07220688845834285,1.6600637369780478,0.24089753526951235,-0.0730729833318539,1.6609761099930531,0.24089753526951235,-0.0730729833318539,1.6609761099930531,0.0,0.0,0.0,4.439766569980773,0.07399610949967955
1.4069999999999558,0.24294009240923553,-0.07220702440971061,1.6600636206206045,0.24089753526951235,-0.0730729833318539,1.6609761099930531,0.24089753526951235,-0.0730729833318539,1.6609761099930531,0.0,0.0,0.0,4.43995144303321,0.07399919071722016
1.4079999999999557,0.2429068295518077,-0.07220721374355307,1.660063565241076,0.24089753526951235,-0.0730729833318539,1.6609761099930531,0.24089753526951235,-0.0730729833318539,1.6609761099930531,0.0,0.0,0.0,4.440140016060142,0.07400233360100236
1.4089999999999556,0.24287386746881323,-0.07220745594042814,1.6600635702341107,0.24089753526951235,-0.0730729833318539,1.6609761099930531,0.24089753526951235,-0.0730729833318539,1.6609761099930531,0.0,0.0,0.0,4.440332242971205,0.07400553738285341
1.4099999999999555,0.24284120465490122,-0.07220775048149282,1.660063634995494,0.24089753526951235,-0.0730729833318539,1.6609761099930531,0.24089753526951235,-0.0730729833318539,1.6609761099930531,0.0,0.0,0.0,4.440528077809541,0.07400880129682567
1.4109999999999554,0.24280883960297686,-0.07220809684854941,1.6600637589221896,0.24089753526951235,-0.0730729833318539,1.6609761099930531,0.24089753526951235,-0.0730729833318539,1.6609761099930531,0.0,0.0,0.0,4.440727474754761,0.07401212457924601
1.4119999999999553,0.24277677080431237,-0.07220849452409232,1.660063941412398,0.24089753526951235,-0.0730729833318539,1.6609761099930531,0.24089753526951235,-0.0730729833318539,1.6609761099930531,0.0,0.0,0.0,4.4409303881275575,0.07401550646879262
1.4129999999999552,0.24274499674865463,-0.07220894299135197,1.6600641818655948,0.24089753526951235,-0.0730729833318539,1.6609761099930531,0.24089753526951235,-0.0730729833318539,1.6609761099930531,0.0,0.0,0.0,4.441136772390754,0.07401894620651257
1.413999999999955,0.24271351592433338,-0.07220944173434034,1.6600644796825794,0.24089753526951235,-0.0730729833318539,1.6609761099930531,0.24089753526951235,-0.0730729833318539,1.6609761099930531,0.0,0.0,0.0,4.441346582154267,0.07402244303590445
1.414999999999955,0.24268232681836927,-0.0722099902378948,1.6600648342655198,0.24089753526951235,-0.0730729833318539,1.6609761099930531,0.24089753526951235,-0.0730729833318539,1.6609761099930531,0.0,0.0,0.0,4.441559772177873,0.07402599620296454
1.4159999999999549,0.2426514279165771,-0.07221058798772043,1.6600652450179985,0.24089753526951235,-0.0730729833318539,1.6609761099930531,0.24089753526951235,-0.0730729833318539,1.6609761099930531,0.0,0.0,0.0,4.441776297373978,0.07402960495623297
1.4169999999999547,0.24262081770367439,-0.07221123447043393,1.6600657113450545,0.24089753526951235,-0.0730729833318539,1.6609761099930531,0.24089753526951235,-0.0730729833318539,1.6609761099930531,0.0,0.0,0.0,4.44199611281094,0.074033268546849
1.4179999999999546,0.24259049466338256,-0.07221192917360462,1.6600662326532272,0.24089753526951235,-0.0730729833318539,1.6609761099930531,0.24089753526951235,-0.0730729833318539,1.6609761099930531,0.0,0.0,0.0,4.4422191737159,0.07403698622859833
1.4189999999999545,0.2425604572785326,-0.07221267158579564,1.6600668083505976,0.24089753526951235,-0.0730729833318539,1.6609761099930531,0.24089753526951235,-0.0730729833318539,1.6609761099930531,0.0,0.0,0.0,4.442445435477744,0.0740407572579624
1.4199999999999544,0.24253070403116533,-0.07221346119660502,1.66006743784683,0.24089753526951235,-0.0730729833318539,1.6609761099930531,0.24089753526951235,-0.0730729833318539,1.6609761099930531,0.0,0.0,0.0,4.442674853649943,0.07404458089416571
1.4209999999999543,0.2425012334026342,-0.07221429749670569,1.6600681205532137,0.24089753526951235,-0.0730729833318539,1.6609761099930531,0.24089753526951235,-0.0730729833318539,1.6609761099930531,0.0,0.0,0.0,4.442907383953307,0.0740484563992218
1.4219999999999542,0.24247204387370547,-0.07221517997788374,1.6600688558827,0.24089753526951235,-0.0730729833318539,1.6609761099930531,0.24089753526951235,-0.0730729833318539,1.6609761099930531,0.0,0.0,0.0,4.443142982278738,0.07405238303797897
1.422999999999954,0.2424431339246571,-0.07221610813307869,1.6600696432499455,0.24089753526951235,-0.0730729833318539,1.6609761099930531,0.24089753526951235,-0.0730729833318539,1.6609761099930531,0.0,0.0,0.0,4.443381604690284,0.0740563600781714
1.423999999999954,0.24241450203537895,-0.0722170814564204,1.6600704820713474,0.24089753526951235,-0.0730729833318539,1.6609761099930531,0.24089753526951235,-0.0730729833318539,1.6609761099930531,0.0,0.0,0.0,4.443623207426664,0.0740603867904444
1.4249999999999539,0.24238614668546848,-0.07221809944326683,1.660071371765082,0.24089753526951235,-0.0730729833318539,1.6609761099930531,0.24089753526951235,-0.0730729833318539,1.6609761099930531,0.0,0.0,0.0,4.443867746905395,0.07406446244842325
1.4259999999999537,0.24235806635432908,-0.07221916159024065,1.6600723117511416,0.24089753526951235,-0.0730729833318539,1.6609761099930531,0.24089753526951235,-0.0730729833318539,1.6609761099930531,0.0,0.0,0.0,4.444115179723932,0.0740685863287322
1.4269999999999536,0.24233025952126575,-0.07222026739526641,1.6600733014513709,0.24089753526951235,-0.0730729833318539,1.6609761099930531,0.24089753526951235,-0.0730729833318539,1.6609761099930531,0.0,0.0,0.0,4.444365462663002,0.07407275771105003
1.4279999999999535,0.24230272466557964,-0.07222141635760432,1.6600743402895035,0.24089753526951235,-0.0730729833318539,1.6609761099930531,0.24089753526951235,-0.0730729833318539,1.6609761099930531,0.0,0.0,0.0,4.4446185526884765,0.07407697587814127
1.4289999999999534,0.24227546026666263,-0.07222260797788718,1.6600754276911946,0.24089753526951235,-0.0730729833318539,1.6609761099930531,0.24089753526951235,-0.0730729833318539,1.6609761099930531,0.0,0.0,0.0,4.444874406953886,0.0740812401158981
1.4299999999999533,0.24224846480409015,-0.07222384175815326,1.6600765630840584,0.24089753526951235,-0.0730729833318539,1.6609761099930531,0.24089753526951235,-0.0730729833318539,1.6609761099930531,0.0,0.0,0.0,4.445132982802816,0.07408554971338027
1.4309999999999532,0.24222173675771375,-0.0722251172018813,1.6600777458976967,0.24089753526951235,-0.0730729833318539,1.6609761099930531,0.24089753526951235,-0.0730729833318539,1.6609761099930531,0.0,0.0,0.0,4.4453942377711115,0.07408990396285185
1.431999999999953,0.24219527460775198,-0.0722264338140222,1.6600789755637384,0.24089753526951235,-0.0730729833318539,1.6609761099930531,0.24089753526951235,-0.0730729833318539,1.6609761099930531,0.0,0.0,0.0,4.445658129589161,0.07409430215981934
1.432999999999953,0.2421690768348821,-0.07222779110103347,1.6600802515158661,0.24089753526951235,-0.0730729833318539,1.6609761099930531,0.24089753526951235,-0.0730729833318539,1.6609761099930531,0.0,0.0,0.0,4.4459246161833965,0.07409874360305661
1.4339999999999529,0.2421431419203276,-0.07222918857090974,1.6600815731898493,0.24089753526951235,-0.0730729833318539,1.6609761099930531,0.24089753526951235,-0.0730729833318539,1.6609761099930531,0.0,0.0,0.0,4.4461936556792345,0.0741032275946539
1.4349999999999528,0.24211746834594863,-0.07223062573321518,1.660082940023576,0.24089753526951235,-0.0730729833318539,1.6609761099930531,0.24089753526951235,-0.0730729833318539,1.6609761099930531,0.0,0.0,0.0,4.446465206402836,0.07410775344004726
1.4359999999999526,0.24209205459432967,-0.07223210209911322,1.6600843514570827,0.24089753526951235,-0.0730729833318539,1.6609761099930531,0.24089753526951235,-0.0730729833318539,1.6609761099930531,0.0,0.0,0.0,4.446739226882727,0.07411232044804544
1.4369999999999525,0.24206689914886498,-0.0722336171813992,1.6600858069325841,0.24089753526951235,-0.0730729833318539,1.6609761099930531,0.24089753526951235,-0.0730729833318539,1.6609761099930531,0.0,0.0,0.0,4.447015675852133,0.07411692793086888
1.4379999999999524,0.2420420004938461,-0.07223517049452657,1.6600873058945012,0.24089753526951235,-0.0730729833318539,1.6609761099930531,0.24089753526951235,-0.0730729833318539,1.6609761099930531,0.0,0.0,0.0,4.447294512250591,0.07412157520417652
1.4389999999999523,0.24201735711454592,-0.07223676155463997,1.6600888477894913,0.24089753526951235,-0.0730729833318539,1.6609761099930531,0.24089753526951235,-0.0730729833318539,1.6609761099930531,0.0,0.0,0.0,4.447575695225998,0.07412626158709996
1.4399999999999522,0.24199296749730365,-0.07223838987960096,1.660090432066472,0.24089753526951235,-0.0730729833318539,1.6609761099930531,0.24089753526951235,-0.0730729833318539,1.6609761099930531,0.0,0.0,0.0,4.44785918413601,0.07413098640226683
1.440999999999952,0.24196883012960732,-0.072240054989017,1.6600920581766534,0.24089753526951235,-0.0730729833318539,1.6609761099930531,0.24089753526951235,-0.0730729833318539,1.6609761099930531,0.0,0.0,0.0,4.448144938550633,0.07413574897584388
1.441999999999952,0.24194494350017692,-0.07224175640427037,1.660093725573562,0.24089753526951235,-0.0730729833318539,1.6609761099930531,0.24089753526951235,-0.0730729833318539,1.6609761099930531,0.0,0.0,0.0,4.448432918252865,0.07414054863754775
1.4429999999999519,0.24192130609904572,-0.07224349364854252,1.660095433713065,0.24089753526951235,-0.0730729833318539,1.6609761099930531,0.24089753526951235,-0.0730729833318539,1.6609761099930531,0.0,0.0,0.0,4.448723083240554,0.0741453847206759
1.4439999999999518,0.24189791641764036,-0.07224526624684285,1.6600971820533978,0.24089753526951235,-0.0730729833318539,1.6609761099930531,0.24089753526951235,-0.0730729833318539,1.6609761099930531,0.0,0.0,0.0,4.449015393728814,0.0741502565621469
1.4449999999999517,0.24187477294886175,-0.07224707372603391,1.6600989700551905,0.24089753526951235,-0.0730729833318539,1.6609761099930531,0.24089753526951235,-0.0730729833318539,1.6609761099930531,0.0,0.0,0.0,4.4493098101508055,0.07415516350251343
1.4459999999999515,0.24185187418716203,-0.07224891561485608,1.6601007971814856,0.24089753526951235,-0.0730729833318539,1.6609761099930531,0.24089753526951235,-0.0730729833318539,1.6609761099930531,0.0,0.0,0.0,4.449606293158875,0.07416010488598125
1.4469999999999514,0.24182921862862555,-0.07225079144395412,1.6601026628977684,0.24089753526951235,-0.0730729833318539,1.6609761099930531,0.24089753526951235,-0.0730729833318539,1.6609761099930531,0.0,0.0,0.0,4.449904803627498,0.0741650800604583
1.4479999999999513,0.24180680477104274,-0.07225270074589937,1.6601045666719878,0.24089753526951235,-0.0730729833318539,1.6609761099930531,0.24089753526951235,-0.0730729833318539,1.6609761099930531,0.0,0.0,0.0,4.450205302653006,0.0741700883775501
1.4489999999999512,0.24178463111398937,-0.07225464305521645,1.6601065079745758,0.24089753526951235,-0.0730729833318539,1.6609761099930531,0.24089753526951235,-0.0730729833318539,1.6609761099930531,0.0,0.0,0.0,4.450507751555735,0.07417512919259558
1.449999999999951,0.24176269615889873,-0.0722566179084034,1.6601084862784732,0.24089753526951235,-0.0730729833318539,1.6609761099930531,0.24089753526951235,-0.0730729833318539,1.6609761099930531,0.0,0.0,0.0,4.450812111881372,0.07418020186468953
1.450999999999951,0.24174099840913926,-0.07225862484395709,1.660110501059148,0.24089753526951235,-0.0730729833318539,1.6609761099930531,0.24089753526951235,-0.0730729833318539,1.6609761099930531,0.0,0.0,0.0,4.4511183454021035,0.07418530575670172
1.4519999999999509,0.2417195363700863,-0.07226066340239423,1.6601125517946187,0.24089753526951235,-0.0730729833318539,1.6609761099930531,0.24089753526951235,-0.0730729833318539,1.6609761099930531,0.0,0.0,0.0,4.451426414118054,0.0741904402353009
1.4529999999999508,0.24169830854919613,-0.07226273312627421,1.6601146379654745,0.24089753526951235,-0.0730729833318539,1.6609761099930531,0.24089753526951235,-0.0730729833318539,1.6609761099930531,0.0,0.0,0.0,4.451736280258132,0.07419560467096886
1.4539999999999507,0.24167731345607624,-0.07226483356021966,1.6601167590548904,0.24089753526951235,-0.0730729833318539,1.6609761099930531,0.24089753526951235,-0.0730729833318539,1.6609761099930531,0.0,0.0,0.0,4.452047906281024,0.07420079843801707
1.4549999999999506,0.24165654960255933,-0.07226696425093786,1.660118914548653,0.24089753526951235,-0.0730729833318539,1.6609761099930531,0.24089753526951235,-0.0730729833318539,1.6609761099930531,0.0,0.0,0.0,4.452361254877252,0.07420602091462088
1.4559999999999504,0.24163601550276884,-0.07226912474724026,1.6601211039351726,0.24089753526951235,-0.0730729833318539,1.6609761099930531,0.24089753526951235,-0.0730729833318539,1.6609761099930531,0.0,0.0,0.0,4.452676288969135,0.07421127148281892
1.4569999999999503,0.2416157096731945,-0.07227131460006413,1.6601233267055098,0.24089753526951235,-0.0730729833318539,1.6609761099930531,0.24089753526951235,-0.0730729833318539,1.6609761099930531,0.0,0.0,0.0,4.452992971712575,0.07421654952854292
1.4579999999999502,0.24159563063275502,-0.07227353336249025,1.66012558235338,0.24089753526951235,-0.0730729833318539,1.6609761099930531,0.24089753526951235,-0.0730729833318539,1.6609761099930531,0.0,0.0,0.0,4.453311266497015,0.07422185444161691
1.4589999999999501,0.24157577690287046,-0.07227578058976354,1.660127870375187,0.24089753526951235,-0.0730729833318539,1.6609761099930531,0.24089753526951235,-0.0730729833318539,1.6609761099930531,0.0,0.0,0.0,4.45363113694856,0.07422718561580934
1.45999999999995,0.24155614700752545,-0.07227805583930985,1.6601301902700234,0.24089753526951235,-0.0730729833318539,1.6609761099930531,0.24089753526951235,-0.0730729833318539,1.6609761099930531,0.0,0.0,0.0,4.45395254692743,0.07423254244879049
1.46099999999995,0.2415367394733371,-0.07228035867075527,1.6601325415396984,0.24089753526951235,-0.0730729833318539,1.6609761099930531,0.24089753526951235,-0.0730729833318539,1.6609761099930531,0.0,0.0,0.0,4.45427546053264,0.07423792434221066
1.4619999999999498,0.24151755282962084,-0.07228268864594357,1.660134923688747,0.24089753526951235,-0.0730729833318539,1.6609761099930531,0.24089753526951235,-0.0730729833318539,1.6609761099930531,0.0,0.0,0.0,4.454599842100202,0.07424333070167004
1.4629999999999497,0.2414985856084531,-0.07228504532895323,1.66013733622445,0.24089753526951235,-0.0730729833318539,1.6609761099930531,0.24089753526951235,-0.0730729833318539,1.6609761099930531,0.0,0.0,0.0,4.454925656204785,0.07424876093674641
1.4639999999999496,0.24147983634473646,-0.07228742828611406,1.6601397786568424,0.24089753526951235,-0.0730729833318539,1.6609761099930531,0.24089753526951235,-0.0730729833318539,1.6609761099930531,0.0,0.0,0.0,4.455252867660301,0.07425421446100501
1.4649999999999495,0.24146130357626114,-0.07228983708602382,1.6601422504987327,0.24089753526951235,-0.0730729833318539,1.6609761099930531,0.24089753526951235,-0.0730729833318539,1.6609761099930531,0.0,0.0,0.0,4.455581441521077,0.07425969069201795
1.4659999999999493,0.2414429858437672,-0.07229227129956384,1.6601447512657161,0.24089753526951235,-0.0730729833318539,1.6609761099930531,0.24089753526951235,-0.0730729833318539,1.6609761099930531,0.0,0.0,0.0,4.455911343081822,0.0742651890513637
1.4669999999999492,0.24142488169100645,-0.0722947304999143,1.6601472804761834,0.24089753526951235,-0.0730729833318539,1.6609761099930531,0.24089753526951235,-0.0730729833318539,1.6609761099930531,0.0,0.0,0.0,4.456242537878495,0.07427070896464158
1.4679999999999491,0.24140698966480112,-0.07229721426256899,1.6601498376513397,0.24089753526951235,-0.0730729833318539,1.6609761099930531,0.24089753526951235,-0.0730729833318539,1.6609761099930531,0.0,0.0,0.0,4.456574991689869,0.0742762498614978
1.468999999999949,0.24138930831510608,-0.07229972216535172,1.6601524223152124,0.24089753526951235,-0.0730729833318539,1.6609761099930531,0.24089753526951235,-0.0730729833318539,1.6609761099930531,0.0,0.0,0.0,4.456908670536224,0.07428181117560374
1.469999999999949,0.2413718361950644,-0.07230225378842722,1.6601550339946645,0.24089753526951235,-0.0730729833318539,1.6609761099930531,0.24089753526951235,-0.0730729833318539,1.6609761099930531,0.0,0.0,0.0,4.457243540681454,0.07428739234469091
1.4709999999999488,0.2413545718610668,-0.07230480871431773,1.6601576722194058,0.24089753526951235,-0.0730729833318539,1.6609761099930531,0.24089753526951235,-0.0730729833318539,1.6609761099930531,0.0,0.0,0.0,4.457579568633347,0.07429299281055578
1.4719999999999487,0.24133751387280866,-0.07230738652791484,1.6601603365220052,0.24089753526951235,-0.0730729833318539,1.6609761099930531,0.24089753526951235,-0.0730729833318539,1.6609761099930531,0.0,0.0,0.0,4.457916721143244,0.07429861201905406
1.4729999999999486,0.24132066079334635,-0.07230998681649312,1.6601630264378986,0.24089753526951235,-0.0730729833318539,1.6609761099930531,0.24089753526951235,-0.0730729833318539,1.6609761099930531,0.0,0.0,0.0,4.458254965207297,0.07430424942012162
1.4739999999999485,0.24130401118915262,-0.07231260916972194,1.6601657415054012,0.24089753526951235,-0.0730729833318539,1.6609761099930531,0.24089753526951235,-0.0730729833318539,1.6609761099930531,0.0,0.0,0.0,4.458594268066508,0.07430990446777513
1.4749999999999484,0.24128756363017068,-0.07231525317967788,1.6601684812657165,0.24089753526951235,-0.0730729833318539,1.6609761099930531,0.24089753526951235,-0.0730729833318539,1.6609761099930531,0.0,0.0,0.0,4.458934597207025,0.07431557662011709
1.4759999999999482,0.24127131668986918,-0.07231791844085682,1.6601712452629456,0.24089753526951235,-0.0730729833318539,1.6609761099930531,0.24089753526951235,-0.0730729833318539,1.6609761099930531,0.0,0.0,0.0,4.459275920360801,0.07432126533934667
1.4769999999999481,0.24125526894529564,-0.07232060455018487,1.6601740330440955,0.24089753526951235,-0.0730729833318539,1.6609761099930531,0.24089753526951235,-0.0730729833318539,1.6609761099930531,0.0,0.0,0.0,4.459618205505551,0.07432697009175919
1.477999999999948,0.24123941897712609,-0.07232331110702882,1.6601768441590878,0.24089753526951235,-0.0730729833318539,1.6609761099930531,0.24089753526951235,-0.0730729833318539,1.6609761099930531,0.0,0.0,0.0,4.459961420865372,0.07433269034775619
1.478999999999948,0.2412237653697194,-0.07232603771320735,1.6601796781607674,0.24089753526951235,-0.0730729833318539,1.6609761099930531,0.24089753526951235,-0.0730729833318539,1.6609761099930531,0.0,0.0,0.0,4.460305534910697,0.07433842558184495
1.4799999999999478,0.241208306711169,-0.07232878397300165,1.6601825346049102,0.24089753526951235,-0.0730729833318539,1.6609761099930531,0.24089753526951235,-0.0730729833318539,1.6609761099930531,0.0,0.0,0.0,4.460650516358767,0.07434417527264611
1.4809999999999477,0.24119304159334887,-0.07233154949316326,1.66018541305023,0.24089753526951235,-0.0730729833318539,1.6609761099930531,0.24089753526951235,-0.0730729833318539,1.6609761099930531,0.0,0.0,0.0,4.46099633417337,0.07434993890288949
1.4819999999999476,0.24117796861196564,-0.07233433388292607,1.6601883130583823,0.24089753526951235,-0.0730729833318539,1.6609761099930531,0.24089753526951235,-0.0730729833318539,1.6609761099930531,0.0,0.0,0.0,4.461342957565132,0.07435571595941887
1.4829999999999475,0.24116308636660838,-0.07233713675401315,1.6601912341939769,0.24089753526951235,-0.0730729833318539,1.6609761099930531,0.24089753526951235,-0.0730729833318539,1.6609761099930531,0.0,0.0,0.0,4.46169035599288,0.07436150593321468
1.4839999999999474,0.24114839346079386,-0.07233995772064684,1.6601941760245802,0.24089753526951235,-0.0730729833318539,1.6609761099930531,0.24089753526951235,-0.0730729833318539,1.6609761099930531,0.0,0.0,0.0,4.462038499161588,0.07436730831935981
1.4849999999999473,0.24113388850201273,-0.07234279639955571,1.6601971381207195,0.24089753526951235,-0.0730729833318539,1.6609761099930531,0.24089753526951235,-0.0730729833318539,1.6609761099930531,0.0,0.0,0.0,4.462387357023858,0.0743731226170643
1.4859999999999471,0.24111957010177926,-0.07234565240998395,1.6602001200558911,0.24089753526951235,-0.0730729833318539,1.6609761099930531,0.24089753526951235,-0.0730729833318539,1.6609761099930531,0.0,0.0,0.0,4.462736899779827,0.07437894832966378
1.486999999999947,0.2411054368756756,-0.0723485253736988,1.6602031214065665,0.24089753526951235,-0.0730729833318539,1.6609761099930531,0.24089753526951235,-0.0730729833318539,1.6609761099930531,0.0,0.0,0.0,4.463087097876928,0.07438478496461547
1.487999999999947,0.24109148744339476,-0.07235141491499661,1.660206141752193,0.24089753526951235,-0.0730729833318539,1.6609761099930531,0.24089753526951235,-0.0730729833318539,1.6609761099930531,0.0,0.0,0.0,4.463437922009634,0.0743906320334939
1.4889999999999468,0.2410777204287871,-0.07235432066071014,1.6602091806751993,0.24089753526951235,-0.0730729833318539,1.6609761099930531,0.24089753526951235,-0.0730729833318539,1.6609761099930531,0.0,0.0,0.0,4.463789343119858,0.07439648905199764
1.4899999999999467,0.2410641344599027,-0.07235724224021618,1.6602122377610018,0.24089753526951235,-0.0730729833318539,1.6609761099930531,0.24089753526951235,-0.0730729833318539,1.6609761099930531,0.0,0.0,0.0,4.464141332396991,0.07440235553994985
1.4909999999999466,0.24105072816903306,-0.07236017928544072,1.6602153125980053,0.24089753526951235,-0.0730729833318539,1.6609761099930531,0.24089753526951235,-0.0730729833318539,1.6609761099930531,0.0,0.0,0.0,4.464493861277296,0.07440823102128827
1.4919999999999465,0.24103750019275524,-0.07236313143086558,1.6602184047776083,0.24089753526951235,-0.0730729833318539,1.6609761099930531,0.24089753526951235,-0.0730729833318539,1.6609761099930531,0.0,0.0,0.0,4.4648469014443615,0.07441411502407269
1.4929999999999464,0.24102444917197,-0.07236609831353247,1.660221513894202,0.24089753526951235,-0.0730729833318539,1.6609761099930531,0.24089753526951235,-0.0730729833318539,1.6609761099930531,0.0,0.0,0.0,4.465200424828078,0.07442000708046796
1.4939999999999463,0.24101157375194693,-0.07236907957305037,1.660224639545181,0.24089753526951235,-0.0730729833318539,1.6609761099930531,0.24089753526951235,-0.0730729833318539,1.6609761099930531,0.0,0.0,0.0,4.4655544036059664,0.0744259067267661
1.4949999999999461,0.24099887258235786,-0.07237207485159841,1.6602277813309347,0.24089753526951235,-0.0730729833318539,1.6609761099930531,0.24089753526951235,-0.0730729833318539,1.6609761099930531,0.0,0.0,0.0,4.465908810200972,0.07443181350334953
1.495999999999946,0.2409863443173217,-0.07237508379393238,1.6602309388548575,0.24089753526951235,-0.0730729833318539,1.6609761099930531,0.24089753526951235,-0.0730729833318539,1.6609761099930531,0.0,0.0,0.0,4.466263617283257,0.07443772695472095
1.496999999999946,0.2409739876154401,-0.07237810604738736,1.6602341117233474,0.24089753526951235,-0.0730729833318539,1.6609761099930531,0.24089753526951235,-0.0730729833318539,1.6609761099930531,0.0,0.0,0.0,4.466618797768781,0.07444364662947969
1.4979999999999458,0.2409618011398354,-0.0723811412618823,1.6602372995458066,0.24089753526951235,-0.0730729833318539,1.6609761099930531,0.24089753526951235,-0.0730729833318539,1.6609761099930531,0.0,0.0,0.0,4.4669743248191764,0.0744495720803196
1.4989999999999457,0.24094978355818678,-0.07238418908992363,1.6602405019346436,0.24089753526951235,-0.0730729833318539,1.6609761099930531,0.24089753526951235,-0.0730729833318539,1.6609761099930531,0.0,0.0,0.0,4.467330171841775,0.07445550286402959
1.4999999999999456,0.24093793354277016,-0.07238724918660912,1.6602437185052752,0.24089753526951235,-0.0730729833318539,1.6609761099930531,0.24089753526951235,-0.0730729833318539,1.6609761099930531,0.0,0.0,0.0,4.467686312488952,0.07446143854148253
1.5009999999999455,0.24092624977048813,-0.0723903212096298,1.660246948876121,0.24089753526951235,-0.0730729833318539,1.6609761099930531,0.24089753526951235,-0.0730729833318539,1.6609761099930531,0.0,0.0,0.0,4.468042720657931,0.07446737867763219
