time_s,ee_x,ee_y,ee_z,ref_x,ref_y,ref_z,actor_goal_x,actor_goal_y,actor_goal_z,force_x_n,force_y_n,force_z_n,max_abs_ctrl,max_control_fraction
0.001,0.24089753526951235,-0.0730729833318539,1.6609761099930531,0.24089753526951235,-0.0730729833318539,1.6609761099930531,0.24089753526951235,-0.0730729833318539,1.6609761099930531,0.0,0.0,0.0,4.534865693479492,0.07558109489132488
0.002,0.24089792617506692,-0.07307301570812491,1.6609760723441913,0.24089753526951235,-0.0730729833318539,1.6609761099930531,0.24089753526951235,-0.0730729833318539,1.6609761099930531,0.0,0.0,0.0,4.543371965735952,0.07572286609559921
0.003,0.24089831937263367,-0.07307305800194208,1.6609758875775094,0.24089753526951235,-0.0730729833318539,1.6609761099930531,0.24089753526951235,-0.0730729833318539,1.6609761099930531,0.0,0.0,0.0,4.546428334659099,0.07577380557765165
0.004,0.2408985959084074,-0.0730730990489868,1.660975551864305,0.24089753526951235,-0.0730729833318539,1.6609761099930531,0.24089753526951235,-0.0730729833318539,1.6609761099930531,0.0,0.0,0.0,4.547257830046676,0.07578763050077793
0.005,0.24089873850627827,-0.07307313315159046,1.6609750987717846,0.24089753526951235,-0.0730729833318539,1.6609761099930531,0.24089753526951235,-0.0730729833318539,1.6609761099930531,0.0,0.0,0.0,4.547114933131309,0.07578524888552181
0.006,0.24089876482285622,-0.07307315754235848,1.6609745717463507,0.24089753526951235,-0.0730729833318539,1.6609761099930531,0.24089753526951235,-0.0730729833318539,1.6609761099930531,0.0,0.0,0.0,4.546480530460921,0.07577467550768202
0.007,0.24089870159190813,-0.07307317118215499,1.660974013170756,0.24089753526951235,-0.0730729833318539,1.6609761099930531,0.24089753526951235,-0.0730729833318539,1.6609761099930531,0.0,0.0,0.0,4.545542338855097,0.07575903898091828
0.008,0.24089857513298557,-0.07307317412966402,1.6609734601938622,0.24089753526951235,-0.0730729833318539,1.6609761099930531,0.24089753526951235,-0.0730729833318539,1.6609761099930531,0.0,0.0,0.0,4.544384565115738,0.07573974275192898
0.009000000000000001,0.2408984082820678,-0.07307316716657666,1.6609729433461156,0.24089753526951235,-0.0730729833318539,1.6609761099930531,0.24089753526951235,-0.0730729833318539,1.6609761099930531,0.0,0.0,0.0,4.5430598967927835,0.07571766494654639
0.010000000000000002,0.24089821975031128,-0.07307315154600319,1.6609724863219646,0.24089753526951235,-0.0730729833318539,1.6609761099930531,0.24089753526951235,-0.0730729833318539,1.6609761099930531,0.0,0.0,0.0,4.541614504652858,0.07569357507754763
0.011000000000000003,0.24089802433408047,-0.07307312880771873,1.6609721062709677,0.24089753526951235,-0.0730729833318539,1.6609761099930531,0.24089753526951235,-0.0730729833318539,1.6609761099930531,0.0,0.0,0.0,4.540094822242718,0.07566824703737864
0.012000000000000004,0.2408978333733201,-0.07307310063548901,1.6609718143260033,0.24089753526951235,-0.0730729833318539,1.6609761099930531,0.24089753526951235,-0.0730729833318539,1.6609761099930531,0.0,0.0,0.0,4.5385477095158455,0.07564246182526409
0.013000000000000005,0.24089765524162357,-0.07307306874498394,1.6609716162508046,0.24089753526951235,-0.0730729833318539,1.6609761099930531,0.24089753526951235,-0.0730729833318539,1.6609761099930531,0.0,0.0,0.0,4.537018604283378,0.0756169767380563
0.014000000000000005,0.24089749580012498,-0.0730730347963328,1.660971513149337,0.24089753526951235,-0.0730729833318539,1.6609761099930531,0.24089753526951235,-0.0730729833318539,1.6609761099930531,0.0,0.0,0.0,4.535549423058677,0.07559249038431128
0.015000000000000006,0.24089735880142438,-0.07307300032772664,1.660971502202941,0.24089753526951235,-0.0730729833318539,1.6609761099930531,0.24089753526951235,-0.0730729833318539,1.6609761099930531,0.0,0.0,0.0,4.534176830346137,0.07556961383910228
0.016000000000000007,0.2408972462469981,-0.07307296670742312,1.6609715774105287,0.24089753526951235,-0.0730729833318539,1.6609761099930531,0.24089753526951235,-0.0730729833318539,1.6609761099930531,0.0,0.0,0.0,4.5329310438632975,0.07554885073105495
0.017000000000000008,0.24089715870516154,-0.07307293510190291,1.6609717303115887,0.24089753526951235,-0.0730729833318539,1.6609761099930531,0.24089753526951235,-0.0730729833318539,1.6609761099930531,0.0,0.0,0.0,4.531835170543433,0.07553058617572388
0.01800000000000001,0.2408970955958083,-0.07307290645807854,1.660971950674705,0.24089753526951235,-0.0730729833318539,1.6609761099930531,0.24089753526951235,-0.0730729833318539,1.6609761099930531,0.0,0.0,0.0,4.5309050069603,0.07551508344933833
0.01900000000000001,0.24089705544625362,-0.07307288149751771,1.6609722271370833,0.24089753526951235,-0.0730729833318539,1.6609761099930531,0.24089753526951235,-0.0730729833318539,1.6609761099930531,0.0,0.0,0.0,4.530149220502436,0.07550248700837393
0.02000000000000001,0.24089703612079266,-0.07307286072069143,1.6609725477834136,0.24089753526951235,-0.0730729833318539,1.6609761099930531,0.24089753526951235,-0.0730729833318539,1.6609761099930531,0.0,0.0,0.0,4.5295698271920575,0.07549283045320096
0.02100000000000001,0.24089703502536214,-0.07307284441931748,1.6609729006553944,0.24089753526951235,-0.0730729833318539,1.6609761099930531,0.24089753526951235,-0.0730729833318539,1.6609761099930531,0.0,0.0,0.0,4.5291628879360015,0.0754860481322667
0.022000000000000013,0.24089704928796563,-0.07307283269495524,1.6609732741862475,0.24089753526951235,-0.0730729833318539,1.6609761099930531,0.24089753526951235,-0.0730729833318539,1.6609761099930531,0.0,0.0,0.0,4.528919353093203,0.07548198921822005
0.023000000000000013,0.24089707591520382,-0.07307282548211944,1.660973657557432,0.24089753526951235,-0.0730729833318539,1.6609761099930531,0.24089753526951235,-0.0730729833318539,1.6609761099930531,0.0,0.0,0.0,4.528825994014689,0.07548043323357814
0.024000000000000014,0.24089711192522356,-0.07307282257432604,1.6609740409774725,0.24089753526951235,-0.0730729833318539,1.6609761099930531,0.24089753526951235,-0.0730729833318539,1.6609761099930531,0.0,0.0,0.0,4.528866369055292,0.07548110615092153
0.025000000000000015,0.24089715445756787,-0.07307282365163924,1.66097441588516,0.24089753526951235,-0.0730729833318539,1.6609761099930531,0.24089753526951235,-0.0730729833318539,1.6609761099930531,0.0,0.0,0.0,4.529021780200675,0.07548369633667791
0.026000000000000016,0.2408972008606809,-0.07307282830847942,1.6609747750814563,0.24089753526951235,-0.0730729833318539,1.6609761099930531,0.24089753526951235,-0.0730729833318539,1.6609761099930531,0.0,0.0,0.0,4.529272184774713,0.0754878697462452
0.027000000000000017,0.24089724875815155,-0.0730728360806264,1.6609751127960344,0.24089753526951235,-0.0730729833318539,1.6609761099930531,0.24089753526951235,-0.0730729833318539,1.6609761099930531,0.0,0.0,0.0,4.529597034544708,0.07549328390907847
0.028000000000000018,0.24089729609509059,-0.07307284647056439,1.6609754246956476,0.24089753526951235,-0.0730729833318539,1.6609761099930531,0.24089753526951235,-0.0730729833318539,1.6609761099930531,0.0,0.0,0.0,4.529976021869081,0.07549960036448469
0.02900000000000002,0.2408973411663448,-0.07307285897049154,1.660975707842375,0.24089753526951235,-0.0730729833318539,1.6609761099930531,0.24089753526951235,-0.0730729833318539,1.6609761099930531,0.0,0.0,0.0,4.530389719215927,0.07550649532026546
0.03000000000000002,0.24089738262847282,-0.07307287308251058,1.6609759606102505,0.24089753526951235,-0.0730729833318539,1.6609761099930531,0.24089753526951235,-0.0730729833318539,1.6609761099930531,0.0,0.0,0.0,4.530820104381417,0.07551366840635694
0.03100000000000002,0.24089741949759108,-0.0730728883356847,1.6609761825689509,0.24089753526951235,-0.0730729833318539,1.6609761099930531,0.24089753526951235,-0.0730729833318539,1.6609761099930531,0.0,0.0,0.0,4.5312509689922695,0.07552084948320449
0.03200000000000002,0.240897451135301,-0.07307290429980251,1.6609763743430512,0.24089753526951235,-0.0730729833318539,1.6609761099930531,0.24089753526951235,-0.0730729833318539,1.6609761099930531,0.0,0.0,0.0,4.531668212361823,0.07552780353936371
0.03300000000000002,0.2408974772249261,-0.0730729205958292,1.6609765374549474,0.24089753526951235,-0.0730729833318539,1.6609761099930531,0.24089753526951235,-0.0730729833318539,1.6609761099930531,0.0,0.0,0.0,4.532060026477263,0.07553433377462104
0.03400000000000002,0.24089749774029218,-0.0730729369031477,1.6609766741589493,0.24089753526951235,-0.0730729833318539,1.6609761099930531,0.24089753526951235,-0.0730729833318539,1.6609761099930531,0.0,0.0,0.0,4.532416980832652,0.07554028301387754
0.035000000000000024,0.24089751290913686,-0.07307295296378022,1.6609767872732417,0.24089753526951235,-0.0730729833318539,1.6609761099930531,0.24089753526951235,-0.0730729833318539,1.6609761099930531,0.0,0.0,0.0,4.532732018020058,0.07554553363366763
0.036000000000000025,0.24089752317314506,-0.0730729685838626,1.6609768800155862,0.24089753526951235,-0.0730729833318539,1.6609761099930531,0.24089753526951235,-0.0730729833318539,1.6609761099930531,0.0,0.0,0.0,4.533000372487291,0.07555000620812152
0.037000000000000026,0.24089752914639462,-0.07307298363270057,1.6609769558476235,0.24089753526951235,-0.0730729833318539,1.6609761099930531,0.24089753526951235,-0.0730729833318539,1.6609761099930531,0.0,0.0,0.0,4.533219425721409,0.07555365709535682
0.03800000000000003,0.24089753157379193,-0.07307299803976815,1.6609770183317139,0.24089753526951235,-0.0730729833318539,1.6609761099930531,0.24089753526951235,-0.0730729833318539,1.6609761099930531,0.0,0.0,0.0,4.533388511402824,0.07555647519004706
0.03900000000000003,0.24089753129084868,-0.07307301179002726,1.660977071003253,0.24089753526951235,-0.0730729833318539,1.6609761099930531,0.24089753526951235,-0.0730729833318539,1.6609761099930531,0.0,0.0,0.0,4.533508683842963,0.07555847806404939
0.04000000000000003,0.24089752918591154,-0.07307302491795821,1.6609771172604941,0.24089753526951235,-0.0730729833318539,1.6609761099930531,0.24089753526951235,-0.0730729833318539,1.6609761099930531,0.0,0.0,0.0,4.533582462383785,0.0755597077063964
0.04100000000000003,0.24089752616570248,-0.07307303750066425,1.6609771602730339,0.24089753526951235,-0.0730729833318539,1.6609761099930531,0.24089753526951235,-0.0730729833318539,1.6609761099930531,0.0,0.0,0.0,4.533613563451032,0.07556022605751721
0.04200000000000003,0.24089752312481422,-0.07307304965040898,1.660977202909356,0.24089753526951235,-0.0730729833318539,1.6609761099930531,0.24089753526951235,-0.0730729833318539,1.6609761099930531,0.0,0.0,0.0,4.533606630717918,0.07556011051196529
0.04300000000000003,0.24089752091955474,-0.07307306150689974,1.6609772476831108,0.24089753526951235,-0.0730729833318539,1.6609761099930531,0.24089753526951235,-0.0730729833318539,1.6609761099930531,0.0,0.0,0.0,4.533566972418675,0.07555944954031125
0.04400000000000003,0.24089752034636847,-0.07307307322960507,1.6609772967173184,0.24089753526951235,-0.0730729833318539,1.6609761099930531,0.24089753526951235,-0.0730729833318539,1.6609761099930531,0.0,0.0,0.0,4.533500313337321,0.07555833855562201
0.04500000000000003,0.240897522124841,-0.07307308499034182,1.6609773517251014,0.24089753526951235,-0.0730729833318539,1.6609761099930531,0.24089753526951235,-0.0730729833318539,1.6609761099930531,0.0,0.0,0.0,4.533412567425473,0.07555687612375789
0.046000000000000034,0.2408975268851756,-0.07307309696633228,1.6609774140053175,0.24089753526951235,-0.0730729833318539,1.6609761099930531,0.24089753526951235,-0.0730729833318539,1.6609761099930531,0.0,0.0,0.0,4.533309635486293,0.07555516059143821
0.047000000000000035,0.24089753515988258,-0.0730731093338883,1.6609774844511624,0.24089753526951235,-0.0730729833318539,1.6609761099930531,0.24089753526951235,-0.0730729833318539,1.6609761099930531,0.0,0.0,0.0,4.533197230874728,0.07555328718124546
0.048000000000000036,0.24089754737932573,-0.07307312226282778,1.6609775635696478,0.24089753526951235,-0.0730729833318539,1.6609761099930531,0.24089753526951235,-0.0730729833318539,1.6609761099930531,0.0,0.0,0.0,4.533080734817258,0.07555134558028763
0.04900000000000004,0.24089756387070205,-0.07307313591170271,1.660977651509871,0.24089753526951235,-0.0730729833318539,1.6609761099930531,0.24089753526951235,-0.0730729833318539,1.6609761099930531,0.0,0.0,0.0,4.532965081742295,0.07554941802903824
0.05000000000000004,0.24089758485997936,-0.07307315042386668,1.660977748097958,0.24089753526951235,-0.0730729833318539,1.6609761099930531,0.24089753526951235,-0.0730729833318539,1.6609761099930531,0.0,0.0,0.0,4.532854673948867,0.07554757789914777
0.05100000000000004,0.240897610476294,-0.07307316592439281,1.6609778528766752,0.24089753526951235,-0.0730729833318539,1.6609761099930531,0.24089753526951235,-0.0730729833318539,1.6609761099930531,0.0,0.0,0.0,4.532753324074524,0.0755458887345754
0.05200000000000004,0.2408976407583063,-0.07307318251781358,1.6609779651478667,0.24089753526951235,-0.0730729833318539,1.6609761099930531,0.24089753526951235,-0.0730729833318539,1.6609761099930531,0.0,0.0,0.0,4.532664223126024,0.07554440371876707
0.05300000000000004,0.2408976756620288,-0.07307320028663959,1.6609780840160195,0.24089753526951235,-0.0730729833318539,1.6609761099930531,0.24089753526951235,-0.0730729833318539,1.6609761099930531,0.0,0.0,0.0,4.532589931315939,0.07554316552193231
0.05400000000000004,0.2408977150696654,-0.07307321929059084,1.6609782084315146,0.24089753526951235,-0.0730729833318539,1.6609761099930531,0.24089753526951235,-0.0730729833318539,1.6609761099930531,0.0,0.0,0.0,4.532532388613305,0.07554220647688842
0.05500000000000004,0.2408977587990495,-0.07307323956646775,1.6609783372323261,0.24089753526951235,-0.0730729833318539,1.6609761099930531,0.24089753526951235,-0.0730729833318539,1.6609761099930531,0.0,0.0,0.0,4.532492941723062,0.0755415490287177
0.05600000000000004,0.24089780661331095,-0.07307326112857992,1.6609784691831886,0.24089753526951235,-0.0730729833318539,1.6609761099930531,0.24089753526951235,-0.0730729833318539,1.6609761099930531,0.0,0.0,0.0,4.532472384170346,0.0755412064028391
0.057000000000000044,0.24089785823045146,-0.07307328396963772,1.6609786030114497,0.24089753526951235,-0.0730729833318539,1.6609761099930531,0.24089753526951235,-0.0730729833318539,1.6609761099930531,0.0,0.0,0.0,4.532471006241145,0.07554118343735242
0.058000000000000045,0.24089791333257993,-0.07307330806202733,1.6609787374391063,0.24089753526951235,-0.0730729833318539,1.6609761099930531,0.24089753526951235,-0.0730729833318539,1.6609761099930531,0.0,0.0,0.0,4.5542133737211845,0.07554147752861878
0.059000000000000045,0.2408979715745955,-0.07307333335937996,1.6609788712106643,0.24089753526951235,-0.0730729833318539,1.6609761099930531,0.24089753526951235,-0.0730729833318539,1.6609761099930531,0.0,0.0,0.0,4.595201010563418,0.07554207964320313
0.060000000000000046,0.24089803259217718,-0.07307335979835344,1.6609790031166973,0.24089753526951235,-0.0730729833318539,1.6609761099930531,0.24089753526951235,-0.0730729833318539,1.6609761099930531,0.0,0.0,0.0,4.633178420501514,0.07554297535477382
0.06100000000000005,0.24089809600897347,-0.07307338730055654,1.6609791320131044,0.24089753526951235,-0.0730729833318539,1.6609761099930531,0.24089753526951235,-0.0730729833318539,1.6609761099930531,0.0,0.0,0.0,4.668122721594682,0.0755441458703145
0.06200000000000005,0.24089816144294485,-0.0730734157745472,1.6609792568362263,0.24089753526951235,-0.0730729833318539,1.6609761099930531,0.24089753526951235,-0.0730729833318539,1.6609761099930531,0.0,0.0,0.0,4.700021056883451,0.07554556901630274
0.06300000000000004,0.24089822851183676,-0.07307344511785066,1.6609793766140526,0.24089753526951235,-0.0730729833318539,1.6609761099930531,0.24089753526951235,-0.0730729833318539,1.6609761099930531,0.0,0.0,0.0,4.7288705922288,0.07554722016169156
0.06400000000000004,0.2408982968378042,-0.07307347521894741,1.6609794904738637,0.24089753526951235,-0.0730729833318539,1.6609761099930531,0.24089753526951235,-0.0730729833318539,1.6609761099930531,0.0,0.0,0.0,4.754678411313165,0.07554907306061383
0.06500000000000004,0.2408983660512264,-0.07307350595919342,1.6609795976466917,0.24089753526951235,-0.0730729833318539,1.6609761099930531,0.24089753526951235,-0.0730729833318539,1.6609761099930531,0.0,0.0,0.0,4.777461312058633,0.07555110060330444
0.06600000000000004,0.24089843579377268,-0.0730735372146444,1.6609796974689972,0.24089753526951235,-0.0730729833318539,1.6609761099930531,0.24089753526951235,-0.0730729833318539,1.6609761099930531,0.0,0.0,0.0,4.797245510734308,0.07555327546877985
0.06700000000000005,0.24089850572079446,-0.07307356885775766,1.660979789382007,0.24089753526951235,-0.0730729833318539,1.6609761099930531,0.24089753526951235,-0.0730729833318539,1.6609761099930531,0.0,0.0,0.0,4.814066261711207,0.075555570677353
0.06800000000000005,0.24089857550312327,-0.07307360075896316,1.6609798729291243,0.24089753526951235,-0.0730729833318539,1.6609761099930531,0.24089753526951235,-0.0730729833318539,1.6609761099930531,0.0,0.0,0.0,4.827967402228014,0.07555796004461944
0.06900000000000005,0.24089864482835743,-0.07307363278808553,1.6609799477518041,0.24089753526951235,-0.0730729833318539,1.6609761099930531,0.24089753526951235,-0.0730729833318539,1.6609761099930531,0.0,0.0,0.0,4.839000832559792,0.07556041854164196
0.07000000000000005,0.2408987134017213,-0.07307366481562465,1.6609800135842827,0.24089753526951235,-0.0730729833318539,1.6609761099930531,0.24089753526951235,-0.0730729833318539,1.6609761099930531,0.0,0.0,0.0,4.847225942679447,0.07556292256830584
0.07100000000000005,0.2408987809465746,-0.07307369671388544,1.6609800702474744,0.24089753526951235,-0.0730729833318539,1.6609761099930531,0.24089753526951235,-0.0730729833318539,1.6609761099930531,0.0,0.0,0.0,4.852708996837958,0.07556545014832995
0.07200000000000005,0.24089884721752686,-0.0730737283599861,1.660980117632921,0.24089753526951235,-0.0730729833318539,1.6609761099930531,0.24089753526951235,-0.0730729833318539,1.6609761099930531,0.0,0.0,0.0,4.855529471494862,0.0755679884273928
0.07300000000000005,0.2408989119972938,-0.0730737596342321,1.6609801556801438,0.24089753526951235,-0.0730729833318539,1.6609761099930531,0.24089753526951235,-0.0730729833318539,1.6609761099930531,0.0,0.0,0.0,4.855782076968549,0.07557053062348246
0.07400000000000005,0.24089897508838987,-0.07307379041992572,1.6609801843545837,0.24089753526951235,-0.0730729833318539,1.6609761099930531,0.24089753526951235,-0.0730729833318539,1.6609761099930531,0.0,0.0,0.0,4.853577204614316,0.07557307426752727
0.07500000000000005,0.2408990362857127,-0.07307382060208806,1.6609802036433008,0.24089753526951235,-0.0730729833318539,1.6609761099930531,0.24089753526951235,-0.0730729833318539,1.6609761099930531,0.0,0.0,0.0,4.849030006457946,0.07557560913826035
0.07600000000000005,0.24089909537272053,-0.07307385006745296,1.660980213565126,0.24089753526951235,-0.0730729833318539,1.6609761099930531,0.24089753526951235,-0.0730729833318539,1.6609761099930531,0.0,0.0,0.0,4.842255268180237,0.0755781202314385
0.07700000000000005,0.2408991521296982,-0.07307387870534034,1.6609802141833585,0.24089753526951235,-0.0730729833318539,1.6609761099930531,0.24089753526951235,-0.0730729833318539,1.6609761099930531,0.0,0.0,0.0,4.833365960618717,0.07558059084098061
0.07800000000000006,0.24089920634342457,-0.07307390640883084,1.660980205615836,0.24089753526951235,-0.0730729833318539,1.6609761099930531,0.24089753526951235,-0.0730729833318539,1.6609761099930531,0.0,0.0,0.0,4.822472804178127,0.07558300383261976
0.07900000000000006,0.24089925781532065,-0.07307393307599949,1.6609801880411983,0.24089753526951235,-0.0730729833318539,1.6609761099930531,0.24089753526951235,-0.0730729833318539,1.6609761099930531,0.0,0.0,0.0,4.809684139326721,0.07558534236756245
0.08000000000000006,0.24089930636751658,-0.07307395861108777,1.6609801617013797,0.24089753526951235,-0.0730729833318539,1.6609761099930531,0.24089753526951235,-0.0730729833318539,1.6609761099930531,0.0,0.0,0.0,4.795105884991731,0.07558759044246317
0.08100000000000006,0.24089935184694944,-0.07307398292555306,1.660980126900792,0.24089753526951235,-0.0730729833318539,1.6609761099930531,0.24089753526951235,-0.0730729833318539,1.6609761099930531,0.0,0.0,0.0,4.778841519696831,0.07558973333877446
0.08200000000000006,0.24089939412777198,-0.07307400593894625,1.6609800840027336,0.24089753526951235,-0.0730729833318539,1.6609761099930531,0.24089753526951235,-0.0730729833318539,1.6609761099930531,0.0,0.0,0.0,4.760992067183357,0.07559175799590855
0.08300000000000006,0.2408994331123508,-0.0730740275795983,1.6609800334236067,0.24089753526951235,-0.0730729833318539,1.6609761099930531,0.24089753526951235,-0.0730729833318539,1.6609761099930531,0.0,0.0,0.0,4.741656082101245,0.07559365330441302
0.08400000000000006,0.24089946873114068,-0.07307404778510515,1.6609799756254966,0.24089753526951235,-0.0730729833318539,1.6609761099930531,0.24089753526951235,-0.0730729833318539,1.6609761099930531,0.0,0.0,0.0,4.72092963520164,0.07559541031438831
0.08500000000000006,0.24089950094165358,-0.07307406650260267,1.6609799111076193,0.24089753526951235,-0.0730729833318539,1.6609761099930531,0.24089753526951235,-0.0730729833318539,1.6609761099930531,0.0,0.0,0.0,4.698906298345077,0.07559702235810443
0.08600000000000006,0.24089952972675371,-0.07307408368884813,1.6609798403971494,0.24089753526951235,-0.0730729833318539,1.6609761099930531,0.24089753526951235,-0.0730729833318539,1.6609761099930531,0.0,0.0,0.0,4.67567712977821,0.07559848508979677
0.08700000000000006,0.24089955509245442,-0.07307409931011748,1.660979764039807,0.24089753526951235,-0.0730729833318539,1.6609761099930531,0.24089753526951235,-0.0730729833318539,1.6609761099930531,0.0,0.0,0.0,4.6513306600963364,0.07559979644896092
0.08800000000000006,0.24089957706538656,-0.07307411334193681,1.6609796825906098,0.24089753526951235,-0.0730729833318539,1.6609761099930531,0.24089753526951235,-0.0730729833318539,1.6609761099930531,0.0,0.0,0.0,4.625952879261437,0.07560095655626867
0.08900000000000007,0.24089959569008018,-0.07307412576867502,1.660979596605087,0.24089753526951235,-0.0730729833318539,1.6609761099930531,0.24089753526951235,-0.0730729833318539,1.6609761099930531,0.0,0.0,0.0,4.599627225038963,0.07560196755265557
0.09000000000000007,0.24089961102618038,-0.07307413658301538,1.6609795066311908,0.24089753526951235,-0.0730729833318539,1.6609761099930531,0.24089753526951235,-0.0730729833318539,1.6609761099930531,0.0,0.0,0.0,4.572434573200369,0.07560283339327219
0.09100000000000007,0.24089962314570537,-0.07307414578534105,1.6609794132021098,0.24089753526951235,-0.0730729833318539,1.6609761099930531,0.24089753526951235,-0.0730729833318539,1.6609761099930531,0.0,0.0,0.0,4.544453229863473,0.07560355960825096
0.09200000000000007,0.2408996321304147,-0.0730741533830505,1.6609793168301095,0.24089753526951235,-0.0730729833318539,1.6609761099930531,0.24089753526951235,-0.0730729833318539,1.6609761099930531,0.0,0.0,0.0,4.536249182518021,0.07560415304196702
0.09300000000000007,0.24089963806937348,-0.07307415938983527,1.6609792180014673,0.24089753526951235,-0.0730729833318539,1.6609761099930531,0.24089753526951235,-0.0730729833318539,1.6609761099930531,0.0,0.0,0.0,4.536277294908234,0.0756046215818039
0.09400000000000007,0.24089964105674283,-0.07307416382493803,1.6609791171725499,0.24089753526951235,-0.0730729833318539,1.6609761099930531,0.24089753526951235,-0.0730729833318539,1.6609761099930531,0.0,0.0,0.0,4.536298433191133,0.07560497388651889
0.09500000000000007,0.2408996411898345,-0.07307416671241274,1.6609790147669945,0.24089753526951235,-0.0730729833318539,1.6609761099930531,0.24089753526951235,-0.0730729833318539,1.6609761099930531,0.0,0.0,0.0,4.536313147374853,0.07560521912291421
0.09600000000000007,0.2408996385674556,-0.07307416808040929,1.6609789111739768,0.24089753526951235,-0.0730729833318539,1.6609761099930531,0.24089753526951235,-0.0730729833318539,1.6609761099930531,0.0,0.0,0.0,4.536322003097439,0.07560536671829064
0.09700000000000007,0.24089963328853028,-0.07307416796048644,1.6609788067474482,0.24089753526951235,-0.0730729833318539,1.6609761099930531,0.24089753526951235,-0.0730729833318539,1.6609761099930531,0.0,0.0,0.0,4.536325568071016,0.07560542613451693
0.09800000000000007,0.24089962545101903,-0.07307416638698203,1.6609787018062803,0.24089753526951235,-0.0730729833318539,1.6609761099930531,0.24089753526951235,-0.0730729833318539,1.6609761099930531,0.0,0.0,0.0,4.536324400095509,0.07560540666825849
0.09900000000000007,0.2408996151510952,-0.07307416339642964,1.6609785966351693,0.24089753526951235,-0.0730729833318539,1.6609761099930531,0.24089753526951235,-0.0730729833318539,1.6609761099930531,0.0,0.0,0.0,4.5363190368157165,0.07560531728026194
0.10000000000000007,0.24089960248258108,-0.07307415902704799,1.660978491486191,0.24089753526951235,-0.0730729833318539,1.6609761099930531,0.24089753526951235,-0.0730729833318539,1.6609761099930531,0.0,0.0,0.0,4.536309987324298,0.07560516645540497
0.10100000000000008,0.24089958753660484,-0.07307415331828922,1.6609783865808767,0.24089753526951235,-0.0730729833318539,1.6609761099930531,0.24089753526951235,-0.0730729833318539,1.6609761099930531,0.0,0.0,0.0,4.536297725636192,0.07560496209393654
0.10200000000000008,0.24089957040144738,-0.07307414631045796,1.660978282112657,0.24089753526951235,-0.0730729833318539,1.6609761099930531,0.24089753526951235,-0.0730729833318539,1.6609761099930531,0.0,0.0,0.0,4.536282685990395,0.07560471143317325
0.10300000000000008,0.24089955116256126,-0.07307413804439501,1.66097817824959,0.24089753526951235,-0.0730729833318539,1.6609761099930531,0.24089753526951235,-0.0730729833318539,1.6609761099930531,0.0,0.0,0.0,4.536265259892622,0.07560442099821037
0.10400000000000008,0.24089952990271285,-0.07307412856122525,1.6609780751372136,0.24089753526951235,-0.0730729833318539,1.6609761099930531,0.24089753526951235,-0.0730729833318539,1.6609761099930531,0.0,0.0,0.0,4.536245794752141,0.07560409657920235
0.10500000000000008,0.24089950670222993,-0.07307411790216355,1.6609779729014493,0.24089753526951235,-0.0730729833318539,1.6609761099930531,0.24089753526951235,-0.0730729833318539,1.6609761099930531,0.0,0.0,0.0,4.536224593947238,0.07560374323245396
0.10600000000000008,0.24089948163931282,-0.07307410610837092,1.6609778716514445,0.24089753526951235,-0.0730729833318539,1.6609761099930531,0.24089753526951235,-0.0730729833318539,1.6609761099930531,0.0,0.0,0.0,4.536201918121163,0.07560336530201939
0.10700000000000008,0.24089945479039196,-0.07307409322086039,1.6609777714822933,0.24089753526951235,-0.0730729833318539,1.6609761099930531,0.24089753526951235,-0.0730729833318539,1.6609761099930531,0.0,0.0,0.0,4.536177987500974,0.07560296645834956
0.10800000000000008,0.24089942623050248,-0.07307407928044043,1.6609776724775553,0.24089753526951235,-0.0730729833318539,1.6609761099930531,0.24089753526951235,-0.0730729833318539,1.6609761099930531,0.0,0.0,0.0,4.5361529850228735,0.07560254975038122
0.10900000000000008,0.24089939603364913,-0.07307406432768994,1.6609775747115425,0.24089753526951235,-0.0730729833318539,1.6609761099930531,0.24089753526951235,-0.0730729833318539,1.6609761099930531,0.0,0.0,0.0,4.5361270600575825,0.07560211766762638
0.11000000000000008,0.24089936427315287,-0.07307404840295771,1.660977478251326,0.24089753526951235,-0.0730729833318539,1.6609761099930531,0.24089753526951235,-0.0730729833318539,1.6609761099930531,0.0,0.0,0.0,4.53610033252859,0.07560167220880983
0.11100000000000008,0.24089933102195807,-0.07307403154638324,1.6609773831584493,0.24089753526951235,-0.0730729833318539,1.6609761099930531,0.24089753526951235,-0.0730729833318539,1.6609761099930531,0.0,0.0,0.0,4.536072897240836,0.07560121495401394
0.11200000000000009,0.24089929635289414,-0.0730740137979253,1.660977289490347,0.24089753526951235,-0.0730729833318539,1.6609761099930531,0.24089753526951235,-0.0730729833318539,1.6609761099930531,0.0,0.0,0.0,4.536044828250372,0.0756007471375062
0.11300000000000009,0.24089926033887882,-0.0730739951973986,1.660977197301464,0.24089753526951235,-0.0730729833318539,1.6609761099930531,0.24089753526951235,-0.0730729833318539,1.6609761099930531,0.0,0.0,0.0,4.5360161831276535,0.07560026971879423
0.11400000000000009,0.240899223053065,-0.07307397578451279,1.6609771066440855,0.24089753526951235,-0.0730729833318539,1.6609761099930531,0.24089753526951235,-0.0730729833318539,1.6609761099930531,0.0,0.0,0.0,4.535987006993021,0.07559978344988368
0.11500000000000009,0.24089918456892634,-0.07307395559890463,1.6609770175689111,0.24089753526951235,-0.0730729833318539,1.6609761099930531,0.24089753526951235,-0.0730729833318539,1.6609761099930531,0.0,0.0,0.0,4.535957336228668,0.07559928893714446
0.11600000000000009,0.24089914496028386,-0.07307393468016829,1.66097693012539,0.24089753526951235,-0.0730729833318539,1.6609761099930531,0.24089753526951235,-0.0730729833318539,1.6609761099930531,0.0,0.0,0.0,4.535927201789271,0.07559878669648784
0.11700000000000009,0.24089910430127748,-0.07307391306787334,1.660976844361847,0.24089753526951235,-0.0730729833318539,1.6609761099930531,0.24089753526951235,-0.0730729833318539,1.6609761099930531,0.0,0.0,0.0,4.5358966320633085,0.07559827720105514
0.11800000000000009,0.24089906266628752,-0.07307389080157338,1.660976760325436,0.24089753526951235,-0.0730729833318539,1.6609761099930531,0.24089753526951235,-0.0730729833318539,1.6609761099930531,0.0,0.0,0.0,4.5358656552576795,0.07559776092096132
0.11900000000000009,0.2408990201298118,-0.07307386792080214,1.6609766780619544,0.24089753526951235,-0.0730729833318539,1.6609761099930531,0.24089753526951235,-0.0730729833318539,1.6609761099930531,0.0,0.0,0.0,4.535834301295119,0.07559723835491865
0.12000000000000009,0.24089897676630775,-0.07307384446505767,1.6609765976155544,0.24089753526951235,-0.0730729833318539,1.6609761099930531,0.24089753526951235,-0.0730729833318539,1.6609761099930531,0.0,0.0,0.0,4.535802603233857,0.07559671005389762
0.1210000000000001,0.24089893265000353,-0.07307382047377471,1.6609765190283723,0.24089753526951235,-0.0730729833318539,1.6609761099930531,0.24089753526951235,-0.0730729833318539,1.6609761099930531,0.0,0.0,0.0,4.53577059823218,0.075596176637203
0.1220000000000001,0.2408988878546922,-0.07307379598628488,1.6609764423401256,0.24089753526951235,-0.0730729833318539,1.6609761099930531,0.24089753526951235,-0.0730729833318539,1.6609761099930531,0.0,0.0,0.0,4.535738328095096,0.07559563880158494
0.1230000000000001,0.2408988424535091,-0.07307377104176742,1.6609763675876887,0.24089753526951235,-0.0730729833318539,1.6609761099930531,0.24089753526951235,-0.0730729833318539,1.6609761099930531,0.0,0.0,0.0,4.535705839443983,0.07559509732406638
0.1240000000000001,0.24089879651870655,-0.07307374567919034,1.660976294804675,0.24089753526951235,-0.0730729833318539,1.6609761099930531,0.24089753526951235,-0.0730729833318539,1.6609761099930531,0.0,0.0,0.0,4.535673183562497,0.07559455305937494
0.12500000000000008,0.24089875012142903,-0.07307371993724515,1.6609762240210542,0.24089753526951235,-0.0730729833318539,1.6609761099930531,0.24089753526951235,-0.0730729833318539,1.6609761099930531,0.0,0.0,0.0,4.535640415972001,0.07559400693286668
0.12600000000000008,0.2408987033314956,-0.07307369385427565,1.6609761552628108,0.24089753526951235,-0.0730729833318539,1.6609761099930531,0.24089753526951235,-0.0730729833318539,1.6609761099930531,0.0,0.0,0.0,4.535607595791554,0.07559345992985923
0.12700000000000009,0.24089865621719642,-0.07307366746820212,1.660976088551659,0.24089753526951235,-0.0730729833318539,1.6609761099930531,0.24089753526951235,-0.0730729833318539,1.6609761099930531,0.0,0.0,0.0,4.5355747849386905,0.0755929130823115
0.12800000000000009,0.24089860884510322,-0.07307364081644678,1.6609760239048266,0.24089753526951235,-0.0730729833318539,1.6609761099930531,0.24089753526951235,-0.0730729833318539,1.6609761099930531,0.0,0.0,0.0,4.535542047223887,0.07559236745373146
0.1290000000000001,0.24089856127990433,-0.07307361393585568,1.660975961334909,0.24089753526951235,-0.0730729833318539,1.6609761099930531,0.24089753526951235,-0.0730729833318539,1.6609761099930531,0.0,0.0,0.0,4.535509447385873,0.07559182412309788
0.1300000000000001,0.24089851358425682,-0.07307358686262364,1.6609759008497977,0.24089753526951235,-0.0730729833318539,1.6609761099930531,0.24089753526951235,-0.0730729833318539,1.6609761099930531,0.0,0.0,0.0,4.53547705011493,0.07559128416858217
0.1310000000000001,0.24089846581866997,-0.07307355963222342,1.6609758424526762,0.24089753526951235,-0.0730729833318539,1.6609761099930531,0.24089753526951235,-0.0730729833318539,1.6609761099930531,0.0,0.0,0.0,4.535444919099453,0.07559074865165755
0.1320000000000001,0.240898418041405,-0.07307353227933636,1.6609757861420917,0.24089753526951235,-0.0730729833318539,1.6609761099930531,0.24089753526951235,-0.0730729833318539,1.6609761099930531,0.0,0.0,0.0,4.535413116132195,0.07559021860220325
0.1330000000000001,0.24089837030840613,-0.07307350483779225,1.6609757319120826,0.24089753526951235,-0.0730729833318539,1.6609761099930531,0.24089753526951235,-0.0730729833318539,1.6609761099930531,0.0,0.0,0.0,4.535381700297121,0.07558969500495201
0.1340000000000001,0.24089832267325334,-0.0730734773405105,1.6609756797523683,0.24089753526951235,-0.0730729833318539,1.6609761099930531,0.24089753526951235,-0.0730729833318539,1.6609761099930531,0.0,0.0,0.0,4.535350727261794,0.07558917878769657
0.1350000000000001,0.2408982751871354,-0.0730734498194531,1.6609756296485847,0.24089753526951235,-0.0730729833318539,1.6609761099930531,0.24089753526951235,-0.0730729833318539,1.6609761099930531,0.0,0.0,0.0,4.535320248684852,0.0755886708114142
0.1360000000000001,0.24089822789884657,-0.07307342230558109,1.6609755815825558,0.24089753526951235,-0.0730729833318539,1.6609761099930531,0.24089753526951235,-0.0730729833318539,1.6609761099930531,0.0,0.0,0.0,4.5352903117477865,0.07558817186246311
0.1370000000000001,0.2408981808548006,-0.07307339482882047,1.6609755355326006,0.24089753526951235,-0.0730729833318539,1.6609761099930531,0.24089753526951235,-0.0730729833318539,1.6609761099930531,0.0,0.0,0.0,4.535260958815001,0.07558768264691668
0.1380000000000001,0.24089813409906075,-0.07307336741803448,1.6609754914738595,0.24089753526951235,-0.0730729833318539,1.6609761099930531,0.24089753526951235,-0.0730729833318539,1.6609761099930531,0.0,0.0,0.0,4.535232227217451,0.07558720378695752
0.1390000000000001,0.2408980876733849,-0.07307334010100337,1.6609754493786304,0.24089753526951235,-0.0730729833318539,1.6609761099930531,0.24089753526951235,-0.0730729833318539,1.6609761099930531,0.0,0.0,0.0,4.535204149155835,0.07558673581926391
0.1400000000000001,0.24089804161727968,-0.07307331290441155,1.660975409216713,0.24089753526951235,-0.0730729833318539,1.6609761099930531,0.24089753526951235,-0.0730729833318539,1.6609761099930531,0.0,0.0,0.0,4.5351767517143555,0.07558627919523926
0.1410000000000001,0.24089799596806574,-0.07307328585384047,1.6609753709557493,0.24089753526951235,-0.0730729833318539,1.6609761099930531,0.24089753526951235,-0.0730729833318539,1.6609761099930531,0.0,0.0,0.0,4.535150056971623,0.07558583428286038
0.1420000000000001,0.2408979507609486,-0.07307325897376851,1.6609753345615499,0.24089753526951235,-0.0730729833318539,1.6609761099930531,0.24089753526951235,-0.0730729833318539,1.6609761099930531,0.0,0.0,0.0,4.535124082197932,0.07558540136996553
0.1430000000000001,0.24089790602909333,-0.07307323228757479,1.660975299998411,0.24089753526951235,-0.0730729833318539,1.6609761099930531,0.24089753526951235,-0.0730729833318539,1.6609761099930531,0.0,0.0,0.0,4.535098840123769,0.07558498066872948
0.1440000000000001,0.24089786180370348,-0.07307320581754997,1.660975267229413,0.24089753526951235,-0.0730729833318539,1.6609761099930531,0.24089753526951235,-0.0730729833318539,1.6609761099930531,0.0,0.0,0.0,4.535074339263521,0.07558457232105868
0.1450000000000001,0.24089781811409658,-0.07307317958490815,1.6609752362166836,0.24089753526951235,-0.0730729833318539,1.6609761099930531,0.24089753526951235,-0.0730729833318539,1.6609761099930531,0.0,0.0,0.0,4.535050584280978,0.07558417640468297
0.1460000000000001,0.24089777498778564,-0.07307315360980635,1.660975206921656,0.24089753526951235,-0.0730729833318539,1.6609761099930531,0.24089753526951235,-0.0730729833318539,1.6609761099930531,0.0,0.0,0.0,4.535027576383729,0.0755837929397288
0.1470000000000001,0.24089773245055057,-0.07307312791136156,1.6609751793052816,0.24089753526951235,-0.0730729833318539,1.6609761099930531,0.24089753526951235,-0.0730729833318539,1.6609761099930531,0.0,0.0,0.0,4.5350053137298385,0.07558342189549731
0.1480000000000001,0.240897690526513,-0.07307310250767578,1.6609751533282244,0.24089753526951235,-0.0730729833318539,1.6609761099930531,0.24089753526951235,-0.0730729833318539,1.6609761099930531,0.0,0.0,0.0,4.534983791837961,0.07558306319729935
0.1490000000000001,0.24089764923820445,-0.0730730774158589,1.6609751289510284,0.24089753526951235,-0.0730729833318539,1.6609761099930531,0.24089753526951235,-0.0730729833318539,1.6609761099930531,0.0,0.0,0.0,4.534963003990067,0.07558271673316778
0.1500000000000001,0.24089760860662954,-0.07307305265205272,1.660975106134257,0.24089753526951235,-0.0730729833318539,1.6609761099930531,0.24089753526951235,-0.0730729833318539,1.6609761099930531,0.0,0.0,0.0,4.534942941615344,0.07558238236025573
0.1510000000000001,0.24089756865132822,-0.07307302823145903,1.6609750848386056,0.24089753526951235,-0.0730729833318539,1.6609761099930531,0.24089753526951235,-0.0730729833318539,1.6609761099930531,0.0,0.0,0.0,4.534923594651288,0.0755820599108548
0.1520000000000001,0.24089752939042847,-0.07307300416836358,1.6609750650249957,0.24089753526951235,-0.0730729833318539,1.6609761099930531,0.24089753526951235,-0.0730729833318539,1.6609761099930531,0.0,0.0,0.0,4.534904951875127,0.07558174919791878
0.1530000000000001,0.2408974908407001,-0.07307298047616427,1.660975046654646,0.24089753526951235,-0.0730729833318539,1.6609761099930531,0.24089753526951235,-0.0730729833318539,1.6609761099930531,0.0,0.0,0.0,4.534887001199991,0.07558145001999984
0.1540000000000001,0.24089745301760102,-0.07307295716739523,1.6609750296891241,0.24089753526951235,-0.0730729833318539,1.6609761099930531,0.24089753526951235,-0.0730729833318539,1.6609761099930531,0.0,0.0,0.0,4.534869729936329,0.07558116216560548
0.1550000000000001,0.24089741593531638,-0.07307293425375312,1.660975014090385,0.24089753526951235,-0.0730729833318539,1.6609761099930531,0.24089753526951235,-0.0730729833318539,1.6609761099930531,0.0,0.0,0.0,4.534853125015696,0.07558088541692826
0.1560000000000001,0.24089737960680296,-0.07307291174612143,1.6609749998207948,0.24089753526951235,-0.0730729833318539,1.6609761099930531,0.24089753526951235,-0.0730729833318539,1.6609761099930531,0.0,0.0,0.0,4.534837173176673,0.07558061955294454
0.1570000000000001,0.24089734404382346,-0.0730728896545951,1.6609749868431467,0.24089753526951235,-0.0730729833318539,1.6609761099930531,0.24089753526951235,-0.0730729833318539,1.6609761099930531,0.0,0.0,0.0,4.534821861115887,0.07558036435193145
0.1580000000000001,0.24089730925697853,-0.07307286798850277,1.6609749751206595,0.24089753526951235,-0.0730729833318539,1.6609761099930531,0.24089753526951235,-0.0730729833318539,1.6609761099930531,0.0,0.0,0.0,4.534807175604389,0.07558011959340648
0.1590000000000001,0.24089727525574106,-0.0730728467564293,1.6609749646169834,0.24089753526951235,-0.0730729833318539,1.6609761099930531,0.24089753526951235,-0.0730729833318539,1.6609761099930531,0.0,0.0,0.0,4.5347931035748195,0.07557988505958033
0.16000000000000011,0.24089724204848662,-0.07307282596623772,1.6609749552961954,0.24089753526951235,-0.0730729833318539,1.6609761099930531,0.24089753526951235,-0.0730729833318539,1.6609761099930531,0.0,0.0,0.0,4.5347796321782665,0.07557966053630444
0.16100000000000012,0.240897209642517,-0.07307280562508849,1.6609749471227833,0.24089753526951235,-0.0730729833318539,1.6609761099930531,0.24089753526951235,-0.0730729833318539,1.6609761099930531,0.0,0.0,0.0,4.534766748818372,0.07557944581363954
0.16200000000000012,0.24089717804409566,-0.07307278573946085,1.6609749400616494,0.24089753526951235,-0.0730729833318539,1.6609761099930531,0.24089753526951235,-0.0730729833318539,1.6609761099930531,0.0,0.0,0.0,4.534754441166438,0.0755792406861073
0.16300000000000012,0.2408971472584697,-0.07307276631517061,1.660974934078093,0.24089753526951235,-0.0730729833318539,1.6609761099930531,0.24089753526951235,-0.0730729833318539,1.6609761099930531,0.0,0.0,0.0,4.5347426971568945,0.0755790449526149
0.16400000000000012,0.24089711728989843,-0.0730727473573898,1.660974929137804,0.24089753526951235,-0.0730729833318539,1.6609761099930531,0.24089753526951235,-0.0730729833318539,1.6609761099930531,0.0,0.0,0.0,4.534731504972747,0.07557885841621245
0.16500000000000012,0.24089708814168426,-0.0730727288706639,1.660974925206867,0.24089753526951235,-0.0730729833318539,1.6609761099930531,0.24089753526951235,-0.0730729833318539,1.6609761099930531,0.0,0.0,0.0,4.534720853021122,0.07557868088368537
0.16600000000000012,0.24089705981619522,-0.07307271085892952,1.660974922251746,0.24089753526951235,-0.0730729833318539,1.6609761099930531,0.24089753526951235,-0.0730729833318539,1.6609761099930531,0.0,0.0,0.0,4.534710729900182,0.07557851216500303
0.16700000000000012,0.2408970323148978,-0.0730726933255317,1.6609749202392925,0.24089753526951235,-0.0730729833318539,1.6609761099930531,0.24089753526951235,-0.0730729833318539,1.6609761099930531,0.0,0.0,0.0,4.534701124366933,0.07557835207278221
0.16800000000000012,0.240897005638383,-0.07307267627324157,1.660974919136748,0.24089753526951235,-0.0730729833318539,1.6609761099930531,0.24089753526951235,-0.0730729833318539,1.6609761099930531,0.0,0.0,0.0,4.534692025300807,0.07557820042168012
0.16900000000000012,0.2408969797863964,-0.07307265970427118,1.6609749189117424,0.24089753526951235,-0.0730729833318539,1.6609761099930531,0.24089753526951235,-0.0730729833318539,1.6609761099930531,0.0,0.0,0.0,4.534683421669218,0.0755780570278203
0.17000000000000012,0.24089695475786854,-0.0730726436202924,1.6609749195323098,0.24089753526951235,-0.0730729833318539,1.6609761099930531,0.24089753526951235,-0.0730729833318539,1.6609761099930531,0.0,0.0,0.0,4.534675302498052,0.07557792170830087
0.17100000000000012,0.2408969305509439,-0.07307262802245146,1.660974920966892,0.24089753526951235,-0.0730729833318539,1.6609761099930531,0.24089753526951235,-0.0730729833318539,1.6609761099930531,0.0,0.0,0.0,4.534667656842903,0.07557779428071505
0.17200000000000013,0.24089690716301312,-0.0730726129113873,1.660974923184353,0.24089753526951235,-0.0730729833318539,1.6609761099930531,0.24089753526951235,-0.0730729833318539,1.6609761099930531,0.0,0.0,0.0,4.534660473768099,0.07557767456280165
0.17300000000000013,0.2408968845907421,-0.07307259828724545,1.6609749261539906,0.24089753526951235,-0.0730729833318539,1.6609761099930531,0.24089753526951235,-0.0730729833318539,1.6609761099930531,0.0,0.0,0.0,4.5346537423301605,0.07557756237216934
0.17400000000000013,0.24089686283010503,-0.07307258414969695,1.6609749298455487,0.24089753526951235,-0.0730729833318539,1.6609761099930531,0.24089753526951235,-0.0730729833318539,1.6609761099930531,0.0,0.0,0.0,4.534647451566423,0.07557745752610705
0.17500000000000013,0.24089684187641391,-0.0730725704979529,1.660974934229233,0.24089753526951235,-0.0730729833318539,1.6609761099930531,0.24089753526951235,-0.0730729833318539,1.6609761099930531,0.0,0.0,0.0,4.534641590490537,0.07557735984150896
0.17600000000000013,0.24089682172435023,-0.07307255733078165,1.660974939275725,0.24089753526951235,-0.0730729833318539,1.6609761099930531,0.24089753526951235,-0.0730729833318539,1.6609761099930531,0.0,0.0,0.0,4.534636148092045,0.07557726913486743
0.17700000000000013,0.24089680236799593,-0.07307254464652486,1.6609749449561917,0.24089753526951235,-0.0730729833318539,1.6609761099930531,0.24089753526951235,-0.0730729833318539,1.6609761099930531,0.0,0.0,0.0,4.534631113341357,0.07557718522235594
0.17800000000000013,0.2408967838008641,-0.07307253244311428,1.6609749512423053,0.24089753526951235,-0.0730729833318539,1.6609761099930531,0.24089753526951235,-0.0730729833318539,1.6609761099930531,0.0,0.0,0.0,4.53462647519957,0.07557710791999282
0.17900000000000013,0.24089676601592674,-0.07307252071808606,1.6609749581062447,0.24089753526951235,-0.0730729833318539,1.6609761099930531,0.24089753526951235,-0.0730729833318539,1.6609761099930531,0.0,0.0,0.0,4.534622222629647,0.07557703704382744
0.18000000000000013,0.24089674900564875,-0.07307250946860044,1.6609749655207209,0.24089753526951235,-0.0730729833318539,1.6609761099930531,0.24089753526951235,-0.0730729833318539,1.6609761099930531,0.0,0.0,0.0,4.534618344613888,0.07557697241023147
0.18100000000000013,0.24089673276201198,-0.07307249869145377,1.6609749734589725,0.24089753526951235,-0.0730729833318539,1.6609761099930531,0.24089753526951235,-0.0730729833318539,1.6609761099930531,0.0,0.0,0.0,4.534614830168479,0.07557691383614132
0.18200000000000013,0.24089671727654632,-0.07307248838309716,1.6609749818947803,0.24089753526951235,-0.0730729833318539,1.6609761099930531,0.24089753526951235,-0.0730729833318539,1.6609761099930531,0.0,0.0,0.0,4.534611668364402,0.0755768611394067
0.18300000000000013,0.240896702540355,-0.07307247853965132,1.6609749908024718,0.24089753526951235,-0.0730729833318539,1.6609761099930531,0.24089753526951235,-0.0730729833318539,1.6609761099930531,0.0,0.0,0.0,4.5346088483451865,0.07557681413908644
0.18400000000000014,0.24089668854414314,-0.07307246915692206,1.6609750001569292,0.24089753526951235,-0.0730729833318539,1.6609761099930531,0.24089753526951235,-0.0730729833318539,1.6609761099930531,0.0,0.0,0.0,4.534606359346157,0.07557677265576929
0.18500000000000014,0.24089667527824132,-0.07307246023041519,1.6609750099335865,0.24089753526951235,-0.0730729833318539,1.6609761099930531,0.24089753526951235,-0.0730729833318539,1.6609761099930531,0.0,0.0,0.0,4.534604190711562,0.07557673651185937
0.18600000000000014,0.2408966627326311,-0.07307245175535242,1.6609750201084368,0.24089753526951235,-0.0730729833318539,1.6609761099930531,0.24089753526951235,-0.0730729833318539,1.6609761099930531,0.0,0.0,0.0,4.534602331912622,0.07557670553187704
0.18700000000000014,0.24089665089696977,-0.07307244372668595,1.6609750306580315,0.24089753526951235,-0.0730729833318539,1.6609761099930531,0.24089753526951235,-0.0730729833318539,1.6609761099930531,0.0,0.0,0.0,4.534600772561815,0.07557667954269691
0.18800000000000014,0.24089663976061176,-0.07307243613911282,1.660975041559478,0.24089753526951235,-0.0730729833318539,1.6609761099930531,0.24089753526951235,-0.0730729833318539,1.6609761099930531,0.0,0.0,0.0,4.534599502426127,0.07557665837376878
0.18900000000000014,0.24089662931263184,-0.07307242898708925,1.6609750527904381,0.24089753526951235,-0.0730729833318539,1.6609761099930531,0.24089753526951235,-0.0730729833318539,1.6609761099930531,0.0,0.0,0.0,4.534598511438715,0.07557664185731192
0.19000000000000014,0.24089661954184582,-0.07307242226484433,1.6609750643291266,0.24089753526951235,-0.0730729833318539,1.6609761099930531,0.24089753526951235,-0.0730729833318539,1.6609761099930531,0.0,0.0,0.0,4.5345977897074485,0.07557662982845748
0.19100000000000014,0.24089661043683203,-0.07307241596639434,1.6609750761543072,0.24089753526951235,-0.0730729833318539,1.6609761099930531,0.24089753526951235,-0.0730729833318539,1.6609761099930531,0.0,0.0,0.0,4.5345973275217535,0.07557662212536256
0.19200000000000014,0.24089660198594987,-0.07307241008555562,1.6609750882452876,0.24089753526951235,-0.0730729833318539,1.6609761099930531,0.24089753526951235,-0.0730729833318539,1.6609761099930531,0.0,0.0,0.0,4.534597115356822,0.07557661858928036
0.19300000000000014,0.24089659417735987,-0.07307240461595768,1.6609751005819162,0.24089753526951235,-0.0730729833318539,1.6609761099930531,0.24089753526951235,-0.0730729833318539,1.6609761099930531,0.0,0.0,0.0,4.534597143876459,0.07557661906460765
0.19400000000000014,0.24089658699904212,-0.07307239955105638,1.660975113144576,0.24089753526951235,-0.0730729833318539,1.6609761099930531,0.24089753526951235,-0.0730729833318539,1.6609761099930531,0.0,0.0,0.0,4.534597403933307,0.07557662339888845
0.19500000000000015,0.2408965804388132,-0.07307239488414456,1.6609751259141796,0.24089753526951235,-0.0730729833318539,1.6609761099930531,0.24089753526951235,-0.0730729833318539,1.6609761099930531,0.0,0.0,0.0,4.534597886568088,0.07557663144280147
0.19600000000000015,0.24089657448434468,-0.07307239060836684,1.660975138872163,0.24089753526951235,-0.0730729833318539,1.6609761099930531,0.24089753526951235,-0.0730729833318539,1.6609761099930531,0.0,0.0,0.0,4.534598583006861,0.07557664305011436
0.19700000000000015,0.24089656912317844,-0.07307238671672951,1.6609751520004834,0.24089753526951235,-0.0730729833318539,1.6609761099930531,0.24089753526951235,-0.0730729833318539,1.6609761099930531,0.0,0.0,0.0,4.53459948465722,0.07557665807762033
0.19800000000000015,0.24089656434274515,-0.07307238320211228,1.6609751652816103,0.24089753526951235,-0.0730729833318539,1.6609761099930531,0.24089753526951235,-0.0730729833318539,1.6609761099930531,0.0,0.0,0.0,4.534600583103085,0.07557667638505142
0.19900000000000015,0.24089656013037708,-0.07307238005727974,1.6609751786985232,0.24089753526951235,-0.0730729833318539,1.6609761099930531,0.24089753526951235,-0.0730729833318539,1.6609761099930531,0.0,0.0,0.0,4.53460187010038,0.07557669783500633
0.20000000000000015,0.24089655647332525,-0.07307237727489224,1.6609751922347054,0.24089753526951235,-0.0730729833318539,1.6609761099930531,0.24089753526951235,-0.0730729833318539,1.6609761099930531,0.0,0.0,0.0,4.5346033375698065,0.0755767222928301
0.20100000000000015,0.240896553358774,-0.07307237484751636,1.660975205874137,0.24089753526951235,-0.0730729833318539,1.6609761099930531,0.24089753526951235,-0.0730729833318539,1.6609761099930531,0.0,0.0,0.0,4.534604977591906,0.07557674962653177
0.20200000000000015,0.24089655077385577,-0.07307237276763506,1.6609752196012957,0.24089753526951235,-0.0730729833318539,1.6609761099930531,0.24089753526951235,-0.0730729833318539,1.6609761099930531,0.0,0.0,0.0,4.534606782400778,0.07557677970667963
0.20300000000000015,0.2408965487056633,-0.07307237102765785,1.6609752334011472,0.24089753526951235,-0.0730729833318539,1.6609761099930531,0.24089753526951235,-0.0730729833318539,1.6609761099930531,0.0,0.0,0.0,4.5346087443774366,0.0755768124062906
0.20400000000000015,0.24089654714126557,-0.07307236961993074,1.6609752472591437,0.24089753526951235,-0.0730729833318539,1.6609761099930531,0.24089753526951235,-0.0730729833318539,1.6609761099930531,0.0,0.0,0.0,4.534610856045004,0.07557684760075006
0.20500000000000015,0.24089654606772043,-0.07307236853674594,1.6609752611612203,0.24089753526951235,-0.0730729833318539,1.6609761099930531,0.24089753526951235,-0.0730729833318539,1.6609761099930531,0.0,0.0,0.0,4.534613110063323,0.07557688516772205
0.20600000000000016,0.2408965454720864,-0.0730723677703502,1.6609752750937883,0.24089753526951235,-0.0730729833318539,1.6609761099930531,0.24089753526951235,-0.0730729833318539,1.6609761099930531,0.0,0.0,0.0,4.534615499224245,0.07557692498707075
0.20700000000000016,0.2408965453414359,-0.07307236731295431,1.6609752890437341,0.24089753526951235,-0.0730729833318539,1.6609761099930531,0.24089753526951235,-0.0730729833318539,1.6609761099930531,0.0,0.0,0.0,4.53461801644816,0.07557696694080267
0.20800000000000016,0.2408965456628682,-0.07307236715674247,1.6609753029984133,0.24089753526951235,-0.0730729833318539,1.6609761099930531,0.24089753526951235,-0.0730729833318539,1.6609761099930531,0.0,0.0,0.0,4.534620654780099,0.07557701091300165
0.20900000000000016,0.24089654642351976,-0.07307236729387967,1.6609753169456498,0.24089753526951235,-0.0730729833318539,1.6609761099930531,0.24089753526951235,-0.0730729833318539,1.6609761099930531,0.0,0.0,0.0,4.5346234073879295,0.07557705678979883
0.21000000000000016,0.24089654761057658,-0.07307236771652074,1.6609753308737276,0.24089753526951235,-0.0730729833318539,1.6609761099930531,0.24089753526951235,-0.0730729833318539,1.6609761099930531,0.0,0.0,0.0,4.534626267559498,0.07557710445932497
0.21100000000000016,0.24089654921128403,-0.07307236841681783,1.6609753447713902,0.24089753526951235,-0.0730729833318539,1.6609761099930531,0.24089753526951235,-0.0730729833318539,1.6609761099930531,0.0,0.0,0.0,4.534629228702259,0.07557715381170431
0.21200000000000016,0.24089655121295872,-0.07307236938692879,1.6609753586278353,0.24089753526951235,-0.0730729833318539,1.6609761099930531,0.24089753526951235,-0.0730729833318539,1.6609761099930531,0.0,0.0,0.0,4.534632284342138,0.07557720473903563
0.21300000000000016,0.24089655360299872,-0.07307237061902389,1.660975372432711,0.24089753526951235,-0.0730729833318539,1.6609761099930531,0.24089753526951235,-0.0730729833318539,1.6609761099930531,0.0,0.0,0.0,4.534635428123421,0.07557725713539035
0.21400000000000016,0.24089655636889057,-0.07307237210529355,1.6609753861761096,0.24089753526951235,-0.0730729833318539,1.6609761099930531,0.24089753526951235,-0.0730729833318539,1.6609761099930531,0.0,0.0,0.0,4.5346386538093455,0.07557731089682243
0.21500000000000016,0.2408965594982232,-0.07307237383795537,1.6609753998485663,0.24089753526951235,-0.0730729833318539,1.6609761099930531,0.24089753526951235,-0.0730729833318539,1.6609761099930531,0.0,0.0,0.0,4.534641955282726,0.07557736592137877
0.21600000000000016,0.2408965629786925,-0.07307237580926088,1.6609754134410495,0.24089753526951235,-0.0730729833318539,1.6609761099930531,0.24089753526951235,-0.0730729833318539,1.6609761099930531,0.0,0.0,0.0,4.534645326547321,0.07557742210912202
0.21700000000000016,0.24089656679811244,-0.07307237801150117,1.6609754269449608,0.24089753526951235,-0.0730729833318539,1.6609761099930531,0.24089753526951235,-0.0730729833318539,1.6609761099930531,0.0,0.0,0.0,4.534648761728701,0.07557747936214503
0.21800000000000017,0.24089657094442207,-0.0730723804370154,1.6609754403521242,0.24089753526951235,-0.0730729833318539,1.6609761099930531,0.24089753526951235,-0.0730729833318539,1.6609761099930531,0.0,0.0,0.0,4.5346522550776,0.07557753758462667
0.21900000000000017,0.240896575405694,-0.0730723830781941,1.660975453654785,0.24089753526951235,-0.0730729833318539,1.6609761099930531,0.24089753526951235,-0.0730729833318539,1.6609761099930531,0.0,0.0,0.0,4.534655800969484,0.07557759668282474
0.22000000000000017,0.24089658017014035,-0.07307238592748667,1.660975466845601,0.24089753526951235,-0.0730729833318539,1.6609761099930531,0.24089753526951235,-0.0730729833318539,1.6609761099930531,0.0,0.0,0.0,4.534659393907151,0.07557765656511918
0.22100000000000017,0.2408965852261205,-0.07307238897740684,1.6609754799176346,0.24089753526951235,-0.0730729833318539,1.6609761099930531,0.24089753526951235,-0.0730729833318539,1.6609761099930531,0.0,0.0,0.0,4.534663028522961,0.07557771714204935
0.22200000000000017,0.24089659056214793,-0.07307239222053719,1.6609754928643516,0.24089753526951235,-0.0730729833318539,1.6609761099930531,0.24089753526951235,-0.0730729833318539,1.6609761099930531,0.0,0.0,0.0,4.534666699581011,0.0755777783263502
0.22300000000000017,0.24089659616689463,-0.07307239564953427,1.6609755056796094,0.24089753526951235,-0.0730729833318539,1.6609761099930531,0.24089753526951235,-0.0730729833318539,1.6609761099930531,0.0,0.0,0.0,4.534670401977536,0.07557784003295893
0.22400000000000017,0.24089660202919866,-0.07307239925713443,1.6609755183576511,0.24089753526951235,-0.0730729833318539,1.6609761099930531,0.24089753526951235,-0.0730729833318539,1.6609761099930531,0.0,0.0,0.0,4.534674130743599,0.07557790217905998
0.22500000000000017,0.2408966081380678,-0.07307240303615711,1.6609755308930996,0.24089753526951235,-0.0730729833318539,1.6609761099930531,0.24089753526951235,-0.0730729833318539,1.6609761099930531,0.0,0.0,0.0,4.534677881046173,0.07557796468410288
0.22600000000000017,0.24089661448268498,-0.07307240697950983,1.6609755432809465,0.24089753526951235,-0.0730729833318539,1.6609761099930531,0.24089753526951235,-0.0730729833318539,1.6609761099930531,0.0,0.0,0.0,4.534681648189204,0.07557802746982006
0.22700000000000017,0.2408966210524132,-0.07307241108019247,1.6609755555165486,0.24089753526951235,-0.0730729833318539,1.6609761099930531,0.24089753526951235,-0.0730729833318539,1.6609761099930531,0.0,0.0,0.0,4.53468542761508,0.07557809046025134
0.22800000000000017,0.24089662783679916,-0.07307241533130004,1.6609755675956175,0.24089753526951235,-0.0730729833318539,1.6609761099930531,0.24089753526951235,-0.0730729833318539,1.6609761099930531,0.0,0.0,0.0,4.534689214905156,0.0755781535817526
0.22900000000000018,0.24089663482557605,-0.07307241972602767,1.6609755795142103,0.24089753526951235,-0.0730729833318539,1.6609761099930531,0.24089753526951235,-0.0730729833318539,1.6609761099930531,0.0,0.0,0.0,4.534693005780267,0.07557821676300444
0.23000000000000018,0.24089664200866934,-0.07307242425767294,1.6609755912687247,0.24089753526951235,-0.0730729833318539,1.6609761099930531,0.24089753526951235,-0.0730729833318539,1.6609761099930531,0.0,0.0,0.0,4.534696796101625,0.07557827993502708
0.23100000000000018,0.24089664937619767,-0.07307242891963958,1.6609756028558875,0.24089753526951235,-0.0730729833318539,1.6609761099930531,0.24089753526951235,-0.0730729833318539,1.6609761099930531,0.0,0.0,0.0,4.5347005818705375,0.07557834303117562
0.23200000000000018,0.240896656918476,-0.07307243370543971,1.6609756142727465,0.24089753526951235,-0.0730729833318539,1.6609761099930531,0.24089753526951235,-0.0730729833318539,1.6609761099930531,0.0,0.0,0.0,4.534704359228736,0.0755784059871456
0.23300000000000018,0.240896664626019,-0.07307243860869764,1.660975625516664,0.24089753526951235,-0.0730729833318539,1.6609761099930531,0.24089753526951235,-0.0730729833318539,1.6609761099930531,0.0,0.0,0.0,4.534708124458157,0.07557846874096928
0.23400000000000018,0.24089667248954177,-0.07307244362315127,1.660975636585304,0.24089753526951235,-0.0730729833318539,1.6609761099930531,0.24089753526951235,-0.0730729833318539,1.6609761099930531,0.0,0.0,0.0,4.534711873980249,0.07557853123300415
0.23500000000000018,0.24089668049996332,-0.07307244874265535,1.6609756474766288,0.24089753526951235,-0.0730729833318539,1.6609761099930531,0.24089753526951235,-0.0730729833318539,1.6609761099930531,0.0,0.0,0.0,4.534715604356161,0.07557859340593602
0.23600000000000018,0.24089668864840538,-0.07307245396118249,1.6609756581888844,0.24089753526951235,-0.0730729833318539,1.6609761099930531,0.24089753526951235,-0.0730729833318539,1.6609761099930531,0.0,0.0,0.0,4.5347193122851595,0.07557865520475265
0.23700000000000018,0.24089669692619797,-0.07307245927282584,1.6609756687205968,0.24089753526951235,-0.0730729833318539,1.6609761099930531,0.24089753526951235,-0.0730729833318539,1.6609761099930531,0.0,0.0,0.0,4.534722994604473,0.07557871657674121
0.23800000000000018,0.24089670532487428,-0.0730724646717998,1.6609756790705585,0.24089753526951235,-0.0730729833318539,1.6609761099930531,0.24089753526951235,-0.0730729833318539,1.6609761099930531,0.0,0.0,0.0,4.534726648287827,0.07557877747146378
0.23900000000000018,0.2408967138361791,-0.07307247015244361,1.6609756892378258,0.24089753526951235,-0.0730729833318539,1.6609761099930531,0.24089753526951235,-0.0730729833318539,1.6609761099930531,0.0,0.0,0.0,4.534730270444796,0.07557883784074661
0.24000000000000019,0.2408967224520609,-0.07307247570921936,1.6609756992217004,0.24089753526951235,-0.0730729833318539,1.6609761099930531,0.24089753526951235,-0.0730729833318539,1.6609761099930531,0.0,0.0,0.0,4.534733858319037,0.07557889763865062
0.2410000000000002,0.24089673116467814,-0.07307248133671623,1.6609757090217299,0.24089753526951235,-0.0730729833318539,1.6609761099930531,0.24089753526951235,-0.0730729833318539,1.6609761099930531,0.0,0.0,0.0,4.534737409287903,0.07557895682146505
0.2420000000000002,0.24089673996639777,-0.07307248702964968,1.6609757186376939,0.24089753526951235,-0.0730729833318539,1.6609761099930531,0.24089753526951235,-0.0730729833318539,1.6609761099930531,0.0,0.0,0.0,4.53474092086002,0.07557901534766699
0.2430000000000002,0.2408967488497928,-0.07307249278286206,1.660975728069597,0.24089753526951235,-0.0730729833318539,1.6609761099930531,0.24089753526951235,-0.0730729833318539,1.6609761099930531,0.0,0.0,0.0,4.534744390674415,0.07557907317790692
0.2440000000000002,0.2408967578076448,-0.07307249859132434,1.660975737317658,0.24089753526951235,-0.0730729833318539,1.6609761099930531,0.24089753526951235,-0.0730729833318539,1.6609761099930531,0.0,0.0,0.0,4.534747816498398,0.0755791302749733
0.2450000000000002,0.24089676683294095,-0.07307250445013555,1.6609757463823036,0.24089753526951235,-0.0730729833318539,1.6609761099930531,0.24089753526951235,-0.0730729833318539,1.6609761099930531,0.0,0.0,0.0,4.5347511962267095,0.07557918660377849
0.2460000000000002,0.24089677591887537,-0.0730725103545238,1.6609757552641595,0.24089753526951235,-0.0730729833318539,1.6609761099930531,0.24089753526951235,-0.0730729833318539,1.6609761099930531,0.0,0.0,0.0,4.534754527878985,0.07557924213131642
0.2470000000000002,0.24089678505884526,-0.07307251629984568,1.6609757639640397,0.24089753526951235,-0.0730729833318539,1.6609761099930531,0.24089753526951235,-0.0730729833318539,1.6609761099930531,0.0,0.0,0.0,4.5347578095981325,0.07557929682663554
0.2480000000000002,0.24089679424645208,-0.07307252228158645,1.6609757724829388,0.24089753526951235,-0.0730729833318539,1.6609761099930531,0.24089753526951235,-0.0730729833318539,1.6609761099930531,0.0,0.0,0.0,4.534761039648714,0.07557935066081191
0.2490000000000002,0.2408968034754988,-0.07307252829535948,1.6609757808220253,0.24089753526951235,-0.0730729833318539,1.6609761099930531,0.24089753526951235,-0.0730729833318539,1.6609761099930531,0.0,0.0,0.0,4.5347642164149535,0.0755794036069159
0.25000000000000017,0.24089681273998875,-0.07307253433690715,1.660975788982632,0.24089753526951235,-0.0730729833318539,1.6609761099930531,0.24089753526951235,-0.0730729833318539,1.6609761099930531,0.0,0.0,0.0,4.534767338398264,0.07557945563997107
0.25100000000000017,0.24089682203412352,-0.07307254040209946,1.6609757969662458,0.24089753526951235,-0.0730729833318539,1.6609761099930531,0.24089753526951235,-0.0730729833318539,1.6609761099930531,0.0,0.0,0.0,4.534770404215619,0.07557950673692698
0.25200000000000017,0.2408968313523012,-0.07307254648693272,1.6609758047745022,0.24089753526951235,-0.0730729833318539,1.6609761099930531,0.24089753526951235,-0.0730729833318539,1.6609761099930531,0.0,0.0,0.0,4.5347734125973655,0.07557955687662275
0.25300000000000017,0.24089684068911482,-0.073072552587531,1.6609758124091774,0.24089753526951235,-0.0730729833318539,1.6609761099930531,0.24089753526951235,-0.0730729833318539,1.6609761099930531,0.0,0.0,0.0,4.534776362384704,0.07557960603974508
0.25400000000000017,0.24089685003934924,-0.0730725587001426,1.6609758198721782,0.24089753526951235,-0.0730729833318539,1.6609761099930531,0.24089753526951235,-0.0730729833318539,1.6609761099930531,0.0,0.0,0.0,4.534779252527351,0.07557965420878919
0.25500000000000017,0.24089685939797884,-0.07307256482114194,1.6609758271655364,0.24089753526951235,-0.0730729833318539,1.6609761099930531,0.24089753526951235,-0.0730729833318539,1.6609761099930531,0.0,0.0,0.0,4.534782082081041,0.07557970136801735
0.25600000000000017,0.24089686876016636,-0.0730725709470261,1.660975834291399,0.24089753526951235,-0.0730729833318539,1.6609761099930531,0.24089753526951235,-0.0730729833318539,1.6609761099930531,0.0,0.0,0.0,4.534784850206691,0.07557974750344484
0.2570000000000002,0.24089687812125843,-0.0730725770744147,1.6609758412520224,0.24089753526951235,-0.0730729833318539,1.6609761099930531,0.24089753526951235,-0.0730729833318539,1.6609761099930531,0.0,0.0,0.0,4.534787556165509,0.07557979260275847
0.2580000000000002,0.24089688747678412,-0.07307258320004886,1.660975848049763,0.24089753526951235,-0.0730729833318539,1.6609761099930531,0.24089753526951235,-0.0730729833318539,1.6609761099930531,0.0,0.0,0.0,4.534790199317544,0.0755798366552924
0.2590000000000002,0.2408968968224519,-0.07307258932079057,1.6609758546870732,0.24089753526951235,-0.0730729833318539,1.6609761099930531,0.24089753526951235,-0.0730729833318539,1.6609761099930531,0.0,0.0,0.0,4.534792779119489,0.07557987965199149
0.2600000000000002,0.24089690615414613,-0.07307259543361863,1.6609758611664904,0.24089753526951235,-0.0730729833318539,1.6609761099930531,0.24089753526951235,-0.0730729833318539,1.6609761099930531,0.0,0.0,0.0,4.534795295121213,0.07557992158535355
0.2610000000000002,0.24089691546792497,-0.07307260153563007,1.6609758674906328,0.24089753526951235,-0.0730729833318539,1.6609761099930531,0.24089753526951235,-0.0730729833318539,1.6609761099930531,0.0,0.0,0.0,4.534797746963852,0.07557996244939753
0.2620000000000002,0.24089692476001648,-0.07307260762403711,1.6609758736621907,0.24089753526951235,-0.0730729833318539,1.6609761099930531,0.24089753526951235,-0.0730729833318539,1.6609761099930531,0.0,0.0,0.0,4.534800134376474,0.0755800022396079
0.2630000000000002,0.24089693402681644,-0.07307261369616563,1.6609758796839225,0.24089753526951235,-0.0730729833318539,1.6609761099930531,0.24089753526951235,-0.0730729833318539,1.6609761099930531,0.0,0.0,0.0,4.534802457173808,0.0755800409528968
0.2640000000000002,0.2408969432648841,-0.07307261974945368,1.6609758855586447,0.24089753526951235,-0.0730729833318539,1.6609761099930531,0.24089753526951235,-0.0730729833318539,1.6609761099930531,0.0,0.0,0.0,4.534804715252732,0.07558007858754553
0.2650000000000002,0.24089695247093917,-0.07307262578144996,1.6609758912892287,0.24089753526951235,-0.0730729833318539,1.6609761099930531,0.24089753526951235,-0.0730729833318539,1.6609761099930531,0.0,0.0,0.0,4.534806908590213,0.07558011514317023
0.2660000000000002,0.2408969616418592,-0.07307263178981155,1.6609758968785937,0.24089753526951235,-0.0730729833318539,1.6609761099930531,0.24089753526951235,-0.0730729833318539,1.6609761099930531,0.0,0.0,0.0,4.534809037239853,0.07558015062066421
0.2670000000000002,0.2408969707746752,-0.07307263777230133,1.660975902329699,0.24089753526951235,-0.0730729833318539,1.6609761099930531,0.24089753526951235,-0.0730729833318539,1.6609761099930531,0.0,0.0,0.0,4.534811101329277,0.07558018502215462
0.2680000000000002,0.240896979866569,-0.07307264372678843,1.66097590764554,0.24089753526951235,-0.0730729833318539,1.6609761099930531,0.24089753526951235,-0.0730729833318539,1.6609761099930531,0.0,0.0,0.0,4.534813101057394,0.07558021835095657
0.2690000000000002,0.24089698891486913,-0.07307264965124331,1.6609759128291446,0.24089753526951235,-0.0730729833318539,1.6609761099930531,0.24089753526951235,-0.0730729833318539,1.6609761099930531,0.0,0.0,0.0,4.534815036691476,0.0755802506115246
0.2700000000000002,0.24089699791704808,-0.07307265554373796,1.660975917883562,0.24089753526951235,-0.0730729833318539,1.6609761099930531,0.24089753526951235,-0.0730729833318539,1.6609761099930531,0.0,0.0,0.0,4.534816908563567,0.07558028180939277
0.2710000000000002,0.2408970068707179,-0.07307266140244272,1.660975922811863,0.24089753526951235,-0.0730729833318539,1.6609761099930531,0.24089753526951235,-0.0730729833318539,1.6609761099930531,0.0,0.0,0.0,4.534818717069061,0.07558031195115102
0.2720000000000002,0.2408970157736277,-0.07307266722562446,1.6609759276171332,0.24089753526951235,-0.0730729833318539,1.6609761099930531,0.24089753526951235,-0.0730729833318539,1.6609761099930531,0.0,0.0,0.0,4.534820462662366,0.07558034104437276
0.2730000000000002,0.240897024623659,-0.07307267301164456,1.660975932302468,0.24089753526951235,-0.0730729833318539,1.6609761099930531,0.24089753526951235,-0.0730729833318539,1.6609761099930531,0.0,0.0,0.0,4.534822145854995,0.07558036909758324
0.2740000000000002,0.24089703341882318,-0.07307267875895651,1.660975936870966,0.24089753526951235,-0.0730729833318539,1.6609761099930531,0.24089753526951235,-0.0730729833318539,1.6609761099930531,0.0,0.0,0.0,4.53482376721209,0.0755803961202015
0.2750000000000002,0.24089704215725677,-0.07307268446610418,1.6609759413257286,0.24089753526951235,-0.0730729833318539,1.6609761099930531,0.24089753526951235,-0.0730729833318539,1.6609761099930531,0.0,0.0,0.0,4.534825327350556,0.07558042212250927
0.2760000000000002,0.24089705083721977,-0.07307269013171963,1.6609759456698523,0.24089753526951235,-0.0730729833318539,1.6609761099930531,0.24089753526951235,-0.0730729833318539,1.6609761099930531,0.0,0.0,0.0,4.534826826935308,0.07558044711558846
0.2770000000000002,0.24089705945708945,-0.07307269575452005,1.6609759499064254,0.24089753526951235,-0.0730729833318539,1.6609761099930531,0.24089753526951235,-0.0730729833318539,1.6609761099930531,0.0,0.0,0.0,4.534828266677238,0.0755804711112873
0.2780000000000002,0.24089706801535923,-0.07307270133330661,1.6609759540385263,0.24089753526951235,-0.0730729833318539,1.6609761099930531,0.24089753526951235,-0.0730729833318539,1.6609761099930531,0.0,0.0,0.0,4.53482964733019,0.07558049412216983
0.2790000000000002,0.24089707651063402,-0.07307270686696188,1.6609759580692167,0.24089753526951235,-0.0730729833318539,1.6609761099930531,0.24089753526951235,-0.0730729833318539,1.6609761099930531,0.0,0.0,0.0,4.534830969688195,0.07558051616146992
0.2800000000000002,0.2408970849416266,-0.07307271235444707,1.6609759620015392,0.24089753526951235,-0.0730729833318539,1.6609761099930531,0.24089753526951235,-0.0730729833318539,1.6609761099930531,0.0,0.0,0.0,4.534832234583257,0.07558053724305427
0.2810000000000002,0.24089709330715484,-0.07307271779480132,1.6609759658385141,0.24089753526951235,-0.0730729833318539,1.6609761099930531,0.24089753526951235,-0.0730729833318539,1.6609761099930531,0.0,0.0,0.0,4.5348334428827215,0.07558055738137869
0.2820000000000002,0.24089710160613714,-0.07307272318713748,1.6609759695831359,0.24089753526951235,-0.0730729833318539,1.6609761099930531,0.24089753526951235,-0.0730729833318539,1.6609761099930531,0.0,0.0,0.0,4.534834595486661,0.07558057659144435
0.2830000000000002,0.2408971098375901,-0.07307272853064117,1.6609759732383709,0.24089753526951235,-0.0730729833318539,1.6609761099930531,0.24089753526951235,-0.0730729833318539,1.6609761099930531,0.0,0.0,0.0,4.534835693325388,0.07558059488875647
0.2840000000000002,0.24089711800062455,-0.0730727338245685,1.660975976807153,0.24089753526951235,-0.0730729833318539,1.6609761099930531,0.24089753526951235,-0.0730729833318539,1.6609761099930531,0.0,0.0,0.0,4.5348367373570975,0.07558061228928496
0.2850000000000002,0.24089712609444203,-0.07307273906824362,1.6609759802923827,0.24089753526951235,-0.0730729833318539,1.6609761099930531,0.24089753526951235,-0.0730729833318539,1.6609761099930531,0.0,0.0,0.0,4.534837728565648,0.07558062880942747
0.2860000000000002,0.2408971341183318,-0.07307274426105641,1.660975983696923,0.24089753526951235,-0.0730729833318539,1.6609761099930531,0.24089753526951235,-0.0730729833318539,1.6609761099930531,0.0,0.0,0.0,4.534838667958101,0.07558064446596835
0.2870000000000002,0.24089714207166754,-0.07307274940246081,1.660975987023598,0.24089753526951235,-0.0730729833318539,1.6609761099930531,0.24089753526951235,-0.0730729833318539,1.6609761099930531,0.0,0.0,0.0,4.534839556562704,0.07558065927604507
0.2880000000000002,0.24089714995390354,-0.07307275449197172,1.6609759902751904,0.24089753526951235,-0.0730729833318539,1.6609761099930531,0.24089753526951235,-0.0730729833318539,1.6609761099930531,0.0,0.0,0.0,4.534840395426591,0.07558067325710985
0.2890000000000002,0.24089715776457327,-0.07307275952916427,1.6609759934544386,0.24089753526951235,-0.0730729833318539,1.6609761099930531,0.24089753526951235,-0.0730729833318539,1.6609761099930531,0.0,0.0,0.0,4.534841185613618,0.07558068642689363
0.2900000000000002,0.24089716550328244,-0.07307276451367029,1.6609759965640367,0.24089753526951235,-0.0730729833318539,1.6609761099930531,0.24089753526951235,-0.0730729833318539,1.6609761099930531,0.0,0.0,0.0,4.534841928202817,0.07558069880338028
0.2910000000000002,0.24089717316971024,-0.0730727694451767,1.66097599960663,0.24089753526951235,-0.0730729833318539,1.6609761099930531,0.24089753526951235,-0.0730729833318539,1.6609761099930531,0.0,0.0,0.0,4.534842624285346,0.07558071040475577
0.2920000000000002,0.24089718076360334,-0.07307277432342435,1.660976002584816,0.24089753526951235,-0.0730729833318539,1.6609761099930531,0.24089753526951235,-0.0730729833318539,1.6609761099930531,0.0,0.0,0.0,4.534843274963809,0.07558072124939681
0.2930000000000002,0.24089718828477463,-0.07307277914820459,1.6609760055011407,0.24089753526951235,-0.0730729833318539,1.6609761099930531,0.24089753526951235,-0.0730729833318539,1.6609761099930531,0.0,0.0,0.0,4.534843881349585,0.07558073135582641
0.2940000000000002,0.24089719573309826,-0.0730727839193577,1.6609760083580996,0.24089753526951235,-0.0730729833318539,1.6609761099930531,0.24089753526951235,-0.0730729833318539,1.6609761099930531,0.0,0.0,0.0,4.5348444445615,0.07558074074269167
0.2950000000000002,0.24089720310850926,-0.07307278863677154,1.6609760111581333,0.24089753526951235,-0.0730729833318539,1.6609761099930531,0.24089753526951235,-0.0730729833318539,1.6609761099930531,0.0,0.0,0.0,4.534844965723538,0.07558074942872564
0.2960000000000002,0.24089721041099837,-0.07307279330037861,1.6609760139036296,0.24089753526951235,-0.0730729833318539,1.6609761099930531,0.24089753526951235,-0.0730729833318539,1.6609761099930531,0.0,0.0,0.0,4.5348454459640575,0.07558075743273429
0.2970000000000002,0.2408972176406105,-0.07307279791015467,1.6609760165969205,0.24089753526951235,-0.0730729833318539,1.6609761099930531,0.24089753526951235,-0.0730729833318539,1.6609761099930531,0.0,0.0,0.0,4.534845886413225,0.07558076477355376
0.2980000000000002,0.24089722479744174,-0.07307280246611694,1.6609760192402818,0.24089753526951235,-0.0730729833318539,1.6609761099930531,0.24089753526951235,-0.0730729833318539,1.6609761099930531,0.0,0.0,0.0,4.5348462882020435,0.07558077147003406
0.2990000000000002,0.24089723188163675,-0.07307280696832175,1.6609760218359324,0.24089753526951235,-0.0730729833318539,1.6609761099930531,0.24089753526951235,-0.0730729833318539,1.6609761099930531,0.0,0.0,0.0,4.534846652460689,0.07558077754101149
0.3000000000000002,0.24089723889338582,-0.07307281141686293,1.6609760243860339,0.24089753526951235,-0.0730729833318539,1.6609761099930531,0.24089753526951235,-0.0730729833318539,1.6609761099930531,0.0,0.0,0.0,4.5348469803173534,0.07558078300528923
0.3010000000000002,0.24089724583292255,-0.07307281581187033,1.6609760268926892,0.24089753526951235,-0.0730729833318539,1.6609761099930531,0.24089753526951235,-0.0730729833318539,1.6609761099930531,0.0,0.0,0.0,4.534847272896397,0.07558078788160662
0.3020000000000002,0.2408972527005212,-0.07307282015350734,1.6609760293579428,0.24089753526951235,-0.0730729833318539,1.6609761099930531,0.24089753526951235,-0.0730729833318539,1.6609761099930531,0.0,0.0,0.0,4.534847531317515,0.07558079218862526
0.3030000000000002,0.24089725949649474,-0.07307282444197019,1.6609760317837807,0.24089753526951235,-0.0730729833318539,1.6609761099930531,0.24089753526951235,-0.0730729833318539,1.6609761099930531,0.0,0.0,0.0,4.534847756694335,0.07558079594490558
0.3040000000000002,0.24089726622119184,-0.07307282867748485,1.6609760341721302,0.24089753526951235,-0.0730729833318539,1.6609761099930531,0.24089753526951235,-0.0730729833318539,1.6609761099930531,0.0,0.0,0.0,4.534847950133157,0.07558079916888595
0.3050000000000002,0.24089727287499493,-0.07307283286030665,1.6609760365248578,0.24089753526951235,-0.0730729833318539,1.6609761099930531,0.24089753526951235,-0.0730729833318539,1.6609761099930531,0.0,0.0,0.0,4.534848112731741,0.07558080187886235
0.3060000000000002,0.24089727945831757,-0.07307283699071782,1.6609760388437707,0.24089753526951235,-0.0730729833318539,1.6609761099930531,0.24089753526951235,-0.0730729833318539,1.6609761099930531,0.0,0.0,0.0,4.534848245578726,0.07558080409297877
0.3070000000000002,0.24089728597160312,-0.07307284106902674,1.660976041130619,0.24089753526951235,-0.0730729833318539,1.6609761099930531,0.24089753526951235,-0.0730729833318539,1.6609761099930531,0.0,0.0,0.0,4.534848349752189,0.07558080582920315
0.3080000000000002,0.24089729241532182,-0.07307284509556522,1.6609760433870906,0.24089753526951235,-0.0730729833318539,1.6609761099930531,0.24089753526951235,-0.0730729833318539,1.6609761099930531,0.0,0.0,0.0,4.534848426318478,0.07558080710530796
0.3090000000000002,0.24089729878996805,-0.073072849070688,1.6609760456148157,0.24089753526951235,-0.0730729833318539,1.6609761099930531,0.24089753526951235,-0.0730729833318539,1.6609761099930531,0.0,0.0,0.0,4.5348484763323516,0.07558080793887252
0.3100000000000002,0.24089730509606117,-0.07307285299477101,1.6609760478153668,0.24089753526951235,-0.0730729833318539,1.6609761099930531,0.24089753526951235,-0.0730729833318539,1.6609761099930531,0.0,0.0,0.0,4.5348485008350305,0.0755808083472505
0.3110000000000002,0.24089731133413994,-0.07307285686820979,1.6609760499902548,0.24089753526951235,-0.0730729833318539,1.6609761099930531,0.24089753526951235,-0.0730729833318539,1.6609761099930531,0.0,0.0,0.0,4.534848500853561,0.07558080834755934
0.3120000000000002,0.24089731750476312,-0.07307286069141769,1.6609760521409356,0.24089753526951235,-0.0730729833318539,1.6609761099930531,0.24089753526951235,-0.0730729833318539,1.6609761099930531,0.0,0.0,0.0,4.534848477401108,0.07558080795668513
0.3130000000000002,0.24089732360850719,-0.07307286446482587,1.660976054268806,0.24089753526951235,-0.0730729833318539,1.6609761099930531,0.24089753526951235,-0.0730729833318539,1.6609761099930531,0.0,0.0,0.0,4.5348484314748525,0.07558080719124755
0.3140000000000002,0.2408973296459637,-0.0730728681888801,1.660976056375205,0.24089753526951235,-0.0730729833318539,1.6609761099930531,0.24089753526951235,-0.0730729833318539,1.6609761099930531,0.0,0.0,0.0,4.534848364056301,0.07558080606760502
0.3150000000000002,0.24089733561773888,-0.07307287186404135,1.660976058461416,0.24089753526951235,-0.0730729833318539,1.6609761099930531,0.24089753526951235,-0.0730729833318539,1.6609761099930531,0.0,0.0,0.0,4.534848276110502,0.0755808046018417
0.3160000000000002,0.24089734152445097,-0.07307287549078298,1.6609760605286659,0.24089753526951235,-0.0730729833318539,1.6609761099930531,0.24089753526951235,-0.0730729833318539,1.6609761099930531,0.0,0.0,0.0,4.534848168585348,0.07558080280975579
0.3170000000000002,0.2408973473667292,-0.07307287906959127,1.6609760625781274,0.24089753526951235,-0.0730729833318539,1.6609761099930531,0.24089753526951235,-0.0730729833318539,1.6609761099930531,0.0,0.0,0.0,4.53484804241128,0.07558080070685466
0.3180000000000002,0.24089735314521285,-0.07307288260096176,1.6609760646109177,0.24089753526951235,-0.0730729833318539,1.6609761099930531,0.24089753526951235,-0.0730729833318539,1.6609761099930531,0.0,0.0,0.0,4.534847898500439,0.07558079830834065
0.31900000000000023,0.2408973588605477,-0.07307288608540091,1.6609760666280984,0.24089753526951235,-0.0730729833318539,1.6609761099930531,0.24089753526951235,-0.0730729833318539,1.6609761099930531,0.0,0.0,0.0,4.534847737746851,0.07558079562911418
0.32000000000000023,0.24089736451338759,-0.07307288952342288,1.660976068630681,0.24089753526951235,-0.0730729833318539,1.6609761099930531,0.24089753526951235,-0.0730729833318539,1.6609761099930531,0.0,0.0,0.0,4.534847561026061,0.07558079268376769
0.32100000000000023,0.2408973701043905,-0.07307289291554987,1.6609760706196242,0.24089753526951235,-0.0730729833318539,1.6609761099930531,0.24089753526951235,-0.0730729833318539,1.6609761099930531,0.0,0.0,0.0,4.534847369194013,0.0755807894865669
0.32200000000000023,0.24089737563421953,-0.07307289626231062,1.6609760725958342,0.24089753526951235,-0.0730729833318539,1.6609761099930531,0.24089753526951235,-0.0730729833318539,1.6609761099930531,0.0,0.0,0.0,4.534847163087351,0.07558078605145585
0.32300000000000023,0.24089738110353945,-0.07307289956423878,1.660976074560168,0.24089753526951235,-0.0730729833318539,1.6609761099930531,0.24089753526951235,-0.0730729833318539,1.6609761099930531,0.0,0.0,0.0,4.534846943523543,0.07558078239205905
0.32400000000000023,0.24089738651301704,-0.0730729028218728,1.660976076513432,0.24089753526951235,-0.0730729833318539,1.6609761099930531,0.24089753526951235,-0.0730729833318539,1.6609761099930531,0.0,0.0,0.0,4.534846711299958,0.07558077852166598
0.32500000000000023,0.24089739186332,-0.07307290603575564,1.6609760784563845,0.24089753526951235,-0.0730729833318539,1.6609761099930531,0.24089753526951235,-0.0730729833318539,1.6609761099930531,0.0,0.0,0.0,4.534846467194131,0.07558077445323552
0.32600000000000023,0.24089739715511527,-0.0730729092064319,1.6609760803897378,0.24089753526951235,-0.0730729833318539,1.6609761099930531,0.24089753526951235,-0.0730729833318539,1.6609761099930531,0.0,0.0,0.0,4.534846211963631,0.07558077019939384
0.32700000000000023,0.24089740238906823,-0.07307291233444906,1.660976082314156,0.24089753526951235,-0.0730729833318539,1.6609761099930531,0.24089753526951235,-0.0730729833318539,1.6609761099930531,0.0,0.0,0.0,4.534845946345444,0.07558076577242406
0.32800000000000024,0.24089740756584177,-0.07307291542035534,1.6609760842302579,0.24089753526951235,-0.0730729833318539,1.6609761099930531,0.24089753526951235,-0.0730729833318539,1.6609761099930531,0.0,0.0,0.0,4.534845671056652,0.07558076118427753
0.32900000000000024,0.24089741268609588,-0.07307291846469985,1.6609760861386191,0.24089753526951235,-0.0730729833318539,1.6609761099930531,0.24089753526951235,-0.0730729833318539,1.6609761099930531,0.0,0.0,0.0,4.534845386793914,0.07558075644656523
0.33000000000000024,0.24089741775048554,-0.07307292146803122,1.6609760880397697,0.24089753526951235,-0.0730729833318539,1.6609761099930531,0.24089753526951235,-0.0730729833318539,1.6609761099930531,0.0,0.0,0.0,4.5348450942334875,0.07558075157055813
0.33100000000000024,0.2408974227596615,-0.07307292443089715,1.6609760899342012,0.24089753526951235,-0.0730729833318539,1.6609761099930531,0.24089753526951235,-0.0730729833318539,1.6609761099930531,0.0,0.0,0.0,4.534844794031807,0.07558074656719678
0.33200000000000024,0.24089742771426859,-0.07307292735384377,1.6609760918223606,0.24089753526951235,-0.0730729833318539,1.6609761099930531,0.24089753526951235,-0.0730729833318539,1.6609761099930531,0.0,0.0,0.0,4.534844486824201,0.07558074144707001
0.33300000000000024,0.24089743261494484,-0.07307293023741515,1.660976093704655,0.24089753526951235,-0.0730729833318539,1.6609761099930531,0.24089753526951235,-0.0730729833318539,1.6609761099930531,0.0,0.0,0.0,4.53484417322657,0.07558073622044283
0.33400000000000024,0.24089743746232262,-0.07307293308215286,1.660976095581457,0.24089753526951235,-0.0730729833318539,1.6609761099930531,0.24089753526951235,-0.0730729833318539,1.6609761099930531,0.0,0.0,0.0,4.534843853834741,0.07558073089724568
0.33500000000000024,0.24089744225702497,-0.07307293588859473,1.6609760974530956,0.24089753526951235,-0.0730729833318539,1.6609761099930531,0.24089753526951235,-0.0730729833318539,1.6609761099930531,0.0,0.0,0.0,4.534843529223678,0.0755807254870613
0.33600000000000024,0.24089744699966664,-0.07307293865727406,1.660976099319865,0.24089753526951235,-0.0730729833318539,1.6609761099930531,0.24089753526951235,-0.0730729833318539,1.6609761099930531,0.0,0.0,0.0,4.534843199949784,0.07558071999916308
0.33700000000000024,0.2408974516908559,-0.07307294138872165,1.6609761011820283,0.24089753526951235,-0.0730729833318539,1.6609761099930531,0.24089753526951235,-0.0730729833318539,1.6609761099930531,0.0,0.0,0.0,4.534842866549084,0.07558071444248474
0.33800000000000024,0.24089745633118836,-0.07307294408346154,1.6609761030398063,0.24089753526951235,-0.0730729833318539,1.6609761099930531,0.24089753526951235,-0.0730729833318539,1.6609761099930531,0.0,0.0,0.0,4.534842529537693,0.07558070882562822
0.33900000000000025,0.2408974609212532,-0.07307294674201384,1.6609761048933949,0.24089753526951235,-0.0730729833318539,1.6609761099930531,0.24089753526951235,-0.0730729833318539,1.6609761099930531,0.0,0.0,0.0,4.5348421894135535,0.07558070315689255
0.34000000000000025,0.24089746546162707,-0.07307294936489238,1.66097610674295,0.24089753526951235,-0.0730729833318539,1.6609761099930531,0.24089753526951235,-0.0730729833318539,1.6609761099930531,0.0,0.0,0.0,4.534841846654191,0.07558069744423652
0.34100000000000025,0.24089746995287745,-0.07307295195260549,1.660976108588603,0.24089753526951235,-0.0730729833318539,1.6609761099930531,0.24089753526951235,-0.0730729833318539,1.6609761099930531,0.0,0.0,0.0,4.534841501719658,0.07558069169532763
0.34200000000000025,0.24089747439556086,-0.07307295450565426,1.660976110430452,0.24089753526951235,-0.0730729833318539,1.6609761099930531,0.24089753526951235,-0.0730729833318539,1.6609761099930531,0.0,0.0,0.0,4.534841155050081,0.07558068591750136
0.34300000000000025,0.24089747879022194,-0.07307295702453342,1.6609761122685665,0.24089753526951235,-0.0730729833318539,1.6609761099930531,0.24089753526951235,-0.0730729833318539,1.6609761099930531,0.0,0.0,0.0,4.534840807068046,0.07558068011780077
0.34400000000000025,0.24089748313739445,-0.07307295950973106,1.6609761141029888,0.24089753526951235,-0.0730729833318539,1.6609761099930531,0.24089753526951235,-0.0730729833318539,1.6609761099930531,0.0,0.0,0.0,4.53484045817788,0.07558067430296465
0.34500000000000025,0.24089748743760048,-0.07307296196172755,1.6609761159337353,0.24089753526951235,-0.0730729833318539,1.6609761099930531,0.24089753526951235,-0.0730729833318539,1.6609761099930531,0.0,0.0,0.0,4.53484010876604,0.075580668479434
0.34600000000000025,0.24089749169135008,-0.07307296438099559,1.6609761177607951,0.24089753526951235,-0.0730729833318539,1.6609761099930531,0.24089753526951235,-0.0730729833318539,1.6609761099930531,0.0,0.0,0.0,4.53483975920122,0.07558066265335367
0.34700000000000025,0.24089749589914217,-0.0730729667680006,1.6609761195841355,0.24089753526951235,-0.0730729833318539,1.6609761099930531,0.24089753526951235,-0.0730729833318539,1.6609761099930531,0.0,0.0,0.0,4.534839409835336,0.07558065683058894
0.34800000000000025,0.2408975000614621,-0.07307296912319922,1.6609761214036975,0.24089753526951235,-0.0730729833318539,1.6609761099930531,0.24089753526951235,-0.0730729833318539,1.6609761099930531,0.0,0.0,0.0,4.534839061002919,0.07558065101671532
0.34900000000000025,0.24089750417878364,-0.07307297144704052,1.6609761232194022,0.24089753526951235,-0.0730729833318539,1.6609761099930531,0.24089753526951235,-0.0730729833318539,1.6609761099930531,0.0,0.0,0.0,4.534838713022486,0.07558064521704143
0.35000000000000026,0.2408975082515682,-0.07307297373996499,1.6609761250311483,0.24089753526951235,-0.0730729833318539,1.6609761099930531,0.24089753526951235,-0.0730729833318539,1.6609761099930531,0.0,0.0,0.0,4.534838366195746,0.07558063943659578
0.35100000000000026,0.24089751228026413,-0.07307297600240409,1.6609761268388132,0.24089753526951235,-0.0730729833318539,1.6609761099930531,0.24089753526951235,-0.0730729833318539,1.6609761099930531,0.0,0.0,0.0,4.534838020808777,0.07558063368014628
0.35200000000000026,0.24089751626530845,-0.0730729782347814,1.6609761286422573,0.24089753526951235,-0.0730729833318539,1.6609761099930531,0.24089753526951235,-0.0730729833318539,1.6609761099930531,0.0,0.0,0.0,4.534837677132229,0.07558062795220381
0.35300000000000026,0.24089752020712457,-0.0730729804375112,1.6609761304413215,0.24089753526951235,-0.0730729833318539,1.6609761099930531,0.24089753526951235,-0.0730729833318539,1.6609761099930531,0.0,0.0,0.0,4.534837335421142,0.07558062225701903
0.35400000000000026,0.2408975241061238,-0.07307298261099919,1.6609761322358294,0.24089753526951235,-0.0730729833318539,1.6609761099930531,0.24089753526951235,-0.0730729833318539,1.6609761099930531,0.0,0.0,0.0,4.534836995915783,0.07558061659859638
0.35500000000000026,0.24089752796270442,-0.07307298475564175,1.660976134025588,0.24089753526951235,-0.0730729833318539,1.6609761099930531,0.24089753526951235,-0.0730729833318539,1.6609761099930531,0.0,0.0,0.0,4.534836658841975,0.07558061098069958
0.35600000000000026,0.24089753177725332,-0.07307298687182652,1.6609761358103898,0.24089753526951235,-0.0730729833318539,1.6609761099930531,0.24089753526951235,-0.0730729833318539,1.6609761099930531,0.0,0.0,0.0,4.534836324410898,0.07558060540684829
0.35700000000000026,0.2408975355501438,-0.0730729889599318,1.6609761375900127,0.24089753526951235,-0.0730729833318539,1.6609761099930531,0.24089753526951235,-0.0730729833318539,1.6609761099930531,0.0,0.0,0.0,4.5348359928214625,0.07558059988035772
0.35800000000000026,0.24089753928173743,-0.07307299102032769,1.66097613936422,0.24089753526951235,-0.0730729833318539,1.6609761099930531,0.24089753526951235,-0.0730729833318539,1.6609761099930531,0.0,0.0,0.0,4.5348356642574466,0.07558059440429078
0.35900000000000026,0.2408975429723837,-0.07307299305337392,1.660976141132763,0.24089753526951235,-0.0730729833318539,1.6609761099930531,0.24089753526951235,-0.0730729833318539,1.6609761099930531,0.0,0.0,0.0,4.53483533889034,0.07558058898150567
0.36000000000000026,0.2408975466224194,-0.07307299505942164,1.660976142895381,0.24089753526951235,-0.0730729833318539,1.6609761099930531,0.24089753526951235,-0.0730729833318539,1.6609761099930531,0.0,0.0,0.0,4.534835016878555,0.07558058361464258
0.36100000000000027,0.24089755023216952,-0.07307299703881295,1.6609761446518037,0.24089753526951235,-0.0730729833318539,1.6609761099930531,0.24089753526951235,-0.0730729833318539,1.6609761099930531,0.0,0.0,0.0,4.534834698368453,0.07558057830614089
0.36200000000000027,0.24089755380194736,-0.07307299899188155,1.6609761464017485,0.24089753526951235,-0.0730729833318539,1.6609761099930531,0.24089753526951235,-0.0730729833318539,1.6609761099930531,0.0,0.0,0.0,4.534834383494138,0.07558057305823564
0.36300000000000027,0.24089755733205448,-0.0730730009189506,1.6609761481449241,0.24089753526951235,-0.0730729833318539,1.6609761099930531,0.24089753526951235,-0.0730729833318539,1.6609761099930531,0.0,0.0,0.0,4.534834072378403,0.07558056787297338
0.36400000000000027,0.24089756082278113,-0.07307300282033563,1.6609761498810311,0.24089753526951235,-0.0730729833318539,1.6609761099930531,0.24089753526951235,-0.0730729833318539,1.6609761099930531,0.0,0.0,0.0,4.53483376513285,0.07558056275221417
0.36500000000000027,0.24089756427440528,-0.07307300469634252,1.6609761516097632,0.24089753526951235,-0.0730729833318539,1.6609761099930531,0.24089753526951235,-0.0730729833318539,1.6609761099930531,0.0,0.0,0.0,4.534833461858116,0.07558055769763526
0.36600000000000027,0.24089756768719472,-0.07307300654726859,1.6609761533308043,0.24089753526951235,-0.0730729833318539,1.6609761099930531,0.24089753526951235,-0.0730729833318539,1.6609761099930531,0.0,0.0,0.0,4.534833162643891,0.07558055271073152
0.36700000000000027,0.24089757106140597,-0.07307300837340215,1.660976155043835,0.24089753526951235,-0.0730729833318539,1.6609761099930531,0.24089753526951235,-0.0730729833318539,1.6609761099930531,0.0,0.0,0.0,4.534832867570585,0.07558054779284308
0.36800000000000027,0.2408975743972845,-0.07307301017502335,1.660976156748529,0.24089753526951235,-0.0730729833318539,1.6609761099930531,0.24089753526951235,-0.0730729833318539,1.6609761099930531,0.0,0.0,0.0,4.534832576707981,0.07558054294513301
0.36900000000000027,0.2408975776950657,-0.07307301195240302,1.6609761584445537,0.24089753526951235,-0.0730729833318539,1.6609761099930531,0.24089753526951235,-0.0730729833318539,1.6609761099930531,0.0,0.0,0.0,4.534832290116727,0.07558053816861211
0.3700000000000003,0.24089758095497432,-0.07307301370580399,1.6609761601315745,0.24089753526951235,-0.0730729833318539,1.6609761099930531,0.24089753526951235,-0.0730729833318539,1.6609761099930531,0.0,0.0,0.0,4.534832007848883,0.07558053346414804
0.3710000000000003,0.24089758417722534,-0.07307301543548082,1.6609761618092531,0.24089753526951235,-0.0730729833318539,1.6609761099930531,0.24089753526951235,-0.0730729833318539,1.6609761099930531,0.0,0.0,0.0,4.53483172994695,0.07558052883244916
0.3720000000000003,0.24089758736202332,-0.07307301714167952,1.6609761634772457,0.24089753526951235,-0.0730729833318539,1.6609761099930531,0.24089753526951235,-0.0730729833318539,1.6609761099930531,0.0,0.0,0.0,4.5348314564452705,0.07558052427408785
0.3730000000000003,0.24089759050956422,-0.07307301882463814,1.660976165135209,0.24089753526951235,-0.0730729833318539,1.6609761099930531,0.24089753526951235,-0.0730729833318539,1.6609761099930531,0.0,0.0,0.0,4.534831187370671,0.07558051978951118
0.3740000000000003,0.2408975936200335,-0.07307302048458666,1.6609761667827967,0.24089753526951235,-0.0730729833318539,1.6609761099930531,0.24089753526951235,-0.0730729833318539,1.6609761099930531,0.0,0.0,0.0,4.534830922741614,0.07558051537902691
0.3750000000000003,0.24089759669360855,-0.07307302212174724,1.66097616841966,0.24089753526951235,-0.0730729833318539,1.6609761099930531,0.24089753526951235,-0.0730729833318539,1.6609761099930531,0.0,0.0,0.0,4.534830662569294,0.07558051104282157
0.3760000000000003,0.24089759973045732,-0.07307302373633424,1.6609761700454513,0.24089753526951235,-0.0730729833318539,1.6609761099930531,0.24089753526951235,-0.0730729833318539,1.6609761099930531,0.0,0.0,0.0,4.534830406858245,0.07558050678097075
0.3770000000000003,0.240897602730739,-0.07307302532855503,1.660976171659822,0.24089753526951235,-0.0730729833318539,1.6609761099930531,0.24089753526951235,-0.0730729833318539,1.6609761099930531,0.0,0.0,0.0,4.53483015560591,0.07558050259343183
0.3780000000000003,0.24089760569460675,-0.07307302689860914,1.6609761732624235,0.24089753526951235,-0.0730729833318539,1.6609761099930531,0.24089753526951235,-0.0730729833318539,1.6609761099930531,0.0,0.0,0.0,4.534829908803183,0.07558049848005305
0.3790000000000003,0.2408976086222026,-0.07307302844668903,1.6609761748529088,0.24089753526951235,-0.0730729833318539,1.6609761099930531,0.24089753526951235,-0.0730729833318539,1.6609761099930531,0.0,0.0,0.0,4.5348296664354475,0.0755804944405908
0.3800000000000003,0.24089761151366224,-0.07307302997297943,1.6609761764309314,0.24089753526951235,-0.0730729833318539,1.6609761099930531,0.24089753526951235,-0.0730729833318539,1.6609761099930531,0.0,0.0,0.0,4.534829428481525,0.07558049047469209
0.3810000000000003,0.24089761436911422,-0.0730730314776592,1.6609761779961472,0.24089753526951235,-0.0730729833318539,1.6609761099930531,0.24089753526951235,-0.0730729833318539,1.6609761099930531,0.0,0.0,0.0,4.534829194915069,0.07558048658191782
0.3820000000000003,0.2408976171886796,-0.07307303296090038,1.6609761795482127,0.24089753526951235,-0.0730729833318539,1.6609761099930531,0.24089753526951235,-0.0730729833318539,1.6609761099930531,0.0,0.0,0.0,4.534828965704595,0.07558048276174324
0.3830000000000003,0.24089761997247236,-0.07307303442286761,1.660976181086789,0.24089753526951235,-0.0730729833318539,1.6609761099930531,0.24089753526951235,-0.0730729833318539,1.6609761099930531,0.0,0.0,0.0,4.534828740813714,0.0755804790135619
0.3840000000000003,0.24089762272060014,-0.07307303586371976,1.660976182611538,0.24089753526951235,-0.0730729833318539,1.6609761099930531,0.24089753526951235,-0.0730729833318539,1.6609761099930531,0.0,0.0,0.0,4.534828520201064,0.0755804753366844
0.3850000000000003,0.2408976254331644,-0.07307303728360928,1.660976184122125,0.24089753526951235,-0.0730729833318539,1.6609761099930531,0.24089753526951235,-0.0730729833318539,1.6609761099930531,0.0,0.0,0.0,4.534828303821328,0.07558047173035547
0.3860000000000003,0.24089762811026005,-0.07307303868268293,1.660976185618222,0.24089753526951235,-0.0730729833318539,1.6609761099930531,0.24089753526951235,-0.0730729833318539,1.6609761099930531,0.0,0.0,0.0,4.534828091625038,0.07558046819375064
0.3870000000000003,0.24089763075197645,-0.07307304006108142,1.6609761870995012,0.24089753526951235,-0.0730729833318539,1.6609761099930531,0.24089753526951235,-0.0730729833318539,1.6609761099930531,0.0,0.0,0.0,4.534827883558274,0.07558046472597123
0.3880000000000003,0.24089763335839795,-0.07307304141893943,1.660976188565641,0.24089753526951235,-0.0730729833318539,1.6609761099930531,0.24089753526951235,-0.0730729833318539,1.6609761099930531,0.0,0.0,0.0,4.534827679564131,0.07558046132606885
0.3890000000000003,0.24089763592960242,-0.07307304275638696,1.6609761900163234,0.24089753526951235,-0.0730729833318539,1.6609761099930531,0.24089753526951235,-0.0730729833318539,1.6609761099930531,0.0,0.0,0.0,4.534827479582257,0.07558045799303763
0.3900000000000003,0.24089763846566428,-0.07307304407354795,1.6609761914512353,0.24089753526951235,-0.0730729833318539,1.6609761099930531,0.24089753526951235,-0.0730729833318539,1.6609761099930531,0.0,0.0,0.0,4.534827283549137,0.07558045472581895
0.3910000000000003,0.24089764096665206,-0.07307304537054142,1.6609761928700688,0.24089753526951235,-0.0730729833318539,1.6609761099930531,0.24089753526951235,-0.0730729833318539,1.6609761099930531,0.0,0.0,0.0,4.534827091398433,0.07558045152330721
0.3920000000000003,0.24089764343263054,-0.07307304664748174,1.660976194272522,0.24089753526951235,-0.0730729833318539,1.6609761099930531,0.24089753526951235,-0.0730729833318539,1.6609761099930531,0.0,0.0,0.0,4.534826903061105,0.07558044838435175
0.3930000000000003,0.24089764586365991,-0.07307304790447841,1.6609761956582985,0.24089753526951235,-0.0730729833318539,1.6609761099930531,0.24089753526951235,-0.0730729833318539,1.6609761099930531,0.0,0.0,0.0,4.534826718465658,0.07558044530776097
0.3940000000000003,0.24089764825979687,-0.07307304914163563,1.6609761970271066,0.24089753526951235,-0.0730729833318539,1.6609761099930531,0.24089753526951235,-0.0730729833318539,1.6609761099930531,0.0,0.0,0.0,4.5348265375383585,0.07558044229230597
0.3950000000000003,0.24089765062109397,-0.07307305035905456,1.66097619837866,0.24089753526951235,-0.0730729833318539,1.6609761099930531,0.24089753526951235,-0.0730729833318539,1.6609761099930531,0.0,0.0,0.0,4.534826360203725,0.07558043933672876
0.3960000000000003,0.2408976529476006,-0.07307305155683064,1.6609761997126808,0.24089753526951235,-0.0730729833318539,1.6609761099930531,0.24089753526951235,-0.0730729833318539,1.6609761099930531,0.0,0.0,0.0,4.534826186383843,0.07558043643973072
0.3970000000000003,0.24089765523936324,-0.07307305273505645,1.6609762010288973,0.24089753526951235,-0.0730729833318539,1.6609761099930531,0.24089753526951235,-0.0730729833318539,1.6609761099930531,0.0,0.0,0.0,4.534826016000679,0.07558043360001131
0.3980000000000003,0.2408976574964249,-0.07307305389381992,1.6609762023270416,0.24089753526951235,-0.0730729833318539,1.6609761099930531,0.24089753526951235,-0.0730729833318539,1.6609761099930531,0.0,0.0,0.0,4.534825848973285,0.07558043081622141
0.3990000000000003,0.24089765971882632,-0.0730730550332058,1.6609762036068543,0.24089753526951235,-0.0730729833318539,1.6609761099930531,0.24089753526951235,-0.0730729833318539,1.6609761099930531,0.0,0.0,0.0,4.534825685220033,0.07558042808700055
0.4000000000000003,0.2408976619066055,-0.07307305615329486,1.6609762048680825,0.24089753526951235,-0.0730729833318539,1.6609761099930531,0.24089753526951235,-0.0730729833318539,1.6609761099930531,0.0,0.0,0.0,4.5348255246582525,0.07558042541097088
0.4010000000000003,0.24089766405979884,-0.0730730572541649,1.6609762061104807,0.24089753526951235,-0.0730729833318539,1.6609761099930531,0.24089753526951235,-0.0730729833318539,1.6609761099930531,0.0,0.0,0.0,4.534825367204332,0.07558042278673888
0.4020000000000003,0.24089766617844,-0.0730730583358897,1.6609762073338092,0.24089753526951235,-0.0730729833318539,1.6609761099930531,0.24089753526951235,-0.0730729833318539,1.6609761099930531,0.0,0.0,0.0,4.534825212774058,0.07558042021290096
0.4030000000000003,0.2408976682625611,-0.07307305939854118,1.660976208537836,0.24089753526951235,-0.0730729833318539,1.6609761099930531,0.24089753526951235,-0.0730729833318539,1.6609761099930531,0.0,0.0,0.0,4.534825061282547,0.07558041768804244
0.4040000000000003,0.24089767031219295,-0.07307306044218738,1.6609762097223368,0.24089753526951235,-0.0730729833318539,1.6609761099930531,0.24089753526951235,-0.0730729833318539,1.6609761099930531,0.0,0.0,0.0,4.534824912644719,0.07558041521074532
0.4050000000000003,0.24089767232736498,-0.07307306146689468,1.6609762108870927,0.24089753526951235,-0.0730729833318539,1.6609761099930531,0.24089753526951235,-0.0730729833318539,1.6609761099930531,0.0,0.0,0.0,4.534824766774864,0.07558041277958107
0.4060000000000003,0.24089767430810485,-0.07307306247272559,1.6609762120318943,0.24089753526951235,-0.0730729833318539,1.6609761099930531,0.24089753526951235,-0.0730729833318539,1.6609761099930531,0.0,0.0,0.0,4.5348246235876415,0.07558041039312736
0.4070000000000003,0.2408976762544404,-0.07307306345974098,1.6609762131565384,0.24089753526951235,-0.0730729833318539,1.6609761099930531,0.24089753526951235,-0.0730729833318539,1.6609761099930531,0.0,0.0,0.0,4.534824482997159,0.07558040804995265
0.4080000000000003,0.24089767816639768,-0.07307306442799966,1.6609762142608286,0.24089753526951235,-0.0730729833318539,1.6609761099930531,0.24089753526951235,-0.0730729833318539,1.6609761099930531,0.0,0.0,0.0,4.534824344918098,0.07558040574863496
0.4090000000000003,0.24089768004400247,-0.07307306537755748,1.6609762153445768,0.24089753526951235,-0.0730729833318539,1.6609761099930531,0.24089753526951235,-0.0730729833318539,1.6609761099930531,0.0,0.0,0.0,4.534824209265436,0.07558040348775726
0.4100000000000003,0.24089768188728028,-0.07307306630846909,1.6609762164076014,0.24089753526951235,-0.0730729833318539,1.6609761099930531,0.24089753526951235,-0.0730729833318539,1.6609761099930531,0.0,0.0,0.0,4.534824075954105,0.07558040126590175
0.4110000000000003,0.24089768369625675,-0.07307306722078719,1.6609762174497307,0.24089753526951235,-0.0730729833318539,1.6609761099930531,0.24089753526951235,-0.0730729833318539,1.6609761099930531,0.0,0.0,0.0,4.53482394490013,0.07558039908166883
0.4120000000000003,0.24089768547095708,-0.0730730681145625,1.6609762184707964,0.24089753526951235,-0.0730729833318539,1.6609761099930531,0.24089753526951235,-0.0730729833318539,1.6609761099930531,0.0,0.0,0.0,4.534823816019256,0.07558039693365427
0.4130000000000003,0.24089768721140595,-0.07307306898984418,1.6609762194706406,0.24089753526951235,-0.0730729833318539,1.6609761099930531,0.24089753526951235,-0.0730729833318539,1.6609761099930531,0.0,0.0,0.0,4.534823689228848,0.07558039482048079
0.4140000000000003,0.24089768891762975,-0.07307306984668036,1.660976220449111,0.24089753526951235,-0.0730729833318539,1.6609761099930531,0.24089753526951235,-0.0730729833318539,1.6609761099930531,0.0,0.0,0.0,4.534823564446438,0.07558039274077397
0.4150000000000003,0.2408976905896546,-0.07307307068511784,1.6609762214060655,0.24089753526951235,-0.0730729833318539,1.6609761099930531,0.24089753526951235,-0.0730729833318539,1.6609761099930531,0.0,0.0,0.0,4.534823441590954,0.07558039069318258
0.4160000000000003,0.2408976922275078,-0.07307307150520166,1.660976222341367,0.24089753526951235,-0.0730729833318539,1.6609761099930531,0.24089753526951235,-0.0730729833318539,1.6609761099930531,0.0,0.0,0.0,4.534823320581601,0.07558038867636001
0.4170000000000003,0.24089769383121543,-0.073073072306976,1.660976223254884,0.24089753526951235,-0.0730729833318539,1.6609761099930531,0.24089753526951235,-0.0730729833318539,1.6609761099930531,0.0,0.0,0.0,4.534823201338997,0.07558038668898329
0.4180000000000003,0.24089769540080674,-0.07307307309048482,1.6609762241464956,0.24089753526951235,-0.0730729833318539,1.6609761099930531,0.24089753526951235,-0.0730729833318539,1.6609761099930531,0.0,0.0,0.0,4.534823083785285,0.07558038472975474
0.4190000000000003,0.24089769693631008,-0.07307307385577021,1.6609762250160869,0.24089753526951235,-0.0730729833318539,1.6609761099930531,0.24089753526951235,-0.0730729833318539,1.6609761099930531,0.0,0.0,0.0,4.534822967843057,0.07558038279738429
0.4200000000000003,0.240897698437757,-0.07307307460287417,1.6609762258635508,0.24089753526951235,-0.0730729833318539,1.6609761099930531,0.24089753526951235,-0.0730729833318539,1.6609761099930531,0.0,0.0,0.0,4.534822853436382,0.07558038089060637
0.4210000000000003,0.24089769990517945,-0.07307307533183846,1.6609762266887849,0.24089753526951235,-0.0730729833318539,1.6609761099930531,0.24089753526951235,-0.0730729833318539,1.6609761099930531,0.0,0.0,0.0,4.534822740490625,0.07558037900817709
0.4220000000000003,0.2408977013386096,-0.07307307604270363,1.6609762274916968,0.24089753526951235,-0.0730729833318539,1.6609761099930531,0.24089753526951235,-0.0730729833318539,1.6609761099930531,0.0,0.0,0.0,4.534822628933036,0.07558037714888392
0.4230000000000003,0.2408977027380826,-0.07307307673551018,1.6609762282721994,0.24089753526951235,-0.0730729833318539,1.6609761099930531,0.24089753526951235,-0.0730729833318539,1.6609761099930531,0.0,0.0,0.0,4.534822518691362,0.0755803753115227
0.4240000000000003,0.24089770410363398,-0.07307307741029805,1.6609762290302132,0.24089753526951235,-0.0730729833318539,1.6609761099930531,0.24089753526951235,-0.0730729833318539,1.6609761099930531,0.0,0.0,0.0,4.534822409695495,0.07558037349492493
0.4250000000000003,0.2408977054353022,-0.07307307806710689,1.660976229765664,0.24089753526951235,-0.0730729833318539,1.6609761099930531,0.24089753526951235,-0.0730729833318539,1.6609761099930531,0.0,0.0,0.0,4.534822301876284,0.07558037169793806
0.4260000000000003,0.24089770673312633,-0.07307307870597693,1.660976230478486,0.24089753526951235,-0.0730729833318539,1.6609761099930531,0.24089753526951235,-0.0730729833318539,1.6609761099930531,0.0,0.0,0.0,4.534822195166909,0.07558036991944848
0.4270000000000003,0.24089770799714855,-0.07307307932694795,1.6609762311686196,0.24089753526951235,-0.0730729833318539,1.6609761099930531,0.24089753526951235,-0.0730729833318539,1.6609761099930531,0.0,0.0,0.0,4.534822089501319,0.07558036815835532
0.4280000000000003,0.24089770922741144,-0.07307307993005939,1.660976231836011,0.24089753526951235,-0.0730729833318539,1.6609761099930531,0.24089753526951235,-0.0730729833318539,1.6609761099930531,0.0,0.0,0.0,4.534821984815431,0.07558036641359052
0.4290000000000003,0.2408977104239612,-0.0730730805153513,1.6609762324806137,0.24089753526951235,-0.0730729833318539,1.6609761099930531,0.24089753526951235,-0.0730729833318539,1.6609761099930531,0.0,0.0,0.0,4.534821881046702,0.07558036468411171
0.4300000000000003,0.24089771158684486,-0.07307308108286438,1.660976233102386,0.24089753526951235,-0.0730729833318539,1.6609761099930531,0.24089753526951235,-0.0730729833318539,1.6609761099930531,0.0,0.0,0.0,4.534821778134419,0.07558036296890698
0.4310000000000003,0.2408977127161122,-0.07307308163263818,1.660976233701294,0.24089753526951235,-0.0730729833318539,1.6609761099930531,0.24089753526951235,-0.0730729833318539,1.6609761099930531,0.0,0.0,0.0,4.534821676019494,0.07558036126699157
0.43200000000000033,0.24089771381181554,-0.0730730821647142,1.660976234277311,0.24089753526951235,-0.0730729833318539,1.6609761099930531,0.24089753526951235,-0.0730729833318539,1.6609761099930531,0.0,0.0,0.0,4.534821574644391,0.07558035957740651
0.43300000000000033,0.24089771487400824,-0.07307308267913329,1.6609762348304125,0.24089753526951235,-0.0730729833318539,1.6609761099930531,0.24089753526951235,-0.0730729833318539,1.6609761099930531,0.0,0.0,0.0,4.534821473953118,0.07558035789921863
0.43400000000000033,0.24089771590274808,-0.07307308317593746,1.6609762353605824,0.24089753526951235,-0.0730729833318539,1.6609761099930531,0.24089753526951235,-0.0730729833318539,1.6609761099930531,0.0,0.0,0.0,4.534821373891883,0.07558035623153138
0.43500000000000033,0.24089771689809314,-0.07307308365516836,1.660976235867811,0.24089753526951235,-0.0730729833318539,1.6609761099930531,0.24089753526951235,-0.0730729833318539,1.6609761099930531,0.0,0.0,0.0,4.534821274407897,0.07558035457346496
0.43600000000000033,0.24089771786010525,-0.07307308411686943,1.6609762363520932,0.24089753526951235,-0.0730729833318539,1.6609761099930531,0.24089753526951235,-0.0730729833318539,1.6609761099930531,0.0,0.0,0.0,4.534821175451552,0.07558035292419253
0.43700000000000033,0.24089771878884822,-0.07307308456108373,1.6609762368134298,0.24089753526951235,-0.0730729833318539,1.6609761099930531,0.24089753526951235,-0.0730729833318539,1.6609761099930531,0.0,0.0,0.0,4.534821076973609,0.07558035128289348
0.43800000000000033,0.2408977196843881,-0.07307308498785581,1.660976237251826,0.24089753526951235,-0.0730729833318539,1.6609761099930531,0.24089753526951235,-0.0730729833318539,1.6609761099930531,0.0,0.0,0.0,4.534820978926978,0.07558034964878298
0.43900000000000033,0.24089772054679437,-0.07307308539723031,1.6609762376672932,0.24089753526951235,-0.0730729833318539,1.6609761099930531,0.24089753526951235,-0.0730729833318539,1.6609761099930531,0.0,0.0,0.0,4.534820881266155,0.07558034802110258
0.44000000000000034,0.2408977213761384,-0.07307308578925309,1.6609762380598476,0.24089753526951235,-0.0730729833318539,1.6609761099930531,0.24089753526951235,-0.0730729833318539,1.6609761099930531,0.0,0.0,0.0,4.534820783947689,0.07558034639912815
0.44100000000000034,0.2408977221724944,-0.07307308616397082,1.6609762384295117,0.24089753526951235,-0.0730729833318539,1.6609761099930531,0.24089753526951235,-0.0730729833318539,1.6609761099930531,0.0,0.0,0.0,4.534820686929777,0.07558034478216295
0.44200000000000034,0.24089772293593953,-0.07307308652143103,1.6609762387763114,0.24089753526951235,-0.0730729833318539,1.6609761099930531,0.24089753526951235,-0.0730729833318539,1.6609761099930531,0.0,0.0,0.0,4.534820590172078,0.07558034316953463
0.44300000000000034,0.2408977236665526,-0.07307308686168167,1.6609762391002778,0.24089753526951235,-0.0730729833318539,1.6609761099930531,0.24089753526951235,-0.0730729833318539,1.6609761099930531,0.0,0.0,0.0,4.534820493636394,0.07558034156060657
0.44400000000000034,0.2408977243644161,-0.07307308718477241,1.6609762394014476,0.24089753526951235,-0.0730729833318539,1.6609761099930531,0.24089753526951235,-0.0730729833318539,1.6609761099930531,0.0,0.0,0.0,4.534820397285938,0.07558033995476564
0.44500000000000034,0.24089772502961476,-0.07307308749075378,1.6609762396798609,0.24089753526951235,-0.0730729833318539,1.6609761099930531,0.24089753526951235,-0.0730729833318539,1.6609761099930531,0.0,0.0,0.0,4.534820301085576,0.07558033835142626
0.44600000000000034,0.24089772566223583,-0.0730730877796767,1.6609762399355623,0.24089753526951235,-0.0730729833318539,1.6609761099930531,0.24089753526951235,-0.0730729833318539,1.6609761099930531,0.0,0.0,0.0,4.534820205002118,0.07558033675003531
0.44700000000000034,0.24089772626237024,-0.07307308805159335,1.6609762401686017,0.24089753526951235,-0.0730729833318539,1.6609761099930531,0.24089753526951235,-0.0730729833318539,1.6609761099930531,0.0,0.0,0.0,4.534820109003842,0.07558033515006404
0.44800000000000034,0.24089772683011004,-0.07307308830655758,1.660976240379033,0.24089753526951235,-0.0730729833318539,1.6609761099930531,0.24089753526951235,-0.0730729833318539,1.6609761099930531,0.0,0.0,0.0,4.534820013060724,0.07558033355101207
0.44900000000000034,0.24089772736555115,-0.07307308854462355,1.660976240566913,0.24089753526951235,-0.0730729833318539,1.6609761099930531,0.24089753526951235,-0.0730729833318539,1.6609761099930531,0.0,0.0,0.0,4.534819917144211,0.07558033195240352
0.45000000000000034,0.2408977278687916,-0.07307308876584707,1.660976240732304,0.24089753526951235,-0.0730729833318539,1.6609761099930531,0.24089753526951235,-0.0730729833318539,1.6609761099930531,0.0,0.0,0.0,4.534819821227642,0.07558033035379404
0.45100000000000035,0.24089772833993256,-0.07307308897028476,1.660976240875272,0.24089753526951235,-0.0730729833318539,1.6609761099930531,0.24089753526951235,-0.0730729833318539,1.6609761099930531,0.0,0.0,0.0,4.534819725285704,0.07558032875476174
0.45200000000000035,0.2408977287790776,-0.07307308915799446,1.6609762409958853,0.24089753526951235,-0.0730729833318539,1.6609761099930531,0.24089753526951235,-0.0730729833318539,1.6609761099930531,0.0,0.0,0.0,4.534819629294673,0.07558032715491121
0.45300000000000035,0.2408977291863329,-0.07307308932903522,1.6609762410942168,0.24089753526951235,-0.0730729833318539,1.6609761099930531,0.24089753526951235,-0.0730729833318539,1.6609761099930531,0.0,0.0,0.0,4.5348195332324295,0.07558032555387383
0.45400000000000035,0.2408977295618073,-0.07307308948346712,1.660976241170344,0.24089753526951235,-0.0730729833318539,1.6609761099930531,0.24089753526951235,-0.0730729833318539,1.6609761099930531,0.0,0.0,0.0,4.534819437078267,0.07558032395130444
0.45500000000000035,0.24089772990561226,-0.07307308962135133,1.6609762412243445,0.24089753526951235,-0.0730729833318539,1.6609761099930531,0.24089753526951235,-0.0730729833318539,1.6609761099930531,0.0,0.0,0.0,4.534819340812875,0.07558032234688125
0.45600000000000035,0.24089773021786276,-0.0730730897427504,1.6609762412563047,0.24089753526951235,-0.0730729833318539,1.6609761099930531,0.24089753526951235,-0.0730729833318539,1.6609761099930531,0.0,0.0,0.0,4.534819244418881,0.07558032074031469
0.45700000000000035,0.24089773049867402,-0.07307308984772808,1.6609762412663074,0.24089753526951235,-0.0730729833318539,1.6609761099930531,0.24089753526951235,-0.0730729833318539,1.6609761099930531,0.0,0.0,0.0,4.534819147879529,0.07558031913132549
0.45800000000000035,0.24089773074816578,-0.07307308993634908,1.6609762412544427,0.24089753526951235,-0.0730729833318539,1.6609761099930531,0.24089753526951235,-0.0730729833318539,1.6609761099930531,0.0,0.0,0.0,4.534819051180171,0.07558031751966951
0.45900000000000035,0.2408977309664604,-0.07307309000867933,1.6609762412208038,0.24089753526951235,-0.0730729833318539,1.6609761099930531,0.24089753526951235,-0.0730729833318539,1.6609761099930531,0.0,0.0,0.0,4.534818954307345,0.07558031590512242
0.46000000000000035,0.2408977311536824,-0.07307309006478631,1.6609762411654858,0.24089753526951235,-0.0730729833318539,1.6609761099930531,0.24089753526951235,-0.0730729833318539,1.6609761099930531,0.0,0.0,0.0,4.53481885724854,0.07558031428747566
0.46100000000000035,0.24089773130995762,-0.07307309010473804,1.6609762410885858,0.24089753526951235,-0.0730729833318539,1.6609761099930531,0.24089753526951235,-0.0730729833318539,1.6609761099930531,0.0,0.0,0.0,4.5348187599927945,0.07558031266654658
0.46200000000000035,0.24089773143541604,-0.07307309012860413,1.660976240990204,0.24089753526951235,-0.0730729833318539,1.6609761099930531,0.24089753526951235,-0.0730729833318539,1.6609761099930531,0.0,0.0,0.0,4.53481866253063,0.07558031104217716
0.46300000000000036,0.24089773153018879,-0.07307309013645538,1.660976240870443,0.24089753526951235,-0.0730729833318539,1.6609761099930531,0.24089753526951235,-0.0730729833318539,1.6609761099930531,0.0,0.0,0.0,4.534818564853711,0.07558030941422851
0.46400000000000036,0.24089773159441025,-0.07307309012836363,1.6609762407294089,0.24089753526951235,-0.0730729833318539,1.6609761099930531,0.24089753526951235,-0.0730729833318539,1.6609761099930531,0.0,0.0,0.0,4.534818466954808,0.07558030778258013
0.46500000000000036,0.24089773162821682,-0.07307309010440183,1.6609762405672088,0.24089753526951235,-0.0730729833318539,1.6609761099930531,0.24089753526951235,-0.0730729833318539,1.6609761099930531,0.0,0.0,0.0,4.534818368827602,0.0755803061471267
0.46600000000000036,0.24089773163174696,-0.07307309006464427,1.6609762403839525,0.24089753526951235,-0.0730729833318539,1.6609761099930531,0.24089753526951235,-0.0730729833318539,1.6609761099930531,0.0,0.0,0.0,4.534818270467436,0.07558030450779059
0.46700000000000036,0.24089773160514177,-0.073073090009166,1.6609762401797517,0.24089753526951235,-0.0730729833318539,1.6609761099930531,0.24089753526951235,-0.0730729833318539,1.6609761099930531,0.0,0.0,0.0,4.534818171870494,0.07558030286450824
0.46800000000000036,0.24089773154854482,-0.07307308993804365,1.6609762399547203,0.24089753526951235,-0.0730729833318539,1.6609761099930531,0.24089753526951235,-0.0730729833318539,1.6609761099930531,0.0,0.0,0.0,4.534818073034088,0.07558030121723479
0.46900000000000036,0.2408977314621006,-0.07307308985135483,1.6609762397089747,0.24089753526951235,-0.0730729833318539,1.6609761099930531,0.24089753526951235,-0.0730729833318539,1.6609761099930531,0.0,0.0,0.0,4.534817973956537,0.07558029956594228
0.47000000000000036,0.24089773134595743,-0.07307308974917792,1.660976239442632,0.24089753526951235,-0.0730729833318539,1.6609761099930531,0.24089753526951235,-0.0730729833318539,1.6609761099930531,0.0,0.0,0.0,4.534817874637059,0.07558029791061766
0.47100000000000036,0.24089773120026486,-0.07307308963159294,1.6609762391558114,0.24089753526951235,-0.0730729833318539,1.6609761099930531,0.24089753526951235,-0.0730729833318539,1.6609761099930531,0.0,0.0,0.0,4.534817775076226,0.07558029625127043
0.47200000000000036,0.24089773102517426,-0.0730730894986806,1.6609762388486344,0.24089753526951235,-0.0730729833318539,1.6609761099930531,0.24089753526951235,-0.0730729833318539,1.6609761099930531,0.0,0.0,0.0,4.534817675275296,0.07558029458792159
0.47300000000000036,0.24089773082083965,-0.07307308935052247,1.660976238521224,0.24089753526951235,-0.0730729833318539,1.6609761099930531,0.24089753526951235,-0.0730729833318539,1.6609761099930531,0.0,0.0,0.0,4.534817575236336,0.0755802929206056
0.47400000000000037,0.24089773058741706,-0.07307308918720203,1.6609762381737034,0.24089753526951235,-0.0730729833318539,1.6609761099930531,0.24089753526951235,-0.0730729833318539,1.6609761099930531,0.0,0.0,0.0,4.5348174749623995,0.07558029124937332
0.47500000000000037,0.2408977303250638,-0.07307308900880254,1.6609762378061985,0.24089753526951235,-0.0730729833318539,1.6609761099930531,0.24089753526951235,-0.0730729833318539,1.6609761099930531,0.0,0.0,0.0,4.5348173744577025,0.07558028957429504
0.47600000000000037,0.2408977300339396,-0.07307308881540953,1.660976237418836,0.24089753526951235,-0.0730729833318539,1.6609761099930531,0.24089753526951235,-0.0730729833318539,1.6609761099930531,0.0,0.0,0.0,4.5348172737267465,0.07558028789544577
0.47700000000000037,0.24089772971420564,-0.07307308860710848,1.6609762370117445,0.24089753526951235,-0.0730729833318539,1.6609761099930531,0.24089753526951235,-0.0730729833318539,1.6609761099930531,0.0,0.0,0.0,4.534817172775243,0.07558028621292072
0.47800000000000037,0.24089772936602555,-0.07307308838398639,1.6609762365850531,0.24089753526951235,-0.0730729833318539,1.6609761099930531,0.24089753526951235,-0.0730729833318539,1.6609761099930531,0.0,0.0,0.0,4.534817071609286,0.07558028452682143
0.47900000000000037,0.24089772898956419,-0.07307308814613137,1.6609762361388913,0.24089753526951235,-0.0730729833318539,1.6609761099930531,0.24089753526951235,-0.0730729833318539,1.6609761099930531,0.0,0.0,0.0,4.534816970235981,0.07558028283726634
0.48000000000000037,0.24089772858498792,-0.07307308789363152,1.660976235673392,0.24089753526951235,-0.0730729833318539,1.6609761099930531,0.24089753526951235,-0.0730729833318539,1.6609761099930531,0.0,0.0,0.0,4.534816868663205,0.07558028114438674
0.48100000000000037,0.24089772815246535,-0.0730730876265771,1.6609762351886865,0.24089753526951235,-0.0730729833318539,1.6609761099930531,0.24089753526951235,-0.0730729833318539,1.6609761099930531,0.0,0.0,0.0,4.5348167668991,0.07558027944831833
0.4820000000000004,0.2408977276921666,-0.07307308734505848,1.6609762346849084,0.24089753526951235,-0.0730729833318539,1.6609761099930531,0.24089753526951235,-0.0730729833318539,1.6609761099930531,0.0,0.0,0.0,4.534816664952805,0.07558027774921341
0.4830000000000004,0.2408977272042629,-0.07307308704916667,1.6609762341621916,0.24089753526951235,-0.0730729833318539,1.6609761099930531,0.24089753526951235,-0.0730729833318539,1.6609761099930531,0.0,0.0,0.0,4.534816562834014,0.07558027604723357
0.4840000000000004,0.24089772668892795,-0.07307308673899426,1.6609762336206715,0.24089753526951235,-0.0730729833318539,1.6609761099930531,0.24089753526951235,-0.0730729833318539,1.6609761099930531,0.0,0.0,0.0,4.534816460552824,0.07558027434254706
0.4850000000000004,0.24089772614633553,-0.07307308641463438,1.6609762330604838,0.24089753526951235,-0.0730729833318539,1.6609761099930531,0.24089753526951235,-0.0730729833318539,1.6609761099930531,0.0,0.0,0.0,4.534816358120164,0.07558027263533607
0.4860000000000004,0.2408977255766619,-0.07307308607618056,1.6609762324817632,0.24089753526951235,-0.0730729833318539,1.6609761099930531,0.24089753526951235,-0.0730729833318539,1.6609761099930531,0.0,0.0,0.0,4.534816255547,0.07558027092578333
0.4870000000000004,0.24089772498008444,-0.07307308572372774,1.6609762318846484,0.24089753526951235,-0.0730729833318539,1.6609761099930531,0.24089753526951235,-0.0730729833318539,1.6609761099930531,0.0,0.0,0.0,4.5348161528454405,0.07558026921409068
0.4880000000000004,0.24089772435678197,-0.07307308535737099,1.6609762312692753,0.24089753526951235,-0.0730729833318539,1.6609761099930531,0.24089753526951235,-0.0730729833318539,1.6609761099930531,0.0,0.0,0.0,4.534816050027479,0.07558026750045799
0.4890000000000004,0.24089772370693452,-0.07307308497720663,1.6609762306357834,0.24089753526951235,-0.0730729833318539,1.6609761099930531,0.24089753526951235,-0.0730729833318539,1.6609761099930531,0.0,0.0,0.0,4.534815947105235,0.07558026578508725
0.4900000000000004,0.240897723030723,-0.073073084583331,1.6609762299843094,0.24089753526951235,-0.0730729833318539,1.6609761099930531,0.24089753526951235,-0.0730729833318539,1.6609761099930531,0.0,0.0,0.0,4.534815844092953,0.07558026406821589
0.4910000000000004,0.24089772232832984,-0.07307308417584205,1.6609762293149928,0.24089753526951235,-0.0730729833318539,1.6609761099930531,0.24089753526951235,-0.0730729833318539,1.6609761099930531,0.0,0.0,0.0,4.534815741003618,0.0755802623500603
0.4920000000000004,0.24089772159993922,-0.0730730837548377,1.6609762286279735,0.24089753526951235,-0.0730729833318539,1.6609761099930531,0.24089753526951235,-0.0730729833318539,1.6609761099930531,0.0,0.0,0.0,4.534815637850974,0.07558026063084956
0.4930000000000004,0.24089772084573535,-0.07307308332041638,1.6609762279233888,0.24089753526951235,-0.0730729833318539,1.6609761099930531,0.24089753526951235,-0.0730729833318539,1.6609761099930531,0.0,0.0,0.0,4.53481553464904,0.07558025891081734
0.4940000000000004,0.24089772006590376,-0.07307308287267797,1.6609762272013797,0.24089753526951235,-0.0730729833318539,1.6609761099930531,0.24089753526951235,-0.0730729833318539,1.6609761099930531,0.0,0.0,0.0,4.534815431412528,0.0755802571902088
0.4950000000000004,0.24089771926063186,-0.07307308241172239,1.6609762264620858,0.24089753526951235,-0.0730729833318539,1.6609761099930531,0.24089753526951235,-0.0730729833318539,1.6609761099930531,0.0,0.0,0.0,4.534815328155963,0.07558025546926604
0.4960000000000004,0.24089771843010677,-0.07307308193764914,1.6609762257056466,0.24089753526951235,-0.0730729833318539,1.6609761099930531,0.24089753526951235,-0.0730729833318539,1.6609761099930531,0.0,0.0,0.0,4.534815224894515,0.07558025374824191
0.4970000000000004,0.24089771757451775,-0.07307308145056038,1.6609762249322033,0.24089753526951235,-0.0730729833318539,1.6609761099930531,0.24089753526951235,-0.0730729833318539,1.6609761099930531,0.0,0.0,0.0,4.534815121643348,0.07558025202738913
0.4980000000000004,0.24089771669405413,-0.0730730809505574,1.6609762241418935,0.24089753526951235,-0.0730729833318539,1.6609761099930531,0.24089753526951235,-0.0730729833318539,1.6609761099930531,0.0,0.0,0.0,4.534815018417963,0.07558025030696605
0.4990000000000004,0.24089771578890598,-0.07307308043774197,1.6609762233348606,0.24089753526951235,-0.0730729833318539,1.6609761099930531,0.24089753526951235,-0.0730729833318539,1.6609761099930531,0.0,0.0,0.0,4.53481491523443,0.07558024858724051
0.5000000000000003,0.24089771485926528,-0.07307307991221654,1.6609762225112434,0.24089753526951235,-0.0730729833318539,1.6609761099930531,0.24089753526951235,-0.0730729833318539,1.6609761099930531,0.0,0.0,0.0,4.534814812107919,0.0755802468684653
0.5010000000000003,0.24089771390532325,-0.07307307937408417,1.660976221671182,0.24089753526951235,-0.0730729833318539,1.6609761099930531,0.24089753526951235,-0.0730729833318539,1.6609761099930531,5.0,0.0,0.0,4.534814709054924,0.0755802451509154
0.5020000000000003,0.2409014056546732,-0.07307128513491445,1.660973976059993,0.24089753526951235,-0.0730729833318539,1.6609761099930531,0.24089753526951235,-0.0730729833318539,1.6609761099930531,5.0,0.0,0.0,4.623436196274522,0.07705726993790869
0.5030000000000003,0.24090857884053316,-0.0730678399977371,1.6609696634479234,0.24089753526951235,-0.0730729833318539,1.6609761099930531,0.24089753526951235,-0.0730729833318539,1.6609761099930531,5.0,0.0,0.0,4.70712712757198,0.07845211879286634
0.5040000000000003,0.2409190339452991,-0.07306287758850462,1.6609634504820852,0.24089753526951235,-0.0730729833318539,1.6609761099930531,0.24089753526951235,-0.0730729833318539,1.6609761099930531,5.0,0.0,0.0,4.786172742657519,0.07976954571095865
0.5050000000000003,0.24093258234352857,-0.07305652318087238,1.6609554932209907,0.24089753526951235,-0.0730729833318539,1.6609761099930531,0.24089753526951235,-0.0730729833318539,1.6609761099930531,5.0,0.0,0.0,4.860840483025303,0.08101400805042172
0.5060000000000003,0.2409490456699654,-0.07304889424998343,1.6609459377998534,0.24089753526951235,-0.0730729833318539,1.6609761099930531,0.24089753526951235,-0.0730729833318539,1.6609761099930531,5.0,0.0,0.0,4.931381249563906,0.08218968749273177
0.5070000000000003,0.24096825525694765,-0.07304010096301389,1.6609349210777486,0.24089753526951235,-0.0730729833318539,1.6609761099930531,0.24089753526951235,-0.0730729833318539,1.6609761099930531,5.0,0.0,0.0,4.9980305978305,0.08330050996384167
0.5080000000000003,0.24099005161438702,-0.0730302466334429,1.6609225712584619,0.24089753526951235,-0.0730729833318539,1.6609761099930531,0.24089753526951235,-0.0730729833318539,1.6609761099930531,5.0,0.0,0.0,5.061009593499477,0.08435015989165796
0.5090000000000003,0.2410142839434542,-0.0730194281447817,1.6609090084805396,0.24089753526951235,-0.0730729833318539,1.6609761099930531,0.24089753526951235,-0.0730729833318539,1.6609761099930531,5.0,0.0,0.0,5.120525607180998,0.08534209345301663
0.5100000000000003,0.24104080967961095,-0.0730077363462959,1.6608943453738665,0.24089753526951235,-0.0730729833318539,1.6609761099930531,0.24089753526951235,-0.0730729833318539,1.6609761099930531,5.0,0.0,0.0,5.1767731011809115,0.08627955168634853
0.5110000000000003,0.24106949406194123,-0.07299525642268795,1.6608786875811203,0.24089753526951235,-0.0730729833318539,1.6609761099930531,0.24089753526951235,-0.0730729833318539,1.6609761099930531,5.0,0.0,0.0,5.229934414179731,0.08716557356966217
0.5120000000000003,0.24110020972624652,-0.07298206823951225,1.6608621342431973,0.24089753526951235,-0.0730729833318539,1.6609761099930531,0.24089753526951235,-0.0730729833318539,1.6609761099930531,5.0,0.0,0.0,5.280180538787665,0.08800300897979442
0.5130000000000003,0.24113283631970228,-0.07296824666595512,1.660844778448395,0.24089753526951235,-0.0730729833318539,1.6609761099930531,0.24089753526951235,-0.0730729833318539,1.6609761099930531,5.0,0.0,0.0,5.327671884570749,0.08879453140951248
0.5140000000000003,0.24116726013514028,-0.0729538618765247,1.660826707645761,0.24089753526951235,-0.0730729833318539,1.6609761099930531,0.24089753526951235,-0.0730729833318539,1.6609761099930531,5.0,0.0,0.0,5.372559019109927,0.08954265031849878
0.5150000000000003,0.24120337376328566,-0.07293897963307411,1.6608080040235618,0.24089753526951235,-0.0730729833318539,1.6609761099930531,0.24089753526951235,-0.0730729833318539,1.6609761099930531,5.0,0.0,0.0,5.414983380381007,0.09024972300635012
0.5160000000000003,0.2412410757615026,-0.07292366154851626,1.6607887448543108,0.24089753526951235,-0.0730729833318539,1.6609761099930531,0.24089753526951235,-0.0730729833318539,1.6609761099930531,5.0,0.0,0.0,5.455077954751692,0.0909179659125282
0.5170000000000003,0.24128027033783733,-0.07290796533348408,1.660769002808194,0.24089753526951235,-0.0730729833318539,1.6609761099930531,0.24089753526951235,-0.0730729833318539,1.6609761099930531,5.0,0.0,0.0,5.492967916034041,0.09154946526723401
0.5180000000000003,0.24132086704934436,-0.07289194502713418,1.6607488462370263,0.24089753526951235,-0.0730729833318539,1.6609761099930531,0.24089753526951235,-0.0730729833318539,1.6609761099930531,5.0,0.0,0.0,5.528771222216743,0.09214618703694571
0.5190000000000003,0.2413627805138529,-0.0728756512132065,1.6607283394311274,0.24089753526951235,-0.0730729833318539,1.6609761099930531,0.24089753526951235,-0.0730729833318539,1.6609761099930531,5.0,0.0,0.0,5.562599167683318,0.09270998612805531
0.5200000000000004,0.24140593013450412,-0.07285913122238909,1.6607075428516083,0.24089753526951235,-0.0730729833318539,1.6609761099930531,0.24089753526951235,-0.0730729833318539,1.6609761099930531,5.0,0.0,0.0,5.594556889846583,0.09324261483077638
0.5210000000000004,0.24145023983650252,-0.07284242932197296,1.6606865133406632,0.24089753526951235,-0.0730729833318539,1.6609761099930531,0.24089753526951235,-0.0730729833318539,1.6609761099930531,5.0,0.0,0.0,5.624743830182226,0.0937457305030371
0.5220000000000004,0.24149563781564354,-0.07282558689371524,1.6606653043124187,0.24089753526951235,-0.0730729833318539,1.6609761099930531,0.24089753526951235,-0.0730729833318539,1.6609761099930531,5.0,0.0,0.0,5.65325415057298,0.09422090250954968
0.5230000000000004,0.24154205629826114,-0.07280864260076939,1.6606439659268482,0.24089753526951235,-0.0730729833318539,1.6609761099930531,0.24089753526951235,-0.0730729833318539,1.6609761099930531,5.0,0.0,0.0,5.680177106690096,0.09466961844483494
0.5240000000000004,0.2415894313122984,-0.07279163254448268,1.660622545249125,0.24089753526951235,-0.0730729833318539,1.6609761099930531,0.24089753526951235,-0.0730729833318539,1.6609761099930531,5.0,0.0,0.0,5.705597380805132,0.09509328968008554
0.5250000000000004,0.24163770246924862,-0.07277459041180252,1.6606010863966212,0.24089753526951235,-0.0730729833318539,1.6609761099930531,0.24089753526951235,-0.0730729833318539,1.6609761099930531,5.0,0.0,0.0,5.729595376953119,0.09549325628255198
0.5260000000000004,0.241686812756744,-0.07275754761397275,1.6605796306755696,0.24089753526951235,-0.0730729833318539,1.6609761099930531,0.24089753526951235,-0.0730729833318539,1.6609761099930531,5.0,0.0,0.0,5.752247481754002,0.0958707913625667
0.5270000000000004,0.2417367083415743,-0.07274053341715814,1.6605582167091788,0.24089753526951235,-0.0730729833318539,1.6609761099930531,0.24089753526951235,-0.0730729833318539,1.6609761099930531,5.0,0.0,0.0,5.773626294441495,0.09622710490735825
0.5280000000000004,0.24178733838291477,-0.07272357506556901,1.660536880558764,0.24089753526951235,-0.0730729833318539,1.6609761099930531,0.24089753526951235,-0.0730729833318539,1.6609761099930531,5.0,0.0,0.0,5.793800829772888,0.09656334716288147
0.5290000000000004,0.2418386548555438,-0.07270669789761758,1.6605156558392165,0.24089753526951235,-0.0730729833318539,1.6609761099930531,0.24089753526951235,-0.0730729833318539,1.6609761099930531,5.0,0.0,0.0,5.812836697489022,0.09688061162481704
0.5300000000000004,0.24189061238279483,-0.072689925455589,1.660494573829902,0.24089753526951235,-0.0730729833318539,1.6609761099930531,0.24089753526951235,-0.0730729833318539,1.6609761099930531,5.0,0.0,0.0,5.830796261903292,0.0971799376983882
0.5310000000000004,0.2419431680789808,-0.07267327958925884,1.6604736635818496,0.24089753526951235,-0.0730729833318539,1.6609761099930531,0.24089753526951235,-0.0730729833318539,1.6609761099930531,5.0,0.0,0.0,5.8477387850076665,0.09746231308346111
0.5320000000000004,0.24199628140099652,-0.07265678055385866,1.6604529520218951,0.24089753526951235,-0.0730729833318539,1.6609761099930531,0.24089753526951235,-0.0730729833318539,1.6609761099930531,5.0,0.0,0.0,5.863720556238713,0.09772867593731188
0.5330000000000004,0.24204991400877313,-0.07264044710273583,1.6604324640542285,0.24089753526951235,-0.0730729833318539,1.6609761099930531,0.24089753526951235,-0.0730729833318539,1.6609761099930531,5.0,0.0,0.0,5.878795011738781,0.09797991686231301
0.5340000000000004,0.2421040296342514,-0.07262429657503643,1.6604122226596654,0.24089753526951235,-0.0730729833318539,1.6609761099930531,0.24089753526951235,-0.0730729833318539,1.6609761099930531,5.0,0.0,0.0,5.893012845614765,0.09821688076024608
0.5350000000000004,0.24215859395849804,-0.07260834497869334,1.6603922489927772,0.24089753526951235,-0.0730729833318539,1.6609761099930531,0.24089753526951235,-0.0730729833318539,1.6609761099930531,5.0,0.0,0.0,5.906422115332449,0.09844036858887416
0.5360000000000004,0.2422135744965872,-0.07259260706898017,1.6603725624769223,0.24089753526951235,-0.0730729833318539,1.6609761099930531,0.24089753526951235,-0.0730729833318539,1.6609761099930531,5.0,0.0,0.0,5.919068343027357,0.09865113905045594
0.5370000000000004,0.2422689404898442,-0.07257709642286107,1.6603531808971224,0.24089753526951235,-0.0730729833318539,1.6609761099930531,0.24089753526951235,-0.0730729833318539,1.6609761099930531,5.0,0.0,0.0,5.930994614148643,0.09884991023581072
0.5380000000000004,0.24232466280504178,-0.07256182550935118,1.6603341204906374,0.24089753526951235,-0.0730729833318539,1.6609761099930531,0.24089753526951235,-0.0730729833318539,1.6609761099930531,5.0,0.0,0.0,5.942241674515836,0.0990373612419306
0.5390000000000004,0.2423807138401402,-0.0725468057560722,1.660315396035082,0.24089753526951235,-0.0730729833318539,1.6609761099930531,0.24089753526951235,-0.0730729833318539,1.6609761099930531,5.0,0.0,0.0,5.952848026548874,0.09921413377581456
0.5400000000000004,0.2424370674361503,-0.07253204761218351,1.660297020933859,0.24089753526951235,-0.0730729833318539,1.6609761099930531,0.24089753526951235,-0.0730729833318539,1.6609761099930531,5.0,0.0,0.0,5.9628500251440535,0.0993808337524009
0.5410000000000004,0.24249369879471458,-0.07251756060784473,1.6602790072987028,0.24089753526951235,-0.0730729833318539,1.6609761099930531,0.24089753526951235,-0.0730729833318539,1.6609761099930531,5.0,0.0,0.0,5.972281973422128,0.0995380328903688
0.5420000000000004,0.24255058440100813,-0.07250335341036043,1.6602613660291148,0.24089753526951235,-0.0730729833318539,1.6609761099930531,0.24089753526951235,-0.0730729833318539,1.6609761099930531,5.0,0.0,0.0,5.9811762183589465,0.09968627030598244
0.5430000000000004,0.2426077019515663,-0.07248943387714937,1.6602441068885074,0.24089753526951235,-0.0730729833318539,1.6609761099930531,0.24089753526951235,-0.0730729833318539,1.6609761099930531,5.0,0.0,0.0,5.989563246139857,0.09982605410233096
0.5440000000000004,0.24266503028667763,-0.07247580910566849,1.6602272385768881,0.24089753526951235,-0.0730729833318539,1.6609761099930531,0.24089753526951235,-0.0730729833318539,1.6609761099930531,5.0,0.0,0.0,5.997471776940394,0.09995786294900656
0.5450000000000004,0.24272254932698165,-0.0724624854804249,1.660210768799949,0.24089753526951235,-0.0730729833318539,1.6609761099930531,0.24089753526951235,-0.0730729833318539,1.6609761099930531,5.0,0.0,0.0,6.004928858745985,0.10008214764576642
0.5460000000000004,0.2427802400139525,-0.07244946871719257,1.6601947043344851,0.24089753526951235,-0.0730729833318539,1.6609761099930531,0.24089753526951235,-0.0730729833318539,1.6609761099930531,5.0,0.0,0.0,6.011959959758095,0.10019933266263492
0.5470000000000004,0.24283808425395256,-0.07243676390456678,1.6601790510900938,0.24089753526951235,-0.0730729833318539,1.6609761099930531,0.24089753526951235,-0.0730729833318539,1.6609761099930531,5.0,0.0,0.0,6.0185890589071676,0.10030981764845279
0.5480000000000004,0.24289606486558246,-0.07242437554296542,1.6601638141671404,0.24089753526951235,-0.0730729833318539,1.6609761099930531,0.24089753526951235,-0.0730729833318539,1.6609761099930531,5.0,0.0,0.0,6.024838733988056,0.10041397889980093
0.5490000000000004,0.24295416553006202,-0.07241230758120432,1.6601489979110526,0.24089753526951235,-0.0730729833318539,1.6609761099930531,0.24089753526951235,-0.0730729833318539,1.6609761099930531,5.0,0.0,0.0,6.030730246961881,0.10051217078269802
0.5500000000000004,0.24301237074441384,-0.07240056345076055,1.6601346059630029,0.24089753526951235,-0.0730729833318539,1.6609761099930531,0.24089753526951235,-0.0730729833318539,1.6609761099930531,5.0,0.0,0.0,6.036283626001751,0.10060472710002918
0.5510000000000004,0.24307066577723468,-0.07238914609784192,1.6601206413070986,0.24089753526951235,-0.0730729833318539,1.6609761099930531,0.24089753526951235,-0.0730729833318539,1.6609761099930531,5.0,0.0,0.0,6.041517743922156,0.1006919623987026
0.5520000000000004,0.24312903662687113,-0.0723780580133815,1.6601071063142352,0.24089753526951235,-0.0730729833318539,1.6609761099930531,0.24089753526951235,-0.0730729833318539,1.6609761099930531,5.0,0.0,0.0,6.046450392694111,0.10077417321156852
0.5530000000000004,0.2431874699818269,-0.07236730126106988,1.6600940027827638,0.24089753526951235,-0.0730729833318539,1.6609761099930531,0.24089753526951235,-0.0730729833318539,1.6609761099930531,5.0,0.0,0.0,6.051098353822276,0.10085163923037127
0.5540000000000004,0.2432459531832549,-0.07235687750354194,1.6600813319761738,0.24089753526951235,-0.0730729833318539,1.6609761099930531,0.24089753526951235,-0.0730729833318539,1.6609761099930531,5.0,0.0,0.0,6.0554774644361,0.10092462440726833
0.5550000000000004,0.2433044741894091,-0.07234678802683078,1.6600690946579917,0.24089753526951235,-0.0730729833318539,1.6609761099930531,0.24089753526951235,-0.0730729833318539,1.6609761099930531,5.0,0.0,0.0,6.059602679020848,0.10099337798368081
0.5560000000000004,0.24336302154193115,-0.07233703376319973,1.660057291124098,0.24089753526951235,-0.0730729833318539,1.6609761099930531,0.24089753526951235,-0.0730729833318539,1.6609761099930531,5.0,0.0,0.0,6.063488126787853,0.1010581354464642
0.5570000000000004,0.24342158433387792,-0.07232761531245985,1.6600459212326892,0.24089753526951235,-0.0730729833318539,1.6609761099930531,0.24089753526951235,-0.0730729833318539,1.6609761099930531,5.0,0.0,0.0,6.067147164748076,0.10111911941246793
0.5580000000000004,0.24348015217939867,-0.07231853296188001,1.6600349844320845,0.24089753526951235,-0.0730729833318539,1.6609761099930531,0.24089753526951235,-0.0730729833318539,1.6609761099930531,5.0,0.0,0.0,6.070592426614077,0.10117654044356796
0.5590000000000004,0.24353871518497672,-0.07230978670479057,1.6600244797865873,0.24089753526951235,-0.0730729833318539,1.6609761099930531,0.24089753526951235,-0.0730729833318539,1.6609761099930531,5.0,0.0,0.0,6.073835867705798,0.10123059779509663
0.5600000000000004,0.24359726392217318,-0.07230137625797599,1.6600144060005986,0.24089753526951235,-0.0730729833318539,1.6609761099930531,0.24089753526951235,-0.0730729833318539,1.6609761099930531,5.0,0.0,0.0,6.076888806077088,0.10128148010128481
0.5610000000000004,0.24365578940179783,-0.07229330107795473,1.6600047614411666,0.24089753526951235,-0.0730729833318539,1.6609761099930531,0.24089753526951235,-0.0730729833318539,1.6609761099930531,5.0,0.0,0.0,6.079761960114394,0.10132936600190656
0.5620000000000004,0.24371428304945475,-0.07228556037622792,1.659995544159139,0.24089753526951235,-0.0730729833318539,1.6609761099930531,0.24089753526951235,-0.0730729833318539,1.6609761099930531,5.0,0.0,0.0,6.082465482879035,0.1013744247146506
0.5630000000000004,0.24377273668240068,-0.07227815313358787,1.6599867519090774,0.24089753526951235,-0.0730729833318539,1.6609761099930531,0.24089753526951235,-0.0730729833318539,1.6609761099930531,5.0,0.0,0.0,6.085008993481963,0.10141681655803271
0.5640000000000004,0.24383114248766627,-0.07227107811355625,1.6599783821680616,0.24089753526951235,-0.0730729833318539,1.6609761099930531,0.24089753526951235,-0.0730729833318539,1.6609761099930531,5.0,0.0,0.0,6.08740160578201,0.10145669342970016
0.5650000000000004,0.2438894930013913,-0.07226433387502913,1.6599704321535167,0.24089753526951235,-0.0730729833318539,1.6609761099930531,0.24089753526951235,-0.0730729833318539,1.6609761099930531,5.0,0.0,0.0,6.089651954701329,0.10149419924502215
0.5660000000000004,0.24394778108931375,-0.07225791878419612,1.659962898840153,0.24089753526951235,-0.0730729833318539,1.6609761099930531,0.24089753526951235,-0.0730729833318539,1.6609761099930531,5.0,0.0,0.0,6.091768220437581,0.10152947034062636
0.5670000000000004,0.24400599992837924,-0.07225183102579183,1.659955778976115,0.24089753526951235,-0.0730729833318539,1.6609761099930531,0.24089753526951235,-0.0730729833318539,1.6609761099930531,5.0,0.0,0.0,6.093758150841918,0.1015626358473653
0.5680000000000004,0.24406414298940748,-0.072246068613736,1.6599490690984113,0.24089753526951235,-0.0730729833318539,1.6609761099930531,0.24089753526951235,-0.0730729833318539,1.6609761099930531,5.0,0.0,0.0,6.0956290822126915,0.1015938180368782
0.5690000000000004,0.2441222040207766,-0.07224062940121598,1.6599427655476722,0.24089753526951235,-0.0730729833318539,1.6609761099930531,0.24089753526951235,-0.0730729833318539,1.6609761099930531,5.0,0.0,0.0,6.097387958730424,0.10162313264550707
0.5700000000000004,0.24418017703307365,-0.07223551109025127,1.659936864482298,0.24089753526951235,-0.0730729833318539,1.6609761099930531,0.24089753526951235,-0.0730729833318539,1.6609761099930531,5.0,0.0,0.0,6.099041350739331,0.10165068917898884
0.5710000000000004,0.24423805628466447,-0.07223071124078624,1.6599313618920177,0.24089753526951235,-0.0730729833318539,1.6609761099930531,0.24089753526951235,-0.0730729833318539,1.6609761099930531,5.0,0.0,0.0,6.10059547204901,0.10167659120081683
0.5720000000000004,0.2442958362681364,-0.07222622727934433,1.6599262536108945,0.24089753526951235,-0.0730729833318539,1.6609761099930531,0.24089753526951235,-0.0730729833318539,1.6609761099930531,5.0,0.0,0.0,6.102056196411433,0.10170093660685722
0.5730000000000004,0.2443535116975612,-0.07222205650727193,1.659921535329786,0.24089753526951235,-0.0730729833318539,1.6609761099930531,0.24089753526951235,-0.0730729833318539,1.6609761099930531,5.0,0.0,0.0,6.103429073294593,0.10172381788824321
0.5740000000000004,0.244411077496544,-0.07221819610860986,1.659917202608285,0.24089753526951235,-0.0730729833318539,1.6609761099930531,0.24089753526951235,-0.0730729833318539,1.6609761099930531,5.0,0.0,0.0,6.10471934305795,0.10174532238429917
0.5750000000000004,0.24446852878699482,-0.07221464315760387,1.6599132508861325,0.24089753526951235,-0.0730729833318539,1.6609761099930531,0.24089753526951235,-0.0730729833318539,1.6609761099930531,5.0,0.0,0.0,6.105931951604342,0.10176553252673903
0.5760000000000004,0.24452586087859757,-0.07221139462588463,1.659909675494129,0.24089753526951235,-0.0730729833318539,1.6609761099930531,0.24089753526951235,-0.0730729833318539,1.6609761099930531,5.0,0.0,0.0,6.10707156456905,0.10178452607615082
0.5770000000000004,0.24458306925891887,-0.07220844738933495,1.6599064716645242,0.24089753526951235,-0.0730729833318539,1.6609761099930531,0.24089753526951235,-0.0730729833318539,1.6609761099930531,5.0,0.0,0.0,6.1081425810829435,0.1018023763513824
0.5780000000000004,0.24464014958412175,-0.07220579823465378,1.6599036345409084,0.24089753526951235,-0.0730729833318539,1.6609761099930531,0.24089753526951235,-0.0730729833318539,1.6609761099930531,5.0,0.0,0.0,6.109149147135712,0.10181915245226186
0.5790000000000004,0.2446970976702456,-0.0722034438656392,1.6599011591875976,0.24089753526951235,-0.0730729833318539,1.6609761099930531,0.24089753526951235,-0.0730729833318539,1.6609761099930531,5.0,0.0,0.0,6.1100951685491385,0.10183491947581898
0.5800000000000004,0.2447539094850092,-0.07220138090919778,1.6598990405985186,0.24089753526951235,-0.0730729833318539,1.6609761099930531,0.24089753526951235,-0.0730729833318539,1.6609761099930531,5.0,0.0,0.0,6.110984323561383,0.10184973872602306
0.5810000000000004,0.2448105811401064,-0.07219960592109254,1.659897273705608,0.24089753526951235,-0.0730729833318539,1.6609761099930531,0.24089753526951235,-0.0730729833318539,1.6609761099930531,5.0,0.0,0.0,6.111820075016626,0.10186366791694376
0.5820000000000004,0.24486710888395946,-0.07219811539143915,1.6598958533867156,0.24089753526951235,-0.0730729833318539,1.6609761099930531,0.24089753526951235,-0.0730729833318539,1.6609761099930531,5.0,0.0,0.0,6.112605682144654,0.10187676136907757
0.5830000000000004,0.24492348909489653,-0.07219690574996115,1.6598947744730443,0.24089753526951235,-0.0730729833318539,1.6609761099930531,0.24089753526951235,-0.0730729833318539,1.6609761099930531,5.0,0.0,0.0,6.113344211921044,0.10188907019868407
0.5840000000000004,0.24497971827472648,-0.07219597337100817,1.6598940317561202,0.24089753526951235,-0.0730729833318539,1.6609761099930531,0.24089753526951235,-0.0730729833318539,1.6609761099930531,5.0,0.0,0.0,6.114038549986092,0.1019006424997682
0.5850000000000004,0.24503579304268341,-0.0721953145783505,1.6598936199943168,0.24089753526951235,-0.0730729833318539,1.6609761099930531,0.24089753526951235,-0.0730729833318539,1.6609761099930531,5.0,0.0,0.0,6.114691411109397,0.10191152351848995
0.5860000000000004,0.24509171012971595,-0.07219492564975281,1.6598935339189473,0.24089753526951235,-0.0730729833318539,1.6609761099930531,0.24089753526951235,-0.0730729833318539,1.6609761099930531,5.0,0.0,0.0,6.115305349187173,0.10192175581978621
0.5870000000000004,0.24514746637309803,-0.07219480282133617,1.6598937682399435,0.24089753526951235,-0.0730729833318539,1.6609761099930531,0.24089753526951235,-0.0730729833318539,1.6609761099930531,5.0,0.0,0.0,6.115882766759257,0.10193137944598761
0.5880000000000004,0.24520305871134118,-0.07219494229173656,1.6598943176511392,0.24089753526951235,-0.0730729833318539,1.6609761099930531,0.24089753526951235,-0.0730729833318539,1.6609761099930531,5.0,0.0,0.0,6.116425924039142,0.10194043206731902
0.5890000000000004,0.2452584841793905,-0.0721953402260644,1.6598951768351797,0.24089753526951235,-0.0730729833318539,1.6609761099930531,0.24089753526951235,-0.0730729833318539,1.6609761099930531,5.0,0.0,0.0,6.1169369474556206,0.10194894912426035
0.5900000000000004,0.24531373990408117,-0.07219599275967425,1.6598963404680809,0.24089753526951235,-0.0730729833318539,1.6609761099930531,0.24089753526951235,-0.0730729833318539,1.6609761099930531,5.0,0.0,0.0,6.117417837704559,0.10195696396174264
0.5910000000000004,0.24536882309984975,-0.0721968960017507,1.659897803223455,0.24089753526951235,-0.0730729833318539,1.6609761099930531,0.24089753526951235,-0.0730729833318539,1.6609761099930531,5.0,0.0,0.0,6.11787047731715,0.10196450795528583
0.5920000000000004,0.24542373106467605,-0.07219804603871897,1.6598995597764308,0.24089753526951235,-0.0730729833318539,1.6609761099930531,0.24089753526951235,-0.0730729833318539,1.6609761099930531,5.0,0.0,0.0,6.118296637756848,0.1019716106292808
0.5930000000000004,0.24547846117624986,-0.07219943893748554,1.6599016048072859,0.24089753526951235,-0.0730729833318539,1.6609761099930531,0.24089753526951235,-0.0730729833318539,1.6609761099930531,5.0,0.0,0.0,6.118697986054856,0.10197829976758092
0.5940000000000004,0.2455330108883444,-0.07220107074851757,1.6599039330048118,0.24089753526951235,-0.0730729833318539,1.6609761099930531,0.24089753526951235,-0.0730729833318539,1.6609761099930531,5.0,0.0,0.0,6.119076091004289,0.10198460151673815
0.5950000000000004,0.2455873777273919,-0.07220293750876684,1.6599065390694383,0.24089753526951235,-0.0730729833318539,1.6609761099930531,0.24089753526951235,-0.0730729833318539,1.6609761099930531,5.0,0.0,0.0,6.119432428932034,0.10199054048220056
0.5960000000000004,0.24564155928924664,-0.07220503524444792,1.6599094177161267,0.24089753526951235,-0.0730729833318539,1.6609761099930531,0.24089753526951235,-0.0730729833318539,1.6609761099930531,5.0,0.0,0.0,6.119768389070416,0.10199613981784027
0.5970000000000004,0.24569555323612696,-0.07220735997367429,1.6599125636770637,0.24089753526951235,-0.0730729833318539,1.6609761099930531,0.24089753526951235,-0.0730729833318539,1.6609761099930531,5.0,0.0,0.0,6.120085278554836,0.10200142130924726
0.5980000000000004,0.24574935729372943,-0.0722099077089624,1.659915971704156,0.24089753526951235,-0.0730729833318539,1.6609761099930531,0.24089753526951235,-0.0730729833318539,1.6609761099930531,5.0,0.0,0.0,6.120384327069309,0.10200640545115515
0.5990000000000004,0.24580296924850492,-0.0722126744596098,1.6599196365713607,0.24089753526951235,-0.0730729833318539,1.6609761099930531,0.24089753526951235,-0.0730729833318539,1.6609761099930531,5.0,0.0,0.0,6.12066669117106,0.10201111151951767
0.6000000000000004,0.2458563869450904,-0.07221565623395133,1.6599235530768488,0.24089753526951235,-0.0730729833318539,1.6609761099930531,0.24089753526951235,-0.0730729833318539,1.6609761099930531,5.0,0.0,0.0,6.120933458314884,0.1020155576385814
0.6010000000000004,0.24590960828388486,-0.07221884904150486,1.6599277160450248,0.24089753526951235,-0.0730729833318539,1.6609761099930531,0.24089753526951235,-0.0730729833318539,1.6609761099930531,5.0,0.0,0.0,6.1211856506070275,0.10201976084345046
0.6020000000000004,0.24596263121877127,-0.07222224889500803,1.65993212032841,0.24089753526951235,-0.0730729833318539,1.6609761099930531,0.24089753526951235,-0.0730729833318539,1.6609761099930531,5.0,0.0,0.0,6.121424228311234,0.10202373713852057
0.6030000000000004,0.24601545375496703,-0.07222585181235433,1.6599367608094042,0.24089753526951235,-0.0730729833318539,1.6609761099930531,0.24089753526951235,-0.0730729833318539,1.6609761099930531,5.0,0.0,0.0,6.121650093131217,0.10202750155218696
0.6040000000000004,0.24606807394700425,-0.07222965381843419,1.6599416324019265,0.24089753526951235,-0.0730729833318539,1.6609761099930531,0.24089753526951235,-0.0730729833318539,1.6609761099930531,5.0,0.0,0.0,6.121864091291719,0.10203106818819531
0.6050000000000004,0.24612048989683077,-0.07223365094688561,1.6599467300529536,0.24089753526951235,-0.0730729833318539,1.6609761099930531,0.24089753526951235,-0.0730729833318539,1.6609761099930531,5.0,0.0,0.0,6.122067016438055,0.10203445027396758
0.6060000000000004,0.24617269975202083,-0.0722378392417588,1.6599520487439487,0.24089753526951235,-0.0730729833318539,1.6609761099930531,0.24089753526951235,-0.0730729833318539,1.6609761099930531,5.0,0.0,0.0,6.1222596123730915,0.1020376602062182
0.6070000000000004,0.2462247017041041,-0.07224221475910247,1.6599575834922087,0.24089753526951235,-0.0730729833318539,1.6609761099930531,0.24089753526951235,-0.0730729833318539,1.6609761099930531,5.0,0.0,0.0,6.122442575645146,0.10204070959408577
0.6080000000000004,0.2462764939869871,-0.07224677356847127,1.6599633293521086,0.24089753526951235,-0.0730729833318539,1.6609761099930531,0.24089753526951235,-0.0730729833318539,1.6609761099930531,5.0,0.0,0.0,6.122616558009403,0.10204360930015671
0.6090000000000004,0.2463280748754782,-0.07225151175436298,1.6599692814162648,0.24089753526951235,-0.0730729833318539,1.6609761099930531,0.24089753526951235,-0.0730729833318539,1.6609761099930531,5.0,0.0,0.0,6.12278216876481,0.1020463694794135
0.6100000000000004,0.24637944268390152,-0.07225642541758656,1.6599754348166207,0.24089753526951235,-0.0730729833318539,1.6609761099930531,0.24089753526951235,-0.0730729833318539,1.6609761099930531,5.0,0.0,0.0,6.122939976983741,0.10204899961639567
0.6110000000000004,0.24643059576479825,-0.07226151067656478,1.6599817847254452,0.24089753526951235,-0.0730729833318539,1.6609761099930531,0.24089753526951235,-0.0730729833318539,1.6609761099930531,5.0,0.0,0.0,6.123090513642714,0.10205150856071189
0.6120000000000004,0.24648153250770988,-0.07226676366857575,1.659988326356266,0.24089753526951235,-0.0730729833318539,1.6609761099930531,0.24089753526951235,-0.0730729833318539,1.6609761099930531,5.0,0.0,0.0,6.123234273659642,0.10205390456099403
0.6130000000000004,0.2465322513380354,-0.07227218055093491,1.6599950549647216,0.24089753526951235,-0.0730729833318539,1.6609761099930531,0.24089753526951235,-0.0730729833318539,1.6609761099930531,5.0,0.0,0.0,6.123371717845121,0.10205619529741868
0.6140000000000004,0.24658275071596625,-0.07227775750212018,1.6600019658493532,0.24089753526951235,-0.0730729833318539,1.6609761099930531,0.24089753526951235,-0.0730729833318539,1.6609761099930531,5.0,0.0,0.0,6.123503274772252,0.10205838791287088
0.6150000000000004,0.24663302913548052,-0.07228349072284324,1.6600090543523156,0.24089753526951235,-0.0730729833318539,1.6609761099930531,0.24089753526951235,-0.0730729833318539,1.6609761099930531,5.0,0.0,0.0,6.123629342567419,0.10206048904279032
0.6160000000000004,0.24668308512340822,-0.07228937643706793,1.6600163158600407,0.24089753526951235,-0.0730729833318539,1.6609761099930531,0.24089753526951235,-0.0730729833318539,1.6609761099930531,5.0,0.0,0.0,6.1237502906276875,0.1020625048437948
0.6170000000000004,0.2467329172385515,-0.07229541089298057,1.660023745803821,0.24089753526951235,-0.0730729833318539,1.6609761099930531,0.24089753526951235,-0.0730729833318539,1.6609761099930531,5.0,0.0,0.0,6.123866461262679,0.10206444102104466
0.6180000000000004,0.24678252407086337,-0.07230159036390958,1.6600313396603494,0.24089753526951235,-0.0730729833318539,1.6609761099930531,0.24089753526951235,-0.0730729833318539,1.6609761099930531,5.0,0.0,0.0,6.123978171268342,0.10206630285447237
0.6190000000000004,0.24683190424067647,-0.0723079111491999,1.6600390929521878,0.24089753526951235,-0.0730729833318539,1.6609761099930531,0.24089753526951235,-0.0730729833318539,1.6609761099930531,5.0,0.0,0.0,6.124085713427624,0.10206809522379373
0.6200000000000004,0.24688105639798072,-0.07231436957504178,1.6600470012481898,0.24089753526951235,-0.0730729833318539,1.6609761099930531,0.24089753526951235,-0.0730729833318539,1.6609761099930531,5.0,0.0,0.0,6.124189357945102,0.10206982263241837
0.6210000000000004,0.24692997922174958,-0.07232096199525534,1.6600550601638677,0.24089753526951235,-0.0730729833318539,1.6609761099930531,0.24089753526951235,-0.0730729833318539,1.6609761099930531,5.0,0.0,0.0,6.124289353811088,0.1020714892301848
0.6220000000000004,0.2469786714193066,-0.07232768479203378,1.6600632653617096,0.24089753526951235,-0.0730729833318539,1.6609761099930531,0.24089753526951235,-0.0730729833318539,1.6609761099930531,5.0,0.0,0.0,6.124385930101184,0.10207309883501973
0.6230000000000004,0.24702713172573362,-0.0723345343766444,1.660071612551452,0.24089753526951235,-0.0730729833318539,1.6609761099930531,0.24089753526951235,-0.0730729833318539,1.6609761099930531,5.0,0.0,0.0,6.124479297209218,0.10207465495348697
0.6240000000000004,0.2470753589033167,-0.07234150719008983,1.6600800974903032,0.24089753526951235,-0.0730729833318539,1.6609761099930531,0.24089753526951235,-0.0730729833318539,1.6609761099930531,5.0,0.0,0.0,6.124569648015234,0.10207616080025389
0.6250000000000004,0.24712335174102587,-0.07234859970373099,1.6600887159831286,0.24089753526951235,-0.0730729833318539,1.6609761099930531,0.24089753526951235,-0.0730729833318539,1.6609761099930531,5.0,0.0,0.0,6.124657158991518,0.1020776193165253
0.6260000000000004,0.2471711090540324,-0.07235580841987116,1.6600974638825983,0.24089753526951235,-0.0730729833318539,1.6609761099930531,0.24089753526951235,-0.0730729833318539,1.6609761099930531,5.0,0.0,0.0,6.1247419912463075,0.10207903318743845
0.6270000000000004,0.24721862968325245,-0.07236312987230424,1.6601063370892895,0.24089753526951235,-0.0730729833318539,1.6609761099930531,0.24089753526951235,-0.0730729833318539,1.6609761099930531,5.0,0.0,0.0,6.124824291508329,0.10208040485847215
0.6280000000000004,0.24726591249492452,-0.07237056062682755,1.6601153315517685,0.24089753526951235,-0.0730729833318539,1.6609761099930531,0.24089753526951235,-0.0730729833318539,1.6609761099930531,5.0,0.0,0.0,6.12490419305465,0.10208173655091084
0.6290000000000004,0.2473129563802111,-0.0723780972817191,1.6601244432666267,0.24089753526951235,-0.0730729833318539,1.6609761099930531,0.24089753526951235,-0.0730729833318539,1.6609761099930531,5.0,0.0,0.0,6.124981816580477,0.10208303027634129
0.6300000000000004,0.24735976025482886,-0.0723857364681811,1.6601336682784977,0.24089753526951235,-0.0730729833318539,1.6609761099930531,0.24089753526951235,-0.0730729833318539,1.6609761099930531,5.0,0.0,0.0,6.125057271019658,0.10208428785032764
0.6310000000000004,0.24740632305870575,-0.07239347485075313,1.6601430026800439,0.24089753526951235,-0.0730729833318539,1.6609761099930531,0.24089753526951235,-0.0730729833318539,1.6609761099930531,5.0,0.0,0.0,6.125130654311525,0.10208551090519209
0.6320000000000005,0.24745264375565143,-0.07240130912769091,1.6601524426119136,0.24089753526951235,-0.0730729833318539,1.6609761099930531,0.24089753526951235,-0.0730729833318539,1.6609761099930531,5.0,0.0,0.0,6.125202054122518,0.10208670090204196
0.6330000000000005,0.2474987213330631,-0.07240923603131624,1.6601619842626851,0.24089753526951235,-0.0730729833318539,1.6609761099930531,0.24089753526951235,-0.0730729833318539,1.6609761099930531,5.0,0.0,0.0,6.125271548520585,0.10208785914200975
0.6340000000000005,0.2475445548016421,-0.07241725232833719,1.660171623868777,0.24089753526951235,-0.0730729833318539,1.6609761099930531,0.24089753526951235,-0.0730729833318539,1.6609761099930531,5.0,0.0,0.0,6.1253392066084205,0.10208898677680701
0.6350000000000005,0.24759014319513348,-0.07242535482013909,1.6601813577143525,0.24089753526951235,-0.0730729833318539,1.6609761099930531,0.24089753526951235,-0.0730729833318539,1.6609761099930531,5.0,0.0,0.0,6.125405089117046,0.10209008481861744
0.6360000000000005,0.2476354855700832,-0.07243354034304922,1.6601911821311957,0.24089753526951235,-0.0730729833318539,1.6609761099930531,0.24089753526951235,-0.0730729833318539,1.6609761099930531,5.0,0.0,0.0,6.125469248961362,0.10209115414935603
0.6370000000000005,0.24768058100561202,-0.07244180576857334,1.6602010934985758,0.24089753526951235,-0.0730729833318539,1.6609761099930531,0.24089753526951235,-0.0730729833318539,1.6609761099930531,5.0,0.0,0.0,6.125531731761882,0.1020921955293647
0.6380000000000005,0.24772542860320668,-0.07245014800360892,1.660211088243095,0.24089753526951235,-0.0730729833318539,1.6609761099930531,0.24089753526951235,-0.0730729833318539,1.6609761099930531,5.0,0.0,0.0,6.125592576334856,0.10209320960558094
0.6390000000000005,0.24777002748652477,-0.0724585639906305,1.6602211628385255,0.24089753526951235,-0.0730729833318539,1.6609761099930531,0.24089753526951235,-0.0730729833318539,1.6609761099930531,5.0,0.0,0.0,6.125651815152279,0.10209419691920466
0.6400000000000005,0.2478143768012138,-0.07246705070785545,1.6602313138056302,0.24089753526951235,-0.0730729833318539,1.6609761099930531,0.24089753526951235,-0.0730729833318539,1.6609761099930531,5.0,0.0,0.0,6.125709474773816,0.10209515791289694
0.6410000000000005,0.24785847571474354,-0.07247560516938407,1.6602415377119688,0.24089753526951235,-0.0730729833318539,1.6609761099930531,0.24089753526951235,-0.0730729833318539,1.6609761099930531,5.0,0.0,0.0,6.12576557625501,0.10209609293758351
0.6420000000000005,0.24790232341625132,-0.07248422442531735,1.6602518311717076,0.24089753526951235,-0.0730729833318539,1.6609761099930531,0.24089753526951235,-0.0730729833318539,1.6609761099930531,5.0,0.0,0.0,6.125820135530809,0.10209700225884681
0.6430000000000005,0.24794591911639766,-0.07249290556185824,1.6602621908453976,0.24089753526951235,-0.0730729833318539,1.6609761099930531,0.24089753526951235,-0.0730729833318539,1.6609761099930531,5.0,0.0,0.0,6.12587316377958,0.102097886062993
0.6440000000000005,0.24798926204723284,-0.07250164570138735,1.6602726134397607,0.24089753526951235,-0.0730729833318539,1.6609761099930531,0.24089753526951235,-0.0730729833318539,1.6609761099930531,5.0,0.0,0.0,6.125924667762315,0.10209874446270525
0.6450000000000005,0.2480323514620735,-0.0725104420025242,1.6602830957074592,0.24089753526951235,-0.0730729833318539,1.6609761099930531,0.24089753526951235,-0.0730729833318539,1.6609761099930531,5.0,0.0,0.0,6.125974650148472,0.10209957750247453
0.6460000000000005,0.24807518663538725,-0.07251929166016649,1.6602936344468597,0.24089753526951235,-0.0730729833318539,1.6609761099930531,0.24089753526951235,-0.0730729833318539,1.6609761099930531,5.0,0.0,0.0,6.126023109822151,0.10210038516370253
0.6470000000000005,0.24811776686268688,-0.07252819190551434,1.6603042265017876,0.24089753526951235,-0.0730729833318539,1.6609761099930531,0.24089753526951235,-0.0730729833318539,1.6609761099930531,5.0,0.0,0.0,6.12607004217168,0.102101167369528
0.6480000000000005,0.24816009146043105,-0.07253714000607733,1.6603148687612734,0.24089753526951235,-0.0730729833318539,1.6609761099930531,0.24089753526951235,-0.0730729833318539,1.6609761099930531,5.0,0.0,0.0,6.12611543936503,0.10210192398941717
0.6490000000000005,0.2482021597659328,-0.07254613326566475,1.660325558159301,0.24089753526951235,-0.0730729833318539,1.6609761099930531,0.24089753526951235,-0.0730729833318539,1.6609761099930531,5.0,0.0,0.0,6.1261592906111915,0.10210265484351985
0.6500000000000005,0.2482439711372739,-0.07255516902436158,1.6603362916745348,0.24089753526951235,-0.0730729833318539,1.6609761099930531,0.24089753526951235,-0.0730729833318539,1.6609761099930531,5.0,0.0,0.0,6.126201582405144,0.1021033597067524
0.6510000000000005,0.24828552495322373,-0.0725642446584889,1.6603470663300541,0.24089753526951235,-0.0730729833318539,1.6609761099930531,0.24089753526951235,-0.0730729833318539,1.6609761099930531,5.0,0.0,0.0,6.1262422987648435,0.10210403831274739
0.6520000000000005,0.24832682061316605,-0.07257335758055201,1.6603578791930746,0.24089753526951235,-0.0730729833318539,1.6609761099930531,0.24089753526951235,-0.0730729833318539,1.6609761099930531,5.0,0.0,0.0,6.126281421451328,0.10210469035752213
0.6530000000000005,0.2483678575370286,-0.07258250523917406,1.6603687273746714,0.24089753526951235,-0.0730729833318539,1.6609761099930531,0.24089753526951235,-0.0730729833318539,1.6609761099930531,5.0,0.0,0.0,6.126318930180395,0.10210531550300658
0.6540000000000005,0.24840863516521572,-0.07259168511901756,1.6603796080294864,0.24089753526951235,-0.0730729833318539,1.6609761099930531,0.24089753526951235,-0.0730729833318539,1.6609761099930531,5.0,0.0,0.0,6.126354802820292,0.1021059133803382
0.6550000000000005,0.2484491529585473,-0.07260089474069373,1.6603905183554426,0.24089753526951235,-0.0730729833318539,1.6609761099930531,0.24089753526951235,-0.0730729833318539,1.6609761099930531,5.0,0.0,0.0,6.12638901558196,0.10210648359303268
0.6560000000000005,0.24848941039819808,-0.0726101316606613,1.6604014555934452,0.24089753526951235,-0.0730729833318539,1.6609761099930531,0.24089753526951235,-0.0730729833318539,1.6609761099930531,5.0,0.0,0.0,6.126421543195364,0.10210702571992274
0.6570000000000005,0.24852940698564374,-0.07261939347111353,1.6604124170270895,0.24089753526951235,-0.0730729833318539,1.6609761099930531,0.24089753526951235,-0.0730729833318539,1.6609761099930531,5.0,0.0,0.0,6.12645235907895,0.1021075393179825
0.6580000000000005,0.24856914224260337,-0.07262867779985537,1.660423399982352,0.24089753526951235,-0.0730729833318539,1.6609761099930531,0.24089753526951235,-0.0730729833318539,1.6609761099930531,5.0,0.0,0.0,6.1264814354967205,0.10210802392494535
0.6590000000000005,0.24860861571099033,-0.07263798231017024,1.6604344018272874,0.24089753526951235,-0.0730729833318539,1.6609761099930531,0.24089753526951235,-0.0730729833318539,1.6609761099930531,5.0,0.0,0.0,6.126508743708167,0.10210847906180279
0.6600000000000005,0.2486478269528608,-0.07264730470067968,1.660445419971722,0.24089753526951235,-0.0730729833318539,1.6609761099930531,0.24089753526951235,-0.0730729833318539,1.6609761099930531,5.0,0.0,0.0,6.126534254108733,0.10210890423514554
0.6610000000000005,0.24868677555036386,-0.0726566427051902,1.660456451866941,0.24089753526951235,-0.0730729833318539,1.6609761099930531,0.24089753526951235,-0.0730729833318539,1.6609761099930531,5.0,0.0,0.0,6.126557936359949,0.10210929893933247
0.6620000000000005,0.24872546110569532,-0.07266599409253616,1.6604674950053735,0.24089753526951235,-0.0730729833318539,1.6609761099930531,0.24089753526951235,-0.0730729833318539,1.6609761099930531,5.0,0.0,0.0,6.1265797595160265,0.10210966265860044
0.6630000000000005,0.24876388324104992,-0.07267535666641224,1.6604785469202805,0.24089753526951235,-0.0730729833318539,1.6609761099930531,0.24089753526951235,-0.0730729833318539,1.6609761099930531,5.0,0.0,0.0,6.126599692135888,0.10210999486893146
0.6640000000000005,0.24880204159857366,-0.07268472826519812,1.6604896051854332,0.24089753526951235,-0.0730729833318539,1.6609761099930531,0.24089753526951235,-0.0730729833318539,1.6609761099930531,5.0,0.0,0.0,6.126617702392746,0.1021102950398791
0.6650000000000005,0.2488399358403201,-0.07269410676177708,1.6605006674147984,0.24089753526951235,-0.0730729833318539,1.6609761099930531,0.24089753526951235,-0.0730729833318539,1.6609761099930531,5.0,0.0,0.0,6.1266337581753305,0.10211056263625551
0.6660000000000005,0.2488775656482017,-0.07270349006334866,1.6605117312622137,0.24089753526951235,-0.0730729833318539,1.6609761099930531,0.24089753526951235,-0.0730729833318539,1.6609761099930531,5.0,0.0,0.0,6.12664782718103,0.10211079711968382
0.6670000000000005,0.24891493072394522,-0.07271287611123245,1.6605227944210679,0.24089753526951235,-0.0730729833318539,1.6609761099930531,0.24089753526951235,-0.0730729833318539,1.6609761099930531,5.0,0.0,0.0,6.126659877004144,0.10211099795006907
0.6680000000000005,0.248952030789044,-0.07272226288066767,1.6605338546239787,0.24089753526951235,-0.0730729833318539,1.6609761099930531,0.24089753526951235,-0.0730729833318539,1.6609761099930531,5.0,0.0,0.0,6.126669875217186,0.1021111645869531
0.6690000000000005,0.24898886558471178,-0.07273164838060724,1.6605449096424676,0.24089753526951235,-0.0730729833318539,1.6609761099930531,0.24089753526951235,-0.0730729833318539,1.6609761099930531,5.0,0.0,0.0,6.126677789445719,0.10211129649076199
0.6700000000000005,0.24902543487183548,-0.07274103065350614,1.660555957286635,0.24089753526951235,-0.0730729833318539,1.6609761099930531,0.24089753526951235,-0.0730729833318539,1.6609761099930531,5.0,0.0,0.0,6.126683587439388,0.1021113931239898
0.6710000000000005,0.24906173843092433,-0.07275040777510366,1.6605669954048397,0.24089753526951235,-0.0730729833318539,1.6609761099930531,0.24089753526951235,-0.0730729833318539,1.6609761099930531,5.0,0.0,0.0,6.126687237136733,0.10211145395227889
0.6720000000000005,0.2490977760620648,-0.07275977785420315,1.6605780218833686,0.24089753526951235,-0.0730729833318539,1.6609761099930531,0.24089753526951235,-0.0730729833318539,1.6609761099930531,5.0,0.0,0.0,6.1266887067245905,0.10211147844540984
0.6730000000000005,0.2491335475848646,-0.0727691390324445,1.6605890346461147,0.24089753526951235,-0.0730729833318539,1.6609761099930531,0.24089753526951235,-0.0730729833318539,1.6609761099930531,5.0,0.0,0.0,6.126687964695157,0.10211146607825262
0.6740000000000005,0.24916905283840549,-0.07277848948407631,1.6606000316542506,0.24089753526951235,-0.0730729833318539,1.6609761099930531,0.24089753526951235,-0.0730729833318539,1.6609761099930531,5.0,0.0,0.0,6.12668497989618,0.102111416331603
0.6750000000000005,0.24920429168118838,-0.07278782741571974,1.6606110109059045,0.24089753526951235,-0.0730729833318539,1.6609761099930531,0.24089753526951235,-0.0730729833318539,1.6609761099930531,5.0,0.0,0.0,6.126679721579038,0.10211132869298396
0.6760000000000005,0.24923926399107849,-0.07279715106613316,1.6606219704358334,0.24089753526951235,-0.0730729833318539,1.6609761099930531,0.24089753526951235,-0.0730729833318539,1.6609761099930531,5.0,0.0,0.0,6.126672159442527,0.10211120265737544
0.6770000000000005,0.24927396966525098,-0.07280645870596995,1.660632908315101,0.24089753526951235,-0.0730729833318539,1.6609761099930531,0.24089753526951235,-0.0730729833318539,1.6609761099930531,5.0,0.0,0.0,6.126662263673056,0.10211103772788427
0.6780000000000005,0.24930840862013168,-0.0728157486375355,1.6606438226507496,0.24089753526951235,-0.0730729833318539,1.6609761099930531,0.24089753526951235,-0.0730729833318539,1.6609761099930531,5.0,0.0,0.0,6.126650004981845,0.10211083341636408
0.6790000000000005,0.24934258079133825,-0.07282501919453963,1.6606547115854782,0.24089753526951235,-0.0730729833318539,1.6609761099930531,0.24089753526951235,-0.0730729833318539,1.6609761099930531,5.0,0.0,0.0,6.126635354639383,0.10211058924398972
0.6800000000000005,0.24937648613361957,-0.07283426874184767,1.6606655732973206,0.24089753526951235,-0.0730729833318539,1.6609761099930531,0.24089753526951235,-0.0730729833318539,1.6609761099930531,5.0,0.0,0.0,6.1266182845064865,0.10211030474177478
0.6810000000000005,0.24941012462079337,-0.07284349567523,1.6606764059993198,0.24089753526951235,-0.0730729833318539,1.6609761099930531,0.24089753526951235,-0.0730729833318539,1.6609761099930531,5.0,0.0,0.0,6.126598767063078,0.10210997945105131
0.6820000000000005,0.24944349624567888,-0.07285269842110546,1.660687207939206,0.24089753526951235,-0.0730729833318539,1.6609761099930531,0.24089753526951235,-0.0730729833318539,1.6609761099930531,5.0,0.0,0.0,6.126576775434661,0.10210961292391102
0.6830000000000005,0.2494766010200331,-0.07286187543628769,1.660697977399077,0.24089753526951235,-0.0730729833318539,1.6609761099930531,0.24089753526951235,-0.0730729833318539,1.6609761099930531,5.0,0.0,0.0,6.126552283416217,0.10210920472360362
0.6840000000000005,0.24950943897448014,-0.07287102520772631,1.660708712695075,0.24089753526951235,-0.0730729833318539,1.6609761099930531,0.24089753526951235,-0.0730729833318539,1.6609761099930531,5.0,0.0,0.0,6.126525265494159,0.10210875442490265
0.6850000000000005,0.24954201015844102,-0.07288014625224831,1.6607194121770674,0.24089753526951235,-0.0730729833318539,1.6609761099930531,0.24089753526951235,-0.0730729833318539,1.6609761099930531,5.0,0.0,0.0,6.126495696866122,0.10210826161443537
0.6860000000000005,0.2495743146400595,-0.07288923711629595,1.6607300742283273,0.24089753526951235,-0.0730729833318539,1.6609761099930531,0.24089753526951235,-0.0730729833318539,1.6609761099930531,5.0,0.0,0.0,6.126463553458931,0.10210772589098219
0.6870000000000005,0.24960635250612873,-0.07289829637566657,1.6607406972652168,0.24089753526951235,-0.0730729833318539,1.6609761099930531,0.24089753526951235,-0.0730729833318539,1.6609761099930531,5.0,0.0,0.0,6.126428811944792,0.10210714686574654
0.6880000000000005,0.24963812386201295,-0.07290732263524775,1.6607512797368653,0.24089753526951235,-0.0730729833318539,1.6609761099930531,0.24089753526951235,-0.0730729833318539,1.6609761099930531,5.0,0.0,0.0,6.1263914497554515,0.10210652416259086
0.6890000000000005,0.24966962883156754,-0.07291631452875363,1.6607618201248573,0.24089753526951235,-0.0730729833318539,1.6609761099930531,0.24089753526951235,-0.0730729833318539,1.6609761099930531,5.0,0.0,0.0,6.126351445095739,0.10210585741826231
0.6900000000000005,0.24970086755705814,-0.07292527071846092,1.6607723169429136,0.24089753526951235,-0.0730729833318539,1.6609761099930531,0.24089753526951235,-0.0730729833318539,1.6609761099930531,5.0,0.0,0.0,6.126308776954155,0.10210514628256925
0.6910000000000005,0.2497318401990759,-0.07293418989494119,1.6607827687365784,0.24089753526951235,-0.0730729833318539,1.6609761099930531,0.24089753526951235,-0.0730729833318539,1.6609761099930531,5.0,0.0,0.0,6.126263425113333,0.10210439041855554
0.6920000000000005,0.2497625469364519,-0.07294307077679747,1.660793174082904,0.24089753526951235,-0.0730729833318539,1.6609761099930531,0.24089753526951235,-0.0730729833318539,1.6609761099930531,5.0,0.0,0.0,6.126215370158338,0.10210358950263897
0.6930000000000005,0.24979298796616856,-0.0729519121103955,1.660803531590139,0.24089753526951235,-0.0730729833318539,1.6609761099930531,0.24089753526951235,-0.0730729833318539,1.6609761099930531,5.0,0.0,0.0,6.126164593483869,0.10210274322473116
0.6940000000000005,0.24982316350326844,-0.07296071266959693,1.6608138398974175,0.24089753526951235,-0.0730729833318539,1.6609761099930531,0.24089753526951235,-0.0730729833318539,1.6609761099930531,5.0,0.0,0.0,6.1261110773008065,0.10210185128834677
0.6950000000000005,0.24985307378076171,-0.07296947125549422,1.6608240976744473,0.24089753526951235,-0.0730729833318539,1.6609761099930531,0.24089753526951235,-0.0730729833318539,1.6609761099930531,5.0,0.0,0.0,6.12605480464019,0.10210091341066983
0.6960000000000005,0.24988271904953063,-0.07297818669614131,1.6608343036212,0.24089753526951235,-0.0730729833318539,1.6609761099930531,0.24089753526951235,-0.0730729833318539,1.6609761099930531,5.0,0.0,0.0,6.125995759357885,0.10209992932263141
0.6970000000000005,0.24991209957823304,-0.07298685784628811,1.660844456467606,0.24089753526951235,-0.0730729833318539,1.6609761099930531,0.24089753526951235,-0.0730729833318539,1.6609761099930531,5.0,0.0,0.0,6.125933926136943,0.10209889876894905
0.6980000000000005,0.24994121565320024,-0.0729954835871121,1.660854554973243,0.24089753526951235,-0.0730729833318539,1.6609761099930531,0.24089753526951235,-0.0730729833318539,1.6609761099930531,5.0,0.0,0.0,6.125869290489377,0.10209782150815629
0.6990000000000005,0.24997006757833873,-0.07300406282595365,1.6608645979270333,0.24089753526951235,-0.0730729833318539,1.6609761099930531,0.24089753526951235,-0.0730729833318539,1.6609761099930531,5.0,0.0,0.0,6.125801838756968,0.10209669731261613
0.7000000000000005,0.24999865567502347,-0.07301259449604713,1.6608745841469386,0.24089753526951235,-0.0730729833318539,1.6609761099930531,0.24089753526951235,-0.0730729833318539,1.6609761099930531,5.0,0.0,0.0,6.1257315581117275,0.10209552596852879
0.7010000000000005,0.2500269802819916,-0.07302107755625717,1.6608845124796567,0.24089753526951235,-0.0730729833318539,1.6609761099930531,0.24089753526951235,-0.0730729833318539,1.6609761099930531,5.0,0.0,0.0,6.125658436554385,0.10209430727590642
0.7020000000000005,0.2500550417552354,-0.07302951099081179,1.6608943818003168,0.24089753526951235,-0.0730729833318539,1.6609761099930531,0.24089753526951235,-0.0730729833318539,1.6609761099930531,5.0,0.0,0.0,6.125582462912925,0.10209304104854876
0.7030000000000005,0.2500828404678917,-0.07303789380903801,1.6609041910121836,0.24089753526951235,-0.0730729833318539,1.6609761099930531,0.24089753526951235,-0.0730729833318539,1.6609761099930531,5.0,0.0,0.0,6.125503626840789,0.10209172711401315
0.7040000000000005,0.2501103768101276,-0.07304622504509665,1.6609139390463528,0.24089753526951235,-0.0730729833318539,1.6609761099930531,0.24089753526951235,-0.0730729833318539,1.6609761099930531,5.0,0.0,0.0,6.125421918813086,0.10209036531355144
0.7050000000000005,0.25013765118902703,-0.07305450375772007,1.660923624861456,0.24089753526951235,-0.0730729833318539,1.6609761099930531,0.24089753526951235,-0.0730729833318539,1.6609761099930531,5.0,0.0,0.0,6.1253373301235206,0.10208895550205868
0.7060000000000005,0.25016466402847476,-0.07306272902994752,1.660933247443365,0.24089753526951235,-0.0730729833318539,1.6609761099930531,0.24089753526951235,-0.0730729833318539,1.6609761099930531,5.0,0.0,0.0,6.125249852880076,0.10208749754800127
0.7070000000000005,0.2501914157690358,-0.07307089996886383,1.6609428058048905,0.24089753526951235,-0.0730729833318539,1.6609761099930531,0.24089753526951235,-0.0730729833318539,1.6609761099930531,5.0,0.0,0.0,6.125159479999743,0.10208599133332905
0.7080000000000005,0.25021790686783596,-0.07307901570533903,1.6609522989854952,0.24089753526951235,-0.0730729833318539,1.6609761099930531,0.24089753526951235,-0.0730729833318539,1.6609761099930531,5.0,0.0,0.0,6.1250662052040665,0.1020844367534011
0.7090000000000005,0.25024413779843835,-0.0730870753937653,1.660961726050996,0.24089753526951235,-0.0730729833318539,1.6609761099930531,0.24089753526951235,-0.0730729833318539,1.6609761099930531,5.0,0.0,0.0,6.124970023012509,0.10208283371687514
0.7100000000000005,0.25027010905072,-0.07309507821180058,1.660971086093274,0.24089753526951235,-0.0730729833318539,1.6609761099930531,0.24089753526951235,-0.0730729833318539,1.6609761099930531,5.0,0.0,0.0,6.124870928736892,0.10208118214561487
0.7110000000000005,0.25029582113074456,-0.0731030233601074,1.6609803782299868,0.24089753526951235,-0.0730729833318539,1.6609761099930531,0.24089753526951235,-0.0730729833318539,1.6609761099930531,5.0,0.0,0.0,6.12476891847489,0.10207948197458151
0.7120000000000005,0.25032127456063374,-0.07311091006209726,1.660989601604275,0.24089753526951235,-0.0730729833318539,1.6609761099930531,0.24089753526951235,-0.0730729833318539,1.6609761099930531,5.0,0.0,0.0,6.124663989102343,0.10207773315170572
0.7130000000000005,0.25034646987843756,-0.07311873756367267,1.6609987553844807,0.24089753526951235,-0.0730729833318539,1.6609761099930531,0.24089753526951235,-0.0730729833318539,1.6609761099930531,5.0,0.0,0.0,6.1245561382666756,0.10207593563777792
0.7140000000000005,0.2503714076380036,-0.07312650513297367,1.6610078387638583,0.24089753526951235,-0.0730729833318539,1.6609761099930531,0.24089753526951235,-0.0730729833318539,1.6609761099930531,5.0,0.0,0.0,6.124445364378746,0.10207408940631243
0.7150000000000005,0.2503960884088411,-0.07313421206012163,1.661016850960291,0.24089753526951235,-0.0730729833318539,1.6609761099930531,0.24089753526951235,-0.0730729833318539,1.6609761099930531,5.0,0.0,0.0,6.124331666605575,0.10207219444342625
0.7160000000000005,0.2504205127759879,-0.07314185765696687,1.6610257912160082,0.24089753526951235,-0.0730729833318539,1.6609761099930531,0.24089753526951235,-0.0730729833318539,1.6609761099930531,5.0,0.0,0.0,6.124215044861635,0.10207025074769391
0.7170000000000005,0.25044468133987263,-0.07314944125683807,1.6610346587973046,0.24089753526951235,-0.0730729833318539,1.6609761099930531,0.24089753526951235,-0.0730729833318539,1.6609761099930531,5.0,0.0,0.0,6.124095499800849,0.10206825833001415
0.7180000000000005,0.2504685947161759,-0.07315696221428983,1.661043452994259,0.24089753526951235,-0.0730729833318539,1.6609761099930531,0.24089753526951235,-0.0730729833318539,1.6609761099930531,5.0,0.0,0.0,6.123973032807455,0.10206621721345759
0.7190000000000005,0.2504922535356927,-0.07316441990485444,1.6610521731204582,0.24089753526951235,-0.0730729833318539,1.6609761099930531,0.24089753526951235,-0.0730729833318539,1.6609761099930531,5.0,0.0,0.0,6.123847645988168,0.10206412743313614
0.7200000000000005,0.2505156584441865,-0.07317181372479278,1.661060818512719,0.24089753526951235,-0.0730729833318539,1.6609761099930531,0.24089753526951235,-0.0730729833318539,1.6609761099930531,5.0,0.0,0.0,6.123719342162295,0.10206198903603826
0.7210000000000005,0.2505388101022501,-0.0731791430908486,1.6610693885308103,0.24089753526951235,-0.0730729833318539,1.6609761099930531,0.24089753526951235,-0.0730729833318539,1.6609761099930531,5.0,0.0,0.0,6.123588124852546,0.10205980208087577
0.7220000000000005,0.2505617091851596,-0.07318640744000167,1.661077882557184,0.24089753526951235,-0.0730729833318539,1.6609761099930531,0.24089753526951235,-0.0730729833318539,1.6609761099930531,5.0,0.0,0.0,6.123453998276979,0.10205756663794965
0.7230000000000005,0.2505843563827292,-0.0731936062292246,1.6610862999966989,0.24089753526951235,-0.0730729833318539,1.6609761099930531,0.24089753526951235,-0.0730729833318539,1.6609761099930531,5.0,0.0,0.0,6.123316967337998,0.10205528278896664
0.7240000000000005,0.2506067523991635,-0.07320073893523946,1.6610946402763502,0.24089753526951235,-0.0730729833318539,1.6609761099930531,0.24089753526951235,-0.0730729833318539,1.6609761099930531,5.0,0.0,0.0,6.123177037613859,0.10205295062689765
0.7250000000000005,0.25062889795290944,-0.07320780505427597,1.6611029028450026,0.24089753526951235,-0.0730729833318539,1.6609761099930531,0.24089753526951235,-0.0730729833318539,1.6609761099930531,5.0,0.0,0.0,6.123034215348914,0.10205057025581524
0.7260000000000005,0.2506507937765067,-0.07321480410183202,1.6611110871731196,0.24089753526951235,-0.0730729833318539,1.6609761099930531,0.24089753526951235,-0.0730729833318539,1.6609761099930531,5.0,0.0,0.0,6.122888507443427,0.10204814179072379
0.7270000000000005,0.25067244061643573,-0.07322173561243403,1.6611191927524986,0.24089753526951235,-0.0730729833318539,1.6609761099930531,0.24089753526951235,-0.0730729833318539,1.6609761099930531,5.0,0.0,0.0,6.122739921444312,0.1020456653574052
0.7280000000000005,0.2506938392329691,-0.07322859913940008,1.661127219096005,0.24089753526951235,-0.0730729833318539,1.6609761099930531,0.24089753526951235,-0.0730729833318539,1.6609761099930531,5.0,0.0,0.0,6.122588465534587,0.10204314109224312
0.7290000000000005,0.25071499040001344,-0.0732353942546032,1.6611351657373106,0.24089753526951235,-0.0730729833318539,1.6609761099930531,0.24089753526951235,-0.0730729833318539,1.6609761099930531,5.0,0.0,0.0,6.1224341485248805,0.10204056914208134
0.7300000000000005,0.25073589490495796,-0.07324212054823802,1.661143032230629,0.24089753526951235,-0.0730729833318539,1.6609761099930531,0.24089753526951235,-0.0730729833318539,1.6609761099930531,5.0,0.0,0.0,6.122276979841164,0.1020379496640194
0.7310000000000005,0.25075655354852056,-0.07324877762858613,1.6611508181504595,0.24089753526951235,-0.0730729833318539,1.6609761099930531,0.24089753526951235,-0.0730729833318539,1.6609761099930531,5.0,0.0,0.0,6.1221169695167905,0.10203528282527984
0.7320000000000005,0.25077696714458786,-0.0732553651217848,1.6611585230913246,0.24089753526951235,-0.0730729833318539,1.6609761099930531,0.24089753526951235,-0.0730729833318539,1.6609761099930531,5.0,0.0,0.0,6.1219541281813985,0.1020325688030233
0.7330000000000005,0.25079713652006186,-0.0732618826715971,1.6611661466675147,0.24089753526951235,-0.0730729833318539,1.6609761099930531,0.24089753526951235,-0.0730729833318539,1.6609761099930531,5.0,0.0,0.0,6.121788467050738,0.10202980778417897
0.7340000000000005,0.25081706251469765,-0.0732683299391815,1.6611736885128288,0.24089753526951235,-0.0730729833318539,1.6609761099930531,0.24089753526951235,-0.0730729833318539,1.6609761099930531,5.0,0.0,0.0,6.121619997917109,0.10202699996528515
0.7350000000000005,0.25083674598094924,-0.07327470660286688,1.6611811482803307,0.24089753526951235,-0.0730729833318539,1.6609761099930531,0.24089753526951235,-0.0730729833318539,1.6609761099930531,5.0,0.0,0.0,6.121448733139395,0.10202414555232325
0.7360000000000005,0.25085618778380636,-0.07328101235792389,1.6611885256420824,0.24089753526951235,-0.0730729833318539,1.6609761099930531,0.24089753526951235,-0.0730729833318539,1.6609761099930531,5.0,0.0,0.0,6.12127468563131,0.10202124476052182
0.7370000000000005,0.25087538880063415,-0.07328724691634111,1.6611958202889043,0.24089753526951235,-0.0730729833318539,1.6609761099930531,0.24089753526951235,-0.0730729833318539,1.6609761099930531,5.0,0.0,0.0,6.121097868853725,0.10201829781422875
0.7380000000000005,0.2508943499210124,-0.07329341000660368,1.6612030319301192,0.24089753526951235,-0.0730729833318539,1.6609761099930531,0.24089753526951235,-0.0730729833318539,1.6609761099930531,5.0,0.0,0.0,6.120918296802199,0.10201530494670333
0.7390000000000005,0.25091307204657426,-0.07329950137346865,1.6612101602933087,0.24089753526951235,-0.0730729833318539,1.6609761099930531,0.24089753526951235,-0.0730729833318539,1.6609761099930531,5.0,0.0,0.0,6.120735983998521,0.10201226639997535
0.7400000000000005,0.25093155609084283,-0.07330552077774669,1.6612172051240635,0.24089753526951235,-0.0730729833318539,1.6609761099930531,0.24089753526951235,-0.0730729833318539,1.6609761099930531,5.0,0.0,0.0,6.120550945479528,0.1020091824246588
0.7410000000000005,0.25094980297906727,-0.07331146799608321,1.6612241661857403,0.24089753526951235,-0.0730729833318539,1.6609761099930531,0.24089753526951235,-0.0730729833318539,1.6609761099930531,5.0,0.0,0.0,6.120363196787911,0.10200605327979852
0.7420000000000005,0.25096781364806026,-0.07331734282073986,1.6612310432592223,0.24089753526951235,-0.0730729833318539,1.6609761099930531,0.24089753526951235,-0.0730729833318539,1.6609761099930531,5.0,0.0,0.0,6.1201727539612945,0.10200287923268823
0.7430000000000005,0.2509855890460324,-0.07332314505938001,1.661237836142669,0.24089753526951235,-0.0730729833318539,1.6609761099930531,0.24089753526951235,-0.0730729833318539,1.6609761099930531,5.0,0.0,0.0,6.119979633522127,0.10199966055870212
0.7440000000000005,0.2510031301324279,-0.07332887453485333,1.6612445446512827,0.24089753526951235,-0.0730729833318539,1.6609761099930531,0.24089753526951235,-0.0730729833318539,1.6609761099930531,5.0,0.0,0.0,6.11978385246916,0.10199639754115267
0.7450000000000006,0.2510204378777597,-0.07333453108498385,1.6612511686170701,0.24089753526951235,-0.0730729833318539,1.6609761099930531,0.24089753526951235,-0.0730729833318539,1.6609761099930531,5.0,0.0,0.0,6.1195854282656885,0.10199309047109481
0.7460000000000006,0.2510375132634417,-0.07334011456235731,1.6612577078886024,0.24089753526951235,-0.0730729833318539,1.6609761099930531,0.24089753526951235,-0.0730729833318539,1.6609761099930531,5.0,0.0,0.0,6.119384378830318,0.10198973964717198
0.7470000000000006,0.2510543572816255,-0.07334562483411187,1.6612641623307813,0.24089753526951235,-0.0730729833318539,1.6609761099930531,0.24089753526951235,-0.0730729833318539,1.6609761099930531,5.0,0.0,0.0,6.119180722527324,0.10198634537545541
0.7480000000000006,0.25107097093503206,-0.07335106178172962,1.6612705318246066,0.24089753526951235,-0.0730729833318539,1.6609761099930531,0.24089753526951235,-0.0730729833318539,1.6609761099930531,5.0,0.0,0.0,6.118974478156903,0.10198290796928172
0.7490000000000006,0.2510873552367841,-0.07335642530082916,1.6612768162669416,0.24089753526951235,-0.0730729833318539,1.6609761099930531,0.24089753526951235,-0.0730729833318539,1.6609761099930531,5.0,0.0,0.0,6.1187656649446245,0.10197942774907708
0.7500000000000006,0.25110351121024116,-0.07336171530096,1.6612830155702856,0.24089753526951235,-0.0730729833318539,1.6609761099930531,0.24089753526951235,-0.0730729833318539,1.6609761099930531,5.0,0.0,0.0,6.118554302532433,0.10197590504220723
0.7510000000000006,0.2511194398888312,-0.07336693170539814,1.6612891296625403,0.24089753526951235,-0.0730729833318539,1.6609761099930531,0.24089753526951235,-0.0730729833318539,1.6609761099930531,5.0,0.0,0.0,6.118340410968338,0.10197234018280564
0.7520000000000006,0.2511351423158826,-0.07337207445094465,1.661295158486789,0.24089753526951235,-0.0730729833318539,1.6609761099930531,0.24089753526951235,-0.0730729833318539,1.6609761099930531,5.0,0.0,0.0,6.118124010698045,0.10196873351163409
0.7530000000000006,0.2511506195444576,-0.07337714348772201,1.6613011020010648,0.24089753526951235,-0.0730729833318539,1.6609761099930531,0.24089753526951235,-0.0730729833318539,1.6609761099930531,5.0,0.0,0.0,6.117905122553547,0.10196508537589245
0.7540000000000006,0.25116587263718304,-0.07338213877897679,1.661306960178129,0.24089753526951235,-0.0730729833318539,1.6609761099930531,0.24089753526951235,-0.0730729833318539,1.6609761099930531,5.0,0.0,0.0,6.117683767745263,0.10196139612908772
0.7550000000000006,0.2511809026660846,-0.07338706030087958,1.6613127330052482,0.24089753526951235,-0.0730729833318539,1.6609761099930531,0.24089753526951235,-0.0730729833318539,1.6609761099930531,5.0,0.0,0.0,6.11745996785184,0.101957666130864
0.7560000000000006,0.25119571071241575,-0.07339190804232833,1.6613184204839733,0.24089753526951235,-0.0730729833318539,1.6609761099930531,0.24089753526951235,-0.0730729833318539,1.6609761099930531,5.0,0.0,0.0,6.117233744810948,0.10195389574684913
0.7570000000000006,0.25121029786649296,-0.07339668200475409,1.6613240226299197,0.24089753526951235,-0.0730729833318539,1.6609761099930531,0.24089753526951235,-0.0730729833318539,1.6609761099930531,5.0,0.0,0.0,6.117005120909951,0.10195008534849918
0.7580000000000006,0.25122466522752596,-0.07340138220192546,1.6613295394725505,0.24089753526951235,-0.0730729833318539,1.6609761099930531,0.24089753526951235,-0.0730729833318539,1.6609761099930531,5.0,0.0,0.0,6.116774118776832,0.1019462353129472
0.7590000000000006,0.2512388139034493,-0.07340600865975654,1.6613349710549585,0.24089753526951235,-0.0730729833318539,1.6609761099930531,0.24089753526951235,-0.0730729833318539,1.6609761099930531,5.0,0.0,0.0,6.116540761370937,0.10194234602284895
0.7600000000000006,0.2512527450107561,-0.07341056141611627,1.661340317433651,0.24089753526951235,-0.0730729833318539,1.6609761099930531,0.24089753526951235,-0.0730729833318539,1.6609761099930531,5.0,0.0,0.0,6.116305071973866,0.10193841786623109
0.7610000000000006,0.2512664596743286,-0.07341504052063769,1.6613455786783413,0.24089753526951235,-0.0730729833318539,1.6609761099930531,0.24089753526951235,-0.0730729833318539,1.6609761099930531,5.0,0.0,0.0,6.116067074180755,0.10193445123634591
0.7620000000000006,0.25127995902727185,-0.07341944603453053,1.6613507548717301,0.24089753526951235,-0.0730729833318539,1.6609761099930531,0.24089753526951235,-0.0730729833318539,1.6609761099930531,5.0,0.0,0.0,6.115826791890818,0.10193044653151363
0.7630000000000006,0.25129324421074545,-0.07342377803039447,1.6613558461093012,0.24089753526951235,-0.0730729833318539,1.6609761099930531,0.24089753526951235,-0.0730729833318539,1.6609761099930531,5.0,0.0,0.0,6.115584249299184,0.1019264041549864
0.7640000000000006,0.25130631637379597,-0.07342803659203302,1.6613608524991093,0.24089753526951235,-0.0730729833318539,1.6609761099930531,0.24089753526951235,-0.0730729833318539,1.6609761099930531,5.0,0.0,0.0,6.115339470887715,0.10192232451479526
0.7650000000000006,0.2513191766731909,-0.0734322218142694,1.6613657741615773,0.24089753526951235,-0.0730729833318539,1.6609761099930531,0.24089753526951235,-0.0730729833318539,1.6609761099930531,5.0,0.0,0.0,6.115092481416399,0.10191820802360665
0.7660000000000006,0.2513318262732499,-0.07343633380276468,1.6613706112292859,0.24089753526951235,-0.0730729833318539,1.6609761099930531,0.24089753526951235,-0.0730729833318539,1.6609761099930531,5.0,0.0,0.0,6.114843305914498,0.10191405509857496
0.7670000000000006,0.25134426634568086,-0.07344037267383655,1.6613753638467739,0.24089753526951235,-0.0730729833318539,1.6609761099930531,0.24089753526951235,-0.0730729833318539,1.6609761099930531,5.0,0.0,0.0,6.114591969672529,0.10190986616120881
0.7680000000000006,0.25135649806941124,-0.07344433855427931,1.6613800321703338,0.24089753526951235,-0.0730729833318539,1.6609761099930531,0.24089753526951235,-0.0730729833318539,1.6609761099930531,5.0,0.0,0.0,6.114338498233679,0.10190564163722798
0.7690000000000006,0.251368522630423,-0.07344823158118555,1.6613846163678134,0.24089753526951235,-0.0730729833318539,1.6609761099930531,0.24089753526951235,-0.0730729833318539,1.6609761099930531,5.0,0.0,0.0,6.114082917385193,0.10190138195641989
0.7700000000000006,0.2513803412215872,-0.07345205190176907,1.6613891166184143,0.24089753526951235,-0.0730729833318539,1.6609761099930531,0.24089753526951235,-0.0730729833318539,1.6609761099930531,5.0,0.0,0.0,6.113825253149953,0.10189708755249921
0.7710000000000006,0.25139195504249867,-0.07345579967318963,1.6613935331124967,0.24089753526951235,-0.0730729833318539,1.6609761099930531,0.24089753526951235,-0.0730729833318539,1.6609761099930531,5.0,0.0,0.0,6.11356553177893,0.10189275886298216
0.7720000000000006,0.2514033652993106,-0.07345947506237899,1.66139786605138,0.24089753526951235,-0.0730729833318539,1.6609761099930531,0.24089753526951235,-0.0730729833318539,1.6609761099930531,5.0,0.0,0.0,6.113303779742408,0.10188839632904013
0.7730000000000006,0.25141457320457067,-0.07346307824586779,1.6614021156471543,0.24089753526951235,-0.0730729833318539,1.6609761099930531,0.24089753526951235,-0.0730729833318539,1.6609761099930531,5.0,0.0,0.0,6.113040023722579,0.10188400039537632
0.7740000000000006,0.25142557997705683,-0.0734666094096149,1.661406282122482,0.24089753526951235,-0.0730729833318539,1.6609761099930531,0.24089753526951235,-0.0730729833318539,1.6609761099930531,5.0,0.0,0.0,6.112774290604627,0.10187957151007712
0.7750000000000006,0.2514363868416144,-0.07347006874883616,1.661410365710411,0.24089753526951235,-0.0730729833318539,1.6609761099930531,0.24089753526951235,-0.0730729833318539,1.6609761099930531,5.0,0.0,0.0,6.112506607470046,0.10187511012450076
0.7760000000000006,0.25144699502899226,-0.07347345646783766,1.6614143666541799,0.24089753526951235,-0.0730729833318539,1.6609761099930531,0.24089753526951235,-0.0730729833318539,1.6609761099930531,5.0,0.0,0.0,6.112237001587635,0.10187061669312726
0.7770000000000006,0.25145740577568004,-0.0734767727798474,1.6614182852070356,0.24089753526951235,-0.0730729833318539,1.6609761099930531,0.24089753526951235,-0.0730729833318539,1.6609761099930531,5.0,0.0,0.0,6.111965500407116,0.10186609167345194
0.7780000000000006,0.25146762032374936,-0.07348001790685,1.661422121632044,0.24089753526951235,-0.0730729833318539,1.6609761099930531,0.24089753526951235,-0.0730729833318539,1.6609761099930531,5.0,0.0,0.0,6.111692131550244,0.1018615355258374
0.7790000000000006,0.25147763992068684,-0.07348319207942192,1.6614258762019023,0.24089753526951235,-0.0730729833318539,1.6609761099930531,0.24089753526951235,-0.0730729833318539,1.6609761099930531,5.0,0.0,0.0,6.111416922804065,0.10185694871340109
0.7800000000000006,0.25148746581923836,-0.07348629553656959,1.6614295491987627,0.24089753526951235,-0.0730729833318539,1.6609761099930531,0.24089753526951235,-0.0730729833318539,1.6609761099930531,5.0,0.0,0.0,6.111139902113354,0.10185233170188925
0.7810000000000006,0.2514970992772471,-0.07348932852556543,1.6614331409140437,0.24089753526951235,-0.0730729833318539,1.6609761099930531,0.24089753526951235,-0.0730729833318539,1.6609761099930531,5.0,0.0,0.0,6.110861097572744,0.10184768495954574
0.7820000000000006,0.25150654155749264,-0.07349229130179048,1.6614366516482526,0.24089753526951235,-0.0730729833318539,1.6609761099930531,0.24089753526951235,-0.0730729833318539,1.6609761099930531,5.0,0.0,0.0,6.110580537419959,0.10184300895699931
0.7830000000000006,0.25151579392753476,-0.07349518412857435,1.6614400817108061,0.24089753526951235,-0.0730729833318539,1.6609761099930531,0.24089753526951235,-0.0730729833318539,1.6609761099930531,5.0,0.0,0.0,6.110298250028375,0.10183830416713958
0.7840000000000006,0.25152485765955346,-0.07349800727703629,1.6614434314198538,0.24089753526951235,-0.0730729833318539,1.6609761099930531,0.24089753526951235,-0.0730729833318539,1.6609761099930531,5.0,0.0,0.0,6.110014263900488,0.10183357106500814
0.7850000000000006,0.2515337340301917,-0.07350076102593192,1.661446701102102,0.24089753526951235,-0.0730729833318539,1.6609761099930531,0.24089753526951235,-0.0730729833318539,1.6609761099930531,5.0,0.0,0.0,6.109728607659726,0.1018288101276621
0.7860000000000006,0.2515424243203984,-0.07350344566149572,1.6614498910926383,0.24089753526951235,-0.0730729833318539,1.6609761099930531,0.24089753526951235,-0.0730729833318539,1.6609761099930531,5.0,0.0,0.0,6.109441310044392,0.1018240218340732
0.7870000000000006,0.25155092981527355,-0.07350606147728986,1.6614530017347617,0.24089753526951235,-0.0730729833318539,1.6609761099930531,0.24089753526951235,-0.0730729833318539,1.6609761099930531,5.0,0.0,0.0,6.109152399900638,0.10181920666501063
0.7880000000000006,0.25155925180391114,-0.07350860877405008,1.6614560333798074,0.24089753526951235,-0.0730729833318539,1.6609761099930531,0.24089753526951235,-0.0730729833318539,1.6609761099930531,5.0,0.0,0.0,6.108861906175465,0.10181436510292442
0.7890000000000006,0.2515673915792461,-0.07351108785953621,1.6614589863869824,0.24089753526951235,-0.0730729833318539,1.6609761099930531,0.24089753526951235,-0.0730729833318539,1.6609761099930531,5.0,0.0,0.0,6.108569857910254,0.10180949763183757
0.7900000000000006,0.2515753504378996,-0.073513499048383,1.6614618611231913,0.24089753526951235,-0.0730729833318539,1.6609761099930531,0.24089753526951235,-0.0730729833318539,1.6609761099930531,5.0,0.0,0.0,6.108276284233593,0.10180460473722655
0.7910000000000006,0.2515831296800257,-0.07351584266195152,1.661464657962875,0.24089753526951235,-0.0730729833318539,1.6609761099930531,0.24089753526951235,-0.0730729833318539,1.6609761099930531,5.0,0.0,0.0,6.107981214355052,0.10179968690591752
0.7920000000000006,0.2515907306091604,-0.07351811902818228,1.6614673772878417,0.24089753526951235,-0.0730729833318539,1.6609761099930531,0.24089753526951235,-0.0730729833318539,1.6609761099930531,5.0,0.0,0.0,6.1076846775607185,0.10179474462601197
0.7930000000000006,0.25159815453206946,-0.07352032848145021,1.6614700194871055,0.24089753526951235,-0.0730729833318539,1.6609761099930531,0.24089753526951235,-0.0730729833318539,1.6609761099930531,5.0,0.0,0.0,6.107386703203012,0.10178977838671686
0.7940000000000006,0.2516054027585975,-0.07352247136242078,1.6614725849567236,0.24089753526951235,-0.0730729833318539,1.6609761099930531,0.24089753526951235,-0.0730729833318539,1.6609761099930531,5.0,0.0,0.0,6.1070873206967855,0.10178478867827975
0.7950000000000006,0.25161247660151936,-0.0735245480179076,1.6614750740996351,0.24089753526951235,-0.0730729833318539,1.6609761099930531,0.24089753526951235,-0.0730729833318539,1.6609761099930531,5.0,0.0,0.0,6.106786559512616,0.10177977599187694
0.7960000000000006,0.2516193773763903,-0.07352655880072934,1.6614774873255027,0.24089753526951235,-0.0730729833318539,1.6609761099930531,0.24089753526951235,-0.0730729833318539,1.6609761099930531,5.0,0.0,0.0,6.106484449170955,0.10177474081951592
0.7970000000000006,0.2516261064013988,-0.07352850406957198,1.661479825050555,0.24089753526951235,-0.0730729833318539,1.6609761099930531,0.24089753526951235,-0.0730729833318539,1.6609761099930531,5.0,0.0,0.0,6.106181019235933,0.10176968365393221
0.7980000000000006,0.2516326649972189,-0.07353038418884891,1.6614820876974297,0.24089753526951235,-0.0730729833318539,1.6609761099930531,0.24089753526951235,-0.0730729833318539,1.6609761099930531,5.0,0.0,0.0,6.10587629930927,0.10176460498848784
0.7990000000000006,0.2516390544868645,-0.07353219952856296,1.661484275695017,0.24089753526951235,-0.0730729833318539,1.6609761099930531,0.24089753526951235,-0.0730729833318539,1.6609761099930531,5.0,0.0,0.0,6.105570319024179,0.10175950531706965
0.8000000000000006,0.25164527619554466,-0.07353395046417138,1.6614863894783147,0.24089753526951235,-0.0730729833318539,1.6609761099930531,0.24089753526951235,-0.0730729833318539,1.6609761099930531,5.0,0.0,0.0,6.105263108040621,0.10175438513401035
0.8010000000000006,0.25165133145051866,-0.07353563737645097,1.6614884294882644,0.24089753526951235,-0.0730729833318539,1.6609761099930531,0.24089753526951235,-0.0730729833318539,1.6609761099930531,5.0,0.0,0.0,6.104954696037618,0.1017492449339603
0.8020000000000006,0.25165722158095116,-0.07353726065136305,1.6614903961716059,0.24089753526951235,-0.0730729833318539,1.6609761099930531,0.24089753526951235,-0.0730729833318539,1.6609761099930531,5.0,0.0,0.0,6.104645112709769,0.10174408521182948
0.8030000000000006,0.25166294791777394,-0.07353882067992337,1.6614922899807372,0.24089753526951235,-0.0730729833318539,1.6609761099930531,0.24089753526951235,-0.0730729833318539,1.6609761099930531,5.0,0.0,0.0,6.104334387760805,0.10173890646268009
0.8040000000000006,0.25166851179354155,-0.0735403178580699,1.6614941113735509,0.24089753526951235,-0.0730729833318539,1.6609761099930531,0.24089753526951235,-0.0730729833318539,1.6609761099930531,5.0,0.0,0.0,6.104022550896953,0.10173370918161588
0.8050000000000006,0.2516739145422904,-0.07354175258653337,1.6614958608133028,0.24089753526951235,-0.0730729833318539,1.6609761099930531,0.24089753526951235,-0.0730729833318539,1.6609761099930531,5.0,0.0,0.0,6.103709631824034,0.10172849386373391
0.8060000000000006,0.25167915749940106,-0.0735431252707087,1.6614975387684572,0.24089753526951235,-0.0730729833318539,1.6609761099930531,0.24089753526951235,-0.0730729833318539,1.6609761099930531,5.0,0.0,0.0,6.103395660239431,0.10172326100399051
0.8070000000000006,0.2516842420014601,-0.0735444363205291,1.6614991457125505,0.24089753526951235,-0.0730729833318539,1.6609761099930531,0.24089753526951235,-0.0730729833318539,1.6609761099930531,5.0,0.0,0.0,6.103080665829095,0.10171801109715159
0.8080000000000006,0.2516891693861214,-0.07354568615033855,1.6615006821240468,0.24089753526951235,-0.0730729833318539,1.6609761099930531,0.24089753526951235,-0.0730729833318539,1.6609761099930531,5.0,0.0,0.0,6.102764678260702,0.10171274463767838
0.8090000000000006,0.25169394099197007,-0.07354687517876857,1.661502148486197,0.24089753526951235,-0.0730729833318539,1.6609761099930531,0.24089753526951235,-0.0730729833318539,1.6609761099930531,5.0,0.0,0.0,6.102447727179556,0.10170746211965927
0.8100000000000006,0.2516985581583885,-0.07354800382861479,1.6615035452869014,0.24089753526951235,-0.0730729833318539,1.6609761099930531,0.24089753526951235,-0.0730729833318539,1.6609761099930531,5.0,0.0,0.0,6.102129842203438,0.10170216403672397
0.8110000000000006,0.2517030222254203,-0.07354907252671425,1.6615048730185715,0.24089753526951235,-0.0730729833318539,1.6609761099930531,0.24089753526951235,-0.0730729833318539,1.6609761099930531,5.0,0.0,0.0,6.101811052917281,0.10169685088195468
0.8120000000000006,0.2517073345336387,-0.07355008170382561,1.6615061321779963,0.24089753526951235,-0.0730729833318539,1.6609761099930531,0.24089753526951235,-0.0730729833318539,1.6609761099930531,5.0,0.0,0.0,6.101491388868824,0.10169152314781373
0.8130000000000006,0.251711496424013,-0.07355103179450835,1.6615073232662039,0.24089753526951235,-0.0730729833318539,1.6609761099930531,0.24089753526951235,-0.0730729833318539,1.6609761099930531,5.0,0.0,0.0,6.101170879563206,0.10168618132605343
0.8140000000000006,0.251715509237779,-0.07355192323700668,1.6615084467883316,0.24089753526951235,-0.0730729833318539,1.6609761099930531,0.24089753526951235,-0.0730729833318539,1.6609761099930531,5.0,0.0,0.0,6.100849554458568,0.1016808259076428
0.8150000000000006,0.25171937431630764,-0.07355275647313037,1.661509503253493,0.24089753526951235,-0.0730729833318539,1.6609761099930531,0.24089753526951235,-0.0730729833318539,1.6609761099930531,5.0,0.0,0.0,6.1005274429618,0.10167545738269666
0.8160000000000006,0.2517230930009774,-0.07355353194814002,1.6615104931746478,0.24089753526951235,-0.0730729833318539,1.6609761099930531,0.24089753526951235,-0.0730729833318539,1.6609761099930531,5.0,0.0,0.0,6.100204574423356,0.10167007624038926
0.8170000000000006,0.25172666663304527,-0.07355425011063291,1.6615114170684717,0.24089753526951235,-0.0730729833318539,1.6609761099930531,0.24089753526951235,-0.0730729833318539,1.6609761099930531,5.0,0.0,0.0,6.099880978133017,0.10166468296888362
0.8180000000000006,0.25173009655352113,-0.07355491141242876,1.6615122754552318,0.24089753526951235,-0.0730729833318539,1.6609761099930531,0.24089753526951235,-0.0730729833318539,1.6609761099930531,5.0,0.0,0.0,6.099556683314824,0.10165927805524706
0.8190000000000006,0.2517333841030418,-0.0735555163084584,1.6615130688586583,0.24089753526951235,-0.0730729833318539,1.6609761099930531,0.24089753526951235,-0.0730729833318539,1.6609761099930531,5.0,0.0,0.0,6.099231719125751,0.10165386198542918
0.8200000000000006,0.25173653062174617,-0.07355606525665265,1.661513797805818,0.24089753526951235,-0.0730729833318539,1.6609761099930531,0.24089753526951235,-0.0730729833318539,1.6609761099930531,5.0,0.0,0.0,6.09890611464653,0.10164843524410884
0.8210000000000006,0.25173953744915334,-0.07355655871783301,1.6615144628269956,0.24089753526951235,-0.0730729833318539,1.6609761099930531,0.24089753526951235,-0.0730729833318539,1.6609761099930531,5.0,0.0,0.0,6.0985798988812805,0.10164299831468801
0.8220000000000006,0.25174240592403796,-0.07355699715560313,1.6615150644555676,0.24089753526951235,-0.0730729833318539,1.6609761099930531,0.24089753526951235,-0.0730729833318539,1.6609761099930531,5.0,0.0,0.0,6.098253100751283,0.10163755167918805
0.8230000000000006,0.2517451373843118,-0.0735573810362416,1.6615156032278828,0.24089753526951235,-0.0730729833318539,1.6609761099930531,0.24089753526951235,-0.0730729833318539,1.6609761099930531,5.0,0.0,0.0,6.097925749092249,0.10163209581820415
0.8240000000000006,0.2517477331669019,-0.073557710828595,1.6615160796831432,0.24089753526951235,-0.0730729833318539,1.6609761099930531,0.24089753526951235,-0.0730729833318539,1.6609761099930531,5.0,0.0,0.0,6.0975978726501125,0.1016266312108352
0.8250000000000006,0.25175019460763337,-0.07355798700397578,1.6615164943632872,0.24089753526951235,-0.0730729833318539,1.6609761099930531,0.24089753526951235,-0.0730729833318539,1.6609761099930531,5.0,0.0,0.0,6.097269500076435,0.10162115833460725
0.8260000000000006,0.25175252304110946,-0.07355821003605495,1.6615168478128697,0.24089753526951235,-0.0730729833318539,1.6609761099930531,0.24089753526951235,-0.0730729833318539,1.6609761099930531,5.0,0.0,0.0,6.096940659924835,0.10161567766541392
0.8270000000000006,0.25175471980059794,-0.0735583804007634,1.661517140578949,0.24089753526951235,-0.0730729833318539,1.6609761099930531,0.24089753526951235,-0.0730729833318539,1.6609761099930531,5.0,0.0,0.0,6.096611380647927,0.10161018967746545
0.8280000000000006,0.25175678621791475,-0.07355849857618746,1.6615173732109745,0.24089753526951235,-0.0730729833318539,1.6609761099930531,0.24089753526951235,-0.0730729833318539,1.6609761099930531,5.0,0.0,0.0,6.096281690592453,0.10160469484320754
0.8290000000000006,0.25175872362330853,-0.07355856504247218,1.6615175462606708,0.24089753526951235,-0.0730729833318539,1.6609761099930531,0.24089753526951235,-0.0730729833318539,1.6609761099930531,5.0,0.0,0.0,6.09595161799659,0.1015991936332765
0.8300000000000006,0.2517605333453486,-0.07355858028171866,1.6615176602819246,0.24089753526951235,-0.0730729833318539,1.6609761099930531,0.24089753526951235,-0.0730729833318539,1.6609761099930531,5.0,0.0,0.0,6.0956211909855185,0.10159368651642531
0.8310000000000006,0.2517622167108141,-0.07355854477788916,1.6615177158306824,0.24089753526951235,-0.0730729833318539,1.6609761099930531,0.24089753526951235,-0.0730729833318539,1.6609761099930531,5.0,0.0,0.0,6.095290437569255,0.10158817395948758
0.8320000000000006,0.25176377504458247,-0.07355845901671004,1.6615177134648347,0.24089753526951235,-0.0730729833318539,1.6609761099930531,0.24089753526951235,-0.0730729833318539,1.6609761099930531,5.0,0.0,0.0,6.094959385637582,0.10158265642729303
0.8330000000000006,0.2517652096695197,-0.07355832348557559,1.6615176537441105,0.24089753526951235,-0.0730729833318539,1.6609761099930531,0.24089753526951235,-0.0730729833318539,1.6609761099930531,5.0,0.0,0.0,6.09462806295768,0.101577134382628
0.8340000000000006,0.2517665219063725,-0.07355813867345447,1.661517537229971,0.24089753526951235,-0.0730729833318539,1.6609761099930531,0.24089753526951235,-0.0730729833318539,1.6609761099930531,5.0,0.0,0.0,6.094296497170891,0.10157160828618152
0.8350000000000006,0.251767713073661,-0.0735579050707959,1.6615173644855066,0.24089753526951235,-0.0730729833318539,1.6609761099930531,0.24089753526951235,-0.0730729833318539,1.6609761099930531,5.0,0.0,0.0,6.093964715788926,0.10156607859648209
0.8360000000000006,0.25176878448757384,-0.073557623169439,1.6615171360753311,0.24089753526951235,-0.0730729833318539,1.6609761099930531,0.24089753526951235,-0.0730729833318539,1.6609761099930531,5.0,0.0,0.0,6.093632746190842,0.10156054576984737
0.8370000000000006,0.2517697374618619,-0.07355729346252042,1.6615168525654798,0.24089753526951235,-0.0730729833318539,1.6609761099930531,0.24089753526951235,-0.0730729833318539,1.6609761099930531,5.0,0.0,0.0,6.093300615620206,0.10155501026033677
0.8380000000000006,0.2517705733077363,-0.0735569164443858,1.661516514523308,0.24089753526951235,-0.0730729833318539,1.6609761099930531,0.24089753526951235,-0.0730729833318539,1.6609761099930531,5.0,0.0,0.0,6.092968351182071,0.10154947251970119
0.8390000000000006,0.2517712933337641,-0.07355649261050065,1.6615161225173949,0.24089753526951235,-0.0730729833318539,1.6609761099930531,0.24089753526951235,-0.0730729833318539,1.6609761099930531,5.0,0.0,0.0,6.092635979838768,0.1015439329973128
0.8400000000000006,0.25177189884577067,-0.07355602245736323,1.6615156771174389,0.24089753526951235,-0.0730729833318539,1.6609761099930531,0.24089753526951235,-0.0730729833318539,1.6609761099930531,5.0,0.0,0.0,6.0923035284101505,0.10153839214016917
0.8410000000000006,0.2517723911467353,-0.07355550648241826,1.6615151788941653,0.24089753526951235,-0.0730729833318539,1.6609761099930531,0.24089753526951235,-0.0730729833318539,1.6609761099930531,5.0,0.0,0.0,6.091971023567145,0.10153285039278574
0.8420000000000006,0.25177277153669675,-0.07355494518397096,1.661514628419228,0.24089753526951235,-0.0730729833318539,1.6609761099930531,0.24089753526951235,-0.0730729833318539,1.6609761099930531,5.0,0.0,0.0,6.0916384918301505,0.10152730819716918
0.8430000000000006,0.2517730413126519,-0.0735543390611036,1.6615140262651136,0.24089753526951235,-0.0730729833318539,1.6609761099930531,0.24089753526951235,-0.0730729833318539,1.6609761099930531,5.0,0.0,0.0,6.09130595956711,0.10152176599278517
0.8440000000000006,0.25177320176846285,-0.07355368861359264,1.6615133730050526,0.24089753526951235,-0.0730729833318539,1.6609761099930531,0.24089753526951235,-0.0730729833318539,1.6609761099930531,5.0,0.0,0.0,6.090973452990145,0.10151622421650242
0.8450000000000006,0.2517732541947593,-0.07355299434182636,1.6615126692129203,0.24089753526951235,-0.0730729833318539,1.6609761099930531,0.24089753526951235,-0.0730729833318539,1.6609761099930531,5.0,0.0,0.0,6.090640998152931,0.10151068330254884
0.8460000000000006,0.2517731998788464,-0.0735522567467243,1.6615119154631521,0.24089753526951235,-0.0730729833318539,1.6609761099930531,0.24089753526951235,-0.0730729833318539,1.6609761099930531,5.0,0.0,0.0,6.090308620948765,0.10150514368247941
0.8470000000000006,0.2517730401046102,-0.07355147632965671,1.6615111123306487,0.24089753526951235,-0.0730729833318539,1.6609761099930531,0.24089753526951235,-0.0730729833318539,1.6609761099930531,5.0,0.0,0.0,6.08997634710704,0.10149960578511734
0.8480000000000006,0.25177277615242866,-0.07355065359236712,1.6615102603906902,0.24089753526951235,-0.0730729833318539,1.6609761099930531,0.24089753526951235,-0.0730729833318539,1.6609761099930531,5.0,0.0,0.0,6.089644202191689,0.10149407003652815
0.8490000000000006,0.25177240929907807,-0.0735497890368938,1.6615093602188464,0.24089753526951235,-0.0730729833318539,1.6609761099930531,0.24089753526951235,-0.0730729833318539,1.6609761099930531,5.0,0.0,0.0,6.089312211598586,0.10148853685997644
0.8500000000000006,0.2517719408176479,-0.07354888316549332,1.6615084123908954,0.24089753526951235,-0.0730729833318539,1.6609761099930531,0.24089753526951235,-0.0730729833318539,1.6609761099930531,5.0,0.0,0.0,6.088980400552741,0.101483006675879
0.8510000000000006,0.2517713719774481,-0.07354793648056522,1.6615074174827278,0.24089753526951235,-0.0730729833318539,1.6609761099930531,0.24089753526951235,-0.0730729833318539,1.6609761099930531,5.0,0.0,0.0,6.08864879410631,0.10147747990177183
0.8520000000000006,0.2517707040439277,-0.07354694948457749,1.661506376070278,0.24089753526951235,-0.0730729833318539,1.6609761099930531,0.24089753526951235,-0.0730729833318539,1.6609761099930531,5.0,0.0,0.0,6.0883174171373895,0.10147195695228982
0.8530000000000006,0.2517699382785853,-0.07354592267999273,1.661505288729426,0.24089753526951235,-0.0730729833318539,1.6609761099930531,0.24089753526951235,-0.0730729833318539,1.6609761099930531,5.0,0.0,0.0,6.087986294345566,0.10146643823909277
0.8540000000000006,0.25176907593888626,-0.07354485656919675,1.6615041560359276,0.24089753526951235,-0.0730729833318539,1.6609761099930531,0.24089753526951235,-0.0730729833318539,1.6609761099930531,5.0,0.0,0.0,6.087655450252438,0.10146092417087396
0.8550000000000006,0.2517681182781792,-0.07354375165442617,1.661502978565325,0.24089753526951235,-0.0730729833318539,1.6609761099930531,0.24089753526951235,-0.0730729833318539,1.6609761099930531,5.0,0.0,0.0,6.0873249091976005,0.10145541515329334
0.8560000000000006,0.2517670665456152,-0.07354260843769854,1.6615017568928745,0.24089753526951235,-0.0730729833318539,1.6609761099930531,0.24089753526951235,-0.0730729833318539,1.6609761099930531,5.0,0.0,0.0,6.0869946953377365,0.10144991158896227
0.8570000000000007,0.2517659219860658,-0.07354142742074267,1.6615004915934657,0.24089753526951235,-0.0730729833318539,1.6609761099930531,0.24089753526951235,-0.0730729833318539,1.6609761099930531,5.0,0.0,0.0,6.086664832644149,0.10144441387740248
0.8580000000000007,0.25176468584004386,-0.07354020910493098,1.6614991832415413,0.24089753526951235,-0.0730729833318539,1.6609761099930531,0.24089753526951235,-0.0730729833318539,1.6609761099930531,5.0,0.0,0.0,6.086335344900972,0.1014389224150162
0.8590000000000007,0.2517633593436255,-0.07353895399121145,1.6614978324110263,0.24089753526951235,-0.0730729833318539,1.6609761099930531,0.24089753526951235,-0.0730729833318539,1.6609761099930531,5.0,0.0,0.0,6.086006255703798,0.1014334375950633
0.8600000000000007,0.2517619437283731,-0.07353766258004252,1.66149643967525,0.24089753526951235,-0.0730729833318539,1.6609761099930531,0.24089753526951235,-0.0730729833318539,1.6609761099930531,5.0,0.0,0.0,6.085677588457299,0.10142795980762166
0.8610000000000007,0.2517604402212583,-0.0735363353713259,1.6614950056068731,0.24089753526951235,-0.0730729833318539,1.6609761099930531,0.24089753526951235,-0.0730729833318539,1.6609761099930531,5.0,0.0,0.0,6.085349366373678,0.1014224894395613
0.8620000000000007,0.2517588500445886,-0.07353497286434346,1.6614935307778151,0.24089753526951235,-0.0730729833318539,1.6609761099930531,0.24089753526951235,-0.0730729833318539,1.6609761099930531,5.0,0.0,0.0,6.0850216124709435,0.10141702687451573
0.8630000000000007,0.25175717441593276,-0.07353357555769405,1.6614920157591826,0.24089753526951235,-0.0730729833318539,1.6609761099930531,0.24089753526951235,-0.0730729833318539,1.6609761099930531,5.0,0.0,0.0,6.08469434957185,0.10141157249286417
0.8640000000000007,0.2517554145480497,-0.07353214394923112,1.6614904611212014,0.24089753526951235,-0.0730729833318539,1.6609761099930531,0.24089753526951235,-0.0730729833318539,1.6609761099930531,5.0,0.0,0.0,6.084367600301628,0.10140612667169381
0.8650000000000007,0.2517535716488153,-0.07353067853599982,1.661488867433141,0.24089753526951235,-0.0730729833318539,1.6609761099930531,0.24089753526951235,-0.0730729833318539,1.6609761099930531,5.0,0.0,0.0,6.084041387086343,0.10140068978477237
0.8660000000000007,0.25175164692115426,-0.07352917981417889,1.661487235263255,0.24089753526951235,-0.0730729833318539,1.6609761099930531,0.24089753526951235,-0.0730729833318539,1.6609761099930531,5.0,0.0,0.0,6.083715732152706,0.1013952622025451
0.8670000000000007,0.2517496415629702,-0.07352764827901949,1.6614855651787044,0.24089753526951235,-0.0730729833318539,1.6609761099930531,0.24089753526951235,-0.0730729833318539,1.6609761099930531,5.0,0.0,0.0,6.083390657524526,0.10138984429207544
0.8680000000000007,0.25174755676707805,-0.07352608442478677,1.661483857745501,0.24089753526951235,-0.0730729833318539,1.6609761099930531,0.24089753526951235,-0.0730729833318539,1.6609761099930531,5.0,0.0,0.0,6.083066185023653,0.10138443641706088
0.8690000000000007,0.2517453937211385,-0.07352448874470369,1.661482113528435,0.24089753526951235,-0.0730729833318539,1.6609761099930531,0.24089753526951235,-0.0730729833318539,1.6609761099930531,5.0,0.0,0.0,6.082742336267096,0.10137903893778492
0.8700000000000007,0.2517431536075906,-0.07352286173089254,1.6614803330910142,0.24089753526951235,-0.0730729833318539,1.6609761099930531,0.24089753526951235,-0.0730729833318539,1.6609761099930531,5.0,0.0,0.0,6.082419132666033,0.10137365221110055
0.8710000000000007,0.25174083760358923,-0.07352120387432036,1.6614785169954034,0.24089753526951235,-0.0730729833318539,1.6609761099930531,0.24089753526951235,-0.0730729833318539,1.6609761099930531,5.0,0.0,0.0,6.082096595424229,0.10136827659040382
0.8720000000000007,0.2517384468809425,-0.07351951566474388,1.6614766658023565,0.24089753526951235,-0.0730729833318539,1.6609761099930531,0.24089753526951235,-0.0730729833318539,1.6609761099930531,5.0,0.0,0.0,6.081774745539352,0.10136291242565587
0.8730000000000007,0.2517359826060476,-0.0735177975906554,1.6614747800711605,0.24089753526951235,-0.0730729833318539,1.6609761099930531,0.24089753526951235,-0.0730729833318539,1.6609761099930531,5.0,0.0,0.0,6.081453603798209,0.10135756006330349
0.8740000000000007,0.2517334459398325,-0.0735160501392305,1.661472860359576,0.24089753526951235,-0.0730729833318539,1.6609761099930531,0.24089753526951235,-0.0730729833318539,1.6609761099930531,5.0,0.0,0.0,6.081133190777407,0.10135221984629011
0.8750000000000007,0.2517308380376946,-0.0735142737962747,1.6614709072237728,0.24089753526951235,-0.0730729833318539,1.6609761099930531,0.24089753526951235,-0.0730729833318539,1.6609761099930531,5.0,0.0,0.0,6.0808135268419825,0.10134689211403304
0.8760000000000007,0.25172816004944304,-0.0735124690461734,1.6614689212182798,0.24089753526951235,-0.0730729833318539,1.6609761099930531,0.24089753526951235,-0.0730729833318539,1.6609761099930531,5.0,0.0,0.0,6.080494632145461,0.10134157720242436
0.8770000000000007,0.25172541311924146,-0.07351063637184219,1.6614669028959226,0.24089753526951235,-0.0730729833318539,1.6609761099930531,0.24089753526951235,-0.0730729833318539,1.6609761099930531,5.0,0.0,0.0,6.0801765266271905,0.10133627544378651
0.8780000000000007,0.2517225983855516,-0.07350877625467526,1.6614648528077705,0.24089753526951235,-0.0730729833318539,1.6609761099930531,0.24089753526951235,-0.0730729833318539,1.6609761099930531,5.0,0.0,0.0,6.079859230013014,0.10133098716688356
0.8790000000000007,0.25171971698107815,-0.07350688917449874,1.6614627715030799,0.24089753526951235,-0.0730729833318539,1.6609761099930531,0.24089753526951235,-0.0730729833318539,1.6609761099930531,5.0,0.0,0.0,6.079542761812886,0.10132571269688143
0.8800000000000007,0.2517167700327145,-0.07350497560952286,1.6614606595292418,0.24089753526951235,-0.0730729833318539,1.6609761099930531,0.24089753526951235,-0.0730729833318539,1.6609761099930531,5.0,0.0,0.0,6.079227141321462,0.10132045235535769
0.8810000000000007,0.25171375866149154,-0.07350303603629446,1.6614585174317296,0.24089753526951235,-0.0730729833318539,1.6609761099930531,0.24089753526951235,-0.0730729833318539,1.6609761099930531,5.0,0.0,0.0,6.0789123876164215,0.10131520646027369
0.8820000000000007,0.2517106839825233,-0.0735010709296517,1.6614563457540443,0.24089753526951235,-0.0730729833318539,1.6609761099930531,0.24089753526951235,-0.0730729833318539,1.6609761099930531,5.0,0.0,0.0,6.078598519557628,0.10130997532596048
0.8830000000000007,0.25170754710495835,-0.07349908076267841,1.661454145037667,0.24089753526951235,-0.0730729833318539,1.6609761099930531,0.24089753526951235,-0.0730729833318539,1.6609761099930531,5.0,0.0,0.0,6.078285555787368,0.10130475926312281
0.8840000000000007,0.2517043491319303,-0.07349706600666109,1.6614519158220067,0.24089753526951235,-0.0730729833318539,1.6609761099930531,0.24089753526951235,-0.0730729833318539,1.6609761099930531,5.0,0.0,0.0,6.0779735147286695,0.10129955857881116
0.8850000000000007,0.25170109116050793,-0.0734950271310437,1.6614496586443541,0.24089753526951235,-0.0730729833318539,1.6609761099930531,0.24089753526951235,-0.0730729833318539,1.6609761099930531,5.0,0.0,0.0,6.077662414585419,0.10129437357642364
0.8860000000000007,0.2516977742816494,-0.073492964603387,1.6614473740398286,0.24089753526951235,-0.0730729833318539,1.6609761099930531,0.24089753526951235,-0.0730729833318539,1.6609761099930531,5.0,0.0,0.0,6.0773522733407725,0.10128920455567954
0.8870000000000007,0.25169439958015577,-0.07349087888932594,1.661445062541337,0.24089753526951235,-0.0730729833318539,1.6609761099930531,0.24089753526951235,-0.0730729833318539,1.6609761099930531,5.0,0.0,0.0,6.0770431087580725,0.10128405181263454
0.8880000000000007,0.2516909681346243,-0.07348877045252825,1.6614427246795231,0.24089753526951235,-0.0730729833318539,1.6609761099930531,0.24089753526951235,-0.0730729833318539,1.6609761099930531,5.0,0.0,0.0,6.076734938379225,0.10127891563965376
0.8890000000000007,0.25168748101740734,-0.07348663975465596,1.6614403609827237,0.24089753526951235,-0.0730729833318539,1.6609761099930531,0.24089753526951235,-0.0730729833318539,1.6609761099930531,5.0,0.0,0.0,6.076427779524293,0.10127379632540488
0.8900000000000007,0.2516839392945661,-0.07348448725532448,1.6614379719769259,0.24089753526951235,-0.0730729833318539,1.6609761099930531,0.24089753526951235,-0.0730729833318539,1.6609761099930531,5.0,0.0,0.0,6.076121649291844,0.10126869415486407
0.8910000000000007,0.25168034402583206,-0.07348231341206495,1.661435558185721,0.24089753526951235,-0.0730729833318539,1.6609761099930531,0.24089753526951235,-0.0730729833318539,1.6609761099930531,5.0,0.0,0.0,6.075816564557606,0.10126360940929342
0.8920000000000007,0.2516766962645628,-0.07348011868028653,1.6614331201302635,0.24089753526951235,-0.0730729833318539,1.6609761099930531,0.24089753526951235,-0.0730729833318539,1.6609761099930531,5.0,0.0,0.0,6.075512541974847,0.10125854236624746
0.8930000000000007,0.25167299705770435,-0.0734779035132401,1.661430658329229,0.24089753526951235,-0.0730729833318539,1.6609761099930531,0.24089753526951235,-0.0730729833318539,1.6609761099930531,5.0,0.0,0.0,6.075209597973807,0.10125349329956346
0.8940000000000007,0.2516692474457526,-0.07347566836198051,1.6614281732987741,0.24089753526951235,-0.0730729833318539,1.6609761099930531,0.24089753526951235,-0.0730729833318539,1.6609761099930531,5.0,0.0,0.0,6.074907748761014,0.10124846247935022
0.8950000000000007,0.251665448462714,-0.07347341367533353,1.6614256655524957,0.24089753526951235,-0.0730729833318539,1.6609761099930531,0.24089753526951235,-0.0730729833318539,1.6609761099930531,5.0,0.0,0.0,6.074607010319885,0.10124345017199808
0.8960000000000007,0.2516616011360707,-0.07347113989985911,1.6614231356013924,0.24089753526951235,-0.0730729833318539,1.6609761099930531,0.24089753526951235,-0.0730729833318539,1.6609761099930531,5.0,0.0,0.0,6.0743073984098075,0.10123845664016345
0.8970000000000007,0.2516577064867435,-0.07346884747981955,1.661420583953826,0.24089753526951235,-0.0730729833318539,1.6609761099930531,0.24089753526951235,-0.0730729833318539,1.6609761099930531,5.0,0.0,0.0,6.074008928565997,0.1012334821427666
0.8980000000000007,0.2516537655290584,-0.07346653685714463,1.6614180111154848,0.24089753526951235,-0.0730729833318539,1.6609761099930531,0.24089753526951235,-0.0730729833318539,1.6609761099930531,5.0,0.0,0.0,6.0737116161000335,0.10122852693500056
0.8990000000000007,0.25164977927071186,-0.07346420847140164,1.6614154175893467,0.24089753526951235,-0.0730729833318539,1.6609761099930531,0.24089753526951235,-0.0730729833318539,1.6609761099930531,5.0,0.0,0.0,6.073415476099013,0.10122359126831688
0.9000000000000007,0.2516457487127395,-0.07346186275976142,1.6614128038756437,0.24089753526951235,-0.0730729833318539,1.6609761099930531,0.24089753526951235,-0.0730729833318539,1.6609761099930531,5.0,0.0,0.0,6.073120523425717,0.10121867539042863
0.9010000000000007,0.25164167484948385,-0.07345950015696888,1.6614101704718274,0.24089753526951235,-0.0730729833318539,1.6609761099930531,0.24089753526951235,-0.0730729833318539,1.6609761099930531,5.0,0.0,0.0,6.07282677271874,0.10121377954531233
0.9020000000000007,0.25163755866856335,-0.07345712109531344,1.6614075178725352,0.24089753526951235,-0.0730729833318539,1.6609761099930531,0.24089753526951235,-0.0730729833318539,1.6609761099930531,5.0,0.0,0.0,6.072534238392472,0.10120890397320786
0.9030000000000007,0.2516334011508442,-0.07345472600459864,1.661404846569556,0.24089753526951235,-0.0730729833318539,1.6609761099930531,0.24089753526951235,-0.0730729833318539,1.6609761099930531,5.0,0.0,0.0,6.0722429346364315,0.10120404891060719
0.9040000000000007,0.25162920327041033,-0.07345231531211349,1.661402157051799,0.24089753526951235,-0.0730729833318539,1.6609761099930531,0.24089753526951235,-0.0730729833318539,1.6609761099930531,5.0,0.0,0.0,6.071952875416537,0.10119921459027562
0.9050000000000007,0.25162496599453754,-0.07344988944260619,1.661399449805262,0.24089753526951235,-0.0730729833318539,1.6609761099930531,0.24089753526951235,-0.0730729833318539,1.6609761099930531,5.0,0.0,0.0,6.071664074474428,0.10119440124124046
0.9060000000000007,0.2516206902836643,-0.07344744881825518,1.661396725313002,0.24089753526951235,-0.0730729833318539,1.6609761099930531,0.24089753526951235,-0.0730729833318539,1.6609761099930531,5.0,0.0,0.0,6.0713765453277615,0.10118960908879603
0.9070000000000007,0.2516163770913691,-0.07344499385864318,1.6613939840551013,0.24089753526951235,-0.0730729833318539,1.6609761099930531,0.24089753526951235,-0.0730729833318539,1.6609761099930531,5.0,0.0,0.0,6.071090301269713,0.10118483835449522
0.9080000000000007,0.25161202736434385,-0.073442524980732,1.661391226508643,0.24089753526951235,-0.0730729833318539,1.6609761099930531,0.24089753526951235,-0.0730729833318539,1.6609761099930531,5.0,0.0,0.0,6.070805355370846,0.10118008925618076
0.9090000000000007,0.2516076420423707,-0.07344004259883676,1.6613884531476824,0.24089753526951235,-0.0730729833318539,1.6609761099930531,0.24089753526951235,-0.0730729833318539,1.6609761099930531,5.0,0.0,0.0,6.070521720477489,0.10117536200795814
0.9100000000000007,0.2516032220582991,-0.07343754712460189,1.6613856644432123,0.24089753526951235,-0.0730729833318539,1.6609761099930531,0.24089753526951235,-0.0730729833318539,1.6609761099930531,5.0,0.0,0.0,6.070239409212688,0.10117065682021147
0.9110000000000007,0.2515987683380252,-0.07343503896697723,1.661382860863148,0.24089753526951235,-0.0730729833318539,1.6609761099930531,0.24089753526951235,-0.0730729833318539,1.6609761099930531,5.0,0.0,0.0,6.0699584339774235,0.10116597389962373
0.9120000000000007,0.25159428180046883,-0.07343251853219458,1.661380042872291,0.24089753526951235,-0.0730729833318539,1.6609761099930531,0.24089753526951235,-0.0730729833318539,1.6609761099930531,5.0,0.0,0.0,6.069678806948825,0.10116131344914708
0.9130000000000007,0.25158976335755545,-0.07342998622374633,1.6613772109323086,0.24089753526951235,-0.0730729833318539,1.6609761099930531,0.24089753526951235,-0.0730729833318539,1.6609761099930531,5.0,0.0,0.0,6.069400540082743,0.10115667566804572
0.9140000000000007,0.25158521391419636,-0.07342744244236286,1.661374365501709,0.24089753526951235,-0.0730729833318539,1.6609761099930531,0.24089753526951235,-0.0730729833318539,1.6609761099930531,5.0,0.0,0.0,6.069123645112509,0.10115206075187515
0.9150000000000007,0.2515806343682704,-0.0734248875859912,1.6613715070358166,0.24089753526951235,-0.0730729833318539,1.6609761099930531,0.24089753526951235,-0.0730729833318539,1.6609761099930531,5.0,0.0,0.0,6.068848133550112,0.10114746889250187
0.9160000000000007,0.2515760256106073,-0.07342232204977583,1.6613686359867497,0.24089753526951235,-0.0730729833318539,1.6609761099930531,0.24089753526951235,-0.0730729833318539,1.6609761099930531,5.0,0.0,0.0,6.068574016686171,0.10114290027810284
0.9170000000000007,0.25157138852497113,-0.07341974622603759,1.6613657528033974,0.24089753526951235,-0.0730729833318539,1.6609761099930531,0.24089753526951235,-0.0730729833318539,1.6609761099930531,5.0,0.0,0.0,6.06830130559077,0.1011383550931795
0.9180000000000007,0.25156672398804475,-0.073417160504255,1.661362857931398,0.24089753526951235,-0.0730729833318539,1.6609761099930531,0.24089753526951235,-0.0730729833318539,1.6609761099930531,5.0,0.0,0.0,6.068030011113677,0.10113383351856128
0.9190000000000007,0.25156203286941575,-0.07341456527104627,1.6613599518131186,0.24089753526951235,-0.0730729833318539,1.6609761099930531,0.24089753526951235,-0.0730729833318539,1.6609761099930531,5.0,0.0,0.0,6.067760143884934,0.10112933573141557
0.9200000000000007,0.25155731603156223,-0.07341196091014979,1.6613570348876352,0.24089753526951235,-0.0730729833318539,1.6609761099930531,0.24089753526951235,-0.0730729833318539,1.6609761099930531,5.0,0.0,0.0,6.0674917143154925,0.10112486190525821
0.9210000000000007,0.2515525743298407,-0.07340934780240885,1.6613541075907121,0.24089753526951235,-0.0730729833318539,1.6609761099930531,0.24089753526951235,-0.0730729833318539,1.6609761099930531,5.0,0.0,0.0,6.067224732597319,0.10112041220995532
0.9220000000000007,0.2515478086124735,-0.07340672632575337,1.6613511703547836,0.24089753526951235,-0.0730729833318539,1.6609761099930531,0.24089753526951235,-0.0730729833318539,1.6609761099930531,5.0,0.0,0.0,6.066959208704212,0.10111598681173686
0.9230000000000007,0.25154301972053866,-0.07340409685518427,1.6613482236089359,0.24089753526951235,-0.0730729833318539,1.6609761099930531,0.24089753526951235,-0.0730729833318539,1.6609761099930531,5.0,0.0,0.0,6.0666951523927315,0.10111158587321219
0.9240000000000007,0.25153820848795844,-0.0734014597627583,1.6613452677788902,0.24089753526951235,-0.0730729833318539,1.6609761099930531,0.24089753526951235,-0.0730729833318539,1.6609761099930531,5.0,0.0,0.0,6.066432573202508,0.10110720955337514
0.9250000000000007,0.25153337574149154,-0.07339881541757255,1.6613423032869843,0.24089753526951235,-0.0730729833318539,1.6609761099930531,0.24089753526951235,-0.0730729833318539,1.6609761099930531,5.0,0.0,0.0,6.066171480456592,0.10110285800760986
0.9260000000000007,0.25152852230072364,-0.07339616418575097,1.6613393305521589,0.24089753526951235,-0.0730729833318539,1.6609761099930531,0.24089753526951235,-0.0730729833318539,1.6609761099930531,5.0,0.0,0.0,6.065911883262773,0.10109853138771288
0.9270000000000007,0.25152364897806,-0.0733935064304291,1.661336349989939,0.24089753526951235,-0.0730729833318539,1.6609761099930531,0.24089753526951235,-0.0730729833318539,1.6609761099930531,5.0,0.0,0.0,6.065653790513678,0.10109422984189463
0.9280000000000007,0.2515187565787182,-0.07339084251174194,1.6613333620124207,0.24089753526951235,-0.0730729833318539,1.6609761099930531,0.24089753526951235,-0.0730729833318539,1.6609761099930531,5.0,0.0,0.0,6.065397210887834,0.10108995351479724
0.9290000000000007,0.25151384590072295,-0.07338817278681213,1.6613303670282598,0.24089753526951235,-0.0730729833318539,1.6609761099930531,0.24089753526951235,-0.0730729833318539,1.6609761099930531,5.0,0.0,0.0,6.0651421528504335,0.10108570254750722
0.9300000000000007,0.25150891773490036,-0.07338549760973602,1.6613273654426515,0.24089753526951235,-0.0730729833318539,1.6609761099930531,0.24089753526951235,-0.0730729833318539,1.6609761099930531,5.0,0.0,0.0,6.064888624653394,0.10108147707755656
0.9310000000000007,0.25150397286487336,-0.07338281733157329,1.6613243576573247,0.24089753526951235,-0.0730729833318539,1.6609761099930531,0.24089753526951235,-0.0730729833318539,1.6609761099930531,5.0,0.0,0.0,6.064636634337358,0.10107727723895596
0.9320000000000007,0.25149901206705855,-0.07338013230033531,1.6613213440705241,0.24089753526951235,-0.0730729833318539,1.6609761099930531,0.24089753526951235,-0.0730729833318539,1.6609761099930531,5.0,0.0,0.0,6.064386189731321,0.10107310316218869
0.9330000000000007,0.251494036110663,-0.07337744286097617,1.6613183250770025,0.24089753526951235,-0.0730729833318539,1.6609761099930531,0.24089753526951235,-0.0730729833318539,1.6609761099930531,5.0,0.0,0.0,6.064137298454128,0.10106895497423546
0.9340000000000007,0.2514890457576821,-0.07337474935538091,1.6613153010680068,0.24089753526951235,-0.0730729833318539,1.6609761099930531,0.24089753526951235,-0.0730729833318539,1.6609761099930531,5.0,0.0,0.0,6.063889967914903,0.10106483279858172
0.9350000000000007,0.2514840417628996,-0.073372052122357,1.6613122724312692,0.24089753526951235,-0.0730729833318539,1.6609761099930531,0.24089753526951235,-0.0730729833318539,1.6609761099930531,5.0,0.0,0.0,6.063644205314578,0.10106073675524296
0.9360000000000007,0.2514790248738842,-0.07336935149762577,1.6613092395509972,0.24089753526951235,-0.0730729833318539,1.6609761099930531,0.24089753526951235,-0.0730729833318539,1.6609761099930531,5.0,0.0,0.0,6.063400017646083,0.10105666696076805
0.9370000000000007,0.251473995830993,-0.07336664781381388,1.6613062028078625,0.24089753526951235,-0.0730729833318539,1.6609761099930531,0.24089753526951235,-0.0730729833318539,1.6609761099930531,5.0,0.0,0.0,6.0631574116952995,0.10105262352825499
0.9380000000000007,0.25146895536737013,-0.07336394140044535,1.6613031625789954,0.24089753526951235,-0.0730729833318539,1.6609761099930531,0.24089753526951235,-0.0730729833318539,1.6609761099930531,5.0,0.0,0.0,6.062916394042353,0.10104860656737255
0.9390000000000007,0.25146390420895026,-0.07336123258393445,1.6613001192379748,0.24089753526951235,-0.0730729833318539,1.6609761099930531,0.24089753526951235,-0.0730729833318539,1.6609761099930531,5.0,0.0,0.0,6.062676971062114,0.10104461618436857
0.9400000000000007,0.2514588430744593,-0.07335852168757812,1.6612970731548184,0.24089753526951235,-0.0730729833318539,1.6609761099930531,0.24089753526951235,-0.0730729833318539,1.6609761099930531,5.0,0.0,0.0,6.062439148925634,0.1010406524820939
0.9410000000000007,0.25145377267541935,-0.07335580903155137,1.6612940246959809,0.24089753526951235,-0.0730729833318539,1.6609761099930531,0.24089753526951235,-0.0730729833318539,1.6609761099930531,5.0,0.0,0.0,6.0622029336009895,0.10103671556001649
0.9420000000000007,0.25144869371615064,-0.07335309493290001,1.6612909742243434,0.24089753526951235,-0.0730729833318539,1.6609761099930531,0.24089753526951235,-0.0730729833318539,1.6609761099930531,5.0,0.0,0.0,6.061968330853968,0.1010328055142328
0.9430000000000007,0.2514436068937783,-0.07335037970553514,1.661287922099209,0.24089753526951235,-0.0730729833318539,1.6609761099930531,0.24089753526951235,-0.0730729833318539,1.6609761099930531,5.0,0.0,0.0,6.061735346248925,0.10102892243748209
0.9440000000000007,0.25143851289823543,-0.0733476636602299,1.661284868676296,0.24089753526951235,-0.0730729833318539,1.6609761099930531,0.24089753526951235,-0.0730729833318539,1.6609761099930531,5.0,0.0,0.0,6.061503985150535,0.10102506641917558
0.9450000000000007,0.25143341241227113,-0.0733449471046132,1.6612818143077361,0.24089753526951235,-0.0730729833318539,1.6609761099930531,0.24089753526951235,-0.0730729833318539,1.6609761099930531,5.0,0.0,0.0,6.061274252724398,0.10102123754540664
0.9460000000000007,0.2514283061114561,-0.07334223034316711,1.6612787593420668,0.24089753526951235,-0.0730729833318539,1.6609761099930531,0.24089753526951235,-0.0730729833318539,1.6609761099930531,5.0,0.0,0.0,6.06104615393803,0.10101743589896715
0.9470000000000007,0.2514231946641896,-0.07333951367722302,1.6612757041242294,0.24089753526951235,-0.0730729833318539,1.6609761099930531,0.24089753526951235,-0.0730729833318539,1.6609761099930531,5.0,0.0,0.0,6.060819693562213,0.10101366155937022
0.9480000000000007,0.2514180787317087,-0.07333679740495795,1.6612726489955656,0.24089753526951235,-0.0730729833318539,1.6609761099930531,0.24089753526951235,-0.0730729833318539,1.6609761099930531,5.0,0.0,0.0,6.060594876171818,0.10100991460286363
0.9490000000000007,0.25141295896809596,-0.07333408182139345,1.6612695942938136,0.24089753526951235,-0.0730729833318539,1.6609761099930531,0.24089753526951235,-0.0730729833318539,1.6609761099930531,5.0,0.0,0.0,6.060371706146656,0.10100619510244427
0.9500000000000007,0.25140783602029027,-0.07333136721839244,1.6612665403531086,0.24089753526951235,-0.0730729833318539,1.6609761099930531,0.24089753526951235,-0.0730729833318539,1.6609761099930531,5.0,0.0,0.0,6.060150187673287,0.10100250312788811
0.9510000000000007,0.2514027105280938,-0.07332865388465656,1.661263487503977,0.24089753526951235,-0.0730729833318539,1.6609761099930531,0.24089753526951235,-0.0730729833318539,1.6609761099930531,5.0,0.0,0.0,6.059930324745761,0.1009988387457627
0.9520000000000007,0.25139758312418614,-0.07332594210572796,1.6612604360733378,0.24089753526951235,-0.0730729833318539,1.6609761099930531,0.24089753526951235,-0.0730729833318539,1.6609761099930531,5.0,0.0,0.0,6.059712121166752,0.10099520201944587
0.9530000000000007,0.25139245443413416,-0.07332323216398515,1.661257386384503,0.24089753526951235,-0.0730729833318539,1.6609761099930531,0.24089753526951235,-0.0730729833318539,1.6609761099930531,5.0,0.0,0.0,6.059495580548894,0.10099159300914824
0.9540000000000007,0.25138732507640354,-0.0733205243386452,1.6612543387571754,0.24089753526951235,-0.0730729833318539,1.6609761099930531,0.24089753526951235,-0.0730729833318539,1.6609761099930531,5.0,0.0,0.0,6.0592807063157,0.10098801177192834
0.9550000000000007,0.25138219566237024,-0.07331781890576158,1.6612512935074435,0.24089753526951235,-0.0730729833318539,1.6609761099930531,0.24089753526951235,-0.0730729833318539,1.6609761099930531,5.0,0.0,0.0,6.059067501702485,0.10098445836170808
0.9560000000000007,0.2513770667963372,-0.0733151161382271,1.6612482509477966,0.24089753526951235,-0.0730729833318539,1.6609761099930531,0.24089753526951235,-0.0730729833318539,1.6609761099930531,5.0,0.0,0.0,6.0588559697592475,0.10098093282932079
0.9570000000000007,0.2513719390755447,-0.07331241630577127,1.661245211387111,0.24089753526951235,-0.0730729833318539,1.6609761099930531,0.24089753526951235,-0.0730729833318539,1.6609761099930531,5.0,0.0,0.0,6.058646113348964,0.10097743522248274
0.9580000000000007,0.25136681309018605,-0.07330971967496532,1.6612421751306585,0.24089753526951235,-0.0730729833318539,1.6609761099930531,0.24089753526951235,-0.0730729833318539,1.6609761099930531,5.0,0.0,0.0,6.058437935151411,0.10097396558585685
0.9590000000000007,0.2513616894234225,-0.07330702650922177,1.661239142480108,0.24089753526951235,-0.0730729833318539,1.6609761099930531,0.24089753526951235,-0.0730729833318539,1.6609761099930531,5.0,0.0,0.0,6.058231437663322,0.10097052396105537
0.9600000000000007,0.25135656865139816,-0.07330433706879629,1.661236113733527,0.24089753526951235,-0.0730729833318539,1.6609761099930531,0.24089753526951235,-0.0730729833318539,1.6609761099930531,5.0,0.0,0.0,6.058026623199746,0.10096711038666244
0.9610000000000007,0.2513514513432572,-0.073301651610791,1.6612330891853846,0.24089753526951235,-0.0730729833318539,1.6609761099930531,0.24089753526951235,-0.0730729833318539,1.6609761099930531,5.0,0.0,0.0,6.057823493895197,0.10096372489825328
0.9620000000000007,0.2513463380611593,-0.07329897038915656,1.6612300691265558,0.24089753526951235,-0.0730729833318539,1.6609761099930531,0.24089753526951235,-0.0730729833318539,1.6609761099930531,5.0,0.0,0.0,6.0576220517053825,0.10096036752842304
0.9630000000000007,0.2513412293602976,-0.07329629365469591,1.661227053844324,0.24089753526951235,-0.0730729833318539,1.6609761099930531,0.24089753526951235,-0.0730729833318539,1.6609761099930531,5.0,0.0,0.0,6.057422298407527,0.10095703830679212
0.9640000000000007,0.25133612578891656,-0.07329362165506761,1.6612240436223846,0.24089753526951235,-0.0730729833318539,1.6609761099930531,0.24089753526951235,-0.0730729833318539,1.6609761099930531,5.0,0.0,0.0,6.0572242356029316,0.10095373726004886
0.9650000000000007,0.2513310278883292,-0.07329095463478943,1.6612210387408526,0.24089753526951235,-0.0730729833318539,1.6609761099930531,0.24089753526951235,-0.0730729833318539,1.6609761099930531,5.0,0.0,0.0,6.057027864717424,0.10095046441195706
0.9660000000000007,0.25132593619293736,-0.07328829283524327,1.6612180394762646,0.24089753526951235,-0.0730729833318539,1.6609761099930531,0.24089753526951235,-0.0730729833318539,1.6609761099930531,5.0,0.0,0.0,6.0568331870028445,0.10094721978338074
0.9670000000000007,0.25132085123025016,-0.07328563649467859,1.6612150461015844,0.24089753526951235,-0.0730729833318539,1.6609761099930531,0.24089753526951235,-0.0730729833318539,1.6609761099930531,5.0,0.0,0.0,6.056640203538486,0.10094400339230811
0.9680000000000007,0.25131577352090384,-0.07328298584821888,1.6612120588862107,0.24089753526951235,-0.0730729833318539,1.6609761099930531,0.24089753526951235,-0.0730729833318539,1.6609761099930531,5.0,0.0,0.0,6.056448915231454,0.10094081525385756
0.9690000000000007,0.25131070357868274,-0.07328034112786543,1.6612090780959816,0.24089753526951235,-0.0730729833318539,1.6609761099930531,0.24089753526951235,-0.0730729833318539,1.6609761099930531,5.0,0.0,0.0,6.056259322821611,0.10093765538036019
0.9700000000000008,0.2513056419105403,-0.07327770256250477,1.661206103993182,0.24089753526951235,-0.0730729833318539,1.6609761099930531,0.24089753526951235,-0.0730729833318539,1.6609761099930531,5.0,0.0,0.0,6.056071426877789,0.10093452378129648
0.9710000000000008,0.2513005890166191,-0.07327507037791285,1.6612031368365485,0.24089753526951235,-0.0730729833318539,1.6609761099930531,0.24089753526951235,-0.0730729833318539,1.6609761099930531,5.0,0.0,0.0,6.055885227802111,0.10093142046336852
0.9720000000000008,0.2512955453902748,-0.07327244479676197,1.661200176881281,0.24089753526951235,-0.0730729833318539,1.6609761099930531,0.24089753526951235,-0.0730729833318539,1.6609761099930531,5.0,0.0,0.0,6.055700725831181,0.10092834543051968
0.9730000000000008,0.2512905115180967,-0.073269826038628,1.6611972243790447,0.24089753526951235,-0.0730729833318539,1.6609761099930531,0.24089753526951235,-0.0730729833318539,1.6609761099930531,5.0,0.0,0.0,6.055517921036844,0.10092529868394741
0.9740000000000008,0.25128548787993127,-0.07326721431999689,1.661194279577984,0.24089753526951235,-0.0730729833318539,1.6609761099930531,0.24089753526951235,-0.0730729833318539,1.6609761099930531,5.0,0.0,0.0,6.055336813328344,0.10092228022213906
0.9750000000000008,0.25128047494890654,-0.0732646098542713,1.6611913427227267,0.24089753526951235,-0.0730729833318539,1.6609761099930531,0.24089753526951235,-0.0730729833318539,1.6609761099930531,5.0,0.0,0.0,6.0551574024527275,0.1009192900408788
0.9760000000000008,0.25127547319145355,-0.0732620128517793,1.6611884140543935,0.24089753526951235,-0.0730729833318539,1.6609761099930531,0.24089753526951235,-0.0730729833318539,1.6609761099930531,5.0,0.0,0.0,6.054979687997056,0.10091632813328427
0.9770000000000008,0.2512704830673332,-0.07325942351978175,1.6611854938106088,0.24089753526951235,-0.0730729833318539,1.6609761099930531,0.24089753526951235,-0.0730729833318539,1.6609761099930531,5.0,0.0,0.0,6.054803669389491,0.10091339448982485
0.9780000000000008,0.2512655050296585,-0.07325684206247976,1.6611825822255075,0.24089753526951235,-0.0730729833318539,1.6609761099930531,0.24089753526951235,-0.0730729833318539,1.6609761099930531,5.0,0.0,0.0,6.054629345900809,0.10091048909834681
0.9790000000000008,0.25126053952492233,-0.07325426868102439,1.6611796795297484,0.24089753526951235,-0.0730729833318539,1.6609761099930531,0.24089753526951235,-0.0730729833318539,1.6609761099930531,5.0,0.0,0.0,6.054456716645726,0.10090761194409543
0.9800000000000008,0.2512555869930202,-0.07325170357352453,1.6611767859505195,0.24089753526951235,-0.0730729833318539,1.6609761099930531,0.24089753526951235,-0.0730729833318539,1.6609761099930531,5.0,0.0,0.0,6.054285780584168,0.10090476300973614
0.9810000000000008,0.2512506478672786,-0.07324914693505645,1.6611739017115532,0.24089753526951235,-0.0730729833318539,1.6609761099930531,0.24089753526951235,-0.0730729833318539,1.6609761099930531,5.0,0.0,0.0,6.0541165365233836,0.10090194227538972
0.9820000000000008,0.2512457225744795,-0.07324659895767227,1.6611710270331326,0.24089753526951235,-0.0730729833318539,1.6609761099930531,0.24089753526951235,-0.0730729833318539,1.6609761099930531,5.0,0.0,0.0,6.05394898311845,0.10089914971864083
0.9830000000000008,0.2512408115348891,-0.07324405983041082,1.6611681621321068,0.24089753526951235,-0.0730729833318539,1.6609761099930531,0.24089753526951235,-0.0730729833318539,1.6609761099930531,5.0,0.0,0.0,6.053783118874282,0.10089638531457137
0.9840000000000008,0.2512359151622834,-0.07324152973930652,1.6611653072218986,0.24089753526951235,-0.0730729833318539,1.6609761099930531,0.24089753526951235,-0.0730729833318539,1.6609761099930531,5.0,0.0,0.0,6.053618942146979,0.10089364903578299
0.9850000000000008,0.2512310338639768,-0.07323900886740005,1.661162462512519,0.24089753526951235,-0.0730729833318539,1.6609761099930531,0.24089753526951235,-0.0730729833318539,1.6609761099930531,5.0,0.0,0.0,6.053456451145484,0.10089094085242474
0.9860000000000008,0.25122616804084963,-0.07323649739474777,1.6611596282105774,0.24089753526951235,-0.0730729833318539,1.6609761099930531,0.24089753526951235,-0.0730729833318539,1.6609761099930531,5.0,0.0,0.0,6.0532956439325725,0.10088826073220954
0.9870000000000008,0.2512213180873768,-0.07323399549843373,1.6611568045192915,0.24089753526951235,-0.0730729833318539,1.6609761099930531,0.24089753526951235,-0.0730729833318539,1.6609761099930531,5.0,0.0,0.0,6.053136518426457,0.10088560864044095
0.9880000000000008,0.2512164843916563,-0.07323150335257994,1.661153991638508,0.24089753526951235,-0.0730729833318539,1.6609761099930531,0.24089753526951235,-0.0730729833318539,1.6609761099930531,5.0,0.0,0.0,6.052979072403308,0.10088298454005513
0.9890000000000008,0.2512116673354391,-0.07322902112835729,1.661151189764706,0.24089753526951235,-0.0730729833318539,1.6609761099930531,0.24089753526951235,-0.0730729833318539,1.6609761099930531,5.0,0.0,0.0,6.052823303496315,0.10088038839160525
0.9900000000000008,0.2512068672941581,-0.07322654899399735,1.6611483990910159,0.24089753526951235,-0.0730729833318539,1.6609761099930531,0.24089753526951235,-0.0730729833318539,1.6609761099930531,5.0,0.0,0.0,6.052669209199925,0.10087782015333208
0.9910000000000008,0.2512020846369563,-0.07322408711480297,1.6611456198072263,0.24089753526951235,-0.0730729833318539,1.6609761099930531,0.24089753526951235,-0.0730729833318539,1.6609761099930531,5.0,0.0,0.0,6.052516786869217,0.10087527978115361
0.9920000000000008,0.2511973197267213,-0.07322163565316196,1.661142852099809,0.24089753526951235,-0.0730729833318539,1.6609761099930531,0.24089753526951235,-0.0730729833318539,1.6609761099930531,5.0,0.0,0.0,6.05236603372337,0.10087276722872283
0.9930000000000008,0.2511925729201121,-0.07321919476855805,1.6611400961519227,0.24089753526951235,-0.0730729833318539,1.6609761099930531,0.24089753526951235,-0.0730729833318539,1.6609761099930531,5.0,0.0,0.0,6.052216946844595,0.10087028244740992
0.9940000000000008,0.2511878445675903,-0.07321676461758272,1.6611373521434287,0.24089753526951235,-0.0730729833318539,1.6609761099930531,0.24089753526951235,-0.0730729833318539,1.6609761099930531,5.0,0.0,0.0,6.052069523181662,0.10086782538636103
0.9950000000000008,0.2511831350134531,-0.07321434535394826,1.6611346202509092,0.24089753526951235,-0.0730729833318539,1.6609761099930531,0.24089753526951235,-0.0730729833318539,1.6609761099930531,5.0,0.0,0.0,6.051923759551129,0.10086539599251881
0.9960000000000008,0.2511784445958647,-0.0732119371285017,1.661131900647681,0.24089753526951235,-0.0730729833318539,1.6609761099930531,0.24089753526951235,-0.0730729833318539,1.6609761099930531,5.0,0.0,0.0,6.051779652638033,0.10086299421063388
0.9970000000000008,0.2511737736468857,-0.07320954008923548,1.6611291935038037,0.24089753526951235,-0.0730729833318539,1.6609761099930531,0.24089753526951235,-0.0730729833318539,1.6609761099930531,5.0,0.0,0.0,6.051637198997792,0.10086061998329653
0.9980000000000008,0.2511691224925083,-0.07320715438130272,1.6611264989861076,0.24089753526951235,-0.0730729833318539,1.6609761099930531,0.24089753526951235,-0.0730729833318539,1.6609761099930531,5.0,0.0,0.0,6.051496395058473,0.10085827325097456
0.9990000000000008,0.25116449145268677,-0.07320478014702893,1.6611238172581955,0.24089753526951235,-0.0730729833318539,1.6609761099930531,0.24089753526951235,-0.0730729833318539,1.6609761099930531,5.0,0.0,0.0,6.051357237120403,0.10085595395200671
1.0000000000000007,0.25115988084137114,-0.0732024175259271,1.6611211484804673,0.24089753526951235,-0.0730729833318539,1.6609761099930531,0.24089753526951235,-0.0730729833318539,1.6609761099930531,5.0,0.0,0.0,6.051219721359729,0.10085366202266215
1.0010000000000006,0.25115529096653977,-0.07320006665470974,1.661118492810131,0.24089753526951235,-0.0730729833318539,1.6609761099930531,0.24089753526951235,-0.0730729833318539,1.6609761099930531,0.0,0.0,0.0,6.051083843828716,0.10085139739714526
1.0020000000000004,0.2511470625692108,-0.0731995345738963,1.6611180956171614,0.24089753526951235,-0.0730729833318539,1.6609761099930531,0.24089753526951235,-0.0730729833318539,1.6609761099930531,0.0,0.0,0.0,5.963242058902625,0.09938736764837709
1.0030000000000003,0.2511354056740951,-0.07320067521963194,1.6611197787368481,0.24089753526951235,-0.0730729833318539,1.6609761099930531,0.24089753526951235,-0.0730729833318539,1.6609761099930531,0.0,0.0,0.0,5.880325536120128,0.09800542560200214
1.0040000000000002,0.25112051831845716,-0.0732033519881991,1.6611233751295715,0.24089753526951235,-0.0730729833318539,1.6609761099930531,0.24089753526951235,-0.0730729833318539,1.6609761099930531,0.0,0.0,0.0,5.802044764947669,0.09670074608246115
1.0050000000000001,0.2511025874682628,-0.0732074369302689,1.661128728326346,0.24089753526951235,-0.0730729833318539,1.6609761099930531,0.24089753526951235,-0.0730729833318539,1.6609761099930531,0.0,0.0,0.0,5.728129149211952,0.09546881915353253
1.006,0.25108178969751327,-0.07321281017922865,1.6611356917725775,0.24089753526951235,-0.0730729833318539,1.6609761099930531,0.24089753526951235,-0.0730729833318539,1.6609761099930531,0.0,0.0,0.0,5.65832513585544,0.094305418930924
1.007,0.2510582917914932,-0.07321935944117562,1.661144128194916,0.24089753526951235,-0.0730729833318539,1.6609761099930531,0.24089753526951235,-0.0730729833318539,1.6609761099930531,0.0,0.0,0.0,5.592394857427777,0.09320658095712962
1.0079999999999998,0.2510322513013687,-0.07322697952230833,1.6611539089933525,0.24089753526951235,-0.0730729833318539,1.6609761099930531,0.24089753526951235,-0.0730729833318539,1.6609761099930531,0.0,0.0,0.0,5.530115222219608,0.09216858703699347
1.0089999999999997,0.25100381705966496,-0.07323557188830793,1.6611649136618354,0.24089753526951235,-0.0730729833318539,1.6609761099930531,0.24089753526951235,-0.0730729833318539,1.6609761099930531,0.0,0.0,0.0,5.471277091180329,0.09118795151967214
1.0099999999999996,0.2509731296616864,-0.07324504425312936,1.6611770292400536,0.24089753526951235,-0.0730729833318539,1.6609761099930531,0.24089753526951235,-0.0730729833318539,1.6609761099930531,0.0,0.0,0.0,5.415684469832176,0.09026140783053628
1.0109999999999995,0.250940321916601,-0.0732553101951296,1.6611901497983215,0.24089753526951235,-0.0730729833318539,1.6609761099930531,0.24089753526951235,-0.0730729833318539,1.6609761099930531,0.0,0.0,0.0,5.36315370491449,0.08938589508190817
1.0119999999999993,0.250905519271318,-0.07326628879861762,1.6612041759567298,0.24089753526951235,-0.0730729833318539,1.6609761099930531,0.24089753526951235,-0.0730729833318539,1.6609761099930531,0.0,0.0,0.0,5.313512689922479,0.08855854483204133
1.0129999999999992,0.25086884020987343,-0.07327790431904424,1.6612190144390373,0.24089753526951235,-0.0730729833318539,1.6609761099930531,0.24089753526951235,-0.0730729833318539,1.6609761099930531,0.0,0.0,0.0,5.266600086797583,0.08777666811329304
1.0139999999999991,0.25083039663068657,-0.0732900858701449,1.6612345776611095,0.24089753526951235,-0.0730729833318539,1.6609761099930531,0.24089753526951235,-0.0730729833318539,1.6609761099930531,0.0,0.0,0.0,5.222264571129764,0.08703774285216273
1.014999999999999,0.2507902942037281,-0.07330276713146155,1.6612507833531172,0.24089753526951235,-0.0730729833318539,1.6609761099930531,0.24089753526951235,-0.0730729833318539,1.6609761099930531,0.0,0.0,0.0,5.180364107481927,0.08633940179136546
1.015999999999999,0.25074863270933784,-0.07331588607475782,1.6612675542142141,0.24089753526951235,-0.0730729833318539,1.6609761099930531,0.24089753526951235,-0.0730729833318539,1.6609761099930531,0.0,0.0,0.0,5.1407652603914356,0.08567942100652393
1.0169999999999988,0.25070550636015737,-0.0733293847079464,1.661284817597999,0.24089753526951235,-0.0730729833318539,1.6609761099930531,0.24089753526951235,-0.0730729833318539,1.6609761099930531,0.0,0.0,0.0,5.103342545426933,0.08505570909044889
1.0179999999999987,0.25066100410739883,-0.07334320883523571,1.6613025052267267,0.24089753526951235,-0.0730729833318539,1.6609761099930531,0.24089753526951235,-0.0730729833318539,1.6609761099930531,0.0,0.0,0.0,5.067977823475228,0.08446629705792047
1.0189999999999986,0.2506152099324599,-0.0733573078322934,1.6613205529320028,0.24089753526951235,-0.0730729833318539,1.6609761099930531,0.24089753526951235,-0.0730729833318539,1.6609761099930531,0.0,0.0,0.0,5.034559740255853,0.08390932900426422
1.0199999999999985,0.2505682031247069,-0.07337163443531312,1.6613389004195727,0.24089753526951235,-0.0730729833318539,1.6609761099930531,0.24089753526951235,-0.0730729833318539,1.6609761099930531,0.0,0.0,0.0,5.002983211939588,0.08338305353232647
1.0209999999999984,0.250520058546099,-0.07338614454295098,1.6613574910557034,0.24089753526951235,-0.0730729833318539,1.6609761099930531,0.24089753526951235,-0.0730729833318539,1.6609761099930531,0.0,0.0,0.0,4.973148956715877,0.08288581594526462
1.0219999999999982,0.2504708468831999,-0.07340079703018294,1.6613762716726868,0.24089753526951235,-0.0730729833318539,1.6609761099930531,0.24089753526951235,-0.0730729833318539,1.6609761099930531,0.0,0.0,0.0,4.944963071254229,0.08241605118757048
1.0229999999999981,0.25042063488702826,-0.07341555357320582,1.6613951923910617,0.24089753526951235,-0.0730729833318539,1.6609761099930531,0.24089753526951235,-0.0730729833318539,1.6609761099930531,0.0,0.0,0.0,4.918336650217276,0.08197227750362127
1.023999999999998,0.2503694856011239,-0.07343037848458586,1.661414206456248,0.24089753526951235,-0.0730729833318539,1.6609761099930531,0.24089753526951235,-0.0730729833318539,1.6609761099930531,0.0,0.0,0.0,4.893185446347015,0.08155309077245025
1.024999999999998,0.2503174585781622,-0.07344523855791822,1.6614332700874657,0.24089753526951235,-0.0730729833318539,1.6609761099930531,0.24089753526951235,-0.0730729833318539,1.6609761099930531,0.0,0.0,0.0,4.869429568150663,0.08115715946917772
1.0259999999999978,0.2502646100854068,-0.07346010292133509,1.661452342336988,0.24089753526951235,-0.0730729833318539,1.6609761099930531,0.24089753526951235,-0.0730729833318539,1.6609761099930531,0.0,0.0,0.0,4.846993211858772,0.0807832201976462
1.0269999999999977,0.2502109932992914,-0.0734749428992558,1.661471384958012,0.24089753526951235,-0.0730729833318539,1.6609761099930531,0.24089753526951235,-0.0730729833318539,1.6609761099930531,0.0,0.0,0.0,4.825804424106669,0.08043007373511114
1.0279999999999976,0.250156658489405,-0.07348973188183426,1.6614903622796273,0.24089753526951235,-0.0730729833318539,1.6609761099930531,0.24089753526951235,-0.0730729833318539,1.6609761099930531,0.0,0.0,0.0,4.805794891692075,0.08009658152820126
1.0289999999999975,0.25010165319217237,-0.0735044452016034,1.661509241087613,0.24089753526951235,-0.0730729833318539,1.6609761099930531,0.24089753526951235,-0.0730729833318539,1.6609761099930531,0.0,0.0,0.0,4.786899754785076,0.07978166257975126
1.0299999999999974,0.25004602237453133,-0.07351906001687834,1.661527990510021,0.24089753526951235,-0.0730729833318539,1.6609761099930531,0.24089753526951235,-0.0730729833318539,1.6609761099930531,0.0,0.0,0.0,4.769057440066427,0.07948429066777378
1.0309999999999973,0.24998980858793082,-0.07353355520150656,1.661546581906699,0.24089753526951235,-0.0730729833318539,1.6609761099930531,0.24089753526951235,-0.0730729833318539,1.6609761099930531,0.0,0.0,0.0,4.752209510472261,0.07920349184120434
1.0319999999999971,0.24993305211299388,-0.07354791124061295,1.6615649887621335,0.24089753526951235,-0.0730729833318539,1.6609761099930531,0.24089753526951235,-0.0730729833318539,1.6609761099930531,0.0,0.0,0.0,4.73630052847084,0.07893834214118067
1.032999999999997,0.2498757910952134,-0.07356211013200173,1.6615831865811546,0.24089753526951235,-0.0730729833318539,1.6609761099930531,0.24089753526951235,-0.0730729833318539,1.6609761099930531,0.0,0.0,0.0,4.721277930105396,0.0786879655017566
1.033999999999997,0.24981806167206805,-0.0735761352929313,1.6616011527872203,0.24089753526951235,-0.0730729833318539,1.6609761099930531,0.24089753526951235,-0.0730729833318539,1.6609761099930531,0.0,0.0,0.0,4.707091907368568,0.07845153178947613
1.0349999999999968,0.2497598980919649,-0.07358997147198383,1.6616188666231226,0.24089753526951235,-0.0730729833318539,1.6609761099930531,0.24089753526951235,-0.0730729833318539,1.6609761099930531,0.0,0.0,0.0,4.69369529682247,0.07822825494704116
1.0359999999999967,0.24970133282542736,-0.07360360466579272,1.6616363090540802,0.24089753526951235,-0.0730729833318539,1.6609761099930531,0.24089753526951235,-0.0730729833318539,1.6609761099930531,0.0,0.0,0.0,4.681043472743211,0.07801739121238685
1.0369999999999966,0.24964239666896204,-0.0736170220404013,1.6616534626732664,0.24089753526951235,-0.0730729833318539,1.6609761099930531,0.24089753526951235,-0.0730729833318539,1.6609761099930531,0.0,0.0,0.0,4.669094243404442,0.07781823739007403
1.0379999999999965,0.24958311884203982,-0.0736302118570464,1.6616703116098979,0.24089753526951235,-0.0730729833318539,1.6609761099930531,0.24089753526951235,-0.0730729833318539,1.6609761099930531,0.0,0.0,0.0,4.657807749454879,0.07763012915758132
1.0389999999999964,0.24952352707762576,-0.07364316340217333,1.6616868414400245,0.24089753526951235,-0.0730729833318539,1.6609761099930531,0.24089753526951235,-0.0730729833318539,1.6609761099930531,0.0,0.0,0.0,4.6471463636434125,0.07745243939405687
1.0399999999999963,0.24946364770669482,-0.07365586692150679,1.6617030391002352,0.24089753526951235,-0.0730729833318539,1.6609761099930531,0.24089753526951235,-0.0730729833318539,1.6609761099930531,0.0,0.0,0.0,4.637074591426984,0.07728457652378307
1.0409999999999962,0.24940350573715214,-0.07366831355799713,1.6617188928044535,0.24089753526951235,-0.0730729833318539,1.6609761099930531,0.24089753526951235,-0.0730729833318539,1.6609761099930531,0.0,0.0,0.0,4.627558972226624,0.07712598287044374
1.041999999999996,0.24934312492757454,-0.07368049529348392,1.6617343919640153,0.24089753526951235,-0.0730729833318539,1.6609761099930531,0.24089753526951235,-0.0730729833318539,1.6609761099930531,0.0,0.0,0.0,4.6185679813138005,0.07697613302189668
1.042999999999996,0.24928252785616248,-0.07369240489391898,1.6617495271112095,0.24089753526951235,-0.0730729833318539,1.6609761099930531,0.24089753526951235,-0.0730729833318539,1.6609761099930531,0.0,0.0,0.0,4.610071932449293,0.07683453220748822
1.0439999999999958,0.24922173598528236,-0.07370403585798692,1.6617642898264047,0.24089753526951235,-0.0730729833318539,1.6609761099930531,0.24089753526951235,-0.0730729833318539,1.6609761099930531,0.0,0.0,0.0,4.602042881554288,0.07670071469257148
1.0449999999999957,0.24916076972194767,-0.0737153823689761,1.6617786726688866,0.24089753526951235,-0.0730729833318539,1.6609761099930531,0.24089753526951235,-0.0730729833318539,1.6609761099930531,0.0,0.0,0.0,4.594454531759345,0.07657424219598909
1.0459999999999956,0.24909964847457167,-0.07372643924974989,1.6617926691114628,0.24089753526951235,-0.0730729833318539,1.6609761099930531,0.24089753526951235,-0.0730729833318539,1.6609761099930531,0.0,0.0,0.0,4.587282140239406,0.07645470233732343
1.0469999999999955,0.24903839070629516,-0.07373720192066832,1.6618062734788643,0.24089753526951235,-0.0730729833318539,1.6609761099930531,0.24089753526951235,-0.0730729833318539,1.6609761099930531,0.0,0.0,0.0,4.58050242727661,0.07634170712127683
1.0479999999999954,0.24897701398516675,-0.07374766636031266,1.6618194808899316,0.24089753526951235,-0.0730729833318539,1.6609761099930531,0.24089753526951235,-0.0730729833318539,1.6609761099930531,0.0,0.0,0.0,4.574093487986812,0.07623489146644687
1.0489999999999953,0.24891553503143282,-0.07375782906886721,1.6618322872035316,0.24089753526951235,-0.0730729833318539,1.6609761099930531,0.24089753526951235,-0.0730729833318539,1.6609761099930531,0.0,0.0,0.0,4.568034707122525,0.07613391178537542
1.0499999999999952,0.2488539697621615,-0.07376768703401407,1.661844688968108,0.24089753526951235,-0.0730729833318539,1.6609761099930531,0.24089753526951235,-0.0730729833318539,1.6609761099930531,0.0,0.0,0.0,4.56230667733094,0.07603844462218233
1.050999999999995,0.24879233333341222,-0.07377723769919672,1.6618566833747546,0.24089753526951235,-0.0730729833318539,1.6609761099930531,0.24089753526951235,-0.0730729833318539,1.6609761099930531,0.0,0.0,0.0,4.556891121186522,0.07594818535310871
1.051999999999995,0.24873064018012134,-0.07378647893410724,1.661868268213635,0.24089753526951235,-0.0730729833318539,1.6609761099930531,0.24089753526951235,-0.0730729833318539,1.6609761099930531,0.0,0.0,0.0,4.551770817256456,0.07586284695427427
1.0529999999999948,0.24866890405388264,-0.0737954090072663,1.661879441833605,0.24089753526951235,-0.0730729833318539,1.6609761099930531,0.24089753526951235,-0.0730729833318539,1.6609761099930531,0.0,0.0,0.0,4.546929530391116,0.07578215883985194
1.0539999999999947,0.24860713805875048,-0.07380402656054566,1.6618902031048248,0.24089753526951235,-0.0730729833318539,1.6609761099930531,0.24089753526951235,-0.0730729833318539,1.6609761099930531,0.0,0.0,0.0,4.542351946353832,0.07570586577256386
1.0549999999999946,0.24854535468519268,-0.07381233058551445,1.6619005513841494,0.24089753526951235,-0.0730729833318539,1.6609761099930531,0.24089753526951235,-0.0730729833318539,1.6609761099930531,0.0,0.0,0.0,4.53802361083863,0.0756337268473105
1.0559999999999945,0.24848356584231335,-0.07382032040146577,1.6619104864831087,0.24089753526951235,-0.0730729833318539,1.6609761099930531,0.24089753526951235,-0.0730729833318539,1.6609761099930531,0.0,0.0,0.0,4.533930872859533,0.07556551454765888
1.0569999999999944,0.24842178288842642,-0.07382799563500649,1.6619200086382464,0.24089753526951235,-0.0730729833318539,1.6609761099930531,0.24089753526951235,-0.0730729833318539,1.6609761099930531,0.0,0.0,0.0,4.530060832421933,0.07550101387369888
1.0579999999999943,0.2483600166600788,-0.0738353562010868,1.6619291184836038,0.24089753526951235,-0.0730729833318539,1.6609761099930531,0.24089753526951235,-0.0730729833318539,1.6609761099930531,0.0,0.0,0.0,4.526401292345044,0.07544002153908407
1.0589999999999942,0.24829827749959016,-0.07384240228535612,1.6619378170251646,0.24089753526951235,-0.0730729833318539,1.6609761099930531,0.24089753526951235,-0.0730729833318539,1.6609761099930531,0.0,0.0,0.0,4.522940714047619,0.07538234523412699
1.059999999999994,0.24823657528117993,-0.0738491343277295,1.6619461056170348,0.24089753526951235,-0.0730729833318539,1.6609761099930531,0.24089753526951235,-0.0730729833318539,1.6609761099930531,0.0,0.0,0.0,4.519668177072935,0.07532780295121559
1.060999999999994,0.24817491943574346,-0.07385555300707296,1.6619539859392018,0.24089753526951235,-0.0730729833318539,1.6609761099930531,0.24089753526951235,-0.0730729833318539,1.6609761099930531,0.0,0.0,0.0,4.516573342104152,0.07527622236840253
1.0619999999999938,0.2481133189743322,-0.0738616592268979,1.661961459976692,0.24089753526951235,-0.0730729833318539,1.6609761099930531,0.24089753526951235,-0.0730729833318539,1.6609761099930531,0.0,0.0,0.0,4.513646417191105,0.07522744028651843
1.0629999999999937,0.2480517825103936,-0.07386745410198478,1.6619685299999754,0.24089753526951235,-0.0730729833318539,1.6609761099930531,0.24089753526951235,-0.0730729833318539,1.6609761099930531,0.0,0.0,0.0,4.510878126907702,0.07518130211512837
1.0639999999999936,0.24799031828081702,-0.07387293894584657,1.6619751985464766,0.24089753526951235,-0.0730729833318539,1.6609761099930531,0.24089753526951235,-0.0730729833318539,1.6609761099930531,0.0,0.0,0.0,4.508259684148482,0.0751376614024747
1.0649999999999935,0.24792893416583867,-0.07387811525895757,1.6619814684030876,0.24089753526951235,-0.0730729833318539,1.6609761099930531,0.24089753526951235,-0.0730729833318539,1.6609761099930531,0.0,0.0,0.0,4.505782764278622,0.0750963794046437
1.0659999999999934,0.24786763770784775,-0.07388298471767889,1.6619873425895615,0.24089753526951235,-0.0730729833318539,1.6609761099930531,0.24089753526951235,-0.0730729833318539,1.6609761099930531,0.0,0.0,0.0,4.503439481360019,0.07505732468933364
1.0669999999999933,0.2478064361291437,-0.07388754916381356,1.66199282434271,0.24089753526951235,-0.0730729833318539,1.6609761099930531,0.24089753526951235,-0.0730729833318539,1.6609761099930531,0.0,0.0,0.0,4.5012223661909845,0.07502037276984974
1.0679999999999932,0.24774533634869028,-0.07389181059473836,1.6619979171013357,0.24089753526951235,-0.0730729833318539,1.6609761099930531,0.24089753526951235,-0.0730729833318539,1.6609761099930531,0.0,0.0,0.0,4.499124345916832,0.07498540576528054
1.068999999999993,0.24768434499790992,-0.07389577115405839,1.6620026244918265,0.24089753526951235,-0.0730729833318539,1.6609761099930531,0.24089753526951235,-0.0730729833318539,1.6609761099930531,0.0,0.0,0.0,4.497138724991887,0.07495231208319811
1.069999999999993,0.24762346843556526,-0.0738994331227421,1.662006950314379,0.24089753526951235,-0.0730729833318539,1.6609761099930531,0.24089753526951235,-0.0730729833318539,1.6609761099930531,0.0,0.0,0.0,4.4952591672848214,0.0749209861214137
1.0709999999999928,0.24756271276177388,-0.07390279891069379,1.6620108985298119,0.24089753526951235,-0.0730729833318539,1.6609761099930531,0.24089753526951235,-0.0730729833318539,1.6609761099930531,0.0,0.0,0.0,4.493479679170166,0.07489132798616943
1.0719999999999927,0.24750208383119826,-0.07390587104873256,1.6620144732469344,0.24089753526951235,-0.0730729833318539,1.6609761099930531,0.24089753526951235,-0.0730729833318539,1.6609761099930531,0.0,0.0,0.0,4.4917945934450705,0.07486324322408451
1.0729999999999926,0.24744158726546045,-0.0739086521809433,1.662017678710459,0.24089753526951235,-0.0730729833318539,1.6609761099930531,0.24089753526951235,-0.0730729833318539,1.6609761099930531,0.0,0.0,0.0,4.490198553955686,0.0748366425659281
1.0739999999999925,0.24738122846481808,-0.07391114505737885,1.6620205192894422,0.24089753526951235,-0.0730729833318539,1.6609761099930531,0.24089753526951235,-0.0730729833318539,1.6609761099930531,0.0,0.0,0.0,4.4886865008311805,0.07481144168051967
1.0749999999999924,0.24732101261915262,-0.07391335252708639,1.6620229994662348,0.24089753526951235,-0.0730729833318539,1.6609761099930531,0.24089753526951235,-0.0730729833318539,1.6609761099930531,0.0,0.0,0.0,4.487253656247403,0.07478756093745671
1.0759999999999923,0.24726094471830495,-0.07391527753144107,1.6620251238259494,0.24089753526951235,-0.0730729833318539,1.6609761099930531,0.24089753526951235,-0.0730729833318539,1.6609761099930531,0.0,0.0,0.0,4.485895510666375,0.07476492517777292
1.0769999999999922,0.247201029561803,-0.07391692309777148,1.6620268970464276,0.24089753526951235,-0.0730729833318539,1.6609761099930531,0.24089753526951235,-0.0730729833318539,1.6609761099930531,0.0,0.0,0.0,4.484607809506306,0.07474346349177177
1.077999999999992,0.24714127176801776,-0.07391829233326028,1.6620283238887033,0.24089753526951235,-0.0730729833318539,1.6609761099930531,0.24089753526951235,-0.0730729833318539,1.6609761099930531,0.0,0.0,0.0,4.483386540222084,0.07472310900370141
1.078999999999992,0.24708167578278767,-0.07391938841911062,1.6620294091879688,0.24089753526951235,-0.0730729833318539,1.6609761099930531,0.24089753526951235,-0.0730729833318539,1.6609761099930531,0.0,0.0,0.0,4.482227919780652,0.07470379866301086
1.0799999999999919,0.2470222458875438,-0.07392021460496792,1.66203015784502,0.24089753526951235,-0.0730729833318539,1.6609761099930531,0.24089753526951235,-0.0730729833318539,1.6609761099930531,0.0,0.0,0.0,4.481128382528408,0.07468547304214014
1.0809999999999917,0.24696298620697177,-0.07392077420358566,1.6620305748181887,0.24089753526951235,-0.0730729833318539,1.6609761099930531,0.24089753526951235,-0.0730729833318539,1.6609761099930531,0.0,0.0,0.0,4.480084568457936,0.07466807614096559
1.0819999999999916,0.24690390071624072,-0.07392107058572947,1.6620306651157457,0.24089753526951235,-0.0730729833318539,1.6609761099930531,0.24089753526951235,-0.0730729833318539,1.6609761099930531,0.0,0.0,0.0,4.47909331187971,0.07465155519799517
1.0829999999999915,0.2468449932478292,-0.07392110717531145,1.662030433788766,0.24089753526951235,-0.0730729833318539,1.6609761099930531,0.24089753526951235,-0.0730729833318539,1.6609761099930531,0.0,0.0,0.0,4.478151630514564,0.07463586050857605
1.0839999999999914,0.2467862674979744,-0.07392088744474774,1.662029885924443,0.24089753526951235,-0.0730729833318539,1.6609761099930531,0.24089753526951235,-0.0730729833318539,1.6609761099930531,0.0,0.0,0.0,4.477256715019885,0.07462094525033142
1.0849999999999913,0.24672772703277157,-0.07392041491053314,1.6620290266398392,0.24089753526951235,-0.0730729833318539,1.6609761099930531,0.24089753526951235,-0.0730729833318539,1.6609761099930531,0.0,0.0,0.0,4.476405918961664,0.07460676531602774
1.0859999999999912,0.24666937529394617,-0.07391969312902535,1.6620278610760522,0.24089753526951235,-0.0730729833318539,1.6609761099930531,0.24089753526951235,-0.0730729833318539,1.6609761099930531,0.0,0.0,0.0,4.475596749245452,0.07459327915409086
1.086999999999991,0.24661121560431815,-0.07391872569243439,1.6620263943927824,0.24089753526951235,-0.0730729833318539,1.6609761099930531,0.24089753526951235,-0.0730729833318539,1.6609761099930531,0.0,0.0,0.0,4.474826857015526,0.07458044761692544
1.087999999999991,0.24655325117298305,-0.07391751622500907,1.662024631763285,0.24089753526951235,-0.0730729833318539,1.6609761099930531,0.24089753526951235,-0.0730729833318539,1.6609761099930531,0.0,0.0,0.0,4.474094029026908,0.07456823381711514
1.0889999999999909,0.24649548510022,-0.0739160683794144,1.662022578369676,0.24089753526951235,-0.0730729833318539,1.6609761099930531,0.24089753526951235,-0.0730729833318539,1.6609761099930531,0.0,0.0,0.0,4.473396179492574,0.0745566029915429
1.0899999999999908,0.24643792038215054,-0.07391438583329414,1.6620202393985855,0.24089753526951235,-0.0730729833318539,1.6609761099930531,0.24089753526951235,-0.0730729833318539,1.6609761099930531,0.0,0.0,0.0,4.472731342403791,0.07454552237339652
1.0909999999999906,0.2463805599151595,-0.07391247228600993,1.6620176200371248,0.24089753526951235,-0.0730729833318539,1.6609761099930531,0.24089753526951235,-0.0730729833318539,1.6609761099930531,0.0,0.0,0.0,4.472097664317238,0.07453496107195397
1.0919999999999905,0.24632340650008744,-0.07391033145555079,1.6620147254691537,0.24089753526951235,-0.0730729833318539,1.6609761099930531,0.24089753526951235,-0.0730729833318539,1.6609761099930531,0.0,0.0,0.0,4.471493397598551,0.07452488995997585
1.0929999999999904,0.24626646284621612,-0.07390796707560662,1.6620115608718191,0.24089753526951235,-0.0730729833318539,1.6609761099930531,0.24089753526951235,-0.0730729833318539,1.6609761099930531,0.0,0.0,0.0,4.4709168941081305,0.07451528156846884
1.0939999999999903,0.24620973157504986,-0.07390538289279695,1.6620081314123563,0.24089753526951235,-0.0730729833318539,1.6609761099930531,0.24089753526951235,-0.0730729833318539,1.6609761099930531,0.0,0.0,0.0,4.470366599313953,0.0745061099885659
1.0949999999999902,0.24615321522390565,-0.07390258266404716,1.66200444224512,0.24089753526951235,-0.0730729833318539,1.6609761099930531,0.24089753526951235,-0.0730729833318539,1.6609761099930531,0.0,0.0,0.0,4.4698410468080665,0.07449735078013445
1.09599999999999,0.24609691624932395,-0.07389957015410727,1.6620004985088344,0.24089753526951235,-0.0730729833318539,1.6609761099930531,0.24089753526951235,-0.0730729833318539,1.6609761099930531,0.0,0.0,0.0,4.46933885320824,0.07448898088680399
1.09699999999999,0.2460408370303054,-0.07389634913320378,1.6619963053240412,0.24089753526951235,-0.0730729833318539,1.6609761099930531,0.24089753526951235,-0.0730729833318539,1.6609761099930531,0.0,0.0,0.0,4.468858713419064,0.0744809785569844
1.0979999999999899,0.24598497987138238,-0.07389292337481497,1.6619918677907328,0.24089753526951235,-0.0730729833318539,1.6609761099930531,0.24089753526951235,-0.0730729833318539,1.6609761099930531,0.0,0.0,0.0,4.468399396229179,0.07447332327048632
1.0989999999999898,0.24592934700553715,-0.07388929665357016,1.6619871909861503,0.24089753526951235,-0.0730729833318539,1.6609761099930531,0.24089753526951235,-0.0730729833318539,1.6609761099930531,0.0,0.0,0.0,4.467959740217373,0.07446599567028955
1.0999999999999897,0.2458739405969642,-0.07388547274325546,1.6619822799627282,0.24089753526951235,-0.0730729833318539,1.6609761099930531,0.24089753526951235,-0.0730729833318539,1.6609761099930531,0.0,0.0,0.0,4.467538649945331,0.07445897749908885
1.1009999999999895,0.24581876274369746,-0.0738814554149283,1.6619771397461984,0.24089753526951235,-0.0730729833318539,1.6609761099930531,0.24089753526951235,-0.0730729833318539,1.6609761099930531,0.0,0.0,0.0,4.467135092406811,0.07445225154011352
1.1019999999999894,0.24576381548009643,-0.07387724843512888,1.6619717753338046,0.24089753526951235,-0.0730729833318539,1.6609761099930531,0.24089753526951235,-0.0730729833318539,1.6609761099930531,0.0,0.0,0.0,4.466748093719113,0.07444580156198523
1.1029999999999893,0.24570910077920338,-0.07387285556418417,1.661966191692644,0.24089753526951235,-0.0730729833318539,1.6609761099930531,0.24089753526951235,-0.0730729833318539,1.6609761099930531,0.0,0.0,0.0,4.46637673602321,0.07443961226705349
1.1039999999999892,0.24565462055497755,-0.07386828055459822,1.6619603937581218,0.24089753526951235,-0.0730729833318539,1.6609761099930531,0.24089753526951235,-0.0730729833318539,1.6609761099930531,0.0,0.0,0.0,4.466020154577415,0.07443366924295693
1.104999999999989,0.2456003766644132,-0.07386352714952409,1.661954386432504,0.24089753526951235,-0.0730729833318539,1.6609761099930531,0.24089753526951235,-0.0730729833318539,1.6609761099930531,0.0,0.0,0.0,4.465677535024392,0.0744279589170732
1.105999999999989,0.24554637090954207,-0.07385859908131001,1.6619481745835698,0.24089753526951235,-0.0730729833318539,1.6609761099930531,0.24089753526951235,-0.0730729833318539,1.6609761099930531,0.0,0.0,0.0,4.465348110813274,0.07442246851355457
1.1069999999999889,0.2454926050393323,-0.07385350007011883,1.6619417630433582,0.24089753526951235,-0.0730729833318539,1.6609761099930531,0.24089753526951235,-0.0730729833318539,1.6609761099930531,0.0,0.0,0.0,4.46503116076089,0.07441718601268149
1.1079999999999888,0.24543908075148563,-0.07384823382261112,1.6619351566069893,0.24089753526951235,-0.0730729833318539,1.6609761099930531,0.24089753526951235,-0.0730729833318539,1.6609761099930531,0.0,0.0,0.0,4.4647260067365995,0.07441210011227666
1.1089999999999887,0.2453857996941386,-0.07384280403069375,1.6619283600315828,0.24089753526951235,-0.0730729833318539,1.6609761099930531,0.24089753526951235,-0.0730729833318539,1.6609761099930531,0.0,0.0,0.0,4.464432011464286,0.07440720019107143
1.1099999999999886,0.24533276346747135,-0.07383721437032587,1.6619213780352327,0.24089753526951235,-0.0730729833318539,1.6609761099930531,0.24089753526951235,-0.0730729833318539,1.6609761099930531,0.0,0.0,0.0,4.46414857642321,0.07440247627372017
1.1109999999999884,0.24527997362523452,-0.07383146850038108,1.6619142152960833,0.24089753526951235,-0.0730729833318539,1.6609761099930531,0.24089753526951235,-0.0730729833318539,1.6609761099930531,0.0,0.0,0.0,4.463875139843631,0.07439791899739384
1.1119999999999883,0.24522743167619,-0.07382557006156122,1.6619068764514555,0.24089753526951235,-0.0730729833318539,1.6609761099930531,0.24089753526951235,-0.0730729833318539,1.6609761099930531,0.0,0.0,0.0,4.4636111747936384,0.07439351957989397
1.1129999999999882,0.24517513908547833,-0.07381952267536286,1.6618993660970474,0.24089753526951235,-0.0730729833318539,1.6609761099930531,0.24089753526951235,-0.0730729833318539,1.6609761099930531,0.0,0.0,0.0,4.463356187341382,0.07438926978902302
1.113999999999988,0.2451230972759122,-0.07381332994308859,1.6618916887862052,0.24089753526951235,-0.0730729833318539,1.6609761099930531,0.24089753526951235,-0.0730729833318539,1.6609761099930531,0.0,0.0,0.0,4.463109714798507,0.07438516191330845
1.114999999999988,0.24507130762920076,-0.07380699544490628,1.6618838490292527,0.24089753526951235,-0.0730729833318539,1.6609761099930531,0.24089753526951235,-0.0730729833318539,1.6609761099930531,0.0,0.0,0.0,4.462871324033898,0.0743811887338983
1.115999999999988,0.2450197714871111,-0.07380052273895019,1.6618758512928826,0.24089753526951235,-0.0730729833318539,1.6609761099930531,0.24089753526951235,-0.0730729833318539,1.6609761099930531,0.0,0.0,0.0,4.4626406098595535,0.07437734349765922
1.1169999999999878,0.244968490152567,-0.07379391536046755,1.661867699999612,0.24089753526951235,-0.0730729833318539,1.6609761099930531,0.24089753526951235,-0.0730729833318539,1.6609761099930531,0.0,0.0,0.0,4.4624171934837165,0.07437361989139528
1.1179999999999877,0.24491746489069244,-0.07378717682100078,1.6618593995272872,0.24089753526951235,-0.0730729833318539,1.6609761099930531,0.24089753526951235,-0.0730729833318539,1.6609761099930531,0.0,0.0,0.0,4.462200721031496,0.0743700120171916
1.1189999999999876,0.244866696929798,-0.07378031060761495,1.6618509542086473,0.24089753526951235,-0.0730729833318539,1.6609761099930531,0.24089753526951235,-0.0730729833318539,1.6609761099930531,0.0,0.0,0.0,4.461990862129655,0.07436651436882759
1.1199999999999875,0.24481618746231934,-0.07377332018215921,1.661842368330937,0.24089753526951235,-0.0730729833318539,1.6609761099930531,0.24089753526951235,-0.0730729833318539,1.6609761099930531,0.0,0.0,0.0,4.461787308557057,0.0743631218092843
1.1209999999999873,0.24476593764570448,-0.07376620898056829,1.6618336461355705,0.24089753526951235,-0.0730729833318539,1.6609761099930531,0.24089753526951235,-0.0730729833318539,1.6609761099930531,0.0,0.0,0.0,4.461589772957487,0.07435982954929146
1.1219999999999872,0.24471594860325852,-0.0737589804121973,1.6618247918178413,0.24089753526951235,-0.0730729833318539,1.6609761099930531,0.24089753526951235,-0.0730729833318539,1.6609761099930531,0.0,0.0,0.0,4.4613979876148,0.07435663312691335
1.1229999999999871,0.24466622142494282,-0.07375163785919553,1.6618158095266786,0.24089753526951235,-0.0730729833318539,1.6609761099930531,0.24089753526951235,-0.0730729833318539,1.6609761099930531,0.0,0.0,0.0,4.461211703290976,0.07435352838818293
1.123999999999987,0.24461675716813572,-0.07374418467591222,1.66180670336444,0.24089753526951235,-0.0730729833318539,1.6609761099930531,0.24089753526951235,-0.0730729833318539,1.6609761099930531,0.0,0.0,0.0,4.461030688121448,0.0743505114686908
1.124999999999987,0.24456755685835296,-0.07373662418833712,1.6617974773867508,0.24089753526951235,-0.0730729833318539,1.6609761099930531,0.24089753526951235,-0.0730729833318539,1.6609761099930531,0.0,0.0,0.0,4.4608547265728244,0.07434757877621374
1.1259999999999868,0.24451862148993342,-0.07372895969357278,1.6617881356023747,0.24089753526951235,-0.0730729833318539,1.6609761099930531,0.24089753526951235,-0.0730729833318539,1.6609761099930531,0.0,0.0,0.0,4.460683618454929,0.0743447269742488
1.1269999999999867,0.24446995202668936,-0.07372119445934039,1.6617786819731215,0.24089753526951235,-0.0730729833318539,1.6609761099930531,0.24089753526951235,-0.0730729833318539,1.6609761099930531,0.0,0.0,0.0,4.460517177990809,0.07434195296651348
1.1279999999999866,0.24442154940252508,-0.07371333172351802,1.6617691204137874,0.24089753526951235,-0.0730729833318539,1.6609761099930531,0.24089753526951235,-0.0730729833318539,1.6609761099930531,0.0,0.0,0.0,4.46035523293939,0.07433925388232317
1.1289999999999865,0.24437341452202324,-0.07370537469370468,1.661759454792121,0.24089753526951235,-0.0730729833318539,1.6609761099930531,0.24089753526951235,-0.0730729833318539,1.6609761099930531,0.0,0.0,0.0,4.460197623769928,0.07433662706283213
1.1299999999999863,0.24432554826100356,-0.0736973265468201,1.6617496889288244,0.24089753526951235,-0.0730729833318539,1.6609761099930531,0.24089753526951235,-0.0730729833318539,1.6609761099930531,0.0,0.0,0.0,4.460044202886705,0.07433407004811174
1.1309999999999862,0.2442779514670523,-0.07368919042872925,1.6617398265975707,0.24089753526951235,-0.0730729833318539,1.6609761099930531,0.24089753526951235,-0.0730729833318539,1.6609761099930531,0.0,0.0,0.0,4.459894833900318,0.0743315805650053
1.1319999999999861,0.24423062496002593,-0.07368096945389667,1.6617298715250517,0.24089753526951235,-0.0730729833318539,1.6609761099930531,0.24089753526951235,-0.0730729833318539,1.6609761099930531,0.0,0.0,0.0,4.459749390943731,0.07432915651572886
1.132999999999986,0.24418356953253084,-0.07367266670506814,1.6617198273910458,0.24089753526951235,-0.0730729833318539,1.6609761099930531,0.24089753526951235,-0.0730729833318539,1.6609761099930531,0.0,0.0,0.0,4.459607758031211,0.07432679596718686
1.133999999999986,0.24413678595037633,-0.0736642852329786,1.6617096978285033,0.24089753526951235,-0.0730729833318539,1.6609761099930531,0.24089753526951235,-0.0730729833318539,1.6609761099930531,0.0,0.0,0.0,4.459469828456042,0.07432449714093403
1.1349999999999858,0.24409027495300917,-0.07365582805608534,1.6616994864236543,0.24089753526951235,-0.0730729833318539,1.6609761099930531,0.24089753526951235,-0.0730729833318539,1.6609761099930531,0.0,0.0,0.0,4.459335504226113,0.07432225840376855
1.1359999999999857,0.24404403725392154,-0.07364729816032592,1.6616891967161254,0.24089753526951235,-0.0730729833318539,1.6609761099930531,0.24089753526951235,-0.0730729833318539,1.6609761099930531,0.0,0.0,0.0,4.45920469553335,0.07432007825888916
1.1369999999999856,0.243998073541045,-0.07363869849890063,1.6616788321990832,0.24089753526951235,-0.0730729833318539,1.6609761099930531,0.24089753526951235,-0.0730729833318539,1.6609761099930531,0.0,0.0,0.0,4.459077320257153,0.07431795533761922
1.1379999999999855,0.2439523844771182,-0.07363003199207775,1.6616683963193801,0.24089753526951235,-0.0730729833318539,1.6609761099930531,0.24089753526951235,-0.0730729833318539,1.6609761099930531,0.0,0.0,0.0,4.45895330349539,0.07431588839158983
1.1389999999999854,0.2439069707000422,-0.07362130152701947,1.6616578924777223,0.24089753526951235,-0.0730729833318539,1.6609761099930531,0.24089753526951235,-0.0730729833318539,1.6609761099930531,0.0,0.0,0.0,4.458832577124816,0.0743138762854136
1.1399999999999852,0.24386183282321575,-0.07361250995763179,1.661647324028845,0.24089753526951235,-0.0730729833318539,1.6609761099930531,0.24089753526951235,-0.0730729833318539,1.6609761099930531,0.0,0.0,0.0,4.458715079385917,0.07431191798976529
1.1409999999999851,0.24381697143585426,-0.07360366010443234,1.6616366942816991,0.24089753526951235,-0.0730729833318539,1.6609761099930531,0.24089753526951235,-0.0730729833318539,1.6609761099930531,0.0,0.0,0.0,4.458600754492388,0.07431001257487314
1.141999999999985,0.24377238710329352,-0.07359475475443865,1.6616260064996475,0.24089753526951235,-0.0730729833318539,1.6609761099930531,0.24089753526951235,-0.0730729833318539,1.6609761099930531,0.0,0.0,0.0,4.458489552261474,0.0743081592043579
1.142999999999985,0.2437280803672805,-0.07358579666107534,1.6616152639006745,0.24089753526951235,-0.0730729833318539,1.6609761099930531,0.24089753526951235,-0.0730729833318539,1.6609761099930531,0.0,0.0,0.0,4.4583814277653895,0.07430635712942316
1.1439999999999848,0.24368405174624672,-0.0735767885440997,1.6616044696576004,0.24089753526951235,-0.0730729833318539,1.6609761099930531,0.24089753526951235,-0.0730729833318539,1.6609761099930531,0.0,0.0,0.0,4.458276341000374,0.07430460568333958
1.1449999999999847,0.24364030173557283,-0.07356773308954265,1.6615936268983056,0.24089753526951235,-0.0730729833318539,1.6609761099930531,0.24089753526951235,-0.0730729833318539,1.6609761099930531,0.0,0.0,0.0,4.458174256573564,0.07430290427622606
1.1459999999999846,0.24359683080783873,-0.07355863294966655,1.66158273870596,0.24089753526951235,-0.0730729833318539,1.6609761099930531,0.24089753526951235,-0.0730729833318539,1.6609761099930531,0.0,0.0,0.0,4.4580751434060195,0.07430125239010033
1.1469999999999845,0.24355363941306207,-0.07354949074294118,1.6615718081192656,0.24089753526951235,-0.0730729833318539,1.6609761099930531,0.24089753526951235,-0.0730729833318539,1.6609761099930531,0.0,0.0,0.0,4.457978974450842,0.0742996495741807
1.1479999999999844,0.243510727978927,-0.07354030905403053,1.661560838132698,0.24089753526951235,-0.0730729833318539,1.6609761099930531,0.24089753526951235,-0.0730729833318539,1.6609761099930531,0.0,0.0,0.0,4.457885726424723,0.07429809544041205
1.1489999999999843,0.24346809691100313,-0.07353109043379658,1.6615498316967616,0.24089753526951235,-0.0730729833318539,1.6609761099930531,0.24089753526951235,-0.0730729833318539,1.6609761099930531,0.0,0.0,0.0,4.4577953795534535,0.07429658965922423
1.1499999999999841,0.24342574659295424,-0.07352183739931523,1.661538791718244,0.24089753526951235,-0.0730729833318539,1.6609761099930531,0.24089753526951235,-0.0730729833318539,1.6609761099930531,0.0,0.0,0.0,4.457707917329505,0.07429513195549174
1.150999999999984,0.24338367738673752,-0.07351255243390632,1.661527721060482,0.24089753526951235,-0.0730729833318539,1.6609761099930531,0.24089753526951235,-0.0730729833318539,1.6609761099930531,0.0,0.0,0.0,4.457623326281727,0.07429372210469545
1.151999999999984,0.2433418896327972,-0.07350323798717405,1.661516622543628,0.24089753526951235,-0.0730729833318539,1.6609761099930531,0.24089753526951235,-0.0730729833318539,1.6609761099930531,0.0,0.0,0.0,4.457541595755985,0.07429235992926642
1.1529999999999838,0.24330038365024792,-0.07349389647506097,1.661505498944924,0.24089753526951235,-0.0730729833318539,1.6609761099930531,0.24089753526951235,-0.0730729833318539,1.6609761099930531,0.0,0.0,0.0,4.457462717707363,0.07429104529512272
1.1539999999999837,0.24325915973705253,-0.07348453027991152,1.6614943529989816,0.24089753526951235,-0.0730729833318539,1.6609761099930531,0.24089753526951235,-0.0730729833318539,1.6609761099930531,0.0,0.0,0.0,4.457386686501742,0.07428977810836238
1.1549999999999836,0.24321821817019287,-0.07347514175054726,1.6614831873980602,0.24089753526951235,-0.0730729833318539,1.6609761099930531,0.24089753526951235,-0.0730729833318539,1.6609761099930531,0.0,0.0,0.0,4.457313498727931,0.07428855831213219
1.1559999999999835,0.24317755920583378,-0.07346573320235084,1.6614720047923577,0.24089753526951235,-0.0730729833318539,1.6609761099930531,0.24089753526951235,-0.0730729833318539,1.6609761099930531,0.0,0.0,0.0,4.457243153020053,0.07428738588366754
1.1569999999999834,0.2431371830794829,-0.07345630691736185,1.6614608077902941,0.24089753526951235,-0.0730729833318539,1.6609761099930531,0.24089753526951235,-0.0730729833318539,1.6609761099930531,0.0,0.0,0.0,4.4571756498869854,0.07428626083144976
1.1579999999999833,0.24309709000614355,-0.0734468651443787,1.6614495989588134,0.24089753526951235,-0.0730729833318539,1.6609761099930531,0.24089753526951235,-0.0730729833318539,1.6609761099930531,0.0,0.0,0.0,4.457110991554143,0.07428518319256905
1.1589999999999832,0.24305728018046427,-0.073437410099071,1.6614383808236717,0.24089753526951235,-0.0730729833318539,1.6609761099930531,0.24089753526951235,-0.0730729833318539,1.6609761099930531,0.0,0.0,0.0,4.4570491818098885,0.0742841530301648
1.159999999999983,0.24301775377688253,-0.0734279439641006,1.6614271558697418,0.24089753526951235,-0.0730729833318539,1.6609761099930531,0.24089753526951235,-0.0730729833318539,1.6609761099930531,0.0,0.0,0.0,4.456990225864085,0.07428317043106808
1.160999999999983,0.2429785109497653,-0.0734184688892486,1.661415926541313,0.24089753526951235,-0.0730729833318539,1.6609761099930531,0.24089753526951235,-0.0730729833318539,1.6609761099930531,0.0,0.0,0.0,4.456934130211529,0.07428223550352549
1.1619999999999828,0.24293955183354551,-0.07340898699155163,1.6614046952423966,0.24089753526951235,-0.0730729833318539,1.6609761099930531,0.24089753526951235,-0.0730729833318539,1.6609761099930531,0.0,0.0,0.0,4.4568809025053975,0.07428134837508996
1.1629999999999827,0.2429008765428547,-0.07339950035544443,1.6613934643370287,0.24089753526951235,-0.0730729833318539,1.6609761099930531,0.24089753526951235,-0.0730729833318539,1.6609761099930531,0.0,0.0,0.0,4.4568305514360675,0.07428050919060113
1.1639999999999826,0.24286248517265263,-0.07339001103290799,1.6613822361495845,0.24089753526951235,-0.0730729833318539,1.6609761099930531,0.24089753526951235,-0.0730729833318539,1.6609761099930531,0.0,0.0,0.0,4.456783086619163,0.07427971811031939
1.1649999999999825,0.24282437779835525,-0.07338052104362706,1.6613710129650814,0.24089753526951235,-0.0730729833318539,1.6609761099930531,0.24089753526951235,-0.0730729833318539,1.6609761099930531,0.0,0.0,0.0,4.456738518487852,0.07427897530813087
1.1659999999999824,0.24278655447595757,-0.07337103237515036,1.6613597970294964,0.24089753526951235,-0.0730729833318539,1.6609761099930531,0.24089753526951235,-0.0730729833318539,1.6609761099930531,0.0,0.0,0.0,4.456696858194299,0.07427828096990498
1.1669999999999823,0.24274901524215498,-0.07336154698305802,1.6613485905500733,0.24089753526951235,-0.0730729833318539,1.6609761099930531,0.24089753526951235,-0.0730729833318539,1.6609761099930531,0.0,0.0,0.0,4.4566581175143485,0.07427763529190581
1.1679999999999822,0.2427117601144651,-0.07335206679113629,1.6613373956956403,0.24089753526951235,-0.0730729833318539,1.6609761099930531,0.24089753526951235,-0.0730729833318539,1.6609761099930531,0.0,0.0,0.0,4.456622308760789,0.07427703847934648
1.168999999999982,0.24267478909134388,-0.07334259369155288,1.6613262145969216,0.24089753526951235,-0.0730729833318539,1.6609761099930531,0.24089753526951235,-0.0730729833318539,1.6609761099930531,0.0,0.0,0.0,4.456589444700182,0.07427649074500303
1.169999999999982,0.2426381021523008,-0.07333312954504172,1.6613150493468538,0.24089753526951235,-0.0730729833318539,1.6609761099930531,0.24089753526951235,-0.0730729833318539,1.6609761099930531,0.0,0.0,0.0,4.456559538475571,0.07427599230792618
1.1709999999999818,0.24260169925801506,-0.07332367618108974,1.661303902000902,0.24089753526951235,-0.0730729833318539,1.6609761099930531,0.24089753526951235,-0.0730729833318539,1.6609761099930531,0.0,0.0,0.0,4.456532603534166,0.0742755433922361
1.1719999999999817,0.24256558035044784,-0.0733142353981292,1.6612927745773745,0.24089753526951235,-0.0730729833318539,1.6609761099930531,0.24089753526951235,-0.0730729833318539,1.6609761099930531,0.0,0.0,0.0,4.456508653559457,0.07427514422599095
1.1729999999999816,0.24252974535295269,-0.07330480896373232,1.661281669057739,0.24089753526951235,-0.0730729833318539,1.6609761099930531,0.24089753526951235,-0.0730729833318539,1.6609761099930531,0.0,0.0,0.0,4.456487702407617,0.07427479504012695
1.1739999999999815,0.24249419417039028,-0.07329539861481343,1.6612705873869418,0.24089753526951235,-0.0730729833318539,1.6609761099930531,0.24089753526951235,-0.0730729833318539,1.6609761099930531,0.0,0.0,0.0,4.456469764048035,0.07427449606746725
1.1749999999999814,0.2424589266892328,-0.07328600605782966,1.6612595314737193,0.24089753526951235,-0.0730729833318539,1.6609761099930531,0.24089753526951235,-0.0730729833318539,1.6609761099930531,0.0,0.0,0.0,4.456454852507728,0.07427424754179547
1.1759999999999813,0.2424239427776787,-0.07327663296898951,1.6612485031909197,0.24089753526951235,-0.0730729833318539,1.6609761099930531,0.24089753526951235,-0.0730729833318539,1.6609761099930531,0.0,0.0,0.0,4.456442981819544,0.0742740496969924
1.1769999999999812,0.24238924228575742,-0.07326728099446148,1.6612375043758147,0.24089753526951235,-0.0730729833318539,1.6609761099930531,0.24089753526951235,-0.0730729833318539,1.6609761099930531,0.0,0.0,0.0,4.456434165972493,0.07427390276620822
1.177999999999981,0.2423548250454396,-0.07325795175058926,1.6612265368304184,0.24089753526951235,-0.0730729833318539,1.6609761099930531,0.24089753526951235,-0.0730729833318539,1.6609761099930531,0.0,0.0,0.0,4.45642841886726,0.074273806981121
1.178999999999981,0.24232069087074495,-0.07324864682410442,1.6612156023218028,0.24089753526951235,-0.0730729833318539,1.6609761099930531,0.24089753526951235,-0.0730729833318539,1.6609761099930531,0.0,0.0,0.0,4.456425754272546,0.0742737625712091
1.1799999999999808,0.24228683955784894,-0.07323936777234637,1.66120470258241,0.24089753526951235,-0.0730729833318539,1.6609761099930531,0.24089753526951235,-0.0730729833318539,1.6609761099930531,0.0,0.0,0.0,4.4564261857856025,0.07427376976309337
1.1809999999999807,0.24225327088519233,-0.07323011612348365,1.6611938393103725,0.24089753526951235,-0.0730729833318539,1.6609761099930531,0.24089753526951235,-0.0730729833318539,1.6609761099930531,0.0,0.0,0.0,4.45642972679474,0.07427382877991233
1.1819999999999806,0.2422199846135863,-0.07322089337673372,1.6611830141698212,0.24089753526951235,-0.0730729833318539,1.6609761099930531,0.24089753526951235,-0.0730729833318539,1.6609761099930531,0.0,0.0,0.0,4.4564363904442015,0.07427393984073669
1.1829999999999805,0.24218698048632326,-0.07321170100259164,1.6611722287912052,0.24089753526951235,-0.0730729833318539,1.6609761099930531,0.24089753526951235,-0.0730729833318539,1.6609761099930531,0.0,0.0,0.0,4.45644618960178,0.07427410316002966
1.1839999999999804,0.2421542582292825,-0.07320254044305391,1.6611614847716003,0.24089753526951235,-0.0730729833318539,1.6609761099930531,0.24089753526951235,-0.0730729833318539,1.6609761099930531,0.0,0.0,0.0,4.4564591368277515,0.07427431894712919
1.1849999999999803,0.2421218175510397,-0.07319341311184756,1.6611507836750246,0.24089753526951235,-0.0730729833318539,1.6609761099930531,0.24089753526951235,-0.0730729833318539,1.6609761099930531,0.0,0.0,0.0,4.456475244346824,0.0742745874057804
1.1859999999999802,0.24208965814297556,-0.07318432039466055,1.661140127032748,0.24089753526951235,-0.0730729833318539,1.6609761099930531,0.24089753526951235,-0.0730729833318539,1.6609761099930531,0.0,0.0,0.0,4.456494524021133,0.07427490873368556
1.18699999999998,0.2420577796793847,-0.07317526364937237,1.6611295163436053,0.24089753526951235,-0.0730729833318539,1.6609761099930531,0.24089753526951235,-0.0730729833318539,1.6609761099930531,0.0,0.0,0.0,4.456516987326116,0.07427528312210192
1.18799999999998,0.24202618181758567,-0.07316624420628577,1.6611189530743065,0.24089753526951235,-0.0730729833318539,1.6609761099930531,0.24089753526951235,-0.0730729833318539,1.6609761099930531,0.0,0.0,0.0,4.456542645326383,0.07427571075543972
1.1889999999999799,0.24199486419803137,-0.07315726336836287,1.6611084386597443,0.24089753526951235,-0.0730729833318539,1.6609761099930531,0.24089753526951235,-0.0730729833318539,1.6609761099930531,0.0,0.0,0.0,4.4565715086552675,0.07427619181092113
1.1899999999999797,0.24196382644441916,-0.0731483224114563,1.6610979745033057,0.24089753526951235,-0.0730729833318539,1.6609761099930531,0.24089753526951235,-0.0730729833318539,1.6609761099930531,0.0,0.0,0.0,4.456603587494301,0.07427672645823834
1.1909999999999796,0.2419330681638039,-0.0731394225845467,1.6610875619771777,0.24089753526951235,-0.0730729833318539,1.6609761099930531,0.24089753526951235,-0.0730729833318539,1.6609761099930531,0.0,0.0,0.0,4.456638891555058,0.07427731485925097
1.1919999999999795,0.24190258894670785,-0.07313056510997885,1.6610772024226552,0.24089753526951235,-0.0730729833318539,1.6609761099930531,0.24089753526951235,-0.0730729833318539,1.6609761099930531,0.0,0.0,0.0,4.456677430062387,0.07427795716770644
1.1929999999999794,0.2418723883672375,-0.07312175118369708,1.661066897150448,0.24089753526951235,-0.0730729833318539,1.6609761099930531,0.24089753526951235,-0.0730729833318539,1.6609761099930531,0.0,0.0,0.0,4.456719211738274,0.07427865352897123
1.1939999999999793,0.24184246598319434,-0.07311298197548317,1.6610566474409838,0.24089753526951235,-0.0730729833318539,1.6609761099930531,0.24089753526951235,-0.0730729833318539,1.6609761099930531,0.0,0.0,0.0,4.456764244787796,0.0742794040797966
1.1949999999999792,0.2418128213361908,-0.07310425862919377,1.6610464545447137,0.24089753526951235,-0.0730729833318539,1.6609761099930531,0.24089753526951235,-0.0730729833318539,1.6609761099930531,0.0,0.0,0.0,4.456812536886491,0.07428020894810819
1.195999999999979,0.24178345395176654,-0.07309558226299813,1.6610363196824172,0.24089753526951235,-0.0730729833318539,1.6609761099930531,0.24089753526951235,-0.0730729833318539,1.6609761099930531,0.0,0.0,0.0,4.456864095167489,0.07428106825279149
1.196999999999979,0.24175436333950373,-0.0730869539696169,1.6610262440454997,0.24089753526951235,-0.0730729833318539,1.6609761099930531,0.24089753526951235,-0.0730729833318539,1.6609761099930531,0.0,0.0,0.0,4.456918926211201,0.07428198210352002
1.1979999999999789,0.24172554899314602,-0.073078374816559,1.6610162287962988,0.24089753526951235,-0.0730729833318539,1.6609761099930531,0.24089753526951235,-0.0730729833318539,1.6609761099930531,0.0,0.0,0.0,4.4569770360358945,0.07428295060059824
1.1989999999999787,0.24169701039071612,-0.07306984584636134,1.6610062750683812,0.24089753526951235,-0.0730729833318539,1.6609761099930531,0.24089753526951235,-0.0730729833318539,1.6609761099930531,0.0,0.0,0.0,4.457038430088226,0.07428397383480377
1.1999999999999786,0.24166874699463534,-0.0730613680768255,1.6609963839668413,0.24089753526951235,-0.0730729833318539,1.6609761099930531,0.24089753526951235,-0.0730729833318539,1.6609761099930531,0.0,0.0,0.0,4.457103113236234,0.07428505188727057
1.2009999999999785,0.24164075825184406,-0.07305294250125689,1.6609865565686008,0.24089753526951235,-0.0730729833318539,1.6609761099930531,0.24089753526951235,-0.0730729833318539,1.6609761099930531,0.0,0.0,0.0,4.457171089762131,0.07428618482936884
1.2019999999999784,0.24161304359392383,-0.07304457008870212,1.6609767939227056,0.24089753526951235,-0.0730729833318539,1.6609761099930531,0.24089753526951235,-0.0730729833318539,1.6609761099930531,0.0,0.0,0.0,4.4572423633564275,0.07428737272260713
1.2029999999999783,0.24158560243721766,-0.07303625178418709,1.6609670970506187,0.24089753526951235,-0.0730729833318539,1.6609761099930531,0.24089753526951235,-0.0730729833318539,1.6609761099930531,0.0,0.0,0.0,4.457316937112868,0.0742886156185478
1.2039999999999782,0.2415584341829591,-0.07302798850895408,1.6609574669465184,0.24089753526951235,-0.0730729833318539,1.6609761099930531,0.24089753526951235,-0.0730729833318539,1.6609761099930531,0.0,0.0,0.0,4.457394813523988,0.07428991355873313
1.204999999999978,0.24153153821738696,-0.07301978116069846,1.6609479045775857,0.24089753526951235,-0.0730729833318539,1.6609761099930531,0.24089753526951235,-0.0730729833318539,1.6609761099930531,0.0,0.0,0.0,4.457475994477865,0.07429126657463109
1.205999999999978,0.2415049139118799,-0.07301163061380511,1.6609384108843015,0.24089753526951235,-0.0730729833318539,1.6609761099930531,0.24089753526951235,-0.0730729833318539,1.6609761099930531,0.0,0.0,0.0,4.457560481254747,0.07429267468757912
1.2069999999999779,0.2414785606230785,-0.0730035377195859,1.6609289867807366,0.24089753526951235,-0.0730729833318539,1.6609761099930531,0.24089753526951235,-0.0730729833318539,1.6609761099930531,0.0,0.0,0.0,4.457648274525419,0.07429413790875698
1.2079999999999778,0.24145247769301337,-0.0729955033065137,1.6609196331548377,0.24089753526951235,-0.0730729833318539,1.6609761099930531,0.24089753526951235,-0.0730729833318539,1.6609761099930531,0.0,0.0,0.0,4.457739374348911,0.07429565623914852
1.2089999999999776,0.2414266644492334,-0.072987528180458,1.6609103508687184,0.24089753526951235,-0.0730729833318539,1.6609761099930531,0.24089753526951235,-0.0730729833318539,1.6609761099930531,0.0,0.0,0.0,4.457833780172567,0.07429722966954279
1.2099999999999775,0.24140112020493648,-0.07297961312491934,1.6609011407589436,0.24089753526951235,-0.0730729833318539,1.6609761099930531,0.24089753526951235,-0.0730729833318539,1.6609761099930531,0.0,0.0,0.0,4.457931490830243,0.07429885818050405
1.2109999999999774,0.2413758442590973,-0.07297175890126335,1.6608920036368198,0.24089753526951235,-0.0730729833318539,1.6609761099930531,0.24089753526951235,-0.0730729833318539,1.6609761099930531,0.0,0.0,0.0,4.458032504544325,0.07430054174240541
1.2119999999999773,0.24135083589660108,-0.07296396624895313,1.6608829402886727,0.24089753526951235,-0.0730729833318539,1.6609761099930531,0.24089753526951235,-0.0730729833318539,1.6609761099930531,0.0,0.0,0.0,4.458136818923723,0.07430228031539539
1.2129999999999772,0.2413260943883758,-0.07295623588578308,1.6608739514761353,0.24089753526951235,-0.0730729833318539,1.6609761099930531,0.24089753526951235,-0.0730729833318539,1.6609761099930531,0.0,0.0,0.0,4.458244430967683,0.07430407384946139
1.213999999999977,0.24130161899152325,-0.07294856850810842,1.6608650379364271,0.24089753526951235,-0.0730729833318539,1.6609761099930531,0.24089753526951235,-0.0730729833318539,1.6609761099930531,0.0,0.0,0.0,4.458355337065296,0.0743059222844216
1.214999999999977,0.24127740894945515,-0.072940964791078,1.660856200382634,0.24089753526951235,-0.0730729833318539,1.6609761099930531,0.24089753526951235,-0.0730729833318539,1.6609761099930531,0.0,0.0,0.0,4.458469532998358,0.07430782554997264
1.2159999999999769,0.24125346349202784,-0.07293342538886369,1.660847439503988,0.24089753526951235,-0.0730729833318539,1.6609761099930531,0.24089753526951235,-0.0730729833318539,1.6609761099930531,0.0,0.0,0.0,4.458587013943573,0.07430978356572622
1.2169999999999768,0.24122978183567823,-0.07292595093488936,1.6608387559661444,0.24089753526951235,-0.0730729833318539,1.6609761099930531,0.24089753526951235,-0.0730729833318539,1.6609761099930531,0.0,0.0,0.0,4.4587077744751715,0.07431179624125286
1.2179999999999767,0.2412063631835608,-0.07291854204205969,1.6608301504114578,0.24089753526951235,-0.0730729833318539,1.6609761099930531,0.24089753526951235,-0.0730729833318539,1.6609761099930531,0.0,0.0,0.0,4.458831808567778,0.07431386347612963
1.2189999999999765,0.24118320672568458,-0.07291119930298773,1.6608216234592568,0.24089753526951235,-0.0730729833318539,1.6609761099930531,0.24089753526951235,-0.0730729833318539,1.6609761099930531,0.0,0.0,0.0,4.458959109599872,0.07431598515999788
1.2199999999999764,0.2411603116390525,-0.07290392329022087,1.6608131757061153,0.24089753526951235,-0.0730729833318539,1.6609761099930531,0.24089753526951235,-0.0730729833318539,1.6609761099930531,0.0,0.0,0.0,4.459089670357464,0.07431816117262441
1.2209999999999763,0.24113767708780204,-0.07289671455646837,1.6608048077261315,0.24089753526951235,-0.0730729833318539,1.6609761099930531,0.24089753526951235,-0.0730729833318539,1.6609761099930531,0.0,0.0,0.0,4.4592234830384525,0.07432039138397421
1.2219999999999762,0.2411153022233412,-0.07288957363482321,1.6607965200711854,0.24089753526951235,-0.0730729833318539,1.6609761099930531,0.24089753526951235,-0.0730729833318539,1.6609761099930531,0.0,0.0,0.0,4.45936053925545,0.0743226756542575
1.222999999999976,0.24109318618449552,-0.07288250103898898,1.6607883132712224,0.24089753526951235,-0.0730729833318539,1.6609761099930531,0.24089753526951235,-0.0730729833318539,1.6609761099930531,0.0,0.0,0.0,4.459500830042484,0.0743250138340414
1.223999999999976,0.24107132809764384,-0.07287549726350045,1.660780187834508,0.24089753526951235,-0.0730729833318539,1.6609761099930531,0.24089753526951235,-0.0730729833318539,1.6609761099930531,0.0,0.0,0.0,4.459644345857278,0.07432740576428797
1.2249999999999759,0.241049727076867,-0.07286856278394727,1.6607721442479058,0.24089753526951235,-0.0730729833318539,1.6609761099930531,0.24089753526951235,-0.0730729833318539,1.6609761099930531,0.0,0.0,0.0,4.45979107658852,0.07432985127647533
1.2259999999999758,0.24102838222408446,-0.07286169805719331,1.6607641829771314,0.24089753526951235,-0.0730729833318539,1.6609761099930531,0.24089753526951235,-0.0730729833318539,1.6609761099930531,0.0,0.0,0.0,4.459941011558845,0.07433235019264742
1.2269999999999757,0.24100729262920334,-0.0728549035215974,1.6607563044670208,0.24089753526951235,-0.0730729833318539,1.6609761099930531,0.24089753526951235,-0.0730729833318539,1.6609761099930531,0.0,0.0,0.0,4.460094139531951,0.07433490232553251
1.2279999999999756,0.2409864573702622,-0.0728481795972324,1.660748509141797,0.24089753526951235,-0.0730729833318539,1.6609761099930531,0.24089753526951235,-0.0730729833318539,1.6609761099930531,0.0,0.0,0.0,4.460250448717379,0.07433750747862299
1.2289999999999754,0.2409658755135737,-0.07284152668610219,1.6607407974053192,0.24089753526951235,-0.0730729833318539,1.6609761099930531,0.24089753526951235,-0.0730729833318539,1.6609761099930531,0.0,0.0,0.0,4.460409926775729,0.07434016544626215
1.2299999999999753,0.24094554611387342,-0.07283494517235903,1.6607331696413496,0.24089753526951235,-0.0730729833318539,1.6609761099930531,0.24089753526951235,-0.0730729833318539,1.6609761099930531,0.0,0.0,0.0,4.460572560826173,0.07434287601376956
1.2309999999999752,0.24092546821446398,-0.07282843542251885,1.6607256262138095,0.24089753526951235,-0.0730729833318539,1.6609761099930531,0.24089753526951235,-0.0730729833318539,1.6609761099930531,0.0,0.0,0.0,4.460738337451127,0.07434563895751878
1.2319999999999751,0.24090564084736588,-0.07282199778567705,1.660718167467036,0.24089753526951235,-0.0730729833318539,1.6609761099930531,0.24089753526951235,-0.0730729833318539,1.6609761099930531,0.0,0.0,0.0,4.460907242702712,0.0743484540450452
1.232999999999975,0.2408860630334599,-0.07281563259371997,1.6607107937260304,0.24089753526951235,-0.0730729833318539,1.6609761099930531,0.24089753526951235,-0.0730729833318539,1.6609761099930531,0.0,0.0,0.0,4.461079262109112,0.07435132103515187
1.233999999999975,0.2408667337826403,-0.07280934016153982,1.6607035052967205,0.24089753526951235,-0.0730729833318539,1.6609761099930531,0.24089753526951235,-0.0730729833318539,1.6609761099930531,0.0,0.0,0.0,4.461254380682268,0.07435423967803781
1.2349999999999748,0.24084765209395984,-0.07280312078724363,1.6606963024662056,0.24089753526951235,-0.0730729833318539,1.6609761099930531,0.24089753526951235,-0.0730729833318539,1.6609761099930531,0.0,0.0,0.0,4.461432582922794,0.0743572097153799
1.2359999999999747,0.2408288169557815,-0.07279697475236616,1.6606891855030066,0.24089753526951235,-0.0730729833318539,1.6609761099930531,0.24089753526951235,-0.0730729833318539,1.6609761099930531,0.0,0.0,0.0,4.461613852827518,0.07436023088045864
1.2369999999999746,0.2408102273459266,-0.0727909023220764,1.6606821546573176,0.24089753526951235,-0.0730729833318539,1.6609761099930531,0.24089753526951235,-0.0730729833318539,1.6609761099930531,0.0,0.0,0.0,4.461798173896952,0.07436330289828254
1.2379999999999745,0.2407918822318254,-0.07278490374538774,1.660675210161252,0.24089753526951235,-0.0730729833318539,1.6609761099930531,0.24089753526951235,-0.0730729833318539,1.6609761099930531,0.0,0.0,0.0,4.461985529140846,0.07436642548568077
1.2389999999999743,0.24077378057066667,-0.0727789792553635,1.660668352229083,0.24089753526951235,-0.0730729833318539,1.6609761099930531,0.24089753526951235,-0.0730729833318539,1.6609761099930531,0.0,0.0,0.0,4.462175901086413,0.07436959835144022
1.2399999999999742,0.24075592130955126,-0.07277312906932423,1.6606615810574963,0.24089753526951235,-0.0730729833318539,1.6609761099930531,0.24089753526951235,-0.0730729833318539,1.6609761099930531,0.0,0.0,0.0,4.462369271785725,0.07437282119642875
1.2409999999999741,0.24073830338564062,-0.07276735338905145,1.6606548968258266,0.24089753526951235,-0.0730729833318539,1.6609761099930531,0.24089753526951235,-0.0730729833318539,1.6609761099930531,0.0,0.0,0.0,4.462565622821598,0.0743760937136933
1.241999999999974,0.24072092572630785,-0.07276165240099022,1.6606482996962961,0.24089753526951235,-0.0730729833318539,1.6609761099930531,0.24089753526951235,-0.0730729833318539,1.6609761099930531,0.0,0.0,0.0,4.462764935315779,0.07437941558859631
1.242999999999974,0.24070378724929326,-0.07275602627645433,1.6606417898142634,0.24089753526951235,-0.0730729833318539,1.6609761099930531,0.24089753526951235,-0.0730729833318539,1.6609761099930531,0.0,0.0,0.0,4.462967189936909,0.07438278649894849
1.2439999999999738,0.24068688686285222,-0.07275047517182508,1.6606353673084486,0.24089753526951235,-0.0730729833318539,1.6609761099930531,0.24089753526951235,-0.0730729833318539,1.6609761099930531,0.0,0.0,0.0,4.4631723669065515,0.0743862061151092
1.2449999999999737,0.2406702234659106,-0.07274499922875285,1.660629032291182,0.24089753526951235,-0.0730729833318539,1.6609761099930531,0.24089753526951235,-0.0730729833318539,1.6609761099930531,0.0,0.0,0.0,4.463380446008382,0.0743896741001397
1.2459999999999736,0.24065379594821545,-0.07273959857435534,1.6606227848586304,0.24089753526951235,-0.0730729833318539,1.6609761099930531,0.24089753526951235,-0.0730729833318539,1.6609761099930531,0.0,0.0,0.0,4.463591406593953,0.07439319010989923
1.2469999999999735,0.2406376031904886,-0.07273427332141547,1.6606166250910317,0.24089753526951235,-0.0730729833318539,1.6609761099930531,0.24089753526951235,-0.0730729833318539,1.6609761099930531,0.0,0.0,0.0,4.463805227591697,0.07439675379319495
1.2479999999999734,0.24062164406458048,-0.07272902356857917,1.6606105530529307,0.24089753526951235,-0.0730729833318539,1.6609761099930531,0.24089753526951235,-0.0730729833318539,1.6609761099930531,0.0,0.0,0.0,4.4640218875143765,0.07440036479190627
1.2489999999999732,0.24060591743362086,-0.07272384940054935,1.6606045687934035,0.24089753526951235,-0.0730729833318539,1.6609761099930531,0.24089753526951235,-0.0730729833318539,1.6609761099930531,0.0,0.0,0.0,4.464241364466127,0.07440402274110211
1.2499999999999731,0.2405904221521744,-0.07271875088828195,1.66059867234629,0.24089753526951235,-0.0730729833318539,1.6609761099930531,0.24089753526951235,-0.0730729833318539,1.6609761099930531,0.0,0.0,0.0,4.464463636150889,0.07440772726918148
1.250999999999973,0.2405751570663947,-0.07271372808917749,1.6605928637304208,0.24089753526951235,-0.0730729833318539,1.6609761099930531,0.24089753526951235,-0.0730729833318539,1.6609761099930531,0.0,0.0,0.0,4.464688679879711,0.07441147799799519
1.251999999999973,0.240560121014174,-0.07270878104727435,1.660587142949842,0.24089753526951235,-0.0730729833318539,1.6609761099930531,0.24089753526951235,-0.0730729833318539,1.6609761099930531,0.0,0.0,0.0,4.464916472579049,0.07441527454298416
1.2529999999999728,0.24054531282529953,-0.07270390979343991,1.6605815099940344,0.24089753526951235,-0.0730729833318539,1.6609761099930531,0.24089753526951235,-0.0730729833318539,1.6609761099930531,0.0,0.0,0.0,4.4651469907976375,0.07441911651329396
1.2539999999999727,0.24053073132160796,-0.07269911434555865,1.6605759648381462,0.24089753526951235,-0.0730729833318539,1.6609761099930531,0.24089753526951235,-0.0730729833318539,1.6609761099930531,0.0,0.0,0.0,4.465380210716011,0.07442300351193352
1.2549999999999726,0.24051637531713493,-0.07269439470872244,1.660570507443203,0.24089753526951235,-0.0730729833318539,1.6609761099930531,0.24089753526951235,-0.0730729833318539,1.6609761099930531,0.0,0.0,0.0,4.465616108152133,0.07442693513586889
1.2559999999999725,0.24050224361827316,-0.0726897508754178,1.6605651377563353,0.24089753526951235,-0.0730729833318539,1.6609761099930531,0.24089753526951235,-0.0730729833318539,1.6609761099930531,0.0,0.0,0.0,4.4658546585711045,0.07443091097618508
1.2569999999999724,0.24048833502392394,-0.07268518282571086,1.6605598557109909,0.24089753526951235,-0.0730729833318539,1.6609761099930531,0.24089753526951235,-0.0730729833318539,1.6609761099930531,0.0,0.0,0.0,4.466095837092047,0.07443493061820079
1.2579999999999723,0.24047464832564913,-0.07268069052743442,1.6605546612271538,0.24089753526951235,-0.0730729833318539,1.6609761099930531,0.24089753526951235,-0.0730729833318539,1.6609761099930531,0.0,0.0,0.0,4.4663396184967015,0.07443899364161169
1.2589999999999721,0.24046118230782637,-0.07267627393636915,1.6605495542115576,0.24089753526951235,-0.0730729833318539,1.6609761099930531,0.24089753526951235,-0.0730729833318539,1.6609761099930531,0.0,0.0,0.0,4.4665859772362255,0.07444309962060376
1.259999999999972,0.2404479357478021,-0.0726719329964301,1.6605445345578989,0.24089753526951235,-0.0730729833318539,1.6609761099930531,0.24089753526951235,-0.0730729833318539,1.6609761099930531,0.0,0.0,0.0,4.466834887440065,0.07444724812400108
1.260999999999972,0.2404349074160445,-0.07266766763984449,1.6605396021470498,0.24089753526951235,-0.0730729833318539,1.6609761099930531,0.24089753526951235,-0.0730729833318539,1.6609761099930531,0.0,0.0,0.0,4.467086322923482,0.07445143871539137
1.2619999999999718,0.2404220960762956,-0.07266347778733455,1.6605347568472657,0.24089753526951235,-0.0730729833318539,1.6609761099930531,0.24089753526951235,-0.0730729833318539,1.6609761099930531,0.0,0.0,0.0,4.467340257195186,0.0744556709532531
1.2629999999999717,0.24040950048572476,-0.0726593633482956,1.6605299985143953,0.24089753526951235,-0.0730729833318539,1.6609761099930531,0.24089753526951235,-0.0730729833318539,1.6609761099930531,0.0,0.0,0.0,4.467596663465486,0.07445994439109142
1.2639999999999716,0.2403971193950823,-0.07265532422097506,1.6605253269920865,0.24089753526951235,-0.0730729833318539,1.6609761099930531,0.24089753526951235,-0.0730729833318539,1.6609761099930531,0.0,0.0,0.0,4.46785551465389,0.07446425857756483
1.2649999999999715,0.24038495154884953,-0.07265136029264789,1.6605207421119945,0.24089753526951235,-0.0730729833318539,1.6609761099930531,0.24089753526951235,-0.0730729833318539,1.6609761099930531,0.0,0.0,0.0,4.468116783397232,0.07446861305662053
1.2659999999999714,0.24037299568539214,-0.07264747143979428,1.6605162436939798,0.24089753526951235,-0.0730729833318539,1.6609761099930531,0.24089753526951235,-0.0730729833318539,1.6609761099930531,0.0,0.0,0.0,4.4683804420567474,0.07447300736761246
1.2669999999999713,0.24036125053711294,-0.07264365752827216,1.6605118315463159,0.24089753526951235,-0.0730729833318539,1.6609761099930531,0.24089753526951235,-0.0730729833318539,1.6609761099930531,0.0,0.0,0.0,4.468646462727206,0.07447744104545342
1.2679999999999712,0.24034971483060136,-0.07263991841349186,1.6605075054658867,0.24089753526951235,-0.0730729833318539,1.6609761099930531,0.24089753526951235,-0.0730729833318539,1.6609761099930531,0.0,0.0,0.0,4.468914817243287,0.07448191362072146
1.268999999999971,0.2403383872867863,-0.07263625394058795,1.6605032652383893,0.24089753526951235,-0.0730729833318539,1.6609761099930531,0.24089753526951235,-0.0730729833318539,1.6609761099930531,0.0,0.0,0.0,4.469185477187832,0.0744864246197972
1.269999999999971,0.2403272666210869,-0.07263266394458984,1.6604991106385243,0.24089753526951235,-0.0730729833318539,1.6609761099930531,0.24089753526951235,-0.0730729833318539,1.6609761099930531,0.0,0.0,0.0,4.469458413899429,0.07449097356499049
1.2709999999999708,0.24031635154356243,-0.07262914825059234,1.6604950414302009,0.24089753526951235,-0.0730729833318539,1.6609761099930531,0.24089753526951235,-0.0730729833318539,1.6609761099930531,0.0,0.0,0.0,4.469733598481261,0.07449555997468768
1.2719999999999707,0.24030564075906286,-0.07262570667392342,1.660491057366724,0.24089753526951235,-0.0730729833318539,1.6609761099930531,0.24089753526951235,-0.0730729833318539,1.6609761099930531,0.0,0.0,0.0,4.470011001806555,0.0745001833634426
1.2729999999999706,0.2402951329673788,-0.07262233902031248,1.6604871581909908,0.24089753526951235,-0.0730729833318539,1.6609761099930531,0.24089753526951235,-0.0730729833318539,1.6609761099930531,0.0,0.0,0.0,4.470290594527912,0.07450484324213186
1.2739999999999705,0.24028482686339148,-0.07261904508605616,1.660483343635681,0.24089753526951235,-0.0730729833318539,1.6609761099930531,0.24089753526951235,-0.0730729833318539,1.6609761099930531,0.0,0.0,0.0,4.470572347084354,0.07450953911807257
1.2749999999999704,0.24027472113722081,-0.07261582465818345,1.6604796134234472,0.24089753526951235,-0.0730729833318539,1.6609761099930531,0.24089753526951235,-0.0730729833318539,1.6609761099930531,0.0,0.0,0.0,4.4708562297090015,0.07451427049515003
1.2759999999999703,0.24026481447437426,-0.07261267751461972,1.660475967267102,0.24089753526951235,-0.0730729833318539,1.6609761099930531,0.24089753526951235,-0.0730729833318539,1.6609761099930531,0.0,0.0,0.0,4.471142212436154,0.0745190368739359
1.2769999999999702,0.24025510555589577,-0.0726096034243495,1.6604724048698063,0.24089753526951235,-0.0730729833318539,1.6609761099930531,0.24089753526951235,-0.0730729833318539,1.6609761099930531,0.0,0.0,0.0,4.471430265109453,0.07452383775182422
1.27799999999997,0.24024559305851206,-0.07260660214757751,1.6604689259252523,0.24089753526951235,-0.0730729833318539,1.6609761099930531,0.24089753526951235,-0.0730729833318539,1.6609761099930531,0.0,0.0,0.0,4.4717203573885955,0.07452867262314326
1.27899999999997,0.2402362756547813,-0.07260367343589022,1.6604655301178517,0.24089753526951235,-0.0730729833318539,1.6609761099930531,0.24089753526951235,-0.0730729833318539,1.6609761099930531,0.0,0.0,0.0,4.472012458757404,0.07453354097929006
1.2799999999999698,0.24022715201323866,-0.07260081703241342,1.6604622171229095,0.24089753526951235,-0.0730729833318539,1.6609761099930531,0.24089753526951235,-0.0730729833318539,1.6609761099930531,0.0,0.0,0.0,4.472306538530398,0.07453844230883996
1.2809999999999697,0.24021822079854283,-0.07259803267197165,1.660458986606814,0.24089753526951235,-0.0730729833318539,1.6609761099930531,0.24089753526951235,-0.0730729833318539,1.6609761099930531,0.0,0.0,0.0,4.472602565861348,0.07454337609768914
1.2819999999999696,0.24020948067162184,-0.07259532008124382,1.6604558382272092,0.24089753526951235,-0.0730729833318539,1.6609761099930531,0.24089753526951235,-0.0730729833318539,1.6609761099930531,0.0,0.0,0.0,4.472900509748936,0.07454834182914892
1.2829999999999695,0.24020093028981782,-0.07259267897892005,1.6604527716331763,0.24089753526951235,-0.0730729833318539,1.6609761099930531,0.24089753526951235,-0.0730729833318539,1.6609761099930531,0.0,0.0,0.0,4.473200339045242,0.07455333898408736
1.2839999999999694,0.24019256830703206,-0.07259010907585503,1.6604497864654058,0.24089753526951235,-0.0730729833318539,1.6609761099930531,0.24089753526951235,-0.0730729833318539,1.6609761099930531,0.0,0.0,0.0,4.473502022462122,0.07455836704103537
1.2849999999999693,0.240184393373867,-0.07258761007522196,1.6604468823563765,0.24089753526951235,-0.0730729833318539,1.6609761099930531,0.24089753526951235,-0.0730729833318539,1.6609761099930531,0.0,0.0,0.0,4.473805528579116,0.0745634254763186
1.2859999999999692,0.2401764041377725,-0.07258518167266426,1.6604440589305245,0.24089753526951235,-0.0730729833318539,1.6609761099930531,0.24089753526951235,-0.0730729833318539,1.6609761099930531,0.0,0.0,0.0,4.474110825849405,0.07456851376415675
1.286999999999969,0.24016859924318612,-0.07258282355644667,1.6604413158044171,0.24089753526951235,-0.0730729833318539,1.6609761099930531,0.24089753526951235,-0.0730729833318539,1.6609761099930531,0.0,0.0,0.0,4.47441788260797,0.0745736313767995
1.287999999999969,0.24016097733167552,-0.07258053540760508,1.6604386525869228,0.24089753526951235,-0.0730729833318539,1.6609761099930531,0.24089753526951235,-0.0730729833318539,1.6609761099930531,0.0,0.0,0.0,4.474726667078012,0.07457877778463354
1.2889999999999688,0.2401535370420812,-0.07257831690009452,1.6604360688793782,0.24089753526951235,-0.0730729833318539,1.6609761099930531,0.24089753526951235,-0.0730729833318539,1.6609761099930531,0.0,0.0,0.0,4.475037147377458,0.07458395245629097
1.2899999999999687,0.240146277010655,-0.07257616770093714,1.6604335642757537,0.24089753526951235,-0.0730729833318539,1.6609761099930531,0.24089753526951235,-0.0730729833318539,1.6609761099930531,0.0,0.0,0.0,4.475349291526404,0.0745891548587734
1.2909999999999686,0.24013919587120178,-0.07257408747036796,1.6604311383628243,0.24089753526951235,-0.0730729833318539,1.6609761099930531,0.24089753526951235,-0.0730729833318539,1.6609761099930531,0.0,0.0,0.0,4.475663067454022,0.07459438445756703
1.2919999999999685,0.2401322922552188,-0.07257207586198022,1.6604287907203288,0.24089753526951235,-0.0730729833318539,1.6609761099930531,0.24089753526951235,-0.0730729833318539,1.6609761099930531,0.0,0.0,0.0,4.475978443004596,0.07459964071674327
1.2929999999999684,0.2401255647920325,-0.07257013252286874,1.6604265209211317,0.24089753526951235,-0.0730729833318539,1.6609761099930531,0.24089753526951235,-0.0730729833318539,1.6609761099930531,0.0,0.0,0.0,4.476295385944788,0.07460492309907979
1.2939999999999683,0.24011901210893824,-0.0725682570937727,1.660424328531389,0.24089753526951235,-0.0730729833318539,1.6609761099930531,0.24089753526951235,-0.0730729833318539,1.6609761099930531,0.0,0.0,0.0,4.4766138639702815,0.07461023106617136
1.2949999999999682,0.2401126328313371,-0.07256644920921747,1.6604222131107027,0.24089753526951235,-0.0730729833318539,1.6609761099930531,0.24089753526951235,-0.0730729833318539,1.6609761099930531,0.0,0.0,0.0,4.476933844711598,0.07461556407852664
1.295999999999968,0.24010642558287176,-0.07256470849765406,1.6604201742122824,0.24089753526951235,-0.0730729833318539,1.6609761099930531,0.24089753526951235,-0.0730729833318539,1.6609761099930531,0.0,0.0,0.0,4.477255295741845,0.07462092159569741
1.296999999999968,0.24010038898556127,-0.07256303458159878,1.6604182113830979,0.24089753526951235,-0.0730729833318539,1.6609761099930531,0.24089753526951235,-0.0730729833318539,1.6609761099930531,0.0,0.0,0.0,4.477578184581651,0.07462630307636084
1.2979999999999678,0.24009452165993822,-0.07256142707777168,1.6604163241640386,0.24089753526951235,-0.0730729833318539,1.6609761099930531,0.24089753526951235,-0.0730729833318539,1.6609761099930531,0.0,0.0,0.0,4.477902478706895,0.07463170797844824
1.2989999999999677,0.24008882222518105,-0.07255988559723178,1.6604145120900637,0.24089753526951235,-0.0730729833318539,1.6609761099930531,0.24089753526951235,-0.0730729833318539,1.6609761099930531,0.0,0.0,0.0,4.478228145554221,0.07463713575923701
1.2999999999999676,0.24008328929924738,-0.07255840974551397,1.660412774690356,0.24089753526951235,-0.0730729833318539,1.6609761099930531,0.24089753526951235,-0.0730729833318539,1.6609761099930531,0.0,0.0,0.0,4.478555152527532,0.07464258587545887
1.3009999999999675,0.2400779214990076,-0.07255699912276262,1.660411111488473,0.24089753526951235,-0.0730729833318539,1.6609761099930531,0.24089753526951235,-0.0730729833318539,1.6609761099930531,0.0,0.0,0.0,4.478883467004092,0.07464805778340153
1.3019999999999674,0.24007271744037434,-0.07255565332386503,1.6604095220024935,0.24089753526951235,-0.0730729833318539,1.6609761099930531,0.24089753526951235,-0.0730729833318539,1.6609761099930531,0.0,0.0,0.0,4.479213056340906,0.0746535509390151
1.3029999999999673,0.24006767573843635,-0.07255437193858355,1.660408005745168,0.24089753526951235,-0.0730729833318539,1.6609761099930531,0.24089753526951235,-0.0730729833318539,1.6609761099930531,0.0,0.0,0.0,4.479543887880331,0.0746590647980055
1.3039999999999672,0.2400627950075845,-0.07255315455168654,1.660406562224063,0.24089753526951235,-0.0730729833318539,1.6609761099930531,0.24089753526951235,-0.0730729833318539,1.6609761099930531,0.0,0.0,0.0,4.47987592895651,0.07466459881594183
1.304999999999967,0.24005807386164513,-0.07255200074307736,1.660405190941709,0.24089753526951235,-0.0730729833318539,1.6609761099930531,0.24089753526951235,-0.0730729833318539,1.6609761099930531,0.0,0.0,0.0,4.480209146901024,0.0746701524483504
1.305999999999967,0.24005351091400523,-0.07255091008792383,1.6604038913957384,0.24089753526951235,-0.0730729833318539,1.6609761099930531,0.24089753526951235,-0.0730729833318539,1.6609761099930531,0.0,0.0,0.0,4.48054350904853,0.07467572515080884
1.3069999999999669,0.24004910477773994,-0.07254988215678451,1.660402663079034,0.24089753526951235,-0.0730729833318539,1.6609761099930531,0.24089753526951235,-0.0730729833318539,1.6609761099930531,0.0,0.0,0.0,4.480878982743585,0.07468131637905975
1.3079999999999667,0.24004485406574128,-0.07254891651573608,1.6604015054798646,0.24089753526951235,-0.0730729833318539,1.6609761099930531,0.24089753526951235,-0.0730729833318539,1.6609761099930531,0.0,0.0,0.0,4.481215535344684,0.07468692558907807
1.3089999999999666,0.24004075739084035,-0.07254801272649736,1.6604004180820249,0.24089753526951235,-0.0730729833318539,1.6609761099930531,0.24089753526951235,-0.0730729833318539,1.6609761099930531,0.0,0.0,0.0,4.4815531342313655,0.07469255223718943
1.3099999999999665,0.24003681336593513,-0.07254717034655328,1.660399400364976,0.24089753526951235,-0.0730729833318539,1.6609761099930531,0.24089753526951235,-0.0730729833318539,1.6609761099930531,0.0,0.0,0.0,4.481891746809216,0.0746981957801536
1.3109999999999664,0.24003302060411247,-0.07254638892927857,1.6603984518039774,0.24089753526951235,-0.0730729833318539,1.6609761099930531,0.24089753526951235,-0.0730729833318539,1.6609761099930531,0.0,0.0,0.0,4.4822313405154715,0.07470385567525786
1.3119999999999663,0.2400293777187708,-0.07254566802405743,1.660397571870226,0.24089753526951235,-0.0730729833318539,1.6609761099930531,0.24089753526951235,-0.0730729833318539,1.6609761099930531,0.0,0.0,0.0,4.482571882824739,0.07470953138041231
1.3129999999999662,0.24002588332374247,-0.07254500717640566,1.6603967600309868,0.24089753526951235,-0.0730729833318539,1.6609761099930531,0.24089753526951235,-0.0730729833318539,1.6609761099930531,0.0,0.0,0.0,4.482913341253413,0.07471522235422355
1.313999999999966,0.24002253603341475,-0.07254440592808872,1.6603960157497257,0.24089753526951235,-0.0730729833318539,1.6609761099930531,0.24089753526951235,-0.0730729833318539,1.6609761099930531,0.0,0.0,0.0,4.483255683366053,0.0747209280561009
1.314999999999966,0.2400193344628496,-0.07254386381724065,1.6603953384862407,0.24089753526951235,-0.0730729833318539,1.6609761099930531,0.24089753526951235,-0.0730729833318539,1.6609761099930531,0.0,0.0,0.0,4.483598876780163,0.07472664794633604
1.3159999999999659,0.24001627722790278,-0.0725433803784798,1.6603947276967905,0.24089753526951235,-0.0730729833318539,1.6609761099930531,0.24089753526951235,-0.0730729833318539,1.6609761099930531,0.0,0.0,0.0,4.483942889171336,0.07473238148618894
1.3169999999999658,0.24001336294534142,-0.07254295514302568,1.660394182834221,0.24089753526951235,-0.0730729833318539,1.6609761099930531,0.24089753526951235,-0.0730729833318539,1.6609761099930531,0.0,0.0,0.0,4.4842876882784894,0.07473812813797483
1.3179999999999656,0.2400105902329613,-0.0725425876388128,1.6603937033480953,0.24089753526951235,-0.0730729833318539,1.6609761099930531,0.24089753526951235,-0.0730729833318539,1.6609761099930531,0.0,0.0,0.0,4.484633241909123,0.07474388736515204
1.3189999999999655,0.2400079577097035,-0.072542277390605,1.660393288684816,0.24089753526951235,-0.0730729833318539,1.6609761099930531,0.24089753526951235,-0.0730729833318539,1.6609761099930531,0.0,0.0,0.0,4.4849795179434855,0.07474965863239143
1.3199999999999654,0.24000546399576872,-0.0725420239201064,1.660392938287749,0.24089753526951235,-0.0730729833318539,1.6609761099930531,0.24089753526951235,-0.0730729833318539,1.6609761099930531,0.0,0.0,0.0,4.4853264843402005,0.07475544140567
1.3209999999999653,0.24000310771273176,-0.07254182674607355,1.660392651597348,0.24089753526951235,-0.0730729833318539,1.6609761099930531,0.24089753526951235,-0.0730729833318539,1.6609761099930531,0.0,0.0,0.0,4.485674109141044,0.07476123515235074
1.3219999999999652,0.24000088748365395,-0.07254168538442525,1.6603924280512732,0.24089753526951235,-0.0730729833318539,1.6609761099930531,0.24089753526951235,-0.0730729833318539,1.6609761099930531,0.0,0.0,0.0,4.486022360475052,0.07476703934125087
1.322999999999965,0.23999880193319612,-0.07254159934835165,1.660392267084512,0.24089753526951235,-0.0730729833318539,1.6609761099930531,0.24089753526951235,-0.0730729833318539,1.6609761099930531,0.0,0.0,0.0,4.4863712065640025,0.07477285344273338
1.323999999999965,0.23999684968772922,-0.07254156814842053,1.6603921681294953,0.24089753526951235,-0.0730729833318539,1.6609761099930531,0.24089753526951235,-0.0730729833318539,1.6609761099930531,0.0,0.0,0.0,4.486720615726367,0.07477867692877278
1.3249999999999649,0.23999502937544465,-0.0725415912926862,1.6603921306162197,0.24089753526951235,-0.0730729833318539,1.6609761099930531,0.24089753526951235,-0.0730729833318539,1.6609761099930531,0.0,0.0,0.0,4.48707055638269,0.07478450927304484
1.3259999999999648,0.23999333962646197,-0.07254166828679363,1.6603921539723574,0.24089753526951235,-0.0730729833318539,1.6609761099930531,0.24089753526951235,-0.0730729833318539,1.6609761099930531,0.0,0.0,0.0,4.487420997058656,0.07479034995097761
1.3269999999999647,0.23999177907293878,-0.072541798634082,1.6603922376233733,0.24089753526951235,-0.0730729833318539,1.6609761099930531,0.24089753526951235,-0.0730729833318539,1.6609761099930531,0.0,0.0,0.0,4.4877719063908605,0.07479619843984768
1.3279999999999645,0.23999034634917626,-0.07254198183568991,1.6603923809926373,0.24089753526951235,-0.0730729833318539,1.6609761099930531,0.24089753526951235,-0.0730729833318539,1.6609761099930531,0.0,0.0,0.0,4.488123253130401,0.07480205421884002
1.3289999999999644,0.23998904009172517,-0.07254221739065624,1.6603925835015356,0.24089753526951235,-0.0730729833318539,1.6609761099930531,0.24089753526951235,-0.0730729833318539,1.6609761099930531,0.0,0.0,0.0,4.488475006147306,0.07480791676912177
1.3299999999999643,0.23998785893949137,-0.07254250479602062,1.660392844569583,0.24089753526951235,-0.0730729833318539,1.6609761099930531,0.24089753526951235,-0.0730729833318539,1.6609761099930531,0.0,0.0,0.0,4.488827134434908,0.07481378557391513
1.3309999999999642,0.23998680153383892,-0.0725428435469248,1.6603931636145295,0.24089753526951235,-0.0730729833318539,1.6609761099930531,0.24089753526951235,-0.0730729833318539,1.6609761099930531,0.0,0.0,0.0,4.489179607113306,0.0748196601185551
1.331999999999964,0.2399858665186933,-0.07254323313671023,1.6603935400524683,0.24089753526951235,-0.0730729833318539,1.6609761099930531,0.24089753526951235,-0.0730729833318539,1.6609761099930531,0.0,0.0,0.0,4.48953239343411,0.07482553989056849
1.332999999999964,0.23998505254064195,-0.07254367305701569,1.6603939732979434,0.24089753526951235,-0.0730729833318539,1.6609761099930531,0.24089753526951235,-0.0730729833318539,1.6609761099930531,0.0,0.0,0.0,4.489885462784167,0.07483142437973611
1.3339999999999639,0.23998435824903633,-0.07254416279787454,1.660394462764055,0.24089753526951235,-0.0730729833318539,1.6609761099930531,0.24089753526951235,-0.0730729833318539,1.6609761099930531,0.0,0.0,0.0,4.490238784689361,0.07483731307815603
1.3349999999999638,0.23998378229609063,-0.07254470184781,1.6603950078625613,0.24089753526951235,-0.0730729833318539,1.6609761099930531,0.24089753526951235,-0.0730729833318539,1.6609761099930531,0.0,0.0,0.0,4.490592328818386,0.07484320548030644
1.3359999999999637,0.23998332333697928,-0.07254528969392837,1.6603956080039823,0.24089753526951235,-0.0730729833318539,1.6609761099930531,0.24089753526951235,-0.0730729833318539,1.6609761099930531,0.0,0.0,0.0,4.490946064986775,0.07484910108311292
1.3369999999999636,0.2399829800299365,-0.07254592582201415,1.6603962625977018,0.24089753526951235,-0.0730729833318539,1.6609761099930531,0.24089753526951235,-0.0730729833318539,1.6609761099930531,0.0,0.0,0.0,4.491299963160226,0.07485499938600376
1.3379999999999634,0.2399827510363508,-0.07254660971662028,1.660396971052067,0.24089753526951235,-0.0730729833318539,1.6609761099930531,0.24089753526951235,-0.0730729833318539,1.6609761099930531,0.0,0.0,0.0,4.4916539934586215,0.07486089989097702
1.3389999999999633,0.2399826350208601,-0.0725473408611604,1.6603977327744848,0.24089753526951235,-0.0730729833318539,1.6609761099930531,0.24089753526951235,-0.0730729833318539,1.6609761099930531,0.0,0.0,0.0,4.492008126158938,0.07486680210264897
1.3399999999999632,0.23998263065144682,-0.07254811873799881,1.6603985471715248,0.24089753526951235,-0.0730729833318539,1.6609761099930531,0.24089753526951235,-0.0730729833318539,1.6609761099930531,0.0,0.0,0.0,4.492362331699573,0.07487270552832621
1.340999999999963,0.23998273659952957,-0.07254894282853824,1.6603994136490092,0.24089753526951235,-0.0730729833318539,1.6609761099930531,0.24089753526951235,-0.0730729833318539,1.6609761099930531,0.0,0.0,0.0,4.4927165806828855,0.07487860967804809
1.341999999999963,0.23998295154005705,-0.072549812613309,1.6604003316121125,0.24089753526951235,-0.0730729833318539,1.6609761099930531,0.24089753526951235,-0.0730729833318539,1.6609761099930531,0.0,0.0,0.0,4.4930708438791545,0.07488451406465257
1.342999999999963,0.23998327415159626,-0.07255072757205483,1.6604013004654528,0.24089753526951235,-0.0730729833318539,1.6609761099930531,0.24089753526951235,-0.0730729833318539,1.6609761099930531,0.0,0.0,0.0,4.493425092229624,0.07489041820382707
1.3439999999999628,0.23998370311642392,-0.07255168718381945,1.6604023196131856,0.24089753526951235,-0.0730729833318539,1.6609761099930531,0.24089753526951235,-0.0730729833318539,1.6609761099930531,0.0,0.0,0.0,4.493779296849787,0.07489632161416312
1.3449999999999627,0.23998423712061473,-0.07255269092702912,1.6604033884590952,0.24089753526951235,-0.0730729833318539,1.6609761099930531,0.24089753526951235,-0.0730729833318539,1.6609761099930531,0.0,0.0,0.0,4.494133429032211,0.07490222381720352
1.3459999999999626,0.23998487485412845,-0.07255373827957903,1.6604045064066826,0.24089753526951235,-0.0730729833318539,1.6609761099930531,0.24089753526951235,-0.0730729833318539,1.6609761099930531,0.0,0.0,0.0,4.494487460249741,0.07490812433749568
1.3469999999999624,0.2399856150108962,-0.07255482871891347,1.6604056728592578,0.24089753526951235,-0.0730729833318539,1.6609761099930531,0.24089753526951235,-0.0730729833318539,1.6609761099930531,0.0,0.0,0.0,4.494841362158826,0.07491402270264709
1.3479999999999623,0.23998645628890672,-0.07255596172210876,1.6604068872200257,0.24089753526951235,-0.0730729833318539,1.6609761099930531,0.24089753526951235,-0.0730729833318539,1.6609761099930531,0.0,0.0,0.0,4.4951951066019245,0.0749199184433654
1.3489999999999622,0.23998739739028885,-0.07255713676595237,1.6604081488921714,0.24089753526951235,-0.0730729833318539,1.6609761099930531,0.24089753526951235,-0.0730729833318539,1.6609761099930531,0.0,0.0,0.0,4.495548665610648,0.07492581109351079
1.3499999999999621,0.23998843702139533,-0.0725583533270232,1.6604094572789472,0.24089753526951235,-0.0730729833318539,1.6609761099930531,0.24089753526951235,-0.0730729833318539,1.6609761099930531,0.0,0.0,0.0,4.495902011408572,0.07493170019014286
1.350999999999962,0.2399895738928861,-0.07255961088176957,1.6604108117837582,0.24089753526951235,-0.0730729833318539,1.6609761099930531,0.24089753526951235,-0.0730729833318539,1.6609761099930531,0.0,0.0,0.0,4.496255116413961,0.07493758527356602
1.351999999999962,0.23999080671980721,-0.07256090890658587,1.6604122118102411,0.24089753526951235,-0.0730729833318539,1.6609761099930531,0.24089753526951235,-0.0730729833318539,1.6609761099930531,0.0,0.0,0.0,4.496607953242206,0.0749434658873701
1.3529999999999618,0.2399921342216706,-0.07256224687788976,1.6604136567623498,0.24089753526951235,-0.0730729833318539,1.6609761099930531,0.24089753526951235,-0.0730729833318539,1.6609761099930531,0.0,0.0,0.0,4.496960494708586,0.07494934157847642
1.3539999999999617,0.23999355512253306,-0.07256362427219655,1.660415146044432,0.24089753526951235,-0.0730729833318539,1.6609761099930531,0.24089753526951235,-0.0730729833318539,1.6609761099930531,0.0,0.0,0.0,4.497312713830753,0.07495521189717921
1.3549999999999616,0.239995068151075,-0.07256504056619432,1.6604166790613146,0.24089753526951235,-0.0730729833318539,1.6609761099930531,0.24089753526951235,-0.0730729833318539,1.6609761099930531,0.0,0.0,0.0,4.49766458383143,0.07496107639719049
1.3559999999999615,0.23999667204067449,-0.07256649523681555,1.6604182552183764,0.24089753526951235,-0.0730729833318539,1.6609761099930531,0.24089753526951235,-0.0730729833318539,1.6609761099930531,0.0,0.0,0.0,4.498016078140121,0.07496693463566868
1.3569999999999613,0.23999836552948417,-0.07256798776131065,1.660419873921627,0.24089753526951235,-0.0730729833318539,1.6609761099930531,0.24089753526951235,-0.0730729833318539,1.6609761099930531,0.0,0.0,0.0,4.498367170396083,0.07497278617326805
1.3579999999999612,0.24000014736050454,-0.07256951761731853,1.6604215345777846,0.24089753526951235,-0.0730729833318539,1.6609761099930531,0.24089753526951235,-0.0730729833318539,1.6609761099930531,0.0,0.0,0.0,4.4987178344507806,0.07497863057417968
1.3589999999999611,0.24000201628165724,-0.07257108428293682,1.660423236594349,0.24089753526951235,-0.0730729833318539,1.6609761099930531,0.24089753526951235,-0.0730729833318539,1.6609761099930531,0.0,0.0,0.0,4.499068044369084,0.0749844674061514
1.359999999999961,0.2400039710458573,-0.07257268723679054,1.6604249793796748,0.24089753526951235,-0.0730729833318539,1.6609761099930531,0.24089753526951235,-0.0730729833318539,1.6609761099930531,0.0,0.0,0.0,4.499417774432379,0.07499029624053964
1.360999999999961,0.24000601041108277,-0.07257432595810087,1.660426762343047,0.24089753526951235,-0.0730729833318539,1.6609761099930531,0.24089753526951235,-0.0730729833318539,1.6609761099930531,0.0,0.0,0.0,4.499766999139542,0.0749961166523257
1.3619999999999608,0.2400081331404454,-0.07257599992675201,1.6604285848947489,0.24089753526951235,-0.0730729833318539,1.6609761099930531,0.24089753526951235,-0.0730729833318539,1.6609761099930531,0.0,0.0,0.0,4.500115693212026,0.07500192822020042
1.3629999999999607,0.2400103380022593,-0.07257770862335731,1.660430446446135,0.24089753526951235,-0.0730729833318539,1.6609761099930531,0.24089753526951235,-0.0730729833318539,1.6609761099930531,0.0,0.0,0.0,4.500463831591282,0.07500773052652136
1.3639999999999606,0.24001262377010713,-0.07257945152932432,1.6604323464096986,0.24089753526951235,-0.0730729833318539,1.6609761099930531,0.24089753526951235,-0.0730729833318539,1.6609761099930531,0.0,0.0,0.0,4.500811389443249,0.07501352315738748
1.3649999999999605,0.2400149892229081,-0.07258122812691892,1.6604342841991435,0.24089753526951235,-0.0730729833318539,1.6609761099930531,0.24089753526951235,-0.0730729833318539,1.6609761099930531,0.0,0.0,0.0,4.501158342160052,0.07501930570266753
1.3659999999999604,0.24001743314498192,-0.07258303789932931,1.6604362592294453,0.24089753526951235,-0.0730729833318539,1.6609761099930531,0.24089753526951235,-0.0730729833318539,1.6609761099930531,0.0,0.0,0.0,4.501504665361123,0.07502507775601872
1.3669999999999602,0.24001995432611345,-0.07258488033072696,1.6604382709169234,0.24089753526951235,-0.0730729833318539,1.6609761099930531,0.24089753526951235,-0.0730729833318539,1.6609761099930531,0.0,0.0,0.0,4.501850334896243,0.07503083891493739
1.3679999999999601,0.24002255156161512,-0.0725867549063291,1.6604403186793013,0.24089753526951235,-0.0730729833318539,1.6609761099930531,0.24089753526951235,-0.0730729833318539,1.6609761099930531,0.0,0.0,0.0,4.502195326845279,0.07503658878075466
1.36899999999996,0.24002522365239015,-0.07258866111245826,1.660442401935775,0.24089753526951235,-0.0730729833318539,1.6609761099930531,0.24089753526951235,-0.0730729833318539,1.6609761099930531,0.0,0.0,0.0,4.502539617521488,0.07504232695869147
1.36999999999996,0.24002796940499188,-0.07259059843660215,1.660444520107072,0.24089753526951235,-0.0730729833318539,1.6609761099930531,0.24089753526951235,-0.0730729833318539,1.6609761099930531,0.0,0.0,0.0,4.502883183471616,0.07504805305786028
1.3709999999999598,0.24003078763168395,-0.0725925663674719,1.6604466726155147,0.24089753526951235,-0.0730729833318539,1.6609761099930531,0.24089753526951235,-0.0730729833318539,1.6609761099930531,0.0,0.0,0.0,4.50322600147856,0.07505376669130934
1.3719999999999597,0.2400336771504996,-0.07259456439505955,1.6604488588850825,0.24089753526951235,-0.0730729833318539,1.6609761099930531,0.24089753526951235,-0.0730729833318539,1.6609761099930531,0.0,0.0,0.0,4.503568048562155,0.07505946747603591
1.3729999999999596,0.24003663678529796,-0.07259659201069449,1.6604510783414677,0.24089753526951235,-0.0730729833318539,1.6609761099930531,0.24089753526951235,-0.0730729833318539,1.6609761099930531,0.0,0.0,0.0,4.503909301980494,0.07506515503300823
1.3739999999999595,0.24003966536582128,-0.0725986487070997,1.6604533304121392,0.24089753526951235,-0.0730729833318539,1.6609761099930531,0.24089753526951235,-0.0730729833318539,1.6609761099930531,0.0,0.0,0.0,4.504249739231883,0.07507082898719805
1.3749999999999594,0.24004276172775058,-0.07260073397844526,1.660455614526397,0.24089753526951235,-0.0730729833318539,1.6609761099930531,0.24089753526951235,-0.0730729833318539,1.6609761099930531,0.0,0.0,0.0,4.504589338055023,0.07507648896758372
1.3759999999999593,0.24004592471275904,-0.07260284732040437,1.660457930115429,0.24089753526951235,-0.0730729833318539,1.6609761099930531,0.24089753526951235,-0.0730729833318539,1.6609761099930531,0.0,0.0,0.0,4.504928076431132,0.07508213460718553
1.3769999999999591,0.24004915316856507,-0.07260498823020295,1.6604602766123677,0.24089753526951235,-0.0730729833318539,1.6609761099930531,0.24089753526951235,-0.0730729833318539,1.6609761099930531,0.0,0.0,0.0,4.505265932584658,0.07508776554307764
1.377999999999959,0.24005244594898567,-0.07260715620667493,1.6604626534523454,0.24089753526951235,-0.0730729833318539,1.6609761099930531,0.24089753526951235,-0.0730729833318539,1.6609761099930531,0.0,0.0,0.0,4.505602884984426,0.0750933814164071
1.378999999999959,0.24005580191398587,-0.07260935075031104,1.6604650600725441,0.24089753526951235,-0.0730729833318539,1.6609761099930531,0.24089753526951235,-0.0730729833318539,1.6609761099930531,0.0,0.0,0.0,4.5059389123445,0.07509898187240834
1.3799999999999588,0.24005921992972945,-0.07261157136331077,1.6604674959122552,0.24089753526951235,-0.0730729833318539,1.6609761099930531,0.24089753526951235,-0.0730729833318539,1.6609761099930531,0.0,0.0,0.0,4.506273993625983,0.07510456656043304
1.3809999999999587,0.24006269886862802,-0.07261381754962952,1.6604699604129243,0.24089753526951235,-0.0730729833318539,1.6609761099930531,0.24089753526951235,-0.0730729833318539,1.6609761099930531,0.0,0.0,0.0,4.506608108036334,0.0751101351339389
1.3819999999999586,0.24006623760938833,-0.0726160888150294,1.660472453018205,0.24089753526951235,-0.0730729833318539,1.6609761099930531,0.24089753526951235,-0.0730729833318539,1.6609761099930531,0.0,0.0,0.0,4.506941235031834,0.07511568725053057
1.3829999999999585,0.24006983503705914,-0.07261838466712502,1.660474973174009,0.24089753526951235,-0.0730729833318539,1.6609761099930531,0.24089753526951235,-0.0730729833318539,1.6609761099930531,0.0,0.0,0.0,4.507273354317834,0.07512122257196391
1.3839999999999584,0.2400734900430766,-0.0726207046154305,1.6604775203285544,0.24089753526951235,-0.0730729833318539,1.6609761099930531,0.24089753526951235,-0.0730729833318539,1.6609761099930531,0.0,0.0,0.0,4.507604445848943,0.07512674076414906
1.3849999999999583,0.2400772015253096,-0.07262304817140625,1.6604800939324125,0.24089753526951235,-0.0730729833318539,1.6609761099930531,0.24089753526951235,-0.0730729833318539,1.6609761099930531,0.0,0.0,0.0,4.5079344898305465,0.07513224149717578
1.3859999999999582,0.24008096838810242,-0.07262541484850249,1.6604826934385573,0.24089753526951235,-0.0730729833318539,1.6609761099930531,0.24089753526951235,-0.0730729833318539,1.6609761099930531,0.0,0.0,0.0,4.508263466719397,0.07513772444532328
1.386999999999958,0.2400847895423176,-0.07262780416220468,1.6604853183024089,0.24089753526951235,-0.0730729833318539,1.6609761099930531,0.24089753526951235,-0.0730729833318539,1.6609761099930531,0.0,0.0,0.0,4.508591357223579,0.07514318928705964
1.387999999999958,0.24008866390537775,-0.07263021563007505,1.6604879679818791,0.24089753526951235,-0.0730729833318539,1.6609761099930531,0.24089753526951235,-0.0730729833318539,1.6609761099930531,0.0,0.0,0.0,4.508918142303652,0.07514863570506086
1.3889999999999578,0.24009259040130576,-0.07263264877179708,1.6604906419374172,0.24089753526951235,-0.0730729833318539,1.6609761099930531,0.24089753526951235,-0.0730729833318539,1.6609761099930531,0.0,0.0,0.0,4.509243803173142,0.07515406338621904
1.3899999999999577,0.2400965679607637,-0.07263510310921559,1.66049333963205,0.24089753526951235,-0.0730729833318539,1.6609761099930531,0.24089753526951235,-0.0730729833318539,1.6609761099930531,0.0,0.0,0.0,4.50956832129865,0.07515947202164416
1.3909999999999576,0.2401005955210914,-0.07263757816637736,1.6604960605314287,0.24089753526951235,-0.0730729833318539,1.6609761099930531,0.24089753526951235,-0.0730729833318539,1.6609761099930531,0.0,0.0,0.0,4.509891678400982,0.07516486130668304
1.3919999999999575,0.24010467202634425,-0.07264007346957234,1.660498804103866,0.24089753526951235,-0.0730729833318539,1.6609761099930531,0.24089753526951235,-0.0730729833318539,1.6609761099930531,0.0,0.0,0.0,4.510213856454245,0.07517023094090408
1.3929999999999574,0.24010879642732913,-0.07264258854737117,1.6605015698203778,0.24089753526951235,-0.0730729833318539,1.6609761099930531,0.24089753526951235,-0.0730729833318539,1.6609761099930531,0.0,0.0,0.0,4.510534837687713,0.07517558062812854
1.3939999999999573,0.2401129676816398,-0.07264512293066472,1.6605043571547249,0.24089753526951235,-0.0730729833318539,1.6609761099930531,0.24089753526951235,-0.0730729833318539,1.6609761099930531,0.0,0.0,0.0,4.510854604585137,0.07518091007641894
1.3949999999999572,0.24011718475369065,-0.07264767615270021,1.660507165583448,0.24089753526951235,-0.0730729833318539,1.6609761099930531,0.24089753526951235,-0.0730729833318539,1.6609761099930531,0.0,0.0,0.0,4.511173139885108,0.07518621899808514
1.395999999999957,0.24012144661475077,-0.0726502477491195,1.6605099945859108,0.24089753526951235,-0.0730729833318539,1.6609761099930531,0.24089753526951235,-0.0730729833318539,1.6609761099930531,0.0,0.0,0.0,4.511490426581782,0.07519150710969637
1.396999999999957,0.24012575224297544,-0.07265283725799314,1.6605128436443306,0.24089753526951235,-0.0730729833318539,1.6609761099930531,0.24089753526951235,-0.0730729833318539,1.6609761099930531,0.0,0.0,0.0,4.511806447923849,0.07519677413206415
1.3979999999999568,0.2401301006234382,-0.0726554442198572,1.660515712243819,0.24089753526951235,-0.0730729833318539,1.6609761099930531,0.24089753526951235,-0.0730729833318539,1.6609761099930531,0.0,0.0,0.0,4.512121187416148,0.07520201979026914
1.3989999999999567,0.24013449074816057,-0.07265806817774548,1.6605185998724163,0.24089753526951235,-0.0730729833318539,1.6609761099930531,0.24089753526951235,-0.0730729833318539,1.6609761099930531,0.0,0.0,0.0,4.512434628818755,0.07520724381364592
1.3999999999999566,0.2401389216161413,-0.07266070867722524,1.6605215060211256,0.24089753526951235,-0.0730729833318539,1.6609761099930531,0.24089753526951235,-0.0730729833318539,1.6609761099930531,0.0,0.0,0.0,4.512746756146977,0.07521244593578295
1.4009999999999565,0.2401433922333846,-0.07266336526642819,1.6605244301839448,0.24089753526951235,-0.0730729833318539,1.6609761099930531,0.24089753526951235,-0.0730729833318539,1.6609761099930531,0.0,0.0,0.0,4.513057553671735,0.07521762589452892
1.4019999999999564,0.2401479016129284,-0.07266603749608352,1.6605273718579021,0.24089753526951235,-0.0730729833318539,1.6609761099930531,0.24089753526951235,-0.0730729833318539,1.6609761099930531,0.0,0.0,0.0,4.513367005919594,0.07522278343199323
1.4029999999999563,0.24015244877486913,-0.07266872491954812,1.6605303305430859,0.24089753526951235,-0.0730729833318539,1.6609761099930531,0.24089753526951235,-0.0730729833318539,1.6609761099930531,0.0,0.0,0.0,4.513675097672097,0.07522791829453496
1.4039999999999562,0.2401570327463883,-0.0726714270928378,1.6605333057426777,0.24089753526951235,-0.0730729833318539,1.6609761099930531,0.24089753526951235,-0.0730729833318539,1.6609761099930531,0.0,0.0,0.0,4.51398181396628,0.07523303023277134
1.404999999999956,0.24016165256177702,-0.07267414357465651,1.66053629696298,0.24089753526951235,-0.0730729833318539,1.6609761099930531,0.24089753526951235,-0.0730729833318539,1.6609761099930531,0.0,0.0,0.0,4.514287140093631,0.07523811900156052
1.405999999999956,0.24016630726245825,-0.0726768739264258,1.660539303713449,0.24089753526951235,-0.0730729833318539,1.6609761099930531,0.24089753526951235,-0.0730729833318539,1.6609761099930531,0.0,0.0,0.0,4.514591061601,0.07524318436001667
1.4069999999999558,0.24017099589701002,-0.07267961771231249,1.6605423255067184,0.24089753526951235,-0.0730729833318539,1.6609761099930531,0.24089753526951235,-0.0730729833318539,1.6609761099930531,0.0,0.0,0.0,4.514893564288905,0.07524822607148175
1.4079999999999557,0.24017571752118796,-0.07268237449925592,1.6605453618586343,0.24089753526951235,-0.0730729833318539,1.6609761099930531,0.24089753526951235,-0.0730729833318539,1.6609761099930531,0.0,0.0,0.0,4.515194634212975,0.07525324390354958
1.4089999999999556,0.24018047119794447,-0.0726851438569956,1.6605484122882754,0.24089753526951235,-0.0730729833318539,1.6609761099930531,0.24089753526951235,-0.0730729833318539,1.6609761099930531,0.0,0.0,0.0,4.515494257681965,0.07525823762803276
1.4099999999999555,0.24018525599744894,-0.07268792535809666,1.6605514763179832,0.24089753526951235,-0.0730729833318539,1.6609761099930531,0.24089753526951235,-0.0730729833318539,1.6609761099930531,0.0,0.0,0.0,4.515792421258626,0.0752632070209771
1.4109999999999554,0.24019007099710704,-0.07269071857797493,1.6605545534733872,0.24089753526951235,-0.0730729833318539,1.6609761099930531,0.24089753526951235,-0.0730729833318539,1.6609761099930531,0.0,0.0,0.0,4.516089111758492,0.07526815186264153
1.4119999999999553,0.2401949152815776,-0.07269352309492202,1.6605576432834284,0.24089753526951235,-0.0730729833318539,1.6609761099930531,0.24089753526951235,-0.0730729833318539,1.6609761099930531,0.0,0.0,0.0,4.516384316249666,0.07527307193749443
1.4129999999999552,0.24019978794279107,-0.07269633849012903,1.6605607452803852,0.24089753526951235,-0.0730729833318539,1.6609761099930531,0.24089753526951235,-0.0730729833318539,1.6609761099930531,0.0,0.0,0.0,4.516678022052671,0.07527796703421119
1.413999999999955,0.24020468807996362,-0.0726991643477098,1.6605638589998952,0.24089753526951235,-0.0730729833318539,1.6609761099930531,0.24089753526951235,-0.0730729833318539,1.6609761099930531,0.0,0.0,0.0,4.516970216739455,0.07528283694565759
1.414999999999955,0.24020961479961395,-0.07270200025472268,1.660566983980978,0.24089753526951235,-0.0730729833318539,1.6609761099930531,0.24089753526951235,-0.0730729833318539,1.6609761099930531,0.0,0.0,0.0,4.517260888132909,0.07528768146888182
1.4159999999999549,0.2402145672155767,-0.07270484580119452,1.660570119766058,0.24089753526951235,-0.0730729833318539,1.6609761099930531,0.24089753526951235,-0.0730729833318539,1.6609761099930531,0.0,0.0,0.0,4.51755002430668,0.07529250040511133
1.4169999999999547,0.24021954444901678,-0.07270770058013908,1.6605732659009844,0.24089753526951235,-0.0730729833318539,1.6609761099930531,0.24089753526951235,-0.0730729833318539,1.6609761099930531,0.0,0.0,0.0,4.517837613583989,0.07529729355973315
1.4179999999999546,0.2402245456284398,-0.07271056418757903,1.6605764219350516,0.24089753526951235,-0.0730729833318539,1.6609761099930531,0.24089753526951235,-0.0730729833318539,1.6609761099930531,0.0,0.0,0.0,4.5181236445377335,0.07530206074229556
1.4189999999999545,0.24022956988970623,-0.0727134362225659,1.6605795874210207,0.24089753526951235,-0.0730729833318539,1.6609761099930531,0.24089753526951235,-0.0730729833318539,1.6609761099930531,0.0,0.0,0.0,4.51840810598897,0.07530680176648283
1.4199999999999544,0.24023461637604027,-0.07271631628719888,1.660582761915136,0.24089753526951235,-0.0730729833318539,1.6609761099930531,0.24089753526951235,-0.0730729833318539,1.6609761099930531,0.0,0.0,0.0,4.518690987006628,0.07531151645011046
1.4209999999999543,0.2402396842380413,-0.07271920398664308,1.6605859449771445,0.24089753526951235,-0.0730729833318539,1.6609761099930531,0.24089753526951235,-0.0730729833318539,1.6609761099930531,0.0,0.0,0.0,4.518972276906726,0.0753162046151121
1.4219999999999542,0.24024477263369115,-0.0727220989291475,1.6605891361703133,0.24089753526951235,-0.0730729833318539,1.6609761099930531,0.24089753526951235,-0.0730729833318539,1.6609761099930531,0.0,0.0,0.0,4.519251965251946,0.07532086608753243
1.422999999999954,0.24024988072836423,-0.07272500072606308,1.660592335061447,0.24089753526951235,-0.0730729833318539,1.6609761099930531,0.24089753526951235,-0.0730729833318539,1.6609761099930531,0.0,0.0,0.0,4.519530041850023,0.07532550069750038
1.423999999999954,0.2402550076948328,-0.0727279089918582,1.660595541220904,0.24089753526951235,-0.0730729833318539,1.6609761099930531,0.24089753526951235,-0.0730729833318539,1.6609761099930531,0.0,0.0,0.0,4.519806496753626,0.07533010827922709
1.4249999999999539,0.2402601527132757,-0.07273082334413494,1.6605987542226095,0.24089753526951235,-0.0730729833318539,1.6609761099930531,0.24089753526951235,-0.0730729833318539,1.6609761099930531,0.0,0.0,0.0,4.520081320258935,0.07533468867098225
1.4259999999999537,0.24026531497128237,-0.07273374340364466,1.6606019736440736,0.24089753526951235,-0.0730729833318539,1.6609761099930531,0.24089753526951235,-0.0730729833318539,1.6609761099930531,0.0,0.0,0.0,4.5203545029055325,0.07533924171509221
1.4269999999999536,0.24027049366385816,-0.07273666879430296,1.6606051990664052,0.24089753526951235,-0.0730729833318539,1.6609761099930531,0.24089753526951235,-0.0730729833318539,1.6609761099930531,0.0,0.0,0.0,4.520626035474925,0.07534376725791542
1.4279999999999535,0.2402756879934294,-0.07273959914320258,1.660608430074324,0.24089753526951235,-0.0730729833318539,1.6609761099930531,0.24089753526951235,-0.0730729833318539,1.6609761099930531,0.0,0.0,0.0,4.520895908989084,0.07534826514981807
1.4289999999999534,0.24028089716984502,-0.0727425340806287,1.6606116662561732,0.24089753526951235,-0.0730729833318539,1.6609761099930531,0.24089753526951235,-0.0730729833318539,1.6609761099930531,0.0,0.0,0.0,4.521164114710804,0.07535273524518007
1.4299999999999533,0.24028612041038072,-0.072745473240071,1.6606149072039331,0.24089753526951235,-0.0730729833318539,1.6609761099930531,0.24089753526951235,-0.0730729833318539,1.6609761099930531,0.0,0.0,0.0,4.521430644141706,0.07535717740236177
1.4309999999999532,0.2402913569397389,-0.0727484162582348,1.660618152513233,0.24089753526951235,-0.0730729833318539,1.6609761099930531,0.24089753526951235,-0.0730729833318539,1.6609761099930531,0.0,0.0,0.0,4.521695489021577,0.07536159148369295
1.431999999999953,0.24029660599005112,-0.07275136277505508,1.660621401783362,0.24089753526951235,-0.0730729833318539,1.6609761099930531,0.24089753526951235,-0.0730729833318539,1.6609761099930531,0.0,0.0,0.0,4.521958641327048,0.0753659773554508
1.432999999999953,0.24030186680087723,-0.07275431243370589,1.6606246546172774,0.24089753526951235,-0.0730729833318539,1.6609761099930531,0.24089753526951235,-0.0730729833318539,1.6609761099930531,0.0,0.0,0.0,4.522220093270713,0.07537033488784521
1.4339999999999529,0.2403071386192055,-0.07275726488061206,1.6606279106216175,0.24089753526951235,-0.0730729833318539,1.6609761099930531,0.24089753526951235,-0.0730729833318539,1.6609761099930531,0.0,0.0,0.0,4.522479837300058,0.07537466395500098
1.4349999999999528,0.24031242069945022,-0.07276021976545784,1.6606311694067084,0.24089753526951235,-0.0730729833318539,1.6609761099930531,0.24089753526951235,-0.0730729833318539,1.6609761099930531,0.0,0.0,0.0,4.522737866096624,0.07537896443494373
1.4359999999999526,0.24031771230345034,-0.07276317674119778,1.660634430586574,0.24089753526951235,-0.0730729833318539,1.6609761099930531,0.24089753526951235,-0.0730729833318539,1.6609761099930531,0.0,0.0,0.0,4.522994172574242,0.0753832362095707
1.4369999999999525,0.2403230127004669,-0.07276613546406505,1.6606376937789433,0.24089753526951235,-0.0730729833318539,1.6609761099930531,0.24089753526951235,-0.0730729833318539,1.6609761099930531,0.0,0.0,0.0,4.5232487498781255,0.07538747916463542
1.4379999999999524,0.24032832116717806,-0.07276909559357947,1.6606409586052595,0.24089753526951235,-0.0730729833318539,1.6609761099930531,0.24089753526951235,-0.0730729833318539,1.6609761099930531,0.0,0.0,0.0,4.5235015913839955,0.07539169318973325
1.4389999999999523,0.24033363698767551,-0.07277205679255624,1.6606442246906836,0.24089753526951235,-0.0730729833318539,1.6609761099930531,0.24089753526951235,-0.0730729833318539,1.6609761099930531,0.0,0.0,0.0,4.52375269069626,0.07539587817827101
1.4399999999999522,0.24033895945345984,-0.07277501872711188,1.6606474916641027,0.24089753526951235,-0.0730729833318539,1.6609761099930531,0.24089753526951235,-0.0730729833318539,1.6609761099930531,0.0,0.0,0.0,4.524002041647295,0.07540003402745492
1.440999999999952,0.2403442878634342,-0.0727779810666721,1.660650759158138,0.24089753526951235,-0.0730729833318539,1.6609761099930531,0.24089753526951235,-0.0730729833318539,1.6609761099930531,0.0,0.0,0.0,4.524249638296387,0.07540416063827311
1.441999999999952,0.24034962152389744,-0.07278094348397779,1.6606540268091448,0.24089753526951235,-0.0730729833318539,1.6609761099930531,0.24089753526951235,-0.0730729833318539,1.6609761099930531,0.0,0.0,0.0,4.524495474927322,0.07540825791545537
1.4429999999999519,0.2403549597485377,-0.07278390565509003,1.6606572942572202,0.24089753526951235,-0.0730729833318539,1.6609761099930531,0.24089753526951235,-0.0730729833318539,1.6609761099930531,0.0,0.0,0.0,4.524739546048644,0.0754123257674774
1.4439999999999518,0.2403603018584234,-0.07278686725939629,1.6606605611462082,0.24089753526951235,-0.0730729833318539,1.6609761099930531,0.24089753526951235,-0.0730729833318539,1.6609761099930531,0.0,0.0,0.0,4.524981846391231,0.07541636410652051
1.4449999999999517,0.24036564718199538,-0.07278982797961422,1.6606638271236995,0.24089753526951235,-0.0730729833318539,1.6609761099930531,0.24089753526951235,-0.0730729833318539,1.6609761099930531,0.0,0.0,0.0,4.525222370907156,0.0754203728484526
1.4459999999999515,0.24037099505505843,-0.07279278750179659,1.6606670918410407,0.24089753526951235,-0.0730729833318539,1.6609761099930531,0.24089753526951235,-0.0730729833318539,1.6609761099930531,0.0,0.0,0.0,4.525461114768763,0.07542435191281273
1.4469999999999514,0.2403763448207694,-0.07279574551533391,1.6606703549533275,0.24089753526951235,-0.0730729833318539,1.6609761099930531,0.24089753526951235,-0.0730729833318539,1.6609761099930531,0.0,0.0,0.0,4.525698073366868,0.07542830122278114
1.4479999999999513,0.2403816958296277,-0.07279870171295888,1.660673616119416,0.24089753526951235,-0.0730729833318539,1.6609761099930531,0.24089753526951235,-0.0730729833318539,1.6609761099930531,0.0,0.0,0.0,4.525933242309871,0.07543222070516452
1.4489999999999512,0.24038704743946415,-0.07280165579074839,1.6606768750019196,0.24089753526951235,-0.0730729833318539,1.6609761099930531,0.24089753526951235,-0.0730729833318539,1.6609761099930531,0.0,0.0,0.0,4.526166617421576,0.0754361102903596
1.449999999999951,0.24039239901542836,-0.07280460744812528,1.6606801312672077,0.24089753526951235,-0.0730729833318539,1.6609761099930531,0.24089753526951235,-0.0730729833318539,1.6609761099930531,0.0,0.0,0.0,4.526398194740212,0.07543996991233687
1.450999999999951,0.24039774992997712,-0.07280755638786146,1.6606833845854123,0.24089753526951235,-0.0730729833318539,1.6609761099930531,0.24089753526951235,-0.0730729833318539,1.6609761099930531,0.0,0.0,0.0,4.5266279705175325,0.07544379950862554
1.4519999999999509,0.2404030995628597,-0.07281050231607802,1.6606866346304225,0.24089753526951235,-0.0730729833318539,1.6609761099930531,0.24089753526951235,-0.0730729833318539,1.6609761099930531,0.0,0.0,0.0,4.5268559412163265,0.07544759902027211
1.4529999999999508,0.2404084473011061,-0.07281344494224602,1.6606898810798874,0.24089753526951235,-0.0730729833318539,1.6609761099930531,0.24089753526951235,-0.0730729833318539,1.6609761099930531,0.0,0.0,0.0,4.527082103509646,0.07545136839182744
1.4539999999999507,0.24041379253901052,-0.07281638397918794,1.6606931236152105,0.24089753526951235,-0.0730729833318539,1.6609761099930531,0.24089753526951235,-0.0730729833318539,1.6609761099930531,0.0,0.0,0.0,4.527306454279119,0.07545510757131864
1.4549999999999506,0.240419134678117,-0.07281931914307634,1.660696361921555,0.24089753526951235,-0.0730729833318539,1.6609761099930531,0.24089753526951235,-0.0730729833318539,1.6609761099930531,0.0,0.0,0.0,4.527528990613737,0.07545881651022895
1.4559999999999504,0.24042447312720505,-0.07282225015343405,1.6606995956878352,0.24089753526951235,-0.0730729833318539,1.6609761099930531,0.24089753526951235,-0.0730729833318539,1.6609761099930531,0.0,0.0,0.0,4.527749709807581,0.07546249516345968
1.4569999999999503,0.2404298073022707,-0.07282517673313325,1.6607028246067186,0.24089753526951235,-0.0730729833318539,1.6609761099930531,0.24089753526951235,-0.0730729833318539,1.6609761099930531,0.0,0.0,0.0,4.527968609359517,0.07546614348932529
1.4579999999999502,0.24043513662651236,-0.07282809860839355,1.6607060483746205,0.24089753526951235,-0.0730729833318539,1.6609761099930531,0.24089753526951235,-0.0730729833318539,1.6609761099930531,0.0,0.0,0.0,4.528185686970448,0.07546976144950747
1.4589999999999501,0.2404404605303116,-0.07283101550878046,1.6607092666917016,0.24089753526951235,-0.0730729833318539,1.6609761099930531,0.24089753526951235,-0.0730729833318539,1.6609761099930531,0.0,0.0,0.0,4.528400940542347,0.07547334900903911
1.45999999999995,0.24044577845121537,-0.07283392716720322,1.6607124792618646,0.24089753526951235,-0.0730729833318539,1.6609761099930531,0.24089753526951235,-0.0730729833318539,1.6609761099930531,0.0,0.0,0.0,4.5286143681767745,0.07547690613627958
1.46099999999995,0.24045108983391872,-0.0728368333199124,1.6607156857927488,0.24089753526951235,-0.0730729833318539,1.6609761099930531,0.24089753526951235,-0.0730729833318539,1.6609761099930531,0.0,0.0,0.0,4.528825968172843,0.0754804328028807
1.4619999999999498,0.2404563941302436,-0.07283973370649606,1.6607188859957258,0.24089753526951235,-0.0730729833318539,1.6609761099930531,0.24089753526951235,-0.0730729833318539,1.6609761099930531,0.0,0.0,0.0,4.529035739026644,0.0754839289837774
1.4629999999999497,0.24046169079912105,-0.07284262806987725,1.660722079585896,0.24089753526951235,-0.0730729833318539,1.6609761099930531,0.24089753526951235,-0.0730729833318539,1.6609761099930531,0.0,0.0,0.0,4.5292436794285615,0.07548739465714269
1.4639999999999496,0.24046697930656924,-0.07284551615630838,1.6607252662820793,0.24089753526951235,-0.0730729833318539,1.6609761099930531,0.24089753526951235,-0.0730729833318539,1.6609761099930531,0.0,0.0,0.0,4.52944978826178,0.075490829804363
1.4649999999999495,0.24047225912567435,-0.07284839771536974,1.6607284458068143,0.24089753526951235,-0.0730729833318539,1.6609761099930531,0.24089753526951235,-0.0730729833318539,1.6609761099930531,0.0,0.0,0.0,4.529654064601609,0.07549423441002683
1.4659999999999493,0.24047752973656777,-0.07285127249996216,1.6607316178863478,0.24089753526951235,-0.0730729833318539,1.6609761099930531,0.24089753526951235,-0.0730729833318539,1.6609761099930531,0.0,0.0,0.0,4.529856507712525,0.07549760846187542
1.4669999999999492,0.24048279062640554,-0.07285414026630378,1.6607347822506302,0.24089753526951235,-0.0730729833318539,1.6609761099930531,0.24089753526951235,-0.0730729833318539,1.6609761099930531,0.0,0.0,0.0,4.5300571170479085,0.07550095195079848
1.4679999999999491,0.24048804128934526,-0.07285700077392314,1.660737938633307,0.24089753526951235,-0.0730729833318539,1.6609761099930531,0.24089753526951235,-0.0730729833318539,1.6609761099930531,0.0,0.0,0.0,4.530255892247476,0.07550426487079127
1.468999999999949,0.24049328122652297,-0.07285985378565477,1.6607410867717118,0.24089753526951235,-0.0730729833318539,1.6609761099930531,0.24089753526951235,-0.0730729833318539,1.6609761099930531,0.0,0.0,0.0,4.530452833135556,0.07550754721892593
1.469999999999949,0.24049850994603034,-0.07286269906763257,1.6607442264068593,0.24089753526951235,-0.0730729833318539,1.6609761099930531,0.24089753526951235,-0.0730729833318539,1.6609761099930531,0.0,0.0,0.0,4.530647939720299,0.07551079899533832
1.4709999999999488,0.24050372696289124,-0.07286553638928257,1.6607473572834361,0.24089753526951235,-0.0730729833318539,1.6609761099930531,0.24089753526951235,-0.0730729833318539,1.6609761099930531,0.0,0.0,0.0,4.530841212191124,0.0755140202031854
1.4719999999999487,0.24050893179903599,-0.07286836552331694,1.6607504791497925,0.24089753526951235,-0.0730729833318539,1.6609761099930531,0.24089753526951235,-0.0730729833318539,1.6609761099930531,0.0,0.0,0.0,4.531032650917598,0.07551721084862663
1.4729999999999486,0.24051412398327793,-0.07287118624572679,1.6607535917579324,0.24089753526951235,-0.0730729833318539,1.6609761099930531,0.24089753526951235,-0.0730729833318539,1.6609761099930531,0.0,0.0,0.0,4.531222256447201,0.07552037094078669
1.4739999999999485,0.2405193030512876,-0.072873998335774,1.6607566948635053,0.24089753526951235,-0.0730729833318539,1.6609761099930531,0.24089753526951235,-0.0730729833318539,1.6609761099930531,0.0,0.0,0.0,4.531410029504293,0.07552350049173823
1.4749999999999484,0.24052446854556667,-0.07287680157598384,1.6607597882257958,0.24089753526951235,-0.0730729833318539,1.6609761099930531,0.24089753526951235,-0.0730729833318539,1.6609761099930531,0.0,0.0,0.0,4.531595970988065,0.07552659951646776
1.4759999999999482,0.24052962001542266,-0.07287959575213582,1.6607628716077134,0.24089753526951235,-0.0730729833318539,1.6609761099930531,0.24089753526951235,-0.0730729833318539,1.6609761099930531,0.0,0.0,0.0,4.531780081970661,0.07552966803284435
1.4769999999999481,0.2405347570169405,-0.07288238065325679,1.6607659447757832,0.24089753526951235,-0.0730729833318539,1.6609761099930531,0.24089753526951235,-0.0730729833318539,1.6609761099930531,0.0,0.0,0.0,4.531962363696103,0.07553270606160171
1.477999999999948,0.24053987911295846,-0.07288515607161042,1.660769007500133,0.24089753526951235,-0.0730729833318539,1.6609761099930531,0.24089753526951235,-0.0730729833318539,1.6609761099930531,0.0,0.0,0.0,4.532142817577612,0.07553571362629354
1.478999999999948,0.24054498587303713,-0.07288792180268913,1.6607720595544853,0.24089753526951235,-0.0730729833318539,1.6609761099930531,0.24089753526951235,-0.0730729833318539,1.6609761099930531,0.0,0.0,0.0,4.532321445196985,0.07553869075328308
1.4799999999999478,0.2405500768734341,-0.0728906776452038,1.6607751007161407,0.24089753526951235,-0.0730729833318539,1.6609761099930531,0.24089753526951235,-0.0730729833318539,1.6609761099930531,0.0,0.0,0.0,4.532498248301499,0.07554163747169165
1.4809999999999477,0.24055515169707448,-0.07289342340107387,1.6607781307659728,0.24089753526951235,-0.0730729833318539,1.6609761099930531,0.24089753526951235,-0.0730729833318539,1.6609761099930531,0.0,0.0,0.0,4.532673228804309,0.07554455381340515
1.4819999999999476,0.24056020993352245,-0.0728961588754186,1.660781149488412,0.24089753526951235,-0.0730729833318539,1.6609761099930531,0.24089753526951235,-0.0730729833318539,1.6609761099930531,0.0,0.0,0.0,4.532846388780331,0.07554743981300552
1.4829999999999475,0.24056525117895122,-0.07289888387654414,1.660784156671432,0.24089753526951235,-0.0730729833318539,1.6609761099930531,0.24089753526951235,-0.0730729833318539,1.6609761099930531,0.0,0.0,0.0,4.533017730465839,0.07555029550776399
1.4839999999999474,0.24057027503611508,-0.07290159821593602,1.6607871521065414,0.24089753526951235,-0.0730729833318539,1.6609761099930531,0.24089753526951235,-0.0730729833318539,1.6609761099930531,0.0,0.0,0.0,4.533187256256701,0.07555312093761168
1.4849999999999473,0.24057528111431814,-0.07290430170824477,1.660790135588766,0.24089753526951235,-0.0730729833318539,1.6609761099930531,0.24089753526951235,-0.0730729833318539,1.6609761099930531,0.0,0.0,0.0,4.533354968706144,0.0755559161451024
1.4859999999999471,0.24058026902938434,-0.07290699417127736,1.66079310691664,0.24089753526951235,-0.0730729833318539,1.6609761099930531,0.24089753526951235,-0.0730729833318539,1.6609761099930531,0.0,0.0,0.0,4.533520870523591,0.07555868117539319
1.486999999999947,0.24058523840362694,-0.07290967542598403,1.6607960658921894,0.24089753526951235,-0.0730729833318539,1.6609761099930531,0.24089753526951235,-0.0730729833318539,1.6609761099930531,0.0,0.0,0.0,4.533684964572204,0.07556141607620341
1.487999999999947,0.24059018886581707,-0.07291234529644709,1.660799012320918,0.24089753526951235,-0.0730729833318539,1.6609761099930531,0.24089753526951235,-0.0730729833318539,1.6609761099930531,0.0,0.0,0.0,4.533847253867682,0.0755641208977947
1.4889999999999468,0.24059512005115263,-0.07291500360986848,1.6608019460117958,0.24089753526951235,-0.0730729833318539,1.6609761099930531,0.24089753526951235,-0.0730729833318539,1.6609761099930531,0.0,0.0,0.0,4.534007741576461,0.07556679569294102
1.4899999999999467,0.24060003160122623,-0.07291765019655766,1.660804866777241,0.24089753526951235,-0.0730729833318539,1.6609761099930531,0.24089753526951235,-0.0730729833318539,1.6609761099930531,0.0,0.0,0.0,4.534166431013543,0.07556944051689238
1.4909999999999466,0.24060492316399304,-0.07292028488991961,1.6608077744331093,0.24089753526951235,-0.0730729833318539,1.6609761099930531,0.24089753526951235,-0.0730729833318539,1.6609761099930531,0.0,0.0,0.0,4.534323325641468,0.0755720554273578
1.4919999999999465,0.24060979439373908,-0.07292290752643965,1.6608106687986763,0.24089753526951235,-0.0730729833318539,1.6609761099930531,0.24089753526951235,-0.0730729833318539,1.6609761099930531,0.0,0.0,0.0,4.534478429067965,0.07557464048446609
1.4929999999999464,0.2406146449510465,-0.07292551794567335,1.6608135496966223,0.24089753526951235,-0.0730729833318539,1.6609761099930531,0.24089753526951235,-0.0730729833318539,1.6609761099930531,0.0,0.0,0.0,4.534631745044086,0.07557719575073477
1.4939999999999463,0.2406194745027629,-0.07292811599023089,1.6608164169530175,0.24089753526951235,-0.0730729833318539,1.6609761099930531,0.24089753526951235,-0.0730729833318539,1.6609761099930531,0.0,0.0,0.0,4.534783277462948,0.07557972129104913
1.4949999999999461,0.24062428272196595,-0.07293070150576496,1.6608192703973088,0.24089753526951235,-0.0730729833318539,1.6609761099930531,0.24089753526951235,-0.0730729833318539,1.6609761099930531,0.0,0.0,0.0,4.534933030357825,0.07558221717263042
1.495999999999946,0.24062906928793049,-0.07293327434095517,1.6608221098622975,0.24089753526951235,-0.0730729833318539,1.6609761099930531,0.24089753526951235,-0.0730729833318539,1.6609761099930531,0.0,0.0,0.0,4.535081007899858,0.07558468346499762
1.496999999999946,0.2406338338860941,-0.07293583434749588,1.6608249351841289,0.24089753526951235,-0.0730729833318539,1.6609761099930531,0.24089753526951235,-0.0730729833318539,1.6609761099930531,0.0,0.0,0.0,4.535227214397372,0.0755871202399562
1.4979999999999458,0.2406385762080233,-0.07293838138008085,1.660827746202274,0.24089753526951235,-0.0730729833318539,1.6609761099930531,0.24089753526951235,-0.0730729833318539,1.6609761099930531,0.0,0.0,0.0,4.535371654293144,0.07558952757155239
1.4989999999999457,0.240643295951378,-0.0729409152963882,1.6608305427595125,0.24089753526951235,-0.0730729833318539,1.6609761099930531,0.24089753526951235,-0.0730729833318539,1.6609761099930531,0.0,0.0,0.0,4.535514332162928,0.0755919055360488
1.4999999999999456,0.2406479928198766,-0.07294343595706722,1.6608333247019162,0.24089753526951235,-0.0730729833318539,1.6609761099930531,0.24089753526951235,-0.0730729833318539,1.6609761099930531,0.0,0.0,0.0,4.535655252713825,0.07559425421189708
1.5009999999999455,0.2406526665232619,-0.07294594322572213,1.6608360918788323,0.24089753526951235,-0.0730729833318539,1.6609761099930531,0.24089753526951235,-0.0730729833318539,1.6609761099930531,0.0,0.0,0.0,4.535794420782377,0.07559657367970628
