time_s,ee_x,ee_y,ee_z,ref_x,ref_y,ref_z,actor_goal_x,actor_goal_y,actor_goal_z,force_x_n,force_y_n,force_z_n,max_abs_ctrl,max_control_fraction
0.001,0.24089753526951235,-0.0730729833318539,1.6609761099930531,0.24089753526951235,-0.0730729833318539,1.6609761099930531,0.24089753526951235,-0.0730729833318539,1.6609761099930531,0.0,0.0,0.0,4.534865693479492,0.07558109489132488
0.002,0.24089792617506692,-0.07307301570812491,1.6609760723441913,0.24089753526951235,-0.0730729833318539,1.6609761099930531,0.24089753526951235,-0.0730729833318539,1.6609761099930531,0.0,0.0,0.0,4.543371965735952,0.07572286609559921
0.003,0.24089831937263367,-0.07307305800194208,1.6609758875775094,0.24089753526951235,-0.0730729833318539,1.6609761099930531,0.24089753526951235,-0.0730729833318539,1.6609761099930531,0.0,0.0,0.0,4.546486206865062,0.0757747701144177
0.004,0.2408985957654861,-0.07307309911920146,1.6609755519563392,0.24089753526951235,-0.0730729833318539,1.6609761099930531,0.24089753526951235,-0.0730729833318539,1.6609761099930531,0.0,0.0,0.0,4.547370392007597,0.07578950653345995
0.005,0.24089873794175637,-0.07307313342751032,1.660975099132559,0.24089753526951235,-0.0730729833318539,1.6609761099930531,0.24089753526951235,-0.0730729833318539,1.6609761099930531,0.0,0.0,0.0,4.547261555272216,0.07578769258787027
0.006,0.24089876347263128,-0.07307315819853082,1.6609745726022926,0.24089753526951235,-0.0730729833318539,1.6609761099930531,0.24089753526951235,-0.0730729833318539,1.6609761099930531,0.0,0.0,0.0,4.546639253210957,0.07577732088684928
0.007,0.24089869906033148,-0.07307317240472247,1.6609740147617835,0.24089753526951235,-0.0730729833318539,1.6609761099930531,0.24089753526951235,-0.0730729833318539,1.6609761099930531,0.0,0.0,0.0,4.5456951358645945,0.07576158559774324
0.008,0.24089857103728676,-0.07307317609414617,1.660973462744322,0.24089753526951235,-0.0730729833318539,1.6609761099930531,0.24089753526951235,-0.0730729833318539,1.6609761099930531,0.0,0.0,0.0,4.544518458494319,0.07574197430823865
0.009000000000000001,0.24089840228452591,-0.07307317002219295,1.66097294704451,0.24089753526951235,-0.0730729833318539,1.6609761099930531,0.24089753526951235,-0.0730729833318539,1.6609761099930531,0.0,0.0,0.0,4.543166597065507,0.0757194432844251
0.010000000000000002,0.2408982115790028,-0.07307315540599268,1.6609724913086854,0.24089753526951235,-0.0730729833318539,1.6609761099930531,0.24089753526951235,-0.0730729833318539,1.6609761099930531,0.0,0.0,0.0,4.54168961561979,0.0756948269269965
0.011000000000000003,0.2408980137941087,-0.07307313374458832,1.6609721126325874,0.24089753526951235,-0.0730729833318539,1.6609761099930531,0.24089753526951235,-0.0730729833318539,1.6609761099930531,0.0,0.0,0.0,4.540136997022979,0.075668949950383
0.012000000000000004,0.24089782035056428,-0.0730731066800805,1.6609718220945973,0.24089753526951235,-0.0730729833318539,1.6609761099930531,0.24089753526951235,-0.0730729833318539,1.6609761099930531,0.0,0.0,0.0,4.53855788726847,0.0756426314544745
0.013000000000000005,0.2408976397008495,-0.07307307588835868,1.660971625406956,0.24089753526951235,-0.0730729833318539,1.6609761099930531,0.24089753526951235,-0.0730729833318539,1.6609761099930531,0.0,0.0,0.0,4.5369993599385365,0.07561665599897562
0.014000000000000005,0.24089747777903403,-0.07307304299363455,1.660971523627682,0.24089753526951235,-0.0730729833318539,1.6609761099930531,0.24089753526951235,-0.0730729833318539,1.6609761099930531,0.0,0.0,0.0,4.535504428268125,0.07559174047113543
0.015000000000000006,0.24089733840195157,-0.0730730095033272,1.6609715138993144,0.24089753526951235,-0.0730729833318539,1.6609761099930531,0.24089753526951235,-0.0730729833318539,1.6609761099930531,0.0,0.0,0.0,4.534110413838359,0.07556850689730599
0.016000000000000007,0.24089722362492136,-0.07307297676078735,1.6609715901899562,0.24089753526951235,-0.0730729833318539,1.6609761099930531,0.24089753526951235,-0.0730729833318539,1.6609761099930531,0.0,0.0,0.0,4.53284783799161,0.07554746396652683
0.017000000000000008,0.2408971340588954,-0.07307294591373117,1.6609717440165266,0.24089753526951235,-0.0730729833318539,1.6609761099930531,0.24089753526951235,-0.0730729833318539,1.6609761099930531,0.0,0.0,0.0,4.531739832061538,0.07552899720102563
0.01800000000000001,0.24089706915506312,-0.07307291789637395,1.660971965133071,0.24089753526951235,-0.0730729833318539,1.6609761099930531,0.24089753526951235,-0.0730729833318539,1.6609761099930531,0.0,0.0,0.0,4.530802001794813,0.07551336669658021
0.01900000000000001,0.2408970274610906,-0.0730728934233149,1.6609722421697333,0.24089753526951235,-0.0730729833318539,1.6609761099930531,0.24089753526951235,-0.0730729833318539,1.6609761099930531,0.0,0.0,0.0,4.530042663789376,0.07550071106315627
0.02000000000000001,0.24089700685148055,-0.07307287299325543,1.6609725632108234,0.24089753526951235,-0.0730729833318539,1.6609761099930531,0.24089753526951235,-0.0730729833318539,1.6609761099930531,0.0,0.0,0.0,4.529463370993197,0.07549105618321995
0.02100000000000001,0.24089700473331438,-0.07307285690068077,1.6609729163033906,0.24089753526951235,-0.0730729833318539,1.6609761099930531,0.24089753526951235,-0.0730729833318539,1.6609761099930531,0.0,0.0,0.0,4.529059649878289,0.07548432749797149
0.022000000000000013,0.24089701822794693,-0.07307284525371727,1.6609732898907015,0.24089753526951235,-0.0730729833318539,1.6609761099930531,0.24089753526951235,-0.0730729833318539,1.6609761099930531,0.0,0.0,0.0,4.528821879773819,0.07548036466289698
0.023000000000000013,0.24089704432890469,-0.07307283799647205,1.6609736731678937,0.24089753526951235,-0.0730729833318539,1.6609761099930531,0.24089753526951235,-0.0730729833318539,1.6609761099930531,0.0,0.0,0.0,4.528736253479231,0.07547893755798718
0.024000000000000014,0.2408970800362349,-0.07307283493431241,1.6609740563597633,0.24089753526951235,-0.0730729833318539,1.6609761099930531,0.24089753526951235,-0.0730729833318539,1.6609761099930531,0.0,0.0,0.0,4.52878576704361,0.07547976278406017
0.025000000000000015,0.24089712246772405,-0.07307283576067443,1.6609744309229924,0.24089753526951235,-0.0730729833318539,1.6609761099930531,0.24089753526951235,-0.0730729833318539,1.6609761099930531,0.0,0.0,0.0,4.52895119522173,0.07548251992036216
0.026000000000000016,0.24089716894769736,-0.07307284008419176,1.6609747896771692,0.24089753526951235,-0.0730729833318539,1.6609761099930531,0.24089753526951235,-0.0730729833318539,1.6609761099930531,0.0,0.0,0.0,4.529212017437883,0.07548686695729806
0.027000000000000017,0.24089721707444164,-0.07307284745508949,1.6609751268705502,0.24089753526951235,-0.0730729833318539,1.6609761099930531,0.24089753526951235,-0.0730729833318539,1.6609761099930531,0.0,0.0,0.0,4.529547266964968,0.07549245444941614
0.028000000000000018,0.24089726476762713,-0.073072857390007,1.6609754381877857,0.24089753526951235,-0.0730729833318539,1.6609761099930531,0.24089753526951235,-0.0730729833318539,1.6609761099930531,0.0,0.0,0.0,4.529936283377032,0.07549893805628387
0.02900000000000002,0.24089731029740602,-0.0730728693945718,1.6609757207076332,0.24089753526951235,-0.0730729833318539,1.6609761099930531,0.24089753526951235,-0.0730729833318539,1.6609761099930531,0.0,0.0,0.0,4.5303593550372945,0.07550598925062157
0.03000000000000002,0.24089735229711196,-0.07307288298325093,1.6609759728191995,0.24089753526951235,-0.0730729833318539,1.6609761099930531,0.24089753526951235,-0.0730729833318539,1.6609761099930531,0.0,0.0,0.0,4.530798244409004,0.0755133040734834
0.03100000000000002,0.2408973897616633,-0.07307289769615757,1.6609761941053596,0.24089753526951235,-0.0730729833318539,1.6609761099930531,0.24089753526951235,-0.0730729833318539,1.6609761099930531,0.0,0.0,0.0,4.5312365942297586,0.0755206099038293
0.03200000000000002,0.2408974220338812,-0.07307291311265307,1.6609763852018569,0.24089753526951235,-0.0730729833318539,1.6609761099930531,0.24089753526951235,-0.0730729833318539,1.6609761099930531,0.0,0.0,0.0,4.531660217081854,0.07552767028469758
0.03300000000000002,0.2408974487809754,-0.0730729288617177,1.660976547640178,0.24089753526951235,-0.0730729833318539,1.6609761099930531,0.24089753526951235,-0.0730729833318539,1.6609761099930531,0.0,0.0,0.0,4.532057274579872,0.07553428790966453
0.03400000000000002,0.24089746996341643,-0.07307294462918135,1.660976683681681,0.24089753526951235,-0.0730729833318539,1.6609761099930531,0.24089753526951235,-0.0730729833318539,1.6609761099930531,0.0,0.0,0.0,4.532418355316935,0.07554030592194891
0.035000000000000024,0.2408974857983316,-0.07307296016199642,1.6609767961496855,0.24089753526951235,-0.0730729833318539,1.6609761099930531,0.24089753526951235,-0.0730729833318539,1.6609761099930531,0.0,0.0,0.0,4.532736462873009,0.07554560771455016
0.036000000000000025,0.24089749671940902,-0.07307297526981779,1.6609768882653404,0.24089753526951235,-0.0730729833318539,1.6609761099930531,0.24089753526951235,-0.0730729833318539,1.6609761099930531,0.0,0.0,0.0,4.533006926649876,0.07555011544416461
0.037000000000000026,0.24089750333512774,-0.07307298982420125,1.6609769634921572,0.24089753526951235,-0.0730729833318539,1.6609761099930531,0.24089753526951235,-0.0730729833318539,1.6609761099930531,0.0,0.0,0.0,4.533227249108215,0.07555378748513691
0.03800000000000003,0.2408975063869125,-0.07307300375577792,1.6609770253930993,0.24089753526951235,-0.0730729833318539,1.6609761099930531,0.24089753526951235,-0.0730729833318539,1.6609761099930531,0.0,0.0,0.0,4.533396903212758,0.07555661505354597
0.03900000000000003,0.24089750670857732,-0.07307301704976854,1.660977077503173,0.24089753526951235,-0.0730729833318539,1.6609761099930531,0.24089753526951235,-0.0730729833318539,1.6609761099930531,0.0,0.0,0.0,4.533517093625028,0.0755586182270838
0.04000000000000003,0.24089750518819092,-0.07307302974021544,1.6609771232195216,0.24089753526951235,-0.0730729833318539,1.6609761099930531,0.24089753526951235,-0.0730729833318539,1.6609761099930531,0.0,0.0,0.0,4.533590494487003,0.07555984157478338
0.04100000000000003,0.2408975027332408,-0.07307304190329826,1.6609771657101875,0.24089753526951235,-0.0730729833318539,1.6609761099930531,0.24089753526951235,-0.0730729833318539,1.6609761099930531,0.0,0.0,0.0,4.533620975618984,0.07556034959364973
0.04200000000000003,0.2408975002397477,-0.07307305365006897,1.660977207841902,0.24089753526951235,-0.0730729833318539,1.6609761099930531,0.24089753526951235,-0.0730729833318539,1.6609761099930531,0.0,0.0,0.0,4.533613327666406,0.07556022212777343
0.04300000000000003,0.24089749856574838,-0.07307306511892749,1.660977252126618,0.24089753526951235,-0.0730729833318539,1.6609761099930531,0.24089753526951235,-0.0730729833318539,1.6609761099930531,0.0,0.0,0.0,4.533572995282841,0.07555954992138068
0.04400000000000003,0.24089749850936754,-0.07307307646810861,1.6609773006858948,0.24089753526951235,-0.0730729833318539,1.6609761099930531,0.24089753526951235,-0.0730729833318539,1.6609761099930531,0.0,0.0,0.0,4.533505825873389,0.07555843043122315
0.04500000000000003,0.24089750079151714,-0.07307308786842388,1.6609773552318294,0.24089753526951235,-0.0730729833318539,1.6609761099930531,0.24089753526951235,-0.0730729833318539,1.6609761099930531,0.0,0.0,0.0,4.533417839842284,0.0755569639973714
0.046000000000000034,0.24089750604309856,-0.0730730994964485,1.660977417062825,0.24089753526951235,-0.0730729833318539,1.6609761099930531,0.24089753526951235,-0.0730729833318539,1.6609761099930531,0.0,0.0,0.0,4.533315026719226,0.07555525044532044
0.047000000000000035,0.24089751479645832,-0.07307311152830669,1.6609774870722964,0.24089753526951235,-0.0730729833318539,1.6609761099930531,0.24089753526951235,-0.0730729833318539,1.6609761099930531,0.0,0.0,0.0,4.533203170057875,0.07555338616763124
0.048000000000000036,0.24089752748075166,-0.07307312413417084,1.660977565768232,0.24089753526951235,-0.0730729833318539,1.6609761099930531,0.24089753526951235,-0.0730729833318539,1.6609761099930531,0.0,0.0,0.0,4.533087702623397,0.07555146171038994
0.04900000000000004,0.24089754442078254,-0.07307313747354023,1.660977653301506,0.24089753526951235,-0.0730729833318539,1.6609761099930531,0.24089753526951235,-0.0730729833318539,1.6609761099930531,0.0,0.0,0.0,4.5329735921653995,0.07554955986942333
0.05000000000000004,0.2408975658388439,-0.07307315169134165,1.6609777495008318,0.24089753526951235,-0.0730729833318539,1.6609761099930531,0.24089753526951235,-0.0730729833318539,1.6609761099930531,0.0,0.0,0.0,4.532865257011487,0.07554775428352478
0.05100000000000004,0.24089759185906717,-0.07307316691485428,1.6609778539123659,0.24089753526951235,-0.0730729833318539,1.6609761099930531,0.24089753526951235,-0.0730729833318539,1.6609761099930531,0.0,0.0,0.0,4.532766509840199,0.07554610849733664
0.05200000000000004,0.24089762251376437,-0.0730731832514367,1.6609779658421033,0.24089753526951235,-0.0730729833318539,1.6609761099930531,0.24089753526951235,-0.0730729833318539,1.6609761099930531,0.0,0.0,0.0,4.532680527303124,0.07554467545505207
0.05300000000000004,0.24089765775128116,-0.07307320078701476,1.6609780843993875,0.24089753526951235,-0.0730729833318539,1.6609761099930531,0.24089753526951235,-0.0730729833318539,1.6609761099930531,0.0,0.0,0.0,4.532609842647594,0.0755434973774599
0.05400000000000004,0.2408976974448972,-0.07307321958526872,1.660978208540091,0.24089753526951235,-0.0730729833318539,1.6609761099930531,0.24089753526951235,-0.0730729833318539,1.6609761099930531,0.0,0.0,0.0,4.532556358165417,0.07554260596942361
0.05500000000000004,0.2408977414023499,-0.07307323968744642,1.6609783371082298,0.24089753526951235,-0.0730729833318539,1.6609761099930531,0.24089753526951235,-0.0730729833318539,1.6609761099930531,0.0,0.0,0.0,4.532521374108093,0.07554202290180155
0.05600000000000004,0.24089778937560627,-0.07307326111272108,1.6609784688750266,0.24089753526951235,-0.0730729833318539,1.6609761099930531,0.24089753526951235,-0.0730729833318539,1.6609761099930531,0.0,0.0,0.0,4.532505630682179,0.07554176051136965
0.057000000000000044,0.24089784107057294,-0.07307328385901064,1.660978602574676,0.24089753526951235,-0.0730729833318539,1.6609761099930531,0.24089753526951235,-0.0730729833318539,1.6609761099930531,0.0,0.0,0.0,4.532509359823617,0.07554182266372696
0.058000000000000045,0.24089789615646795,-0.07307330790417126,1.6609787369362665,0.24089753526951235,-0.0730729833318539,1.6609761099930531,0.24089753526951235,-0.0730729833318539,1.6609761099930531,0.0,0.0,0.0,4.554213386235612,0.0755422057274228
0.059000000000000045,0.24089795427465915,-0.07307333320748392,1.6609788707115403,0.24089753526951235,-0.0730729833318539,1.6609761099930531,0.24089753526951235,-0.0730729833318539,1.6609761099930531,0.0,0.0,0.0,4.595200998921227,0.07554289961198328
0.060000000000000046,0.24089801504680874,-0.07307335971135331,1.66097900269835,0.24089753526951235,-0.0730729833318539,1.6609761099930531,0.24089753526951235,-0.0730729833318539,1.6609761099930531,0.0,0.0,0.0,4.633178382588351,0.07554388882802571
0.06100000000000005,0.24089807808222433,-0.07307338734314918,1.6609791317598215,0.24089753526951235,-0.0730729833318539,1.6609761099930531,0.24089753526951235,-0.0730729833318539,1.6609761099930531,0.0,0.0,0.0,4.668122656316889,0.07554515353364483
0.06200000000000005,0.2408981429843579,-0.07307341601712762,1.6609792568393666,0.24089753526951235,-0.0730729833318539,1.6609761099930531,0.24089753526951235,-0.0730729833318539,1.6609761099930531,0.0,0.0,0.0,4.700020964124993,0.07554667053765884
0.06300000000000004,0.2408982093564348,-0.07307344563637083,1.660979376971816,0.24089753526951235,-0.0730729833318539,1.6609761099930531,0.24089753526951235,-0.0730729833318539,1.6609761099930531,0.0,0.0,0.0,4.728870472780718,0.07554841423663979
0.06400000000000004,0.240898276806227,-0.07307347609470796,1.660979491290978,0.24089753526951235,-0.0730729833318539,1.6609761099930531,0.24089753526951235,-0.0730729833318539,1.6609761099930531,0.0,0.0,0.0,4.754678266777101,0.07555035746868949
0.06500000000000004,0.24089834495000678,-0.07307350727856975,1.6609795990340224,0.24089753526951235,-0.0730729833318539,1.6609761099930531,0.24089753526951235,-0.0730729833318539,1.6609761099930531,0.0,0.0,0.0,4.77746114473715,0.07555247227276524
0.06600000000000004,0.2408984134157467,-0.0730735390687551,1.6609796995431019,0.24089753526951235,-0.0730729833318539,1.6609761099930531,0.24089753526951235,-0.0730729833318539,1.6609761099930531,0.0,0.0,0.0,4.7972453235092996,0.0755547305473221
0.06700000000000005,0.24089848184563104,-0.07307357134208087,1.6609797922646292,0.24089753526951235,-0.0730729833318539,1.6609761099930531,0.24089753526951235,-0.0730729833318539,1.6609761099930531,0.0,0.0,0.0,4.814066057914266,0.07555710460659047
0.06800000000000005,0.24089854989796483,-0.07307360397290753,1.6609798767466433,0.24089753526951235,-0.0730729833318539,1.6609761099930531,0.24089753526951235,-0.0730729833318539,1.6609761099930531,0.0,0.0,0.0,4.827967185512083,0.0755595676364953
0.06900000000000005,0.2408986172485595,-0.07307363683452531,1.6609799526346434,0.24089753526951235,-0.0730729833318539,1.6609761099930531,0.24089753526951235,-0.0730729833318539,1.6609761099930531,0.0,0.0,0.0,4.839000606771438,0.0755620940551955
0.07000000000000005,0.2408986835916794,-0.07307366980040093,1.6609800196662852,0.24089753526951235,-0.0730729833318539,1.6609761099930531,0.24089753526951235,-0.0730729833318539,1.6609761099930531,0.0,0.0,0.0,4.847225711743096,0.07556465978552683
0.07100000000000005,0.2408987486406261,-0.07307370274528378,1.6609800776652555,0.24089753526951235,-0.0730729833318539,1.6609761099930531,0.24089753526951235,-0.0730729833318539,1.6609761099930531,0.0,0.0,0.0,4.85270876464171,0.07556724244811483
0.07200000000000005,0.24089881214092124,-0.07307373554819312,1.660980126525202,0.24089753526951235,-0.0730729833318539,1.6609761099930531,0.24089753526951235,-0.0730729833318539,1.6609761099930531,0.0,0.0,0.0,4.855529241790235,0.07556982885678669
0.07300000000000005,0.24089887386720954,-0.07307376809077988,1.660980166187067,0.24089753526951235,-0.0730729833318539,1.6609761099930531,0.24089753526951235,-0.0730729833318539,1.6609761099930531,0.0,0.0,0.0,4.855781853286503,0.07557241199754482
0.07400000000000005,0.24089893361499862,-0.07307380025713041,1.6609801966170323,0.24089753526951235,-0.0730729833318539,1.6609761099930531,0.24089753526951235,-0.0730729833318539,1.6609761099930531,0.0,0.0,0.0,4.853576990194627,0.075574989255854
0.07500000000000005,0.24089899117326247,-0.07307383193248981,1.6609802178022155,0.24089753526951235,-0.0730729833318539,1.6609761099930531,0.24089753526951235,-0.0730729833318539,1.6609761099930531,0.0,0.0,0.0,4.849029804199268,0.07557755032621993
0.07600000000000005,0.24089904632063736,-0.07307386300325876,1.660980229760831,0.24089753526951235,-0.0730729833318539,1.6609761099930531,0.24089753526951235,-0.0730729833318539,1.6609761099930531,0.0,0.0,0.0,4.842255080600379,0.07558008011042233
0.07700000000000005,0.24089909883370575,-0.07307389335787438,1.6609802325548917,0.24089753526951235,-0.0730729833318539,1.6609761099930531,0.24089753526951235,-0.0730729833318539,1.6609761099930531,0.0,0.0,0.0,4.833365789835424,0.07558256179016813
0.07800000000000006,0.2408991484966808,-0.07307392288798599,1.6609802263002849,0.24089753526951235,-0.0730729833318539,1.6609761099930531,0.24089753526951235,-0.0730729833318539,1.6609761099930531,0.0,0.0,0.0,4.822472651904102,0.07558497812259493
0.07900000000000006,0.24089919510957536,-0.07307395148969115,1.6609802111730314,0.24089753526951235,-0.0730729833318539,1.6609761099930531,0.24089753526951235,-0.0730729833318539,1.6609761099930531,0.0,0.0,0.0,4.809684006879946,0.07558731218785272
0.08000000000000006,0.24089923849428235,-0.07307397906471498,1.6609801874117887,0.24089753526951235,-0.0730729833318539,1.6609761099930531,0.24089753526951235,-0.0730729833318539,1.6609761099930531,0.0,0.0,0.0,4.795105773315193,0.07558954794781705
0.08100000000000006,0.24089927849868126,-0.0730740055214649,1.6609801553170362,0.24089753526951235,-0.0730729833318539,1.6609761099930531,0.24089753526951235,-0.0730729833318539,1.6609761099930531,0.0,0.0,0.0,4.778841429385663,0.07559167070779448
0.08200000000000006,0.24089931499904313,-0.07307403077592299,1.6609801152474992,0.24089753526951235,-0.0730729833318539,1.6609761099930531,0.24089753526951235,-0.0730729833318539,1.6609761099930531,0.0,0.0,0.0,4.760991998514536,0.07559366749641874
0.08300000000000006,0.2408993479010224,-0.07307405475234832,1.6609800676143849,0.24089753526951235,-0.0730729833318539,1.6609761099930531,0.24089753526951235,-0.0730729833318539,1.6609761099930531,0.0,0.0,0.0,4.7416560350694805,0.07559552736087635
0.08400000000000006,0.24089937713950493,-0.07307407738378136,1.6609800128739813,0.24089753526951235,-0.0730729833318539,1.6609761099930531,0.24089753526951235,-0.0730729833318539,1.6609761099930531,0.0,0.0,0.0,4.720929609550142,0.07559724157374877
0.08500000000000006,0.24089940267755006,-0.07307409861234744,1.6609799515191446,0.24089753526951235,-0.0730729833318539,1.6609761099930531,0.24089753526951235,-0.0730729833318539,1.6609761099930531,0.0,0.0,0.0,4.698906293600251,0.07559880375127134
0.08600000000000006,0.2408994245046447,-0.07307411838936556,1.6609798840701475,0.24089753526951235,-0.0730729833318539,1.6609761099930531,0.24089753526951235,-0.0730729833318539,1.6609761099930531,0.0,0.0,0.0,4.675677145284041,0.07560020988674
0.08700000000000006,0.24089944263445073,-0.07307413667527932,1.6609798110653184,0.24089753526951235,-0.0730729833318539,1.6609761099930531,0.24089753526951235,-0.0730729833318539,1.6609761099930531,0.0,0.0,0.0,4.651330695042942,0.0756014583061533
0.08800000000000006,0.24089945710222044,-0.0730741534394243,1.660979733051833,0.24089753526951235,-0.0730729833318539,1.6609761099930531,0.24089753526951235,-0.0730729833318539,1.6609761099930531,0.0,0.0,0.0,4.625952932713831,0.07560254955556327
0.08900000000000007,0.24089946796201467,-0.07307416865965699,1.6609796505769703,0.24089753526951235,-0.0730729833318539,1.6609761099930531,0.24089753526951235,-0.0730729833318539,1.6609761099930531,0.0,0.0,0.0,4.599627295962417,0.07560348623133945
0.09000000000000007,0.24089947528385702,-0.0730741823218687,1.6609795641800789,0.24089753526951235,-0.0730729833318539,1.6609761099930531,0.24089753526951235,-0.0730729833318539,1.6609761099930531,0.0,0.0,0.0,4.5724346604849675,0.0756042727653136
0.09100000000000007,0.24089947915091459,-0.07307419441940764,1.6609794743854382,0.24089753526951235,-0.0730729833318539,1.6609761099930531,0.24089753526951235,-0.0730729833318539,1.6609761099930531,0.0,0.0,0.0,4.544453332345676,0.07560491517708634
0.09200000000000007,0.24089947965680641,-0.07307420495243741,1.6609793816961465,0.24089753526951235,-0.0730729833318539,1.6609761099930531,0.24089753526951235,-0.0730729833318539,1.6609761099930531,0.0,0.0,0.0,4.536325248323577,0.07560542080539295
0.09300000000000007,0.24089947690308816,-0.07307421392725301,1.6609792865891113,0.24089753526951235,-0.0730729833318539,1.6609761099930531,0.24089753526951235,-0.0730729833318539,1.6609761099930531,0.0,0.0,0.0,4.53634788178816,0.07560579802980266
0.09400000000000007,0.24089947099697176,-0.07307422135557896,1.6609791895111703,0.24089753526951235,-0.0730729833318539,1.6609761099930531,0.24089753526951235,-0.0730729833318539,1.6609761099930531,0.0,0.0,0.0,4.536363359568352,0.07560605599280586
0.09500000000000007,0.24089946204931384,-0.07307422725386664,1.660979090876327,0.24089753526951235,-0.0730729833318539,1.6609761099930531,0.24089753526951235,-0.0730729833318539,1.6609761099930531,0.0,0.0,0.0,4.536372259873659,0.07560620433122764
0.09600000000000007,0.24089945017288522,-0.07307423164261359,1.6609789910640556,0.24089753526951235,-0.0730729833318539,1.6609761099930531,0.24089753526951235,-0.0730729833318539,1.6609761099930531,0.0,0.0,0.0,4.536375175461792,0.07560625292436321
0.09700000000000007,0.2408994354809343,-0.07307423454571453,1.6609788904185918,0.24089753526951235,-0.0730729833318539,1.6609761099930531,0.24089753526951235,-0.0730729833318539,1.6609761099930531,0.0,0.0,0.0,4.536372699883327,0.07560621166472212
0.09800000000000007,0.24089941808603502,-0.0730742359898568,1.6609787892491081,0.24089753526951235,-0.0730729833318539,1.6609761099930531,0.24089753526951235,-0.0730729833318539,1.6609761099930531,0.0,0.0,0.0,4.536365415349522,0.07560609025582536
0.09900000000000007,0.2408993980992111,-0.07307423600397443,1.6609786878306618,0.24089753526951235,-0.0730729833318539,1.6609761099930531,0.24089753526951235,-0.0730729833318539,1.6609761099930531,0.0,0.0,0.0,4.536353882396516,0.07560589803994193
0.10000000000000007,0.2408993756293122,-0.07307423461875763,1.6609785864057884,0.24089753526951235,-0.0730729833318539,1.6609761099930531,0.24089753526951235,-0.0730729833318539,1.6609761099930531,0.0,0.0,0.0,4.536338631442069,0.07560564385736782
0.10100000000000008,0.2408993507826176,-0.07307423186622986,1.6609784851865956,0.24089753526951235,-0.0730729833318539,1.6609761099930531,0.24089753526951235,-0.0730729833318539,1.6609761099930531,0.0,0.0,0.0,4.536320156252018,0.07560533593753364
0.10200000000000008,0.24089932366263883,-0.07307422777938868,1.660978384357256,0.24089753526951235,-0.0730729833318539,1.6609761099930531,0.24089753526951235,-0.0730729833318539,1.6609761099930531,0.0,0.0,0.0,4.536298909273719,0.07560498182122864
0.10300000000000008,0.24089929437008983,-0.07307422239190942,1.6609782840767453,0.24089753526951235,-0.0730729833318539,1.6609761099930531,0.24089753526951235,-0.0730729833318539,1.6609761099930531,0.0,0.0,0.0,4.536275298731623,0.07560458831219372
0.10400000000000008,0.24089926300299003,-0.07307421573790986,1.6609781844817246,0.24089753526951235,-0.0730729833318539,1.6609761099930531,0.24089753526951235,-0.0730729833318539,1.6609761099930531,0.0,0.0,0.0,4.536249687345264,0.0756041614557544
0.10500000000000008,0.24089922965687235,-0.0730742078517737,1.6609780856894654,0.24089753526951235,-0.0730729833318539,1.6609761099930531,0.24089753526951235,-0.0730729833318539,1.6609761099930531,0.0,0.0,0.0,4.536222392488093,0.07560370654146822
0.10600000000000008,0.24089919442506202,-0.07307419876802053,1.660977987800711,0.24089753526951235,-0.0730729833318539,1.6609761099930531,0.24089753526951235,-0.0730729833318539,1.6609761099930531,0.0,0.0,0.0,4.536193687587223,0.07560322812645372
0.10700000000000008,0.24089915739900092,-0.07307418852122366,1.6609778909024113,0.24089753526951235,-0.0730729833318539,1.6609761099930531,0.24089753526951235,-0.0730729833318539,1.6609761099930531,0.0,0.0,0.0,4.536163804551102,0.0756027300758517
0.10800000000000008,0.24089911866859254,-0.0730741771459642,1.6609777950702589,0.24089753526951235,-0.0730729833318539,1.6609761099930531,0.24089753526951235,-0.0730729833318539,1.6609761099930531,0.0,0.0,0.0,4.536132937005219,0.07560221561675365
0.10900000000000008,0.24089907832254095,-0.07307416467681654,1.6609777003709867,0.24089753526951235,-0.0730729833318539,1.6609761099930531,0.24089753526951235,-0.0730729833318539,1.6609761099930531,0.0,0.0,0.0,4.536101244123336,0.0756016874020556
0.11000000000000008,0.2408990364486726,-0.07307415114835523,1.6609776068643871,0.24089753526951235,-0.0730729833318539,1.6609761099930531,0.24089753526951235,-0.0730729833318539,1.6609761099930531,0.0,0.0,0.0,4.536068854845178,0.07560114758075297
0.11100000000000008,0.2408989931342213,-0.07307413659518316,1.6609775146050334,0.24089753526951235,-0.0730729833318539,1.6609761099930531,0.24089753526951235,-0.0730729833318539,1.6609761099930531,0.0,0.0,0.0,4.536035872296865,0.07560059787161441
0.11200000000000009,0.24089894846606622,-0.07307412105196634,1.6609774236437125,0.24089753526951235,-0.0730729833318539,1.6609761099930531,0.24089753526951235,-0.0730729833318539,1.6609761099930531,0.0,0.0,0.0,4.5360023782415,0.07560003963735834
0.11300000000000009,0.24089890253091883,-0.0730741045534763,1.66097733402854,0.24089753526951235,-0.0730729833318539,1.6609761099930531,0.24089753526951235,-0.0730729833318539,1.6609761099930531,0.0,0.0,0.0,4.535968437410303,0.07559947395683839
0.11400000000000009,0.24089885541544848,-0.07307408713463187,1.660977245805809,0.24089753526951235,-0.0730729833318539,1.6609761099930531,0.24089753526951235,-0.0730729833318539,1.6609761099930531,0.0,0.0,0.0,4.535934101599211,0.07559890169332019
0.11500000000000009,0.24089880720635193,-0.07307406883053916,1.6609771590205649,0.24089753526951235,-0.0730729833318539,1.6609761099930531,0.24089753526951235,-0.0730729833318539,1.6609761099930531,0.0,0.0,0.0,4.5358994134228965,0.07559832355704828
0.11600000000000009,0.2408987579903628,-0.07307404967652101,1.6609770737169403,0.24089753526951235,-0.0730729833318539,1.6609761099930531,0.24089753526951235,-0.0730729833318539,1.6609761099930531,0.0,0.0,0.0,4.535864409661552,0.07559774016102587
0.11700000000000009,0.24089870785420867,-0.07307402970814066,1.6609769899382927,0.24089753526951235,-0.0730729833318539,1.6609761099930531,0.24089753526951235,-0.0730729833318539,1.6609761099930531,0.0,0.0,0.0,4.535829124147619,0.07559715206912698
0.11800000000000009,0.24089865688451648,-0.073074008961211,1.6609769077271563,0.24089753526951235,-0.0730729833318539,1.6609761099930531,0.24089753526951235,-0.0730729833318539,1.6609761099930531,0.0,0.0,0.0,4.535793590163248,0.07559655983605414
0.11900000000000009,0.24089860516767736,-0.0730739874717937,1.6609768271250605,0.24089753526951235,-0.0730729833318539,1.6609761099930531,0.24089753526951235,-0.0730729833318539,1.6609761099930531,0.0,0.0,0.0,4.535757842345841,0.07559596403909735
0.12000000000000009,0.24089855278967492,-0.07307396527618479,1.66097674817224,0.24089753526951235,-0.0730729833318539,1.6609761099930531,0.24089753526951235,-0.0730729833318539,1.6609761099930531,0.0,0.0,0.0,4.535721918107627,0.07559536530179378
0.1210000000000001,0.24089849983588468,-0.07307394241088616,1.6609766709072709,0.24089753526951235,-0.0730729833318539,1.6609761099930531,0.24089753526951235,-0.0730729833318539,1.6609761099930531,0.0,0.0,0.0,4.535685858595824,0.0755947643099304
0.1220000000000001,0.24089844639085672,-0.07307391891256866,1.6609765953666624,0.24089753526951235,-0.0730729833318539,1.6609761099930531,0.24089753526951235,-0.0730729833318539,1.6609761099930531,0.0,0.0,0.0,4.535649709229658,0.0755941618204943
0.1230000000000001,0.24089839253808182,-0.07307389481802107,1.6609765215844348,0.24089753526951235,-0.0730729833318539,1.6609761099930531,0.24089753526951235,-0.0730729833318539,1.6609761099930531,0.0,0.0,0.0,4.53561351986058,0.075593558664343
0.1240000000000001,0.24089833835975843,-0.073073870164092,1.6609764495916999,0.24089753526951235,-0.0730729833318539,1.6609761099930531,0.24089753526951235,-0.0730729833318539,1.6609761099930531,0.0,0.0,0.0,4.535577344605084,0.07559295574341807
0.12500000000000008,0.24089828393655807,-0.07307384498762236,1.6609763794162786,0.24089753526951235,-0.0730729833318539,1.6609761099930531,0.24089753526951235,-0.0730729833318539,1.6609761099930531,0.0,0.0,0.0,4.5355412414094065,0.07559235402349011
0.12600000000000008,0.2408982293474001,-0.07307381932537338,1.6609763110823514,0.24089753526951235,-0.0730729833318539,1.6609761099930531,0.24089753526951235,-0.0730729833318539,1.6609761099930531,0.0,0.0,0.0,4.5355052713980015,0.07559175452330003
0.12700000000000009,0.24089817466924102,-0.07307379321394962,1.6609762446101781,0.24089753526951235,-0.0730729833318539,1.6609761099930531,0.24089753526951235,-0.0730729833318539,1.6609761099930531,0.0,0.0,0.0,4.535469498066924,0.07559115830111539
0.12800000000000009,0.24089811997688157,-0.07307376668972078,1.6609761800158713,0.24089753526951235,-0.0730729833318539,1.6609761099930531,0.24089753526951235,-0.0730729833318539,1.6609761099930531,0.0,0.0,0.0,4.535433986370351,0.07559056643950585
0.1290000000000001,0.24089806534279434,-0.07307373978874096,1.6609761173112498,0.24089753526951235,-0.0730729833318539,1.6609761099930531,0.24089753526951235,-0.0730729833318539,1.6609761099930531,0.0,0.0,0.0,4.535398801755113,0.07558998002925188
0.1300000000000001,0.24089801083697568,-0.07307371254667078,1.6609760565037592,0.24089753526951235,-0.0730729833318539,1.6609761099930531,0.24089753526951235,-0.0730729833318539,1.6609761099930531,0.0,0.0,0.0,4.535364009182782,0.07558940015304637
0.1310000000000001,0.24089795652682217,-0.0730736849987016,1.6609759975964655,0.24089753526951235,-0.0730729833318539,1.6609761099930531,0.24089753526951235,-0.0730729833318539,1.6609761099930531,0.0,0.0,0.0,4.53532967218157,0.07558882786969283
0.1320000000000001,0.2408979024770344,-0.07307365717948318,1.6609759405881173,0.24089753526951235,-0.0730729833318539,1.6609761099930531,0.24089753526951235,-0.0730729833318539,1.6609761099930531,0.0,0.0,0.0,4.535295851958634,0.07558826419931057
0.1330000000000001,0.24089784874954379,-0.07307362912305689,1.6609758854732672,0.24089753526951235,-0.0730729833318539,1.6609761099930531,0.24089753526951235,-0.0730729833318539,1.6609761099930531,0.0,0.0,0.0,4.535262606599316,0.0755877101099886
0.1340000000000001,0.24089779540346684,-0.07307360086279421,1.6609758322424575,0.24089753526951235,-0.0730729833318539,1.6609761099930531,0.24089753526951235,-0.0730729833318539,1.6609761099930531,0.0,0.0,0.0,4.535229990372922,0.07558716650621536
0.1350000000000001,0.24089774249508145,-0.07307357243134074,1.6609757808824412,0.24089753526951235,-0.0730729833318539,1.6609761099930531,0.24089753526951235,-0.0730729833318539,1.6609761099930531,0.0,0.0,0.0,4.535198053156809,0.07558663421928015
0.1360000000000001,0.24089769007782458,-0.07307354386056947,1.6609757313764502,0.24089753526951235,-0.0730729833318539,1.6609761099930531,0.24089753526951235,-0.0730729833318539,1.6609761099930531,0.0,0.0,0.0,4.535166839989128,0.07558611399981881
0.1370000000000001,0.24089763820231058,-0.07307351518153817,1.660975683704492,0.24089753526951235,-0.0730729833318539,1.6609761099930531,0.24089753526951235,-0.0730729833318539,1.6609761099930531,0.0,0.0,0.0,4.535136390749474,0.07558560651249123
0.1380000000000001,0.2408975869163658,-0.07307348642445635,1.6609756378436666,0.24089753526951235,-0.0730729833318539,1.6609761099930531,0.24089753526951235,-0.0730729833318539,1.6609761099930531,0.0,0.0,0.0,4.535106739966093,0.07558511233276821
0.1390000000000001,0.2408975362650787,-0.07307345761865772,1.6609755937684927,0.24089753526951235,-0.0730729833318539,1.6609761099930531,0.24089753526951235,-0.0730729833318539,1.6609761099930531,0.0,0.0,0.0,4.535077916743724,0.07558463194572873
0.1400000000000001,0.24089748629085972,-0.0730734287925793,1.6609755514512432,0.24089753526951235,-0.0730729833318539,1.6609761099930531,0.24089753526951235,-0.0730729833318539,1.6609761099930531,0.0,0.0,0.0,4.53504994480272,0.075584165746712
0.1410000000000001,0.24089743703351468,-0.07307339997374819,1.6609755108622732,0.24089753526951235,-0.0730729833318539,1.6609761099930531,0.24089753526951235,-0.0730729833318539,1.6609761099930531,0.0,0.0,0.0,4.535022842615379,0.07558371404358964
0.1420000000000001,0.24089738853032105,-0.07307337118877168,1.6609754719703385,0.24089753526951235,-0.0730729833318539,1.6609761099930531,0.24089753526951235,-0.0730729833318539,1.6609761099930531,0.0,0.0,0.0,4.534996623629738,0.07558327706049563
0.1430000000000001,0.24089734081611225,-0.07307334246333572,1.6609754347429015,0.24089753526951235,-0.0730729833318539,1.6609761099930531,0.24089753526951235,-0.0730729833318539,1.6609761099930531,0.0,0.0,0.0,4.534971296562044,0.07558285494270073
0.1440000000000001,0.2408972939233633,-0.07307331382220501,1.6609753991464156,0.24089753526951235,-0.0730729833318539,1.6609761099930531,0.24089753526951235,-0.0730729833318539,1.6609761099930531,0.0,0.0,0.0,4.53494686574594,0.07558244776243234
0.1450000000000001,0.24089724788227804,-0.07307328528923032,1.6609753651465864,0.24089753526951235,-0.0730729833318539,1.6609761099930531,0.24089753526951235,-0.0730729833318539,1.6609761099930531,0.0,0.0,0.0,4.534923331521356,0.07558205552535593
0.1460000000000001,0.24089720272087634,-0.07307325688735572,1.660975332708607,0.24089753526951235,-0.0730729833318539,1.6609761099930531,0.24089753526951235,-0.0730729833318539,1.6609761099930531,0.0,0.0,0.0,4.534900690650654,0.07558167817751091
0.1470000000000001,0.24089715846507845,-0.07307322863863179,1.6609753017973696,0.24089753526951235,-0.0730729833318539,1.6609761099930531,0.24089753526951235,-0.0730729833318539,1.6609761099930531,0.0,0.0,0.0,4.534878936747626,0.07558131561246044
0.1480000000000001,0.24089711513878737,-0.0730732005642298,1.660975272377646,0.24089753526951235,-0.0730729833318539,1.6609761099930531,0.24089753526951235,-0.0730729833318539,1.6609761099930531,0.0,0.0,0.0,4.534858060706261,0.07558096767843768
0.1490000000000001,0.24089707276396888,-0.07307317268445554,1.6609752444142425,0.24089753526951235,-0.0730729833318539,1.6609761099930531,0.24089753526951235,-0.0730729833318539,1.6609761099930531,0.0,0.0,0.0,4.534838051121445,0.0755806341853574
0.1500000000000001,0.24089703136072355,-0.07307314501876992,1.6609752178721298,0.24089753526951235,-0.0730729833318539,1.6609761099930531,0.24089753526951235,-0.0730729833318539,1.6609761099930531,0.0,0.0,0.0,4.53481889469067,0.07558031491151115
0.1510000000000001,0.24089699094736142,-0.07307311758580333,1.660975192716549,0.24089753526951235,-0.0730729833318539,1.6609761099930531,0.24089753526951235,-0.0730729833318539,1.6609761099930531,0.0,0.0,0.0,4.534800576588605,0.07558000960981008
0.1520000000000001,0.24089695154046392,-0.07307309040337663,1.660975168913087,0.24089753526951235,-0.0730729833318539,1.6609761099930531,0.24089753526951235,-0.0730729833318539,1.6609761099930531,0.0,0.0,0.0,4.534783080812537,0.07557971801354228
0.1530000000000001,0.24089691315494793,-0.07307306348851753,1.6609751464277454,0.24089753526951235,-0.0730729833318539,1.6609761099930531,0.24089753526951235,-0.0730729833318539,1.6609761099930531,0.0,0.0,0.0,4.534766390491578,0.0755794398415263
0.1540000000000001,0.24089687580412372,-0.07307303685747961,1.6609751252269773,0.24089753526951235,-0.0730729833318539,1.6609761099930531,0.24089753526951235,-0.0730729833318539,1.6609761099930531,0.0,0.0,0.0,4.534750488157274,0.07557917480262125
0.1550000000000001,0.24089683949974638,-0.07307301052576093,1.660975105277719,0.24089753526951235,-0.0730729833318539,1.6609761099930531,0.24089753526951235,-0.0730729833318539,1.6609761099930531,0.0,0.0,0.0,4.534735355978028,0.0755789225996338
0.1560000000000001,0.2408968042520686,-0.07307298450811948,1.6609750865473998,0.24089753526951235,-0.0730729833318539,1.6609761099930531,0.24089753526951235,-0.0730729833318539,1.6609761099930531,0.0,0.0,0.0,4.534720975952783,0.07557868293254638
0.1570000000000001,0.24089677006988575,-0.07307295881859102,1.6609750690039522,0.24089753526951235,-0.0730729833318539,1.6609761099930531,0.24089753526951235,-0.0730729833318539,1.6609761099930531,0.0,0.0,0.0,4.534707330070327,0.0755784555011721
0.1580000000000001,0.24089673696058184,-0.07307293347050507,1.6609750526158016,0.24089753526951235,-0.0730729833318539,1.6609761099930531,0.24089753526951235,-0.0730729833318539,1.6609761099930531,0.0,0.0,0.0,4.534694400430806,0.0755782400071801
0.1590000000000001,0.2408967049301708,-0.07307290847649904,1.6609750373518597,0.24089753526951235,-0.0730729833318539,1.6609761099930531,0.24089753526951235,-0.0730729833318539,1.6609761099930531,0.0,0.0,0.0,4.534682169339246,0.0755780361556541
0.16000000000000011,0.24089667398333744,-0.07307288384853437,1.6609750231815104,0.24089753526951235,-0.0730729833318539,1.6609761099930531,0.24089753526951235,-0.0730729833318539,1.6609761099930531,0.0,0.0,0.0,4.534670619367635,0.07557784365612724
0.16100000000000012,0.2408966441234771,-0.07307285959790885,1.6609750100745917,0.24089753526951235,-0.0730729833318539,1.6609761099930531,0.24089753526951235,-0.0730729833318539,1.6609761099930531,0.0,0.0,0.0,4.534659733393369,0.0755776622232228
0.16200000000000012,0.240896615352734,-0.07307283573527143,1.6609749980013813,0.24089753526951235,-0.0730729833318539,1.6609761099930531,0.24089753526951235,-0.0730729833318539,1.6609761099930531,0.0,0.0,0.0,4.534649494617874,0.07557749157696456
0.16300000000000012,0.24089658767203956,-0.07307281227063342,1.6609749869325805,0.24089753526951235,-0.0730729833318539,1.6609761099930531,0.24089753526951235,-0.0730729833318539,1.6609761099930531,0.0,0.0,0.0,4.534639886566827,0.07557733144278046
0.16400000000000012,0.24089656108114899,-0.07307278921338171,1.660974976839295,0.24089753526951235,-0.0730729833318539,1.6609761099930531,0.24089753526951235,-0.0730729833318539,1.6609761099930531,0.0,0.0,0.0,4.534630893077496,0.0755771815512916
0.16500000000000012,0.24089653557868024,-0.07307276657229084,1.6609749676930265,0.24089753526951235,-0.0730729833318539,1.6609761099930531,0.24089753526951235,-0.0730729833318539,1.6609761099930531,0.0,0.0,0.0,4.534622498277663,0.07557704163796106
0.16600000000000012,0.24089651116215122,-0.07307274435553412,1.6609749594656609,0.24089753526951235,-0.0730729833318539,1.6609761099930531,0.24089753526951235,-0.0730729833318539,1.6609761099930531,0.0,0.0,0.0,4.534614686556731,0.07557691144261218
0.16700000000000012,0.24089648782801892,-0.07307272257069586,1.6609749521294612,0.24089753526951235,-0.0730729833318539,1.6609761099930531,0.24089753526951235,-0.0730729833318539,1.6609761099930531,0.0,0.0,0.0,4.534607442534154,0.07557679070890257
0.16800000000000012,0.24089646557171576,-0.07307270122478213,1.6609749456570628,0.24089753526951235,-0.0730729833318539,1.6609761099930531,0.24089753526951235,-0.0730729833318539,1.6609761099930531,0.0,0.0,0.0,4.534600751026658,0.07557667918377763
0.16900000000000012,0.24089644438769175,-0.07307268032423272,1.6609749400214715,0.24089753526951235,-0.0730729833318539,1.6609761099930531,0.24089753526951235,-0.0730729833318539,1.6609761099930531,0.0,0.0,0.0,4.534594597016374,0.07557657661693958
0.17000000000000012,0.24089642426945068,-0.07307265987493217,1.6609749351960632,0.24089753526951235,-0.0730729833318539,1.6609761099930531,0.24089753526951235,-0.0730729833318539,1.6609761099930531,0.0,0.0,0.0,4.534588965622689,0.07557648276037815
0.17100000000000012,0.24089640520959132,-0.07307263988222117,1.6609749311545918,0.24089753526951235,-0.0730729833318539,1.6609761099930531,0.24089753526951235,-0.0730729833318539,1.6609761099930531,0.0,0.0,0.0,4.534583842076816,0.07557639736794693
0.17200000000000013,0.2408963871998474,-0.07307262035090886,1.6609749278711883,0.24089753526951235,-0.0730729833318539,1.6609761099930531,0.24089753526951235,-0.0730729833318539,1.6609761099930531,0.0,0.0,0.0,4.53457921170146,0.07557632019502433
0.17300000000000013,0.24089637023112712,-0.07307260128528376,1.6609749253203723,0.24089753526951235,-0.0730729833318539,1.6609761099930531,0.24089753526951235,-0.0730729833318539,1.6609761099930531,0.0,0.0,0.0,4.5345750598975725,0.07557625099829288
0.17400000000000013,0.2408963542935521,-0.07307258268912559,1.660974923477058,0.24089753526951235,-0.0730729833318539,1.6609761099930531,0.24089753526951235,-0.0730729833318539,1.6609761099930531,0.0,0.0,0.0,4.534571372134136,0.07557618953556892
0.17500000000000013,0.24089633937649924,-0.07307256456571912,1.660974922316562,0.24089753526951235,-0.0730729833318539,1.6609761099930531,0.24089753526951235,-0.0730729833318539,1.6609761099930531,0.0,0.0,0.0,4.534568133944693,0.07557613556574488
0.17600000000000013,0.24089632546863876,-0.07307254691786313,1.6609749218146128,0.24089753526951235,-0.0730729833318539,1.6609761099930531,0.24089753526951235,-0.0730729833318539,1.6609761099930531,0.0,0.0,0.0,4.534565330929812,0.0755760888488302
0.17700000000000013,0.2408963125579734,-0.07307252974788597,1.6609749219473602,0.24089753526951235,-0.0730729833318539,1.6609761099930531,0.24089753526951235,-0.0730729833318539,1.6609761099930531,0.0,0.0,0.0,4.534562948762774,0.07557604914604624
0.17800000000000013,0.24089630063187778,-0.07307251305765709,1.6609749226913828,0.24089753526951235,-0.0730729833318539,1.6609761099930531,0.24089753526951235,-0.0730729833318539,1.6609761099930531,0.0,0.0,0.0,4.534560973199879,0.07557601621999797
0.17900000000000013,0.24089628967713544,-0.07307249684859787,1.6609749240236957,0.24089753526951235,-0.0730729833318539,1.6609761099930531,0.24089753526951235,-0.0730729833318539,1.6609761099930531,0.0,0.0,0.0,4.5345593900942625,0.07557598983490438
0.18000000000000013,0.24089627967997584,-0.07307248112169663,1.6609749259217566,0.24089753526951235,-0.0730729833318539,1.6609761099930531,0.24089753526951235,-0.0730729833318539,1.6609761099930531,0.0,0.0,0.0,4.534558185411971,0.07557596975686617
0.18100000000000013,0.2408962706261129,-0.07307246587752138,1.6609749283634745,0.24089753526951235,-0.0730729833318539,1.6609761099930531,0.24089753526951235,-0.0730729833318539,1.6609761099930531,0.0,0.0,0.0,4.534557345249915,0.07557595575416526
0.18200000000000013,0.24089626250077562,-0.07307245111623033,1.6609749313272062,0.24089753526951235,-0.0730729833318539,1.6609761099930531,0.24089753526951235,-0.0730729833318539,1.6609761099930531,0.0,0.0,0.0,4.534556855854725,0.07557594759757875
0.18300000000000013,0.24089625528874875,-0.07307243683758721,1.6609749347917675,0.24089753526951235,-0.0730729833318539,1.6609761099930531,0.24089753526951235,-0.0730729833318539,1.6609761099930531,0.0,0.0,0.0,4.534556703642104,0.07557594506070173
0.18400000000000014,0.24089624897440115,-0.07307242304097324,1.6609749387364332,0.24089753526951235,-0.0730729833318539,1.6609761099930531,0.24089753526951235,-0.0730729833318539,1.6609761099930531,0.0,0.0,0.0,4.53455687521615,0.07557594792026916
0.18500000000000014,0.24089624354171896,-0.07307240972539893,1.6609749431409315,0.24089753526951235,-0.0730729833318539,1.6609761099930531,0.24089753526951235,-0.0730729833318539,1.6609761099930531,0.0,0.0,0.0,4.5345573573857765,0.0755759559564296
0.18600000000000014,0.24089623897433898,-0.07307239688951787,1.6609749479854505,0.24089753526951235,-0.0730729833318539,1.6609761099930531,0.24089753526951235,-0.0730729833318539,1.6609761099930531,0.0,0.0,0.0,4.534558137183025,0.07557596895305041
0.18700000000000014,0.24089623525557669,-0.07307238453163963,1.6609749532506306,0.24089753526951235,-0.0730729833318539,1.6609761099930531,0.24089753526951235,-0.0730729833318539,1.6609761099930531,0.0,0.0,0.0,4.534559201876554,0.07557598669794258
0.18800000000000014,0.24089623236845578,-0.07307237264974042,1.6609749589175662,0.24089753526951235,-0.0730729833318539,1.6609761099930531,0.24089753526951235,-0.0730729833318539,1.6609761099930531,0.0,0.0,0.0,4.534560538984879,0.07557600898308131
0.18900000000000014,0.2408962302957364,-0.07307236124147812,1.6609749649677983,0.24089753526951235,-0.0730729833318539,1.6609761099930531,0.24089753526951235,-0.0730729833318539,1.6609761099930531,0.0,0.0,0.0,4.53456213628627,0.07557603560477116
0.19000000000000014,0.24089622901994207,-0.07307235030420164,1.6609749713833097,0.24089753526951235,-0.0730729833318539,1.6609761099930531,0.24089753526951235,-0.0730729833318539,1.6609761099930531,0.0,0.0,0.0,4.534563981827217,0.07557606636378696
0.19100000000000014,0.24089622852338533,-0.0730723398349652,1.6609749781465222,0.24089753526951235,-0.0730729833318539,1.6609761099930531,0.24089753526951235,-0.0730729833318539,1.6609761099930531,0.0,0.0,0.0,4.534566063928214,0.07557610106547023
0.19200000000000014,0.240896228788193,-0.0730723298305384,1.6609749852402893,0.24089753526951235,-0.0730729833318539,1.6609761099930531,0.24089753526951235,-0.0730729833318539,1.6609761099930531,0.0,0.0,0.0,4.53456837118673,0.07557613951977885
0.19300000000000014,0.24089622979633038,-0.07307232028741935,1.6609749926478907,0.24089753526951235,-0.0730729833318539,1.6609761099930531,0.24089753526951235,-0.0730729833318539,1.6609761099930531,0.0,0.0,0.0,4.534570892478605,0.07557618154131009
0.19400000000000014,0.24089623152962375,-0.07307231120184565,1.660975000353025,0.24089753526951235,-0.0730729833318539,1.6609761099930531,0.24089753526951235,-0.0730729833318539,1.6609761099930531,0.0,0.0,0.0,4.5345736169574815,0.07557622694929136
0.19500000000000015,0.24089623396978416,-0.07307230256980508,1.6609750083398056,0.24089753526951235,-0.0730729833318539,1.6609761099930531,0.24089753526951235,-0.0730729833318539,1.6609761099930531,0.0,0.0,0.0,4.534576534052175,0.07557627556753625
0.19600000000000015,0.2408962370984284,-0.07307229438704822,1.6609750165927528,0.24089753526951235,-0.0730729833318539,1.6609761099930531,0.24089753526951235,-0.0730729833318539,1.6609761099930531,0.0,0.0,0.0,4.534579633462682,0.07557632722437804
0.19700000000000015,0.24089624089709843,-0.07307228664909737,1.6609750250967885,0.24089753526951235,-0.0730729833318539,1.6609761099930531,0.24089753526951235,-0.0730729833318539,1.6609761099930531,0.0,0.0,0.0,4.53458290515485,0.07557638175258083
0.19800000000000015,0.24089624534728418,-0.0730722793512597,1.6609750338372298,0.24089753526951235,-0.0730729833318539,1.6609761099930531,0.24089753526951235,-0.0730729833318539,1.6609761099930531,0.0,0.0,0.0,4.53458633935395,0.07557643898923251
0.19900000000000015,0.24089625043044155,-0.07307227248863533,1.6609750427997847,0.24089753526951235,-0.0730729833318539,1.6609761099930531,0.24089753526951235,-0.0730729833318539,1.6609761099930531,0.0,0.0,0.0,4.534589926538348,0.07557649877563913
0.20000000000000015,0.2408962561280112,-0.07307226605613032,1.660975051970547,0.24089753526951235,-0.0730729833318539,1.6609761099930531,0.24089753526951235,-0.0730729833318539,1.6609761099930531,0.0,0.0,0.0,4.534593657431233,0.07557656095718722
0.20100000000000015,0.24089626242143825,-0.07307226004846507,1.660975061335991,0.24089753526951235,-0.0730729833318539,1.6609761099930531,0.24089753526951235,-0.0730729833318539,1.6609761099930531,0.0,0.0,0.0,4.534597522993089,0.07557662538321815
0.20200000000000015,0.24089626929218694,-0.0730722544601846,1.660975070882965,0.24089753526951235,-0.0730729833318539,1.6609761099930531,0.24089753526951235,-0.0730729833318539,1.6609761099930531,0.0,0.0,0.0,4.534601514414617,0.07557669190691028
0.20300000000000015,0.2408962767217623,-0.07307224928567001,1.6609750805986907,0.24089753526951235,-0.0730729833318539,1.6609761099930531,0.24089753526951235,-0.0730729833318539,1.6609761099930531,0.0,0.0,0.0,4.5346056231082965,0.07557676038513828
0.20400000000000015,0.24089628469172156,-0.0730722445191459,1.6609750904707576,0.24089753526951235,-0.0730729833318539,1.6609761099930531,0.24089753526951235,-0.0730729833318539,1.6609761099930531,0.0,0.0,0.0,4.534609840701965,0.07557683067836608
0.20500000000000015,0.24089629318369438,-0.07307224015469223,1.6609751004871192,0.24089753526951235,-0.0730729833318539,1.6609761099930531,0.24089753526951235,-0.0730729833318539,1.6609761099930531,0.0,0.0,0.0,4.534614159031059,0.07557690265051765
0.20600000000000016,0.24089630217939584,-0.0730722361862519,1.6609751106360888,0.24089753526951235,-0.0730729833318539,1.6609761099930531,0.24089753526951235,-0.0730729833318539,1.6609761099930531,0.0,0.0,0.0,4.534618570133466,0.0755769761688911
0.20700000000000016,0.24089631166064224,-0.07307223260764148,1.6609751209063395,0.24089753526951235,-0.0730729833318539,1.6609761099930531,0.24089753526951235,-0.0730729833318539,1.6609761099930531,0.0,0.0,0.0,4.534623066243479,0.07557705110405798
0.20800000000000016,0.24089632160936458,-0.0730722294125591,1.6609751312868979,0.24089753526951235,-0.0730729833318539,1.6609761099930531,0.24089753526951235,-0.0730729833318539,1.6609761099930531,0.0,0.0,0.0,4.534627639786357,0.0755771273297726
0.20900000000000016,0.24089633200762406,-0.0730722265945949,1.6609751417671412,0.24089753526951235,-0.0730729833318539,1.6609761099930531,0.24089753526951235,-0.0730729833318539,1.6609761099930531,0.0,0.0,0.0,4.534632283374636,0.0755772047229106
0.21000000000000016,0.24089634283762382,-0.07307222414723792,1.6609751523367982,0.24089753526951235,-0.0730729833318539,1.6609761099930531,0.24089753526951235,-0.0730729833318539,1.6609761099930531,0.0,0.0,0.0,4.534636989805005,0.07557728316341675
0.21100000000000016,0.24089635408172197,-0.07307222206388671,1.660975162985942,0.24089753526951235,-0.0730729833318539,1.6609761099930531,0.24089753526951235,-0.0730729833318539,1.6609761099930531,0.0,0.0,0.0,4.534641752054007,0.07557736253423346
0.21200000000000016,0.24089636572244372,-0.07307222033785579,1.66097517370499,0.24089753526951235,-0.0730729833318539,1.6609761099930531,0.24089753526951235,-0.0730729833318539,1.6609761099930531,0.0,0.0,0.0,4.534646563276921,0.07557744272128201
0.21300000000000016,0.24089637774249326,-0.0730722189623857,1.6609751844846967,0.24089753526951235,-0.0730729833318539,1.6609761099930531,0.24089753526951235,-0.0730729833318539,1.6609761099930531,0.0,0.0,0.0,4.534651416805299,0.07557752361342165
0.21400000000000016,0.24089639012476446,-0.07307221793064976,1.660975195316157,0.24089753526951235,-0.0730729833318539,1.6609761099930531,0.24089753526951235,-0.0730729833318539,1.6609761099930531,0.0,0.0,0.0,4.534656306146582,0.07557760510244303
0.21500000000000016,0.2408964028523522,-0.07307221723576332,1.6609752061907976,0.24089753526951235,-0.0730729833318539,1.6609761099930531,0.24089753526951235,-0.0730729833318539,1.6609761099930531,0.0,0.0,0.0,4.534661224981889,0.07557768708303149
0.21600000000000016,0.24089641590856145,-0.07307221687079021,1.6609752171003747,0.24089753526951235,-0.0730729833318539,1.6609761099930531,0.24089753526951235,-0.0730729833318539,1.6609761099930531,0.0,0.0,0.0,4.534666167166746,0.0755777694527791
0.21700000000000016,0.24089642927691618,-0.07307221682875077,1.6609752280369736,0.24089753526951235,-0.0730729833318539,1.6609761099930531,0.24089753526951235,-0.0730729833318539,1.6609761099930531,0.0,0.0,0.0,4.534671126730667,0.07557785211217778
0.21800000000000017,0.24089644294116996,-0.0730722171026298,1.6609752389930008,0.24089753526951235,-0.0730729833318539,1.6609761099930531,0.24089753526951235,-0.0730729833318539,1.6609761099930531,0.0,0.0,0.0,4.53467609787598,0.07557793496459968
0.21900000000000017,0.24089645688531236,-0.07307221768538308,1.6609752499611794,0.24089753526951235,-0.0730729833318539,1.6609761099930531,0.24089753526951235,-0.0730729833318539,1.6609761099930531,0.0,0.0,0.0,4.534681074979479,0.07557801791632464
0.22000000000000017,0.2408964710935788,-0.07307221856994438,1.660975260934551,0.24089753526951235,-0.0730729833318539,1.6609761099930531,0.24089753526951235,-0.0730729833318539,1.6609761099930531,0.0,0.0,0.0,4.534686052592078,0.07557810087653463
0.22100000000000017,0.24089648555045529,-0.07307221974923245,1.6609752719064623,0.24089753526951235,-0.0730729833318539,1.6609761099930531,0.24089753526951235,-0.0730729833318539,1.6609761099930531,0.0,0.0,0.0,4.534691025438517,0.07557818375730861
0.22200000000000017,0.24089650024068715,-0.07307222121615782,1.6609752828705693,0.24089753526951235,-0.0730729833318539,1.6609761099930531,0.24089753526951235,-0.0730729833318539,1.6609761099930531,0.0,0.0,0.0,4.534695988418364,0.0755782664736394
0.22300000000000017,0.24089651514928423,-0.07307222296362857,1.660975293820824,0.24089753526951235,-0.0730729833318539,1.6609761099930531,0.24089753526951235,-0.0730729833318539,1.6609761099930531,0.0,0.0,0.0,4.534700936605151,0.07557834894341918
0.22400000000000017,0.2408965302615272,-0.073072224984557,1.660975304751476,0.24089753526951235,-0.0730729833318539,1.6609761099930531,0.24089753526951235,-0.0730729833318539,1.6609761099930531,0.0,0.0,0.0,4.534705865247606,0.0755784310874601
0.22500000000000017,0.24089654556297227,-0.07307222727186584,1.6609753156570628,0.24089753526951235,-0.0730729833318539,1.6609761099930531,0.24089753526951235,-0.0730729833318539,1.6609761099930531,0.0,0.0,0.0,4.5347107697681555,0.07557851282946926
0.22600000000000017,0.24089656103945592,-0.07307222981849296,1.6609753265324074,0.24089753526951235,-0.0730729833318539,1.6609761099930531,0.24089753526951235,-0.0730729833318539,1.6609761099930531,0.0,0.0,0.0,4.534715645763452,0.07557859409605754
0.22700000000000017,0.24089657667709946,-0.07307223261739856,1.6609753373726077,0.24089753526951235,-0.0730729833318539,1.6609761099930531,0.24089753526951235,-0.0730729833318539,1.6609761099930531,0.0,0.0,0.0,4.534720489003232,0.07557867481672052
0.22800000000000017,0.24089659246231243,-0.07307223566156848,1.6609753481730365,0.24089753526951235,-0.0730729833318539,1.6609761099930531,0.24089753526951235,-0.0730729833318539,1.6609761099930531,0.0,0.0,0.0,4.534725295430698,0.07557875492384496
0.22900000000000018,0.24089660838179686,-0.07307223894402162,1.6609753589293317,0.24089753526951235,-0.0730729833318539,1.6609761099930531,0.24089753526951235,-0.0730729833318539,1.6609761099930531,0.0,0.0,0.0,4.534730061160024,0.07557883435266707
0.23000000000000018,0.24089662442254806,-0.07307224245781356,1.6609753696373906,0.24089753526951235,-0.0730729833318539,1.6609761099930531,0.24089753526951235,-0.0730729833318539,1.6609761099930531,0.0,0.0,0.0,4.534734782476646,0.07557891304127744
0.23100000000000018,0.24089664057185983,-0.07307224619604026,1.660975380293366,0.24089753526951235,-0.0730729833318539,1.6609761099930531,0.24089753526951235,-0.0730729833318539,1.6609761099930531,0.0,0.0,0.0,4.534739455835182,0.07557899093058637
0.23200000000000018,0.24089665681732456,-0.07307225015184593,1.6609753908936549,0.24089753526951235,-0.0730729833318539,1.6609761099930531,0.24089753526951235,-0.0730729833318539,1.6609761099930531,0.0,0.0,0.0,4.534744077857888,0.07557906796429813
0.23300000000000018,0.24089667314683566,-0.07307225431842365,1.660975401434897,0.24089753526951235,-0.0730729833318539,1.6609761099930531,0.24089753526951235,-0.0730729833318539,1.6609761099930531,0.0,0.0,0.0,4.534748645333991,0.07557914408889985
0.23400000000000018,0.24089668954858895,-0.07307225868902194,1.6609754119139664,0.24089753526951235,-0.0730729833318539,1.6609761099930531,0.24089753526951235,-0.0730729833318539,1.6609761099930531,0.0,0.0,0.0,4.534753155216605,0.07557921925361008
0.23500000000000018,0.2408967060110829,-0.07307226325694757,1.660975422327964,0.24089753526951235,-0.0730729833318539,1.6609761099930531,0.24089753526951235,-0.0730729833318539,1.6609761099930531,0.0,0.0,0.0,4.534757604621574,0.07557929341035957
0.23600000000000018,0.24089672252312033,-0.07307226801556967,1.6609754326742123,0.24089753526951235,-0.0730729833318539,1.6609761099930531,0.24089753526951235,-0.0730729833318539,1.6609761099930531,0.0,0.0,0.0,4.534761990824961,0.07557936651374936
0.23700000000000018,0.2408967390738078,-0.07307227295832347,1.6609754429502477,0.24089753526951235,-0.0730729833318539,1.6609761099930531,0.24089753526951235,-0.0730729833318539,1.6609761099930531,0.0,0.0,0.0,4.534766311261265,0.07557943852102109
0.23800000000000018,0.2408967556525555,-0.07307227807871317,1.660975453153815,0.24089753526951235,-0.0730729833318539,1.6609761099930531,0.24089753526951235,-0.0730729833318539,1.6609761099930531,0.0,0.0,0.0,4.534770563520813,0.07557950939201355
0.23900000000000018,0.24089677224907763,-0.07307228337031542,1.6609754632828588,0.24089753526951235,-0.0730729833318539,1.6609761099930531,0.24089753526951235,-0.0730729833318539,1.6609761099930531,0.0,0.0,0.0,4.534774745347231,0.07557957908912051
0.24000000000000019,0.24089678885339058,-0.07307228882678306,1.6609754733355193,0.24089753526951235,-0.0730729833318539,1.6609761099930531,0.24089753526951235,-0.0730729833318539,1.6609761099930531,0.0,0.0,0.0,4.534778854635373,0.07557964757725623
0.2410000000000002,0.24089680545581316,-0.07307229444184604,1.6609754833101238,0.24089753526951235,-0.0730729833318539,1.6609761099930531,0.24089753526951235,-0.0730729833318539,1.6609761099930531,0.0,0.0,0.0,4.534782889427672,0.07557971482379452
0.2420000000000002,0.2408968220469636,-0.07307230020931532,1.6609754932051821,0.24089753526951235,-0.0730729833318539,1.6609761099930531,0.24089753526951235,-0.0730729833318539,1.6609761099930531,0.0,0.0,0.0,4.534786847914205,0.07557978079857008
0.2430000000000002,0.24089683861776084,-0.07307230612308592,1.6609755030193758,0.24089753526951235,-0.0730729833318539,1.6609761099930531,0.24089753526951235,-0.0730729833318539,1.6609761099930531,0.0,0.0,0.0,4.534790728425899,0.07557984547376499
0.2440000000000002,0.24089685515941928,-0.07307231217713744,1.6609755127515566,0.24089753526951235,-0.0730729833318539,1.6609761099930531,0.24089753526951235,-0.0730729833318539,1.6609761099930531,0.0,0.0,0.0,4.534794529435268,0.07557990882392113
0.2450000000000002,0.240896871663449,-0.07307231836553803,1.6609755224007359,0.24089753526951235,-0.0730729833318539,1.6609761099930531,0.24089753526951235,-0.0730729833318539,1.6609761099930531,0.0,0.0,0.0,4.53479824955148,0.075579970825858
0.2460000000000002,0.24089688812165302,-0.07307232468244462,1.6609755319660806,0.24089753526951235,-0.0730729833318539,1.6609761099930531,0.24089753526951235,-0.0730729833318539,1.6609761099930531,0.0,0.0,0.0,4.534801887518836,0.07558003145864726
0.2470000000000002,0.24089690452612433,-0.07307233112210651,1.6609755414469058,0.24089753526951235,-0.0730729833318539,1.6609761099930531,0.24089753526951235,-0.0730729833318539,1.6609761099930531,0.0,0.0,0.0,4.534805442212947,0.07558009070354911
0.2480000000000002,0.24089692086924358,-0.07307233767886502,1.6609755508426685,0.24089753526951235,-0.0730729833318539,1.6609761099930531,0.24089753526951235,-0.0730729833318539,1.6609761099930531,0.0,0.0,0.0,4.534808912638215,0.07558014854397024
0.2490000000000002,0.24089693714367594,-0.07307234434715652,1.6609755601529606,0.24089753526951235,-0.0730729833318539,1.6609761099930531,0.24089753526951235,-0.0730729833318539,1.6609761099930531,0.0,0.0,0.0,4.534812297925006,0.07558020496541677
0.25000000000000017,0.24089695334236738,-0.073072351121513,1.6609755693775043,0.24089753526951235,-0.0730729833318539,1.6609761099930531,0.24089753526951235,-0.0730729833318539,1.6609761099930531,0.0,0.0,0.0,4.53481559732608,0.07558025995543467
0.25100000000000017,0.24089696945854394,-0.07307235799656404,1.660975578516143,0.24089753526951235,-0.0730729833318539,1.6609761099930531,0.24089753526951235,-0.0730729833318539,1.6609761099930531,0.0,0.0,0.0,4.53481881021361,0.07558031350356018
0.25200000000000017,0.2408969854857031,-0.07307236496703584,1.6609755875688386,0.24089753526951235,-0.0730729833318539,1.6609761099930531,0.24089753526951235,-0.0730729833318539,1.6609761099930531,0.0,0.0,0.0,4.534821936077181,0.07558036560128635
0.25300000000000017,0.24089700141761594,-0.07307237202775485,1.6609755965356636,0.24089753526951235,-0.0730729833318539,1.6609761099930531,0.24089753526951235,-0.0730729833318539,1.6609761099930531,0.0,0.0,0.0,4.534824974518382,0.07558041624197304
0.25400000000000017,0.24089701724832016,-0.07307237917364706,1.6609756054167937,0.24089753526951235,-0.0730729833318539,1.6609761099930531,0.24089753526951235,-0.0730729833318539,1.6609761099930531,0.0,0.0,0.0,4.5348279252496235,0.07558046542082705
0.25500000000000017,0.24089703297211523,-0.07307238639973766,1.6609756142125056,0.24089753526951235,-0.0730729833318539,1.6609761099930531,0.24089753526951235,-0.0730729833318539,1.6609761099930531,0.0,0.0,0.0,4.534830788090814,0.0755805131348469
0.25600000000000017,0.2408970485835606,-0.07307239370115393,1.6609756229231658,0.24089753526951235,-0.0730729833318539,1.6609761099930531,0.24089753526951235,-0.0730729833318539,1.6609761099930531,0.0,0.0,0.0,4.534833562964207,0.07558055938273678
0.2570000000000002,0.24089706407747047,-0.07307240107312385,1.6609756315492328,0.24089753526951235,-0.0730729833318539,1.6609761099930531,0.24089753526951235,-0.0730729833318539,1.6609761099930531,0.0,0.0,0.0,4.534836249893814,0.07558060416489691
0.2580000000000002,0.24089707944890953,-0.07307240851097654,1.660975640091243,0.24089753526951235,-0.0730729833318539,1.6609761099930531,0.24089753526951235,-0.0730729833318539,1.6609761099930531,0.0,0.0,0.0,4.534838848999455,0.07558064748332426
0.2590000000000002,0.2408970946931881,-0.07307241601014294,1.6609756485498115,0.24089753526951235,-0.0730729833318539,1.6609761099930531,0.24089753526951235,-0.0730729833318539,1.6609761099930531,0.0,0.0,0.0,4.534841360495576,0.07558068934159293
0.2600000000000002,0.24089710980585816,-0.07307242356615558,1.6609756569256215,0.24089753526951235,-0.0730729833318539,1.6609761099930531,0.24089753526951235,-0.0730729833318539,1.6609761099930531,0.0,0.0,0.0,4.534843784686447,0.07558072974477412
0.2610000000000002,0.2408971247827082,-0.0730724311746489,1.6609756652194247,0.24089753526951235,-0.0730729833318539,1.6609761099930531,0.24089753526951235,-0.0730729833318539,1.6609761099930531,0.0,0.0,0.0,4.534846121963943,0.07558076869939905
0.2620000000000002,0.2408971396197591,-0.07307243883135799,1.6609756734320336,0.24089753526951235,-0.0730729833318539,1.6609761099930531,0.24089753526951235,-0.0730729833318539,1.6609761099930531,0.0,0.0,0.0,4.534848372802885,0.07558080621338141
0.2630000000000002,0.24089715431325892,-0.07307244653211982,1.6609756815643133,0.24089753526951235,-0.0730729833318539,1.6609761099930531,0.24089753526951235,-0.0730729833318539,1.6609761099930531,0.0,0.0,0.0,4.534850537758329,0.07558084229597214
0.2640000000000002,0.24089716885967766,-0.07307245427287178,1.6609756896171826,0.24089753526951235,-0.0730729833318539,1.6609761099930531,0.24089753526951235,-0.0730729833318539,1.6609761099930531,0.0,0.0,0.0,4.534852617462848,0.07558087695771414
0.2650000000000002,0.24089718325570364,-0.07307246204965173,1.6609756975916055,0.24089753526951235,-0.0730729833318539,1.6609761099930531,0.24089753526951235,-0.0730729833318539,1.6609761099930531,0.0,0.0,0.0,4.534854612621512,0.07558091021035854
0.2660000000000002,0.24089719749823696,-0.07307246985859714,1.6609757054885872,0.24089753526951235,-0.0730729833318539,1.6609761099930531,0.24089753526951235,-0.0730729833318539,1.6609761099930531,0.0,0.0,0.0,4.534856524009937,0.07558094206683229
0.2670000000000002,0.24089721158438487,-0.07307247769594469,1.6609757133091707,0.24089753526951235,-0.0730729833318539,1.6609761099930531,0.24089753526951235,-0.0730729833318539,1.6609761099930531,0.0,0.0,0.0,4.53485835247024,0.07558097254117067
0.2680000000000002,0.24089722551145865,-0.07307248555802985,1.6609757210544307,0.24089753526951235,-0.0730729833318539,1.6609761099930531,0.24089753526951235,-0.0730729833318539,1.6609761099930531,0.0,0.0,0.0,4.5348600989073855,0.07558100164845642
0.2690000000000002,0.2408972392769655,-0.07307249344128561,1.660975728725472,0.24089753526951235,-0.0730729833318539,1.6609761099930531,0.24089753526951235,-0.0730729833318539,1.6609761099930531,0.0,0.0,0.0,4.534861764287234,0.07558102940478723
0.2700000000000002,0.24089725287860522,-0.07307250134224173,1.6609757363234223,0.24089753526951235,-0.0730729833318539,1.6609761099930531,0.24089753526951235,-0.0730729833318539,1.6609761099930531,0.0,0.0,0.0,4.53486334963129,0.07558105582718816
0.2710000000000002,0.2408972663142656,-0.07307250925752415,1.6609757438494328,0.24089753526951235,-0.0730729833318539,1.6609761099930531,0.24089753526951235,-0.0730729833318539,1.6609761099930531,0.0,0.0,0.0,4.5348648560148925,0.07558108093358154
0.2720000000000002,0.2408972795820153,-0.0730725171838538,1.6609757513046683,0.24089753526951235,-0.0730729833318539,1.6609761099930531,0.24089753526951235,-0.0730729833318539,1.6609761099930531,0.0,0.0,0.0,4.534866284563156,0.07558110474271927
0.2730000000000002,0.24089729268010152,-0.07307252511804606,1.6609757586903109,0.24089753526951235,-0.0730729833318539,1.6609761099930531,0.24089753526951235,-0.0730729833318539,1.6609761099930531,0.0,0.0,0.0,4.534867636448479,0.07558112727414132
0.2740000000000002,0.24089730560694217,-0.07307253305700892,1.6609757660075493,0.24089753526951235,-0.0730729833318539,1.6609761099930531,0.24089753526951235,-0.0730729833318539,1.6609761099930531,0.0,0.0,0.0,4.53486891288678,0.075581148548113
0.2750000000000002,0.2408973183611226,-0.07307254099774162,1.6609757732575816,0.24089753526951235,-0.0730729833318539,1.6609761099930531,0.24089753526951235,-0.0730729833318539,1.6609761099930531,0.0,0.0,0.0,4.534870115134824,0.07558116858558041
0.2760000000000002,0.24089733094139007,-0.07307254893733556,1.6609757804416085,0.24089753526951235,-0.0730729833318539,1.6609761099930531,0.24089753526951235,-0.0730729833318539,1.6609761099930531,0.0,0.0,0.0,4.534871244486628,0.07558118740811047
0.2770000000000002,0.2408973433466487,-0.07307255687297012,1.660975787560832,0.24089753526951235,-0.0730729833318539,1.6609761099930531,0.24089753526951235,-0.0730729833318539,1.6609761099930531,0.0,0.0,0.0,4.534872302271238,0.07558120503785397
0.2780000000000002,0.24089735557595382,-0.07307256480191393,1.6609757946164518,0.24089753526951235,-0.0730729833318539,1.6609761099930531,0.24089753526951235,-0.0730729833318539,1.6609761099930531,0.0,0.0,0.0,4.534873289849272,0.07558122149748786
0.2790000000000002,0.2408973676285083,-0.07307257272152219,1.6609758016096627,0.24089753526951235,-0.0730729833318539,1.6609761099930531,0.24089753526951235,-0.0730729833318539,1.6609761099930531,0.0,0.0,0.0,4.5348742086100025,0.07558123681016671
0.2800000000000002,0.24089737950365692,-0.07307258062923623,1.6609758085416528,0.24089753526951235,-0.0730729833318539,1.6609761099930531,0.24089753526951235,-0.0730729833318539,1.6609761099930531,0.0,0.0,0.0,4.534875059969107,0.07558125099948511
0.2810000000000002,0.24089739120088088,-0.07307258852258021,1.6609758154136,0.24089753526951235,-0.0730729833318539,1.6609761099930531,0.24089753526951235,-0.0730729833318539,1.6609761099930531,0.0,0.0,0.0,4.534875845365434,0.07558126408942391
0.2820000000000002,0.2408974027197944,-0.07307259639916298,1.6609758222266708,0.24089753526951235,-0.0730729833318539,1.6609761099930531,0.24089753526951235,-0.0730729833318539,1.6609761099930531,0.0,0.0,0.0,4.534876566258422,0.07558127610430704
0.2830000000000002,0.24089741406013848,-0.07307260425667365,1.6609758289820158,0.24089753526951235,-0.0730729833318539,1.6609761099930531,0.24089753526951235,-0.0730729833318539,1.6609761099930531,0.0,0.0,0.0,4.534877224125727,0.07558128706876212
0.2840000000000002,0.2408974252217771,-0.07307261209288193,1.6609758356807716,0.24089753526951235,-0.0730729833318539,1.6609761099930531,0.24089753526951235,-0.0730729833318539,1.6609761099930531,0.0,0.0,0.0,4.534877820460759,0.07558129700767931
0.2850000000000002,0.2408974362046924,-0.07307261990563625,1.6609758423240562,0.24089753526951235,-0.0730729833318539,1.6609761099930531,0.24089753526951235,-0.0730729833318539,1.6609761099930531,0.0,0.0,0.0,4.534878356769716,0.07558130594616193
0.2860000000000002,0.24089744700897991,-0.07307262769286178,1.6609758489129658,0.24089753526951235,-0.0730729833318539,1.6609761099930531,0.24089753526951235,-0.0730729833318539,1.6609761099930531,0.0,0.0,0.0,4.534878834569782,0.07558131390949636
0.2870000000000002,0.24089745763484377,-0.07307263545255899,1.660975855448578,0.24089753526951235,-0.0730729833318539,1.6609761099930531,0.24089753526951235,-0.0730729833318539,1.6609761099930531,0.0,0.0,0.0,4.534879255387188,0.0755813209231198
0.2880000000000002,0.24089746808259216,-0.07307264318280339,1.6609758619319468,0.24089753526951235,-0.0730729833318539,1.6609761099930531,0.24089753526951235,-0.0730729833318539,1.6609761099930531,0.0,0.0,0.0,4.534879620753653,0.07558132701256089
0.2890000000000002,0.24089747835263448,-0.0730726508817429,1.6609758683640994,0.24089753526951235,-0.0730729833318539,1.6609761099930531,0.24089753526951235,-0.0730729833318539,1.6609761099930531,0.0,0.0,0.0,4.534879932205183,0.07558133220341973
0.2900000000000002,0.24089748844547476,-0.07307265854759629,1.6609758747460406,0.24089753526951235,-0.0730729833318539,1.6609761099930531,0.24089753526951235,-0.0730729833318539,1.6609761099930531,0.0,0.0,0.0,4.5348801912808545,0.07558133652134758
0.2910000000000002,0.2408974983617086,-0.07307266617865193,1.6609758810787452,0.24089753526951235,-0.0730729833318539,1.6609761099930531,0.24089753526951235,-0.0730729833318539,1.6609761099930531,0.0,0.0,0.0,4.5348803995187605,0.07558133999197934
0.2920000000000002,0.2408975081020194,-0.07307267377326701,1.660975887363165,0.24089753526951235,-0.0730729833318539,1.6609761099930531,0.24089753526951235,-0.0730729833318539,1.6609761099930531,0.0,0.0,0.0,4.534880558456064,0.0755813426409344
0.2930000000000002,0.24089751766717304,-0.07307268132986411,1.660975893600216,0.24089753526951235,-0.0730729833318539,1.6609761099930531,0.24089753526951235,-0.0730729833318539,1.6609761099930531,0.0,0.0,0.0,4.534880669625496,0.07558134449375827
0.2940000000000002,0.2408975270580141,-0.07307268884693147,1.66097589979079,0.24089753526951235,-0.0730729833318539,1.6609761099930531,0.24089753526951235,-0.0730729833318539,1.6609761099930531,0.0,0.0,0.0,4.534880734555836,0.0755813455759306
0.2950000000000002,0.240897536275463,-0.07307269632302145,1.6609759059357454,0.24089753526951235,-0.0730729833318539,1.6609761099930531,0.24089753526951235,-0.0730729833318539,1.6609761099930531,0.0,0.0,0.0,4.53488075476735,0.07558134591278917
0.2960000000000002,0.24089754532051127,-0.07307270375674729,1.6609759120359102,0.24089753526951235,-0.0730729833318539,1.6609761099930531,0.24089753526951235,-0.0730729833318539,1.6609761099930531,0.0,0.0,0.0,4.534880731772937,0.07558134552954894
0.2970000000000002,0.24089755419421782,-0.07307271114678307,1.660975918092082,0.24089753526951235,-0.0730729833318539,1.6609761099930531,0.24089753526951235,-0.0730729833318539,1.6609761099930531,0.0,0.0,0.0,4.534880667074828,0.07558134445124713
0.2980000000000002,0.24089756289770548,-0.07307271849186242,1.6609759241050233,0.24089753526951235,-0.0730729833318539,1.6609761099930531,0.24089753526951235,-0.0730729833318539,1.6609761099930531,0.0,0.0,0.0,4.5348805621636545,0.07558134270272758
0.2990000000000002,0.24089757143215698,-0.07307272579077538,1.6609759300754665,0.24089753526951235,-0.0730729833318539,1.6609761099930531,0.24089753526951235,-0.0730729833318539,1.6609761099930531,0.0,0.0,0.0,4.5348804185175196,0.07558134030862533
0.3000000000000002,0.2408975797988117,-0.07307273304236923,1.6609759360041096,0.24089753526951235,-0.0730729833318539,1.6609761099930531,0.24089753526951235,-0.0730729833318539,1.6609761099930531,0.0,0.0,0.0,4.534880237599883,0.07558133729333139
0.3010000000000002,0.2408975879989629,-0.07307274024554457,1.6609759418916175,0.24089753526951235,-0.0730729833318539,1.6609761099930531,0.24089753526951235,-0.0730729833318539,1.6609761099930531,0.0,0.0,0.0,4.5348800208589415,0.07558133368098235
0.3020000000000002,0.24089759603395233,-0.0730727473992556,1.6609759477386212,0.24089753526951235,-0.0730729833318539,1.6609761099930531,0.24089753526951235,-0.0730729833318539,1.6609761099930531,0.0,0.0,0.0,4.534879769726357,0.07558132949543929
0.3030000000000002,0.24089760390516995,-0.07307275450250804,1.6609759535457198,0.24089753526951235,-0.0730729833318539,1.6609761099930531,0.24089753526951235,-0.0730729833318539,1.6609761099930531,0.0,0.0,0.0,4.534879485615857,0.07558132476026429
0.3040000000000002,0.24089761161404794,-0.07307276155435746,1.6609759593134772,0.24089753526951235,-0.0730729833318539,1.6609761099930531,0.24089753526951235,-0.0730729833318539,1.6609761099930531,0.0,0.0,0.0,4.534879169922595,0.07558131949870991
0.3050000000000002,0.24089761916205962,-0.07307276855390882,1.6609759650424256,0.24089753526951235,-0.0730729833318539,1.6609761099930531,0.24089753526951235,-0.0730729833318539,1.6609761099930531,0.0,0.0,0.0,4.53487882402183,0.07558131373369717
0.3060000000000002,0.2408976265507148,-0.07307277550031316,1.6609759707330598,0.24089753526951235,-0.0730729833318539,1.6609761099930531,0.24089753526951235,-0.0730729833318539,1.6609761099930531,0.0,0.0,0.0,4.534878449268161,0.07558130748780269
0.3070000000000002,0.24089763378155876,-0.07307278239276854,1.6609759763858476,0.24089753526951235,-0.0730729833318539,1.6609761099930531,0.24089753526951235,-0.0730729833318539,1.6609761099930531,0.0,0.0,0.0,4.534878046995149,0.07558130078325248
0.3080000000000002,0.24089764085616788,-0.07307278923051715,1.6609759820012182,0.24089753526951235,-0.0730729833318539,1.6609761099930531,0.24089753526951235,-0.0730729833318539,1.6609761099930531,0.0,0.0,0.0,4.534877618513384,0.07558129364188974
0.3090000000000002,0.24089764777614703,-0.07307279601284396,1.6609759875795709,0.24089753526951235,-0.0730729833318539,1.6609761099930531,0.24089753526951235,-0.0730729833318539,1.6609761099930531,0.0,0.0,0.0,4.534877165111398,0.07558128608518996
0.3100000000000002,0.24089765454312828,-0.07307280273907615,1.6609759931212722,0.24089753526951235,-0.0730729833318539,1.6609761099930531,0.24089753526951235,-0.0730729833318539,1.6609761099930531,0.0,0.0,0.0,4.53487668805346,0.07558127813422434
0.3110000000000002,0.2408976611587666,-0.07307280940858159,1.6609759986266563,0.24089753526951235,-0.0730729833318539,1.6609761099930531,0.24089753526951235,-0.0730729833318539,1.6609761099930531,0.0,0.0,0.0,4.534876188579871,0.07558126980966452
0.3120000000000002,0.24089766762473902,-0.07307281602076658,1.660976004096026,0.24089753526951235,-0.0730729833318539,1.6609761099930531,0.24089753526951235,-0.0730729833318539,1.6609761099930531,0.0,0.0,0.0,4.534875667906218,0.0755812611317703
0.3130000000000002,0.24089767394274,-0.0730728225750759,1.6609760095296506,0.24089753526951235,-0.0730729833318539,1.6609761099930531,0.24089753526951235,-0.0730729833318539,1.6609761099930531,0.0,0.0,0.0,4.534875127223085,0.07558125212038475
0.3140000000000002,0.2408976801144831,-0.07307282907099173,1.660976014927776,0.24089753526951235,-0.0730729833318539,1.6609761099930531,0.24089753526951235,-0.0730729833318539,1.6609761099930531,0.0,0.0,0.0,4.534874567695354,0.07558124279492257
0.3150000000000002,0.24089768614169332,-0.07307283550803008,1.6609760202906085,0.24089753526951235,-0.0730729833318539,1.6609761099930531,0.24089753526951235,-0.0730729833318539,1.6609761099930531,0.0,0.0,0.0,4.534873990461215,0.07558123317435358
0.3160000000000002,0.24089769202610922,-0.07307284188574238,1.6609760256183312,0.24089753526951235,-0.0730729833318539,1.6609761099930531,0.24089753526951235,-0.0730729833318539,1.6609761099930531,0.0,0.0,0.0,4.534873396633684,0.07558122327722808
0.3170000000000002,0.24089769776947978,-0.0730728482037129,1.6609760309110964,0.24089753526951235,-0.0730729833318539,1.6609761099930531,0.24089753526951235,-0.0730729833318539,1.6609761099930531,0.0,0.0,0.0,4.534872787298299,0.0755812131216383
0.3180000000000002,0.2408977033735626,-0.0730728544615579,1.660976036169029,0.24089753526951235,-0.0730729833318539,1.6609761099930531,0.24089753526951235,-0.0730729833318539,1.6609761099930531,0.0,0.0,0.0,4.534872163514097,0.07558120272523496
0.31900000000000023,0.24089770884012005,-0.0730728606589237,1.6609760413922257,0.24089753526951235,-0.0730729833318539,1.6609761099930531,0.24089753526951235,-0.0730729833318539,1.6609761099930531,0.0,0.0,0.0,4.5348715263131485,0.07558119210521914
0.32000000000000023,0.24089771417092012,-0.07307286679548759,1.6609760465807561,0.24089753526951235,-0.0730729833318539,1.6609761099930531,0.24089753526951235,-0.0730729833318539,1.6609761099930531,0.0,0.0,0.0,4.534870876699896,0.0755811812783316
0.32100000000000023,0.24089771936773335,-0.07307287287095408,1.6609760517346654,0.24089753526951235,-0.0730729833318539,1.6609761099930531,0.24089753526951235,-0.0730729833318539,1.6609761099930531,0.0,0.0,0.0,4.534870215652046,0.07558117026086744
0.32200000000000023,0.240897724432331,-0.07307287888505644,1.66097605685397,0.24089753526951235,-0.0730729833318539,1.6609761099930531,0.24089753526951235,-0.0730729833318539,1.6609761099930531,0.0,0.0,0.0,4.534869544119453,0.07558115906865755
0.32300000000000023,0.24089772936648496,-0.07307288483755371,1.6609760619386649,0.24089753526951235,-0.0730729833318539,1.6609761099930531,0.24089753526951235,-0.0730729833318539,1.6609761099930531,0.0,0.0,0.0,4.5348688630253475,0.07558114771708913
0.32400000000000023,0.2408977341719637,-0.07307289072822999,1.6609760669887217,0.24089753526951235,-0.0730729833318539,1.6609761099930531,0.24089753526951235,-0.0730729833318539,1.6609761099930531,0.0,0.0,0.0,4.534868173265082,0.0755811362210847
0.32500000000000023,0.2408977388505334,-0.07307289655689521,1.6609760720040851,0.24089753526951235,-0.0730729833318539,1.6609761099930531,0.24089753526951235,-0.0730729833318539,1.6609761099930531,0.0,0.0,0.0,4.534867475706262,0.07558112459510437
0.32600000000000023,0.2408977434039551,-0.07307290232338157,1.6609760769846824,0.24089753526951235,-0.0730729833318539,1.6609761099930531,0.24089753526951235,-0.0730729833318539,1.6609761099930531,0.0,0.0,0.0,4.534866771190514,0.07558111285317523
0.32700000000000023,0.24089774783398338,-0.07307290802754476,1.660976081930414,0.24089753526951235,-0.0730729833318539,1.6609761099930531,0.24089753526951235,-0.0730729833318539,1.6609761099930531,0.0,0.0,0.0,4.534866060531163,0.07558110100885272
0.32800000000000024,0.24089775214236614,-0.07307291366926139,1.660976086841166,0.24089753526951235,-0.0730729833318539,1.6609761099930531,0.24089753526951235,-0.0730729833318539,1.6609761099930531,0.0,0.0,0.0,4.534865344515776,0.07558108907526292
0.32900000000000024,0.24089775633084254,-0.07307291924842949,1.6609760917168002,0.24089753526951235,-0.0730729833318539,1.6609761099930531,0.24089753526951235,-0.0730729833318539,1.6609761099930531,0.0,0.0,0.0,4.534864623903754,0.07558107706506258
0.33000000000000024,0.24089776040114264,-0.07307292476496748,1.660976096557162,0.24089753526951235,-0.0730729833318539,1.6609761099930531,0.24089753526951235,-0.0730729833318539,1.6609761099930531,0.0,0.0,0.0,4.534863899428954,0.07558106499048257
0.33100000000000024,0.24089776435498494,-0.07307293021881123,1.6609761013620763,0.24089753526951235,-0.0730729833318539,1.6609761099930531,0.24089753526951235,-0.0730729833318539,1.6609761099930531,0.0,0.0,0.0,4.534863171798544,0.07558105286330906
0.33200000000000024,0.2408977681940775,-0.07307293560991662,1.6609761061313537,0.24089753526951235,-0.0730729833318539,1.6609761099930531,0.24089753526951235,-0.0730729833318539,1.6609761099930531,0.0,0.0,0.0,4.534862441693781,0.07558104069489634
0.33300000000000024,0.2408977719201148,-0.07307294093825635,1.660976110864787,0.24089753526951235,-0.0730729833318539,1.6609761099930531,0.24089753526951235,-0.0730729833318539,1.6609761099930531,0.0,0.0,0.0,4.534861709769815,0.07558102849616358
0.33400000000000024,0.24089777553477926,-0.07307294620382004,1.6609761155621532,0.24089753526951235,-0.0730729833318539,1.6609761099930531,0.24089753526951235,-0.0730729833318539,1.6609761099930531,0.0,0.0,0.0,4.534860976656291,0.07558101627760486
0.33500000000000024,0.2408977790397381,-0.07307295140661299,1.6609761202232154,0.24089753526951235,-0.0730729833318539,1.6609761099930531,0.24089753526951235,-0.0730729833318539,1.6609761099930531,0.0,0.0,0.0,4.5348602429580716,0.0755810040493012
0.33600000000000024,0.2408977824366445,-0.07307295654665598,1.6609761248477224,0.24089753526951235,-0.0730729833318539,1.6609761099930531,0.24089753526951235,-0.0730729833318539,1.6609761099930531,0.0,0.0,0.0,4.534859509254847,0.07558099182091411
0.33700000000000024,0.24089778572713522,-0.07307296162398495,1.6609761294354113,0.24089753526951235,-0.0730729833318539,1.6609761099930531,0.24089753526951235,-0.0730729833318539,1.6609761099930531,0.0,0.0,0.0,4.534858776101893,0.07558097960169821
0.33800000000000024,0.24089778891283187,-0.07307296663864887,1.6609761339860047,0.24089753526951235,-0.0730729833318539,1.6609761099930531,0.24089753526951235,-0.0730729833318539,1.6609761099930531,0.0,0.0,0.0,4.534858044030061,0.07558096740050102
0.33900000000000025,0.24089779199533867,-0.07307297159071047,1.660976138499217,0.24089753526951235,-0.0730729833318539,1.6609761099930531,0.24089753526951235,-0.0730729833318539,1.6609761099930531,0.0,0.0,0.0,4.534857313547235,0.07558095522578726
0.34000000000000025,0.24089779497624275,-0.07307297648024559,1.66097614297475,0.24089753526951235,-0.0730729833318539,1.6609761099930531,0.24089753526951235,-0.0730729833318539,1.6609761099930531,0.0,0.0,0.0,4.534856585137028,0.07558094308561714
0.34100000000000025,0.24089779785711313,-0.07307298130734129,1.6609761474122957,0.24089753526951235,-0.0730729833318539,1.6609761099930531,0.24089753526951235,-0.0730729833318539,1.6609761099930531,0.0,0.0,0.0,4.534855859260693,0.07558093098767822
0.34200000000000025,0.24089780063950159,-0.07307298607209704,1.6609761518115393,0.24089753526951235,-0.0730729833318539,1.6609761099930531,0.24089753526951235,-0.0730729833318539,1.6609761099930531,0.0,0.0,0.0,4.534855136356945,0.07558091893928241
0.34300000000000025,0.24089780332493976,-0.07307299077462234,1.6609761561721559,0.24089753526951235,-0.0730729833318539,1.6609761099930531,0.24089753526951235,-0.0730729833318539,1.6609761099930531,0.0,0.0,0.0,4.534854416842251,0.07558090694737084
0.34400000000000025,0.24089780591494192,-0.07307299541503755,1.6609761604938156,0.24089753526951235,-0.0730729833318539,1.6609761099930531,0.24089753526951235,-0.0730729833318539,1.6609761099930531,0.0,0.0,0.0,4.534853701111071,0.07558089501851785
0.34500000000000025,0.24089780841100192,-0.07307299999347323,1.660976164776179,0.24089753526951235,-0.0730729833318539,1.6609761099930531,0.24089753526951235,-0.0730729833318539,1.6609761099930531,0.0,0.0,0.0,4.534852989538154,0.07558088315896924
0.34600000000000025,0.2408978108145946,-0.07307300451006882,1.6609761690189049,0.24089753526951235,-0.0730729833318539,1.6609761099930531,0.24089753526951235,-0.0730729833318539,1.6609761099930531,0.0,0.0,0.0,4.534852282476413,0.07558087137460688
0.34700000000000025,0.2408978131271749,-0.07307300896497278,1.6609761732216433,0.24089753526951235,-0.0730729833318539,1.6609761099930531,0.24089753526951235,-0.0730729833318539,1.6609761099930531,0.0,0.0,0.0,4.534851580258243,0.07558085967097071
0.34800000000000025,0.24089781535017785,-0.07307301335834204,1.6609761773840421,0.24089753526951235,-0.0730729833318539,1.6609761099930531,0.24089753526951235,-0.0730729833318539,1.6609761099930531,0.0,0.0,0.0,4.534850883196967,0.07558084805328277
0.34900000000000025,0.24089781748501812,-0.07307301769034183,1.6609761815057462,0.24089753526951235,-0.0730729833318539,1.6609761099930531,0.24089753526951235,-0.0730729833318539,1.6609761099930531,0.0,0.0,0.0,4.534850191586465,0.07558083652644108
0.35000000000000026,0.24089781953309033,-0.07307302196114475,1.6609761855863971,0.24089753526951235,-0.0730729833318539,1.6609761099930531,0.24089753526951235,-0.0730729833318539,1.6609761099930531,0.0,0.0,0.0,4.534849505701709,0.07558082509502849
0.35100000000000026,0.2408978214957689,-0.07307302617093042,1.660976189625633,0.24089753526951235,-0.0730729833318539,1.6609761099930531,0.24089753526951235,-0.0730729833318539,1.6609761099930531,0.0,0.0,0.0,4.5348488257993305,0.07558081376332218
0.35200000000000026,0.2408978233744074,-0.07307303031988552,1.660976193623092,0.24089753526951235,-0.0730729833318539,1.6609761099930531,0.24089753526951235,-0.0730729833318539,1.6609761099930531,0.0,0.0,0.0,4.53484815211861,0.07558080253531017
0.35300000000000026,0.24089782517033853,-0.07307303440820302,1.660976197578412,0.24089753526951235,-0.0730729833318539,1.6609761099930531,0.24089753526951235,-0.0730729833318539,1.6609761099930531,0.0,0.0,0.0,4.534847484881109,0.07558079141468514
0.35400000000000026,0.2408978268848766,-0.0730730384360825,1.6609762014912304,0.24089753526951235,-0.0730729833318539,1.6609761099930531,0.24089753526951235,-0.0730729833318539,1.6609761099930531,0.0,0.0,0.0,4.534846824291197,0.07558078040485329
0.35500000000000026,0.24089782851931246,-0.07307304240372832,1.6609762053611836,0.24089753526951235,-0.0730729833318539,1.6609761099930531,0.24089753526951235,-0.0730729833318539,1.6609761099930531,0.0,0.0,0.0,4.534846170537888,0.07558076950896479
0.35600000000000026,0.24089783007491877,-0.07307304631135118,1.660976209187911,0.24089753526951235,-0.0730729833318539,1.6609761099930531,0.24089753526951235,-0.0730729833318539,1.6609761099930531,0.0,0.0,0.0,4.534845523793557,0.07558075872989262
0.35700000000000026,0.2408978315529469,-0.07307305015916649,1.6609762129710532,0.24089753526951235,-0.0730729833318539,1.6609761099930531,0.24089753526951235,-0.0730729833318539,1.6609761099930531,0.0,0.0,0.0,4.534844884215477,0.07558074807025796
0.35800000000000026,0.24089783295462852,-0.07307305394739444,1.660976216710253,0.24089753526951235,-0.0730729833318539,1.6609761099930531,0.24089753526951235,-0.0730729833318539,1.6609761099930531,0.0,0.0,0.0,4.534844251946085,0.07558073753243474
0.35900000000000026,0.24089783428117453,-0.07307305767626047,1.6609762204051566,0.24089753526951235,-0.0730729833318539,1.6609761099930531,0.24089753526951235,-0.0730729833318539,1.6609761099930531,0.0,0.0,0.0,4.5348436271135375,0.07558072711855895
0.36000000000000026,0.24089783553377575,-0.07307306134599306,1.6609762240554111,0.24089753526951235,-0.0730729833318539,1.6609761099930531,0.24089753526951235,-0.0730729833318539,1.6609761099930531,0.0,0.0,0.0,4.534843009831773,0.07558071683052955
0.36100000000000027,0.24089783671360504,-0.07307306495682624,1.6609762276606737,0.24089753526951235,-0.0730729833318539,1.6609761099930531,0.24089753526951235,-0.0730729833318539,1.6609761099930531,0.0,0.0,0.0,4.534842400201823,0.07558070667003039
0.36200000000000027,0.24089783782181262,-0.07307306850899703,1.6609762312205985,0.24089753526951235,-0.0730729833318539,1.6609761099930531,0.24089753526951235,-0.0730729833318539,1.6609761099930531,0.0,0.0,0.0,4.53484179831107,0.07558069663851782
0.36300000000000027,0.2408978388595308,-0.07307307200274592,1.6609762347348482,0.24089753526951235,-0.0730729833318539,1.6609761099930531,0.24089753526951235,-0.0730729833318539,1.6609761099930531,0.0,0.0,0.0,4.534841204235224,0.07558068673725374
0.36400000000000027,0.24089783982787355,-0.07307307543831766,1.6609762382030926,0.24089753526951235,-0.0730729833318539,1.6609761099930531,0.24089753526951235,-0.0730729833318539,1.6609761099930531,0.0,0.0,0.0,4.534840618037449,0.07558067696729082
0.36500000000000027,0.24089784072793358,-0.07307307881595937,1.660976241625004,0.24089753526951235,-0.0730729833318539,1.6609761099930531,0.24089753526951235,-0.0730729833318539,1.6609761099930531,0.0,0.0,0.0,4.534840039769619,0.07558066732949364
0.36600000000000027,0.24089784156078647,-0.07307308213592176,1.6609762450002634,0.24089753526951235,-0.0730729833318539,1.6609761099930531,0.24089753526951235,-0.0730729833318539,1.6609761099930531,0.0,0.0,0.0,4.534839469472456,0.07558065782454094
0.36700000000000027,0.24089784232748912,-0.07307308539845818,1.6609762483285577,0.24089753526951235,-0.0730729833318539,1.6609761099930531,0.24089753526951235,-0.0730729833318539,1.6609761099930531,0.0,0.0,0.0,4.534838907176062,0.07558064845293437
0.36800000000000027,0.24089784302907813,-0.0730730886038245,1.660976251609578,0.24089753526951235,-0.0730729833318539,1.6609761099930531,0.24089753526951235,-0.0730729833318539,1.6609761099930531,0.0,0.0,0.0,4.534838352900339,0.07558063921500564
0.36900000000000027,0.24089784366657474,-0.07307309175227952,1.6609762548430287,0.24089753526951235,-0.0730729833318539,1.6609761099930531,0.24089753526951235,-0.0730729833318539,1.6609761099930531,0.0,0.0,0.0,4.534837806655761,0.07558063011092936
0.3700000000000003,0.24089784424098065,-0.07307309484408439,1.6609762580286176,0.24089753526951235,-0.0730729833318539,1.6609761099930531,0.24089753526951235,-0.0730729833318539,1.6609761099930531,0.0,0.0,0.0,4.534837268442874,0.07558062114071457
0.3710000000000003,0.24089784475328116,-0.07307309787950275,1.6609762611660623,0.24089753526951235,-0.0730729833318539,1.6609761099930531,0.24089753526951235,-0.0730729833318539,1.6609761099930531,0.0,0.0,0.0,4.534836738253847,0.07558061230423078
0.3720000000000003,0.24089784520444346,-0.07307310085879991,1.6609762642550883,0.24089753526951235,-0.0730729833318539,1.6609761099930531,0.24089753526951235,-0.0730729833318539,1.6609761099930531,0.0,0.0,0.0,4.534836216072308,0.07558060360120514
0.3730000000000003,0.2408978455954181,-0.07307310378224327,1.66097626729543,0.24089753526951235,-0.0730729833318539,1.6609761099930531,0.24089753526951235,-0.0730729833318539,1.6609761099930531,0.0,0.0,0.0,4.534835701873655,0.07558059503122759
0.3740000000000003,0.24089784592713948,-0.07307310665010262,1.6609762702868316,0.24089753526951235,-0.0730729833318539,1.6609761099930531,0.24089753526951235,-0.0730729833318539,1.6609761099930531,0.0,0.0,0.0,4.534835195625872,0.07558058659376453
0.3750000000000003,0.24089784620052504,-0.07307310946264951,1.660976273229046,0.24089753526951235,-0.0730729833318539,1.6609761099930531,0.24089753526951235,-0.0730729833318539,1.6609761099930531,0.0,0.0,0.0,4.534834697289415,0.07558057828815691
0.3760000000000003,0.24089784641647682,-0.07307311222015687,1.6609762761218352,0.24089753526951235,-0.0730729833318539,1.6609761099930531,0.24089753526951235,-0.0730729833318539,1.6609761099930531,0.0,0.0,0.0,4.534834206817876,0.07558057011363126
0.3770000000000003,0.24089784657588098,-0.07307311492289992,1.6609762789649727,0.24089753526951235,-0.0730729833318539,1.6609761099930531,0.24089753526951235,-0.0730729833318539,1.6609761099930531,0.0,0.0,0.0,4.534833724158834,0.0755805620693139
0.3780000000000003,0.2408978466796085,-0.07307311757115488,1.6609762817582405,0.24089753526951235,-0.0730729833318539,1.6609761099930531,0.24089753526951235,-0.0730729833318539,1.6609761099930531,0.0,0.0,0.0,4.534833249253131,0.07558055415421885
0.3790000000000003,0.2408978467285149,-0.07307312016519962,1.6609762845014304,0.24089753526951235,-0.0730729833318539,1.6609761099930531,0.24089753526951235,-0.0730729833318539,1.6609761099930531,0.0,0.0,0.0,4.5348327820361884,0.07558054636726981
0.3800000000000003,0.24089784672344208,-0.07307312270531405,1.6609762871943479,0.24089753526951235,-0.0730729833318539,1.6609761099930531,0.24089753526951235,-0.0730729833318539,1.6609761099930531,0.0,0.0,0.0,4.534832322438031,0.07558053870730051
0.3810000000000003,0.2408978466652166,-0.07307312519177896,1.6609762898368055,0.24089753526951235,-0.0730729833318539,1.6609761099930531,0.24089753526951235,-0.0730729833318539,1.6609761099930531,0.0,0.0,0.0,4.5348318703832975,0.07558053117305495
0.3820000000000003,0.2408978465546519,-0.07307312762487661,1.6609762924286275,0.24089753526951235,-0.0730729833318539,1.6609761099930531,0.24089753526951235,-0.0730729833318539,1.6609761099930531,0.0,0.0,0.0,4.5348314257922375,0.07558052376320396
0.3830000000000003,0.24089784639254647,-0.07307313000489062,1.6609762949696512,0.24089753526951235,-0.0730729833318539,1.6609761099930531,0.24089753526951235,-0.0730729833318539,1.6609761099930531,0.0,0.0,0.0,4.534830988580171,0.07558051647633618
0.3840000000000003,0.2408978461796873,-0.07307313233210604,1.6609762974597226,0.24089753526951235,-0.0730729833318539,1.6609761099930531,0.24089753526951235,-0.0730729833318539,1.6609761099930531,0.0,0.0,0.0,4.534830558659424,0.0755805093109904
0.3850000000000003,0.24089784591684715,-0.07307313460680878,1.6609762998987,0.24089753526951235,-0.0730729833318539,1.6609761099930531,0.24089753526951235,-0.0730729833318539,1.6609761099930531,0.0,0.0,0.0,4.534830135937807,0.07558050226563012
0.3860000000000003,0.24089784560478628,-0.07307313682928672,1.6609763022864525,0.24089753526951235,-0.0730729833318539,1.6609761099930531,0.24089753526951235,-0.0730729833318539,1.6609761099930531,0.0,0.0,0.0,4.534829720319378,0.0755804953386563
0.3870000000000003,0.24089784524425317,-0.0730731389998279,1.6609763046228598,0.24089753526951235,-0.0730729833318539,1.6609761099930531,0.24089753526951235,-0.0730729833318539,1.6609761099930531,0.0,0.0,0.0,4.534829311705271,0.07558048852842118
0.3880000000000003,0.24089784483598398,-0.07307314111872254,1.6609763069078158,0.24089753526951235,-0.0730729833318539,1.6609761099930531,0.24089753526951235,-0.0730729833318539,1.6609761099930531,0.0,0.0,0.0,4.534828909994101,0.07558048183323501
0.3890000000000003,0.2408978443807033,-0.07307314318626132,1.6609763091412237,0.24089753526951235,-0.0730729833318539,1.6609761099930531,0.24089753526951235,-0.0730729833318539,1.6609761099930531,0.0,0.0,0.0,4.534828515081189,0.07558047525135315
0.3900000000000003,0.24089784387912436,-0.07307314520273653,1.660976311322998,0.24089753526951235,-0.0730729833318539,1.6609761099930531,0.24089753526951235,-0.0730729833318539,1.6609761099930531,0.0,0.0,0.0,4.534828126859883,0.07558046878099804
0.3910000000000003,0.24089784333194914,-0.07307314716844096,1.660976313453066,0.24089753526951235,-0.0730729833318539,1.6609761099930531,0.24089753526951235,-0.0730729833318539,1.6609761099930531,0.0,0.0,0.0,4.534827745221437,0.07558046242035729
0.3920000000000003,0.24089784273986953,-0.07307314908366905,1.660976315531367,0.24089753526951235,-0.0730729833318539,1.6609761099930531,0.24089753526951235,-0.0730729833318539,1.6609761099930531,0.0,0.0,0.0,4.53482737005507,0.0755804561675845
0.3930000000000003,0.24089784210356635,-0.07307315094871633,1.6609763175578498,0.24089753526951235,-0.0730729833318539,1.6609761099930531,0.24089753526951235,-0.0730729833318539,1.6609761099930531,0.0,0.0,0.0,4.534827001248376,0.07558045002080625
0.3940000000000003,0.240897841423711,-0.07307315276387892,1.6609763195324772,0.24089753526951235,-0.0730729833318539,1.6609761099930531,0.24089753526951235,-0.0730729833318539,1.6609761099930531,0.0,0.0,0.0,4.534826638687739,0.07558044397812898
0.3950000000000003,0.24089784070096495,-0.07307315452945473,1.660976321455222,0.24089753526951235,-0.0730729833318539,1.6609761099930531,0.24089753526951235,-0.0730729833318539,1.6609761099930531,0.0,0.0,0.0,4.534826282258195,0.07558043803763659
0.3960000000000003,0.24089783993597952,-0.0730731562457424,1.6609763233260697,0.24089753526951235,-0.0730729833318539,1.6609761099930531,0.24089753526951235,-0.0730729833318539,1.6609761099930531,0.0,0.0,0.0,4.53482593184393,0.07558043219739882
0.3970000000000003,0.24089783912939822,-0.07307315791304154,1.660976325145017,0.24089753526951235,-0.0730729833318539,1.6609761099930531,0.24089753526951235,-0.0730729833318539,1.6609761099930531,0.0,0.0,0.0,4.5348255873282,0.07558042645547
0.3980000000000003,0.24089783828185432,-0.07307315953165285,1.6609763269120712,0.24089753526951235,-0.0730729833318539,1.6609761099930531,0.24089753526951235,-0.0730729833318539,1.6609761099930531,0.0,0.0,0.0,4.534825248593868,0.0755804208098978
0.3990000000000003,0.24089783739397344,-0.07307316110187846,1.6609763286272536,0.24089753526951235,-0.0730729833318539,1.6609761099930531,0.24089753526951235,-0.0730729833318539,1.6609761099930531,0.0,0.0,0.0,4.53482491552331,0.07558041525872183
0.4000000000000003,0.24089783646637253,-0.073073162624021,1.6609763302905938,0.24089753526951235,-0.0730729833318539,1.6609761099930531,0.24089753526951235,-0.0730729833318539,1.6609761099930531,0.0,0.0,0.0,4.534824587998664,0.07558040979997774
0.4010000000000003,0.24089783549966032,-0.07307316409838474,1.660976331902135,0.24089753526951235,-0.0730729833318539,1.6609761099930531,0.24089753526951235,-0.0730729833318539,1.6609761099930531,0.0,0.0,0.0,4.534824265902398,0.07558040443170663
0.4020000000000003,0.24089783449443816,-0.07307316552527499,1.6609763334619312,0.24089753526951235,-0.0730729833318539,1.6609761099930531,0.24089753526951235,-0.0730729833318539,1.6609761099930531,0.0,0.0,0.0,4.534823949116621,0.07558039915194369
0.4030000000000003,0.2408978334512994,-0.07307316690499814,1.6609763349700462,0.24089753526951235,-0.0730729833318539,1.6609761099930531,0.24089753526951235,-0.0730729833318539,1.6609761099930531,0.0,0.0,0.0,4.53482363752393,0.07558039395873216
0.4040000000000003,0.2408978323708309,-0.07307316823786109,1.6609763364265577,0.24089753526951235,-0.0730729833318539,1.6609761099930531,0.24089753526951235,-0.0730729833318539,1.6609761099930531,0.0,0.0,0.0,4.534823331007632,0.0755803888501272
0.4050000000000003,0.24089783125361186,-0.07307316952417311,1.6609763378315519,0.24089753526951235,-0.0730729833318539,1.6609761099930531,0.24089753526951235,-0.0730729833318539,1.6609761099930531,0.0,0.0,0.0,4.534823029451246,0.07558038382418744
0.4060000000000003,0.24089783010021418,-0.07307317076424294,1.6609763391851253,0.24089753526951235,-0.0730729833318539,1.6609761099930531,0.24089753526951235,-0.0730729833318539,1.6609761099930531,0.0,0.0,0.0,4.534822732739153,0.07558037887898589
0.4070000000000003,0.24089782891120512,-0.07307317195838195,1.660976340487389,0.24089753526951235,-0.0730729833318539,1.6609761099930531,0.24089753526951235,-0.0730729833318539,1.6609761099930531,0.0,0.0,0.0,4.534822440756672,0.07558037401261121
0.4080000000000003,0.24089782768714396,-0.07307317310690208,1.6609763417384618,0.24089753526951235,-0.0730729833318539,1.6609761099930531,0.24089753526951235,-0.0730729833318539,1.6609761099930531,0.0,0.0,0.0,4.5348221533900075,0.07558036922316679
0.4090000000000003,0.24089782642858443,-0.07307317421011633,1.6609763429384734,0.24089753526951235,-0.0730729833318539,1.6609761099930531,0.24089753526951235,-0.0730729833318539,1.6609761099930531,0.0,0.0,0.0,4.5348218705263905,0.07558036450877317
0.4100000000000003,0.24089782513607413,-0.07307317526833892,1.660976344087564,0.24089753526951235,-0.0730729833318539,1.6609761099930531,0.24089753526951235,-0.0730729833318539,1.6609761099930531,0.0,0.0,0.0,4.534821592054379,0.07558035986757299
0.4110000000000003,0.24089782381015537,-0.07307317628188478,1.660976345185884,0.24089753526951235,-0.0730729833318539,1.6609761099930531,0.24089753526951235,-0.0730729833318539,1.6609761099930531,0.0,0.0,0.0,4.534821317863673,0.07558035529772789
0.4120000000000003,0.24089782245136476,-0.07307317725107117,1.660976346233594,0.24089753526951235,-0.0730729833318539,1.6609761099930531,0.24089753526951235,-0.0730729833318539,1.6609761099930531,0.0,0.0,0.0,4.534821047845535,0.07558035079742557
0.4130000000000003,0.24089782106023358,-0.0730731781762153,1.6609763472308652,0.24089753526951235,-0.0730729833318539,1.6609761099930531,0.24089753526951235,-0.0730729833318539,1.6609761099930531,0.0,0.0,0.0,4.534820781892769,0.07558034636487948
0.4140000000000003,0.2408978196372883,-0.0730731790576361,1.6609763481778774,0.24089753526951235,-0.0730729833318539,1.6609761099930531,0.24089753526951235,-0.0730729833318539,1.6609761099930531,0.0,0.0,0.0,4.534820519899177,0.07558034199831962
0.4150000000000003,0.24089781818304995,-0.07307317989565353,1.6609763490748204,0.24089753526951235,-0.0730729833318539,1.6609761099930531,0.24089753526951235,-0.0730729833318539,1.6609761099930531,0.0,0.0,0.0,4.534820261760839,0.07558033769601398
0.4160000000000003,0.240897816698036,-0.07307318069058866,1.6609763499218946,0.24089753526951235,-0.0730729833318539,1.6609761099930531,0.24089753526951235,-0.0730729833318539,1.6609761099930531,0.0,0.0,0.0,4.534820007375341,0.07558033345625569
0.4170000000000003,0.24089781518275752,-0.07307318144276426,1.6609763507193078,0.24089753526951235,-0.0730729833318539,1.6609761099930531,0.24089753526951235,-0.0730729833318539,1.6609761099930531,0.0,0.0,0.0,4.534819756641963,0.07558032927736605
0.4180000000000003,0.2408978136377229,-0.07307318215250391,1.6609763514672786,0.24089753526951235,-0.0730729833318539,1.6609761099930531,0.24089753526951235,-0.0730729833318539,1.6609761099930531,0.0,0.0,0.0,4.534819509461805,0.07558032515769675
0.4190000000000003,0.24089781206343552,-0.07307318282013192,1.660976352166034,0.24089753526951235,-0.0730729833318539,1.6609761099930531,0.24089753526951235,-0.0730729833318539,1.6609761099930531,0.0,0.0,0.0,4.534819265737956,0.07558032109563259
0.4200000000000003,0.2408978104603945,-0.07307318344597447,1.6609763528158081,0.24089753526951235,-0.0730729833318539,1.6609761099930531,0.24089753526951235,-0.0730729833318539,1.6609761099930531,0.0,0.0,0.0,4.534819025375331,0.07558031708958884
0.4210000000000003,0.24089780882909512,-0.07307318403035866,1.6609763534168474,0.24089753526951235,-0.0730729833318539,1.6609761099930531,0.24089753526951235,-0.0730729833318539,1.6609761099930531,0.0,0.0,0.0,4.534818788280385,0.07558031313800642
0.4220000000000003,0.24089780717002932,-0.0730731845736126,1.660976353969403,0.24089753526951235,-0.0730729833318539,1.6609761099930531,0.24089753526951235,-0.0730729833318539,1.6609761099930531,0.0,0.0,0.0,4.53481855436297,0.07558030923938283
0.4230000000000003,0.24089780548368456,-0.07307318507606568,1.6609763544737364,0.24089753526951235,-0.0730729833318539,1.6609761099930531,0.24089753526951235,-0.0730729833318539,1.6609761099930531,0.0,0.0,0.0,4.534818323533973,0.07558030539223289
0.4240000000000003,0.24089780377054493,-0.07307318553804838,1.6609763549301158,0.24089753526951235,-0.0730729833318539,1.6609761099930531,0.24089753526951235,-0.0730729833318539,1.6609761099930531,0.0,0.0,0.0,4.534818095706107,0.07558030159510178
0.4250000000000003,0.24089780203109146,-0.07307318595989247,1.6609763553388188,0.24089753526951235,-0.0730729833318539,1.6609761099930531,0.24089753526951235,-0.0730729833318539,1.6609761099930531,0.0,0.0,0.0,4.534817870794787,0.07558029784657978
0.4260000000000003,0.24089780026580154,-0.0730731863419309,1.660976355700129,0.24089753526951235,-0.0730729833318539,1.6609761099930531,0.24089753526951235,-0.0730729833318539,1.6609761099930531,0.0,0.0,0.0,4.534817648717134,0.07558029414528557
0.4270000000000003,0.2408977984751493,-0.0730731866844974,1.660976356014339,0.24089753526951235,-0.0730729833318539,1.6609761099930531,0.24089753526951235,-0.0730729833318539,1.6609761099930531,0.0,0.0,0.0,4.534817429392821,0.07558029048988035
0.4280000000000003,0.2408977966596056,-0.07307318698792771,1.6609763562817468,0.24089753526951235,-0.0730729833318539,1.6609761099930531,0.24089753526951235,-0.0730729833318539,1.6609761099930531,0.0,0.0,0.0,4.534817212743271,0.07558028687905452
0.4290000000000003,0.2408977948196384,-0.07307318725255713,1.6609763565026592,0.24089753526951235,-0.0730729833318539,1.6609761099930531,0.24089753526951235,-0.0730729833318539,1.6609761099930531,0.0,0.0,0.0,4.534816998692521,0.07558028331154201
0.4300000000000003,0.24089779295571273,-0.07307318747872327,1.6609763566773896,0.24089753526951235,-0.0730729833318539,1.6609761099930531,0.24089753526951235,-0.0730729833318539,1.6609761099930531,0.0,0.0,0.0,4.534816787166497,0.07558027978610828
0.4310000000000003,0.2408977910682903,-0.07307318766676492,1.6609763568062565,0.24089753526951235,-0.0730729833318539,1.6609761099930531,0.24089753526951235,-0.0730729833318539,1.6609761099930531,0.0,0.0,0.0,4.534816578093312,0.0755802763015552
0.43200000000000033,0.24089778915783067,-0.0730731878170211,1.660976356889587,0.24089753526951235,-0.0730729833318539,1.6609761099930531,0.24089753526951235,-0.0730729833318539,1.6609761099930531,0.0,0.0,0.0,4.534816371403545,0.07558027285672576
0.43300000000000033,0.24089778722478983,-0.07307318792983179,1.6609763569277134,0.24089753526951235,-0.0730729833318539,1.6609761099930531,0.24089753526951235,-0.0730729833318539,1.6609761099930531,0.0,0.0,0.0,4.534816167029575,0.07558026945049293
0.43400000000000033,0.24089778526962116,-0.07307318800553926,1.6609763569209728,0.24089753526951235,-0.0730729833318539,1.6609761099930531,0.24089753526951235,-0.0730729833318539,1.6609761099930531,0.0,0.0,0.0,4.534815964906084,0.07558026608176807
0.43500000000000033,0.24089778329277664,-0.07307318804448595,1.6609763568697113,0.24089753526951235,-0.0730729833318539,1.6609761099930531,0.24089753526951235,-0.0730729833318539,1.6609761099930531,0.0,0.0,0.0,4.534815764970184,0.07558026274950307
0.43600000000000033,0.24089778129470413,-0.07307318804701476,1.6609763567742784,0.24089753526951235,-0.0730729833318539,1.6609761099930531,0.24089753526951235,-0.0730729833318539,1.6609761099930531,0.0,0.0,0.0,4.534815567160784,0.07558025945267974
0.43700000000000033,0.2408977792758496,-0.07307318801347036,1.6609763566350293,0.24089753526951235,-0.0730729833318539,1.6609761099930531,0.24089753526951235,-0.0730729833318539,1.6609761099930531,0.0,0.0,0.0,4.534815371419046,0.07558025619031743
0.43800000000000033,0.24089777723665662,-0.07307318794419854,1.660976356452325,0.24089753526951235,-0.0730729833318539,1.6609761099930531,0.24089753526951235,-0.0730729833318539,1.6609761099930531,0.0,0.0,0.0,4.534815177688457,0.07558025296147428
0.43900000000000033,0.24089777517756558,-0.07307318783954465,1.6609763562265298,0.24089753526951235,-0.0730729833318539,1.6609761099930531,0.24089753526951235,-0.0730729833318539,1.6609761099930531,0.0,0.0,0.0,4.534814985914445,0.07558024976524075
0.44000000000000034,0.24089777309901644,-0.07307318769985649,1.660976355958018,0.24089753526951235,-0.0730729833318539,1.6609761099930531,0.24089753526951235,-0.0730729833318539,1.6609761099930531,0.0,0.0,0.0,4.534814796044592,0.0755802466007432
0.44100000000000034,0.24089777100144366,-0.07307318752548228,1.6609763556471626,0.24089753526951235,-0.0730729833318539,1.6609761099930531,0.24089753526951235,-0.0730729833318539,1.6609761099930531,0.0,0.0,0.0,4.534814608028255,0.07558024346713758
0.44200000000000034,0.24089776888528208,-0.0730731873167701,1.6609763552943435,0.24089753526951235,-0.0730729833318539,1.6609761099930531,0.24089753526951235,-0.0730729833318539,1.6609761099930531,0.0,0.0,0.0,4.534814421817064,0.07558024036361773
0.44300000000000034,0.24089776675096253,-0.07307318707406993,1.660976354899945,0.24089753526951235,-0.0730729833318539,1.6609761099930531,0.24089753526951235,-0.0730729833318539,1.6609761099930531,0.0,0.0,0.0,4.53481423736503,0.07558023728941717
0.44400000000000034,0.24089776459891465,-0.07307318679773198,1.6609763544643563,0.24089753526951235,-0.0730729833318539,1.6609761099930531,0.24089753526951235,-0.0730729833318539,1.6609761099930531,0.0,0.0,0.0,4.534814054627613,0.07558023424379354
0.44500000000000034,0.24089776242956523,-0.07307318648810748,1.6609763539879696,0.24089753526951235,-0.0730729833318539,1.6609761099930531,0.24089753526951235,-0.0730729833318539,1.6609761099930531,0.0,0.0,0.0,4.53481387356238,0.07558023122603967
0.44600000000000034,0.2408977602433386,-0.07307318614554834,1.6609763534711812,0.24089753526951235,-0.0730729833318539,1.6609761099930531,0.24089753526951235,-0.0730729833318539,1.6609761099930531,0.0,0.0,0.0,4.5348136941289265,0.0755802282354821
0.44700000000000034,0.2408977580406575,-0.0730731857704066,1.66097635291439,0.24089753526951235,-0.0730729833318539,1.6609761099930531,0.24089753526951235,-0.0730729833318539,1.6609761099930531,0.0,0.0,0.0,4.534813516288578,0.0755802252714763
0.44800000000000034,0.24089775582194123,-0.0730731853630356,1.6609763523179997,0.24089753526951235,-0.0730729833318539,1.6609761099930531,0.24089753526951235,-0.0730729833318539,1.6609761099930531,0.0,0.0,0.0,4.534813340004913,0.07558022233341521
0.44900000000000034,0.24089775358760826,-0.07307318492378906,1.6609763516824168,0.24089753526951235,-0.0730729833318539,1.6609761099930531,0.24089753526951235,-0.0730729833318539,1.6609761099930531,0.0,0.0,0.0,4.53481316524281,0.07558021942071351
0.45000000000000034,0.24089775133807273,-0.07307318445302075,1.6609763510080484,0.24089753526951235,-0.0730729833318539,1.6609761099930531,0.24089753526951235,-0.0730729833318539,1.6609761099930531,0.0,0.0,0.0,4.534812991969199,0.07558021653281997
0.45100000000000035,0.24089774907374925,-0.07307318395108582,1.6609763502953092,0.24089753526951235,-0.0730729833318539,1.6609761099930531,0.24089753526951235,-0.0730729833318539,1.6609761099930531,0.0,0.0,0.0,4.534812820152976,0.07558021366921627
0.45200000000000035,0.24089774679504833,-0.07307318341833952,1.6609763495446133,0.24089753526951235,-0.0730729833318539,1.6609761099930531,0.24089753526951235,-0.0730729833318539,1.6609761099930531,0.0,0.0,0.0,4.534812649764318,0.0755802108294053
0.45300000000000035,0.2408977445023783,-0.07307318285513678,1.6609763487563778,0.24089753526951235,-0.0730729833318539,1.6609761099930531,0.24089753526951235,-0.0730729833318539,1.6609761099930531,0.0,0.0,0.0,4.534812480775388,0.07558020801292313
0.45400000000000035,0.24089774219614546,-0.0730731822618344,1.660976347931022,0.24089753526951235,-0.0730729833318539,1.6609761099930531,0.24089753526951235,-0.0730729833318539,1.6609761099930531,0.0,0.0,0.0,4.534812313159789,0.07558020521932982
0.45500000000000035,0.2408977398767541,-0.07307318163878813,1.660976347068969,0.24089753526951235,-0.0730729833318539,1.6609761099930531,0.24089753526951235,-0.0730729833318539,1.6609761099930531,0.0,0.0,0.0,4.534812146893006,0.07558020244821677
0.45600000000000035,0.2408977375446059,-0.07307318098635497,1.6609763461706406,0.24089753526951235,-0.0730729833318539,1.6609761099930531,0.24089753526951235,-0.0730729833318539,1.6609761099930531,0.0,0.0,0.0,4.534811981951765,0.07558019969919608
0.45700000000000035,0.24089773520009972,-0.07307318030489166,1.6609763452364639,0.24089753526951235,-0.0730729833318539,1.6609761099930531,0.24089753526951235,-0.0730729833318539,1.6609761099930531,0.0,0.0,0.0,4.534811818314771,0.07558019697191284
0.45800000000000035,0.24089773284363297,-0.07307317959475548,1.6609763442668661,0.24089753526951235,-0.0730729833318539,1.6609761099930531,0.24089753526951235,-0.0730729833318539,1.6609761099930531,0.0,0.0,0.0,4.5348116559614855,0.07558019426602476
0.45900000000000035,0.2408977304756002,-0.07307317885630335,1.6609763432622755,0.24089753526951235,-0.0730729833318539,1.6609761099930531,0.24089753526951235,-0.0730729833318539,1.6609761099930531,0.0,0.0,0.0,4.5348114948734315,0.07558019158122385
0.46000000000000035,0.24089772809639337,-0.0730731780898932,1.6609763422231227,0.24089753526951235,-0.0730729833318539,1.6609761099930531,0.24089753526951235,-0.0730729833318539,1.6609761099930531,0.0,0.0,0.0,4.53481133503342,0.07558018891722366
0.46100000000000035,0.24089772570640267,-0.07307317729588225,1.6609763411498393,0.24089753526951235,-0.0730729833318539,1.6609761099930531,0.24089753526951235,-0.0730729833318539,1.6609761099930531,0.0,0.0,0.0,4.534811176425382,0.07558018627375637
0.46200000000000035,0.24089772330601456,-0.07307317647462813,1.6609763400428577,0.24089753526951235,-0.0730729833318539,1.6609761099930531,0.24089753526951235,-0.0730729833318539,1.6609761099930531,0.0,0.0,0.0,4.53481101903491,0.07558018365058183
0.46300000000000036,0.240897720895615,-0.07307317562648817,1.6609763389026106,0.24089753526951235,-0.0730729833318539,1.6609761099930531,0.24089753526951235,-0.0730729833318539,1.6609761099930531,0.0,0.0,0.0,4.5348108628483725,0.07558018104747287
0.46400000000000036,0.2408977184755855,-0.07307317475182015,1.660976337729534,0.24089753526951235,-0.0730729833318539,1.6609761099930531,0.24089753526951235,-0.0730729833318539,1.6609761099930531,0.0,0.0,0.0,4.534810707854064,0.0755801784642344
0.46500000000000036,0.24089771604630614,-0.07307317385098144,1.66097633652406,0.24089753526951235,-0.0730729833318539,1.6609761099930531,0.24089753526951235,-0.0730729833318539,1.6609761099930531,0.0,0.0,0.0,4.534810554040532,0.07558017590067553
0.46600000000000036,0.24089771360815448,-0.07307317292432887,1.660976335286627,0.24089753526951235,-0.0730729833318539,1.6609761099930531,0.24089753526951235,-0.0730729833318539,1.6609761099930531,0.0,0.0,0.0,4.534810401398739,0.07558017335664566
0.46700000000000036,0.24089771116150444,-0.07307317197222006,1.6609763340176682,0.24089753526951235,-0.0730729833318539,1.6609761099930531,0.24089753526951235,-0.0730729833318539,1.6609761099930531,0.0,0.0,0.0,4.534810249919355,0.07558017083198924
0.46800000000000036,0.2408977087067285,-0.07307317099501112,1.6609763327176201,0.24089753526951235,-0.0730729833318539,1.6609761099930531,0.24089753526951235,-0.0730729833318539,1.6609761099930531,0.0,0.0,0.0,4.534810099595153,0.07558016832658589
0.46900000000000036,0.2408977062441957,-0.07307316999305903,1.66097633138692,0.24089753526951235,-0.0730729833318539,1.6609761099930531,0.24089753526951235,-0.0730729833318539,1.6609761099930531,0.0,0.0,0.0,4.53480995041962,0.07558016584032701
0.47000000000000036,0.24089770377427305,-0.07307316896671968,1.6609763300260023,0.24089753526951235,-0.0730729833318539,1.6609761099930531,0.24089753526951235,-0.0730729833318539,1.6609761099930531,0.0,0.0,0.0,4.534809802386835,0.07558016337311392
0.47100000000000036,0.24089770129732427,-0.07307316791634899,1.6609763286353039,0.24089753526951235,-0.0730729833318539,1.6609761099930531,0.24089753526951235,-0.0730729833318539,1.6609761099930531,0.0,0.0,0.0,4.534809655492604,0.07558016092487674
0.47200000000000036,0.24089769881371068,-0.0730731668423021,1.6609763272152605,0.24089753526951235,-0.0730729833318539,1.6609761099930531,0.24089753526951235,-0.0730729833318539,1.6609761099930531,0.0,0.0,0.0,4.534809509732943,0.07558015849554905
0.47300000000000036,0.24089769632379054,-0.07307316574493403,1.6609763257663066,0.24089753526951235,-0.0730729833318539,1.6609761099930531,0.24089753526951235,-0.0730729833318539,1.6609761099930531,0.0,0.0,0.0,4.534809365104999,0.07558015608508331
0.47400000000000037,0.24089769382791967,-0.07307316462459883,1.6609763242888773,0.24089753526951235,-0.0730729833318539,1.6609761099930531,0.24089753526951235,-0.0730729833318539,1.6609761099930531,0.0,0.0,0.0,4.534809221606907,0.07558015369344845
0.47500000000000037,0.2408976913264505,-0.07307316348165027,1.6609763227834058,0.24089753526951235,-0.0730729833318539,1.6609761099930531,0.24089753526951235,-0.0730729833318539,1.6609761099930531,0.0,0.0,0.0,4.5348090792374,0.07558015132062333
0.47600000000000037,0.2408976888197328,-0.07307316231644148,1.6609763212503272,0.24089753526951235,-0.0730729833318539,1.6609761099930531,0.24089753526951235,-0.0730729833318539,1.6609761099930531,0.0,0.0,0.0,4.534808937995411,0.07558014896659018
0.47700000000000037,0.24089768630811376,-0.07307316112932452,1.6609763196900729,0.24089753526951235,-0.0730729833318539,1.6609761099930531,0.24089753526951235,-0.0730729833318539,1.6609761099930531,0.0,0.0,0.0,4.534808797882066,0.07558014663136776
0.47800000000000037,0.24089768379193696,-0.0730731599206515,1.6609763181030746,0.24089753526951235,-0.0730729833318539,1.6609761099930531,0.24089753526951235,-0.0730729833318539,1.6609761099930531,0.0,0.0,0.0,4.534808658898243,0.0755801443149707
0.47900000000000037,0.2408976812715439,-0.0730731586907728,1.6609763164897633,0.24089753526951235,-0.0730729833318539,1.6609761099930531,0.24089753526951235,-0.0730729833318539,1.6609761099930531,0.0,0.0,0.0,4.534808521045143,0.07558014201741906
0.48000000000000037,0.2408976787472718,-0.07307315744003892,1.6609763148505676,0.24089753526951235,-0.0730729833318539,1.6609761099930531,0.24089753526951235,-0.0730729833318539,1.6609761099930531,0.0,0.0,0.0,4.534808384325008,0.07558013973875014
0.48100000000000037,0.24089767621945601,-0.0730731561687986,1.6609763131859172,0.24089753526951235,-0.0730729833318539,1.6609761099930531,0.24089753526951235,-0.0730729833318539,1.6609761099930531,0.0,0.0,0.0,4.534808248740579,0.07558013747900966
0.4820000000000004,0.24089767368842838,-0.07307315487740056,1.6609763114962377,0.24089753526951235,-0.0730729833318539,1.6609761099930531,0.24089753526951235,-0.0730729833318539,1.6609761099930531,0.0,0.0,0.0,4.534808114295003,0.07558013523825005
0.4830000000000004,0.24089767115451693,-0.07307315356619176,1.6609763097819552,0.24089753526951235,-0.0730729833318539,1.6609761099930531,0.24089753526951235,-0.0730729833318539,1.6609761099930531,0.0,0.0,0.0,4.534807980992351,0.07558013301653918
0.4840000000000004,0.24089766861804793,-0.07307315223551822,1.6609763080434938,0.24089753526951235,-0.0730729833318539,1.6609761099930531,0.24089753526951235,-0.0730729833318539,1.6609761099930531,0.0,0.0,0.0,4.534807848836569,0.07558013081394281
0.4850000000000004,0.24089766607934315,-0.07307315088572519,1.6609763062812755,0.24089753526951235,-0.0730729833318539,1.6609761099930531,0.24089753526951235,-0.0730729833318539,1.6609761099930531,0.0,0.0,0.0,4.5348077178326855,0.07558012863054477
0.4860000000000004,0.240897663538722,-0.07307314951715736,1.6609763044957209,0.24089753526951235,-0.0730729833318539,1.6609761099930531,0.24089753526951235,-0.0730729833318539,1.6609761099930531,0.0,0.0,0.0,4.534807587985709,0.07558012646642848
0.4870000000000004,0.24089766099650034,-0.07307314813015688,1.6609763026872502,0.24089753526951235,-0.0730729833318539,1.6609761099930531,0.24089753526951235,-0.0730729833318539,1.6609761099930531,0.0,0.0,0.0,4.534807459301235,0.07558012432168724
0.4880000000000004,0.24089765845299035,-0.07307314672506585,1.6609763008562795,0.24089753526951235,-0.0730729833318539,1.6609761099930531,0.24089753526951235,-0.0730729833318539,1.6609761099930531,0.0,0.0,0.0,4.534807331784932,0.07558012219641554
0.4890000000000004,0.2408976559085017,-0.0730731453022246,1.6609762990032242,0.24089753526951235,-0.0730729833318539,1.6609761099930531,0.24089753526951235,-0.0730729833318539,1.6609761099930531,0.0,0.0,0.0,4.534807205443133,0.07558012009071889
0.4900000000000004,0.24089765336333932,-0.07307314386197249,1.660976297128498,0.24089753526951235,-0.0730729833318539,1.6609761099930531,0.24089753526951235,-0.0730729833318539,1.6609761099930531,0.0,0.0,0.0,4.534807080282412,0.07558011800470686
0.4910000000000004,0.24089765081780823,-0.07307314240464734,1.6609762952325131,0.24089753526951235,-0.0730729833318539,1.6609761099930531,0.24089753526951235,-0.0730729833318539,1.6609761099930531,0.0,0.0,0.0,4.534806956309132,0.07558011593848553
0.4920000000000004,0.2408976482722052,-0.07307314093058553,1.660976293315678,0.24089753526951235,-0.0730729833318539,1.6609761099930531,0.24089753526951235,-0.0730729833318539,1.6609761099930531,0.0,0.0,0.0,4.534806833530944,0.0755801138921824
0.4930000000000004,0.24089764572682676,-0.07307313944012211,1.6609762913783992,0.24089753526951235,-0.0730729833318539,1.6609761099930531,0.24089753526951235,-0.0730729833318539,1.6609761099930531,0.0,0.0,0.0,4.534806711954484,0.07558011186590807
0.4940000000000004,0.24089764318196516,-0.07307313793359078,1.6609762894210818,0.24089753526951235,-0.0730729833318539,1.6609761099930531,0.24089753526951235,-0.0730729833318539,1.6609761099930531,0.0,0.0,0.0,4.534806591587435,0.07558010985979058
0.4950000000000004,0.2408976406379098,-0.07307313641132365,1.6609762874441292,0.24089753526951235,-0.0730729833318539,1.6609761099930531,0.24089753526951235,-0.0730729833318539,1.6609761099930531,0.0,0.0,0.0,4.534806472437356,0.07558010787395593
0.4960000000000004,0.24089763809494535,-0.07307313487365091,1.660976285447941,0.24089753526951235,-0.0730729833318539,1.6609761099930531,0.24089753526951235,-0.0730729833318539,1.6609761099930531,0.0,0.0,0.0,4.534806354512046,0.0755801059085341
0.4970000000000004,0.2408976355533545,-0.07307313332090211,1.660976283432916,0.24089753526951235,-0.0730729833318539,1.6609761099930531,0.24089753526951235,-0.0730729833318539,1.6609761099930531,0.0,0.0,0.0,4.534806237819117,0.07558010396365195
0.4980000000000004,0.240897633013415,-0.07307313175340446,1.660976281399449,0.24089753526951235,-0.0730729833318539,1.6609761099930531,0.24089753526951235,-0.0730729833318539,1.6609761099930531,0.0,0.0,0.0,4.534806122366774,0.07558010203944623
0.4990000000000004,0.24089763047540205,-0.0730731301714834,1.6609762793479332,0.24089753526951235,-0.0730729833318539,1.6609761099930531,0.24089753526951235,-0.0730729833318539,1.6609761099930531,0.0,0.0,0.0,4.534806008162861,0.07558010013604768
0.5000000000000003,0.24089762793958666,-0.07307312857546291,1.6609762772787582,0.24089753526951235,-0.0730729833318539,1.6609761099930531,0.24089753526951235,-0.0730729833318539,1.6609761099930531,0.0,0.0,0.0,4.53480589521554,0.07558009825359234
0.5010000000000003,0.24089762540623683,-0.07307312696566583,1.660976275192313,0.24089753526951235,-0.0730729833318539,1.6609761099930531,0.24089753526951235,-0.0730729833318539,1.6609761099930531,2.0,0.0,0.0,4.5348057835331,0.07558009639221834
0.5020000000000003,0.2408990999718217,-0.07307240786952027,1.6609753751920366,0.24089753526951235,-0.0730729833318539,1.6609761099930531,0.24089753526951235,-0.0730729833318539,1.6609761099930531,2.0,0.0,0.0,4.570254320543034,0.0761709053423839
0.5030000000000003,0.24090196716215193,-0.07307102841345316,1.6609736484029336,0.24089753526951235,-0.0730729833318539,1.6609761099930531,0.24089753526951235,-0.0730729833318539,1.6609761099930531,2.0,0.0,0.0,4.603949575463561,0.07673249292439269
0.5040000000000003,0.24090614668791965,-0.07306904232068274,1.660971161859001,0.24089753526951235,-0.0730729833318539,1.6609761099930531,0.24089753526951235,-0.0730729833318539,1.6609761099930531,2.0,0.0,0.0,4.635980073320442,0.0772663345553407
0.5050000000000003,0.2409115621568334,-0.07306650020412524,1.6609679786635667,0.24089753526951235,-0.0730729833318539,1.6609761099930531,0.24089753526951235,-0.0730729833318539,1.6609761099930531,2.0,0.0,0.0,4.666429351961091,0.07777382253268486
0.5060000000000003,0.2409181408719177,-0.07306344975376837,1.6609641582072179,0.24089753526951235,-0.0730729833318539,1.6609761099930531,0.24089753526951235,-0.0730729833318539,1.6609761099930531,2.0,0.0,0.0,4.695376298887476,0.0782562716481246
0.5070000000000003,0.24092581365382867,-0.0730599359019234,1.6609597563832954,0.24089753526951235,-0.0730729833318539,1.6609761099930531,0.24089753526951235,-0.0730729833318539,1.6609761099930531,2.0,0.0,0.0,4.722895483238502,0.0787149247206417
0.5080000000000003,0.24093451467666854,-0.07305600097694155,1.660954825797318,0.24089753526951235,-0.0730729833318539,1.6609761099930531,0.24089753526951235,-0.0730729833318539,1.6609761099930531,2.0,0.0,0.0,4.749057362735402,0.07915095604559004
0.5090000000000003,0.24094418131399026,-0.07305168484744366,1.660949415968234,0.24089753526951235,-0.0730729833318539,1.6609761099930531,0.24089753526951235,-0.0730729833318539,1.6609761099930531,2.0,0.0,0.0,4.773928475654153,0.07956547459423588
0.5100000000000003,0.24095475399343438,-0.0730470250578442,1.6609435735200893,0.24089753526951235,-0.0730729833318539,1.6609761099930531,0.24089753526951235,-0.0730729833318539,1.6609761099930531,2.0,0.0,0.0,4.7975716380992175,0.07995952730165362
0.5110000000000003,0.24096617605899182,-0.07304205695574968,1.6609373423631588,0.24089753526951235,-0.0730729833318539,1.6609761099930531,0.24089753526951235,-0.0730729833318539,1.6609761099930531,2.0,0.0,0.0,4.820046148464517,0.08033410247440861
0.5120000000000003,0.2409783936400453,-0.07303681381174237,1.6609307638638724,0.24089753526951235,-0.0730729833318539,1.6609761099930531,0.24089753526951235,-0.0730729833318539,1.6609761099930531,2.0,0.0,0.0,4.841407996634699,0.08069013327724497
0.5130000000000003,0.24099135552649353,-0.07303132693203856,1.6609238770031776,0.24089753526951235,-0.0730729833318539,1.6609761099930531,0.24089753526951235,-0.0730729833318539,1.6609761099930531,2.0,0.0,0.0,4.861710074554745,0.08102850124257908
0.5140000000000003,0.24100501304932967,-0.07302562576447065,1.6609167185232105,0.24089753526951235,-0.0730729833318539,1.6609761099930531,0.24089753526951235,-0.0730729833318539,1.6609761099930531,2.0,0.0,0.0,4.8810023847968855,0.08135003974661476
0.5150000000000003,0.24101931996616371,-0.07301973799822585,1.6609093230624206,0.24089753526951235,-0.0730729833318539,1.6609761099930531,0.24089753526951235,-0.0730729833318539,1.6609761099930531,2.0,0.0,0.0,4.8993322440464775,0.08165553740077462
0.5160000000000003,0.241034232351255,-0.07301368965774584,1.6609017232794718,0.24089753526951235,-0.0730729833318539,1.6609761099930531,0.24089753526951235,-0.0730729833318539,1.6609761099930531,2.0,0.0,0.0,4.916744478839827,0.08194574131399711
0.5170000000000003,0.24104970848968804,-0.07300750519116857,1.660893949966424,0.24089753526951235,-0.0730729833318539,1.6609761099930531,0.24089753526951235,-0.0730729833318539,1.6609761099930531,2.0,0.0,0.0,4.933281611352558,0.0822213601892093
0.5180000000000003,0.24106570877543415,-0.07300120755368067,1.6608860321518562,0.24089753526951235,-0.0730729833318539,1.6609761099930531,0.24089753526951235,-0.0730729833318539,1.6609761099930531,2.0,0.0,0.0,4.94898403351542,0.082483067225257
0.5190000000000003,0.2410821956130611,-0.07299481828611552,1.6608779971946759,0.24089753526951235,-0.0730729833318539,1.6609761099930531,0.24089753526951235,-0.0730729833318539,1.6609761099930531,2.0,0.0,0.0,4.963890168222876,0.0827315028037146
0.5200000000000004,0.24109913332294328,-0.07298835758912332,1.660869870869437,0.24089753526951235,-0.0730729833318539,1.6609761099930531,0.24089753526951235,-0.0730729833318539,1.6609761099930531,2.0,0.0,0.0,4.978036616854964,0.08296727694758273
0.5210000000000004,0.24111648804985358,-0.07298184439321231,1.6608616774440506,0.24089753526951235,-0.0730729833318539,1.6609761099930531,0.24089753526951235,-0.0730729833318539,1.6609761099930531,2.0,0.0,0.0,4.991458292773606,0.08319097154622676
0.5220000000000004,0.24113422767486642,-0.07297529642495097,1.660853439750762,0.24089753526951235,-0.0730729833318539,1.6609761099930531,0.24089753526951235,-0.0730729833318539,1.6609761099930531,2.0,0.0,0.0,5.004188540835228,0.08340314234725381
0.5230000000000004,0.24115232173051776,-0.0729687302695862,1.660845179251261,0.24089753526951235,-0.0730729833318539,1.6609761099930531,0.24089753526951235,-0.0730729833318539,1.6609761099930531,2.0,0.0,0.0,5.016259243306138,0.08360432072176896
0.5240000000000004,0.24117074131920035,-0.07296216143033386,1.6608369160967709,0.24089753526951235,-0.0730729833318539,1.6609761099930531,0.24089753526951235,-0.0730729833318539,1.6609761099930531,2.0,0.0,0.0,5.027700912852425,0.08379501521420708
0.5250000000000004,0.2411894590347748,-0.07295560438456089,1.660828669183893,0.24089753526951235,-0.0730729833318539,1.6609761099930531,0.24089753526951235,-0.0730729833318539,1.6609761099930531,2.0,0.0,0.0,5.038542773501639,0.08397571289169399
0.5260000000000004,0.24120844888739235,-0.07294907263707792,1.660820456206925,0.24089753526951235,-0.0730729833318539,1.6609761099930531,0.24089753526951235,-0.0730729833318539,1.6609761099930531,2.0,0.0,0.0,5.048812830647625,0.08414688051079375
0.5270000000000004,0.24122768623151752,-0.07294257877072793,1.6608122937073042,0.24089753526951235,-0.0730729833318539,1.6609761099930531,0.24089753526951235,-0.0730729833318539,1.6609761099930531,2.0,0.0,0.0,5.0585379312889724,0.08430896552148287
0.5280000000000004,0.24124714769713823,-0.07293613449445382,1.6608041971207177,0.24089753526951235,-0.0730729833318539,1.6609761099930531,0.24089753526951235,-0.0730729833318539,1.6609761099930531,2.0,0.0,0.0,5.067743815751434,0.08446239692919057
0.5290000000000004,0.24126681112414242,-0.07292975068900166,1.6607961808223732,0.24089753526951235,-0.0730729833318539,1.6609761099930531,0.24089753526951235,-0.0730729833318539,1.6609761099930531,2.0,0.0,0.0,5.076455162173478,0.08460758603622463
0.5300000000000004,0.24128665549983022,-0.0729234374504088,1.660788258170806,0.24089753526951235,-0.0730729833318539,1.6609761099930531,0.24089753526951235,-0.0730729833318539,1.6609761099930531,2.0,0.0,0.0,5.084695625003199,0.08474492708338666
0.5310000000000004,0.24130666089951536,-0.07291720413140612,1.6607804415505374,0.24089753526951235,-0.0730729833318539,1.6609761099930531,0.24089753526951235,-0.0730729833318539,1.6609761099930531,2.0,0.0,0.0,5.0924878687065105,0.08487479781177518
0.5320000000000004,0.24132680843015733,-0.07291105938085321,1.6607727424138068,0.24089753526951235,-0.0730729833318539,1.6609761099930531,0.24089753526951235,-0.0730729833318539,1.6609761099930531,2.0,0.0,0.0,5.099853597795715,0.08499755996326191
0.5330000000000004,0.24134708017695655,-0.0729050111813161,1.660765171321543,0.24089753526951235,-0.0730729833318539,1.6609761099930531,0.24089753526951235,-0.0730729833318539,1.6609761099930531,2.0,0.0,0.0,5.106813584187366,0.0851135597364561
0.5340000000000004,0.24136745915282204,-0.07289906688487793,1.6607577379836633,0.24089753526951235,-0.0730729833318539,1.6609761099930531,0.24089753526951235,-0.0730729833318539,1.6609761099930531,2.0,0.0,0.0,5.113387692773571,0.08522312821289285
0.5350000000000004,0.24138792925061803,-0.07289323324727093,1.6607504512987488,0.24089753526951235,-0.0730729833318539,1.6609761099930531,0.24089753526951235,-0.0730729833318539,1.6609761099930531,2.0,0.0,0.0,5.119594905960863,0.08532658176601439
0.5360000000000004,0.24140847519808173,-0.07288751646040717,1.6607433193930796,0.24089753526951235,-0.0730729833318539,1.6609761099930531,0.24089753526951235,-0.0730729833318539,1.6609761099930531,2.0,0.0,0.0,5.125453347796387,0.08542422246327311
0.5370000000000004,0.24142908251529488,-0.07288192218337547,1.6607363496590106,0.24089753526951235,-0.0730729833318539,1.6609761099930531,0.24089753526951235,-0.0730729833318539,1.6609761099930531,2.0,0.0,0.0,5.130980308171072,0.08551633846951787
0.5380000000000004,0.24144973747458517,-0.07287645557196543,1.6607295487925955,0.24089753526951235,-0.0730729833318539,1.6609761099930531,0.24089753526951235,-0.0730729833318539,1.6609761099930531,2.0,0.0,0.0,5.136192267454465,0.08560320445757442
0.5390000000000004,0.24147042706273064,-0.07287112130677932,1.6607229228303921,0.24089753526951235,-0.0730729833318539,1.6609761099930531,0.24089753526951235,-0.0730729833318539,1.6609761099930531,2.0,0.0,0.0,5.1411049218057485,0.08568508203009581
0.5400000000000004,0.24149113894533344,-0.07286592361998122,1.6607164771853506,0.24089753526951235,-0.0730729833318539,1.6609761099930531,0.24089753526951235,-0.0730729833318539,1.6609761099930531,2.0,0.0,0.0,5.145733209287941,0.08576222015479901
0.5410000000000004,0.24151186143323433,-0.07286086632073278,1.660710216681672,0.24089753526951235,-0.0730729833318539,1.6609761099930531,0.24089753526951235,-0.0730729833318539,1.6609761099930531,2.0,0.0,0.0,5.15009133682357,0.08583485561372615
0.5420000000000004,0.2415325834508339,-0.07285595281936294,1.6607041455885605,0.24089753526951235,-0.0730729833318539,1.6609761099930531,0.24089753526951235,-0.0730729833318539,1.6609761099930531,2.0,0.0,0.0,5.154192807949443,0.08590321346582404
0.5430000000000004,0.24155329450619295,-0.07285118615031214,1.6606982676527577,0.24089753526951235,-0.0730729833318539,1.6609761099930531,0.24089753526951235,-0.0730729833318539,1.6609761099930531,2.0,0.0,0.0,5.158050451256527,0.08596750752094211
0.5440000000000004,0.2415739846627903,-0.07284656899389824,1.660692586129804,0.24089753526951235,-0.0730729833318539,1.6609761099930531,0.24089753526951235,-0.0730729833318539,1.6609761099930531,2.0,0.0,0.0,5.161676449358074,0.08602794082263457
0.5450000000000004,0.24159464451281568,-0.07284210369694265,1.660687103813933,0.24089753526951235,-0.0730729833318539,1.6609761099930531,0.24089753526951235,-0.0730729833318539,1.6609761099930531,2.0,0.0,0.0,5.16508236818614,0.08608470613643567
0.5460000000000004,0.2416152651518892,-0.07283779229229778,1.660681823066582,0.24089753526951235,-0.0730729833318539,1.6609761099930531,0.24089753526951235,-0.0730729833318539,1.6609761099930531,2.0,0.0,0.0,5.168279186400599,0.08613798644000999
0.5470000000000004,0.2416358381551022,-0.07283363651732051,1.660676745843467,0.24089753526951235,-0.0730729833318539,1.6609761099930531,0.24089753526951235,-0.0730729833318539,1.6609761099930531,2.0,0.0,0.0,5.171277324676055,0.08618795541126759
0.5480000000000004,0.24165635555428058,-0.0728296378313266,1.6606718737202137,0.24089753526951235,-0.0730729833318539,1.6609761099930531,0.24089753526951235,-0.0730729833318539,1.6609761099930531,2.0,0.0,0.0,5.174086674639976,0.08623477791066626
0.5490000000000004,0.24167680981638395,-0.07282579743207568,1.6606672079165496,0.24089753526951235,-0.0730729833318539,1.6609761099930531,0.24089753526951235,-0.0730729833318539,1.6609761099930531,2.0,0.0,0.0,5.176716627242016,0.08627861045403361
0.5500000000000004,0.24169719382295873,-0.07282211627132085,1.660662749319079,0.24089753526951235,-0.0730729833318539,1.6609761099930531,0.24089753526951235,-0.0730729833318539,1.6609761099930531,2.0,0.0,0.0,5.179176100350486,0.0863196016725081
0.5510000000000004,0.24171750085057375,-0.07281859506947237,1.6606584985026667,0.24089753526951235,-0.0730729833318539,1.6609761099930531,0.24089753526951235,-0.0730729833318539,1.6609761099930531,2.0,0.0,0.0,5.181473565396413,0.08635789275660688
0.5520000000000004,0.24173772455217069,-0.0728152343294105,1.6606544557504859,0.24089753526951235,-0.0730729833318539,1.6609761099930531,0.24089753526951235,-0.0730729833318539,1.6609761099930531,2.0,0.0,0.0,5.183617072915304,0.08639361788192174
0.5530000000000004,0.24175785893927595,-0.07281203434949768,1.660650621072787,0.24089753526951235,-0.0730729833318539,1.6609761099930531,0.24089753526951235,-0.0730729833318539,1.6609761099930531,2.0,0.0,0.0,5.185614276860307,0.08642690461433845
0.5540000000000004,0.24177789836501612,-0.0728089952358258,1.6606469942244428,0.24089753526951235,-0.0730729833318539,1.6609761099930531,0.24089753526951235,-0.0730729833318539,1.6609761099930531,2.0,0.0,0.0,5.187472457598466,0.08645787429330777
0.5550000000000004,0.24179783750790054,-0.07280611691374553,1.66064357472136,0.24089753526951235,-0.0730729833318539,1.6609761099930531,0.24089753526951235,-0.0730729833318539,1.6609761099930531,2.0,0.0,0.0,5.1891985435292245,0.08648664239215374
0.5560000000000004,0.2418176713563225,-0.07280339913871832,1.660640361855816,0.24089753526951235,-0.0730729833318539,1.6609761099930531,0.24089753526951235,-0.0730729833318539,1.6609761099930531,2.0,0.0,0.0,5.190799131293955,0.08651331885489925
0.5570000000000004,0.24183739519375264,-0.07280084150652907,1.6606373547108153,0.24089753526951235,-0.0730729833318539,1.6609761099930531,0.24089753526951235,-0.0730729833318539,1.6609761099930531,2.0,0.0,0.0,5.192280504575322,0.08653800840958871
0.5580000000000004,0.24185700458458584,-0.07279844346290529,1.6606345521735306,0.24089753526951235,-0.0730729833318539,1.6609761099930531,0.24089753526951235,-0.0730729833318539,1.6609761099930531,2.0,0.0,0.0,5.193648651508427,0.0865608108584738
0.5590000000000004,0.24187649536062178,-0.07279620431257627,1.6606319529479143,0.24089753526951235,-0.0730729833318539,1.6609761099930531,0.24089753526951235,-0.0730729833318539,1.6609761099930531,2.0,0.0,0.0,5.194909280749496,0.08658182134582493
0.5600000000000004,0.2418958636081483,-0.07279412322781323,1.6606295555665562,0.24089753526951235,-0.0730729833318539,1.6609761099930531,0.24089753526951235,-0.0730729833318539,1.6609761099930531,2.0,0.0,0.0,5.196067836264081,0.08660113060440136
0.5610000000000004,0.24191510565560953,-0.07279219925648625,1.6606273584018507,0.24089753526951235,-0.0730729833318539,1.6609761099930531,0.24089753526951235,-0.0730729833318539,1.6609761099930531,2.0,0.0,0.0,5.197129510913236,0.08661882518188727
0.5620000000000004,0.24193421806183657,-0.07279043132966787,1.6606253596765461,0.24089753526951235,-0.0730729833318539,1.6609761099930531,0.24089753526951235,-0.0730729833318539,1.6609761099930531,2.0,0.0,0.0,5.19809925892557,0.0866349876487595
0.5630000000000004,0.24195319760481998,-0.07278881826882501,1.660623557473729,0.24089753526951235,-0.0730729833318539,1.6609761099930531,0.24089753526951235,-0.0730729833318539,1.6609761099930531,2.0,0.0,0.0,5.198981807353022,0.08664969678921702
0.5640000000000004,0.24197204127100966,-0.07278735879261959,1.660621949746306,0.24089753526951235,-0.0730729833318539,1.6609761099930531,0.24089753526951235,-0.0730729833318539,1.6609761099930531,2.0,0.0,0.0,5.19978166660749,0.0866630277767915
0.5650000000000004,0.24199074624511974,-0.0727860515233531,1.6606205343260254,0.24089753526951235,-0.0730729833318539,1.6609761099930531,0.24089753526951235,-0.0730729833318539,1.6609761099930531,2.0,0.0,0.0,5.200503140181192,0.08667505233635321
0.5660000000000004,0.24200930990042208,-0.07278489499307822,1.6606193089320767,0.24089753526951235,-0.0730729833318539,1.6609761099930531,0.24089753526951235,-0.0730729833318539,1.6609761099930531,2.0,0.0,0.0,5.2011503336476395,0.08668583889412733
0.5670000000000004,0.24202772978951398,-0.07278388764940451,1.6606182711793143,0.24089753526951235,-0.0730729833318539,1.6609761099930531,0.24089753526951235,-0.0730729833318539,1.6609761099930531,2.0,0.0,0.0,5.201727163039333,0.08669545271732222
0.5680000000000004,0.24204600363553716,-0.07278302786101618,1.66061741858612,0.24089753526951235,-0.0730729833318539,1.6609761099930531,0.24089753526951235,-0.0730729833318539,1.6609761099930531,2.0,0.0,0.0,5.202237362689635,0.08670395604482725
0.5690000000000004,0.2420641293238352,-0.07278231392292998,1.6606167485819439,0.24089753526951235,-0.0730729833318539,1.6609761099930531,0.24089753526951235,-0.0730729833318539,1.6609761099930531,2.0,0.0,0.0,5.202684492619684,0.08671140821032806
0.5700000000000004,0.2420821048940283,-0.07278174406150059,1.6606162585145319,0.24089753526951235,-0.0730729833318539,1.6609761099930531,0.24089753526951235,-0.0730729833318539,1.6609761099930531,2.0,0.0,0.0,5.20307194554223,0.08671786575903716
0.5710000000000004,0.24209992853249065,-0.07278131643920113,1.6606159456568599,0.24089753526951235,-0.0730729833318539,1.6609761099930531,0.24089753526951235,-0.0730729833318539,1.6609761099930531,2.0,0.0,0.0,5.203402953545894,0.08672338255909824
0.5720000000000004,0.24211759856520892,-0.07278102915918512,1.6606158072137889,0.24089753526951235,-0.0730729833318539,1.6609761099930531,0.24089753526951235,-0.0730729833318539,1.6609761099930531,2.0,0.0,0.0,5.203680594514263,0.08672800990857105
0.5730000000000004,0.24213511345100647,-0.07278088026964818,1.660615840328443,0.24089753526951235,-0.0730729833318539,1.6609761099930531,0.24089753526951235,-0.0730729833318539,1.6609761099930531,2.0,0.0,0.0,5.203907798320624,0.08673179663867707
0.5740000000000004,0.24215247177511637,-0.07278086776800016,1.6606160420883216,0.24089753526951235,-0.0730729833318539,1.6609761099930531,0.24089753526951235,-0.0730729833318539,1.6609761099930531,2.0,0.0,0.0,5.204087352837425,0.0867347892139571
0.5750000000000004,0.24216967224308206,-0.07278098960485495,1.6606164095311522,0.24089753526951235,-0.0730729833318539,1.6609761099930531,0.24089753526951235,-0.0730729833318539,1.6609761099930531,2.0,0.0,0.0,5.204221909785031,0.08673703182975051
0.5760000000000004,0.24218671367497188,-0.07278124368785163,1.6606169396504864,0.24089753526951235,-0.0730729833318539,1.6609761099930531,0.24089753526951235,-0.0730729833318539,1.6609761099930531,2.0,0.0,0.0,5.20431399043823,0.08673856650730384
0.5770000000000004,0.2422035949998896,-0.07278162788531298,1.6606176294010344,0.24089753526951235,-0.0730729833318539,1.6609761099930531,0.24089753526951235,-0.0730729833318539,1.6609761099930531,2.0,0.0,0.0,5.204365991202939,0.08673943318671566
0.5780000000000004,0.24222031525076199,-0.07278214002974642,1.6606184757037539,0.24089753526951235,-0.0730729833318539,1.6609761099930531,0.24089753526951235,-0.0730729833318539,1.6609761099930531,2.0,0.0,0.0,5.20438018907081,0.08673966981784684
0.5790000000000004,0.24223687355939377,-0.07278277792119864,1.6606194754506858,0.24089753526951235,-0.0730729833318539,1.6609761099930531,0.24089753526951235,-0.0730729833318539,1.6609761099930531,2.0,0.0,0.0,5.204358746949805,0.08673931244916341
0.5800000000000004,0.24225326915176723,-0.07278353933046472,1.6606206255095466,0.24089753526951235,-0.0730729833318539,1.6609761099930531,0.24089753526951235,-0.0730729833318539,1.6609761099930531,2.0,0.0,0.0,5.204303718872116,0.08673839531453527
0.5810000000000004,0.24226950134357808,-0.07278442200216034,1.660621922728073,0.24089753526951235,-0.0730729833318539,1.6609761099930531,0.24089753526951235,-0.0730729833318539,1.6609761099930531,2.0,0.0,0.0,5.20421705506967,0.08673695091782782
0.5820000000000004,0.24228556953599023,-0.0727854236576589,1.6606233639381314,0.24089753526951235,-0.0730729833318539,1.6609761099930531,0.24089753526951235,-0.0730729833318539,1.6609761099930531,2.0,0.0,0.0,5.204100606914449,0.08673501011524082
0.5830000000000004,0.2423014732115984,-0.07278654199790195,1.660624945959595,0.24089753526951235,-0.0730729833318539,1.6609761099930531,0.24089753526951235,-0.0730729833318539,1.6609761099930531,2.0,0.0,0.0,5.203956131711659,0.08673260219519432
0.5840000000000004,0.24231721193058786,-0.072787774706081,1.6606266656039872,0.24089753526951235,-0.0730729833318539,1.6609761099930531,0.24089753526951235,-0.0730729833318539,1.6609761099930531,2.0,0.0,0.0,5.203785297337296,0.0867297549556216
0.5850000000000004,0.2423327853270732,-0.07278911945020247,1.6606285196779103,0.24089753526951235,-0.0730729833318539,1.6609761099930531,0.24089753526951235,-0.0730729833318539,1.6609761099930531,2.0,0.0,0.0,5.203589686715538,0.0867264947785923
0.5860000000000004,0.24234819310561534,-0.07279057388553054,1.6606305049862595,0.24089753526951235,-0.0730729833318539,1.6609761099930531,0.24089753526951235,-0.0730729833318539,1.6609761099930531,2.0,0.0,0.0,5.203370802121492,0.08672284670202487
0.5870000000000004,0.24236343503790114,-0.07279213565692012,1.6606326183352276,0.24089753526951235,-0.0730729833318539,1.6609761099930531,0.24089753526951235,-0.0730729833318539,1.6609761099930531,2.0,0.0,0.0,5.2031300693083375,0.0867188344884723
0.5880000000000004,0.24237851095957608,-0.07279380240103711,1.6606348565351152,0.24089753526951235,-0.0730729833318539,1.6609761099930531,0.24089753526951235,-0.0730729833318539,1.6609761099930531,2.0,0.0,0.0,5.202868841453267,0.08671448069088777
0.5890000000000004,0.2423934207672236,-0.0727955717484737,1.6606372164029588,0.24089753526951235,-0.0730729833318539,1.6609761099930531,0.24089753526951235,-0.0730729833318539,1.6609761099930531,2.0,0.0,0.0,5.2025884029158185,0.08670980671526364
0.5900000000000004,0.24240816441548524,-0.07279744132575855,1.6606396947649689,0.24089753526951235,-0.0730729833318539,1.6609761099930531,0.24089753526951235,-0.0730729833318539,1.6609761099930531,2.0,0.0,0.0,5.2022899728091065,0.08670483288015178
0.5910000000000004,0.24242274191430985,-0.07279940875727073,1.66064228845881,0.24089753526951235,-0.0730729833318539,1.6609761099930531,0.24089753526951235,-0.0730729833318539,1.6609761099930531,2.0,0.0,0.0,5.20197470838696,0.08669957847311599
0.5920000000000004,0.24243715332633012,-0.07280147166705399,1.6606449943357204,0.24089753526951235,-0.0730729833318539,1.6609761099930531,0.24089753526951235,-0.0730729833318539,1.6609761099930531,2.0,0.0,0.0,5.201643708244388,0.08669406180407314
0.5930000000000004,0.24245139876435612,-0.07280362768054306,1.6606478092624797,0.24089753526951235,-0.0730729833318539,1.6609761099930531,0.24089753526951235,-0.0730729833318539,1.6609761099930531,2.0,0.0,0.0,5.20129801533789,0.0866883002556315
0.5940000000000004,0.24246547838898444,-0.07280587442619654,1.6606507301232316,0.24089753526951235,-0.0730729833318539,1.6609761099930531,0.24089753526951235,-0.0730729833318539,1.6609761099930531,2.0,0.0,0.0,5.200938619832263,0.0866823103305377
0.5950000000000004,0.242479392406315,-0.07280820953704978,1.6606537538211943,0.24089753526951235,-0.0730729833318539,1.6609761099930531,0.24089753526951235,-0.0730729833318539,1.6609761099930531,2.0,0.0,0.0,5.200566461776335,0.08667610769627225
0.5960000000000004,0.24249314106577097,-0.07281063065218193,1.6606568772802315,0.24089753526951235,-0.0730729833318539,1.6609761099930531,0.24089753526951235,-0.0730729833318539,1.6609761099930531,2.0,0.0,0.0,5.20018243362173,0.08666970722702884
0.5970000000000004,0.24250672465801887,-0.0728131354181084,1.6606600974463166,0.24089753526951235,-0.0730729833318539,1.6609761099930531,0.24089753526951235,-0.0730729833318539,1.6609761099930531,2.0,0.0,0.0,5.199787382586381,0.08666312304310635
0.5980000000000004,0.24252014351298273,-0.07281572149009546,1.660663411288891,0.24089753526951235,-0.0730729833318539,1.6609761099930531,0.24089753526951235,-0.0730729833318539,1.6609761099930531,2.0,0.0,0.0,5.1993821128765845,0.08665636854794308
0.5990000000000004,0.24253339799794957,-0.07281838653340901,1.6606668158021285,0.24089753526951235,-0.0730729833318539,1.6609761099930531,0.24089753526951235,-0.0730729833318539,1.6609761099930531,2.0,0.0,0.0,5.198967387775628,0.08664945646292714
0.6000000000000004,0.24254648851576133,-0.07282112822448936,1.6606703080061003,0.24089753526951235,-0.0730729833318539,1.6609761099930531,0.24089753526951235,-0.0730729833318539,1.6609761099930531,2.0,0.0,0.0,5.19854393160783,0.0866423988601305
0.6010000000000004,0.242559415503092,-0.07282394425206686,1.6606738849478635,0.24089753526951235,-0.0730729833318539,1.6609761099930531,0.24089753526951235,-0.0730729833318539,1.6609761099930531,2.0,0.0,0.0,5.198112431589814,0.08663520719316356
0.6020000000000004,0.24257217942880077,-0.07282683231821285,1.6606775437024637,0.24089753526951235,-0.0730729833318539,1.6609761099930531,0.24089753526951235,-0.0730729833318539,1.6609761099930531,2.0,0.0,0.0,5.197673539576358,0.08662789232627263
0.6030000000000004,0.2425847807923669,-0.07282979013933408,1.6606812813738678,0.24089753526951235,-0.0730729833318539,1.6609761099930531,0.24089753526951235,-0.0730729833318539,1.6609761099930531,2.0,0.0,0.0,5.197227873709555,0.08662046456182591
0.6040000000000004,0.242597220122393,-0.07283281544711052,1.6606850950958223,0.24089753526951235,-0.0730729833318539,1.6609761099930531,0.24089753526951235,-0.0730729833318539,1.6609761099930531,2.0,0.0,0.0,5.196776019981933,0.08661293366636555
0.6050000000000004,0.2426094979751806,-0.07283590598938218,1.660688982032652,0.24089753526951235,-0.0730729833318539,1.6609761099930531,0.24089753526951235,-0.0730729833318539,1.6609761099930531,2.0,0.0,0.0,5.196318533719463,0.08660530889532439
0.6060000000000004,0.24262161493337298,-0.07283905953098363,1.660692939379994,0.24089753526951235,-0.0730729833318539,1.6609761099930531,0.24089753526951235,-0.0730729833318539,1.6609761099930531,2.0,0.0,0.0,5.195855940991508,0.08659759901652513
0.6070000000000004,0.2426335716046599,-0.072842273854532,1.6606969643654705,0.24089753526951235,-0.0730729833318539,1.6609761099930531,0.24089753526951235,-0.0730729833318539,1.6609761099930531,2.0,0.0,0.0,5.195388739955103,0.08658981233258504
0.6080000000000004,0.2426453686205452,-0.07284554676117025,1.6607010542493115,0.24089753526951235,-0.0730729833318539,1.6609761099930531,0.24089753526951235,-0.0730729833318539,1.6609761099930531,2.0,0.0,0.0,5.194917402139627,0.08658195670232711
0.6090000000000004,0.2426570066351722,-0.07284887607126496,1.6607052063249192,0.24089753526951235,-0.0730729833318539,1.6609761099930531,0.24089753526951235,-0.0730729833318539,1.6609761099930531,2.0,0.0,0.0,5.194442373674948,0.08657403956124914
0.6100000000000004,0.2426684863242029,-0.07285225962506615,1.6607094179193873,0.24089753526951235,-0.0730729833318539,1.6609761099930531,0.24089753526951235,-0.0730729833318539,1.6609761099930531,2.0,0.0,0.0,5.193964076469404,0.08656606794115675
0.6110000000000004,0.24267980838375286,-0.07285569528332489,1.6607136863939673,0.24089753526951235,-0.0730729833318539,1.6609761099930531,0.24089753526951235,-0.0730729833318539,1.6609761099930531,2.0,0.0,0.0,5.193482909339412,0.08655804848899021
0.6120000000000004,0.2426909735293722,-0.07285918092787438,1.6607180091444906,0.24089753526951235,-0.0730729833318539,1.6609761099930531,0.24089753526951235,-0.0730729833318539,1.6609761099930531,2.0,0.0,0.0,5.1929992490956005,0.08654998748492668
0.6130000000000004,0.2427019824950795,-0.07286271446217617,1.660722383601747,0.24089753526951235,-0.0730729833318539,1.6609761099930531,0.24089753526951235,-0.0730729833318539,1.6609761099930531,2.0,0.0,0.0,5.192513451586275,0.08654189085977125
0.6140000000000004,0.24271283603243543,-0.07286629381183023,1.6607268072318193,0.24089753526951235,-0.0730729833318539,1.6609761099930531,0.24089753526951235,-0.0730729833318539,1.6609761099930531,2.0,0.0,0.0,5.192025852701477,0.08653376421169127
0.6150000000000004,0.24272353490966386,-0.07286991692505226,1.6607312775363752,0.24089753526951235,-0.0730729833318539,1.6609761099930531,0.24089753526951235,-0.0730729833318539,1.6609761099930531,2.0,0.0,0.0,5.191536769337884,0.08652561282229806
0.6160000000000004,0.24273407991081294,-0.07287358177312084,1.6607357920529264,0.24089753526951235,-0.0730729833318539,1.6609761099930531,0.24089753526951235,-0.0730729833318539,1.6609761099930531,2.0,0.0,0.0,5.191046500327741,0.08651744167212902
0.6170000000000004,0.2427444718349514,-0.07287728635079191,1.6607403483550423,0.24089753526951235,-0.0730729833318539,1.6609761099930531,0.24089753526951235,-0.0730729833318539,1.6609761099930531,2.0,0.0,0.0,5.1905553273305625,0.08650925545550937
0.6180000000000004,0.24275471149540775,-0.07288102867668603,1.660744944052532,0.24089753526951235,-0.0730729833318539,1.6609761099930531,0.24089753526951235,-0.0730729833318539,1.6609761099930531,2.0,0.0,0.0,5.190063515690066,0.08650105859483444
0.6190000000000004,0.24276479971904003,-0.07288480679364515,1.6607495767915919,0.24089753526951235,-0.0730729833318539,1.6609761099930531,0.24089753526951235,-0.0730729833318539,1.6609761099930531,2.0,0.0,0.0,5.189571315256784,0.08649285525427973
0.6200000000000004,0.24277473734554017,-0.07288861876906351,1.6607542442549177,0.24089753526951235,-0.0730729833318539,1.6609761099930531,0.24089753526951235,-0.0730729833318539,1.6609761099930531,2.0,0.0,0.0,5.18907896117603,0.08648464935293383
0.6210000000000004,0.24278452522677096,-0.07289246269519269,1.6607589441617896,0.24089753526951235,-0.0730729833318539,1.6609761099930531,0.24089753526951235,-0.0730729833318539,1.6609761099930531,2.0,0.0,0.0,5.188586674642611,0.08647644457737685
0.6220000000000004,0.24279416422612993,-0.07289633668941878,1.6607636742681218,0.24089753526951235,-0.0730729833318539,1.6609761099930531,0.24089753526951235,-0.0730729833318539,1.6609761099930531,2.0,0.0,0.0,5.188094663622658,0.08646824439371097
0.6230000000000004,0.242803655217946,-0.07290023889451774,1.6607684323664884,0.24089753526951235,-0.0730729833318539,1.6609761099930531,0.24089753526951235,-0.0730729833318539,1.6609761099930531,2.0,0.0,0.0,5.187603123542425,0.08646005205904042
0.6240000000000004,0.24281299908689913,-0.07290416747888549,1.6607732162861195,0.24089753526951235,-0.0730729833318539,1.6609761099930531,0.24089753526951235,-0.0730729833318539,1.6609761099930531,2.0,0.0,0.0,5.187112237946446,0.08645187063244077
0.6250000000000004,0.24282219672746977,-0.07290812063674437,1.6607780238928787,0.24089753526951235,-0.0730729833318539,1.6609761099930531,0.24089753526951235,-0.0730729833318539,1.6609761099930531,2.0,0.0,0.0,5.186622179123442,0.0864437029853907
0.6260000000000004,0.24283124904340886,-0.07291209658833073,1.660782853089207,0.24089753526951235,-0.0730729833318539,1.6609761099930531,0.24089753526951235,-0.0730729833318539,1.6609761099930531,2.0,0.0,0.0,5.186133108701868,0.08643555181169779
0.6270000000000004,0.2428401569472339,-0.07291609358005528,1.6607877018140504,0.24089753526951235,-0.0730729833318539,1.6609761099930531,0.24089753526951235,-0.0730729833318539,1.6609761099930531,2.0,0.0,0.0,5.185645178216388,0.08642741963693981
0.6280000000000004,0.24284892135974623,-0.07292010988464885,1.6607925680427653,0.24089753526951235,-0.0730729833318539,1.6609761099930531,0.24089753526951235,-0.0730729833318539,1.6609761099930531,2.0,0.0,0.0,5.185158529646127,0.08641930882743545
0.6290000000000004,0.24285754320956934,-0.07292414380128387,1.6607974497870084,0.24089753526951235,-0.0730729833318539,1.6609761099930531,0.24089753526951235,-0.0730729833318539,1.6609761099930531,2.0,0.0,0.0,5.184673295924398,0.08641122159873997
0.6300000000000004,0.24286602343270836,-0.07292819365567824,1.6608023450945983,0.24089753526951235,-0.0730729833318539,1.6609761099930531,0.24089753526951235,-0.0730729833318539,1.6609761099930531,2.0,0.0,0.0,5.184189601421407,0.08640316002369011
0.6310000000000004,0.24287436297212775,-0.07293225780018042,1.6608072520493753,0.24089753526951235,-0.0730729833318539,1.6609761099930531,0.24089753526951235,-0.0730729833318539,1.6609761099930531,2.0,0.0,0.0,5.183707562403814,0.08639512604006357
0.6320000000000005,0.24288256277734754,-0.07293633461383589,1.6608121687710282,0.24089753526951235,-0.0730729833318539,1.6609761099930531,0.24089753526951235,-0.0730729833318539,1.6609761099930531,2.0,0.0,0.0,5.18322728746646,0.08638712145777433
0.6330000000000005,0.24289062380405796,-0.07294042250243776,1.6608170934149231,0.24089753526951235,-0.0730729833318539,1.6609761099930531,0.24089753526951235,-0.0730729833318539,1.6609761099930531,2.0,0.0,0.0,5.182748877944938,0.08637914796574897
0.6340000000000005,0.2428985470137494,-0.07294451989855864,1.6608220241719067,0.24089753526951235,-0.0730729833318539,1.6609761099930531,0.24089753526951235,-0.0730729833318539,1.6609761099930531,2.0,0.0,0.0,5.182272428302385,0.08637120713837308
0.6350000000000005,0.24290633337335973,-0.07294862526156785,1.6608269592681018,0.24089753526951235,-0.0730729833318539,1.6609761099930531,0.24089753526951235,-0.0730729833318539,1.6609761099930531,2.0,0.0,0.0,5.181798026498342,0.08636330044163903
0.6360000000000005,0.24291398385493473,-0.07295273707763418,1.6608318969646938,0.24089753526951235,-0.0730729833318539,1.6609761099930531,0.24089753526951235,-0.0730729833318539,1.6609761099930531,2.0,0.0,0.0,5.181325754337414,0.08635542923895691
0.6370000000000005,0.242921499435307,-0.07295685385971136,1.660836835557701,0.24089753526951235,-0.0730729833318539,1.6609761099930531,0.24089753526951235,-0.0730729833318539,1.6609761099930531,2.0,0.0,0.0,5.180855687797631,0.08634759479662718
0.6380000000000005,0.2429288810957828,-0.07296097414751097,1.6608417733777414,0.24089753526951235,-0.0730729833318539,1.6609761099930531,0.24089753526951235,-0.0730729833318539,1.6609761099930531,2.0,0.0,0.0,5.180387897344978,0.08633979828908298
0.6390000000000005,0.24293612982184823,-0.07296509650746237,1.660846708789784,0.24089753526951235,-0.0730729833318539,1.6609761099930531,0.24089753526951235,-0.0730729833318539,1.6609761099930531,2.0,0.0,0.0,5.179922448227775,0.08633204080379625
0.6400000000000005,0.2429432466028828,-0.07296921953265813,1.660851640192896,0.24089753526951235,-0.0730729833318539,1.6609761099930531,0.24089753526951235,-0.0730729833318539,1.6609761099930531,2.0,0.0,0.0,5.179459400759438,0.08632432334599063
0.6410000000000005,0.24295023243188962,-0.07297334184278902,1.660856566019985,0.24089753526951235,-0.0730729833318539,1.6609761099930531,0.24089753526951235,-0.0730729833318539,1.6609761099930531,2.0,0.0,0.0,5.178998810584476,0.0863166468430746
0.6420000000000005,0.24295708830523105,-0.07297746208406475,1.6608614847375223,0.24089753526951235,-0.0730729833318539,1.6609761099930531,0.24089753526951235,-0.0730729833318539,1.6609761099930531,2.0,0.0,0.0,5.178540728932175,0.08630901214886959
0.6430000000000005,0.2429638152223827,-0.07298157892912584,1.660866394845278,0.24089753526951235,-0.0730729833318539,1.6609761099930531,0.24089753526951235,-0.0730729833318539,1.6609761099930531,2.0,0.0,0.0,5.1780852028576705,0.08630142004762784
0.6440000000000005,0.2429704141856902,-0.07298569107694318,1.6608712948760314,0.24089753526951235,-0.0730729833318539,1.6609761099930531,0.24089753526951235,-0.0730729833318539,1.6609761099930531,2.0,0.0,0.0,5.17763227547094,0.086293871257849
0.6450000000000005,0.24297688620014107,-0.07298979725270831,1.6608761833952916,0.24089753526951235,-0.0730729833318539,1.6609761099930531,0.24089753526951235,-0.0730729833318539,1.6609761099930531,2.0,0.0,0.0,5.17718198615509,0.08628636643591817
0.6460000000000005,0.24298323227314367,-0.07299389620771396,1.6608810590010004,0.24089753526951235,-0.0730729833318539,1.6609761099930531,0.24089753526951235,-0.0730729833318539,1.6609761099930531,2.0,0.0,0.0,5.176734370773654,0.0862789061795609
0.6470000000000005,0.24298945341431488,-0.07299798671922404,1.6608859203232391,0.24089753526951235,-0.0730729833318539,1.6609761099930531,0.24089753526951235,-0.0730729833318539,1.6609761099930531,2.0,0.0,0.0,5.176289461868669,0.08627149103114448
0.6480000000000005,0.24299555063527634,-0.07300206759033759,1.6608907660239267,0.24089753526951235,-0.0730729833318539,1.6609761099930531,0.24089753526951235,-0.0730729833318539,1.6609761099930531,2.0,0.0,0.0,5.175847288848987,0.08626412148081644
0.6490000000000005,0.24300152494945926,-0.07300613764984128,1.6608955947965172,0.24089753526951235,-0.0730729833318539,1.6609761099930531,0.24089753526951235,-0.0730729833318539,1.6609761099930531,2.0,0.0,0.0,5.17540787816964,0.086256797969494
0.6500000000000005,0.24300737737191636,-0.07301019575205651,1.660900405365689,0.24089753526951235,-0.0730729833318539,1.6609761099930531,0.24089753526951235,-0.0730729833318539,1.6609761099930531,2.0,0.0,0.0,5.174971253502874,0.08624952089171457
0.6510000000000005,0.24301310891914035,-0.07301424077667815,1.6609051964870378,0.24089753526951235,-0.0730729833318539,1.6609761099930531,0.24089753526951235,-0.0730729833318539,1.6609761099930531,2.0,0.0,0.0,5.174537435901318,0.0862422905983553
0.6520000000000005,0.2430187206088894,-0.07301827162860622,1.6609099669467557,0.24089753526951235,-0.0730729833318539,1.6609761099930531,0.24089753526951235,-0.0730729833318539,1.6609761099930531,2.0,0.0,0.0,5.174106443952562,0.08623510739920937
0.6530000000000005,0.24302421346002,-0.07302228723777163,1.6609147155613206,0.24089753526951235,-0.0730729833318539,1.6609761099930531,0.24089753526951235,-0.0730729833318539,1.6609761099930531,2.0,0.0,0.0,5.173678293928041,0.08622797156546734
0.6540000000000005,0.24302958849232417,-0.07302628655895435,1.6609194411771757,0.24089753526951235,-0.0730729833318539,1.6609761099930531,0.24089753526951235,-0.0730729833318539,1.6609761099930531,2.0,0.0,0.0,5.173252999922409,0.08622088333204014
0.6550000000000005,0.2430348467263743,-0.07303026857159715,1.6609241426704031,0.24089753526951235,-0.0730729833318539,1.6609761099930531,0.24089753526951235,-0.0730729833318539,1.6609761099930531,2.0,0.0,0.0,5.172830573987642,0.08621384289979403
0.6560000000000005,0.24303998918337127,-0.07303423227961303,1.6609288189464069,0.24089753526951235,-0.0730729833318539,1.6609761099930531,0.24089753526951235,-0.0730729833318539,1.6609761099930531,2.0,0.0,0.0,5.172411026261571,0.08620685043769286
0.6570000000000005,0.24304501688499944,-0.0730381767111881,1.6609334689395843,0.24089753526951235,-0.0730729833318539,1.6609761099930531,0.24089753526951235,-0.0730729833318539,1.6609761099930531,2.0,0.0,0.0,5.171994365086698,0.0861999060847783
0.6580000000000005,0.24304993085328624,-0.07304210091857863,1.6609380916130003,0.24089753526951235,-0.0730729833318539,1.6609761099930531,0.24089753526951235,-0.0730729833318539,1.6609761099930531,2.0,0.0,0.0,5.171580597126314,0.08619300995210524
0.6590000000000005,0.24305473211046488,-0.07304600397790495,1.6609426859580603,0.24089753526951235,-0.0730729833318539,1.6609761099930531,0.24089753526951235,-0.0730729833318539,1.6609761099930531,2.0,0.0,0.0,5.171169727472736,0.0861861621245456
0.6600000000000005,0.24305942167884353,-0.07304988498893897,1.6609472509941798,0.24089753526951235,-0.0730729833318539,1.6609761099930531,0.24089753526951235,-0.0730729833318539,1.6609761099930531,2.0,0.0,0.0,5.170761759750856,0.08617936266251426
0.6610000000000005,0.2430640005806768,-0.07305374307489049,1.6609517857684588,0.24089753526951235,-0.0730729833318539,1.6609761099930531,0.24089753526951235,-0.0730729833318539,1.6609761099930531,2.0,0.0,0.0,5.170356696215443,0.08617261160359072
0.6620000000000005,0.24306846983804242,-0.07305757738218704,1.6609562893553471,0.24089753526951235,-0.0730729833318539,1.6609761099930531,0.24089753526951235,-0.0730729833318539,1.6609761099930531,2.0,0.0,0.0,5.1699545378434975,0.08616590896405829
0.6630000000000005,0.24307283047272082,-0.07306138708025302,1.6609607608563182,0.24089753526951235,-0.0730729833318539,1.6609761099930531,0.24089753526951235,-0.0730729833318539,1.6609761099930531,2.0,0.0,0.0,5.169555284422524,0.08615925474037539
0.6640000000000005,0.2430770835060787,-0.07306517136128303,1.6609651993995351,0.24089753526951235,-0.0730729833318539,1.6609761099930531,0.24089753526951235,-0.0730729833318539,1.6609761099930531,2.0,0.0,0.0,5.169158934632177,0.08615264891053628
0.6650000000000005,0.24308122995895542,-0.07306892944001431,1.6609696041395248,0.24089753526951235,-0.0730729833318539,1.6609761099930531,0.24089753526951235,-0.0730729833318539,1.6609761099930531,2.0,0.0,0.0,5.168765486123212,0.08614609143538687
0.6660000000000005,0.24308527085155274,-0.07307266055349561,1.6609739742568435,0.24089753526951235,-0.0730729833318539,1.6609761099930531,0.24089753526951235,-0.0730729833318539,1.6609761099930531,2.0,0.0,0.0,5.168374935589795,0.08613958225982991
0.6670000000000005,0.24308920720332722,-0.07307636396085247,1.6609783089577461,0.24089753526951235,-0.0730729833318539,1.6609761099930531,0.24089753526951235,-0.0730729833318539,1.6609761099930531,2.0,0.0,0.0,5.1679872788399095,0.08613312131399849
0.6680000000000005,0.2430930400328868,-0.07308003894305362,1.6609826074738632,0.24089753526951235,-0.0730729833318539,1.6609761099930531,0.24089753526951235,-0.0730729833318539,1.6609761099930531,2.0,0.0,0.0,5.167602510861046,0.08612670851435077
0.6690000000000005,0.243096770357888,-0.07308368480267102,1.660986869061865,0.24089753526951235,-0.0730729833318539,1.6609761099930531,0.24089753526951235,-0.0730729833318539,1.6609761099930531,2.0,0.0,0.0,5.16722062588015,0.08612034376466916
0.6700000000000005,0.24310039919493703,-0.07308730086364161,1.660991093003136,0.24089753526951235,-0.0730729833318539,1.6609761099930531,0.24089753526951235,-0.0730729833318539,1.6609761099930531,2.0,0.0,0.0,5.16684161742354,0.086114026957059
0.6710000000000005,0.24310392755949284,-0.07309088647102416,1.660995278603449,0.24089753526951235,-0.0730729833318539,1.6609761099930531,0.24089753526951235,-0.0730729833318539,1.6609761099930531,2.0,0.0,0.0,5.166465478370421,0.08610775797284036
0.6720000000000005,0.24310735646577242,-0.07309444099075901,1.6609994251926377,0.24089753526951235,-0.0730729833318539,1.6609761099930531,0.24089753526951235,-0.0730729833318539,1.6609761099930531,2.0,0.0,0.0,5.1660922010039805,0.08610153668339968
0.6730000000000005,0.243110686926658,-0.07309796380942091,1.661003532124269,0.24089753526951235,-0.0730729833318539,1.6609761099930531,0.24089753526951235,-0.0730729833318539,1.6609761099930531,2.0,0.0,0.0,5.165721777059925,0.08609536295099876
0.6740000000000005,0.24311391995360784,-0.0731014543339758,1.661007598775325,0.24089753526951235,-0.0730729833318539,1.6609761099930531,0.24089753526951235,-0.0730729833318539,1.6609761099930531,2.0,0.0,0.0,5.165354197772324,0.08608923662953873
0.6750000000000005,0.24311705655656562,-0.07310491199153335,1.6610116245458717,0.24089753526951235,-0.0730729833318539,1.6609761099930531,0.24089753526951235,-0.0730729833318539,1.6609761099930531,2.0,0.0,0.0,5.164989453915302,0.08608315756525503
0.6760000000000005,0.24312009774387666,-0.07310833622910096,1.6610156088587475,0.24089753526951235,-0.0730729833318539,1.6609761099930531,0.24089753526951235,-0.0730729833318539,1.6609761099930531,2.0,0.0,0.0,5.1646275358438345,0.08607712559739725
0.6770000000000005,0.24312304452219943,-0.0731117265133339,1.661019551159234,0.24089753526951235,-0.0730729833318539,1.6609761099930531,0.24089753526951235,-0.0730729833318539,1.6609761099930531,2.0,0.0,0.0,5.1642684335304185,0.08607114055884031
0.6780000000000005,0.24312589789642536,-0.0731150823302889,1.6610234509147435,0.24089753526951235,-0.0730729833318539,1.6609761099930531,0.24089753526951235,-0.0730729833318539,1.6609761099930531,2.0,0.0,0.0,5.16391213660122,0.086065202276687
0.6790000000000005,0.24312865886959562,-0.07311840318517443,1.6610273076145,0.24089753526951235,-0.0730729833318539,1.6609761099930531,0.24089753526951235,-0.0730729833318539,1.6609761099930531,2.0,0.0,0.0,5.163558634368514,0.08605931057280856
0.6800000000000005,0.24313132844282095,-0.07312168860210184,1.6610311207692234,0.24089753526951235,-0.0730729833318539,1.6609761099930531,0.24089753526951235,-0.0730729833318539,1.6609761099930531,2.0,0.0,0.0,5.163207915862031,0.08605346526436719
0.6810000000000005,0.24313390761520293,-0.07312493812383566,1.6610348899108172,0.24089753526951235,-0.0730729833318539,1.6609761099930531,0.24089753526951235,-0.0730729833318539,1.6609761099930531,2.0,0.0,0.0,5.162859969857908,0.08604766616429846
0.6820000000000005,0.24313639738375736,-0.07312815131154538,1.661038614592055,0.24089753526951235,-0.0730729833318539,1.6609761099930531,0.24089753526951235,-0.0730729833318539,1.6609761099930531,2.0,0.0,0.0,5.162514784905768,0.0860419130817628
0.6830000000000005,0.24313879874333616,-0.07313132774455507,1.661042294386272,0.24089753526951235,-0.0730729833318539,1.6609761099930531,0.24089753526951235,-0.0730729833318539,1.6609761099930531,2.0,0.0,0.0,5.162172349354843,0.08603620582258072
0.6840000000000005,0.2431411126865548,-0.0731344670200956,1.6610459288870565,0.24089753526951235,-0.0730729833318539,1.6609761099930531,0.24089753526951235,-0.0730729833318539,1.6609761099930531,2.0,0.0,0.0,5.161832651376962,0.08603054418961603
0.6850000000000005,0.24314334020371572,-0.07313756875305552,1.6610495177079416,0.24089753526951235,-0.0730729833318539,1.6609761099930531,0.24089753526951235,-0.0730729833318539,1.6609761099930531,2.0,0.0,0.0,5.161495678989602,0.08602492798316003
0.6860000000000005,0.2431454822827393,-0.07314063257573206,1.6610530604821034,0.24089753526951235,-0.0730729833318539,1.6609761099930531,0.24089753526951235,-0.0730729833318539,1.6609761099930531,2.0,0.0,0.0,5.161161420076279,0.08601935700127132
0.6870000000000005,0.24314753990908838,-0.0731436581375854,1.661056556862057,0.24089753526951235,-0.0730729833318539,1.6609761099930531,0.24089753526951235,-0.0730729833318539,1.6609761099930531,2.0,0.0,0.0,5.160829862406757,0.08601383104011262
0.6880000000000005,0.24314951406569935,-0.07314664510498885,1.6610600065193548,0.24089753526951235,-0.0730729833318539,1.6609761099930531,0.24089753526951235,-0.0730729833318539,1.6609761099930531,2.0,0.0,0.0,5.160500993653875,0.08600834989423124
0.6890000000000005,0.2431514057329132,-0.07314959316098464,1.6610634091442906,0.24089753526951235,-0.0730729833318539,1.6609761099930531,0.24089753526951235,-0.0730729833318539,1.6609761099930531,2.0,0.0,0.0,5.160174801411555,0.08600291335685925
0.6900000000000005,0.2431532158884067,-0.07315250200503763,1.6610667644456014,0.24089753526951235,-0.0730729833318539,1.6609761099930531,0.24089753526951235,-0.0730729833318539,1.6609761099930531,2.0,0.0,0.0,5.1598512732101955,0.08599752122016993
0.6910000000000005,0.24315494550712244,-0.07315537135278954,1.6610700721501732,0.24089753526951235,-0.0730729833318539,1.6609761099930531,0.24089753526951235,-0.0730729833318539,1.6609761099930531,2.0,0.0,0.0,5.159530396531151,0.08599217327551918
0.6920000000000005,0.2431565955612046,-0.07315820093581664,1.6610733320027473,0.24089753526951235,-0.0730729833318539,1.6609761099930531,0.24089753526951235,-0.0730729833318539,1.6609761099930531,2.0,0.0,0.0,5.159212158820056,0.0859868693136676
0.6930000000000005,0.24315816701993115,-0.07316099050138476,1.6610765437656316,0.24089753526951235,-0.0730729833318539,1.6609761099930531,0.24089753526951235,-0.0730729833318539,1.6609761099930531,2.0,0.0,0.0,5.158896547499968,0.08598160912499947
0.6940000000000005,0.2431596608496494,-0.07316373981220924,1.661079707218412,0.24089753526951235,-0.0730729833318539,1.6609761099930531,0.24089753526951235,-0.0730729833318539,1.6609761099930531,2.0,0.0,0.0,5.158583549982141,0.08597639249970235
0.6950000000000005,0.2431610780137105,-0.0731664486462136,1.661082822157667,0.24089753526951235,-0.0730729833318539,1.6609761099930531,0.24089753526951235,-0.0730729833318539,1.6609761099930531,2.0,0.0,0.0,5.158273153677101,0.08597121922795167
0.6960000000000005,0.2431624194724073,-0.07316911679628897,1.6610858883966808,0.24089753526951235,-0.0730729833318539,1.6609761099930531,0.24089753526951235,-0.0730729833318539,1.6609761099930531,2.0,0.0,0.0,5.157965346003803,0.08596608910006338
0.6970000000000005,0.2431636861829095,-0.07317174407005733,1.661088905765166,0.24089753526951235,-0.0730729833318539,1.6609761099930531,0.24089753526951235,-0.0730729833318539,1.6609761099930531,2.0,0.0,0.0,5.15766011439976,0.08596100190666266
0.6980000000000005,0.2431648790992026,-0.07317433028963259,1.6610918741089804,0.24089753526951235,-0.0730729833318539,1.6609761099930531,0.24089753526951235,-0.0730729833318539,1.6609761099930531,2.0,0.0,0.0,5.157357446327585,0.08595595743879308
0.6990000000000005,0.24316599917202583,-0.07317687529138658,1.6610947932898503,0.24089753526951235,-0.0730729833318539,1.6609761099930531,0.24089753526951235,-0.0730729833318539,1.6609761099930531,2.0,0.0,0.0,5.15705732928374,0.08595095548806234
0.7000000000000005,0.24316704734881117,-0.07317937892571345,1.6610976631850982,0.24089753526951235,-0.0730729833318539,1.6609761099930531,0.24089753526951235,-0.0730729833318539,1.6609761099930531,2.0,0.0,0.0,5.156759750804568,0.0859459958467428
0.7010000000000005,0.24316802457362327,-0.07318184105679683,1.6611004836873655,0.24089753526951235,-0.0730729833318539,1.6609761099930531,0.24089753526951235,-0.0730729833318539,1.6609761099930531,2.0,0.0,0.0,5.156464698472272,0.08594107830787119
0.7020000000000005,0.24316893178709997,-0.0731842615623795,1.6611032547043452,0.24089753526951235,-0.0730729833318539,1.6609761099930531,0.24089753526951235,-0.0730729833318539,1.6609761099930531,2.0,0.0,0.0,5.156172159920741,0.08593620266534568
0.7030000000000005,0.24316976992639255,-0.07318664033353046,1.66110597615851,0.24089753526951235,-0.0730729833318539,1.6609761099930531,0.24089753526951235,-0.0730729833318539,1.6609761099930531,2.0,0.0,0.0,5.155882122840019,0.08593136871400033
0.7040000000000005,0.2431705399251098,-0.07318897727442032,1.6611086479868509,0.24089753526951235,-0.0730729833318539,1.6609761099930531,0.24089753526951235,-0.0730729833318539,1.6609761099930531,2.0,0.0,0.0,5.155594574981112,0.08592657624968521
0.7050000000000005,0.24317124271325685,-0.07319127230209138,1.6611112701406106,0.24089753526951235,-0.0730729833318539,1.6609761099930531,0.24089753526951235,-0.0730729833318539,1.6609761099930531,2.0,0.0,0.0,5.155309504159394,0.08592182506932323
0.7060000000000005,0.24317187921718048,-0.07319352534623313,1.6611138425850192,0.24089753526951235,-0.0730729833318539,1.6609761099930531,0.24089753526951235,-0.0730729833318539,1.6609761099930531,2.0,0.0,0.0,5.155026898257322,0.08591711497095537
0.7070000000000005,0.24317245035951407,-0.07319573634895947,1.6611163652990393,0.24089753526951235,-0.0730729833318539,1.6609761099930531,0.24089753526951235,-0.0730729833318539,1.6609761099930531,2.0,0.0,0.0,5.154746745228803,0.08591244575381339
0.7080000000000005,0.2431729570591179,-0.07319790526458489,1.6611188382751076,0.24089753526951235,-0.0730729833318539,1.6609761099930531,0.24089753526951235,-0.0730729833318539,1.6609761099930531,2.0,0.0,0.0,5.154469033100714,0.08590781721834523
0.7090000000000005,0.2431734002310271,-0.07320003205940542,1.6611212615188782,0.24089753526951235,-0.0730729833318539,1.6609761099930531,0.24089753526951235,-0.0730729833318539,1.6609761099930531,2.0,0.0,0.0,5.154193749974235,0.08590322916623724
0.7100000000000005,0.2431737807863969,-0.0732021167114798,1.6611236350489702,0.24089753526951235,-0.0730729833318539,1.6609761099930531,0.24089753526951235,-0.0730729833318539,1.6609761099930531,2.0,0.0,0.0,5.153920884027846,0.0858986814004641
0.7110000000000005,0.2431740996324473,-0.07320415921041136,1.6611259588967207,0.24089753526951235,-0.0730729833318539,1.6609761099930531,0.24089753526951235,-0.0730729833318539,1.6609761099930531,2.0,0.0,0.0,5.153650423518327,0.08589417372530544
0.7120000000000005,0.24317435767241097,-0.0732061595571342,1.6611282331059332,0.24089753526951235,-0.0730729833318539,1.6609761099930531,0.24089753526951235,-0.0730729833318539,1.6609761099930531,2.0,0.0,0.0,5.1533823567811545,0.08588970594635258
0.7130000000000005,0.24317455580548125,-0.07320811776369895,1.6611304577326333,0.24089753526951235,-0.0730729833318539,1.6609761099930531,0.24089753526951235,-0.0730729833318539,1.6609761099930531,2.0,0.0,0.0,5.153116672231664,0.08588527787052773
0.7140000000000005,0.24317469492675825,-0.07321003385306138,1.6611326328448257,0.24089753526951235,-0.0730729833318539,1.6609761099930531,0.24089753526951235,-0.0730729833318539,1.6609761099930531,2.0,0.0,0.0,5.1528533583657845,0.08588088930609641
0.7150000000000005,0.24317477592719886,-0.07321190785887091,1.6611347585222522,0.24089753526951235,-0.0730729833318539,1.6609761099930531,0.24089753526951235,-0.0730729833318539,1.6609761099930531,2.0,0.0,0.0,5.152592403759469,0.08587654006265781
0.7160000000000005,0.2431747996935657,-0.0732137398252653,1.6611368348561522,0.24089753526951235,-0.0730729833318539,1.6609761099930531,0.24089753526951235,-0.0730729833318539,1.6609761099930531,2.0,0.0,0.0,5.152333797069324,0.0858722299511554
0.7170000000000005,0.24317476710837702,-0.07321552980666135,1.6611388619490268,0.24089753526951235,-0.0730729833318539,1.6609761099930531,0.24089753526951235,-0.0730729833318539,1.6609761099930531,2.0,0.0,0.0,5.152077527032222,0.08586795878387037
0.7180000000000005,0.243174679049857,-0.07321727786755222,1.6611408399144063,0.24089753526951235,-0.0730729833318539,1.6609761099930531,0.24089753526951235,-0.0730729833318539,1.6609761099930531,2.0,0.0,0.0,5.151823582464995,0.08586372637441658
0.7190000000000005,0.24317453639188719,-0.07321898408230394,1.6611427688766156,0.24089753526951235,-0.0730729833318539,1.6609761099930531,0.24089753526951235,-0.0730729833318539,1.6609761099930531,2.0,0.0,0.0,5.151571952263127,0.08585953253771877
0.7200000000000005,0.24317434000395827,-0.07322064853495425,1.6611446489705424,0.24089753526951235,-0.0730729833318539,1.6609761099930531,0.24089753526951235,-0.0730729833318539,1.6609761099930531,2.0,0.0,0.0,5.151322625400476,0.08585537709000793
0.7210000000000005,0.24317409075112234,-0.07322227131901442,1.6611464803414169,0.24089753526951235,-0.0730729833318539,1.6609761099930531,0.24089753526951235,-0.0730729833318539,1.6609761099930531,2.0,0.0,0.0,5.151075590929128,0.0858512598488188
0.7220000000000005,0.24317378949394602,-0.07322385253727082,1.6611482631445789,0.24089753526951235,-0.0730729833318539,1.6609761099930531,0.24089753526951235,-0.0730729833318539,1.6609761099930531,2.0,0.0,0.0,5.150830837976342,0.08584718063293903
0.7230000000000005,0.24317343708846464,-0.07322539230159021,1.6611499975452588,0.24089753526951235,-0.0730729833318539,1.6609761099930531,0.24089753526951235,-0.0730729833318539,1.6609761099930531,2.0,0.0,0.0,5.150588355745137,0.08584313926241896
0.7240000000000005,0.24317303438613586,-0.07322689073272652,1.6611516837183546,0.24089753526951235,-0.0730729833318539,1.6609761099930531,0.24089753526951235,-0.0730729833318539,1.6609761099930531,2.0,0.0,0.0,5.150348133512338,0.08583913555853898
0.7250000000000005,0.24317258223379556,-0.07322834796012846,1.6611533218482168,0.24089753526951235,-0.0730729833318539,1.6609761099930531,0.24089753526951235,-0.0730729833318539,1.6609761099930531,2.0,0.0,0.0,5.150110160627163,0.08583516934378604
0.7260000000000005,0.2431720814736127,-0.07322976412174925,1.6611549121284281,0.24089753526951235,-0.0730729833318539,1.6609761099930531,0.24089753526951235,-0.0730729833318539,1.6609761099930531,2.0,0.0,0.0,5.149874426509101,0.08583124044181836
0.7270000000000005,0.24317153294304694,-0.07323113936386028,1.6611564547615905,0.24089753526951235,-0.0730729833318539,1.6609761099930531,0.24089753526951235,-0.0730729833318539,1.6609761099930531,2.0,0.0,0.0,5.149640920647388,0.08582734867745648
0.7280000000000005,0.24317093747480484,-0.07323247384086272,1.6611579499591156,0.24089753526951235,-0.0730729833318539,1.6609761099930531,0.24089753526951235,-0.0730729833318539,1.6609761099930531,2.0,0.0,0.0,5.149409632598937,0.08582349387664895
0.7290000000000005,0.2431702958967977,-0.07323376771510556,1.6611593979410124,0.24089753526951235,-0.0730729833318539,1.6609761099930531,0.24089753526951235,-0.0730729833318539,1.6609761099930531,2.0,0.0,0.0,5.149180551986075,0.08581967586643459
0.7300000000000005,0.2431696090321006,-0.07323502115670123,1.6611607989356807,0.24089753526951235,-0.0730729833318539,1.6609761099930531,0.24089753526951235,-0.0730729833318539,1.6609761099930531,2.0,0.0,0.0,5.148953668495055,0.0858158944749176
0.7310000000000005,0.24316887769891066,-0.07323623434334574,1.6611621531797052,0.24089753526951235,-0.0730729833318539,1.6609761099930531,0.24089753526951235,-0.0730729833318539,1.6609761099930531,2.0,0.0,0.0,5.14872897187469,0.08581214953124484
0.7320000000000005,0.24316810271050793,-0.07323740746014056,1.6611634609176549,0.24089753526951235,-0.0730729833318539,1.6609761099930531,0.24089753526951235,-0.0730729833318539,1.6609761099930531,2.0,0.0,0.0,5.148506451933992,0.08580844086556653
0.7330000000000005,0.24316728487521608,-0.07323854069941439,1.6611647224018786,0.24089753526951235,-0.0730729833318539,1.6609761099930531,0.24089753526951235,-0.0730729833318539,1.6609761099930531,2.0,0.0,0.0,5.148286098539633,0.08580476830899389
0.7340000000000005,0.24316642499636176,-0.07323963426054939,1.6611659378923092,0.24089753526951235,-0.0730729833318539,1.6609761099930531,0.24089753526951235,-0.0730729833318539,1.6609761099930531,2.0,0.0,0.0,5.148067901615507,0.08580113169359178
0.7350000000000005,0.24316552387223894,-0.07324068834980671,1.6611671076562655,0.24089753526951235,-0.0730729833318539,1.6609761099930531,0.24089753526951235,-0.0730729833318539,1.6609761099930531,2.0,0.0,0.0,5.147851851138893,0.08579753085231488
0.7360000000000005,0.2431645822960715,-0.07324170318015631,1.6611682319682584,0.24089753526951235,-0.0730729833318539,1.6609761099930531,0.24089753526951235,-0.0730729833318539,1.6609761099930531,2.0,0.0,0.0,5.147637937139956,0.08579396561899927
0.7370000000000005,0.24316360105597476,-0.07324267897110695,1.6611693111097998,0.24089753526951235,-0.0730729833318539,1.6609761099930531,0.24089753526951235,-0.0730729833318539,1.6609761099930531,2.0,0.0,0.0,5.147426149699338,0.0857904358283223
0.7380000000000005,0.2431625809349215,-0.07324361594853773,1.6611703453692097,0.24089753526951235,-0.0730729833318539,1.6609761099930531,0.24089753526951235,-0.0730729833318539,1.6609761099930531,2.0,0.0,0.0,5.147216478945088,0.08578694131575147
0.7390000000000005,0.2431615227107064,-0.07324451434453347,1.6611713350414323,0.24089753526951235,-0.0730729833318539,1.6609761099930531,0.24089753526951235,-0.0730729833318539,1.6609761099930531,2.0,0.0,0.0,5.1470089150523775,0.08578348191753962
0.7400000000000005,0.24316042715591213,-0.07324537439721975,1.6611722804278457,0.24089753526951235,-0.0730729833318539,1.6609761099930531,0.24089753526951235,-0.0730729833318539,1.6609761099930531,2.0,0.0,0.0,5.146803448239709,0.08578005747066181
0.7410000000000005,0.2431592950378746,-0.0732461963506013,1.6611731818360829,0.24089753526951235,-0.0730729833318539,1.6609761099930531,0.24089753526951235,-0.0730729833318539,1.6609761099930531,2.0,0.0,0.0,5.146600068768179,0.08577666781280298
0.7420000000000005,0.2431581271186517,-0.07324698045440038,1.6611740395798469,0.24089753526951235,-0.0730729833318539,1.6609761099930531,0.24089753526951235,-0.0730729833318539,1.6609761099930531,2.0,0.0,0.0,5.146398766938552,0.08577331278230921
0.7430000000000005,0.24315692415499013,-0.07324772696389961,1.6611748539787323,0.24089753526951235,-0.0730729833318539,1.6609761099930531,0.24089753526951235,-0.0730729833318539,1.6609761099930531,2.0,0.0,0.0,5.146199533090138,0.08576999221816896
0.7440000000000005,0.24315568689829517,-0.07324843613978356,1.661175625358049,0.24089753526951235,-0.0730729833318539,1.6609761099930531,0.24089753526951235,-0.0730729833318539,1.6609761099930531,2.0,0.0,0.0,5.146002357597688,0.08576670595996146
0.7450000000000006,0.24315441609459887,-0.07324910824798539,1.6611763540486455,0.24089753526951235,-0.0730729833318539,1.6609761099930531,0.24089753526951235,-0.0730729833318539,1.6609761099930531,2.0,0.0,0.0,5.145807230870192,0.08576345384783653
0.7460000000000006,0.2431531124845321,-0.07324974355953222,1.661177040386737,0.24089753526951235,-0.0730729833318539,1.6609761099930531,0.24089753526951235,-0.0730729833318539,1.6609761099930531,2.0,0.0,0.0,5.145614143348703,0.08576023572247839
0.7470000000000006,0.24315177680329336,-0.0732503423503936,1.6611776847137332,0.24089753526951235,-0.0730729833318539,1.6609761099930531,0.24089753526951235,-0.0730729833318539,1.6609761099930531,2.0,0.0,0.0,5.145423085504454,0.08575705142507424
0.7480000000000006,0.24315040978062313,-0.07325090490133285,1.6611782873760694,0.24089753526951235,-0.0730729833318539,1.6609761099930531,0.24089753526951235,-0.0730729833318539,1.6609761099930531,2.0,0.0,0.0,5.145234047836687,0.08575390079727811
0.7490000000000006,0.24314901214077403,-0.07325143149775853,1.661178848725043,0.24089753526951235,-0.0730729833318539,1.6609761099930531,0.24089753526951235,-0.0730729833318539,1.6609761099930531,2.0,0.0,0.0,5.145047020871103,0.08575078368118505
0.7500000000000006,0.2431475846024861,-0.07325192242957702,1.6611793691166414,0.24089753526951235,-0.0730729833318539,1.6609761099930531,0.24089753526951235,-0.0730729833318539,1.6609761099930531,2.0,0.0,0.0,5.1448619951570524,0.0857476999192842
0.7510000000000006,0.2431461278789599,-0.0732523779910495,1.6611798489113874,0.24089753526951235,-0.0730729833318539,1.6609761099930531,0.24089753526951235,-0.0730729833318539,1.6609761099930531,2.0,0.0,0.0,5.144678961267515,0.0857446493544586
0.7520000000000006,0.24314464267783215,-0.0732527984806497,1.6611802884741718,0.24089753526951235,-0.0730729833318539,1.6609761099930531,0.24089753526951235,-0.0730729833318539,1.6609761099930531,2.0,0.0,0.0,5.14449790979535,0.08574163182992249
0.7530000000000006,0.2431431297011513,-0.07325318420092052,1.6611806881740985,0.24089753526951235,-0.0730729833318539,1.6609761099930531,0.24089753526951235,-0.0730729833318539,1.6609761099930531,2.0,0.0,0.0,5.144318831352974,0.08573864718921624
0.7540000000000006,0.24314158964535348,-0.07325353545833661,1.6611810483843255,0.24089753526951235,-0.0730729833318539,1.6609761099930531,0.24089753526951235,-0.0730729833318539,1.6609761099930531,2.0,0.0,0.0,5.144141716569667,0.08573569527616112
0.7550000000000006,0.24314002320124045,-0.07325385256316627,1.6611813694819122,0.24089753526951235,-0.0730729833318539,1.6609761099930531,0.24089753526951235,-0.0730729833318539,1.6609761099930531,2.0,0.0,0.0,5.143966556090467,0.08573277593484112
0.7560000000000006,0.2431384310539581,-0.07325413582933579,1.661181651847665,0.24089753526951235,-0.0730729833318539,1.6609761099930531,0.24089753526951235,-0.0730729833318539,1.6609761099930531,2.0,0.0,0.0,5.143793340574014,0.08572988900956689
0.7570000000000006,0.24313681388297476,-0.07325438557429423,1.6611818958659859,0.24089753526951235,-0.0730729833318539,1.6609761099930531,0.24089753526951235,-0.0730729833318539,1.6609761099930531,2.0,0.0,0.0,5.143622060691359,0.08572703434485598
0.7580000000000006,0.24313517236206098,-0.07325460211888221,1.6611821019247264,0.24089753526951235,-0.0730729833318539,1.6609761099930531,0.24089753526951235,-0.0730729833318539,1.6609761099930531,2.0,0.0,0.0,5.143452707124244,0.08572421178540407
0.7590000000000006,0.24313350715927023,-0.07325478578720025,1.661182270415037,0.24089753526951235,-0.0730729833318539,1.6609761099930531,0.24089753526951235,-0.0730729833318539,1.6609761099930531,2.0,0.0,0.0,5.1432852705634975,0.08572142117605829
0.7600000000000006,0.24313181893692057,-0.07325493690647977,1.6611824017312253,0.24089753526951235,-0.0730729833318539,1.6609761099930531,0.24089753526951235,-0.0730729833318539,1.6609761099930531,2.0,0.0,0.0,5.143119741707535,0.08571866236179225
0.7610000000000006,0.2431301083515755,-0.07325505580695614,1.661182496270611,0.24089753526951235,-0.0730729833318539,1.6609761099930531,0.24089753526951235,-0.0730729833318539,1.6609761099930531,2.0,0.0,0.0,5.142956111260923,0.08571593518768204
0.7620000000000006,0.24312837605402945,-0.07325514282174152,1.6611825544333856,0.24089753526951235,-0.0730729833318539,1.6609761099930531,0.24089753526951235,-0.0730729833318539,1.6609761099930531,2.0,0.0,0.0,5.142794369932892,0.08571323949888153
0.7630000000000006,0.24312662268928842,-0.07325519828670199,1.6611825766224733,0.24089753526951235,-0.0730729833318539,1.6609761099930531,0.24089753526951235,-0.0730729833318539,1.6609761099930531,2.0,0.0,0.0,5.142634508436454,0.08571057514060756
0.7640000000000006,0.24312484889655728,-0.0732552225403343,1.6611825632433925,0.24089753526951235,-0.0730729833318539,1.6609761099930531,0.24089753526951235,-0.0730729833318539,1.6609761099930531,2.0,0.0,0.0,5.142476517486126,0.08570794195810211
0.7650000000000006,0.243123055309223,-0.07325521592364494,1.6611825147041237,0.24089753526951235,-0.0730729833318539,1.6609761099930531,0.24089753526951235,-0.0730729833318539,1.6609761099930531,2.0,0.0,0.0,5.142320387797676,0.08570533979662794
0.7660000000000006,0.24312124255484224,-0.07325517878003086,1.6611824314149723,0.24089753526951235,-0.0730729833318539,1.6609761099930531,0.24089753526951235,-0.0730729833318539,1.6609761099930531,2.0,0.0,0.0,5.142166110085939,0.08570276850143231
0.7670000000000006,0.24311941125512723,-0.07325511145516224,1.6611823137884385,0.24089753526951235,-0.0730729833318539,1.6609761099930531,0.24089753526951235,-0.0730729833318539,1.6609761099930531,2.0,0.0,0.0,5.142013675064248,0.08570022791773746
0.7680000000000006,0.24311756202593435,-0.07325501429686566,1.6611821622390857,0.24089753526951235,-0.0730729833318539,1.6609761099930531,0.24089753526951235,-0.0730729833318539,1.6609761099930531,2.0,0.0,0.0,5.141863073442952,0.08569771789071587
0.7690000000000006,0.2431156954772522,-0.07325488765500932,1.661181977183417,0.24089753526951235,-0.0730729833318539,1.6609761099930531,0.24089753526951235,-0.0730729833318539,1.6609761099930531,2.0,0.0,0.0,5.141714295928924,0.08569523826548207
0.7700000000000006,0.2431138122131911,-0.0732547318813913,1.6611817590397462,0.24089753526951235,-0.0730729833318539,1.6609761099930531,0.24089753526951235,-0.0730729833318539,1.6609761099930531,2.0,0.0,0.0,5.141567333223302,0.08569278888705503
0.7710000000000006,0.24311191283197334,-0.07325454732962697,1.6611815082280719,0.24089753526951235,-0.0730729833318539,1.6609761099930531,0.24089753526951235,-0.0730729833318539,1.6609761099930531,2.0,0.0,0.0,5.141422176021405,0.08569036960035675
0.7720000000000006,0.24310999792592342,-0.07325433435504011,1.661181225169958,0.24089753526951235,-0.0730729833318539,1.6609761099930531,0.24089753526951235,-0.0730729833318539,1.6609761099930531,2.0,0.0,0.0,5.141278815011936,0.08568798025019893
0.7730000000000006,0.2431080680814604,-0.07325409331455375,1.661180910288413,0.24089753526951235,-0.0730729833318539,1.6609761099930531,0.24089753526951235,-0.0730729833318539,1.6609761099930531,2.0,0.0,0.0,5.141137240875135,0.08568562068125224
0.7740000000000006,0.2431061238790903,-0.07325382456658462,1.6611805640077681,0.24089753526951235,-0.0730729833318539,1.6609761099930531,0.24089753526951235,-0.0730729833318539,1.6609761099930531,2.0,0.0,0.0,5.140997444282088,0.0856832907380348
0.7750000000000006,0.24310416589339923,-0.07325352847093618,1.6611801867535636,0.24089753526951235,-0.0730729833318539,1.6609761099930531,0.24089753526951235,-0.0730729833318539,1.6609761099930531,2.0,0.0,0.0,5.140859415894853,0.08568099026491421
0.7760000000000006,0.24310219469304722,-0.07325320538869691,1.6611797789524338,0.24089753526951235,-0.0730729833318539,1.6609761099930531,0.24089753526951235,-0.0730729833318539,1.6609761099930531,2.0,0.0,0.0,5.140723146364505,0.08567871910607508
0.7770000000000006,0.24310021084076378,-0.07325285568213714,1.6611793410319888,0.24089753526951235,-0.0730729833318539,1.6609761099930531,0.24089753526951235,-0.0730729833318539,1.6609761099930531,2.0,0.0,0.0,5.140588626330251,0.08567647710550418
0.7780000000000006,0.24309821489334205,-0.07325247971460835,1.6611788734207082,0.24089753526951235,-0.0730729833318539,1.6609761099930531,0.24089753526951235,-0.0730729833318539,1.6609761099930531,2.0,0.0,0.0,5.140455846420275,0.08567426410700459
0.7790000000000006,0.24309620740163648,-0.0732520778504448,1.6611783765478292,0.24089753526951235,-0.0730729833318539,1.6609761099930531,0.24089753526951235,-0.0730729833318539,1.6609761099930531,2.0,0.0,0.0,5.1403247972492085,0.08567207995415348
0.7800000000000006,0.24309418891055978,-0.07325165045486474,1.6611778508432364,0.24089753526951235,-0.0730729833318539,1.6609761099930531,0.24089753526951235,-0.0730729833318539,1.6609761099930531,2.0,0.0,0.0,5.140195469418179,0.08566992449030299
0.7810000000000006,0.24309215995908015,-0.07325119789387598,1.661177296737358,0.24089753526951235,-0.0730729833318539,1.6609761099930531,0.24089753526951235,-0.0730729833318539,1.6609761099930531,2.0,0.0,0.0,5.14006785351479,0.08566779755857983
0.7820000000000006,0.2430901210802203,-0.07325072053417851,1.66117671466106,0.24089753526951235,-0.0730729833318539,1.6609761099930531,0.24089753526951235,-0.0730729833318539,1.6609761099930531,2.0,0.0,0.0,5.139941940111495,0.08566569900185825
0.7830000000000006,0.24308807280105693,-0.07325021874307464,1.6611761050455434,0.24089753526951235,-0.0730729833318539,1.6609761099930531,0.24089753526951235,-0.0730729833318539,1.6609761099930531,2.0,0.0,0.0,5.1398177197658415,0.08566362866276403
0.7840000000000006,0.2430860156427205,-0.07324969288837473,1.6611754683222406,0.24089753526951235,-0.0730729833318539,1.6609761099930531,0.24089753526951235,-0.0730729833318539,1.6609761099930531,2.0,0.0,0.0,5.139695183019258,0.0856615863836543
0.7850000000000006,0.24308395012039646,-0.07324914333830779,1.6611748049227189,0.24089753526951235,-0.0730729833318539,1.6609761099930531,0.24089753526951235,-0.0730729833318539,1.6609761099930531,2.0,0.0,0.0,5.139574320397649,0.0856595720066275
0.7860000000000006,0.24308187674332699,-0.07324857046143275,1.6611741152785817,0.24089753526951235,-0.0730729833318539,1.6609761099930531,0.24089753526951235,-0.0730729833318539,1.6609761099930531,2.0,0.0,0.0,5.13945512240983,0.08565758537349716
0.7870000000000006,0.2430797960148129,-0.07324797462655047,1.6611733998213687,0.24089753526951235,-0.0730729833318539,1.6609761099930531,0.24089753526951235,-0.0730729833318539,1.6609761099930531,2.0,0.0,0.0,5.139337579547707,0.08565562632579511
0.7880000000000006,0.2430777084322166,-0.0732473562026182,1.6611726589824658,0.24089753526951235,-0.0730729833318539,1.6609761099930531,0.24089753526951235,-0.0730729833318539,1.6609761099930531,2.0,0.0,0.0,5.139221682286176,0.0856536947047696
0.7890000000000006,0.24307561448696677,-0.0732467155586646,1.6611718931930086,0.24089753526951235,-0.0730729833318539,1.6609761099930531,0.24089753526951235,-0.0730729833318539,1.6609761099930531,2.0,0.0,0.0,5.1391074210821,0.08565179035136833
0.7900000000000006,0.24307351466456184,-0.07324605306370746,1.661171102883792,0.24089753526951235,-0.0730729833318539,1.6609761099930531,0.24089753526951235,-0.0730729833318539,1.6609761099930531,2.0,0.0,0.0,5.138994786374537,0.08564991310624229
0.7910000000000006,0.2430714094445759,-0.07324536908667,1.6611702884851818,0.24089753526951235,-0.0730729833318539,1.6609761099930531,0.24089753526951235,-0.0730729833318539,1.6609761099930531,2.0,0.0,0.0,5.138883768584301,0.08564806280973834
0.7920000000000006,0.2430692993006644,-0.07324466399630239,1.6611694504270225,0.24089753526951235,-0.0730729833318539,1.6609761099930531,0.24089753526951235,-0.0730729833318539,1.6609761099930531,2.0,0.0,0.0,5.13877435811366,0.08564623930189434
0.7930000000000006,0.24306718470057076,-0.07324393816110161,1.661168589138554,0.24089753526951235,-0.0730729833318539,1.6609761099930531,0.24089753526951235,-0.0730729833318539,1.6609761099930531,2.0,0.0,0.0,5.13866654534666,0.08564444242244433
0.7940000000000006,0.2430650661061342,-0.07324319194923382,1.6611677050483258,0.24089753526951235,-0.0730729833318539,1.6609761099930531,0.24089753526951235,-0.0730729833318539,1.6609761099930531,2.0,0.0,0.0,5.138560320648376,0.08564267201080628
0.7950000000000006,0.2430629439732967,-0.07324242572845864,1.661166798584112,0.24089753526951235,-0.0730729833318539,1.6609761099930531,0.24089753526951235,-0.0730729833318539,1.6609761099930531,2.0,0.0,0.0,5.1384556743646455,0.08564092790607743
0.7960000000000006,0.24306081875211272,-0.07324163986605269,1.6611658701728294,0.24089753526951235,-0.0730729833318539,1.6609761099930531,0.24089753526951235,-0.0730729833318539,1.6609761099930531,2.0,0.0,0.0,5.138352596822746,0.08563920994704577
0.7970000000000006,0.2430586908867583,-0.07324083472873785,1.6611649202404595,0.24089753526951235,-0.0730729833318539,1.6609761099930531,0.24089753526951235,-0.0730729833318539,1.6609761099930531,2.0,0.0,0.0,5.138251078331031,0.08563751797218384
0.7980000000000006,0.24305656081554117,-0.07324001068260748,1.6611639492119654,0.24089753526951235,-0.0730729833318539,1.6609761099930531,0.24089753526951235,-0.0730729833318539,1.6609761099930531,2.0,0.0,0.0,5.138151109178243,0.08563585181963738
0.7990000000000006,0.24305442897091073,-0.07323916809305567,1.6611629575112181,0.24089753526951235,-0.0730729833318539,1.6609761099930531,0.24089753526951235,-0.0730729833318539,1.6609761099930531,2.0,0.0,0.0,5.138052679634574,0.08563421132724289
0.8000000000000006,0.2430522957794709,-0.07323830732470801,1.6611619455609175,0.24089753526951235,-0.0730729833318539,1.6609761099930531,0.24089753526951235,-0.0730729833318539,1.6609761099930531,2.0,0.0,0.0,5.137955779950809,0.08563259633251348
0.8010000000000006,0.24305016166199064,-0.07323742874135272,1.6611609137825205,0.24089753526951235,-0.0730729833318539,1.6609761099930531,0.24089753526951235,-0.0730729833318539,1.6609761099930531,2.0,0.0,0.0,5.137860400358951,0.08563100667264918
0.8020000000000006,0.24304802703341816,-0.07323653270587314,1.6611598625961659,0.24089753526951235,-0.0730729833318539,1.6609761099930531,0.24089753526951235,-0.0730729833318539,1.6609761099930531,2.0,0.0,0.0,5.137766531071681,0.08562944218452802
0.8030000000000006,0.24304589230289245,-0.07323561958018304,1.661158792420603,0.24089753526951235,-0.0730729833318539,1.6609761099930531,0.24089753526951235,-0.0730729833318539,1.6609761099930531,2.0,0.0,0.0,5.137674162283507,0.08562790270472512
0.8040000000000006,0.24304375787375893,-0.07323468972516083,1.6611577036731233,0.24089753526951235,-0.0730729833318539,1.6609761099930531,0.24089753526951235,-0.0730729833318539,1.6609761099930531,2.0,0.0,0.0,5.1375832841697795,0.08562638806949632
0.8050000000000006,0.24304162414358316,-0.07323374350058637,1.661156596769491,0.24089753526951235,-0.0730729833318539,1.6609761099930531,0.24089753526951235,-0.0730729833318539,1.6609761099930531,2.0,0.0,0.0,5.137493886887348,0.08562489811478913
0.8060000000000006,0.24303949150416618,-0.07323278126507995,1.661155472123873,0.24089753526951235,-0.0730729833318539,1.6609761099930531,0.24089753526951235,-0.0730729833318539,1.6609761099930531,2.0,0.0,0.0,5.13740596057468,0.08562343267624466
0.8070000000000006,0.2430373603415604,-0.07323180337603984,1.6611543301487783,0.24089753526951235,-0.0730729833318539,1.6609761099930531,0.24089753526951235,-0.0730729833318539,1.6609761099930531,2.0,0.0,0.0,5.137319495352459,0.08562199158920765
0.8080000000000006,0.2430352310360859,-0.07323081018958433,1.6611531712549894,0.24089753526951235,-0.0730729833318539,1.6609761099930531,0.24089753526951235,-0.0730729833318539,1.6609761099930531,2.0,0.0,0.0,5.137234481322947,0.08562057468871578
0.8090000000000006,0.2430331039623476,-0.07322980206049161,1.6611519958515006,0.24089753526951235,-0.0730729833318539,1.6609761099930531,0.24089753526951235,-0.0730729833318539,1.6609761099930531,2.0,0.0,0.0,5.137150908571105,0.08561918180951841
0.8100000000000006,0.24303097948925312,-0.07322877934214421,1.661150804345457,0.24089753526951235,-0.0730729833318539,1.6609761099930531,0.24089753526951235,-0.0730729833318539,1.6609761099930531,2.0,0.0,0.0,5.137068767164353,0.08561781278607254
0.8110000000000006,0.2430288579800296,-0.0732277423864721,1.6611495971420938,0.24089753526951235,-0.0730729833318539,1.6609761099930531,0.24089753526951235,-0.0730729833318539,1.6609761099930531,2.0,0.0,0.0,5.136988047153094,0.08561646745255157
0.8120000000000006,0.24302673979224498,-0.07322669154389734,1.6611483746446765,0.24089753526951235,-0.0730729833318539,1.6609761099930531,0.24089753526951235,-0.0730729833318539,1.6609761099930531,2.0,0.0,0.0,5.1369087385707015,0.08561514564284503
0.8130000000000006,0.24302462527782448,-0.07322562716328217,1.6611471372544444,0.24089753526951235,-0.0730729833318539,1.6609761099930531,0.24089753526951235,-0.0730729833318539,1.6609761099930531,2.0,0.0,0.0,5.136830831434471,0.08561384719057452
0.8140000000000006,0.24302251478307318,-0.07322454959187528,1.6611458853705552,0.24089753526951235,-0.0730729833318539,1.6609761099930531,0.24089753526951235,-0.0730729833318539,1.6609761099930531,2.0,0.0,0.0,5.136754315745254,0.08561257192908757
0.8150000000000006,0.2430204086486937,-0.07322345917526085,1.6611446193900279,0.24089753526951235,-0.0730729833318539,1.6609761099930531,0.24089753526951235,-0.0730729833318539,1.6609761099930531,2.0,0.0,0.0,5.136679181488406,0.08561131969147343
0.8160000000000006,0.24301830720981024,-0.07322235625730796,1.6611433397076922,0.24089753526951235,-0.0730729833318539,1.6609761099930531,0.24089753526951235,-0.0730729833318539,1.6609761099930531,2.0,0.0,0.0,5.136605418634141,0.08561009031056901
0.8170000000000006,0.24301621079598726,-0.07322124118012296,1.6611420467161317,0.24089753526951235,-0.0730729833318539,1.6609761099930531,0.24089753526951235,-0.0730729833318539,1.6609761099930531,2.0,0.0,0.0,5.136533017137155,0.08560888361895258
0.8180000000000006,0.24301411973125359,-0.07322011428400013,1.6611407408056382,0.24089753526951235,-0.0730729833318539,1.6609761099930531,0.24089753526951235,-0.0730729833318539,1.6609761099930531,2.0,0.0,0.0,5.1364619669385,0.08560769944897499
0.8190000000000006,0.24301203433412383,-0.07321897590737599,1.6611394223641596,0.24089753526951235,-0.0730729833318539,1.6609761099930531,0.24089753526951235,-0.0730729833318539,1.6609761099930531,2.0,0.0,0.0,5.136392257964607,0.08560653763274345
0.8200000000000006,0.24300995491762198,-0.07321782638678295,1.6611380917772502,0.24089753526951235,-0.0730729833318539,1.6609761099930531,0.24089753526951235,-0.0730729833318539,1.6609761099930531,2.0,0.0,0.0,5.136323880128241,0.08560539800213736
0.8210000000000006,0.24300788178930455,-0.0732166660568056,1.661136749428025,0.24089753526951235,-0.0730729833318539,1.6609761099930531,0.24089753526951235,-0.0730729833318539,1.6609761099930531,2.0,0.0,0.0,5.1362568233295685,0.08560428038882614
0.8220000000000006,0.2430058152512855,-0.07321549525003662,1.6611353956971144,0.24089753526951235,-0.0730729833318539,1.6609761099930531,0.24089753526951235,-0.0730729833318539,1.6609761099930531,2.0,0.0,0.0,5.136191077455917,0.08560318462426529
0.8230000000000006,0.24300375560026038,-0.0732143142970349,1.6611340309626175,0.24089753526951235,-0.0730729833318539,1.6609761099930531,0.24089753526951235,-0.0730729833318539,1.6609761099930531,2.0,0.0,0.0,5.136126632382527,0.08560211053970877
0.8240000000000006,0.24300170312753067,-0.0732131235262843,1.6611326556000614,0.24089753526951235,-0.0730729833318539,1.6609761099930531,0.24089753526951235,-0.0730729833318539,1.6609761099930531,2.0,0.0,0.0,5.136063477973336,0.08560105796622226
0.8250000000000006,0.2429996581190306,-0.0732119232641533,1.6611312699823553,0.24089753526951235,-0.0730729833318539,1.6609761099930531,0.24089753526951235,-0.0730729833318539,1.6609761099930531,2.0,0.0,0.0,5.136001604080795,0.08560002673467992
0.8260000000000006,0.2429976208553525,-0.07321071383485557,1.6611298744797547,0.24089753526951235,-0.0730729833318539,1.6609761099930531,0.24089753526951235,-0.0730729833318539,1.6609761099930531,2.0,0.0,0.0,5.135941000547551,0.08559901667579252
0.8270000000000006,0.24299559161177325,-0.07320949556041323,1.6611284694598154,0.24089753526951235,-0.0730729833318539,1.6609761099930531,0.24089753526951235,-0.0730729833318539,1.6609761099930531,2.0,0.0,0.0,5.135881657205574,0.0855980276200929
0.8280000000000006,0.24299357065828103,-0.07320826876061809,1.661127055287359,0.24089753526951235,-0.0730729833318539,1.6609761099930531,0.24089753526951235,-0.0730729833318539,1.6609761099930531,2.0,0.0,0.0,5.135823563878166,0.08559705939796942
0.8290000000000006,0.2429915582596035,-0.07320703375299681,1.6611256323244328,0.24089753526951235,-0.0730729833318539,1.6609761099930531,0.24089753526951235,-0.0730729833318539,1.6609761099930531,2.0,0.0,0.0,5.135766710379571,0.08559611183965952
0.8300000000000006,0.24298955467523453,-0.07320579085277566,1.6611242009302774,0.24089753526951235,-0.0730729833318539,1.6609761099930531,0.24089753526951235,-0.0730729833318539,1.6609761099930531,2.0,0.0,0.0,5.135711086516481,0.08559518477527468
0.8310000000000006,0.24298756015946332,-0.073204540372847,1.6611227614612858,0.24089753526951235,-0.0730729833318539,1.6609761099930531,0.24089753526951235,-0.0730729833318539,1.6609761099930531,2.0,0.0,0.0,5.135656682087006,0.08559427803478344
0.8320000000000006,0.2429855749614026,-0.07320328262373456,1.6611213142709749,0.24089753526951235,-0.0730729833318539,1.6609761099930531,0.24089753526951235,-0.0730729833318539,1.6609761099930531,2.0,0.0,0.0,5.135603486883691,0.08559339144806152
0.8330000000000006,0.24298359932501729,-0.07320201791356439,1.6611198597099472,0.24089753526951235,-0.0730729833318539,1.6609761099930531,0.24089753526951235,-0.0730729833318539,1.6609761099930531,2.0,0.0,0.0,5.135551490691697,0.08559252484486161
0.8340000000000006,0.24298163348915508,-0.0732007465480309,1.661118398125864,0.24089753526951235,-0.0730729833318539,1.6609761099930531,0.24089753526951235,-0.0730729833318539,1.6609761099930531,2.0,0.0,0.0,5.135500683291338,0.08559167805485562
0.8350000000000006,0.2429796776875749,-0.07319946883036917,1.6611169298634094,0.24089753526951235,-0.0730729833318539,1.6609761099930531,0.24089753526951235,-0.0730729833318539,1.6609761099930531,2.0,0.0,0.0,5.135451054457634,0.08559085090762723
0.8360000000000006,0.24297773214897894,-0.07319818506132462,1.661115455264266,0.24089753526951235,-0.0730729833318539,1.6609761099930531,0.24089753526951235,-0.0730729833318539,1.6609761099930531,2.0,0.0,0.0,5.135402593961454,0.0855900432326909
0.8370000000000006,0.24297579709704134,-0.07319689553912484,1.661113974667081,0.24089753526951235,-0.0730729833318539,1.6609761099930531,0.24089753526951235,-0.0730729833318539,1.6609761099930531,2.0,0.0,0.0,5.135355291570095,0.08558925485950158
0.8380000000000006,0.24297387275044008,-0.07319560055945322,1.6611124884074433,0.24089753526951235,-0.0730729833318539,1.6609761099930531,0.24089753526951235,-0.0730729833318539,1.6609761099930531,2.0,0.0,0.0,5.135309137048024,0.08558848561746707
0.8390000000000006,0.2429719593228881,-0.07319430041542249,1.661110996817852,0.24089753526951235,-0.0730729833318539,1.6609761099930531,0.24089753526951235,-0.0730729833318539,1.6609761099930531,2.0,0.0,0.0,5.135264120157015,0.08558773533595025
0.8400000000000006,0.24297005702316643,-0.07319299539754864,1.6611095002276957,0.24089753526951235,-0.0730729833318539,1.6609761099930531,0.24089753526951235,-0.0730729833318539,1.6609761099930531,2.0,0.0,0.0,5.135220230657604,0.0855870038442934
0.8410000000000006,0.24296816605515342,-0.07319168579372774,1.6611079989632254,0.24089753526951235,-0.0730729833318539,1.6609761099930531,0.24089753526951235,-0.0730729833318539,1.6609761099930531,2.0,0.0,0.0,5.135177458309929,0.08558629097183215
0.8420000000000006,0.24296628661785952,-0.07319037188921165,1.6611064933475304,0.24089753526951235,-0.0730729833318539,1.6609761099930531,0.24089753526951235,-0.0730729833318539,1.6609761099930531,2.0,0.0,0.0,5.1351357928730685,0.08558559654788447
0.8430000000000006,0.2429644189054595,-0.07318905396658548,1.6611049837005174,0.24089753526951235,-0.0730729833318539,1.6609761099930531,0.24089753526951235,-0.0730729833318539,1.6609761099930531,2.0,0.0,0.0,5.135095224107483,0.08558492040179139
0.8440000000000006,0.24296256310732423,-0.07318773230574571,1.6611034703388887,0.24089753526951235,-0.0730729833318539,1.6609761099930531,0.24089753526951235,-0.0730729833318539,1.6609761099930531,2.0,0.0,0.0,5.135055741774667,0.08558426236291111
0.8450000000000006,0.24296071940805597,-0.07318640718388046,1.66110195357612,0.24089753526951235,-0.0730729833318539,1.6609761099930531,0.24089753526951235,-0.0730729833318539,1.6609761099930531,2.0,0.0,0.0,5.135017335637707,0.08558362226062846
0.8460000000000006,0.24295888798752008,-0.07318507887544812,1.6611004337224424,0.24089753526951235,-0.0730729833318539,1.6609761099930531,0.24089753526951235,-0.0730729833318539,1.6609761099930531,2.0,0.0,0.0,5.1349799954634605,0.08558299992439102
0.8470000000000006,0.24295706902088077,-0.07318374765215863,1.661098911084824,0.24089753526951235,-0.0730729833318539,1.6609761099930531,0.24089753526951235,-0.0730729833318539,1.6609761099930531,2.0,0.0,0.0,5.134943711021428,0.08558239518369047
0.8480000000000006,0.2429552626786344,-0.07318241378295619,1.6610973859669522,0.24089753526951235,-0.0730729833318539,1.6609761099930531,0.24089753526951235,-0.0730729833318539,1.6609761099930531,2.0,0.0,0.0,5.134908472085711,0.08558180786809519
0.8490000000000006,0.24295346912664337,-0.07318107753400019,1.6610958586692146,0.24089753526951235,-0.0730729833318539,1.6609761099930531,0.24089753526951235,-0.0730729833318539,1.6609761099930531,2.0,0.0,0.0,5.134874268435136,0.08558123780725227
0.8500000000000006,0.2429516885261725,-0.07317973916864975,1.6610943294886862,0.24089753526951235,-0.0730729833318539,1.6609761099930531,0.24089753526951235,-0.0730729833318539,1.6609761099930531,2.0,0.0,0.0,5.134841089854504,0.0855806848309084
0.8510000000000006,0.24294992103392343,-0.07317839894744782,1.6610927987191122,0.24089753526951235,-0.0730729833318539,1.6609761099930531,0.24089753526951235,-0.0730729833318539,1.6609761099930531,2.0,0.0,0.0,5.134808926134858,0.0855801487689143
0.8520000000000006,0.2429481668020689,-0.07317705712810534,1.6610912666508948,0.24089753526951235,-0.0730729833318539,1.6609761099930531,0.24089753526951235,-0.0730729833318539,1.6609761099930531,2.0,0.0,0.0,5.1347777670750085,0.08557962945125014
0.8530000000000006,0.24294642597829014,-0.0731757139654879,1.6610897335710815,0.24089753526951235,-0.0730729833318539,1.6609761099930531,0.24089753526951235,-0.0730729833318539,1.6609761099930531,2.0,0.0,0.0,5.134747602481164,0.0855791267080194
0.8540000000000006,0.2429446987058112,-0.07317436971160282,1.6610881997633495,0.24089753526951235,-0.0730729833318539,1.6609761099930531,0.24089753526951235,-0.0730729833318539,1.6609761099930531,2.0,0.0,0.0,5.134718422168365,0.08557864036947274
0.8550000000000006,0.24294298512343593,-0.07317302461558471,1.6610866655079966,0.24089753526951235,-0.0730729833318539,1.6609761099930531,0.24089753526951235,-0.0730729833318539,1.6609761099930531,2.0,0.0,0.0,5.134690215961544,0.08557817026602572
0.8560000000000006,0.24294128536558424,-0.07317167892368498,1.6610851310819317,0.24089753526951235,-0.0730729833318539,1.6609761099930531,0.24089753526951235,-0.0730729833318539,1.6609761099930531,2.0,0.0,0.0,5.134662973695699,0.08557771622826164
0.8570000000000007,0.24293959956232775,-0.07317033287926081,1.661083596758661,0.24089753526951235,-0.0730729833318539,1.6609761099930531,0.24089753526951235,-0.0730729833318539,1.6609761099930531,2.0,0.0,0.0,5.13463668521655,0.0855772780869425
0.8580000000000007,0.24293792783942736,-0.07316898672276415,1.661082062808283,0.24089753526951235,-0.0730729833318539,1.6609761099930531,0.24089753526951235,-0.0730729833318539,1.6609761099930531,2.0,0.0,0.0,5.134611340382034,0.0855768556730339
0.8590000000000007,0.24293627031837026,-0.07316764069173251,1.661080529497479,0.24089753526951235,-0.0730729833318539,1.6609761099930531,0.24089753526951235,-0.0730729833318539,1.6609761099930531,2.0,0.0,0.0,5.13458692906258,0.08557644881770968
0.8600000000000007,0.24293462711640632,-0.07316629502077927,1.6610789970895057,0.24089753526951235,-0.0730729833318539,1.6609761099930531,0.24089753526951235,-0.0730729833318539,1.6609761099930531,2.0,0.0,0.0,5.134563441141956,0.08557605735236593
0.8610000000000007,0.24293299834658594,-0.07316494994158701,1.661077465844187,0.24089753526951235,-0.0730729833318539,1.6609761099930531,0.24089753526951235,-0.0730729833318539,1.6609761099930531,2.0,0.0,0.0,5.134540866517759,0.08557568110862931
0.8620000000000007,0.24293138411779724,-0.07316360568289908,1.6610759360179128,0.24089753526951235,-0.0730729833318539,1.6609761099930531,0.24089753526951235,-0.0730729833318539,1.6609761099930531,2.0,0.0,0.0,5.134519195102991,0.08557531991838317
0.8630000000000007,0.24292978453480418,-0.07316226247051273,1.6610744078636293,0.24089753526951235,-0.0730729833318539,1.6609761099930531,0.24089753526951235,-0.0730729833318539,1.6609761099930531,2.0,0.0,0.0,5.1344984168255365,0.08557497361375895
0.8640000000000007,0.2429281996982845,-0.07316092052727277,1.6610728816308364,0.24089753526951235,-0.0730729833318539,1.6609761099930531,0.24089753526951235,-0.0730729833318539,1.6609761099930531,2.0,0.0,0.0,5.134478521630257,0.08557464202717095
0.8650000000000007,0.24292662970486645,-0.07315958007306775,1.6610713575655864,0.24089753526951235,-0.0730729833318539,1.6609761099930531,0.24089753526951235,-0.0730729833318539,1.6609761099930531,2.0,0.0,0.0,5.134459499479264,0.08557432499132106
0.8660000000000007,0.2429250746471689,-0.07315824132482414,1.661069835910478,0.24089753526951235,-0.0730729833318539,1.6609761099930531,0.24089753526951235,-0.0730729833318539,1.6609761099930531,2.0,0.0,0.0,5.134441340351946,0.08557402233919911
0.8670000000000007,0.24292353461383814,-0.07315690449650133,1.6610683169046567,0.24089753526951235,-0.0730729833318539,1.6609761099930531,0.24089753526951235,-0.0730729833318539,1.6609761099930531,2.0,0.0,0.0,5.134424034247083,0.08557373390411804
0.8680000000000007,0.2429220096895864,-0.07315556979909,1.6610668007838107,0.24089753526951235,-0.0730729833318539,1.6609761099930531,0.24089753526951235,-0.0730729833318539,1.6609761099930531,2.0,0.0,0.0,5.134407571182691,0.08557345951971151
0.8690000000000007,0.24292049995523154,-0.07315423744060881,1.6610652877801753,0.24089753526951235,-0.0730729833318539,1.6609761099930531,0.24089753526951235,-0.0730729833318539,1.6609761099930531,2.0,0.0,0.0,5.134391941196806,0.08557319901994677
0.8700000000000007,0.24291900548773498,-0.07315290762610209,1.6610637781225281,0.24089753526951235,-0.0730729833318539,1.6609761099930531,0.24089753526951235,-0.0730729833318539,1.6609761099930531,2.0,0.0,0.0,5.134377134348283,0.08557295223913805
0.8710000000000007,0.24291752636024008,-0.07315158055763793,1.661062272036192,0.24089753526951235,-0.0730729833318539,1.6609761099930531,0.24089753526951235,-0.0730729833318539,1.6609761099930531,2.0,0.0,0.0,5.1343631407182055,0.0855727190119701
0.8720000000000007,0.2429160626421119,-0.07315025643430793,1.6610607697430366,0.24089753526951235,-0.0730729833318539,1.6609761099930531,0.24089753526951235,-0.0730729833318539,1.6609761099930531,2.0,0.0,0.0,5.134349950409851,0.0855724991734975
0.8730000000000007,0.24291461439897633,-0.07314893545222785,1.6610592714614802,0.24089753526951235,-0.0730729833318539,1.6609761099930531,0.24089753526951235,-0.0730729833318539,1.6609761099930531,2.0,0.0,0.0,5.134337553549571,0.08557229255915952
0.8740000000000007,0.24291318169275816,-0.07314761780453527,1.6610577774064925,0.24089753526951235,-0.0730729833318539,1.6609761099930531,0.24089753526951235,-0.0730729833318539,1.6609761099930531,2.0,0.0,0.0,5.134325940288151,0.08557209900480252
0.8750000000000007,0.24291176458172142,-0.07314630368139381,1.6610562877895991,0.24089753526951235,-0.0730729833318539,1.6609761099930531,0.24089753526951235,-0.0730729833318539,1.6609761099930531,2.0,0.0,0.0,5.134315100800725,0.08557191834667875
0.8760000000000007,0.24291036312050784,-0.07314499326999173,1.6610548028188836,0.24089753526951235,-0.0730729833318539,1.6609761099930531,0.24089753526951235,-0.0730729833318539,1.6609761099930531,2.0,0.0,0.0,5.13430502528776,0.08557175042146266
0.8770000000000007,0.2429089773601768,-0.07314368675454647,1.661053322698995,0.24089753526951235,-0.0730729833318539,1.6609761099930531,0.24089753526951235,-0.0730729833318539,1.6609761099930531,2.0,0.0,0.0,5.134295703976363,0.08557159506627272
0.8780000000000007,0.2429076073482448,-0.07314238431630532,1.6610518476311493,0.24089753526951235,-0.0730729833318539,1.6609761099930531,0.24089753526951235,-0.0730729833318539,1.6609761099930531,2.0,0.0,0.0,5.134287127119914,0.08557145211866524
0.8790000000000007,0.24290625312872471,-0.07314108613354993,1.6610503778131418,0.24089753526951235,-0.0730729833318539,1.6609761099930531,0.24089753526951235,-0.0730729833318539,1.6609761099930531,2.0,0.0,0.0,5.134279285000294,0.08557132141667156
0.8800000000000007,0.2429049147421644,-0.07313979238159948,1.6610489134393422,0.24089753526951235,-0.0730729833318539,1.6609761099930531,0.24089753526951235,-0.0730729833318539,1.6609761099930531,2.0,0.0,0.0,5.1342721679274845,0.08557120279879141
0.8810000000000007,0.24290359222568877,-0.07313850323281525,1.6610474547007161,0.24089753526951235,-0.0730729833318539,1.6609761099930531,0.24089753526951235,-0.0730729833318539,1.6609761099930531,2.0,0.0,0.0,5.1342657662393565,0.08557109610398927
0.8820000000000007,0.24290228561303745,-0.07313721885660551,1.661046001784823,0.24089753526951235,-0.0730729833318539,1.6609761099930531,0.24089753526951235,-0.0730729833318539,1.6609761099930531,2.0,0.0,0.0,5.134260070304908,0.08557100117174847
0.8830000000000007,0.2429009949346046,-0.0731359394194303,1.661044554875826,0.24089753526951235,-0.0730729833318539,1.6609761099930531,0.24089753526951235,-0.0730729833318539,1.6609761099930531,2.0,0.0,0.0,5.134255070523504,0.0855709178420584
0.8840000000000007,0.24289972021747974,-0.07313466508480826,1.6610431141545052,0.24089753526951235,-0.0730729833318539,1.6609761099930531,0.24089753526951235,-0.0730729833318539,1.6609761099930531,2.0,0.0,0.0,5.134250757325766,0.08557084595542944
0.8850000000000007,0.2428984614854865,-0.07313339601332164,1.6610416797982606,0.24089753526951235,-0.0730729833318539,1.6609761099930531,0.24089753526951235,-0.0730729833318539,1.6609761099930531,2.0,0.0,0.0,5.134247121173762,0.08557078535289603
0.8860000000000007,0.24289721875922288,-0.07313213236262481,1.6610402519811251,0.24089753526951235,-0.0730729833318539,1.6609761099930531,0.24089753526951235,-0.0730729833318539,1.6609761099930531,2.0,0.0,0.0,5.134244152562482,0.08557073587604136
0.8870000000000007,0.2428959920561008,-0.07313087428745002,1.661038830873777,0.24089753526951235,-0.0730729833318539,1.6609761099930531,0.24089753526951235,-0.0730729833318539,1.6609761099930531,2.0,0.0,0.0,5.1342418420203675,0.08557069736700612
0.8880000000000007,0.24289478139038612,-0.07312962193961658,1.661037416643548,0.24089753526951235,-0.0730729833318539,1.6609761099930531,0.24089753526951235,-0.0730729833318539,1.6609761099930531,2.0,0.0,0.0,5.13424018010959,0.08557066966849317
0.8890000000000007,0.24289358677323802,-0.07312837546803753,1.6610360094544325,0.24089753526951235,-0.0730729833318539,1.6609761099930531,0.24089753526951235,-0.0730729833318539,1.6609761099930531,2.0,0.0,0.0,5.134239157426691,0.08557065262377819
0.8900000000000007,0.2428924082127492,-0.07312713501873058,1.6610346094671076,0.24089753526951235,-0.0730729833318539,1.6609761099930531,0.24089753526951235,-0.0730729833318539,1.6609761099930531,2.0,0.0,0.0,5.134238764604596,0.08557064607674328
0.8910000000000007,0.24289124571398582,-0.07312590073482547,1.6610332168389375,0.24089753526951235,-0.0730729833318539,1.6609761099930531,0.24089753526951235,-0.0730729833318539,1.6609761099930531,2.0,0.0,0.0,5.134238992311032,0.08557064987185053
0.8920000000000007,0.24289009927902633,-0.07312467275657389,1.661031831723988,0.24089753526951235,-0.0730729833318539,1.6609761099930531,0.24089753526951235,-0.0730729833318539,1.6609761099930531,2.0,0.0,0.0,5.134239831251012,0.08557066385418353
0.8930000000000007,0.24288896890700207,-0.07312345122136044,1.6610304542730436,0.24089753526951235,-0.0730729833318539,1.6609761099930531,0.24089753526951235,-0.0730729833318539,1.6609761099930531,2.0,0.0,0.0,5.134241272166934,0.0855706878694489
0.8940000000000007,0.2428878545941368,-0.07312223626371216,1.6610290846336164,0.24089753526951235,-0.0730729833318539,1.6609761099930531,0.24089753526951235,-0.0730729833318539,1.6609761099930531,2.0,0.0,0.0,5.134243305839006,0.08557072176398343
0.8950000000000007,0.24288675633378676,-0.07312102801531012,1.6610277229499677,0.24089753526951235,-0.0730729833318539,1.6609761099930531,0.24089753526951235,-0.0730729833318539,1.6609761099930531,2.0,0.0,0.0,5.134245923086215,0.08557076538477025
0.8960000000000007,0.24288567411647904,-0.07311982660500087,1.6610263693631104,0.24089753526951235,-0.0730729833318539,1.6609761099930531,0.24089753526951235,-0.0730729833318539,1.6609761099930531,2.0,0.0,0.0,5.1342491147660905,0.08557081857943484
0.8970000000000007,0.2428846079299518,-0.0731186321588066,1.6610250240108375,0.24089753526951235,-0.0730729833318539,1.6609761099930531,0.24089753526951235,-0.0730729833318539,1.6609761099930531,2.0,0.0,0.0,5.134252871777437,0.08557088119629061
0.8980000000000007,0.24288355775919457,-0.07311744479993956,1.6610236870277286,0.24089753526951235,-0.0730729833318539,1.6609761099930531,0.24089753526951235,-0.0730729833318539,1.6609761099930531,2.0,0.0,0.0,5.134257185058075,0.08557095308430125
0.8990000000000007,0.24288252358648688,-0.07311626464881324,1.6610223585451707,0.24089753526951235,-0.0730729833318539,1.6609761099930531,0.24089753526951235,-0.0730729833318539,1.6609761099930531,2.0,0.0,0.0,5.13426204558773,0.08557103409312883
0.9000000000000007,0.24288150539143766,-0.0731150918230553,1.6610210386913706,0.24089753526951235,-0.0730729833318539,1.6609761099930531,0.24089753526951235,-0.0730729833318539,1.6609761099930531,2.0,0.0,0.0,5.134267444387668,0.08557112407312781
0.9010000000000007,0.24288050315102458,-0.07311392643752082,1.6610197275913756,0.24089753526951235,-0.0730729833318539,1.6609761099930531,0.24089753526951235,-0.0730729833318539,1.6609761099930531,2.0,0.0,0.0,5.1342733725216725,0.0855712228753612
0.9020000000000007,0.24287951683963405,-0.07311276860430654,1.6610184253670879,0.24089753526951235,-0.0730729833318539,1.6609761099930531,0.24089753526951235,-0.0730729833318539,1.6609761099930531,2.0,0.0,0.0,5.134279821095959,0.0855713303515993
0.9030000000000007,0.242878546429099,-0.0731116184327639,1.6610171321372835,0.24089753526951235,-0.0730729833318539,1.6609761099930531,0.24089753526951235,-0.0730729833318539,1.6609761099930531,2.0,0.0,0.0,5.134286781260732,0.08557144635434553
0.9040000000000007,0.2428775918887403,-0.0731104760295143,1.6610158480176287,0.24089753526951235,-0.0730729833318539,1.6609761099930531,0.24089753526951235,-0.0730729833318539,1.6609761099930531,2.0,0.0,0.0,5.134294244209745,0.08557157073682907
0.9050000000000007,0.24287665318540258,-0.07310934149846317,1.6610145731207013,0.24089753526951235,-0.0730729833318539,1.6609761099930531,0.24089753526951235,-0.0730729833318539,1.6609761099930531,2.0,0.0,0.0,5.134302201182306,0.08557170335303844
0.9060000000000007,0.24287573028349557,-0.07310821494081501,1.6610133075560036,0.24089753526951235,-0.0730729833318539,1.6609761099930531,0.24089753526951235,-0.0730729833318539,1.6609761099930531,2.0,0.0,0.0,5.13431064346156,0.08557184405769266
0.9070000000000007,0.24287482314503256,-0.07310709645508873,1.6610120514299898,0.24089753526951235,-0.0730729833318539,1.6609761099930531,0.24089753526951235,-0.0730729833318539,1.6609761099930531,2.0,0.0,0.0,5.134319562376774,0.08557199270627956
0.9080000000000007,0.2428739317296682,-0.0731059861371335,1.6610108048460746,0.24089753526951235,-0.0730729833318539,1.6609761099930531,0.24089753526951235,-0.0730729833318539,1.6609761099930531,2.0,0.0,0.0,5.13432894930508,0.08557214915508467
0.9090000000000007,0.24287305599473819,-0.07310488408014426,1.661009567904663,0.24089753526951235,-0.0730729833318539,1.6609761099930531,0.24089753526951235,-0.0730729833318539,1.6609761099930531,2.0,0.0,0.0,5.134338795669254,0.08557231326115423
0.9100000000000007,0.24287219589529652,-0.0731037903746784,1.661008340703164,0.24089753526951235,-0.0730729833318539,1.6609761099930531,0.24089753526951235,-0.0730729833318539,1.6609761099930531,2.0,0.0,0.0,5.134349092938688,0.08557248488231146
0.9110000000000007,0.24287135138415505,-0.073102705108672,1.6610071233360109,0.24089753526951235,-0.0730729833318539,1.6609761099930531,0.24089753526951235,-0.0730729833318539,1.6609761099930531,2.0,0.0,0.0,5.1343598326315005,0.08557266387719167
0.9120000000000007,0.24287052241192134,-0.07310162836745689,1.6610059158946853,0.24089753526951235,-0.0730729833318539,1.6609761099930531,0.24089753526951235,-0.0730729833318539,1.6609761099930531,2.0,0.0,0.0,5.1343710063142405,0.08557285010523734
0.9130000000000007,0.2428697089270362,-0.07310056023377749,1.6610047184677357,0.24089753526951235,-0.0730729833318539,1.6609761099930531,0.24089753526951235,-0.0730729833318539,1.6609761099930531,2.0,0.0,0.0,5.134382605602021,0.08557304342670036
0.9140000000000007,0.24286891087581292,-0.07309950078780766,1.6610035311407985,0.24089753526951235,-0.0730729833318539,1.6609761099930531,0.24089753526951235,-0.0730729833318539,1.6609761099930531,2.0,0.0,0.0,5.134394622159388,0.08557324370265647
0.9150000000000007,0.24286812820247347,-0.07309845010716998,1.6610023539966199,0.24089753526951235,-0.0730729833318539,1.6609761099930531,0.24089753526951235,-0.0730729833318539,1.6609761099930531,2.0,0.0,0.0,5.134407047701076,0.08557345079501794
0.9160000000000007,0.24286736084918792,-0.0730974082669517,1.6610011871150756,0.24089753526951235,-0.0730729833318539,1.6609761099930531,0.24089753526951235,-0.0730729833318539,1.6609761099930531,2.0,0.0,0.0,5.134419873991782,0.0855736645665297
0.9170000000000007,0.2428666087561111,-0.07309637533972434,1.6610000305731976,0.24089753526951235,-0.0730729833318539,1.6609761099930531,0.24089753526951235,-0.0730729833318539,1.6609761099930531,2.0,0.0,0.0,5.1344330928476545,0.08557388488079425
0.9180000000000007,0.24286587186141945,-0.07309535139556118,1.6609988844451895,0.24089753526951235,-0.0730729833318539,1.6609761099930531,0.24089753526951235,-0.0730729833318539,1.6609761099930531,2.0,0.0,0.0,5.134446696135298,0.08557411160225498
0.9190000000000007,0.24286515010135004,-0.07309433650205593,1.660997748802454,0.24089753526951235,-0.0730729833318539,1.6609761099930531,0.24089753526951235,-0.0730729833318539,1.6609761099930531,2.0,0.0,0.0,5.134460675773555,0.08557434459622591
0.9200000000000007,0.242864443410236,-0.07309333072434208,1.660996623713615,0.24089753526951235,-0.0730729833318539,1.6609761099930531,0.24089753526951235,-0.0730729833318539,1.6609761099930531,2.0,0.0,0.0,5.134475023733636,0.08557458372889393
0.9210000000000007,0.24286375172054386,-0.07309233412511182,1.6609955092445365,0.24089753526951235,-0.0730729833318539,1.6609761099930531,0.24089753526951235,-0.0730729833318539,1.6609761099930531,2.0,0.0,0.0,5.1344897320388885,0.08557482886731481
0.9220000000000007,0.2428630749629114,-0.07309134676463447,1.6609944054583512,0.24089753526951235,-0.0730729833318539,1.6609761099930531,0.24089753526951235,-0.0730729833318539,1.6609761099930531,2.0,0.0,0.0,5.1345047927659015,0.08557507987943169
0.9230000000000007,0.24286241306618275,-0.07309036870077767,1.6609933124154803,0.24089753526951235,-0.0730729833318539,1.6609761099930531,0.24089753526951235,-0.0730729833318539,1.6609761099930531,2.0,0.0,0.0,5.134520198044808,0.08557533663408014
0.9240000000000007,0.24286176595744557,-0.07308939998902517,1.660992230173655,0.24089753526951235,-0.0730729833318539,1.6609761099930531,0.24089753526951235,-0.0730729833318539,1.6609761099930531,2.0,0.0,0.0,5.134535940059334,0.0855755990009889
0.9250000000000007,0.2428611335620678,-0.07308844068249801,1.6609911587879476,0.24089753526951235,-0.0730729833318539,1.6609761099930531,0.24089753526951235,-0.0730729833318539,1.6609761099930531,2.0,0.0,0.0,5.134552011048107,0.08557586685080178
0.9260000000000007,0.24286051580373233,-0.07308749083197381,1.6609900983107866,0.24089753526951235,-0.0730729833318539,1.6609761099930531,0.24089753526951235,-0.0730729833318539,1.6609761099930531,2.0,0.0,0.0,5.134568403303622,0.08557614005506037
0.9270000000000007,0.24285991260447476,-0.0730865504859085,1.6609890487919867,0.24089753526951235,-0.0730729833318539,1.6609761099930531,0.24089753526951235,-0.0730729833318539,1.6609761099930531,2.0,0.0,0.0,5.1345851091737735,0.08557641848622956
0.9280000000000007,0.24285932388471793,-0.07308561969045378,1.6609880102787702,0.24089753526951235,-0.0730729833318539,1.6609761099930531,0.24089753526951235,-0.0730729833318539,1.6609761099930531,2.0,0.0,0.0,5.134602121061814,0.0855767020176969
0.9290000000000007,0.2428587495633072,-0.07308469848948079,1.6609869828157926,0.24089753526951235,-0.0730729833318539,1.6609761099930531,0.24089753526951235,-0.0730729833318539,1.6609761099930531,2.0,0.0,0.0,5.134619431426894,0.08557699052378157
0.9300000000000007,0.24285818955754646,-0.0730837869245996,1.660985966445165,0.24089753526951235,-0.0730729833318539,1.6609761099930531,0.24089753526951235,-0.0730729833318539,1.6609761099930531,2.0,0.0,0.0,5.134637032784052,0.08557728387973419
0.9310000000000007,0.24285764378323377,-0.07308288503517991,1.6609849612064842,0.24089753526951235,-0.0730729833318539,1.6609761099930531,0.24089753526951235,-0.0730729833318539,1.6609761099930531,2.0,0.0,0.0,5.134654917705319,0.08557758196175531
0.9320000000000007,0.24285711215469527,-0.07308199285837251,1.6609839671368514,0.24089753526951235,-0.0730729833318539,1.6609761099930531,0.24089753526951235,-0.0730729833318539,1.6609761099930531,2.0,0.0,0.0,5.134673078818871,0.08557788464698118
0.9330000000000007,0.24285659458481934,-0.07308111042912993,1.6609829842708996,0.24089753526951235,-0.0730729833318539,1.6609761099930531,0.24089753526951235,-0.0730729833318539,1.6609761099930531,2.0,0.0,0.0,5.134691508810292,0.08557819181350486
0.9340000000000007,0.2428560909850931,-0.07308023778022885,1.6609820126408192,0.24089753526951235,-0.0730729833318539,1.6609761099930531,0.24089753526951235,-0.0730729833318539,1.6609761099930531,2.0,0.0,0.0,5.134710200422473,0.08557850334037456
0.9350000000000007,0.2428556012656356,-0.07307937494229022,1.6609810522763833,0.24089753526951235,-0.0730729833318539,1.6609761099930531,0.24089753526951235,-0.0730729833318539,1.6609761099930531,2.0,0.0,0.0,5.134729146456273,0.08557881910760455
0.9360000000000007,0.2428551253352314,-0.07307852194380235,1.6609801032049705,0.24089753526951235,-0.0730729833318539,1.6609761099930531,0.24089753526951235,-0.0730729833318539,1.6609761099930531,2.0,0.0,0.0,5.134748339770565,0.08557913899617607
0.9370000000000007,0.2428546631013659,-0.07307767881114129,1.6609791654515964,0.24089753526951235,-0.0730729833318539,1.6609761099930531,0.24089753526951235,-0.0730729833318539,1.6609761099930531,2.0,0.0,0.0,5.134767773282595,0.08557946288804326
0.9380000000000007,0.2428542144702573,-0.07307684556859334,1.6609782390389305,0.24089753526951235,-0.0730729833318539,1.6609761099930531,0.24089753526951235,-0.0730729833318539,1.6609761099930531,2.0,0.0,0.0,5.13478743996783,0.0855797906661305
0.9390000000000007,0.24285377934689154,-0.07307602223837717,1.6609773239873311,0.24089753526951235,-0.0730729833318539,1.6609761099930531,0.24089753526951235,-0.0730729833318539,1.6609761099930531,2.0,0.0,0.0,5.1348073328612855,0.08558012221435476
0.9400000000000007,0.24285335763505483,-0.07307520884066553,1.6609764203148638,0.24089753526951235,-0.0730729833318539,1.6609761099930531,0.24089753526951235,-0.0730729833318539,1.6609761099930531,2.0,0.0,0.0,5.134827445056349,0.08558045741760581
0.9410000000000007,0.2428529492373667,-0.07307440539360728,1.6609755280373315,0.24089753526951235,-0.0730729833318539,1.6609761099930531,0.24089753526951235,-0.0730729833318539,1.6609761099930531,2.0,0.0,0.0,5.134847769706279,0.08558079616177132
0.9420000000000007,0.24285255405531303,-0.07307361191334993,1.6609746471682987,0.24089753526951235,-0.0730729833318539,1.6609761099930531,0.24089753526951235,-0.0730729833318539,1.6609761099930531,2.0,0.0,0.0,5.134868300024115,0.08558113833373525
0.9430000000000007,0.24285217198927772,-0.07307282841406211,1.6609737777191178,0.24089753526951235,-0.0730729833318539,1.6609761099930531,0.24089753526951235,-0.0730729833318539,1.6609761099930531,2.0,0.0,0.0,5.134889029282339,0.0855814838213723
0.9440000000000007,0.24285180293857617,-0.07307205490795526,1.6609729196989556,0.24089753526951235,-0.0730729833318539,1.6609761099930531,0.24089753526951235,-0.0730729833318539,1.6609761099930531,2.0,0.0,0.0,5.134909950813766,0.08558183251356276
0.9450000000000007,0.24285144680148693,-0.07307129140530746,1.6609720731148192,0.24089753526951235,-0.0730729833318539,1.6609761099930531,0.24089753526951235,-0.0730729833318539,1.6609761099930531,2.0,0.0,0.0,5.134931058011404,0.08558218430019006
0.9460000000000007,0.24285110347528335,-0.0730705379144839,1.6609712379715829,0.24089753526951235,-0.0730729833318539,1.6609761099930531,0.24089753526951235,-0.0730729833318539,1.6609761099930531,2.0,0.0,0.0,5.1349523443289495,0.08558253907214916
0.9470000000000007,0.2428507728562655,-0.0730697944419625,1.6609704142720132,0.24089753526951235,-0.0730729833318539,1.6609761099930531,0.24089753526951235,-0.0730729833318539,1.6609761099930531,2.0,0.0,0.0,5.134973803280617,0.08558289672134362
0.9480000000000007,0.2428504548397903,-0.07306906099235243,1.660969602016795,0.24089753526951235,-0.0730729833318539,1.6609761099930531,0.24089753526951235,-0.0730729833318539,1.6609761099930531,2.0,0.0,0.0,5.13499542844157,0.08558325714069284
0.9490000000000007,0.24285014932030488,-0.07306833756842168,1.660968801204562,0.24089753526951235,-0.0730729833318539,1.6609761099930531,0.24089753526951235,-0.0730729833318539,1.6609761099930531,2.0,0.0,0.0,5.135017213448165,0.08558362022413608
0.9500000000000007,0.2428498561913753,-0.07306762417111605,1.6609680118319157,0.24089753526951235,-0.0730729833318539,1.6609761099930531,0.24089753526951235,-0.0730729833318539,1.6609761099930531,2.0,0.0,0.0,5.135039151997564,0.08558398586662606
0.9510000000000007,0.24284957534571897,-0.07306692079958368,1.66096723389346,0.24089753526951235,-0.0730729833318539,1.6609761099930531,0.24089753526951235,-0.0730729833318539,1.6609761099930531,2.0,0.0,0.0,5.135061237848911,0.08558435396414851
0.9520000000000007,0.24284930667523277,-0.07306622745119766,1.6609664673818205,0.24089753526951235,-0.0730729833318539,1.6609761099930531,0.24089753526951235,-0.0730729833318539,1.6609761099930531,2.0,0.0,0.0,5.135083464822558,0.0855847244137093
0.9530000000000007,0.24284905007102528,-0.07306554412157844,1.6609657122876762,0.24089753526951235,-0.0730729833318539,1.6609761099930531,0.24089753526951235,-0.0730729833318539,1.6609761099930531,2.0,0.0,0.0,5.135105826800773,0.08558509711334622
0.9540000000000007,0.24284880542344606,-0.07306487080461775,1.6609649685997852,0.24089753526951235,-0.0730729833318539,1.6609761099930531,0.24089753526951235,-0.0730729833318539,1.6609761099930531,2.0,0.0,0.0,5.135128317727251,0.08558547196212084
0.9550000000000007,0.24284857262211393,-0.07306420749250114,1.6609642363050068,0.24089753526951235,-0.0730729833318539,1.6609761099930531,0.24089753526951235,-0.0730729833318539,1.6609761099930531,2.0,0.0,0.0,5.1351509316078205,0.08558584886013035
0.9560000000000007,0.24284835155594842,-0.07306355417573014,1.660963515388335,0.24089753526951235,-0.0730729833318539,1.6609761099930531,0.24089753526951235,-0.0730729833318539,1.6609761099930531,2.0,0.0,0.0,5.1351736625105735,0.08558622770850956
0.9570000000000007,0.24284814211319716,-0.07306291084314644,1.6609628058329189,0.24089753526951235,-0.0730729833318539,1.6609761099930531,0.24089753526951235,-0.0730729833318539,1.6609761099930531,2.0,0.0,0.0,5.135196504565168,0.08558660840941947
0.9580000000000007,0.24284794418146527,-0.07306227748195437,1.6609621076200936,0.24089753526951235,-0.0730729833318539,1.6609761099930531,0.24089753526951235,-0.0730729833318539,1.6609761099930531,2.0,0.0,0.0,5.1352194519643275,0.08558699086607212
0.9590000000000007,0.2428477576477446,-0.07306165407774366,1.6609614207294037,0.24089753526951235,-0.0730729833318539,1.6609761099930531,0.24089753526951235,-0.0730729833318539,1.6609761099930531,2.0,0.0,0.0,5.135242498962433,0.08558737498270721
0.9600000000000007,0.24284758239844012,-0.07306104061451353,1.6609607451386308,0.24089753526951235,-0.0730729833318539,1.6609761099930531,0.24089753526951235,-0.0730729833318539,1.6609761099930531,2.0,0.0,0.0,5.135265639876546,0.0855877606646091
0.9610000000000007,0.24284741831940101,-0.07306043707469366,1.6609600808238212,0.24089753526951235,-0.0730729833318539,1.6609761099930531,0.24089753526951235,-0.0730729833318539,1.6609761099930531,2.0,0.0,0.0,5.135288869086102,0.0855881478181017
0.9620000000000007,0.24284726529594428,-0.0730598434391698,1.6609594277593114,0.24089753526951235,-0.0730729833318539,1.6609761099930531,0.24089753526951235,-0.0730729833318539,1.6609761099930531,2.0,0.0,0.0,5.13531218103343,0.08558853635055716
0.9630000000000007,0.24284712321288618,-0.073059259687305,1.660958785917754,0.24089753526951235,-0.0730729833318539,1.6609761099930531,0.24089753526951235,-0.0730729833318539,1.6609761099930531,2.0,0.0,0.0,5.135335570222765,0.08558892617037943
0.9640000000000007,0.24284699195456727,-0.07305868579696259,1.6609581552701436,0.24089753526951235,-0.0730729833318539,1.6609761099930531,0.24089753526951235,-0.0730729833318539,1.6609761099930531,2.0,0.0,0.0,5.135359031221497,0.08558931718702495
0.9650000000000007,0.24284687140488018,-0.07305812174452993,1.660957535785847,0.24089753526951235,-0.0730729833318539,1.6609761099930531,0.24089753526951235,-0.0730729833318539,1.6609761099930531,2.0,0.0,0.0,5.135382558658876,0.08558970931098127
0.9660000000000007,0.24284676144729478,-0.0730575675049413,1.6609569274326246,0.24089753526951235,-0.0730729833318539,1.6609761099930531,0.24089753526951235,-0.0730729833318539,1.6609761099930531,2.0,0.0,0.0,5.135406147229148,0.08559010245381912
0.9670000000000007,0.24284666196488774,-0.07305702305170067,1.660956330176659,0.24089753526951235,-0.0730729833318539,1.6609761099930531,0.24089753526951235,-0.0730729833318539,1.6609761099930531,2.0,0.0,0.0,5.135429791686745,0.08559049652811242
0.9680000000000007,0.24284657284036437,-0.07305648835690352,1.6609557439825813,0.24089753526951235,-0.0730729833318539,1.6609761099930531,0.24089753526951235,-0.0730729833318539,1.6609761099930531,2.0,0.0,0.0,5.13545348684987,0.08559089144749783
0.9690000000000007,0.2428464939560886,-0.07305596339126125,1.6609551688134976,0.24089753526951235,-0.0730729833318539,1.6609761099930531,0.24089753526951235,-0.0730729833318539,1.6609761099930531,2.0,0.0,0.0,5.135477227598952,0.0855912871266492
0.9700000000000008,0.24284642519410587,-0.07305544812412389,1.6609546046310137,0.24089753526951235,-0.0730729833318539,1.6609761099930531,0.24089753526951235,-0.0730729833318539,1.6609761099930531,2.0,0.0,0.0,5.1355010088776405,0.085591683481294
0.9710000000000008,0.24284636643616894,-0.07305494252350136,1.6609540513952632,0.24089753526951235,-0.0730729833318539,1.6609761099930531,0.24089753526951235,-0.0730729833318539,1.6609761099930531,2.0,0.0,0.0,5.135524825692022,0.08559208042820036
0.9720000000000008,0.242846317563764,-0.07305444655608828,1.6609535090649306,0.24089753526951235,-0.0730729833318539,1.6609761099930531,0.24089753526951235,-0.0730729833318539,1.6609761099930531,2.0,0.0,0.0,5.135548673110622,0.08559247788517704
0.9730000000000008,0.24284627845813384,-0.07305396018728469,1.66095297759728,0.24089753526951235,-0.0730729833318539,1.6609761099930531,0.24089753526951235,-0.0730729833318539,1.6609761099930531,2.0,0.0,0.0,5.1355725462652755,0.08559287577108793
0.9740000000000008,0.24284624900030333,-0.07305348338121985,1.6609524569481797,0.24089753526951235,-0.0730729833318539,1.6609761099930531,0.24089753526951235,-0.0730729833318539,1.6609761099930531,2.0,0.0,0.0,5.135596440349766,0.08559327400582943
0.9750000000000008,0.24284622907110376,-0.07305301610077469,1.6609519470721286,0.24089753526951235,-0.0730729833318539,1.6609761099930531,0.24089753526951235,-0.0730729833318539,1.6609761099930531,2.0,0.0,0.0,5.135620350620408,0.08559367251034013
0.9760000000000008,0.24284621855119615,-0.07305255830760371,1.6609514479222802,0.24089753526951235,-0.0730729833318539,1.6609761099930531,0.24089753526951235,-0.0730729833318539,1.6609761099930531,2.0,0.0,0.0,5.135644272396463,0.08559407120660771
0.9770000000000008,0.2428462173210941,-0.07305210996215826,1.6609509594504708,0.24089753526951235,-0.0730729833318539,1.6609761099930531,0.24089753526951235,-0.0730729833318539,1.6609761099930531,2.0,0.0,0.0,5.1356682010594294,0.08559447001765716
0.9780000000000008,0.2428462252611892,-0.07305167102370849,1.6609504816072427,0.24089753526951235,-0.0730729833318539,1.6609761099930531,0.24089753526951235,-0.0730729833318539,1.6609761099930531,2.0,0.0,0.0,5.135692132052662,0.08559486886754436
0.9790000000000008,0.24284624225177237,-0.0730512414503653,1.6609500143418714,0.24089753526951235,-0.0730729833318539,1.6609761099930531,0.24089753526951235,-0.0730729833318539,1.6609761099930531,2.0,0.0,0.0,5.13571606088246,0.08559526768137433
0.9800000000000008,0.24284626817305732,-0.07305082119910337,1.6609495576023883,0.24089753526951235,-0.0730729833318539,1.6609761099930531,0.24089753526951235,-0.0730729833318539,1.6609761099930531,2.0,0.0,0.0,5.135739983116691,0.08559566638527819
0.9810000000000008,0.242846302905203,-0.07305041022578276,1.6609491113356092,0.24089753526951235,-0.0730729833318539,1.6609761099930531,0.24089753526951235,-0.0730729833318539,1.6609761099930531,2.0,0.0,0.0,5.135763894385789,0.08559606490642982
0.9820000000000008,0.2428463463283353,-0.07305000848517053,1.660948675487158,0.24089753526951235,-0.0730729833318539,1.6609761099930531,0.24089753526951235,-0.0730729833318539,1.6609761099930531,2.0,0.0,0.0,5.135787790381787,0.08559646317302978
0.9830000000000008,0.24284639832256968,-0.0730496159309641,1.6609482500014912,0.24089753526951235,-0.0730729833318539,1.6609761099930531,0.24089753526951235,-0.0730729833318539,1.6609761099930531,2.0,0.0,0.0,5.135811666858548,0.08559686111430914
0.9840000000000008,0.24284645876803312,-0.0730492325158123,1.6609478348219235,0.24089753526951235,-0.0730729833318539,1.6609761099930531,0.24089753526951235,-0.0730729833318539,1.6609761099930531,2.0,0.0,0.0,5.135835519631973,0.08559725866053289
0.9850000000000008,0.24284652754488334,-0.07304885819133626,1.6609474298906508,0.24089753526951235,-0.0730729833318539,1.6609761099930531,0.24089753526951235,-0.0730729833318539,1.6609761099930531,2.0,0.0,0.0,5.135859344579236,0.08559765574298726
0.9860000000000008,0.24284660453333257,-0.07304849290815356,1.6609470351487785,0.24089753526951235,-0.0730729833318539,1.6609761099930531,0.24089753526951235,-0.0730729833318539,1.6609761099930531,2.0,0.0,0.0,5.1358831376392935,0.08559805229398823
0.9870000000000008,0.24284668961366696,-0.07304813661589737,1.6609466505363428,0.24089753526951235,-0.0730729833318539,1.6609761099930531,0.24089753526951235,-0.0730729833318539,1.6609761099930531,2.0,0.0,0.0,5.13590689481194,0.08559844824686567
0.9880000000000008,0.24284678266626689,-0.0730477892632393,1.6609462759923368,0.24089753526951235,-0.0730729833318539,1.6609761099930531,0.24089753526951235,-0.0730729833318539,1.6609761099930531,2.0,0.0,0.0,5.1359306121585035,0.08559884353597506
0.9890000000000008,0.24284688357162806,-0.07304745079791065,1.6609459114547327,0.24089753526951235,-0.0730729833318539,1.6609761099930531,0.24089753526951235,-0.0730729833318539,1.6609761099930531,2.0,0.0,0.0,5.1359542858012,0.08559923809668667
0.9900000000000008,0.24284699221038047,-0.0730471211667235,1.6609455568605096,0.24089753526951235,-0.0730729833318539,1.6609761099930531,0.24089753526951235,-0.0730729833318539,1.6609761099930531,2.0,0.0,0.0,5.135977911923249,0.0855996318653875
0.9910000000000008,0.2428471084633089,-0.07304680031559221,1.6609452121456745,0.24089753526951235,-0.0730729833318539,1.6609761099930531,0.24089753526951235,-0.0730729833318539,1.6609761099930531,2.0,0.0,0.0,5.136001486768221,0.08560002477947035
0.9920000000000008,0.2428472322113721,-0.07304648818955473,1.6609448772452877,0.24089753526951235,-0.0730729833318539,1.6609761099930531,0.24089753526951235,-0.0730729833318539,1.6609761099930531,2.0,0.0,0.0,5.136025006640588,0.08560041677734313
0.9930000000000008,0.24284736333572107,-0.07304618473279222,1.660944552093484,0.24089753526951235,-0.0730729833318539,1.6609761099930531,0.24089753526951235,-0.0730729833318539,1.6609761099930531,2.0,0.0,0.0,5.136048467904606,0.0856008077984101
0.9940000000000008,0.24284750171771896,-0.07304588988865228,1.6609442366235014,0.24089753526951235,-0.0730729833318539,1.6609761099930531,0.24089753526951235,-0.0730729833318539,1.6609761099930531,2.0,0.0,0.0,5.136071866985263,0.08560119778308772
0.9950000000000008,0.24284764723895924,-0.07304560359966757,1.6609439307677005,0.24089753526951235,-0.0730729833318539,1.6609761099930531,0.24089753526951235,-0.0730729833318539,1.6609761099930531,2.0,0.0,0.0,5.13609520036704,0.085601586672784
0.9960000000000008,0.24284779978128393,-0.07304532580757744,1.6609436344575879,0.24089753526951235,-0.0730729833318539,1.6609761099930531,0.24089753526951235,-0.0730729833318539,1.6609761099930531,2.0,0.0,0.0,5.136118464594118,0.08560197440990196
0.9970000000000008,0.24284795922680064,-0.07304505645334901,1.6609433476238418,0.24089753526951235,-0.0730729833318539,1.6609761099930531,0.24089753526951235,-0.0730729833318539,1.6609761099930531,2.0,0.0,0.0,5.136141656270622,0.08560236093784371
0.9980000000000008,0.24284812545790216,-0.07304479547719618,1.6609430701963328,0.24089753526951235,-0.0730729833318539,1.6609761099930531,0.24089753526951235,-0.0730729833318539,1.6609761099930531,2.0,0.0,0.0,5.136164772059239,0.08560274620098732
0.9990000000000008,0.242848298357282,-0.07304454281860079,1.6609428021041481,0.24089753526951235,-0.0730729833318539,1.6609761099930531,0.24089753526951235,-0.0730729833318539,1.6609761099930531,2.0,0.0,0.0,5.136187808682388,0.08560313014470647
1.0000000000000007,0.24284847780795332,-0.07304429841633307,1.660942543275615,0.24089753526951235,-0.0730729833318539,1.6609761099930531,0.24089753526951235,-0.0730729833318539,1.6609761099930531,2.0,0.0,0.0,5.136210762921014,0.08560351271535023
1.0010000000000006,0.24284866369326386,-0.07304406220847132,1.660942293638321,0.24089753526951235,-0.0730729833318539,1.6609761099930531,0.24089753526951235,-0.0730729833318539,1.6609761099930531,0.0,0.0,0.0,5.136233631614581,0.08560389386024302
1.0020000000000004,0.24284738193846656,-0.07304455238987276,1.6609429510905933,0.24089753526951235,-0.0730729833318539,1.6609761099930531,0.24089753526951235,-0.0730729833318539,1.6609761099930531,0.0,0.0,0.0,5.100884659821599,0.08501474433035998
1.0030000000000003,0.24284471670904906,-0.07304571154843356,1.6609444443562182,0.24089753526951235,-0.0730729833318539,1.6609761099930531,0.24089753526951235,-0.0730729833318539,1.6609761099930531,0.0,0.0,0.0,5.0672904616788035,0.08445484102798005
1.0040000000000002,0.2428407479547108,-0.07304748568135103,1.6609467062610697,0.24089753526951235,-0.0730729833318539,1.6609761099930531,0.24089753526951235,-0.0730729833318539,1.6609761099930531,0.0,0.0,0.0,5.035361546268667,0.08392269243781111
1.0050000000000001,0.24283555170436766,-0.07304982391488457,1.660949673559734,0.24089753526951235,-0.0730729833318539,1.6609761099930531,0.24089753526951235,-0.0730729833318539,1.6609761099930531,0.0,0.0,0.0,5.0050137424383685,0.08341689570730614
1.006,0.24282920027426536,-0.0730526783174974,1.6609532867166814,0.24089753526951235,-0.0730729833318539,1.6609761099930531,0.24089753526951235,-0.0730729833318539,1.6609761099930531,0.0,0.0,0.0,4.976167633708458,0.08293612722847431
1.007,0.24282176245170373,-0.0730560037340107,1.6609574896926407,0.24089753526951235,-0.0730729833318539,1.6609761099930531,0.24089753526951235,-0.0730729833318539,1.6609761099930531,0.0,0.0,0.0,4.948748175714055,0.08247913626190091
1.0079999999999998,0.24281330366458437,-0.07305975763107436,1.6609622297373556,0.24089753526951235,-0.0730729833318539,1.6609761099930531,0.24089753526951235,-0.0730729833318539,1.6609761099930531,0.0,0.0,0.0,4.922684477617509,0.08204474129362516
1.0089999999999997,0.24280388614003556,-0.07306389995206637,1.6609674571902717,0.24089753526951235,-0.0730729833318539,1.6609761099930531,0.24089753526951235,-0.0730729833318539,1.6609761099930531,0.0,0.0,0.0,4.897909607066654,0.08163182678444424
1.0099999999999996,0.24279356905368737,-0.07306839298067694,1.6609731252904179,0.24089753526951235,-0.0730729833318539,1.6609761099930531,0.24089753526951235,-0.0730729833318539,1.6609761099930531,0.0,0.0,0.0,4.874360391545478,0.0812393398590913
1.0109999999999995,0.2427824086706986,-0.07307320121262635,1.6609791899964839,0.24089753526951235,-0.0730729833318539,1.6609761099930531,0.24089753526951235,-0.0730729833318539,1.6609761099930531,0.0,0.0,0.0,4.8519772127614855,0.0808662868793581
1.0119999999999993,0.24277045847944043,-0.07307829123501128,1.6609856098177824,0.24089753526951235,-0.0730729833318539,1.6609761099930531,0.24089753526951235,-0.0730729833318539,1.6609761099930531,0.0,0.0,0.0,4.830703796259393,0.08051172993765655
1.0129999999999992,0.24275776931862136,-0.07308363161280819,1.6609923456565052,0.24089753526951235,-0.0730729833318539,1.6609761099930531,0.24089753526951235,-0.0730729833318539,1.6609761099930531,0.0,0.0,0.0,4.810486999619343,0.08017478332698905
1.0139999999999991,0.24274438949852645,-0.07308919278207733,1.6609993606614246,0.24089753526951235,-0.0730729833318539,1.6609761099930531,0.24089753526951235,-0.0730729833318539,1.6609761099930531,0.0,0.0,0.0,4.791276602644716,0.07985461004407861
1.014999999999999,0.24273036491694805,-0.07309494694944231,1.6610066200929432,0.24089753526951235,-0.0730729833318539,1.6609761099930531,0.24089753526951235,-0.0730729833318539,1.6609761099930531,0.0,0.0,0.0,4.773025102632126,0.0795504183772021
1.015999999999999,0.24271573917028705,-0.07310086799743425,1.66101409119918,0.24089753526951235,-0.0730729833318539,1.6609761099930531,0.24089753526951235,-0.0730729833318539,1.6609761099930531,0.0,0.0,0.0,4.7556875174001405,0.07926145862333568
1.0169999999999988,0.24270055366021848,-0.07310693139531382,1.6610217431026264,0.24089753526951235,-0.0730729833318539,1.6609761099930531,0.24089753526951235,-0.0730729833318539,1.6609761099930531,0.0,0.0,0.0,4.739221198277093,0.07898701997128489
1.0179999999999987,0.24268484769623605,-0.07311311411500485,1.6610295466967286,0.24089753526951235,-0.0730729833318539,1.6609761099930531,0.24089753526951235,-0.0730729833318539,1.6609761099930531,0.0,0.0,0.0,4.723585654755981,0.07872642757926634
1.0189999999999986,0.2426686585943226,-0.07311939455179267,1.6610374745516787,0.24089753526951235,-0.0730729833318539,1.6609761099930531,0.24089753526951235,-0.0730729833318539,1.6609761099930531,0.0,0.0,0.0,4.70874239204551,0.07847903986742516
1.0199999999999985,0.24265202177193218,-0.0731257524494619,1.661045500828593,0.24089753526951235,-0.0730729833318539,1.6609761099930531,0.24089753526951235,-0.0730729833318539,1.6609761099930531,0.0,0.0,0.0,4.694654762275407,0.07824424603792345
1.0209999999999984,0.24263497083942026,-0.07313216882956784,1.6610536012012451,0.24089753526951235,-0.0730729833318539,1.6609761099930531,0.24089753526951235,-0.0730729833318539,1.6609761099930531,0.0,0.0,0.0,4.681287829688362,0.07802146382813936
1.0219999999999982,0.24261753768801814,-0.07313862592455453,1.6610617527844658,0.24089753526951235,-0.0730729833318539,1.6609761099930531,0.24089753526951235,-0.0730729833318539,1.6609761099930531,0.0,0.0,0.0,4.668608249763562,0.07781013749605936
1.0229999999999981,0.2425997525744201,-0.07314510711445604,1.661069934068378,0.24089753526951235,-0.0730729833318539,1.6609761099930531,0.24089753526951235,-0.0730729833318539,1.6609761099930531,0.0,0.0,0.0,4.656584161880125,0.07760973603133542
1.023999999999998,0.24258164420202422,-0.07315159686693279,1.6610781248576338,0.24089753526951235,-0.0730729833318539,1.6609761099930531,0.24089753526951235,-0.0730729833318539,1.6609761099930531,0.0,0.0,0.0,4.6451850948492455,0.07741975158082076
1.024999999999998,0.2425632397988617,-0.07315808068041478,1.6610863062148864,0.24089753526951235,-0.0730729833318539,1.6609761099930531,0.24089753526951235,-0.0730729833318539,1.6609761099930531,0.0,0.0,0.0,4.634381884416996,0.0772396980736166
1.0259999999999978,0.24254456519223588,-0.0731645450301479,1.6610944604077997,0.24089753526951235,-0.0730729833318539,1.6609761099930531,0.24089753526951235,-0.0730729833318539,1.6609761099930531,0.0,0.0,0.0,4.624146601677611,0.07706911002796019
1.0269999999999977,0.24252564488009115,-0.07317097731694436,1.6611025708589473,0.24089753526951235,-0.0730729833318539,1.6609761099930531,0.24089753526951235,-0.0730729833318539,1.6609761099930531,0.0,0.0,0.0,4.614452491213938,0.0769075415202323
1.0279999999999976,0.24250650209914212,-0.07317736581847248,1.6611106220980745,0.24089753526951235,-0.0730729833318539,1.6609761099930531,0.24089753526951235,-0.0730729833318539,1.6609761099930531,0.0,0.0,0.0,4.60527391773034,0.07675456529550567
1.0289999999999975,0.2424871588897926,-0.07318369964292143,1.6611185997162365,0.24089753526951235,-0.0730729833318539,1.6609761099930531,0.24089753526951235,-0.0730729833318539,1.6609761099930531,0.0,0.0,0.0,4.596586319914836,0.0766097719985806
1.0299999999999974,0.2424676361578881,-0.07318996868490286,1.6611264903214455,0.24089753526951235,-0.0730729833318539,1.6609761099930531,0.24089753526951235,-0.0730729833318539,1.6609761099930531,0.0,0.0,0.0,4.58836617029873,0.07647276950497885
1.0309999999999973,0.24244795373335637,-0.07319616358345946,1.661134281495514,0.24089753526951235,-0.0730729833318539,1.6609761099930531,0.24089753526951235,-0.0730729833318539,1.6609761099930531,0.0,0.0,0.0,4.580590939932303,0.07634318233220504
1.0319999999999971,0.24242813042580377,-0.07320227568206573,1.6611419617518743,0.24089753526951235,-0.0730729833318539,1.6609761099930531,0.24089753526951235,-0.0730729833318539,1.6609761099930531,0.0,0.0,0.0,4.573239066782848,0.07622065111304746
1.032999999999997,0.24240818407714682,-0.07320829699051994,1.6611495204942173,0.24089753526951235,-0.0730729833318539,1.6609761099930531,0.24089753526951235,-0.0730729833318539,1.6609761099930531,0.0,0.0,0.0,4.566289926867537,0.07610483211445894
1.033999999999997,0.24238813161137102,-0.07321422014863138,1.6611569479758526,0.24089753526951235,-0.0730729833318539,1.6609761099930531,0.24089753526951235,-0.0730729833318539,1.6609761099930531,0.0,0.0,0.0,4.559723807245612,0.07599539678742687
1.0349999999999968,0.24236798908152063,-0.07322003839162469,1.6611642352597515,0.24089753526951235,-0.0730729833318539,1.6609761099930531,0.24089753526951235,-0.0730729833318539,1.6609761099930531,0.0,0.0,0.0,4.553521880135252,0.07589203133558753
1.0359999999999967,0.24234777171403282,-0.07322574551718226,1.661171374179274,0.24089753526951235,-0.0730729833318539,1.6609761099930531,0.24089753526951235,-0.0730729833318539,1.6609761099930531,0.0,0.0,0.0,4.547666177540138,0.07579443629233563
1.0369999999999966,0.24232749395053463,-0.07323133585406247,1.661178357299615,0.24089753526951235,-0.0730729833318539,1.6609761099930531,0.24089753526951235,-0.0730729833318539,1.6609761099930531,0.0,0.0,0.0,4.542139565909029,0.0757023260984838
1.0379999999999965,0.24230716948723524,-0.07323680423222563,1.6611851778800384,0.24089753526951235,-0.0730729833318539,1.6609761099930531,0.24089753526951235,-0.0730729833318539,1.6609761099930531,0.0,0.0,0.0,4.536925720474268,0.07561542867457113
1.0389999999999964,0.24228681131204005,-0.07324214595442,1.6611918298369712,0.24089753526951235,-0.0730729833318539,1.6609761099930531,0.24089753526951235,-0.0730729833318539,1.6609761099930531,0.0,0.0,0.0,4.53200909903298,0.075533484983883
1.0399999999999963,0.24226643173952034,-0.07324735676916834,1.6611983077080616,0.24089753526951235,-0.0730729833318539,1.6609761099930531,0.24089753526951235,-0.0730729833318539,1.6609761099930531,0.0,0.0,0.0,4.527374915039004,0.07545624858398339
1.0409999999999962,0.2422460424438781,-0.07325243284510834,1.6612046066172876,0.24089753526951235,-0.0730729833318539,1.6609761099930531,0.24089753526951235,-0.0730729833318539,1.6609761099930531,0.0,0.0,0.0,4.5230091099671865,0.07538348516611977
1.041999999999996,0.2422256544900285,-0.0732573707466428,1.6612107222412065,0.24089753526951235,-0.0730729833318539,1.6609761099930531,0.24089753526951235,-0.0730729833318539,1.6609761099930531,0.0,0.0,0.0,4.518898324991046,0.07531497208318409
1.042999999999996,0.2422052783629359,-0.07326216741084823,1.6612166507764419,0.24089753526951235,-0.0730729833318539,1.6609761099930531,0.24089753526951235,-0.0730729833318539,1.6609761099930531,0.0,0.0,0.0,4.515029872075873,0.07525049786793121
1.0439999999999958,0.24218492399532704,-0.07326682012560395,1.6612223889084707,0.24089753526951235,-0.0730729833318539,1.6609761099930531,0.24089753526951235,-0.0730729833318539,1.6609761099930531,0.0,0.0,0.0,4.511391704641782,0.0751898617440297
1.0449999999999957,0.24216460079389307,-0.07327132650889429,1.6612279337817775,0.24089753526951235,-0.0730729833318539,1.6609761099930531,0.24089753526951235,-0.0730729833318539,1.6609761099930531,0.0,0.0,0.0,4.507972387986075,0.07513287313310126
1.0459999999999956,0.2421443176641026,-0.0732756844892413,1.6612332829714196,0.24089753526951235,-0.0730729833318539,1.6609761099930531,0.24089753526951235,-0.0730729833318539,1.6609761099930531,0.0,0.0,0.0,4.5047610696722264,0.07507935116120378
1.0469999999999955,0.24212408303371658,-0.07327989228722344,1.6612384344560278,0.24089753526951235,-0.0730729833318539,1.6609761099930531,0.24089753526951235,-0.0730729833318539,1.6609761099930531,0.0,0.0,0.0,4.50174745011101,0.07502912416851683
1.0479999999999954,0.24210390487511496,-0.07328394839803994,1.6612433865922585,0.24089753526951235,-0.0730729833318539,1.6609761099930531,0.24089753526951235,-0.0730729833318539,1.6609761099930531,0.0,0.0,0.0,4.498921753547745,0.07498202922579575
1.0489999999999953,0.24208379072651154,-0.07328785157507064,1.661248138090689,0.24089753526951235,-0.0730729833318539,1.6609761099930531,0.24089753526951235,-0.0730729833318539,1.6609761099930531,0.0,0.0,0.0,4.496274699672364,0.07493791166120607
1.0499999999999952,0.2420637477121421,-0.07329160081439327,1.6612526879931306,0.24089753526951235,-0.0730729833318539,1.6609761099930531,0.24089753526951235,-0.0730729833318539,1.6609761099930531,0.0,0.0,0.0,4.493797476041173,0.07489662460068622
1.050999999999995,0.24204378256149664,-0.07329519534020766,1.6612570356513354,0.24089753526951235,-0.0730729833318539,1.6609761099930531,0.24089753526951235,-0.0730729833318539,1.6609761099930531,0.0,0.0,0.0,4.4914817114847,0.074858028524745
1.051999999999995,0.24202390162766013,-0.07329863459112573,1.661261180707033,0.24089753526951235,-0.0730729833318539,1.6609761099930531,0.24089753526951235,-0.0730729833318539,1.6609761099930531,0.0,0.0,0.0,4.489319450643667,0.07482199084406112
1.0529999999999948,0.2420041109048181,-0.07330191820727991,1.6612651230732554,0.24089753526951235,-0.0730729833318539,1.6609761099930531,0.24089753526951235,-0.0730729833318539,1.6609761099930531,0.0,0.0,0.0,4.487303129752235,0.0747883854958706
1.0539999999999947,0.2419844160449781,-0.07330504601820648,1.6612688629168706,0.24089753526951235,-0.0730729833318539,1.6609761099930531,0.24089753526951235,-0.0730729833318539,1.6609761099930531,0.0,0.0,0.0,4.485425553751232,0.07475709256252053
1.0549999999999946,0.24196482237394634,-0.07330801803145642,1.6612724006422597,0.24089753526951235,-0.0730729833318539,1.6609761099930531,0.24089753526951235,-0.0730729833318539,1.6609761099930531,0.0,0.0,0.0,4.483679874787045,0.07472799791311742
1.0559999999999945,0.2419453349066078,-0.07331083442189543,1.6612757368760587,0.24089753526951235,-0.0730729833318539,1.6609761099930531,0.24089753526951235,-0.0730729833318539,1.6609761099930531,0.0,0.0,0.0,4.482059572123223,0.07470099286872038
1.0569999999999944,0.24192595836153444,-0.07331349552164335,1.6612788724528842,0.24089753526951235,-0.0730729833318539,1.6609761099930531,0.24089753526951235,-0.0730729833318539,1.6609761099930531,0.0,0.0,0.0,4.4805584334646404,0.07467597389107734
1.0579999999999943,0.24190669717495664,-0.07331600181061523,1.6612818084019723,0.24089753526951235,-0.0730729833318539,1.6609761099930531,0.24089753526951235,-0.0730729833318539,1.6609761099930531,0.0,0.0,0.0,4.479170537667959,0.07465284229446598
1.0589999999999942,0.24188755551412347,-0.07331835390762272,1.6612845459346446,0.24089753526951235,-0.0730729833318539,1.6609761099930531,0.24089753526951235,-0.0730729833318539,1.6609761099930531,0.0,0.0,0.0,4.477890238792816,0.07463150397988026
1.059999999999994,0.24186853729007451,-0.07332055256199632,1.6612870864325295,0.24089753526951235,-0.0730729833318539,1.6609761099930531,0.24089753526951235,-0.0730729833318539,1.6609761099930531,0.0,0.0,0.0,4.476712151429537,0.07461186919049229
1.060999999999994,0.24184964616984633,-0.07332259864568964,1.6612894314364743,0.24089753526951235,-0.0730729833318539,1.6609761099930531,0.24089753526951235,-0.0730729833318539,1.6609761099930531,0.0,0.0,0.0,4.475631137226297,0.07459385228710495
1.0619999999999938,0.24183088558813087,-0.07332449314583231,1.6612915826360717,0.24089753526951235,-0.0730729833318539,1.6609761099930531,0.24089753526951235,-0.0730729833318539,1.6609761099930531,0.0,0.0,0.0,4.474642292526055,0.07457737154210092
1.0629999999999937,0.2418122587584119,-0.0733262371577001,1.6612935418597572,0.24089753526951235,-0.0730729833318539,1.6609761099930531,0.24089753526951235,-0.0730729833318539,1.6609761099930531,0.0,0.0,0.0,4.473740937018433,0.07456234895030721
1.0639999999999936,0.24179376868358382,-0.07332783187806158,1.6612953110654018,0.24089753526951235,-0.0730729833318539,1.6609761099930531,0.24089753526951235,-0.0730729833318539,1.6609761099930531,0.0,0.0,0.0,4.472922603307432,0.07454871005512387
1.0649999999999935,0.2417754181660849,-0.07332927859888469,1.661296892331376,0.24089753526951235,-0.0730729833318539,1.6609761099930531,0.24089753526951235,-0.0730729833318539,1.6609761099930531,0.0,0.0,0.0,4.472183027295853,0.07453638378826422
1.0659999999999934,0.241757209817554,-0.07333057870136754,1.6612982878480298,0.24089753526951235,-0.0730729833318539,1.6609761099930531,0.24089753526951235,-0.0730729833318539,1.6609761099930531,0.0,0.0,0.0,4.471518139286273,0.07452530232143788
1.0669999999999933,0.2417391460680263,-0.07333173365027065,1.6612994999095472,0.24089753526951235,-0.0730729833318539,1.6609761099930531,0.24089753526951235,-0.0730729833318539,1.6609761099930531,0.0,0.0,0.0,4.47092405570824,0.07451540092847067
1.0679999999999932,0.24172122917468966,-0.07333274498852942,1.661300530906165,0.24089753526951235,-0.0730729833318539,1.6609761099930531,0.24089753526951235,-0.0730729833318539,1.6609761099930531,0.0,0.0,0.0,4.470397071383094,0.0745066178563849
1.068999999999993,0.24170346123021547,-0.07333361433212435,1.661301383316718,0.24089753526951235,-0.0730729833318539,1.6609761099930531,0.24089753526951235,-0.0730729833318539,1.6609761099930531,0.0,0.0,0.0,4.469933652244005,0.07449889420406675
1.069999999999993,0.2416858441706832,-0.07333434336519262,1.661302059701488,0.24089753526951235,-0.0730729833318539,1.6609761099930531,0.24089753526951235,-0.0730729833318539,1.6609761099930531,0.0,0.0,0.0,4.469530428442309,0.07449217380737182
1.0709999999999928,0.2416683797831135,-0.07333493383536266,1.6613025626953501,0.24089753526951235,-0.0730729833318539,1.6609761099930531,0.24089753526951235,-0.0730729833318539,1.6609761099930531,0.0,0.0,0.0,4.469184187777487,0.07448640312962479
1.0719999999999927,0.2416510697126258,-0.07333538754929637,1.661302895001201,0.24089753526951235,-0.0730729833318539,1.6609761099930531,0.24089753526951235,-0.0730729833318539,1.6609761099930531,0.0,0.0,0.0,4.46889186939557,0.07448153115659283
1.0729999999999926,0.24163391546924584,-0.07333570636842857,1.6613030593836555,0.24089753526951235,-0.0730729833318539,1.6609761099930531,0.24089753526951235,-0.0730729833318539,1.6609761099930531,0.0,0.0,0.0,4.468650557712828,0.07447750929521381
1.0739999999999925,0.2416169184343651,-0.07333589220489145,1.6613030586630104,0.24089753526951235,-0.0730729833318539,1.6609761099930531,0.24089753526951235,-0.0730729833318539,1.6609761099930531,0.0,0.0,0.0,4.468457476530437,0.07447429127550728
1.0749999999999924,0.24160007986688653,-0.07333594701760912,1.6613028957094684,0.24089753526951235,-0.0730729833318539,1.6609761099930531,0.24089753526951235,-0.0730729833318539,1.6609761099930531,0.0,0.0,0.0,4.468309983310913,0.07447183305518189
1.0759999999999923,0.24158340090905717,-0.07333587280856048,1.661302573437609,0.24089753526951235,-0.0730729833318539,1.6609761099930531,0.24089753526951235,-0.0730729833318539,1.6609761099930531,0.0,0.0,0.0,4.468205563599342,0.0744700927266557
1.0769999999999922,0.2415668825920172,-0.0733356716191998,1.6613020948011281,0.24089753526951235,-0.0730729833318539,1.6609761099930531,0.24089753526951235,-0.0730729833318539,1.6609761099930531,0.0,0.0,0.0,4.468141825576712,0.07446903042627853
1.077999999999992,0.24155052584107012,-0.07333534552702453,1.6613014627878104,0.24089753526951235,-0.0730729833318539,1.6609761099930531,0.24089753526951235,-0.0730729833318539,1.6609761099930531,0.0,0.0,0.0,4.468116494734577,0.07446860824557629
1.078999999999992,0.24153433148069622,-0.07333489664228858,1.6613006804147556,0.24089753526951235,-0.0730729833318539,1.6609761099930531,0.24089753526951235,-0.0730729833318539,1.6609761099930531,0.0,0.0,0.0,4.468127408674811,0.07446879014458019
1.0799999999999919,0.24151830023932203,-0.07333432710485614,1.6612997507238492,0.24089753526951235,-0.0730729833318539,1.6609761099930531,0.24089753526951235,-0.0730729833318539,1.6609761099930531,0.0,0.0,0.0,4.468172512031886,0.0744695418671981
1.0809999999999917,0.2415024327538587,-0.07333363908118733,1.661298676777466,0.24089753526951235,-0.0730729833318539,1.6609761099930531,0.24089753526951235,-0.0730729833318539,1.6609761099930531,0.0,0.0,0.0,4.468249851527434,0.07447083085879055
1.0819999999999916,0.24148672957402195,-0.07333283476145341,1.6612974616544165,0.24089753526951235,-0.0730729833318539,1.6609761099930531,0.24089753526951235,-0.0730729833318539,1.6609761099930531,0.0,0.0,0.0,4.468357571152805,0.07447262618588009
1.0829999999999915,0.24147119116645083,-0.07333191635677985,1.6612961084461169,0.24089753526951235,-0.0730729833318539,1.6609761099930531,0.24089753526951235,-0.0730729833318539,1.6609761099930531,0.0,0.0,0.0,4.4684939075012835,0.07447489845835473
1.0839999999999914,0.24145581791862736,-0.07333088609660687,1.661294620252985,0.24089753526951235,-0.0730729833318539,1.6609761099930531,0.24089753526951235,-0.0730729833318539,1.6609761099930531,0.0,0.0,0.0,4.4686571852502945,0.07447761975417158
1.0849999999999913,0.2414406101426204,-0.07332974622617303,1.6612930001810562,0.24089753526951235,-0.0730729833318539,1.6609761099930531,0.24089753526951235,-0.0730729833318539,1.6609761099930531,0.0,0.0,0.0,4.468845812801242,0.07448076354668737
1.0859999999999912,0.24142556807865162,-0.07332849900410801,1.6612912513388047,0.24089753526951235,-0.0730729833318539,1.6609761099930531,0.24089753526951235,-0.0730729833318539,1.6609761099930531,0.0,0.0,0.0,4.469058278087226,0.0744843046347871
1.086999999999991,0.24141069189850237,-0.07332714670014263,1.6612893768341706,0.24089753526951235,-0.0730729833318539,1.6609761099930531,0.24089753526951235,-0.0730729833318539,1.6609761099930531,0.0,0.0,0.0,4.46929314455261,0.07448821907587684
1.087999999999991,0.24139598170876467,-0.07332569159292054,1.6612873797717769,0.24089753526951235,-0.0730729833318539,1.6609761099930531,0.24089753526951235,-0.0730729833318539,1.6609761099930531,0.0,0.0,0.0,4.469549047310556,0.0744924841218426
1.0889999999999909,0.24138143755394736,-0.0733241359679178,1.661285263250336,0.24089753526951235,-0.0730729833318539,1.6609761099930531,0.24089753526951235,-0.0730729833318539,1.6609761099930531,0.0,0.0,0.0,4.4698246894805544,0.07449707815800924
1.0899999999999908,0.24136705941944178,-0.07332248211546341,1.661283030360227,0.24089753526951235,-0.0730729833318539,1.6609761099930531,0.24089753526951235,-0.0730729833318539,1.6609761099930531,0.0,0.0,0.0,4.470118838707587,0.07450198064512645
1.0909999999999906,0.24135284723435724,-0.07332073232885518,1.6612806841812404,0.24089753526951235,-0.0730729833318539,1.6609761099930531,0.24089753526951235,-0.0730729833318539,1.6609761099930531,0.0,0.0,0.0,4.470430323862149,0.07450717206436915
1.0919999999999905,0.24133880087423087,-0.07331888890257159,1.6612782277804767,0.24089753526951235,-0.0730729833318539,1.6609761099930531,0.24089753526951235,-0.0730729833318539,1.6609761099930531,0.0,0.0,0.0,4.470758031919951,0.07451263386533252
1.0929999999999904,0.24132492016361579,-0.07331695413057332,1.6612756642103959,0.24089753526951235,-0.0730729833318539,1.6609761099930531,0.24089753526951235,-0.0730729833318539,1.6609761099930531,0.0,0.0,0.0,4.471100905017045,0.07451834841695075
1.0939999999999903,0.24131120487855828,-0.07331493030469226,1.6612729965070023,0.24089753526951235,-0.0730729833318539,1.6609761099930531,0.24089753526951235,-0.0730729833318539,1.6609761099930531,0.0,0.0,0.0,4.471457937673574,0.07452429896122624
1.0949999999999902,0.24129765474896298,-0.0733128197131031,1.6612702276881588,0.24089753526951235,-0.0730729833318539,1.6609761099930531,0.24089753526951235,-0.0730729833318539,1.6609761099930531,0.0,0.0,0.0,4.471828174182451,0.07453046956970752
1.09599999999999,0.24128426946085413,-0.07331062463887533,1.6612673607520176,0.24089753526951235,-0.0730729833318539,1.6609761099930531,0.24089753526951235,-0.0730729833318539,1.6609761099930531,0.0,0.0,0.0,4.472210706152849,0.07453684510254747
1.09699999999999,0.24127104865853732,-0.07330834735860288,1.6612643986755657,0.24089753526951235,-0.0730729833318539,1.6609761099930531,0.24089753526951235,-0.0730729833318539,1.6609761099930531,0.0,0.0,0.0,4.472604670203126,0.0745434111700521
1.0979999999999899,0.2412579919466647,-0.0733059901411042,1.6612613444132753,0.24089753526951235,-0.0730729833318539,1.6609761099930531,0.24089753526951235,-0.0730729833318539,1.6609761099930531,0.0,0.0,0.0,4.473009245791142,0.07455015409651904
1.0989999999999898,0.24124509889220833,-0.07330355524619594,1.6612582008958499,0.24089753526951235,-0.0730729833318539,1.6609761099930531,0.24089753526951235,-0.0730729833318539,1.6609761099930531,0.0,0.0,0.0,4.4734236531746125,0.07455706088624355
1.0999999999999897,0.24123236902634348,-0.07330104492352736,1.6612549710290563,0.24089753526951235,-0.0730729833318539,1.6609761099930531,0.24089753526951235,-0.0730729833318539,1.6609761099930531,0.0,0.0,0.0,4.47384715149213,0.07456411919153551
1.1009999999999895,0.24121980184625136,-0.07329846141148372,1.661251657692649,0.24089753526951235,-0.0730729833318539,1.6609761099930531,0.24089753526951235,-0.0730729833318539,1.6609761099930531,0.0,0.0,0.0,4.474279036954591,0.07457131728257652
1.1019999999999894,0.2412073968168346,-0.07329580693614537,1.6612482637393646,0.24089753526951235,-0.0730729833318539,1.6609761099930531,0.24089753526951235,-0.0730729833318539,1.6609761099930531,0.0,0.0,0.0,4.474718641138957,0.07457864401898262
1.1029999999999893,0.2411951533723608,-0.07329308371030659,1.6612447919939968,0.24089753526951235,-0.0730729833318539,1.6609761099930531,0.24089753526951235,-0.0730729833318539,1.6609761099930531,0.0,0.0,0.0,4.47516532937489,0.07458608882291483
1.1039999999999892,0.24118307091802604,-0.07329029393254678,1.6612412452525325,0.24089753526951235,-0.0730729833318539,1.6609761099930531,0.24089753526951235,-0.0730729833318539,1.6609761099930531,0.0,0.0,0.0,4.4756184992164965,0.07459364165360828
1.104999999999989,0.24117114883145002,-0.07328743978635383,1.6612376262813615,0.24089753526951235,-0.0730729833318539,1.6609761099930531,0.24089753526951235,-0.0730729833318539,1.6609761099930531,0.0,0.0,0.0,4.476077578991387,0.0746012929831898
1.105999999999989,0.2411593864641018,-0.07328452343929609,1.6612339378165395,0.24089753526951235,-0.0730729833318539,1.6609761099930531,0.24089753526951235,-0.0730729833318539,1.6609761099930531,0.0,0.0,0.0,4.476542026419653,0.07460903377366089
1.1069999999999889,0.24114778314265872,-0.0732815470422412,1.6612301825631124,0.24089753526951235,-0.0730729833318539,1.6609761099930531,0.24089753526951235,-0.0730729833318539,1.6609761099930531,0.0,0.0,0.0,4.47701132729789,0.07461685545496484
1.1079999999999888,0.2411363381703045,-0.07327851272861882,1.661226363194499,0.24089753526951235,-0.0730729833318539,1.6609761099930531,0.24089753526951235,-0.0730729833318539,1.6609761099930531,0.0,0.0,0.0,4.47748499424114,0.07462474990401899
1.1089999999999887,0.24112505082796498,-0.07327542261372465,1.6612224823519155,0.24089753526951235,-0.0730729833318539,1.6609761099930531,0.24089753526951235,-0.0730729833318539,1.6609761099930531,0.0,0.0,0.0,4.477962565477787,0.07463270942462978
1.1099999999999886,0.2411139203754885,-0.0732722787940652,1.661218542643862,0.24089753526951235,-0.0730729833318539,1.6609761099930531,0.24089753526951235,-0.0730729833318539,1.6609761099930531,0.0,0.0,0.0,4.478443603695425,0.07464072672825708
1.1109999999999884,0.24110294605277105,-0.07326908334674137,1.66121454664565,0.24089753526951235,-0.0730729833318539,1.6609761099930531,0.24089753526951235,-0.0730729833318539,1.6609761099930531,0.0,0.0,0.0,4.4789276949309595,0.07464879491551599
1.1119999999999883,0.24109212708082736,-0.0732658383288664,1.6612104968989772,0.24089753526951235,-0.0730729833318539,1.6609761099930531,0.24089753526951235,-0.0730729833318539,1.6609761099930531,0.0,0.0,0.0,4.479414447504765,0.07465690745841275
1.1129999999999882,0.24108146266281477,-0.07326254577702052,1.661206395911543,0.24089753526951235,-0.0730729833318539,1.6609761099930531,0.24089753526951235,-0.0730729833318539,1.6609761099930531,0.0,0.0,0.0,4.4799034909941255,0.07466505818323542
1.113999999999988,0.2410709519850095,-0.07325920770673842,1.6612022461567129,0.24089753526951235,-0.0730729833318539,1.6609761099930531,0.24089753526951235,-0.0730729833318539,1.6609761099930531,0.0,0.0,0.0,4.4803944752469995,0.07467324125411666
1.114999999999988,0.24106059421773443,-0.07325582611202829,1.6611980500732169,0.24089753526951235,-0.0730729833318539,1.6609761099930531,0.24089753526951235,-0.0730729833318539,1.6609761099930531,0.0,0.0,0.0,4.480887069430877,0.07468145115718129
1.115999999999988,0.2410503885162481,-0.0732524029649218,1.6611938100648898,0.24089753526951235,-0.0730729833318539,1.6609761099930531,0.24089753526951235,-0.0730729833318539,1.6609761099930531,0.0,0.0,0.0,4.481380961117618,0.07468968268529363
1.1169999999999878,0.2410403340215913,-0.07324894021505449,1.6611895285004492,0.24089753526951235,-0.0730729833318539,1.6609761099930531,0.24089753526951235,-0.0730729833318539,1.6609761099930531,0.0,0.0,0.0,4.4818758554037545,0.07469793092339591
1.1179999999999877,0.24103042986139195,-0.0732454397892739,1.6611852077133058,0.24089753526951235,-0.0730729833318539,1.6609761099930531,0.24089753526951235,-0.0730729833318539,1.6609761099930531,0.0,0.0,0.0,4.482371474064572,0.07470619123440954
1.1189999999999876,0.24102067515063824,-0.07324190359127428,1.6611808500014118,0.24089753526951235,-0.0730729833318539,1.6609761099930531,0.24089753526951235,-0.0730729833318539,1.6609761099930531,0.0,0.0,0.0,4.482867554740362,0.0747144592456727
1.1199999999999875,0.24101106899241,-0.07323833350125966,1.6611764576271377,0.24089753526951235,-0.0730729833318539,1.6609761099930531,0.24089753526951235,-0.0730729833318539,1.6609761099930531,0.0,0.0,0.0,4.483363850156764,0.07472273083594608
1.1209999999999873,0.24100161047858293,-0.0732347313756321,1.6611720328171875,0.24089753526951235,-0.0730729833318539,1.6609761099930531,0.24089753526951235,-0.0730729833318539,1.6609761099930531,0.0,0.0,0.0,4.483860127376385,0.07473100212293975
1.1219999999999872,0.24099229869049507,-0.07323109904670402,1.6611675777625317,0.24089753526951235,-0.0730729833318539,1.6609761099930531,0.24089753526951235,-0.0730729833318539,1.6609761099930531,0.0,0.0,0.0,4.48435616708242,0.07473926945137367
1.1229999999999871,0.24098313269958643,-0.07322743832243474,1.661163094618379,0.24089753526951235,-0.0730729833318539,1.6609761099930531,0.24089753526951235,-0.0730729833318539,1.6609761099930531,0.0,0.0,0.0,4.484851762894154,0.07474752938156923
1.123999999999987,0.24097411156800846,-0.07322375098619091,1.6611585855041704,0.24089753526951235,-0.0730729833318539,1.6609761099930531,0.24089753526951235,-0.0730729833318539,1.6609761099930531,0.0,0.0,0.0,4.485346720711646,0.07475577867852742
1.124999999999987,0.24096523434920403,-0.07322003879652927,1.6611540525035982,0.24089753526951235,-0.0730729833318539,1.6609761099930531,0.24089753526951235,-0.0730729833318539,1.6609761099930531,0.0,0.0,0.0,4.485840858092136,0.07476401430153559
1.1259999999999868,0.24095650008846498,-0.07321630348700012,1.6611494976646455,0.24089753526951235,-0.0730729833318539,1.6609761099930531,0.24089753526951235,-0.0730729833318539,1.6609761099930531,0.0,0.0,0.0,4.486334003653717,0.07477223339422862
1.1269999999999867,0.2409479078234592,-0.07321254676597386,1.661144922999655,0.24089753526951235,-0.0730729833318539,1.6609761099930531,0.24089753526951235,-0.0730729833318539,1.6609761099930531,0.0,0.0,0.0,4.486825996511,0.07478043327518333
1.1279999999999866,0.2409394565847385,-0.0732087703164862,1.6611403304854162,0.24089753526951235,-0.0730729833318539,1.6609761099930531,0.24089753526951235,-0.0730729833318539,1.6609761099930531,0.0,0.0,0.0,4.4873166857337905,0.0747886114288965
1.1289999999999865,0.24093114539621951,-0.07320497579610453,1.661135722063263,0.24089753526951235,-0.0730729833318539,1.6609761099930531,0.24089753526951235,-0.0730729833318539,1.6609761099930531,0.0,0.0,0.0,4.487805929836442,0.07479676549727404
1.1299999999999863,0.24092297327564502,-0.07320116483681131,1.6611310996392032,0.24089753526951235,-0.0730729833318539,1.6609761099930531,0.24089753526951235,-0.0730729833318539,1.6609761099930531,0.0,0.0,0.0,4.488293596291535,0.07480489327152558
1.1309999999999862,0.24091493923502388,-0.07319733904490959,1.661126465084057,0.24089753526951235,-0.0730729833318539,1.6609761099930531,0.24089753526951235,-0.0730729833318539,1.6609761099930531,0.0,0.0,0.0,4.488779561067976,0.07481299268446627
1.1319999999999861,0.2409070422810496,-0.07319350000094199,1.6611218202336109,0.24089753526951235,-0.0730729833318539,1.6609761099930531,0.24089753526951235,-0.0730729833318539,1.6609761099930531,0.0,0.0,0.0,4.48926370819297,0.07482106180321617
1.132999999999986,0.24089928141550154,-0.07318964925962998,1.66111716688879,0.24089753526951235,-0.0730729833318539,1.6609761099930531,0.24089753526951235,-0.0730729833318539,1.6609761099930531,0.0,0.0,0.0,4.489745929337026,0.07482909882228377
1.133999999999986,0.24089165563562576,-0.07318578834982838,1.661112506815841,0.24089753526951235,-0.0730729833318539,1.6609761099930531,0.24089753526951235,-0.0730729833318539,1.6609761099930531,0.0,0.0,0.0,4.490226123419987,0.07483710205699978
1.1349999999999858,0.24088416393450152,-0.07318191877449673,1.6611078417465268,0.24089753526951235,-0.0730729833318539,1.6609761099930531,0.24089753526951235,-0.0730729833318539,1.6609761099930531,0.0,0.0,0.0,4.490704196236583,0.07484506993727638
1.1359999999999857,0.24087680530138605,-0.07317804201068497,1.661103173378335,0.24089753526951235,-0.0730729833318539,1.6609761099930531,0.24089753526951235,-0.0730729833318539,1.6609761099930531,0.0,0.0,0.0,4.491180060103245,0.07485300100172075
1.1369999999999856,0.2408695787220494,-0.07317415950953403,1.6610985033746994,0.24089753526951235,-0.0730729833318539,1.6609761099930531,0.24089753526951235,-0.0730729833318539,1.6609761099930531,0.0,0.0,0.0,4.491653633520132,0.07486089389200219
1.1379999999999855,0.2408624831790882,-0.07317027269629145,1.661093833365222,0.24089753526951235,-0.0730729833318539,1.6609761099930531,0.24089753526951235,-0.0730729833318539,1.6609761099930531,0.0,0.0,0.0,4.492124840852201,0.07486874734753668
1.1389999999999854,0.24085551765222918,-0.07316638297033917,1.6610891649459163,0.24089753526951235,-0.0730729833318539,1.6609761099930531,0.24089753526951235,-0.0730729833318539,1.6609761099930531,0.0,0.0,0.0,4.492593612025691,0.07487656020042818
1.1399999999999852,0.24084868111861746,-0.07316249170523634,1.6610844996794487,0.24089753526951235,-0.0730729833318539,1.6609761099930531,0.24089753526951235,-0.0730729833318539,1.6609761099930531,0.0,0.0,0.0,4.493059882238903,0.07488433137064839
1.1409999999999851,0.2408419725530897,-0.0731586002487719,1.6610798390953936,0.24089753526951235,-0.0730729833318539,1.6609761099930531,0.24089753526951235,-0.0730729833318539,1.6609761099930531,0.0,0.0,0.0,4.493523591688717,0.07489205986147862
1.141999999999985,0.24083539092843798,-0.07315470992303111,1.6610751846904956,0.24089753526951235,-0.0730729833318539,1.6609761099930531,0.24089753526951235,-0.0730729833318539,1.6609761099930531,0.0,0.0,0.0,4.493984685307708,0.07489974475512846
1.142999999999985,0.2408289352156588,-0.07315082202447226,1.6610705379289346,0.24089753526951235,-0.0730729833318539,1.6609761099930531,0.24089753526951235,-0.0730729833318539,1.6609761099930531,0.0,0.0,0.0,4.494443112516305,0.07490738520860508
1.1439999999999848,0.24082260438419195,-0.07314693782401513,1.6610659002425976,0.24089753526951235,-0.0730729833318539,1.6609761099930531,0.24089753526951235,-0.0730729833318539,1.6609761099930531,0.0,0.0,0.0,4.4948988269850805,0.07491498044975134
1.1449999999999847,0.24081639740214883,-0.07314305856713896,1.6610612730313628,0.24089753526951235,-0.0730729833318539,1.6609761099930531,0.24089753526951235,-0.0730729833318539,1.6609761099930531,0.0,0.0,0.0,4.495351786408428,0.07492252977347379
1.1459999999999846,0.2408103132365295,-0.07313918547398941,1.6610566576633783,0.24089753526951235,-0.0730729833318539,1.6609761099930531,0.24089753526951235,-0.0730729833318539,1.6609761099930531,0.0,0.0,0.0,4.4958019522886445,0.07493003253814408
1.1469999999999845,0.2408043508534296,-0.07313531973949805,1.6610520554753554,0.24089753526951235,-0.0730729833318539,1.6609761099930531,0.24089753526951235,-0.0730729833318539,1.6609761099930531,0.0,0.0,0.0,4.496249289730105,0.07493748816216843
1.1479999999999844,0.24079850921824014,-0.07313146253350611,1.661047467772858,0.24089753526951235,-0.0730729833318539,1.6609761099930531,0.24089753526951235,-0.0730729833318539,1.6609761099930531,0.0,0.0,0.0,4.496693767241547,0.07494489612069245
1.1489999999999843,0.24079278729583464,-0.07312761500090029,1.661042895830604,0.24089753526951235,-0.0730729833318539,1.6609761099930531,0.24089753526951235,-0.0730729833318539,1.6609761099930531,0.0,0.0,0.0,4.497135356549851,0.07495225594249752
1.1499999999999841,0.2407871840507516,-0.07312377826175502,1.6610383408927625,0.24089753526951235,-0.0730729833318539,1.6609761099930531,0.24089753526951235,-0.0730729833318539,1.6609761099930531,0.0,0.0,0.0,4.497574032418507,0.07495956720697512
1.150999999999984,0.24078169844736758,-0.07311995341148192,1.6610338041732604,0.24089753526951235,-0.0730729833318539,1.6609761099930531,0.24089753526951235,-0.0730729833318539,1.6609761099930531,0.0,0.0,0.0,4.498009772478471,0.07496682954130786
1.151999999999984,0.2407763294500606,-0.0731161415209874,1.661029286856091,0.24089753526951235,-0.0730729833318539,1.6609761099930531,0.24089753526951235,-0.0730729833318539,1.6609761099930531,0.0,0.0,0.0,4.49844255706315,0.07497404261771917
1.1529999999999838,0.2407710760233705,-0.07311234363683594,1.6610247900956217,0.24089753526951235,-0.0730729833318539,1.6609761099930531,0.24089753526951235,-0.0730729833318539,1.6609761099930531,0.0,0.0,0.0,4.498872369051986,0.07498120615086643
1.1539999999999837,0.2407659371321478,-0.07310856078142002,1.661020315016908,0.24089753526951235,-0.0730729833318539,1.6609761099930531,0.24089753526951235,-0.0730729833318539,1.6609761099930531,0.0,0.0,0.0,4.49929919372278,0.07498831989537966
1.1549999999999836,0.24076091174170153,-0.07310479395313745,1.661015862716011,0.24089753526951235,-0.0730729833318539,1.6609761099930531,0.24089753526951235,-0.0730729833318539,1.6609761099930531,0.0,0.0,0.0,4.499723018608657,0.07499538364347762
1.1559999999999835,0.24075599881793408,-0.07310104412657156,1.6610114342603057,0.24089753526951235,-0.0730729833318539,1.6609761099930531,0.24089753526951235,-0.0730729833318539,1.6609761099930531,0.0,0.0,0.0,4.500143833363503,0.07500239722272505
1.1569999999999834,0.24075119732747763,-0.07309731225267886,1.6610070306888136,0.24089753526951235,-0.0730729833318539,1.6609761099930531,0.24089753526951235,-0.0730729833318539,1.6609761099930531,0.0,0.0,0.0,4.500561629630573,0.07500936049384288
1.1579999999999833,0.24074650623781962,-0.0730935992589816,1.6610026530125124,0.24089753526951235,-0.0730729833318539,1.6609761099930531,0.24089753526951235,-0.0730729833318539,1.6609761099930531,0.0,0.0,0.0,4.50097640092269,0.0750162733487115
1.1589999999999832,0.2407419245174255,-0.07308990604976331,1.6609983022146602,0.24089753526951235,-0.0730729833318539,1.6609761099930531,0.24089753526951235,-0.0730729833318539,1.6609761099930531,0.0,0.0,0.0,4.5013881425040205,0.07502313570840034
1.159999999999983,0.2407374511358563,-0.07308623350627103,1.660993979251121,0.24089753526951235,-0.0730729833318539,1.6609761099930531,0.24089753526951235,-0.0730729833318539,1.6609761099930531,0.0,0.0,0.0,4.501796851279158,0.07502994752131929
1.160999999999983,0.24073308506388016,-0.07308258248691972,1.6609896850506838,0.24089753526951235,-0.0730729833318539,1.6609761099930531,0.24089753526951235,-0.0730729833318539,1.6609761099930531,0.0,0.0,0.0,4.502202525686654,0.07503670876144423
1.1619999999999828,0.24072882527358286,-0.07307895382750167,1.66098542051539,0.24089753526951235,-0.0730729833318539,1.6609761099930531,0.24089753526951235,-0.0730729833318539,1.6609761099930531,0.0,0.0,0.0,4.502605165600058,0.07504341942666763
1.1629999999999827,0.24072467073846932,-0.07307534834139884,1.6609811865208572,0.24089753526951235,-0.0730729833318539,1.6609761099930531,0.24089753526951235,-0.0730729833318539,1.6609761099930531,0.0,0.0,0.0,4.503004772232381,0.07505007953720635
1.1639999999999826,0.24072062043356585,-0.07307176681979856,1.6609769839166029,0.24089753526951235,-0.0730729833318539,1.6609761099930531,0.24089753526951235,-0.0730729833318539,1.6609761099930531,0.0,0.0,0.0,4.503401348045385,0.07505668913408975
1.1649999999999825,0.24071667333551555,-0.07306821003191355,1.6609728135263717,0.24089753526951235,-0.0730729833318539,1.6609761099930531,0.24089753526951235,-0.0730729833318539,1.6609761099930531,0.0,0.0,0.0,4.503794896665187,0.07506324827775311
1.1659999999999824,0.24071282842267216,-0.07306467872520256,1.6609686761484568,0.24089753526951235,-0.0730729833318539,1.6609761099930531,0.24089753526951235,-0.0730729833318539,1.6609761099930531,0.0,0.0,0.0,4.504185422800389,0.07506975704667315
1.1669999999999823,0.24070908467518926,-0.07306117362559515,1.6609645725560276,0.24089753526951235,-0.0730729833318539,1.6609761099930531,0.24089753526951235,-0.0730729833318539,1.6609761099930531,0.0,0.0,0.0,4.504572932166523,0.07507621553610871
1.1679999999999822,0.2407054410751066,-0.07305769543771883,1.6609605034974535,0.24089753526951235,-0.0730729833318539,1.6609761099930531,0.24089753526951235,-0.0730729833318539,1.6609761099930531,0.0,0.0,0.0,4.504957431412714,0.07508262385687856
1.168999999999982,0.2407018966064346,-0.07305424484512796,1.6609564696966257,0.24089753526951235,-0.0730729833318539,1.6609761099930531,0.24089753526951235,-0.0730729833318539,1.6609761099930531,0.0,0.0,0.0,4.505338928053767,0.07508898213422946
1.169999999999982,0.2406984502552344,-0.0730508225105346,1.6609524718532824,0.24089753526951235,-0.0730729833318539,1.6609761099930531,0.24089753526951235,-0.0730729833318539,1.6609761099930531,0.0,0.0,0.0,4.5057174304053955,0.07509529050675659
1.1709999999999818,0.24069510100969665,-0.07304742907604238,1.6609485106433293,0.24089753526951235,-0.0730729833318539,1.6609761099930531,0.24089753526951235,-0.0730729833318539,1.6609761099930531,0.0,0.0,0.0,4.506092947523038,0.07510154912538396
1.1719999999999817,0.2406918478602169,-0.07304406516338013,1.6609445867191626,0.24089753526951235,-0.0730729833318539,1.6609761099930531,0.24089753526951235,-0.0730729833318539,1.6609761099930531,0.0,0.0,0.0,4.506465489144403,0.07510775815240671
1.1729999999999816,0.24068868979946903,-0.07304073137413702,1.6609407007099872,0.24089753526951235,-0.0730729833318539,1.6609761099930531,0.24089753526951235,-0.0730729833318539,1.6609761099930531,0.0,0.0,0.0,4.506835065634506,0.0751139177605751
1.1739999999999815,0.24068562582247746,-0.07303742829000269,1.6609368532221382,0.24089753526951235,-0.0730729833318539,1.6609761099930531,0.24089753526951235,-0.0730729833318539,1.6609761099930531,0.0,0.0,0.0,4.507201687934716,0.07512002813224526
1.1749999999999814,0.24068265492668467,-0.07303415647300229,1.660933044839396,0.24089753526951235,-0.0730729833318539,1.6609761099930531,0.24089753526951235,-0.0730729833318539,1.6609761099930531,0.0,0.0,0.0,4.507565367514383,0.07512608945857305
1.1759999999999813,0.24067977611201927,-0.07303091646573892,1.660929276123307,0.24089753526951235,-0.0730729833318539,1.6609761099930531,0.24089753526951235,-0.0730729833318539,1.6609761099930531,0.0,0.0,0.0,4.507926116324805,0.07513210193874675
1.1769999999999812,0.2406769883809619,-0.07302770879163126,1.6609255476134936,0.24089753526951235,-0.0730729833318539,1.6609761099930531,0.24089753526951235,-0.0730729833318539,1.6609761099930531,0.0,0.0,0.0,4.508283946755544,0.07513806577925906
1.177999999999981,0.2406742907386078,-0.0730245339551564,1.660921859827973,0.24089753526951235,-0.0730729833318539,1.6609761099930531,0.24089753526951235,-0.0730729833318539,1.6609761099930531,0.0,0.0,0.0,4.5086388715952905,0.07514398119325484
1.178999999999981,0.24067168219272964,-0.07302139244209044,1.6609182132634654,0.24089753526951235,-0.0730729833318539,1.6609761099930531,0.24089753526951235,-0.0730729833318539,1.6609761099930531,0.0,0.0,0.0,4.508990903992162,0.07514984839986937
1.1799999999999808,0.24066916175383757,-0.07301828471975004,1.6609146083957098,0.24089753526951235,-0.0730729833318539,1.6609761099930531,0.24089753526951235,-0.0730729833318539,1.6609761099930531,0.0,0.0,0.0,4.509340057418469,0.07515566762364115
1.1809999999999807,0.24066672843523845,-0.07301521123723562,1.6609110456797656,0.24089753526951235,-0.0730729833318539,1.6609761099930531,0.24089753526951235,-0.0730729833318539,1.6609761099930531,0.0,0.0,0.0,4.509686345635752,0.07516143909392921
1.1819999999999806,0.24066438125309353,-0.0730121724256722,1.660907525550325,0.24089753526951235,-0.0730729833318539,1.6609761099930531,0.24089753526951235,-0.0730729833318539,1.6609761099930531,0.0,0.0,0.0,4.510029782664368,0.07516716304440614
1.1829999999999805,0.24066211922647515,-0.07300916869845304,1.6609040484220212,0.24089753526951235,-0.0730729833318539,1.6609761099930531,0.24089753526951235,-0.0730729833318539,1.6609761099930531,0.0,0.0,0.0,4.5103703827523125,0.07517283971253855
1.1839999999999804,0.2406599413774213,-0.07300620045148139,1.6609006146897245,0.24089753526951235,-0.0730729833318539,1.6609761099930531,0.24089753526951235,-0.0730729833318539,1.6609761099930531,0.0,0.0,0.0,4.5107081603466055,0.07517846933911009
1.1849999999999803,0.24065784673099022,-0.0730032680634121,1.6608972247288503,0.24089753526951235,-0.0730729833318539,1.6609761099930531,0.24089753526951235,-0.0730729833318539,1.6609761099930531,0.0,0.0,0.0,4.511043130068103,0.07518405216780172
1.1859999999999802,0.2406558343153139,-0.0730003718958938,1.6608938788956558,0.24089753526951235,-0.0730729833318539,1.6609761099930531,0.24089753526951235,-0.0730729833318539,1.6609761099930531,0.0,0.0,0.0,4.511375306685088,0.07518958844475147
1.18699999999998,0.2406539031616491,-0.07299751229381056,1.660890577527541,0.24089753526951235,-0.0730729833318539,1.6609761099930531,0.24089753526951235,-0.0730729833318539,1.6609761099930531,0.0,0.0,0.0,4.511704705091173,0.07519507841818622
1.18799999999998,0.24065205230442965,-0.0729946895855228,1.6608873209433423,0.24089753526951235,-0.0730729833318539,1.6609761099930531,0.24089753526951235,-0.0730729833318539,1.6609761099930531,0.0,0.0,0.0,4.512031340282411,0.07520052233804017
1.1889999999999799,0.24065028078131562,-0.0729919040831064,1.6608841094436284,0.24089753526951235,-0.0730729833318539,1.6609761099930531,0.24089753526951235,-0.0730729833318539,1.6609761099930531,0.0,0.0,0.0,4.5123552273375545,0.07520592045562591
1.1899999999999797,0.24064858763324384,-0.07298915608259429,1.6608809433109908,0.24089753526951235,-0.0730729833318539,1.6609761099930531,0.24089753526951235,-0.0730729833318539,1.6609761099930531,0.0,0.0,0.0,4.512676381398133,0.07521127302330223
1.1909999999999796,0.24064697190447598,-0.0729864458642138,1.6608778228103351,0.24089753526951235,-0.0730729833318539,1.6609761099930531,0.24089753526951235,-0.0730729833318539,1.6609761099930531,0.0,0.0,0.0,4.512994817651197,0.07521658029418662
1.1919999999999795,0.2406454326426465,-0.07298377369262628,1.6608747481891701,0.24089753526951235,-0.0730729833318539,1.6609761099930531,0.24089753526951235,-0.0730729833318539,1.6609761099930531,0.0,0.0,0.0,4.51331055131281,0.07522184252188018
1.1929999999999794,0.24064396889881012,-0.07298113981716256,1.6608717196778908,0.24089753526951235,-0.0730729833318539,1.6609761099930531,0.24089753526951235,-0.0730729833318539,1.6609761099930531,0.0,0.0,0.0,4.5136235976115175,0.07522705996019195
1.1939999999999793,0.2406425797274887,-0.07297854447206106,1.6608687374900646,0.24089753526951235,-0.0730729833318539,1.6609761099930531,0.24089753526951235,-0.0730729833318539,1.6609761099930531,0.0,0.0,0.0,4.513933971775061,0.07523223286291768
1.1949999999999792,0.24064126418671586,-0.07297598787670136,1.6608658018227114,0.24089753526951235,-0.0730729833318539,1.6609761099930531,0.24089753526951235,-0.0730729833318539,1.6609761099930531,0.0,0.0,0.0,4.514241689016696,0.07523736148361161
1.195999999999979,0.24064002133808537,-0.07297347023584079,1.6608629128565862,0.24089753526951235,-0.0730729833318539,1.6609761099930531,0.24089753526951235,-0.0730729833318539,1.6609761099930531,0.0,0.0,0.0,4.514546764522272,0.0752424460753712
1.196999999999979,0.24063885024679205,-0.07297099173984456,1.6608600707564525,0.24089753526951235,-0.0730729833318539,1.6609761099930531,0.24089753526951235,-0.0730729833318539,1.6609761099930531,0.0,0.0,0.0,4.5148492134397324,0.07524748689066221
1.1979999999999789,0.2406377499816795,-0.07296855256491983,1.66085727567136,0.24089753526951235,-0.0730729833318539,1.6609761099930531,0.24089753526951235,-0.0730729833318539,1.6609761099930531,0.0,0.0,0.0,4.515149050867908,0.0752524841811318
1.1989999999999787,0.2406367196152819,-0.0729661528733455,1.6608545277349167,0.24089753526951235,-0.0730729833318539,1.6609761099930531,0.24089753526951235,-0.0730729833318539,1.6609761099930531,0.0,0.0,0.0,4.515446291847461,0.07525743819745769
1.1999999999999786,0.24063575822386868,-0.07296379281370177,1.6608518270655594,0.24089753526951235,-0.0730729833318539,1.6609761099930531,0.24089753526951235,-0.0730729833318539,1.6609761099930531,0.0,0.0,0.0,4.51574095135151,0.07526234918919182
1.2009999999999785,0.2406348648874862,-0.07296147252109783,1.6608491737668243,0.24089753526951235,-0.0730729833318539,1.6609761099930531,0.24089753526951235,-0.0730729833318539,1.6609761099930531,0.0,0.0,0.0,4.516033044278284,0.07526721740463807
1.2019999999999784,0.2406340386900011,-0.07295919211739874,1.6608465679276105,0.24089753526951235,-0.0730729833318539,1.6609761099930531,0.24089753526951235,-0.0730729833318539,1.6609761099930531,0.0,0.0,0.0,4.516322585442967,0.07527204309071611
1.2029999999999783,0.2406332787191417,-0.07295695171145075,1.6608440096224446,0.24089753526951235,-0.0730729833318539,1.6609761099930531,0.24089753526951235,-0.0730729833318539,1.6609761099930531,0.0,0.0,0.0,4.516609589571911,0.07527682649286518
1.2039999999999782,0.2406325840665398,-0.07295475139930441,1.6608414989117462,0.24089753526951235,-0.0730729833318539,1.6609761099930531,0.24089753526951235,-0.0730729833318539,1.6609761099930531,0.0,0.0,0.0,4.51689407129673,0.0752815678549455
1.204999999999978,0.24063195382777236,-0.07295259126443766,1.6608390358420808,0.24089753526951235,-0.0730729833318539,1.6609761099930531,0.24089753526951235,-0.0730729833318539,1.6609761099930531,0.0,0.0,0.0,4.51717604514764,0.07528626741912733
1.205999999999978,0.24063138710240156,-0.07295047137797588,1.660836620446423,0.24089753526951235,-0.0730729833318539,1.6609761099930531,0.24089753526951235,-0.0730729833318539,1.6609761099930531,0.0,0.0,0.0,4.5174555255506945,0.07529092542584491
1.2069999999999779,0.24063088299401486,-0.07294839179891119,1.660834252744408,0.24089753526951235,-0.0730729833318539,1.6609761099930531,0.24089753526951235,-0.0730729833318539,1.6609761099930531,0.0,0.0,0.0,4.517732526822182,0.07529554211370303
1.2079999999999778,0.24063044061026656,-0.07294635257432033,1.6608319327425864,0.24089753526951235,-0.0730729833318539,1.6609761099930531,0.24089753526951235,-0.0730729833318539,1.6609761099930531,0.0,0.0,0.0,4.518007063165539,0.07530011771942566
1.2089999999999776,0.24063005906291607,-0.07294435373957958,1.6608296604346742,0.24089753526951235,-0.0730729833318539,1.6609761099930531,0.24089753526951235,-0.0730729833318539,1.6609761099930531,0.0,0.0,0.0,4.518279148668208,0.07530465247780346
1.2099999999999775,0.24062973746786703,-0.07294239531858092,1.6608274358017976,0.24089753526951235,-0.0730729833318539,1.6609761099930531,0.24089753526951235,-0.0730729833318539,1.6609761099930531,0.0,0.0,0.0,4.5185487972987515,0.07530914662164585
1.2109999999999774,0.24062947494520798,-0.07294047732394308,1.660825258812746,0.24089753526951235,-0.0730729833318539,1.6609761099930531,0.24089753526951235,-0.0730729833318539,1.6609761099930531,0.0,0.0,0.0,4.518816022904753,0.07531360038174588
1.2119999999999773,0.24062927061924866,-0.07293859975722256,1.660823129424207,0.24089753526951235,-0.0730729833318539,1.6609761099930531,0.24089753526951235,-0.0730729833318539,1.6609761099930531,0.0,0.0,0.0,4.519080839210547,0.07531801398684244
1.2129999999999772,0.24062912361855954,-0.07293676260912395,1.660821047581015,0.24089753526951235,-0.0730729833318539,1.6609761099930531,0.24089753526951235,-0.0730729833318539,1.6609761099930531,0.0,0.0,0.0,4.519343259816691,0.07532238766361152
1.213999999999977,0.24062903307600927,-0.07293496585970663,1.6608190132163856,0.24089753526951235,-0.0730729833318539,1.6609761099930531,0.24089753526951235,-0.0730729833318539,1.6609761099930531,0.0,0.0,0.0,4.519603298197796,0.07532672163662994
1.214999999999977,0.24062899812880256,-0.07293320947859054,1.6608170262521538,0.24089753526951235,-0.0730729833318539,1.6609761099930531,0.24089753526951235,-0.0730729833318539,1.6609761099930531,0.0,0.0,0.0,4.51986096770219,0.07533101612836983
1.2159999999999769,0.240629017918516,-0.07293149342516131,1.6608150865990077,0.24089753526951235,-0.0730729833318539,1.6609761099930531,0.24089753526951235,-0.0730729833318539,1.6609761099930531,0.0,0.0,0.0,4.520116281551659,0.07533527135919432
1.2169999999999768,0.24062909159113632,-0.07292981764877099,1.6608131941567237,0.24089753526951235,-0.0730729833318539,1.6609761099930531,0.24089753526951235,-0.0730729833318539,1.6609761099930531,0.0,0.0,0.0,4.520369252841025,0.07533948754735041
1.2179999999999767,0.2406292182970955,-0.07292818208893949,1.6608113488143912,0.24089753526951235,-0.0730729833318539,1.6609761099930531,0.24089753526951235,-0.0730729833318539,1.6609761099930531,0.0,0.0,0.0,4.520619894537917,0.07534366490896528
1.2189999999999765,0.2406293971913086,-0.07292658667555416,1.6608095504506444,0.24089753526951235,-0.0730729833318539,1.6609761099930531,0.24089753526951235,-0.0730729833318539,1.6609761099930531,0.0,0.0,0.0,4.520868219483522,0.0753478036580587
1.2199999999999764,0.24062962743320684,-0.07292503132906475,1.6608077989338847,0.24089753526951235,-0.0730729833318539,1.6609761099930531,0.24089753526951235,-0.0730729833318539,1.6609761099930531,0.0,0.0,0.0,4.521114240393556,0.07535190400655926
1.2209999999999763,0.24062990818677438,-0.0729235159606803,1.6608060941225067,0.24089753526951235,-0.0730729833318539,1.6609761099930531,0.24089753526951235,-0.0730729833318539,1.6609761099930531,0.0,0.0,0.0,4.521357969858099,0.07535596616430165
1.2219999999999762,0.24063023862058308,-0.07292204047256214,1.6608044358651157,0.24089753526951235,-0.0730729833318539,1.6609761099930531,0.24089753526951235,-0.0730729833318539,1.6609761099930531,0.0,0.0,0.0,4.521599420342958,0.0753599903390493
1.222999999999976,0.2406306179078267,-0.07292060475801451,1.6608028240007475,0.24089753526951235,-0.0730729833318539,1.6609761099930531,0.24089753526951235,-0.0730729833318539,1.6609761099930531,0.0,0.0,0.0,4.521838604191137,0.07536397673651894
1.223999999999976,0.2406310452263548,-0.07291920870167606,1.660801258359086,0.24089753526951235,-0.0730729833318539,1.6609761099930531,0.24089753526951235,-0.0730729833318539,1.6609761099930531,0.0,0.0,0.0,4.522075533624138,0.0753679255604023
1.2249999999999759,0.24063151975870695,-0.07291785217970563,1.6607997387606765,0.24089753526951235,-0.0730729833318539,1.6609761099930531,0.24089753526951235,-0.0730729833318539,1.6609761099930531,0.0,0.0,0.0,4.522310220742874,0.07537183701238123
1.2259999999999758,0.2406320406921454,-0.07291653505997081,1.6607982650171345,0.24089753526951235,-0.0730729833318539,1.6609761099930531,0.24089753526951235,-0.0730729833318539,1.6609761099930531,0.0,0.0,0.0,4.522542677529807,0.07537571129216344
1.2269999999999757,0.24063260721868857,-0.07291525720223022,1.66079683693136,0.24089753526951235,-0.0730729833318539,1.6609761099930531,0.24089753526951235,-0.0730729833318539,1.6609761099930531,0.0,0.0,0.0,4.522772915851355,0.07537954859752259
1.2279999999999756,0.2406332185351424,-0.0729140184583169,1.6607954542977408,0.24089753526951235,-0.0730729833318539,1.6609761099930531,0.24089753526951235,-0.0730729833318539,1.6609761099930531,0.0,0.0,0.0,4.523000947458292,0.07538334912430486
1.2289999999999754,0.24063387384313334,-0.07291281867231846,1.6607941169023601,0.24089753526951235,-0.0730729833318539,1.6609761099930531,0.24089753526951235,-0.0730729833318539,1.6609761099930531,0.0,0.0,0.0,4.523226783988945,0.07538711306648242
1.2299999999999753,0.2406345723491402,-0.07291165768075678,1.6607928245231984,0.24089753526951235,-0.0730729833318539,1.6609761099930531,0.24089753526951235,-0.0730729833318539,1.6609761099930531,0.0,0.0,0.0,4.523450436970835,0.07539084061618058
1.2309999999999752,0.24063531326452287,-0.07291053531276415,1.6607915769303325,0.24089753526951235,-0.0730729833318539,1.6609761099930531,0.24089753526951235,-0.0730729833318539,1.6609761099930531,0.0,0.0,0.0,4.523671917823315,0.07539453196372192
1.2319999999999751,0.24063609580555734,-0.07290945139025914,1.6607903738861385,0.24089753526951235,-0.0730729833318539,1.6609761099930531,0.24089753526951235,-0.0730729833318539,1.6609761099930531,0.0,0.0,0.0,4.523891237859321,0.07539818729765534
1.232999999999975,0.24063691919346092,-0.07290840572811862,1.660789215145481,0.24089753526951235,-0.0730729833318539,1.6609761099930531,0.24089753526951235,-0.0730729833318539,1.6609761099930531,0.0,0.0,0.0,4.524108408288088,0.07540180680480146
1.233999999999975,0.24063778265442562,-0.07290739813435082,1.660788100455915,0.24089753526951235,-0.0730729833318539,1.6609761099930531,0.24089753526951235,-0.0730729833318539,1.6609761099930531,0.0,0.0,0.0,4.524323440217597,0.0754053906702933
1.2349999999999748,0.24063868541964595,-0.072906428410265,1.6607870295578715,0.24089753526951235,-0.0730729833318539,1.6609761099930531,0.24089753526951235,-0.0730729833318539,1.6609761099930531,0.0,0.0,0.0,4.5245363446567906,0.07540893907761317
1.2359999999999747,0.24063962672534805,-0.07290549635063778,1.660786002184851,0.24089753526951235,-0.0730729833318539,1.6609761099930531,0.24089753526951235,-0.0730729833318539,1.6609761099930531,0.0,0.0,0.0,4.524747132518581,0.07541245220864301
1.2369999999999746,0.24064060581281788,-0.07290460174388057,1.6607850180636092,0.24089753526951235,-0.0730729833318539,1.6609761099930531,0.24089753526951235,-0.0730729833318539,1.6609761099930531,0.0,0.0,0.0,4.524955814621923,0.07541593024369872
1.2379999999999745,0.24064162192842847,-0.07290374437220387,1.6607840769143427,0.24089753526951235,-0.0730729833318539,1.6609761099930531,0.24089753526951235,-0.0730729833318539,1.6609761099930531,0.0,0.0,0.0,4.525162401694925,0.07541937336158208
1.2389999999999743,0.24064267432366854,-0.07290292401177854,1.6607831784508722,0.24089753526951235,-0.0730729833318539,1.6609761099930531,0.24089753526951235,-0.0730729833318539,1.6609761099930531,0.0,0.0,0.0,4.525366904377052,0.07542278173961754
1.2399999999999742,0.24064376225516765,-0.07290214043289858,1.6607823223808242,0.24089753526951235,-0.0730729833318539,1.6609761099930531,0.24089753526951235,-0.0730729833318539,1.6609761099930531,0.0,0.0,0.0,4.525569333222404,0.07542615555370674
1.2409999999999741,0.2406448849847243,-0.07290139340013715,1.6607815084058104,0.24089753526951235,-0.0730729833318539,1.6609761099930531,0.24089753526951235,-0.0730729833318539,1.6609761099930531,0.0,0.0,0.0,4.525769698701635,0.07542949497836057
1.241999999999974,0.24064604177933002,-0.07290068267250645,1.6607807362216032,0.24089753526951235,-0.0730729833318539,1.6609761099930531,0.24089753526951235,-0.0730729833318539,1.6609761099930531,0.0,0.0,0.0,4.52596801120544,0.07543280018675733
1.242999999999974,0.2406472319111957,-0.07290000800361178,1.660780005518311,0.24089753526951235,-0.0730729833318539,1.6609761099930531,0.24089753526951235,-0.0730729833318539,1.6609761099930531,0.0,0.0,0.0,4.526164281046749,0.07543607135077915
1.2439999999999738,0.24064845465777507,-0.07289936914180388,1.66077931598055,0.24089753526951235,-0.0730729833318539,1.6609761099930531,0.24089753526951235,-0.0730729833318539,1.6609761099930531,0.0,0.0,0.0,4.526358518463644,0.07543930864106073
1.2449999999999737,0.2406497093017903,-0.07289876583033354,1.6607786672876184,0.24089753526951235,-0.0730729833318539,1.6609761099930531,0.24089753526951235,-0.0730729833318539,1.6609761099930531,0.0,0.0,0.0,4.526550733622624,0.07544251222704373
1.2459999999999736,0.24065099513125449,-0.07289819780749893,1.6607780591136612,0.24089753526951235,-0.0730729833318539,1.6609761099930531,0.24089753526951235,-0.0730729833318539,1.6609761099930531,0.0,0.0,0.0,4.526740936619899,0.07544568227699831
1.2469999999999735,0.24065231143949478,-0.07289766480679558,1.660777491127836,0.24089753526951235,-0.0730729833318539,1.6609761099930531,0.24089753526951235,-0.0730729833318539,1.6609761099930531,0.0,0.0,0.0,4.526929137485412,0.0754488189580902
1.2479999999999734,0.24065365752517517,-0.07289716655706163,1.6607769629944817,0.24089753526951235,-0.0730729833318539,1.6609761099930531,0.24089753526951235,-0.0730729833318539,1.6609761099930531,0.0,0.0,0.0,4.527115346185539,0.07545192243642565
1.2489999999999732,0.24065503269231842,-0.07289670278262347,1.660776474373278,0.24089753526951235,-0.0730729833318539,1.6609761099930531,0.24089753526951235,-0.0730729833318539,1.6609761099930531,0.0,0.0,0.0,4.527299572624645,0.07545499287707741
1.2499999999999731,0.24065643625032612,-0.07289627320343829,1.6607760249194046,0.24089753526951235,-0.0730729833318539,1.6609761099930531,0.24089753526951235,-0.0730729833318539,1.6609761099930531,0.0,0.0,0.0,4.527481826648826,0.07545803044414709
1.250999999999973,0.24065786751400164,-0.07289587753523574,1.6607756142837027,0.24089753526951235,-0.0730729833318539,1.6609761099930531,0.24089753526951235,-0.0730729833318539,1.6609761099930531,0.0,0.0,0.0,4.527662118048159,0.07546103530080266
1.251999999999973,0.24065932580356722,-0.07289551548965717,1.660775242112829,0.24089753526951235,-0.0730729833318539,1.6609761099930531,0.24089753526951235,-0.0730729833318539,1.6609761099930531,0.0,0.0,0.0,4.527840456559472,0.07546400760932453
1.2529999999999728,0.24066081044468657,-0.07289518677439327,1.6607749080494105,0.24089753526951235,-0.0730729833318539,1.6609761099930531,0.24089753526951235,-0.0730729833318539,1.6609761099930531,0.0,0.0,0.0,4.528016851868117,0.0754669475311353
1.2539999999999727,0.24066232076848193,-0.07289489109332144,1.6607746117321978,0.24089753526951235,-0.0730729833318539,1.6609761099930531,0.24089753526951235,-0.0730729833318539,1.6609761099930531,0.0,0.0,0.0,4.528191313612218,0.07546985522687029
1.2549999999999726,0.24066385611155164,-0.07289462814663855,1.6607743527962127,0.24089753526951235,-0.0730729833318539,1.6609761099930531,0.24089753526951235,-0.0730729833318539,1.6609761099930531,0.0,0.0,0.0,4.528363851383452,0.07547273085639088
1.2559999999999725,0.24066541581598994,-0.07289439763099494,1.6607741308729003,0.24089753526951235,-0.0730729833318539,1.6609761099930531,0.24089753526951235,-0.0730729833318539,1.6609761099930531,0.0,0.0,0.0,4.528534474730446,0.07547557457884076
1.2569999999999724,0.24066699922940224,-0.07289419923962491,1.6607739455902721,0.24089753526951235,-0.0730729833318539,1.6609761099930531,0.24089753526951235,-0.0730729833318539,1.6609761099930531,0.0,0.0,0.0,4.528703193161019,0.07547838655268364
1.2579999999999723,0.24066860570492285,-0.07289403266247647,1.6607737965730536,0.24089753526951235,-0.0730729833318539,1.6609761099930531,0.24089753526951235,-0.0730729833318539,1.6609761099930531,0.0,0.0,0.0,4.528870016144594,0.07548116693574322
1.2589999999999721,0.24067023460122924,-0.07289389758633905,1.6607736834428233,0.24089753526951235,-0.0730729833318539,1.6609761099930531,0.24089753526951235,-0.0730729833318539,1.6609761099930531,0.0,0.0,0.0,4.529034953114593,0.07548391588524321
1.259999999999972,0.2406718852825584,-0.07289379369496954,1.6607736058181557,0.24089753526951235,-0.0730729833318539,1.6609761099930531,0.24089753526951235,-0.0730729833318539,1.6609761099930531,0.0,0.0,0.0,4.5291980134707135,0.07548663355784523
1.260999999999972,0.24067355711872057,-0.0728937206692165,1.6607735633147593,0.24089753526951235,-0.0730729833318539,1.6609761099930531,0.24089753526951235,-0.0730729833318539,1.6609761099930531,0.0,0.0,0.0,4.52935920658109,0.07548932010968484
1.2619999999999718,0.24067524948511382,-0.07289367818714353,1.660773555545613,0.24089753526951235,-0.0730729833318539,1.6609761099930531,0.24089753526951235,-0.0730729833318539,1.6609761099930531,0.0,0.0,0.0,4.529518541784923,0.07549197569641539
1.2629999999999717,0.24067696176273676,-0.07289366592415002,1.6607735821211023,0.24089753526951235,-0.0730729833318539,1.6609761099930531,0.24089753526951235,-0.0730729833318539,1.6609761099930531,0.0,0.0,0.0,4.5296760283942765,0.07549460047323794
1.2639999999999716,0.24067869333820108,-0.07289368355309116,1.6607736426491497,0.24089753526951235,-0.0730729833318539,1.6609761099930531,0.24089753526951235,-0.0730729833318539,1.6609761099930531,0.0,0.0,0.0,4.529831675696084,0.07549719459493473
1.2649999999999715,0.2406804436037438,-0.0728937307443952,1.6607737367353488,0.24089753526951235,-0.0730729833318539,1.6609761099930531,0.24089753526951235,-0.0730729833318539,1.6609761099930531,0.0,0.0,0.0,4.529985492954815,0.07549975821591358
1.2659999999999714,0.24068221195723813,-0.07289380716618077,1.660773863983091,0.24089753526951235,-0.0730729833318539,1.6609761099930531,0.24089753526951235,-0.0730729833318539,1.6609761099930531,0.0,0.0,0.0,4.530137489414151,0.07550229149023585
1.2669999999999713,0.24068399780220404,-0.0728939124843709,1.660774023993695,0.24089753526951235,-0.0730729833318539,1.6609761099930531,0.24089753526951235,-0.0730729833318539,1.6609761099930531,0.0,0.0,0.0,4.5302876742991485,0.07550479457165248
1.2679999999999712,0.2406858005478191,-0.0728940463628065,1.66077421636653,0.24089753526951235,-0.0730729833318539,1.6609761099930531,0.24089753526951235,-0.0730729833318539,1.6609761099930531,0.0,0.0,0.0,4.530436056817485,0.07550726761362475
1.268999999999971,0.2406876196089261,-0.07289420846335831,1.6607744406991423,0.24089753526951235,-0.0730729833318539,1.6609761099930531,0.24089753526951235,-0.0730729833318539,1.6609761099930531,0.0,0.0,0.0,4.530582646162935,0.07550971076938225
1.269999999999971,0.24068945440604395,-0.07289439844603605,1.6607746965873758,0.24089753526951235,-0.0730729833318539,1.6609761099930531,0.24089753526951235,-0.0730729833318539,1.6609761099930531,0.0,0.0,0.0,4.530727451515227,0.07551212419192045
1.2709999999999708,0.24069130436537317,-0.0728946159690983,1.6607749836254897,0.24089753526951235,-0.0730729833318539,1.6609761099930531,0.24089753526951235,-0.0730729833318539,1.6609761099930531,0.0,0.0,0.0,4.5308704820432295,0.07551450803405382
1.2719999999999707,0.24069316891880477,-0.07289486068915772,1.6607753014062818,0.24089753526951235,-0.0730729833318539,1.6609761099930531,0.24089753526951235,-0.0730729833318539,1.6609761099930531,0.0,0.0,0.0,4.531011746906489,0.07551686244844148
1.2729999999999706,0.24069504750392628,-0.07289513226128881,1.660775649521202,0.24089753526951235,-0.0730729833318539,1.6609761099930531,0.24089753526951235,-0.0730729833318539,1.6609761099930531,0.0,0.0,0.0,4.531151255256257,0.07551918758760429
1.2739999999999705,0.2406969395640287,-0.07289543033912882,1.660776027560466,0.24089753526951235,-0.0730729833318539,1.6609761099930531,0.24089753526951235,-0.0730729833318539,1.6609761099930531,0.0,0.0,0.0,4.531289016237748,0.07552148360396246
1.2749999999999704,0.24069884454810958,-0.07289575457498298,1.660776435113171,0.24089753526951235,-0.0730729833318539,1.6609761099930531,0.24089753526951235,-0.0730729833318539,1.6609761099930531,0.0,0.0,0.0,4.531425038991995,0.07552375064986658
1.2759999999999703,0.24070076191088025,-0.072896104619924,1.6607768717674047,0.24089753526951235,-0.0730729833318539,1.6609761099930531,0.24089753526951235,-0.0730729833318539,1.6609761099930531,0.0,0.0,0.0,4.531559332655968,0.07552598887759947
1.2769999999999702,0.24070269111276735,-0.07289648012389108,1.660777337110358,0.24089753526951235,-0.0730729833318539,1.6609761099930531,0.24089753526951235,-0.0730729833318539,1.6609761099930531,0.0,0.0,0.0,4.531691906365979,0.07552819843943298
1.27799999999997,0.2407046316199188,-0.07289688073578895,1.6607778307284287,0.24089753526951235,-0.0730729833318539,1.6609761099930531,0.24089753526951235,-0.0730729833318539,1.6609761099930531,0.0,0.0,0.0,4.53182276925733,0.07553037948762216
1.27899999999997,0.24070658290420366,-0.07289730610358314,1.6607783522073294,0.24089753526951235,-0.0730729833318539,1.6609761099930531,0.24089753526951235,-0.0730729833318539,1.6609761099930531,0.0,0.0,0.0,4.5319519304672315,0.07553253217445385
1.2799999999999698,0.24070854444321604,-0.07289775587439623,1.6607789011321952,0.24089753526951235,-0.0730729833318539,1.6609761099930531,0.24089753526951235,-0.0730729833318539,1.6609761099930531,0.0,0.0,0.0,4.532079399134907,0.07553465665224844
1.2809999999999697,0.24071051572027535,-0.07289822969459941,1.6607794770876787,0.24089753526951235,-0.0730729833318539,1.6609761099930531,0.24089753526951235,-0.0730729833318539,1.6609761099930531,0.0,0.0,0.0,4.5322051844031295,0.07553675307338549
1.2819999999999696,0.24071249622442767,-0.07289872720990652,1.6607800796580592,0.24089753526951235,-0.0730729833318539,1.6609761099930531,0.24089753526951235,-0.0730729833318539,1.6609761099930531,0.0,0.0,0.0,4.5323292954203085,0.07553882159033848
1.2829999999999695,0.24071448545044494,-0.07289924806546379,1.660780708427338,0.24089753526951235,-0.0730729833318539,1.6609761099930531,0.24089753526951235,-0.0730729833318539,1.6609761099930531,0.0,0.0,0.0,4.532451741340679,0.07554086235567797
1.2839999999999694,0.2407164828988251,-0.07289979190593844,1.6607813629793349,0.24089753526951235,-0.0730729833318539,1.6609761099930531,0.24089753526951235,-0.0730729833318539,1.6609761099930531,0.0,0.0,0.0,4.532572531325369,0.07554287552208948
1.2849999999999693,0.2407184880757895,-0.0729003583756073,1.6607820428977884,0.24089753526951235,-0.0730729833318539,1.6609761099930531,0.24089753526951235,-0.0730729833318539,1.6609761099930531,0.0,0.0,0.0,4.532691674544778,0.07554486124241297
1.2859999999999692,0.2407205004932828,-0.07290094711844257,1.6607827477664459,0.24089753526951235,-0.0730729833318539,1.6609761099930531,0.24089753526951235,-0.0730729833318539,1.6609761099930531,0.0,0.0,0.0,4.532809180177437,0.07554681966962394
1.286999999999969,0.24072251966896838,-0.07290155777819692,1.6607834771691588,0.24089753526951235,-0.0730729833318539,1.6609761099930531,0.24089753526951235,-0.0730729833318539,1.6609761099930531,0.0,0.0,0.0,4.532925057413277,0.07554875095688796
1.287999999999969,0.24072454512622593,-0.07290218999848717,1.6607842306899756,0.24089753526951235,-0.0730729833318539,1.6609761099930531,0.24089753526951235,-0.0730729833318539,1.6609761099930531,0.0,0.0,0.0,4.533039315453064,0.07555065525755107
1.2889999999999688,0.2407265763941473,-0.07290284342287598,1.6607850079132258,0.24089753526951235,-0.0730729833318539,1.6609761099930531,0.24089753526951235,-0.0730729833318539,1.6609761099930531,0.0,0.0,0.0,4.533151963509156,0.0755525327251526
1.2899999999999687,0.2407286130075324,-0.072903517694953,1.6607858084236147,0.24089753526951235,-0.0730729833318539,1.6609761099930531,0.24089753526951235,-0.0730729833318539,1.6609761099930531,0.0,0.0,0.0,4.533263010807655,0.07555438351346092
1.2909999999999686,0.24073065450688264,-0.07290421245841396,1.6607866318063031,0.24089753526951235,-0.0730729833318539,1.6609761099930531,0.24089753526951235,-0.0730729833318539,1.6609761099930531,0.0,0.0,0.0,4.53337246658778,0.075556207776463
1.2919999999999685,0.2407327004383965,-0.07290492735713944,1.660787477647,0.24089753526951235,-0.0730729833318539,1.6609761099930531,0.24089753526951235,-0.0730729833318539,1.6609761099930531,0.0,0.0,0.0,4.5334803401035595,0.07555800566839266
1.2929999999999684,0.24073475035396227,-0.07290566203526994,1.6607883455320382,0.24089753526951235,-0.0730729833318539,1.6609761099930531,0.24089753526951235,-0.0730729833318539,1.6609761099930531,0.0,0.0,0.0,4.533586640623629,0.07555977734372715
1.2939999999999683,0.2407368038111503,-0.0729064161372835,1.6607892350484619,0.24089753526951235,-0.0730729833318539,1.6609761099930531,0.24089753526951235,-0.0730729833318539,1.6609761099930531,0.0,0.0,0.0,4.533691377432873,0.07556152295721455
1.2949999999999682,0.24073886037320663,-0.07290718930806725,1.6607901457841039,0.24089753526951235,-0.0730729833318539,1.6609761099930531,0.24089753526951235,-0.0730729833318539,1.6609761099930531,0.0,0.0,0.0,4.5337945598322165,0.07556324266387028
1.295999999999968,0.24074091960904304,-0.07290798119299179,1.6607910773276653,0.24089753526951235,-0.0730729833318539,1.6609761099930531,0.24089753526951235,-0.0730729833318539,1.6609761099930531,0.0,0.0,0.0,4.5338961971394784,0.0755649366189913
1.296999999999968,0.24074298109322878,-0.07290879143798257,1.6607920292687943,0.24089753526951235,-0.0730729833318539,1.6609761099930531,0.24089753526951235,-0.0730729833318539,1.6609761099930531,0.0,0.0,0.0,4.533996298690148,0.07556660497816914
1.2979999999999678,0.24074504440598113,-0.07290961968958878,1.6607930011981578,0.24089753526951235,-0.0730729833318539,1.6609761099930531,0.24089753526951235,-0.0730729833318539,1.6609761099930531,0.0,0.0,0.0,4.534094873836733,0.07556824789727888
1.2989999999999677,0.24074710913315417,-0.07291046559505303,1.6607939927075215,0.24089753526951235,-0.0730729833318539,1.6609761099930531,0.24089753526951235,-0.0730729833318539,1.6609761099930531,0.0,0.0,0.0,4.534191931951016,0.07556986553251693
1.2999999999999676,0.2407491748662286,-0.07291132880237913,1.6607950033898187,0.24089753526951235,-0.0730729833318539,1.6609761099930531,0.24089753526951235,-0.0730729833318539,1.6609761099930531,0.0,0.0,0.0,4.5342874824225845,0.0755714580403764
1.3009999999999675,0.2407512412022998,-0.07291220896039731,1.6607960328392208,0.24089753526951235,-0.0730729833318539,1.6609761099930531,0.24089753526951235,-0.0730729833318539,1.6609761099930531,0.0,0.0,0.0,4.534381534660164,0.0755730255776694
1.3019999999999674,0.24075330774406678,-0.07291310571883033,1.6607970806512145,0.24089753526951235,-0.0730729833318539,1.6609761099930531,0.24089753526951235,-0.0730729833318539,1.6609761099930531,0.0,0.0,0.0,4.534474098092184,0.07557456830153639
1.3029999999999673,0.24075537409981712,-0.07291401872835611,1.6607981464226609,0.24089753526951235,-0.0730729833318539,1.6609761099930531,0.24089753526951235,-0.0730729833318539,1.6609761099930531,0.0,0.0,0.0,4.534565182165779,0.07557608636942965
1.3039999999999672,0.24075743988341608,-0.07291494764067112,1.6607992297518677,0.24089753526951235,-0.0730729833318539,1.6609761099930531,0.24089753526951235,-0.0730729833318539,1.6609761099930531,0.0,0.0,0.0,4.534654796348181,0.07557757993913634
1.304999999999967,0.2407595047142918,-0.07291589210855118,1.6608003302386556,0.24089753526951235,-0.0730729833318539,1.6609761099930531,0.24089753526951235,-0.0730729833318539,1.6609761099930531,0.0,0.0,0.0,4.534742950126685,0.07557904916877808
1.305999999999967,0.24076156821742004,-0.07291685178591217,1.6608014474844208,0.24089753526951235,-0.0730729833318539,1.6609761099930531,0.24089753526951235,-0.0730729833318539,1.6609761099930531,0.0,0.0,0.0,4.53482965300831,0.07558049421680517
1.3069999999999669,0.24076363002331042,-0.07291782632786711,1.6608025810921982,0.24089753526951235,-0.0730729833318539,1.6609761099930531,0.24089753526951235,-0.0730729833318539,1.6609761099930531,0.0,0.0,0.0,4.534914914520026,0.07558191524200043
1.3079999999999667,0.24076568976798976,-0.07291881539078583,1.6608037306667236,0.24089753526951235,-0.0730729833318539,1.6609761099930531,0.24089753526951235,-0.0730729833318539,1.6609761099930531,0.0,0.0,0.0,4.534998744209264,0.07558331240348773
1.3089999999999666,0.24076774709298654,-0.07291981863235024,1.6608048958144952,0.24089753526951235,-0.0730729833318539,1.6609761099930531,0.24089753526951235,-0.0730729833318539,1.6609761099930531,0.0,0.0,0.0,4.535081151643673,0.07558468586072788
1.3099999999999665,0.24076980164531375,-0.07292083571160973,1.6608060761438281,0.24089753526951235,-0.0730729833318539,1.6609761099930531,0.24089753526951235,-0.0730729833318539,1.6609761099930531,0.0,0.0,0.0,4.535162146410603,0.07558603577351006
1.3109999999999664,0.24077185307745147,-0.0729218662890355,1.660807271264918,0.24089753526951235,-0.0730729833318539,1.6609761099930531,0.24089753526951235,-0.0730729833318539,1.6609761099930531,0.0,0.0,0.0,4.535241738118248,0.0755873623019708
1.3119999999999663,0.24077390104732987,-0.07292291002657314,1.660808480789891,0.24089753526951235,-0.0730729833318539,1.6609761099930531,0.24089753526951235,-0.0730729833318539,1.6609761099930531,0.0,0.0,0.0,4.5353199363941235,0.07558866560656873
1.3129999999999662,0.2407759452183093,-0.07292396658769483,1.6608097043328658,0.24089753526951235,-0.0730729833318539,1.6609761099930531,0.24089753526951235,-0.0730729833318539,1.6609761099930531,0.0,0.0,0.0,4.5353967508863935,0.07558994584810656
1.313999999999966,0.24077798525916289,-0.0729250356374489,1.6608109415099996,0.24089753526951235,-0.0730729833318539,1.6609761099930531,0.24089753526951235,-0.0730729833318539,1.6609761099930531,0.0,0.0,0.0,4.53547219126215,0.07559120318770249
1.314999999999966,0.24078002084405564,-0.07292611684251074,1.660812191939546,0.24089753526951235,-0.0730729833318539,1.6609761099930531,0.24089753526951235,-0.0730729833318539,1.6609761099930531,0.0,0.0,0.0,4.535546267209096,0.07559243778681826
1.3159999999999659,0.2407820516525262,-0.07292720987122979,1.660813455241906,0.24089753526951235,-0.0730729833318539,1.6609761099930531,0.24089753526951235,-0.0730729833318539,1.6609761099930531,0.0,0.0,0.0,4.535618988433898,0.07559364980723163
1.3169999999999658,0.24078407736946428,-0.07292831439367778,1.6608147310396735,0.24089753526951235,-0.0730729833318539,1.6609761099930531,0.24089753526951235,-0.0730729833318539,1.6609761099930531,0.0,0.0,0.0,4.5356903646622655,0.07559483941103776
1.3179999999999656,0.24078609768509135,-0.07292943008169467,1.660816018957688,0.24089753526951235,-0.0730729833318539,1.6609761099930531,0.24089753526951235,-0.0730729833318539,1.6609761099930531,0.0,0.0,0.0,4.53576040563926,0.07559600676065432
1.3189999999999655,0.2407881122949379,-0.07293055660893204,1.6608173186230801,0.24089753526951235,-0.0730729833318539,1.6609761099930531,0.24089753526951235,-0.0730729833318539,1.6609761099930531,0.0,0.0,0.0,4.53582912112841,0.07559715201880683
1.3199999999999654,0.2407901208998222,-0.07293169365089984,1.6608186296653198,0.24089753526951235,-0.0730729833318539,1.6609761099930531,0.24089753526951235,-0.0730729833318539,1.6609761099930531,0.0,0.0,0.0,4.5358965209115105,0.07559827534852517
1.3209999999999653,0.24079212320582738,-0.07293284088500736,1.6608199517162576,0.24089753526951235,-0.0730729833318539,1.6609761099930531,0.24089753526951235,-0.0730729833318539,1.6609761099930531,0.0,0.0,0.0,4.535962614788216,0.07559937691313694
1.3219999999999652,0.2407941189242786,-0.0729339979906048,1.6608212844101715,0.24089753526951235,-0.0730729833318539,1.6609761099930531,0.24089753526951235,-0.0730729833318539,1.6609761099930531,0.0,0.0,0.0,4.536027412576211,0.07560045687627019
1.322999999999965,0.24079610777171967,-0.07293516464902529,1.6608226273838083,0.24089753526951235,-0.0730729833318539,1.6609761099930531,0.24089753526951235,-0.0730729833318539,1.6609761099930531,0.0,0.0,0.0,4.536090924110414,0.07560151540184022
1.323999999999965,0.2407980894698883,-0.0729363405436233,1.6608239802764249,0.24089753526951235,-0.0730729833318539,1.6609761099930531,0.24089753526951235,-0.0730729833318539,1.6609761099930531,0.0,0.0,0.0,4.536153159242432,0.07560255265404053
1.3249999999999649,0.24080006374569274,-0.07293752535981456,1.660825342729828,0.24089753526951235,-0.0730729833318539,1.6609761099930531,0.24089753526951235,-0.0730729833318539,1.6609761099930531,0.0,0.0,0.0,4.536214127839913,0.07560356879733189
1.3259999999999648,0.2408020303311868,-0.07293871878511216,1.6608267143884161,0.24089753526951235,-0.0730729833318539,1.6609761099930531,0.24089753526951235,-0.0730729833318539,1.6609761099930531,0.0,0.0,0.0,4.536273839787057,0.07560456399645095
1.3269999999999647,0.24080398896354344,-0.07293992050916405,1.6608280948992118,0.24089753526951235,-0.0730729833318539,1.6609761099930531,0.24089753526951235,-0.0730729833318539,1.6609761099930531,0.0,0.0,0.0,4.536332304983027,0.07560553841638379
1.3279999999999645,0.24080593938503025,-0.0729411302237886,1.6608294839119042,0.24089753526951235,-0.0730729833318539,1.6609761099930531,0.24089753526951235,-0.0730729833318539,1.6609761099930531,0.0,0.0,0.0,4.536389533342168,0.07560649222236947
1.3289999999999644,0.24080788134298275,-0.07294234762300893,1.6608308810788817,0.24089753526951235,-0.0730729833318539,1.6609761099930531,0.24089753526951235,-0.0730729833318539,1.6609761099930531,0.0,0.0,0.0,4.536445534793261,0.07560742557988769
1.3299999999999643,0.24080981458977732,-0.07294357240308696,1.6608322860552651,0.24089753526951235,-0.0730729833318539,1.6609761099930531,0.24089753526951235,-0.0730729833318539,1.6609761099930531,0.0,0.0,0.0,4.536500319278648,0.07560833865464414
1.3309999999999642,0.2408117388828051,-0.07294480426255469,1.6608336984989458,0.24089753526951235,-0.0730729833318539,1.6609761099930531,0.24089753526951235,-0.0730729833318539,1.6609761099930531,0.0,0.0,0.0,4.5365538967544445,0.07560923161257407
1.331999999999964,0.24081365398444388,-0.07294604290224756,1.660835118070613,0.24089753526951235,-0.0730729833318539,1.6609761099930531,0.24089753526951235,-0.0730729833318539,1.6609761099930531,0.0,0.0,0.0,4.536606277188863,0.07561010461981438
1.332999999999964,0.24081555966203,-0.07294728802533398,1.660836544433788,0.24089753526951235,-0.0730729833318539,1.6609761099930531,0.24089753526951235,-0.0730729833318539,1.6609761099930531,0.0,0.0,0.0,4.536657470562896,0.07561095784271493
1.3339999999999639,0.2408174556878312,-0.07294853933734516,1.660837977254854,0.24089753526951235,-0.0730729833318539,1.6609761099930531,0.24089753526951235,-0.0730729833318539,1.6609761099930531,0.0,0.0,0.0,4.536707486868408,0.07561179144780679
1.3349999999999638,0.24081934183901677,-0.07294979654620477,1.660839416203084,0.24089753526951235,-0.0730729833318539,1.6609761099930531,0.24089753526951235,-0.0730729833318539,1.6609761099930531,0.0,0.0,0.0,4.53675633610846,0.07561260560180766
1.3359999999999637,0.24082121789762895,-0.0729510593622551,1.66084086095067,0.24089753526951235,-0.0730729833318539,1.6609761099930531,0.24089753526951235,-0.0730729833318539,1.6609761099930531,0.0,0.0,0.0,4.536804028296326,0.07561340047160543
1.3369999999999636,0.2408230836505528,-0.0729523274982854,1.6608423111727502,0.24089753526951235,-0.0730729833318539,1.6609761099930531,0.24089753526951235,-0.0730729833318539,1.6609761099930531,0.0,0.0,0.0,4.5368505734545295,0.07561417622424216
1.3379999999999634,0.24082493888948903,-0.07295360066955789,1.6608437665474345,0.24089753526951235,-0.0730729833318539,1.6609761099930531,0.24089753526951235,-0.0730729833318539,1.6609761099930531,0.0,0.0,0.0,4.536895981614299,0.07561493302690497
1.3389999999999633,0.24082678341092023,-0.07295487859383162,1.6608452267558294,0.24089753526951235,-0.0730729833318539,1.6609761099930531,0.24089753526951235,-0.0730729833318539,1.6609761099930531,0.0,0.0,0.0,4.536940262815593,0.07561567104692654
1.3399999999999632,0.24082861701608305,-0.07295616099138748,1.660846691482063,0.24089753526951235,-0.0730729833318539,1.6609761099930531,0.24089753526951235,-0.0730729833318539,1.6609761099930531,0.0,0.0,0.0,4.536983427105541,0.07561639045175902
1.340999999999963,0.2408304395109356,-0.0729574475850519,1.6608481604133074,0.24089753526951235,-0.0730729833318539,1.6609761099930531,0.24089753526951235,-0.0730729833318539,1.6609761099930531,0.0,0.0,0.0,4.537025484537741,0.07561709140896236
1.341999999999963,0.24083225070612774,-0.0729587381002188,1.6608496332398008,0.24089753526951235,-0.0730729833318539,1.6609761099930531,0.24089753526951235,-0.0730729833318539,1.6609761099930531,0.0,0.0,0.0,4.537066445171823,0.07561777408619705
1.342999999999963,0.24083405041696912,-0.07296003226487124,1.6608511096548688,0.24089753526951235,-0.0730729833318539,1.6609761099930531,0.24089753526951235,-0.0730729833318539,1.6609761099930531,0.0,0.0,0.0,4.537106319072669,0.07561843865121115
1.3439999999999628,0.2408358384633961,-0.07296132980960159,1.6608525893549446,0.24089753526951235,-0.0730729833318539,1.6609761099930531,0.24089753526951235,-0.0730729833318539,1.6609761099930531,0.0,0.0,0.0,4.537145116309773,0.07561908527182955
1.3449999999999627,0.24083761466994186,-0.07296263046763235,1.6608540720395888,0.24089753526951235,-0.0730729833318539,1.6609761099930531,0.24089753526951235,-0.0730729833318539,1.6609761099930531,0.0,0.0,0.0,4.537182846955985,0.07561971411593309
1.3459999999999626,0.24083937886570206,-0.07296393397483492,1.660855557411507,0.24089753526951235,-0.0730729833318539,1.6609761099930531,0.24089753526951235,-0.0730729833318539,1.6609761099930531,0.0,0.0,0.0,4.537219521087297,0.07562032535145495
1.3469999999999624,0.24084113088430253,-0.07296524006974732,1.6608570451765667,0.24089753526951235,-0.0730729833318539,1.6609761099930531,0.24089753526951235,-0.0730729833318539,1.6609761099930531,0.0,0.0,0.0,4.537255148781707,0.07562091914636178
1.3479999999999623,0.24084287056386727,-0.072966548493592,1.6608585350438159,0.24089753526951235,-0.0730729833318539,1.6609761099930531,0.24089753526951235,-0.0730729833318539,1.6609761099930531,0.0,0.0,0.0,4.5372897401184265,0.07562149566864045
1.3489999999999622,0.24084459774698347,-0.07296785899029237,1.6608600267254967,0.24089753526951235,-0.0730729833318539,1.6609761099930531,0.24089753526951235,-0.0730729833318539,1.6609761099930531,0.0,0.0,0.0,4.537323305177224,0.07562205508628707
1.3499999999999621,0.24084631228066938,-0.07296917130648868,1.660861519937062,0.24089753526951235,-0.0730729833318539,1.6609761099930531,0.24089753526951235,-0.0730729833318539,1.6609761099930531,0.0,0.0,0.0,4.537355854037643,0.07562259756729404
1.350999999999962,0.24084801401633932,-0.07297048519155268,1.660863014397186,0.24089753526951235,-0.0730729833318539,1.6609761099930531,0.24089753526951235,-0.0730729833318539,1.6609761099930531,0.0,0.0,0.0,4.537387396777902,0.0756231232796317
1.351999999999962,0.24084970280976992,-0.07297180039760223,1.6608645098277817,0.24089753526951235,-0.0730729833318539,1.6609761099930531,0.24089753526951235,-0.0730729833318539,1.6609761099930531,0.0,0.0,0.0,4.537417943474442,0.0756236323912407
1.3529999999999618,0.2408513785210662,-0.07297311667951437,1.6608660059540092,0.24089753526951235,-0.0730729833318539,1.6609761099930531,0.24089753526951235,-0.0730729833318539,1.6609761099930531,0.0,0.0,0.0,4.537447504200627,0.07562412507001046
1.3539999999999617,0.24085304101462626,-0.07297443379493812,1.6608675025042896,0.24089753526951235,-0.0730729833318539,1.6609761099930531,0.24089753526951235,-0.0730729833318539,1.6609761099930531,0.0,0.0,0.0,4.537476089026324,0.07562460148377206
1.3549999999999616,0.2408546901591069,-0.07297575150430678,1.6608689992103147,0.24089753526951235,-0.0730729833318539,1.6609761099930531,0.24089753526951235,-0.0730729833318539,1.6609761099930531,0.0,0.0,0.0,4.537503708016925,0.07562506180028208
1.3559999999999615,0.2408563258273882,-0.07297706957084868,1.6608704958070564,0.24089753526951235,-0.0730729833318539,1.6609761099930531,0.24089753526951235,-0.0730729833318539,1.6609761099930531,0.0,0.0,0.0,4.537530371232263,0.07562550618720439
1.3569999999999613,0.24085794789653847,-0.07297838776059778,1.6608719920327752,0.24089753526951235,-0.0730729833318539,1.6609761099930531,0.24089753526951235,-0.0730729833318539,1.6609761099930531,0.0,0.0,0.0,4.537556088726194,0.07562593481210324
1.3579999999999612,0.2408595562477781,-0.07297970584240328,1.6608734876290303,0.24089753526951235,-0.0730729833318539,1.6609761099930531,0.24089753526951235,-0.0730729833318539,1.6609761099930531,0.0,0.0,0.0,4.537580870545538,0.07562634784242564
1.3589999999999611,0.24086115076644438,-0.07298102358793906,1.6608749823406843,0.24089753526951235,-0.0730729833318539,1.6609761099930531,0.24089753526951235,-0.0730729833318539,1.6609761099930531,0.0,0.0,0.0,4.537604726728754,0.07562674544547923
1.359999999999961,0.24086273134195596,-0.07298234077171166,1.6608764759159123,0.24089753526951235,-0.0730729833318539,1.6609761099930531,0.24089753526951235,-0.0730729833318539,1.6609761099930531,0.0,0.0,0.0,4.537627667305853,0.07562712778843088
1.360999999999961,0.24086429786777508,-0.07298365717106735,1.6608779681062042,0.24089753526951235,-0.0730729833318539,1.6609761099930531,0.24089753526951235,-0.0730729833318539,1.6609761099930531,0.0,0.0,0.0,4.537649702297226,0.0756274950382871
1.3619999999999608,0.24086585024137303,-0.07298497256620046,1.6608794586663753,0.24089753526951235,-0.0730729833318539,1.6609761099930531,0.24089753526951235,-0.0730729833318539,1.6609761099930531,0.0,0.0,0.0,4.537670841712602,0.07562784736187671
1.3629999999999607,0.24086738836419277,-0.07298628674015882,1.6608809473545643,0.24089753526951235,-0.0730729833318539,1.6609761099930531,0.24089753526951235,-0.0730729833318539,1.6609761099930531,0.0,0.0,0.0,4.537691095550032,0.07562818492583386
1.3639999999999606,0.24086891214161235,-0.0729875994788485,1.6608824339322406,0.24089753526951235,-0.0730729833318539,1.6609761099930531,0.24089753526951235,-0.0730729833318539,1.6609761099930531,0.0,0.0,0.0,4.5377104737956095,0.07562850789659349
1.3649999999999605,0.24087042148290758,-0.07298891057104044,1.660883918164208,0.24089753526951235,-0.0730729833318539,1.6609761099930531,0.24089753526951235,-0.0730729833318539,1.6609761099930531,0.0,0.0,0.0,4.5377289864223735,0.07562881644037289
1.3659999999999604,0.24087191630121635,-0.07299021980837368,1.6608853998186033,0.24089753526951235,-0.0730729833318539,1.6609761099930531,0.24089753526951235,-0.0730729833318539,1.6609761099930531,0.0,0.0,0.0,4.537746643388639,0.07562911072314397
1.3669999999999602,0.24087339651350026,-0.072991526985359,1.6608868786669009,0.24089753526951235,-0.0730729833318539,1.6609761099930531,0.24089753526951235,-0.0730729833318539,1.6609761099930531,0.0,0.0,0.0,4.537763454638804,0.07562939091064673
1.3679999999999601,0.2408748620405072,-0.07299283189938237,1.660888354483912,0.24089753526951235,-0.0730729833318539,1.6609761099930531,0.24089753526951235,-0.0730729833318539,1.6609761099930531,0.0,0.0,0.0,4.537779430100756,0.07562965716834594
1.36899999999996,0.24087631280673555,-0.07299413435070734,1.660889827047784,0.24089753526951235,-0.0730729833318539,1.6609761099930531,0.24089753526951235,-0.0730729833318539,1.6609761099930531,0.0,0.0,0.0,4.537794579685838,0.07562990966143063
1.36999999999996,0.24087774874039442,-0.07299543414247617,1.6608912961400037,0.24089753526951235,-0.0730729833318539,1.6609761099930531,0.24089753526951235,-0.0730729833318539,1.6609761099930531,0.0,0.0,0.0,4.53780891328822,0.07563014855480367
1.3709999999999598,0.24087916977336754,-0.07299673108071135,1.6608927615453901,0.24089753526951235,-0.0730729833318539,1.6609761099930531,0.24089753526951235,-0.0730729833318539,1.6609761099930531,0.0,0.0,0.0,4.537822440783128,0.07563037401305213
1.3719999999999597,0.24088057584117487,-0.0729980249743167,1.660894223052098,0.24089753526951235,-0.0730729833318539,1.6609761099930531,0.24089753526951235,-0.0730729833318539,1.6609761099930531,0.0,0.0,0.0,4.537835172027159,0.07563058620045265
1.3729999999999596,0.24088196688293498,-0.0729993156350769,1.6608956804516133,0.24089753526951235,-0.0730729833318539,1.6609761099930531,0.24089753526951235,-0.0730729833318539,1.6609761099930531,0.0,0.0,0.0,4.537847116856197,0.07563078528093661
1.3739999999999595,0.24088334284132645,-0.0730006028776563,1.6608971335387481,0.24089753526951235,-0.0730729833318539,1.6609761099930531,0.24089753526951235,-0.0730729833318539,1.6609761099930531,0.0,0.0,0.0,4.537858285085502,0.07563097141809169
1.3749999999999594,0.24088470366255083,-0.0730018865195991,1.66089858211164,0.24089753526951235,-0.0730729833318539,1.6609761099930531,0.24089753526951235,-0.0730729833318539,1.6609761099930531,0.0,0.0,0.0,4.537868686508267,0.07563114477513778
1.3759999999999593,0.2408860492962931,-0.07300316638132623,1.6609000259717466,0.24089753526951235,-0.0730729833318539,1.6609761099930531,0.24089753526951235,-0.0730729833318539,1.6609761099930531,0.0,0.0,0.0,4.537878330895249,0.07563130551492082
1.3769999999999591,0.24088737969568444,-0.07300444228613417,1.6609014649238387,0.24089753526951235,-0.0730729833318539,1.6609761099930531,0.24089753526951235,-0.0730729833318539,1.6609761099930531,0.0,0.0,0.0,4.537887227993259,0.07563145379988766
1.377999999999959,0.24088869481726394,-0.07300571406019209,1.660902898775998,0.24089753526951235,-0.0730729833318539,1.6609761099930531,0.24089753526951235,-0.0730729833318539,1.6609761099930531,0.0,0.0,0.0,4.537895387525076,0.07563158979208459
1.378999999999959,0.2408899946209393,-0.07300698153253672,1.6609043273396096,0.24089753526951235,-0.0730729833318539,1.6609761099930531,0.24089753526951235,-0.0730729833318539,1.6609761099930531,0.0,0.0,0.0,4.537902819188089,0.07563171365313481
1.3799999999999588,0.24089127906994953,-0.07300824453507168,1.6609057504293534,0.24089753526951235,-0.0730729833318539,1.6609761099930531,0.24089753526951235,-0.0730729833318539,1.6609761099930531,0.0,0.0,0.0,4.537909532653457,0.07563182554422429
1.3809999999999587,0.24089254813082556,-0.07300950290256004,1.6609071678632004,0.24089753526951235,-0.0730729833318539,1.6609761099930531,0.24089753526951235,-0.0730729833318539,1.6609761099930531,0.0,0.0,0.0,4.53791553756581,0.07563192562609683
1.3819999999999586,0.24089380177335123,-0.07301075647262124,1.6609085794624003,0.24089753526951235,-0.0730729833318539,1.6609761099930531,0.24089753526951235,-0.0730729833318539,1.6609761099930531,0.0,0.0,0.0,4.537920843541528,0.07563201405902546
1.3829999999999585,0.2408950399705272,-0.07301200508572467,1.66090998505148,0.24089753526951235,-0.0730729833318539,1.6609761099930531,0.24089753526951235,-0.0730729833318539,1.6609761099930531,0.0,0.0,0.0,4.537925460168792,0.0756320910028132
1.3839999999999584,0.24089626269852887,-0.07301324858518485,1.6609113844582257,0.24089753526951235,-0.0730729833318539,1.6609761099930531,0.24089753526951235,-0.0730729833318539,1.6609761099930531,0.0,0.0,0.0,4.537929397006238,0.07563215661677063
1.3849999999999583,0.24089746993667072,-0.07301448681715406,1.6609127775136836,0.24089753526951235,-0.0730729833318539,1.6609761099930531,0.24089753526951235,-0.0730729833318539,1.6609761099930531,0.0,0.0,0.0,4.537932663582568,0.07563221105970946
1.3859999999999582,0.24089866166736534,-0.07301571963061584,1.6609141640521414,0.24089753526951235,-0.0730729833318539,1.6609761099930531,0.24089753526951235,-0.0730729833318539,1.6609761099930531,0.0,0.0,0.0,4.537935269394994,0.07563225448991658
1.386999999999958,0.24089983787608626,-0.07301694687737798,1.6609155439111214,0.24089753526951235,-0.0730729833318539,1.6609761099930531,0.24089753526951235,-0.0730729833318539,1.6609761099930531,0.0,0.0,0.0,4.537937223909127,0.07563228706515211
1.387999999999958,0.24090099855132924,-0.07301816841206459,1.6609169169313722,0.24089753526951235,-0.0730729833318539,1.6609761099930531,0.24089753526951235,-0.0730729833318539,1.6609761099930531,0.0,0.0,0.0,4.537938536558377,0.07563230894263961
1.3889999999999578,0.24090214368457258,-0.0730193840921069,1.6609182829568525,0.24089753526951235,-0.0730729833318539,1.6609761099930531,0.24089753526951235,-0.0730729833318539,1.6609761099930531,0.0,0.0,0.0,4.537939216742201,0.07563232027903669
1.3899999999999577,0.24090327327023914,-0.07302059377773697,1.660919641834723,0.24089753526951235,-0.0730729833318539,1.6609761099930531,0.24089753526951235,-0.0730729833318539,1.6609761099930531,0.0,0.0,0.0,4.537939273826421,0.07563232123044035
1.3909999999999576,0.24090438730565714,-0.07302179733197585,1.6609209934153304,0.24089753526951235,-0.0730729833318539,1.6609761099930531,0.24089753526951235,-0.0730729833318539,1.6609761099930531,0.0,0.0,0.0,4.537938717141374,0.07563231195235624
1.3919999999999575,0.24090548579102264,-0.0730229946206262,1.6609223375521998,0.24089753526951235,-0.0730729833318539,1.6609761099930531,0.24089753526951235,-0.0730729833318539,1.6609761099930531,0.0,0.0,0.0,4.537937555982428,0.07563229259970713
1.3929999999999574,0.24090656872935964,-0.07302418551226074,1.6609236741020177,0.24089753526951235,-0.0730729833318539,1.6609761099930531,0.24089753526951235,-0.0730729833318539,1.6609761099930531,0.0,0.0,0.0,4.537935799607784,0.07563226332679639
1.3939999999999573,0.2409076361264816,-0.07302536987821323,1.6609250029246172,0.24089753526951235,-0.0730729833318539,1.6609761099930531,0.24089753526951235,-0.0730729833318539,1.6609761099930531,0.0,0.0,0.0,4.537933457238711,0.07563222428731184
1.3949999999999572,0.24090868799095438,-0.07302654759256702,1.6609263238829697,0.24089753526951235,-0.0730729833318539,1.6609761099930531,0.24089753526951235,-0.0730729833318539,1.6609761099930531,0.0,0.0,0.0,4.537930538058888,0.0756321756343148
1.395999999999957,0.24090972433405583,-0.07302771853214368,1.660927636843164,0.24089753526951235,-0.0730729833318539,1.6609761099930531,0.24089753526951235,-0.0730729833318539,1.6609761099930531,0.0,0.0,0.0,4.537927051212867,0.07563211752021444
1.396999999999957,0.24091074516973804,-0.07302888257649254,1.6609289416743953,0.24089753526951235,-0.0730729833318539,1.6609761099930531,0.24089753526951235,-0.0730729833318539,1.6609761099930531,0.0,0.0,0.0,4.537923005806232,0.07563205009677053
1.3979999999999568,0.2409117505145894,-0.07303003960787734,1.6609302382489488,0.24089753526951235,-0.0730729833318539,1.6609761099930531,0.24089753526951235,-0.0730729833318539,1.6609761099930531,0.0,0.0,0.0,4.53791841090417,0.07563197351506949
1.3989999999999567,0.24091274038779514,-0.07303118951126546,1.6609315264421856,0.24089753526951235,-0.0730729833318539,1.6609761099930531,0.24089753526951235,-0.0730729833318539,1.6609761099930531,0.0,0.0,0.0,4.537913275531495,0.07563188792552492
1.3999999999999566,0.2409137148110999,-0.07303233217431389,1.6609328061325226,0.24089753526951235,-0.0730729833318539,1.6609761099930531,0.24089753526951235,-0.0730729833318539,1.6609761099930531,0.0,0.0,0.0,4.537907608670772,0.0756317934778462
1.4009999999999565,0.24091467380877002,-0.07303346748735741,1.6609340772014192,0.24089753526951235,-0.0730729833318539,1.6609761099930531,0.24089753526951235,-0.0730729833318539,1.6609761099930531,0.0,0.0,0.0,4.537901419263036,0.07563169032105059
1.4019999999999564,0.24091561740755382,-0.07303459534339468,1.6609353395333617,0.24089753526951235,-0.0730729833318539,1.6609761099930531,0.24089753526951235,-0.0730729833318539,1.6609761099930531,0.0,0.0,0.0,4.537894716206658,0.0756315786034443
1.4029999999999563,0.24091654563664405,-0.07303571563807446,1.6609365930158435,0.24089753526951235,-0.0730729833318539,1.6609761099930531,0.24089753526951235,-0.0730729833318539,1.6609761099930531,0.0,0.0,0.0,4.53788750835594,0.075631458472599
1.4039999999999562,0.2409174585276413,-0.07303682826968191,1.6609378375393493,0.24089753526951235,-0.0730729833318539,1.6609761099930531,0.24089753526951235,-0.0730729833318539,1.6609761099930531,0.0,0.0,0.0,4.537879804521078,0.0756313300753513
1.404999999999956,0.24091835611451318,-0.07303793313912411,1.660939072997334,0.24089753526951235,-0.0730729833318539,1.6609761099930531,0.24089753526951235,-0.0730729833318539,1.6609761099930531,0.0,0.0,0.0,4.53787161346784,0.07563119355779734
1.405999999999956,0.24091923843355978,-0.07303903014991538,1.6609402992862106,0.24089753526951235,-0.0730729833318539,1.6609761099930531,0.24089753526951235,-0.0730729833318539,1.6609761099930531,0.0,0.0,0.0,4.537862943916443,0.07563104906527406
1.4069999999999558,0.24092010552337406,-0.07304011920816314,1.6609415163053258,0.24089753526951235,-0.0730729833318539,1.6609761099930531,0.24089753526951235,-0.0730729833318539,1.6609761099930531,0.0,0.0,0.0,4.5378538045407,0.075630896742345
1.4079999999999557,0.24092095742480418,-0.0730412002225507,1.660942723956946,0.24089753526951235,-0.0730729833318539,1.6609761099930531,0.24089753526951235,-0.0730729833318539,1.6609761099930531,0.0,0.0,0.0,4.53784420396822,0.07563073673280367
1.4089999999999556,0.24092179418091647,-0.07304227310432408,1.660943922146232,0.24089753526951235,-0.0730729833318539,1.6609761099930531,0.24089753526951235,-0.0730729833318539,1.6609761099930531,0.0,0.0,0.0,4.537834150778592,0.07563056917964321
1.4099999999999555,0.2409226158369584,-0.07304333776727469,1.6609451107812279,0.24089753526951235,-0.0730729833318539,1.6609761099930531,0.24089753526951235,-0.0730729833318539,1.6609761099930531,0.0,0.0,0.0,4.5378236535045,0.07563039422507499
1.4109999999999554,0.24092342244032058,-0.07304439412772333,1.6609462897728344,0.24089753526951235,-0.0730729833318539,1.6609761099930531,0.24089753526951235,-0.0730729833318539,1.6609761099930531,0.0,0.0,0.0,4.537812720629284,0.07563021201048807
1.4119999999999553,0.24092421404049963,-0.07304544210450432,1.6609474590347921,0.24089753526951235,-0.0730729833318539,1.6609761099930531,0.24089753526951235,-0.0730729833318539,1.6609761099930531,0.0,0.0,0.0,4.537801360587769,0.07563002267646282
1.4129999999999552,0.2409249906890624,-0.07304648161894878,1.6609486184836608,0.24089753526951235,-0.0730729833318539,1.6609761099930531,0.24089753526951235,-0.0730729833318539,1.6609761099930531,0.0,0.0,0.0,4.5377895817648195,0.075629826362747
1.413999999999955,0.2409257524396069,-0.07304751259486707,1.6609497680387972,0.24089753526951235,-0.0730729833318539,1.6609761099930531,0.24089753526951235,-0.0730729833318539,1.6609761099930531,0.0,0.0,0.0,4.537777392495495,0.07562962320825825
1.414999999999955,0.24092649934772759,-0.07304853495853271,1.660950907622339,0.24089753526951235,-0.0730729833318539,1.6609761099930531,0.24089753526951235,-0.0730729833318539,1.6609761099930531,0.0,0.0,0.0,4.537764801063939,0.07562941335106564
1.4159999999999549,0.2409272314709776,-0.07304954863866348,1.6609520371591764,0.24089753526951235,-0.0730729833318539,1.6609761099930531,0.24089753526951235,-0.0730729833318539,1.6609761099930531,0.0,0.0,0.0,4.537751815702773,0.07562919692837955
1.4169999999999547,0.2409279488688328,-0.07305055356640605,1.660953156576939,0.24089753526951235,-0.0730729833318539,1.6609761099930531,0.24089753526951235,-0.0730729833318539,1.6609761099930531,0.0,0.0,0.0,4.5377384445935345,0.07562897407655891
1.4179999999999546,0.24092865160265478,-0.07305154967531523,1.6609542658059677,0.24089753526951235,-0.0730729833318539,1.6609761099930531,0.24089753526951235,-0.0730729833318539,1.6609761099930531,0.0,0.0,0.0,4.537724695864662,0.0756287449310777
1.4189999999999545,0.24092933973565628,-0.0730525369013383,1.660955364779297,0.24089753526951235,-0.0730729833318539,1.6609761099930531,0.24089753526951235,-0.0730729833318539,1.6609761099930531,0.0,0.0,0.0,4.537710577592496,0.0756285096265416
1.4199999999999544,0.24093001333286262,-0.0730535151827955,1.66095645343263,0.24089753526951235,-0.0730729833318539,1.6609761099930531,0.24089753526951235,-0.0730729833318539,1.6609761099930531,0.0,0.0,0.0,4.537696097799709,0.07562826829666182
1.4209999999999543,0.2409306724610787,-0.07305448446036174,1.6609575317043206,0.24089753526951235,-0.0730729833318539,1.6609761099930531,0.24089753526951235,-0.0730729833318539,1.6609761099930531,0.0,0.0,0.0,4.537681264455516,0.0756280210742586
1.4219999999999542,0.240931317188851,-0.07305544467704811,1.6609585995353453,0.24089753526951235,-0.0730729833318539,1.6609761099930531,0.24089753526951235,-0.0730729833318539,1.6609761099930531,0.0,0.0,0.0,4.537666085474603,0.07562776809124339
1.422999999999954,0.2409319475864332,-0.07305639577818232,1.660959656869286,0.24089753526951235,-0.0730729833318539,1.6609761099930531,0.24089753526951235,-0.0730729833318539,1.6609761099930531,0.0,0.0,0.0,4.537650568717399,0.07562750947862332
1.423999999999954,0.24093256372575117,-0.07305733771139045,1.6609607036523035,0.24089753526951235,-0.0730729833318539,1.6609761099930531,0.24089753526951235,-0.0730729833318539,1.6609761099930531,0.0,0.0,0.0,4.537634721988678,0.07562724536647797
1.4249999999999539,0.2409331656803669,-0.07305827042657648,1.6609617398331173,0.24089753526951235,-0.0730729833318539,1.6609761099930531,0.24089753526951235,-0.0730729833318539,1.6609761099930531,0.0,0.0,0.0,4.537618553038269,0.07562697588397115
1.4259999999999537,0.24093375352544363,-0.0730591938759044,1.6609627653629808,0.24089753526951235,-0.0730729833318539,1.6609761099930531,0.24089753526951235,-0.0730729833318539,1.6609761099930531,0.0,0.0,0.0,4.537602069559637,0.07562670115932728
1.4269999999999536,0.24093432733771175,-0.07306010801377683,1.6609637801956574,0.24089753526951235,-0.0730729833318539,1.6609761099930531,0.24089753526951235,-0.0730729833318539,1.6609761099930531,0.0,0.0,0.0,4.5375852791898,0.07562642131983001
1.4279999999999535,0.24093488719543396,-0.07306101279681664,1.6609647842873987,0.24089753526951235,-0.0730729833318539,1.6609761099930531,0.24089753526951235,-0.0730729833318539,1.6609761099930531,0.0,0.0,0.0,4.537568189509481,0.07562613649182469
1.4289999999999534,0.24093543317837013,-0.07306190818384606,1.6609657775969209,0.24089753526951235,-0.0730729833318539,1.6609761099930531,0.24089753526951235,-0.0730729833318539,1.6609761099930531,0.0,0.0,0.0,4.537550808041901,0.07562584680069835
1.4299999999999533,0.24093596536774403,-0.07306279413586675,1.6609667600853788,0.24089753526951235,-0.0730729833318539,1.6609761099930531,0.24089753526951235,-0.0730729833318539,1.6609761099930531,0.0,0.0,0.0,4.537533142252662,0.0756255523708777
1.4309999999999532,0.2409364838462088,-0.0730636706160397,1.6609677317163445,0.24089753526951235,-0.0730729833318539,1.6609761099930531,0.24089753526951235,-0.0730729833318539,1.6609761099930531,0.0,0.0,0.0,4.537515199549799,0.07562525332582998
1.431999999999953,0.24093698869781283,-0.07306453758966445,1.6609686924557827,0.24089753526951235,-0.0730729833318539,1.6609761099930531,0.24089753526951235,-0.0730729833318539,1.6609761099930531,0.0,0.0,0.0,4.537496987282827,0.07562494978804711
1.432999999999953,0.2409374800079673,-0.07306539502415905,1.6609696422720235,0.24089753526951235,-0.0730729833318539,1.6609761099930531,0.24089753526951235,-0.0730729833318539,1.6609761099930531,0.0,0.0,0.0,4.537478512742405,0.07562464187904008
1.4339999999999529,0.2409379578634111,-0.07306624288903885,1.6609705811357431,0.24089753526951235,-0.0730729833318539,1.6609761099930531,0.24089753526951235,-0.0730729833318539,1.6609761099930531,0.0,0.0,0.0,4.5374597831610055,0.0756243297193501
1.4349999999999528,0.2409384223521797,-0.07306708115589593,1.6609715090199364,0.24089753526951235,-0.0730729833318539,1.6609761099930531,0.24089753526951235,-0.0730729833318539,1.6609761099930531,0.0,0.0,0.0,4.537440805711099,0.07562401342851831
1.4359999999999526,0.24093887356356974,-0.07306790979837768,1.6609724258998915,0.24089753526951235,-0.0730729833318539,1.6609761099930531,0.24089753526951235,-0.0730729833318539,1.6609761099930531,0.0,0.0,0.0,4.537421587506063,0.07562369312510105
1.4369999999999525,0.24093931158810822,-0.07306872879216672,1.6609733317531683,0.24089753526951235,-0.0730729833318539,1.6609761099930531,0.24089753526951235,-0.0730729833318539,1.6609761099930531,0.0,0.0,0.0,4.537402135599337,0.07562336892665562
1.4379999999999524,0.24093973651751888,-0.07306953811495878,1.6609742265595706,0.24089753526951235,-0.0730729833318539,1.6609761099930531,0.24089753526951235,-0.0730729833318539,1.6609761099930531,0.0,0.0,0.0,4.537382456983979,0.07562304094973298
1.4389999999999523,0.24094014844469042,-0.07307033774644234,1.660975110301123,0.24089753526951235,-0.0730729833318539,1.6609761099930531,0.24089753526951235,-0.0730729833318539,1.6609761099930531,0.0,0.0,0.0,4.537362558592693,0.07562270930987822
1.4399999999999522,0.24094054746364416,-0.07307112766827586,1.6609759829620452,0.24089753526951235,-0.0730729833318539,1.6609761099930531,0.24089753526951235,-0.0730729833318539,1.6609761099930531,0.0,0.0,0.0,4.537342447297712,0.07562237412162855
1.440999999999952,0.2409409336695021,-0.07307190786406789,1.6609768445287274,0.24089753526951235,-0.0730729833318539,1.6609761099930531,0.24089753526951235,-0.0730729833318539,1.6609761099930531,0.0,0.0,0.0,4.537322129910164,0.07562203549850273
1.441999999999952,0.24094130715845538,-0.07307267831935454,1.6609776949897057,0.24089753526951235,-0.0730729833318539,1.6609761099930531,0.24089753526951235,-0.0730729833318539,1.6609761099930531,0.0,0.0,0.0,4.537301613180035,0.07562169355300058
1.4429999999999519,0.24094166802773279,-0.07307343902157787,1.660978534335634,0.24089753526951235,-0.0730729833318539,1.6609761099930531,0.24089753526951235,-0.0730729833318539,1.6609761099930531,0.0,0.0,0.0,4.537280903795653,0.07562134839659422
1.4439999999999518,0.24094201637556922,-0.07307418996006512,1.6609793625592637,0.24089753526951235,-0.0730729833318539,1.6609761099930531,0.24089753526951235,-0.0730729833318539,1.6609761099930531,0.0,0.0,0.0,4.537260008384319,0.07562100013973864
1.4449999999999517,0.2409423523011757,-0.07307493112600554,1.6609801796554147,0.24089753526951235,-0.0730729833318539,1.6609761099930531,0.24089753526951235,-0.0730729833318539,1.6609761099930531,0.0,0.0,0.0,4.5372389335106575,0.07562064889184429
1.4459999999999515,0.24094267590470775,-0.0730756625124298,1.6609809856209503,0.24089753526951235,-0.0730729833318539,1.6609761099930531,0.24089753526951235,-0.0730729833318539,1.6609761099930531,0.0,0.0,0.0,4.537217685677666,0.07562029476129443
1.4469999999999514,0.24094298728723512,-0.07307638411418711,1.6609817804547533,0.24089753526951235,-0.0730729833318539,1.6609761099930531,0.24089753526951235,-0.0730729833318539,1.6609761099930531,0.0,0.0,0.0,4.53719627132627,0.07561993785543783
1.4479999999999513,0.2409432865507118,-0.07307709592792398,1.660982564157699,0.24089753526951235,-0.0730729833318539,1.6609761099930531,0.24089753526951235,-0.0730729833318539,1.6609761099930531,0.0,0.0,0.0,4.537174696834714,0.07561957828057857
1.4489999999999512,0.24094357379794568,-0.07307779795206201,1.6609833367326328,0.24089753526951235,-0.0730729833318539,1.6609761099930531,0.24089753526951235,-0.0730729833318539,1.6609761099930531,0.0,0.0,0.0,4.5371529685189,0.07561921614198167
1.449999999999951,0.2409438491325691,-0.07307849018677534,1.660984098184339,0.24089753526951235,-0.0730729833318539,1.6609761099930531,0.24089753526951235,-0.0730729833318539,1.6609761099930531,0.0,0.0,0.0,4.537131092631418,0.07561885154385696
1.450999999999951,0.24094411265900967,-0.07307917263396929,1.6609848485195209,0.24089753526951235,-0.0730729833318539,1.6609761099930531,0.24089753526951235,-0.0730729833318539,1.6609761099930531,0.0,0.0,0.0,4.53710907536276,0.07561848458937932
1.4519999999999509,0.24094436448245987,-0.07307984529725803,1.6609855877467727,0.24089753526951235,-0.0730729833318539,1.6609761099930531,0.24089753526951235,-0.0730729833318539,1.6609761099930531,0.0,0.0,0.0,4.537086922839931,0.07561811538066551
1.4529999999999508,0.2409446047088493,-0.07308050818194238,1.6609863158765534,0.24089753526951235,-0.0730729833318539,1.6609761099930531,0.24089753526951235,-0.0730729833318539,1.6609761099930531,0.0,0.0,0.0,4.537064641126798,0.07561774401877996
1.4539999999999507,0.2409448334448151,-0.07308116129498675,1.6609870329211631,0.24089753526951235,-0.0730729833318539,1.6609761099930531,0.24089753526951235,-0.0730729833318539,1.6609761099930531,0.0,0.0,0.0,4.537042236224163,0.07561737060373605
1.4549999999999506,0.24094505079767398,-0.07308180464499855,1.6609877388947147,0.24089753526951235,-0.0730729833318539,1.6609761099930531,0.24089753526951235,-0.0730729833318539,1.6609761099930531,0.0,0.0,0.0,4.537019714069224,0.07561699523448707
1.4559999999999504,0.24094525687539425,-0.0730824382422045,1.6609884338131118,0.24089753526951235,-0.0730729833318539,1.6609761099930531,0.24089753526951235,-0.0730729833318539,1.6609761099930531,0.0,0.0,0.0,4.536997080535916,0.07561661800893194
1.4569999999999503,0.24094545178656607,-0.07308306209842988,1.6609891176940192,0.24089753526951235,-0.0730729833318539,1.6609761099930531,0.24089753526951235,-0.0730729833318539,1.6609761099930531,0.0,0.0,0.0,4.536974341434338,0.07561623902390564
1.4579999999999502,0.24094563564037666,-0.07308367622707457,1.66098979055684,0.24089753526951235,-0.0730729833318539,1.6609761099930531,0.24089753526951235,-0.0730729833318539,1.6609761099930531,0.0,0.0,0.0,4.536951502511155,0.0756158583751859
1.4589999999999501,0.24094580854658043,-0.07308428064309205,1.660990452422691,0.24089753526951235,-0.0730729833318539,1.6609761099930531,0.24089753526951235,-0.0730729833318539,1.6609761099930531,0.0,0.0,0.0,4.536928569449601,0.07561547615749335
1.45999999999995,0.2409459706154724,-0.07308487536296648,1.6609911033143727,0.24089753526951235,-0.0730729833318539,1.6609761099930531,0.24089753526951235,-0.0730729833318539,1.6609761099930531,0.0,0.0,0.0,4.536905547868565,0.07561509246447608
1.46099999999995,0.2409461219578622,-0.07308546040469076,1.6609917432563475,0.24089753526951235,-0.0730729833318539,1.6609761099930531,0.24089753526951235,-0.0730729833318539,1.6609761099930531,0.0,0.0,0.0,4.536882443323644,0.0756147073887274
1.4619999999999498,0.2409462626850463,-0.07308603578774432,1.6609923722747137,0.24089753526951235,-0.0730729833318539,1.6609761099930531,0.24089753526951235,-0.0730729833318539,1.6609761099930531,0.0,0.0,0.0,4.536859261306611,0.07561432102177684
1.4629999999999497,0.24094639290878223,-0.07308660153307092,1.660992990397179,0.24089753526951235,-0.0730729833318539,1.6609761099930531,0.24089753526951235,-0.0730729833318539,1.6609761099930531,0.0,0.0,0.0,4.536836007245073,0.07561393345408456
1.4639999999999496,0.24094651274126205,-0.07308715766305596,1.660993597653035,0.24089753526951235,-0.0730729833318539,1.6609761099930531,0.24089753526951235,-0.0730729833318539,1.6609761099930531,0.0,0.0,0.0,4.536812686503051,0.07561354477505085
1.4649999999999495,0.24094662229508695,-0.07308770420150436,1.6609941940731332,0.24089753526951235,-0.0730729833318539,1.6609761099930531,0.24089753526951235,-0.0730729833318539,1.6609761099930531,0.0,0.0,0.0,4.536789304380671,0.07561315507301118
1.4659999999999493,0.24094672168324094,-0.07308824117361959,1.6609947796898576,0.24089753526951235,-0.0730729833318539,1.6609761099930531,0.24089753526951235,-0.0730729833318539,1.6609761099930531,0.0,0.0,0.0,4.536765866114036,0.07561276443523395
1.4669999999999492,0.24094681101906684,-0.07308876860597922,1.660995354537102,0.24089753526951235,-0.0730729833318539,1.6609761099930531,0.24089753526951235,-0.0730729833318539,1.6609761099930531,0.0,0.0,0.0,4.536742376875597,0.07561237294792661
1.4679999999999491,0.24094689041623946,-0.07308928652651539,1.6609959186502412,0.24089753526951235,-0.0730729833318539,1.6609761099930531,0.24089753526951235,-0.0730729833318539,1.6609761099930531,0.0,0.0,0.0,4.5367188417738005,0.07561198069623001
1.468999999999949,0.24094695998874271,-0.0730897949644908,1.6609964720661097,0.24089753526951235,-0.0730729833318539,1.6609761099930531,0.24089753526951235,-0.0730729833318539,1.6609761099930531,0.0,0.0,0.0,4.536695265853415,0.07561158776422358
1.469999999999949,0.24094701985084357,-0.0730902939504777,1.6609970148229722,0.24089753526951235,-0.0730729833318539,1.6609761099930531,0.24089753526951235,-0.0730729833318539,1.6609761099930531,0.0,0.0,0.0,4.536671654095476,0.0756111942349246
1.4709999999999488,0.24094707011706823,-0.07309078351633481,1.660997546960504,0.24089753526951235,-0.0730729833318539,1.6609761099930531,0.24089753526951235,-0.0730729833318539,1.6609761099930531,0.0,0.0,0.0,4.536648011417382,0.0756108001902897
1.4719999999999487,0.24094711090217935,-0.07309126369518704,1.6609980685197607,0.24089753526951235,-0.0730729833318539,1.6609761099930531,0.24089753526951235,-0.0730729833318539,1.6609761099930531,0.0,0.0,0.0,4.536624342672441,0.07561040571120735
1.4729999999999486,0.24094714232115028,-0.07309173452140244,1.6609985795431559,0.24089753526951235,-0.0730729833318539,1.6609761099930531,0.24089753526951235,-0.0730729833318539,1.6609761099930531,0.0,0.0,0.0,4.536600652650924,0.07561001087751541
1.4739999999999485,0.24094716448914344,-0.07309219603056973,1.6609990800744352,0.24089753526951235,-0.0730729833318539,1.6609761099930531,0.24089753526951235,-0.0730729833318539,1.6609761099930531,0.0,0.0,0.0,4.536576946079466,0.07560961576799109
1.4749999999999484,0.24094717752148603,-0.07309264825947807,1.6609995701586535,0.24089753526951235,-0.0730729833318539,1.6609761099930531,0.24089753526951235,-0.0730729833318539,1.6609761099930531,0.0,0.0,0.0,4.536553227621098,0.07560922046035162
1.4759999999999482,0.24094718153364827,-0.07309309124609455,1.6610000498421469,0.24089753526951235,-0.0730729833318539,1.6609761099930531,0.24089753526951235,-0.0730729833318539,1.6609761099930531,0.0,0.0,0.0,4.536529501875474,0.0756088250312579
1.4769999999999481,0.24094717664121953,-0.07309352502954243,1.661000519172511,0.24089753526951235,-0.0730729833318539,1.6609761099930531,0.24089753526951235,-0.0730729833318539,1.6609761099930531,0.0,0.0,0.0,4.536505773379413,0.07560842955632355
1.477999999999948,0.24094716295988738,-0.07309394965007955,1.6610009781985753,0.24089753526951235,-0.0730729833318539,1.6609761099930531,0.24089753526951235,-0.0730729833318539,1.6609761099930531,0.0,0.0,0.0,4.536482046606343,0.07560803411010572
1.478999999999948,0.24094714060541428,-0.073094365149077,1.6610014269703786,0.24089753526951235,-0.0730729833318539,1.6609761099930531,0.24089753526951235,-0.0730729833318539,1.6609761099930531,0.0,0.0,0.0,4.536458325966723,0.07560763876611204
1.4799999999999478,0.24094710969361696,-0.07309477156899702,1.661001865539144,0.24089753526951235,-0.0730729833318539,1.6609761099930531,0.24089753526951235,-0.0730729833318539,1.6609761099930531,0.0,0.0,0.0,4.536434615807984,0.07560724359679974
1.4809999999999477,0.24094707034034385,-0.07309516895337304,1.6610022939572566,0.24089753526951235,-0.0730729833318539,1.6609761099930531,0.24089753526951235,-0.0730729833318539,1.6609761099930531,0.0,0.0,0.0,4.536410920415311,0.07560684867358852
1.4819999999999476,0.2409470226614554,-0.07309555734678706,1.6610027122782365,0.24089753526951235,-0.0730729833318539,1.6609761099930531,0.24089753526951235,-0.0730729833318539,1.6609761099930531,0.0,0.0,0.0,4.536387244010655,0.07560645406684424
1.4829999999999475,0.2409469667728013,-0.07309593679484822,1.6610031205567186,0.24089753526951235,-0.0730729833318539,1.6609761099930531,0.24089753526951235,-0.0730729833318539,1.6609761099930531,0.0,0.0,0.0,4.536363590754328,0.07560605984590546
1.4839999999999474,0.2409469027902007,-0.07309630734417327,1.6610035188484227,0.24089753526951235,-0.0730729833318539,1.6609761099930531,0.24089753526951235,-0.0730729833318539,1.6609761099930531,0.0,0.0,0.0,4.536339964743338,0.07560566607905563
1.4849999999999473,0.24094683082942334,-0.07309666904236373,1.6610039072101381,0.24089753526951235,-0.0730729833318539,1.6609761099930531,0.24089753526951235,-0.0730729833318539,1.6609761099930531,0.0,0.0,0.0,4.536316370013497,0.07560527283355829
1.4859999999999471,0.24094675100616603,-0.07309702193798599,1.6610042856996905,0.24089753526951235,-0.0730729833318539,1.6609761099930531,0.24089753526951235,-0.0730729833318539,1.6609761099930531,0.0,0.0,0.0,4.53629281053801,0.0756048801756335
1.486999999999947,0.24094666343603652,-0.07309736608055015,1.661004654375926,0.24089753526951235,-0.0730729833318539,1.6609761099930531,0.24089753526951235,-0.0730729833318539,1.6609761099930531,0.0,0.0,0.0,4.536269290228738,0.07560448817047896
1.487999999999947,0.24094656823453175,-0.07309770152048896,1.661005013298684,0.24089753526951235,-0.0730729833318539,1.6609761099930531,0.24089753526951235,-0.0730729833318539,1.6609761099930531,0.0,0.0,0.0,4.536245812935782,0.07560409688226304
1.4889999999999468,0.24094646551701857,-0.0730980283091378,1.6610053625287726,0.24089753526951235,-0.0730729833318539,1.6609761099930531,0.24089753526951235,-0.0730729833318539,1.6609761099930531,0.0,0.0,0.0,4.536222382447796,0.07560370637412993
1.4899999999999467,0.24094635539871623,-0.07309834649871311,1.6610057021279492,0.24089753526951235,-0.0730729833318539,1.6609761099930531,0.24089753526951235,-0.0730729833318539,1.6609761099930531,0.0,0.0,0.0,4.536199002492337,0.07560331670820561
1.4909999999999466,0.24094623799467654,-0.07309865614229309,1.6610060321588946,0.24089753526951235,-0.0730729833318539,1.6609761099930531,0.24089753526951235,-0.0730729833318539,1.6609761099930531,0.0,0.0,0.0,4.5361756767360655,0.0756029279456011
1.4919999999999465,0.24094611341976496,-0.07309895729379615,1.6610063526851906,0.24089753526951235,-0.0730729833318539,1.6609761099930531,0.24089753526951235,-0.0730729833318539,1.6609761099930531,0.0,0.0,0.0,4.536152408784747,0.07560254014641245
1.4929999999999464,0.24094598178864446,-0.07309925000796186,1.6610066637712968,0.24089753526951235,-0.0730729833318539,1.6609761099930531,0.24089753526951235,-0.0730729833318539,1.6609761099930531,0.0,0.0,0.0,4.5361292021833926,0.07560215336972322
1.4939999999999463,0.24094584321575552,-0.07309953434032916,1.6610069654825297,0.24089753526951235,-0.0730729833318539,1.6609761099930531,0.24089753526951235,-0.0730729833318539,1.6609761099930531,0.0,0.0,0.0,4.536106060417249,0.07560176767362083
1.4949999999999461,0.2409456978152994,-0.07309981034721855,1.6610072578850374,0.24089753526951235,-0.0730729833318539,1.6609761099930531,0.24089753526951235,-0.0730729833318539,1.6609761099930531,0.0,0.0,0.0,4.5360829869109365,0.07560138311518227
1.495999999999946,0.24094554570122093,-0.07310007808571012,1.6610075410457787,0.24089753526951235,-0.0730729833318539,1.6609761099930531,0.24089753526951235,-0.0730729833318539,1.6609761099930531,0.0,0.0,0.0,4.5360599850295165,0.07560099975049193
1.496999999999946,0.24094538698719142,-0.07310033761362396,1.6610078150325018,0.24089753526951235,-0.0730729833318539,1.6609761099930531,0.24089753526951235,-0.0730729833318539,1.6609761099930531,0.0,0.0,0.0,4.536037058078503,0.07560061763464172
1.4979999999999458,0.240945221786592,-0.07310058898950253,1.661008079913719,0.24089753526951235,-0.0730729833318539,1.6609761099930531,0.24089753526951235,-0.0730729833318539,1.6609761099930531,0.0,0.0,0.0,4.536014209303721,0.07560023682172869
1.4989999999999457,0.24094505021249613,-0.07310083227258829,1.6610083357586882,0.24089753526951235,-0.0730729833318539,1.6609761099930531,0.24089753526951235,-0.0730729833318539,1.6609761099930531,0.0,0.0,0.0,4.535991441892478,0.07559985736487464
1.4999999999999456,0.2409448723776549,-0.07310106752280592,1.6610085826373884,0.24089753526951235,-0.0730729833318539,1.6609761099930531,0.24089753526951235,-0.0730729833318539,1.6609761099930531,0.0,0.0,0.0,4.535968758972767,0.07559947931621278
1.5009999999999455,0.24094468839447997,-0.07310129480074326,1.6610088206205,0.24089753526951235,-0.0730729833318539,1.6609761099930531,0.24089753526951235,-0.0730729833318539,1.6609761099930531,0.0,0.0,0.0,4.5359461636143354,0.07559910272690559
