time_s,ee_x,ee_y,ee_z,ref_x,ref_y,ref_z,actor_goal_x,actor_goal_y,actor_goal_z,force_x_n,force_y_n,force_z_n,max_abs_ctrl,max_control_fraction
0.001,0.24089753526951235,-0.0730729833318539,1.6609761099930531,0.24089753526951235,-0.0730729833318539,1.6609761099930531,0.24089753526951235,-0.0730729833318539,1.6609761099930531,0.0,0.0,0.0,4.534865693479492,0.07558109489132488
0.002,0.24089792617506692,-0.07307301570812491,1.6609760723441913,0.24089753526951235,-0.0730729833318539,1.6609761099930531,0.24089753526951235,-0.0730729833318539,1.6609761099930531,0.0,0.0,0.0,4.543371965735952,0.07572286609559921
0.003,0.24089831937263367,-0.07307305800194208,1.6609758875775094,0.24089753526951235,-0.0730729833318539,1.6609761099930531,0.24089753526951235,-0.0730729833318539,1.6609761099930531,0.0,0.0,0.0,4.546399398556117,0.07577332330926861
0.004,0.24089859597986812,-0.07307309901387965,1.6609755518182885,0.24089753526951235,-0.0730729833318539,1.6609761099930531,0.24089753526951235,-0.0730729833318539,1.6609761099930531,0.0,0.0,0.0,4.547201549066218,0.07578669248443697
0.005,0.24089873878853926,-0.07307313301363069,1.660975098591397,0.24089753526951235,-0.0730729833318539,1.6609761099930531,0.24089753526951235,-0.0730729833318539,1.6609761099930531,0.0,0.0,0.0,4.547041606191853,0.07578402676986422
0.006,0.24089876549800776,-0.07307315721425317,1.6609745713183541,0.24089753526951235,-0.0730729833318539,1.6609761099930531,0.24089753526951235,-0.0730729833318539,1.6609761099930531,0.0,0.0,0.0,4.546401107371766,0.07577335178952943
0.007,0.24089870285792725,-0.07307317057075839,1.660974012375094,0.24089753526951235,-0.0730729833318539,1.6609761099930531,0.24089753526951235,-0.0730729833318539,1.6609761099930531,0.0,0.0,0.0,4.545465795153779,0.07575776325256299
0.008,0.24089857718161722,-0.07307317314704152,1.6609734589181335,0.24089753526951235,-0.0730729833318539,1.6609761099930531,0.24089753526951235,-0.0730729833318539,1.6609761099930531,0.0,0.0,0.0,4.544317350896992,0.07573862251494987
0.009000000000000001,0.24089841128283518,-0.073073165737798,1.6609729414956529,0.24089753526951235,-0.0730729833318539,1.6609761099930531,0.24089753526951235,-0.0730729833318539,1.6609761099930531,0.0,0.0,0.0,4.5430061217347895,0.07571676869557982
0.010000000000000002,0.24089822384023163,-0.07307314961394358,1.660972483825914,0.24089753526951235,-0.0730729833318539,1.6609761099930531,0.24089753526951235,-0.0730729833318539,1.6609761099930531,0.0,0.0,0.0,4.541576338926961,0.07569293898211601
0.011000000000000003,0.2408980296121196,-0.07307312633540239,1.6609721030851092,0.24089753526951235,-0.0730729833318539,1.6609761099930531,0.24089753526951235,-0.0730729833318539,1.6609761099930531,0.0,0.0,0.0,4.5400729203601875,0.07566788200600312
0.012000000000000004,0.2408978398985676,-0.07307309760653881,1.6609718104330642,0.24089753526951235,-0.0730729833318539,1.6609761099930531,0.24089753526951235,-0.0730729833318539,1.6609761099930531,0.0,0.0,0.0,4.538541592664682,0.0756423598777447
0.013000000000000005,0.24089766303426163,-0.07307306516266979,1.6609716116589492,0.24089753526951235,-0.0730729833318539,1.6609761099930531,0.24089753526951235,-0.0730729833318539,1.6609761099930531,0.0,0.0,0.0,4.537026985289616,0.0756171164214936
0.014000000000000005,0.24089750484440559,-0.07307303068164707,1.6609715078894045,0.24089753526951235,-0.0730729833318539,1.6609761099930531,0.24089753526951235,-0.0730729833318539,1.6609761099930531,0.0,0.0,0.0,4.535570475122971,0.07559284125204951
0.015000000000000006,0.24089736905000142,-0.0730729957168264,1.6609714963248918,0.24089753526951235,-0.0730729833318539,1.6609761099930531,0.24089753526951235,-0.0730729833318539,1.6609761099930531,0.0,0.0,0.0,4.534208405675342,0.07557014009458903
0.016000000000000007,0.24089725762608188,-0.07307296164872211,1.6609715709794854,0.24089753526951235,-0.0730729833318539,1.6609761099930531,0.24089753526951235,-0.0730729833318539,1.6609761099930531,0.0,0.0,0.0,4.532970848975288,0.07554951414958813
0.017000000000000008,0.24089717112006825,-0.07307292965303158,1.660971723403754,0.24089753526951235,-0.0730729833318539,1.6609761099930531,0.24089753526951235,-0.0730729833318539,1.6609761099930531,0.0,0.0,0.0,4.53188090435546,0.07553134840592433
0.01800000000000001,0.24089710893656513,-0.07307290068288777,1.6609719433733978,0.24089753526951235,-0.0730729833318539,1.6609761099930531,0.24089753526951235,-0.0730729833318539,1.6609761099930531,0.0,0.0,0.0,4.530954466884332,0.07551590778140553
0.01900000000000001,0.24089706959299567,-0.0730728754632535,1.6609722195290502,0.24089753526951235,-0.0730729833318539,1.6609761099930531,0.24089753526951235,-0.0730729833318539,1.6609761099930531,0.0,0.0,0.0,4.530200380984024,0.07550333968306706
0.02000000000000001,0.24089705094875763,-0.07307285449543702,1.6609725399555417,0.24089753526951235,-0.0730729833318539,1.6609761099930531,0.24089753526951235,-0.0730729833318539,1.6609761099930531,0.0,0.0,0.0,4.529620894542558,0.07549368157570929
0.02100000000000001,0.2408970504093403,-0.07307283806976515,1.6609728926918965,0.24089753526951235,-0.0730729833318539,1.6609761099930531,0.24089753526951235,-0.0730729833318539,1.6609761099930531,0.0,0.0,0.0,4.529212334870914,0.07548687224784857
0.022000000000000013,0.24089706510612025,-0.0730728262845459,1.6609732661663645,0.24089753526951235,-0.0730729833318539,1.6609761099930531,0.24089753526951235,-0.0730729833318539,1.6609761099930531,0.0,0.0,0.0,4.528965936076986,0.0754827656012831
0.023000000000000013,0.24089709205220777,-0.07307281906956513,1.6609736495536631,0.24089753526951235,-0.0730729833318539,1.6609761099930531,0.24089753526951235,-0.0730729833318539,1.6609761099930531,0.0,0.0,0.0,4.528868756267084,0.07548114593778472
0.024000000000000014,0.24089712827470527,-0.073072816212513,1.6609740330543155,0.24089753526951235,-0.0730729833318539,1.6609761099930531,0.24089753526951235,-0.0730729833318539,1.6609761099930531,0.0,0.0,0.0,4.528904631870432,0.0754817438645072
0.025000000000000015,0.2408971709238774,-0.07307281738689658,1.6609744080983357,0.24089753526951235,-0.0730729833318539,1.6609761099930531,0.24089753526951235,-0.0730729833318539,1.6609761099930531,0.0,0.0,0.0,4.529055125040713,0.0754842520840119
0.026000000000000016,0.2408972173600208,-0.07307282218017963,1.66097476747757,0.24089753526951235,-0.0730729833318539,1.6609761099930531,0.24089753526951235,-0.0730729833318539,1.6609761099930531,0.0,0.0,0.0,4.529300428408394,0.07548834047347323
0.027000000000000017,0.24089726521912158,-0.07307283012108855,1.6609751054126143,0.24089753526951235,-0.0730729833318539,1.6609761099930531,0.24089753526951235,-0.0730729833318539,1.6609761099930531,0.0,0.0,0.0,4.5296201993029905,0.07549366998838318
0.028000000000000018,0.24089731245872503,-0.07307284070521236,1.6609754175615097,0.24089753526951235,-0.0730729833318539,1.6609761099930531,0.24089753526951235,-0.0730729833318539,1.6609761099930531,0.0,0.0,0.0,4.529994302881836,0.0754999050480306
0.02900000000000002,0.24089735738571177,-0.073072853418225,1.6609757009782338,0.24089753526951235,-0.0730729833318539,1.6609761099930531,0.24089753526951235,-0.0730729833318539,1.6609761099930531,0.0,0.0,0.0,4.530403450271911,0.07550672417119851
0.03000000000000002,0.24089739866792298,-0.07307286775624193,1.6609759540295295,0.24089753526951235,-0.0730729833318539,1.6609761099930531,0.24089753526951235,-0.0730729833318539,1.6609761099930531,0.0,0.0,0.0,4.530829723829001,0.07551382873048335
0.03100000000000002,0.2408974353317343,-0.07307288324299681,1.6609761762787174,0.24089753526951235,-0.0730729833318539,1.6609761099930531,0.24089753526951235,-0.0730729833318539,1.6609761099930531,0.0,0.0,0.0,4.5312569868649,0.07552094978108166
0.03200000000000002,0.24089746674779228,-0.07307289944368348,1.6609763683450265,0.24089753526951235,-0.0730729833318539,1.6609761099930531,0.24089753526951235,-0.0730729833318539,1.6609761099930531,0.0,0.0,0.0,4.531671179687618,0.07552785299479363
0.03300000000000002,0.24089749260714102,-0.0730729159754458,1.6609765317465384,0.24089753526951235,-0.0730729833318539,1.6609761099930531,0.24089753526951235,-0.0730729833318539,1.6609761099930531,0.0,0.0,0.0,4.532060507507257,0.07553434179178761
0.03400000000000002,0.2408975128899501,-0.07307293251462164,1.6609766687342509,0.24089753526951235,-0.0730729833318539,1.6609761099930531,0.24089753526951235,-0.0730729833318539,1.6609761099930531,0.0,0.0,0.0,4.532415528715107,0.07554025881191845
0.035000000000000024,0.24089752782894236,-0.07307294880093433,1.6609767821239898,0.24089753526951235,-0.0730729833318539,1.6609761099930531,0.24089753526951235,-0.0730729833318539,1.6609761099930531,0.0,0.0,0.0,4.532729154252876,0.0755454859042146
0.036000000000000025,0.24089753786949974,-0.07307296463891762,1.6609768751320124,0.24089753526951235,-0.0730729833318539,1.6609761099930531,0.24089753526951235,-0.0730729833318539,1.6609761099930531,0.0,0.0,0.0,4.532996570303393,0.07554994283838988
0.037000000000000026,0.24089754362821011,-0.07307297989689626,1.6609769512191987,0.24089753526951235,-0.0730729833318539,1.6609761099930531,0.24089753526951235,-0.0730729833318539,1.6609761099930531,0.0,0.0,0.0,4.533215097413423,0.0755535849568904
0.03800000000000003,0.24089754585145307,-0.07307299450389686,1.6609770139477669,0.24089753526951235,-0.0730729833318539,1.6609761099930531,0.24089753526951235,-0.0730729833318539,1.6609761099930531,0.0,0.0,0.0,4.533383999456838,0.07555639999094729
0.03900000000000003,0.2408975453753412,-0.07307300844487327,1.660977066853453,0.24089753526951235,-0.0730729833318539,1.6609761099930531,0.24089753526951235,-0.0730729833318539,1.6609761099930531,0.0,0.0,0.0,4.533504255647391,0.07555840426078984
0.04000000000000003,0.24089754308812922,-0.07307302175463089,1.6609771133351956,0.24089753526951235,-0.0730729833318539,1.6609761099930531,0.24089753526951235,-0.0730729833318539,1.6609761099930531,0.0,0.0,0.0,4.533578308194327,0.07555963846990546
0.04100000000000003,0.24089753989594487,-0.07307303451083176,1.6609771565634872,0.24089753526951235,-0.0730729833318539,1.6609761099930531,0.24089753526951235,-0.0730729833318539,1.6609761099930531,0.0,0.0,0.0,4.533609797232583,0.07556016328720973
0.04200000000000003,0.2408975366924721,-0.07307304682643039,1.6609771994077867,0.24089753526951235,-0.0730729833318539,1.6609761099930531,0.24089753526951235,-0.0730729833318539,1.6609761099930531,0.0,0.0,0.0,4.533603293444675,0.07556005489074459
0.04300000000000003,0.24089753433297922,-0.07307305884186512,1.6609772443826951,0.24089753526951235,-0.0730729833318539,1.6609761099930531,0.24089753526951235,-0.0730729833318539,1.6609761099930531,0.0,0.0,0.0,4.5335640373945,0.07555940062324167
0.04400000000000003,0.2408975336129057,-0.07307307071728693,1.6609772936120397,0.24089753526951235,-0.0730729833318539,1.6609761099930531,0.24089753526951235,-0.0730729833318539,1.6609761099930531,0.0,0.0,0.0,4.5334976930923325,0.07555829488487222
0.04500000000000003,0.2408975352510258,-0.07307308262507398,1.6609773488095314,0.24089753526951235,-0.0730729833318539,1.6609761099930531,0.24089753526951235,-0.0730729833318539,1.6609761099930531,0.0,0.0,0.0,4.53341012176522,0.07555683536275366
0.046000000000000034,0.2408975398770586,-0.0730730947428245,1.660977411274326,0.24089753526951235,-0.0730729833318539,1.6609761099930531,0.24089753526951235,-0.0730729833318539,1.6609761099930531,0.0,0.0,0.0,4.5333071802844,0.07555511967140666
0.047000000000000035,0.24089754802347055,-0.07307310724698889,1.6609774818995637,0.24089753526951235,-0.0730729833318539,1.6609761099930531,0.24089753526951235,-0.0730729833318539,1.6609761099930531,0.0,0.0,0.0,4.533194547241123,0.0755532424540187
0.048000000000000036,0.2408975601211168,-0.07307312030724779,1.6609775611918218,0.24089753526951235,-0.0730729833318539,1.6609761099930531,0.24089753526951235,-0.0730729833318539,1.6609761099930531,0.0,0.0,0.0,4.533077578315725,0.07555129297192874
0.04900000000000004,0.2408975764982868,-0.07307313408171151,1.6609776492993562,0.24089753526951235,-0.0730729833318539,1.6609761099930531,0.24089753526951235,-0.0730729833318539,1.6609761099930531,0.0,0.0,0.0,4.532961191369971,0.07554935318949951
0.05000000000000004,0.2408975973826905,-0.0730731487129756,1.6609777460470343,0.24089753526951235,-0.0730729833318539,1.6609761099930531,0.24089753526951235,-0.0730729833318539,1.6609761099930531,0.0,0.0,0.0,4.532849780647723,0.07554749634412872
0.05100000000000004,0.24089762290588307,-0.07307316432503329,1.660977850975964,0.24089753526951235,-0.0730729833318539,1.6609761099930531,0.24089753526951235,-0.0730729833318539,1.6609761099930531,0.0,0.0,0.0,4.53274715858844,0.075545785976474
0.05200000000000004,0.24089765310962502,-0.07307318102102131,1.6609779633859387,0.24089753526951235,-0.0730729833318539,1.6609761099930531,0.24089753526951235,-0.0730729833318539,1.6609761099930531,0.0,0.0,0.0,4.532656523063026,0.07554427538438377
0.05300000000000004,0.24089768795369776,-0.07307319888175332,1.6609780823790332,0.24089753526951235,-0.0730729833318539,1.6609761099930531,0.24089753526951235,-0.0730729833318539,1.6609761099930531,0.0,0.0,0.0,4.532580447326079,0.07554300745543464
0.05400000000000004,0.24089772732471723,-0.0730732179649751,1.6609782069028953,0.24089753526951235,-0.0730729833318539,1.6609761099930531,0.24089753526951235,-0.0730729833318539,1.6609761099930531,0.0,0.0,0.0,4.532520889627757,0.07554201482712929
0.05500000000000004,0.24089777104552812,-0.07307323830526319,1.6609783357924817,0.24089753526951235,-0.0730729833318539,1.6609761099930531,0.24089753526951235,-0.0730729833318539,1.6609761099930531,0.0,0.0,0.0,4.532479219237382,0.07554132032062304
0.05600000000000004,0.24089781888481754,-0.07307325991448566,1.6609784678092716,0.24089753526951235,-0.0730729833318539,1.6609761099930531,0.24089753526951235,-0.0730729833318539,1.6609761099930531,0.0,0.0,0.0,4.532456255589385,0.07554093759315642
0.057000000000000044,0.24089787056663026,-0.07307328278273234,1.6609786016771722,0.24089753526951235,-0.0730729833318539,1.6609761099930531,0.24089753526951235,-0.0730729833318539,1.6609761099930531,0.0,0.0,0.0,4.532452317324238,0.07554087195540397
0.058000000000000045,0.24089792577953362,-0.07307330687962932,1.6609787361146027,0.24089753526951235,-0.0730729833318539,1.6609761099930531,0.24089753526951235,-0.0730729833318539,1.6609761099930531,0.0,0.0,0.0,4.554213368011233,0.07554112130307364
0.059000000000000045,0.24089798418522734,-0.07307333215594614,1.6609788698624057,0.24089753526951235,-0.0730729833318539,1.6609761099930531,0.24089753526951235,-0.0730729833318539,1.6609761099930531,0.0,0.0,0.0,4.595201017092946,0.0755416771161308
0.060000000000000046,0.24089804542645674,-0.07307335854542119,1.660979001707455,0.24089753526951235,-0.0730729833318539,1.6609761099930531,0.24089753526951235,-0.0730729833318539,1.6609761099930531,0.0,0.0,0.0,4.633178440314161,0.07554252548440134
0.06100000000000005,0.24089810913412585,-0.07307338596672398,1.6609791305019663,0.24089753526951235,-0.0730729833318539,1.6609761099930531,0.24089753526951235,-0.0730729833318539,1.6609761099930531,0.0,0.0,0.0,4.668122755230872,0.07554364812399422
0.06200000000000005,0.24089817493356158,-0.07307341432549272,1.6609792551786484,0.24089753526951235,-0.0730729833318539,1.6609761099930531,0.24089753526951235,-0.0730729833318539,1.6609761099930531,0.0,0.0,0.0,4.700021104402501,0.07554502335522066
0.06300000000000004,0.240898242449913,-0.07307344351638899,1.6609793747619623,0.24089753526951235,-0.0730729833318539,1.6609761099930531,0.24089753526951235,-0.0730729833318539,1.6609761099930531,0.0,0.0,0.0,4.728870653244912,0.07554662701886548
0.06400000000000004,0.24089831131270315,-0.07307347342511897,1.6609794883757991,0.24089753526951235,-0.0730729833318539,1.6609761099930531,0.24089753526951235,-0.0730729833318539,1.6609761099930531,0.0,0.0,0.0,4.754678485040357,0.07554843331356094
0.06500000000000004,0.24089838115957535,-0.07307350393038795,1.6609795952479722,0.24089753526951235,-0.0730729833318539,1.6609761099930531,0.24089753526951235,-0.0730729833318539,1.6609761099930531,0.0,0.0,0.0,4.777461397366959,0.07555041554273352
0.06600000000000004,0.24089845163929685,-0.0730735349057495,1.660979694711928,0.24089753526951235,-0.0730729833318539,1.6609761099930531,0.24089753526951235,-0.0730729833318539,1.6609761099930531,0.0,0.0,0.0,4.797245606210007,0.07555254676452067
0.06700000000000005,0.2408985224140892,-0.07307356622133569,1.6609797862061138,0.24089753526951235,-0.0730729833318539,1.6609761099930531,0.24089753526951235,-0.0730729833318539,1.6609761099930531,0.0,0.0,0.0,4.8140663657209934,0.07555480034255124
0.06800000000000005,0.2408985931613759,-0.0730735977454468,1.6609798692714024,0.24089753526951235,-0.0730729833318539,1.6609761099930531,0.24089753526951235,-0.0730729833318539,1.6609761099930531,0.0,0.0,0.0,4.827967512980889,0.07555715039909762
0.06900000000000005,0.24089866357501788,-0.07307362934599525,1.660979943546997,0.24089753526951235,-0.0730729833318539,1.6609761099930531,0.24089753526951235,-0.0730729833318539,1.6609761099930531,0.0,0.0,0.0,4.83900094816998,0.07555957217521891
0.07000000000000005,0.2408987333661324,-0.07307366089180031,1.66098000876517,0.24089753526951235,-0.0730729833318539,1.6609761099930531,0.24089753526951235,-0.0730729833318539,1.6609761099930531,0.0,0.0,0.0,4.8472260612258635,0.07556204230461942
0.07100000000000005,0.2408988022635642,-0.07307369225373105,1.6609800647451767,0.24089753526951235,-0.0730729833318539,1.6609761099930531,0.24089753526951235,-0.0730729833318539,1.6609761099930531,0.0,0.0,0.0,4.85270911641551,0.07556453900969934
0.07200000000000005,0.24089887002696936,-0.0730737233077233,1.6609801113772087,0.24089753526951235,-0.0730729833318539,1.6609761099930531,0.24089753526951235,-0.0730729833318539,1.6609761099930531,0.0,0.0,0.0,4.855529590267258,0.07556704960103851
0.07300000000000005,0.24089893644364269,-0.07307375393316215,1.66098014859976,0.24089753526951235,-0.0730729833318539,1.6609761099930531,0.24089753526951235,-0.0730729833318539,1.6609761099930531,0.0,0.0,0.0,4.85578219320666,0.07556956741348034
0.07400000000000005,0.24089900132019396,-0.07307378401269321,1.6609801763775633,0.24089753526951235,-0.0730729833318539,1.6609761099930531,0.24089753526951235,-0.0730729833318539,1.6609761099930531,0.0,0.0,0.0,4.853577316732749,0.07557209005338414
0.07500000000000005,0.24089906445511733,-0.07307381343094693,1.6609801946972953,0.24089753526951235,-0.0730729833318539,1.6609761099930531,0.24089753526951235,-0.0730729833318539,1.6609761099930531,0.0,0.0,0.0,4.849030113038353,0.07557460734612957
0.07600000000000005,0.24089912563496113,-0.0730738420745266,1.6609802035777181,0.24089753526951235,-0.0730729833318539,1.6609761099930531,0.24089753526951235,-0.0730729833318539,1.6609761099930531,0.0,0.0,0.0,4.842255367989996,0.07557710434073811
0.07700000000000005,0.2408991846425831,-0.07307386983288525,1.6609802030823817,0.24089753526951235,-0.0730729833318539,1.6609761099930531,0.24089753526951235,-0.0730729833318539,1.6609761099930531,0.0,0.0,0.0,4.833366052620741,0.07557956439520647
0.07800000000000006,0.2408992412668094,-0.07307389659949609,1.6609801933296906,0.24089753526951235,-0.0730729833318539,1.6609761099930531,0.24089753526951235,-0.0730729833318539,1.6609761099930531,0.0,0.0,0.0,4.822472887532463,0.07558197043914808
0.07900000000000006,0.2408992953105702,-0.07307392227308665,1.6609801744991672,0.24089753526951235,-0.0730729833318539,1.6609761099930531,0.24089753526951235,-0.0730729833318539,1.6609761099930531,0.0,0.0,0.0,4.809684213384765,0.07558430568543308
0.08000000000000006,0.24089934659695783,-0.0730739467588105,1.6609801468339473,0.24089753526951235,-0.0730729833318539,1.6609761099930531,0.24089753526951235,-0.0730729833318539,1.6609761099930531,0.0,0.0,0.0,4.795105949287654,0.07558655416075054
0.08100000000000006,0.2408993949733209,-0.07307396996929194,1.6609801106399564,0.24089753526951235,-0.0730729833318539,1.6609761099930531,0.24089753526951235,-0.0730729833318539,1.6609761099930531,0.0,0.0,0.0,4.778841573932093,0.07558870114869841
0.08200000000000006,0.24089944031366886,-0.07307399182549985,1.660980066282318,0.24089753526951235,-0.0730729833318539,1.6609761099930531,0.24089753526951235,-0.0730729833318539,1.6609761099930531,0.0,0.0,0.0,4.760992111212274,0.07559073355952668
0.08300000000000006,0.2408994825196764,-0.07307401225742863,1.6609800141795612,0.24089753526951235,-0.0730729833318539,1.6609761099930531,0.24089753526951235,-0.0730729833318539,1.6609761099930531,0.0,0.0,0.0,4.741656115915909,0.07559264022218007
0.08400000000000006,0.24089952152056296,-0.0730740312045697,1.6609799547961877,0.24089753526951235,-0.0730729833318539,1.6609761099930531,0.24089753526951235,-0.0730729833318539,1.6609761099930531,0.0,0.0,0.0,4.720929658912374,0.07559441209343336
0.08500000000000006,0.2408995572720763,-0.07307404861617987,1.6609798886341145,0.24089753526951235,-0.0730729833318539,1.6609761099930531,0.24089753526951235,-0.0730729833318539,1.6609761099930531,0.0,0.0,0.0,4.69890631216612,0.07559604238256769
0.08600000000000006,0.2408995897548052,-0.0730740644513472,1.6609798162234746,0.24089753526951235,-0.0730729833318539,1.6609761099930531,0.24089753526951235,-0.0730729833318539,1.6609761099930531,0.0,0.0,0.0,4.6756771340109875,0.07559752659420448
0.08700000000000006,0.2408996189719958,-0.07307407867887343,1.660979738113196,0.24089753526951235,-0.0730729833318539,1.6609761099930531,0.24089753526951235,-0.0730729833318539,1.6609761099930531,0.0,0.0,0.0,4.6513306551147515,0.07559886249536332
0.08800000000000006,0.2408996449470454,-0.07307409127698972,1.6609796548617284,0.24089753526951235,-0.0730729833318539,1.6609761099930531,0.24089753526951235,-0.0730729833318539,1.6609761099930531,0.0,0.0,0.0,4.625952865497635,0.07560005001545599
0.08900000000000007,0.2408996677208121,-0.07307410223293127,1.6609795670282372,0.24089753526951235,-0.0730729833318539,1.6609761099930531,0.24089753526951235,-0.0730729833318539,1.6609761099930531,0.0,0.0,0.0,4.599627202971182,0.07560109108967712
0.09000000000000007,0.24089968734886058,-0.07307411154239206,1.6609794751644933,0.24089753526951235,-0.0730729833318539,1.6609761099930531,0.24089753526951235,-0.0730729833318539,1.6609761099930531,0.0,0.0,0.0,4.572434543342598,0.07560198945720004
0.09100000000000007,0.2408997038987472,-0.0730741192088905,1.6609793798076637,0.24089753526951235,-0.0730729833318539,1.6609761099930531,0.24089753526951235,-0.0730729833318539,1.6609761099930531,0.0,0.0,0.0,4.5444531927533784,0.07560275042603633
0.09200000000000007,0.2408997174474277,-0.07307412524306749,1.6609792814741273,0.24089753526951235,-0.0730729833318539,1.6609761099930531,0.24089753526951235,-0.0730729833318539,1.6609761099930531,0.0,0.0,0.0,4.536202836964247,0.07560338061607078
0.09300000000000007,0.24089972807884708,-0.07307412966194565,1.6609791806543897,0.24089753526951235,-0.0730729833318539,1.6609761099930531,0.24089753526951235,-0.0730729833318539,1.6609761099930531,0.0,0.0,0.0,4.536233261476054,0.07560388769126757
0.09400000000000007,0.24089973588176594,-0.07307413248816748,1.6609790778091318,0.24089753526951235,-0.0730729833318539,1.6609761099930531,0.24089753526951235,-0.0730729833318539,1.6609761099930531,0.0,0.0,0.0,4.536256805460064,0.07560428009100106
0.09500000000000007,0.24089974094784794,-0.0730741337492423,1.6609789733663802,0.24089753526951235,-0.0730729833318539,1.6609761099930531,0.24089753526951235,-0.0730729833318539,1.6609761099930531,0.0,0.0,0.0,4.536274006155424,0.07560456676925707
0.09600000000000007,0.240899743370031,-0.07307413347680924,1.6609788677197397,0.24089753526951235,-0.0730729833318539,1.6609761099930531,0.24089753526951235,-0.0730729833318539,1.6609761099930531,0.0,0.0,0.0,4.5362854169461775,0.07560475694910296
0.09700000000000007,0.24089974324118396,-0.07307413170593943,1.6609787612276237,0.24089753526951235,-0.0730729833318539,1.6609761099930531,0.24089753526951235,-0.0730729833318539,1.6609761099930531,0.0,0.0,0.0,4.5362915939014306,0.07560485989835718
0.09800000000000007,0.24089974065304984,-0.073074128474487,1.6609786542133722,0.24089753526951235,-0.0730729833318539,1.6609761099930531,0.24089753526951235,-0.0730729833318539,1.6609761099930531,0.0,0.0,0.0,4.536293083853644,0.07560488473089406
0.09900000000000007,0.24089973569545248,-0.07307412382249709,1.66097854696614,0.24089753526951235,-0.0730729833318539,1.6609761099930531,0.24089753526951235,-0.0730729833318539,1.6609761099930531,0.0,0.0,0.0,4.536290414198605,0.07560484023664342
0.10000000000000007,0.2408997284557565,-0.07307411779167838,1.6609784397424399,0.24089753526951235,-0.0730729833318539,1.6609761099930531,0.24089753526951235,-0.0730729833318539,1.6609761099930531,0.0,0.0,0.0,4.536284084518232,0.07560473474197053
0.10100000000000008,0.24089971901854432,-0.07307411042494288,1.6609783327681953,0.24089753526951235,-0.0730729833318539,1.6609761099930531,0.24089753526951235,-0.0730729833318539,1.6609761099930531,0.0,0.0,0.0,4.536274560052513,0.07560457600087522
0.10200000000000008,0.24089970746549072,-0.07307410176601394,1.660978226241183,0.24089753526951235,-0.0730729833318539,1.6609761099930531,0.24089753526951235,-0.0730729833318539,1.6609761099930531,0.0,0.0,0.0,4.536262266986298,0.0756043711164383
0.10300000000000008,0.24089969387539523,-0.07307409185910087,1.6609781203337377,0.24089753526951235,-0.0730729833318539,1.6609761099930531,0.24089753526951235,-0.0730729833318539,1.6609761099930531,0.0,0.0,0.0,4.536247589458824,0.0756041264909804
0.10400000000000008,0.24089967832434683,-0.07307408074863894,1.6609780151956008,0.24089753526951235,-0.0730729833318539,1.6609761099930531,0.24089753526951235,-0.0730729833318539,1.6609761099930531,0.0,0.0,0.0,4.5362308681616215,0.07560384780269369
0.10500000000000008,0.24089966088598352,-0.07307406847908618,1.6609779109568097,0.24089753526951235,-0.0730729833318539,1.6609761099930531,0.24089753526951235,-0.0730729833318539,1.6609761099930531,0.0,0.0,0.0,4.536212400354563,0.07560354000590938
0.10600000000000008,0.24089964163182503,-0.07307405509477699,1.660977807730539,0.24089753526951235,-0.0730729833318539,1.6609761099930531,0.24089753526951235,-0.0730729833318539,1.6609761099930531,0.0,0.0,0.0,4.536192441109675,0.07560320735182792
0.10700000000000008,0.2408996206316374,-0.07307404063981897,1.6609777056158028,0.24089753526951235,-0.0730729833318539,1.6609761099930531,0.24089753526951235,-0.0730729833318539,1.6609761099930531,0.0,0.0,0.0,4.5361712055733365,0.07560285342622228
0.10800000000000008,0.24089959795382376,-0.07307402515803256,1.6609776046999796,0.24089753526951235,-0.0730729833318539,1.6609761099930531,0.24089753526951235,-0.0730729833318539,1.6609761099930531,0.0,0.0,0.0,4.5361488720394405,0.07560248120065734
0.10900000000000008,0.24089957366580003,-0.07307400869292155,1.660977505061081,0.24089753526951235,-0.0730729833318539,1.6609761099930531,0.24089753526951235,-0.0730729833318539,1.6609761099930531,0.0,0.0,0.0,4.53612558561886,0.07560209309364767
0.11000000000000008,0.24089954783435244,-0.07307399128767084,1.6609774067697634,0.24089753526951235,-0.0730729833318539,1.6609761099930531,0.24089753526951235,-0.0730729833318539,1.6609761099930531,0.0,0.0,0.0,4.536101462310762,0.07560169103851269
0.11100000000000008,0.2408995205259541,-0.07307397298515919,1.6609773098910294,0.24089753526951235,-0.0730729833318539,1.6609761099930531,0.24089753526951235,-0.0730729833318539,1.6609761099930531,0.0,0.0,0.0,4.536076593284804,0.07560127655474673
0.11200000000000009,0.24089949180703557,-0.07307395382799009,1.6609772144856485,0.24089753526951235,-0.0730729833318539,1.6609761099930531,0.24089753526951235,-0.0730729833318539,1.6609761099930531,0.0,0.0,0.0,4.536051049212082,0.07560085082020136
0.11300000000000009,0.24089946174419785,-0.07307393385852316,1.6609771206112653,0.24089753526951235,-0.0730729833318539,1.6609761099930531,0.24089753526951235,-0.0730729833318539,1.6609761099930531,0.0,0.0,0.0,4.5360248844939255,0.07560041474156542
0.11400000000000009,0.24089943040436562,-0.07307391311890994,1.6609770283232344,0.24089753526951235,-0.0730729833318539,1.6609761099930531,0.24089753526951235,-0.0730729833318539,1.6609761099930531,0.0,0.0,0.0,4.535998141271116,0.07559996902118526
0.11500000000000009,0.24089939785488196,-0.07307389165112685,1.660976937675188,0.24089753526951235,-0.0730729833318539,1.6609761099930531,0.24089753526951235,-0.0730729833318539,1.6609761099930531,0.0,0.0,0.0,4.5359708531123175,0.07559951421853862
0.11600000000000009,0.24089936416354152,-0.07307386949700202,1.6609768487193668,0.24089753526951235,-0.0730729833318539,1.6609761099930531,0.24089753526951235,-0.0730729833318539,1.6609761099930531,0.0,0.0,0.0,4.535943048309299,0.07559905080515499
0.11700000000000009,0.24089932939856873,-0.07307384669823108,1.6609767615067468,0.24089753526951235,-0.0730729833318539,1.6609761099930531,0.24089753526951235,-0.0730729833318539,1.6609761099930531,0.0,0.0,0.0,4.535914752728302,0.07559857921213836
0.11800000000000009,0.2408992936285474,-0.07307382329638647,1.6609766760869897,0.24089753526951235,-0.0730729833318539,1.6609761099930531,0.24089753526951235,-0.0730729833318539,1.6609761099930531,0.0,0.0,0.0,4.535885992187466,0.0755980998697911
0.11900000000000009,0.2408992569223022,-0.07307379933290996,1.6609765925082587,0.24089753526951235,-0.0730729833318539,1.6609761099930531,0.24089753526951235,-0.0730729833318539,1.6609761099930531,0.0,0.0,0.0,4.535856794352639,0.07559761323921065
0.12000000000000009,0.24089921934874836,-0.07307377484909813,1.6609765108169205,0.24089753526951235,-0.0730729833318539,1.6609761099930531,0.24089753526951235,-0.0730729833318539,1.6609761099930531,0.0,0.0,0.0,4.535827190157561,0.07559711983595935
0.1210000000000001,0.24089918097670776,-0.07307374988607222,1.660976431057185,0.24089753526951235,-0.0730729833318539,1.6609761099930531,0.24089753526951235,-0.0730729833318539,1.6609761099930531,0.0,0.0,0.0,4.5357972147738925,0.07559662024623154
0.1220000000000001,0.24089914187470834,-0.07307372448473808,1.660976353270692,0.24089753526951235,-0.0730729833318539,1.6609761099930531,0.24089753526951235,-0.0730729833318539,1.6609761099930531,0.0,0.0,0.0,4.535766908161344,0.07559611513602241
0.1230000000000001,0.24089910211076773,-0.07307369868573654,1.6609762774960903,0.24089753526951235,-0.0730729833318539,1.6609761099930531,0.24089753526951235,-0.0730729833318539,1.6609761099930531,0.0,0.0,0.0,4.535736315245938,0.07559560525409896
0.1240000000000001,0.24089906175217163,-0.07307367252938496,1.6609762037686202,0.24089753526951235,-0.0730729833318539,1.6609761099930531,0.24089753526951235,-0.0730729833318539,1.6609761099930531,0.0,0.0,0.0,4.535705485772335,0.07559509142953892
0.12500000000000008,0.2408990208652541,-0.07307364605561079,1.6609761321197307,0.24089753526951235,-0.0730729833318539,1.6609761099930531,0.24089753526951235,-0.0730729833318539,1.6609761099930531,0.0,0.0,0.0,4.535674473886856,0.07559457456478094
0.12600000000000008,0.24089897951518346,-0.07307361930388041,1.6609760625767365,0.24089753526951235,-0.0730729833318539,1.6609761099930531,0.24089753526951235,-0.0730729833318539,1.6609761099930531,0.0,0.0,0.0,4.535643337504173,0.07559405562506956
0.12700000000000009,0.24089893776576266,-0.07307359231312531,1.6609759951625362,0.24089753526951235,-0.0730729833318539,1.6609761099930531,0.24089753526951235,-0.0730729833318539,1.6609761099930531,0.0,0.0,0.0,4.535612137514133,0.07559353562523555
0.12800000000000009,0.2408988956792441,-0.07307356512166571,1.6609759298953948,0.24089753526951235,-0.0730729833318539,1.6609761099930531,0.24089753526951235,-0.0730729833318539,1.6609761099930531,0.0,0.0,0.0,4.5355809368799545,0.0755930156146659
0.1290000000000001,0.24089885331616395,-0.07307353776713496,1.6609758667888,0.24089753526951235,-0.0730729833318539,1.6609761099930531,0.24089753526951235,-0.0730729833318539,1.6609761099930531,0.0,0.0,0.0,4.535549799677793,0.07559249666129655
0.1300000000000001,0.2408988107352028,-0.07307351028640496,1.6609758058513937,0.24089753526951235,-0.0730729833318539,1.6609761099930531,0.24089753526951235,-0.0730729833318539,1.6609761099930531,0.0,0.0,0.0,4.535518790120223,0.07559197983533705
0.1310000000000001,0.24089876799306348,-0.07307348271551588,1.6609757470869657,0.24089753526951235,-0.0730729833318539,1.6609761099930531,0.24089753526951235,-0.0730729833318539,1.6609761099930531,0.0,0.0,0.0,4.535487971603207,0.07559146619338677
0.1320000000000001,0.24089872514437882,-0.07307345508960991,1.6609756904945332,0.24089753526951235,-0.0730729833318539,1.6609761099930531,0.24089753526951235,-0.0730729833318539,1.6609761099930531,0.0,0.0,0.0,4.535457405809833,0.07559095676349721
0.1330000000000001,0.24089868224163996,-0.07307342744286993,1.6609756360684658,0.24089753526951235,-0.0730729833318539,1.6609761099930531,0.24089753526951235,-0.0730729833318539,1.6609761099930531,0.0,0.0,0.0,4.535427151893101,0.07559045253155168
0.1340000000000001,0.24089863933515043,-0.0730733998084655,1.660975583798681,0.24089753526951235,-0.0730729833318539,1.6609761099930531,0.24089753526951235,-0.0730729833318539,1.6609761099930531,0.0,0.0,0.0,4.535397265763648,0.07558995442939413
0.1350000000000001,0.24089859647299966,-0.07307337221850531,1.660975533670879,0.24089753526951235,-0.0730729833318539,1.6609761099930531,0.24089753526951235,-0.0730729833318539,1.6609761099930531,0.0,0.0,0.0,4.5353677994891815,0.0755894633248197
0.1360000000000001,0.2408985537010598,-0.07307334470399815,1.660975485666822,0.24089753526951235,-0.0730729833318539,1.6609761099930531,0.24089753526951235,-0.0730729833318539,1.6609761099930531,0.0,0.0,0.0,4.535338800819766,0.07558898001366278
0.1370000000000001,0.2408985110629977,-0.07307331729481836,1.6609754397646412,0.24089753526951235,-0.0730729833318539,1.6609761099930531,0.24089753526951235,-0.0730729833318539,1.6609761099930531,0.0,0.0,0.0,4.535310312837333,0.07558850521395555
0.1380000000000001,0.2408984686003049,-0.07307329001968262,1.6609753959391682,0.24089753526951235,-0.0730729833318539,1.6609761099930531,0.24089753526951235,-0.0730729833318539,1.6609761099930531,0.0,0.0,0.0,4.535282373729899,0.07558803956216499
0.1390000000000001,0.24089842635234138,-0.07307326290613275,1.6609753541622727,0.24089753526951235,-0.0730729833318539,1.6609761099930531,0.24089753526951235,-0.0730729833318539,1.6609761099930531,0.0,0.0,0.0,4.535255016684122,0.07558758361140203
0.1400000000000001,0.24089838435638694,-0.07307323598052314,1.6609753144032147,0.24089753526951235,-0.0730729833318539,1.6609761099930531,0.24089753526951235,-0.0730729833318539,1.6609761099930531,0.0,0.0,0.0,4.5352282698883934,0.07558713783147322
0.1410000000000001,0.24089834264770568,-0.0730732092680193,1.660975276628982,0.24089753526951235,-0.0730729833318539,1.6609761099930531,0.24089753526951235,-0.0730729833318539,1.6609761099930531,0.0,0.0,0.0,4.535202156631829,0.07558670261053049
0.1420000000000001,0.24089830125961326,-0.07307318279259808,1.6609752408046283,0.24089753526951235,-0.0730729833318539,1.6609761099930531,0.24089753526951235,-0.0730729833318539,1.6609761099930531,0.0,0.0,0.0,4.535176695491654,0.07558627825819424
0.1430000000000001,0.24089826022355026,-0.07307315657705642,1.6609752068935897,0.24089753526951235,-0.0730729833318539,1.6609761099930531,0.24089753526951235,-0.0730729833318539,1.6609761099930531,0.0,0.0,0.0,4.5351519005889775,0.07558586500981629
0.1440000000000001,0.24089821956915647,-0.07307313064302383,1.6609751748579846,0.24089753526951235,-0.0730729833318539,1.6609761099930531,0.24089753526951235,-0.0730729833318539,1.6609761099930531,0.0,0.0,0.0,4.535127781903159,0.07558546303171933
0.1450000000000001,0.2408981793243467,-0.07307310501097891,1.6609751446588925,0.24089753526951235,-0.0730729833318539,1.6609761099930531,0.24089753526951235,-0.0730729833318539,1.6609761099930531,0.0,0.0,0.0,4.535104345627246,0.07558507242712077
0.1460000000000001,0.2408981395153847,-0.07307307970027037,1.6609751162566018,0.24089753526951235,-0.0730729833318539,1.6609761099930531,0.24089753526951235,-0.0730729833318539,1.6609761099930531,0.0,0.0,0.0,4.5350815945509355,0.07558469324251559
0.1470000000000001,0.2408981001669546,-0.07307305472913797,1.6609750896108353,0.24089753526951235,-0.0730729833318539,1.6609761099930531,0.24089753526951235,-0.0730729833318539,1.6609761099930531,0.0,0.0,0.0,4.535059528460077,0.07558432547433462
0.1480000000000001,0.24089806130223113,-0.07307303011474107,1.6609750646809487,0.24089753526951235,-0.0730729833318539,1.6609761099930531,0.24089753526951235,-0.0730729833318539,1.6609761099930531,0.0,0.0,0.0,4.5350381445379595,0.07558396907563265
0.1490000000000001,0.24089802294294416,-0.07307300587318369,1.6609750414261002,0.24089753526951235,-0.0730729833318539,1.6609761099930531,0.24089753526951235,-0.0730729833318539,1.6609761099930531,0.0,0.0,0.0,4.535017437759461,0.07558362396265769
0.1500000000000001,0.2408979851094386,-0.07307298201954295,1.660975019805392,0.24089753526951235,-0.0730729833318539,1.6609761099930531,0.24089753526951235,-0.0730729833318539,1.6609761099930531,0.0,0.0,0.0,4.534997401268797,0.07558329002114661
0.1510000000000001,0.24089794782073165,-0.07307295856789864,1.660974999777993,0.24089753526951235,-0.0730729833318539,1.6609761099930531,0.24089753526951235,-0.0730729833318539,1.6609761099930531,0.0,0.0,0.0,4.534978026734662,0.07558296711224437
0.1520000000000001,0.24089791109456518,-0.07307293553136221,1.660974981303231,0.24089753526951235,-0.0730729833318539,1.6609761099930531,0.24089753526951235,-0.0730729833318539,1.6609761099930531,0.0,0.0,0.0,4.53495930467477,0.07558265507791283
0.1530000000000001,0.2408978749474505,-0.07307291292210595,1.6609749643406717,0.24089753526951235,-0.0730729833318539,1.6609761099930531,0.24089753526951235,-0.0730729833318539,1.6609761099930531,0.0,0.0,0.0,4.534941224748777,0.07558235374581294
0.1540000000000001,0.24089783939471404,-0.07307289075139169,1.6609749488501733,0.24089753526951235,-0.0730729833318539,1.6609761099930531,0.24089753526951235,-0.0730729833318539,1.6609761099930531,0.0,0.0,0.0,4.534923776014147,0.07558206293356912
0.1550000000000001,0.2408978044505345,-0.07307286902959988,1.6609749347919278,0.24089753526951235,-0.0730729833318539,1.6609761099930531,0.24089753526951235,-0.0730729833318539,1.6609761099930531,0.0,0.0,0.0,4.534906947146428,0.07558178245244047
0.1560000000000001,0.2408977701279788,-0.0730728477662566,1.660974922126491,0.24089753526951235,-0.0730729833318539,1.6609761099930531,0.24089753526951235,-0.0730729833318539,1.6609761099930531,0.0,0.0,0.0,4.534890726622788,0.07558151211037979
0.1570000000000001,0.2408977364390349,-0.07307282697006012,1.6609749108147984,0.24089753526951235,-0.0730729833318539,1.6609761099930531,0.24089753526951235,-0.0730729833318539,1.6609761099930531,0.0,0.0,0.0,4.53487510286922,0.075581251714487
0.1580000000000001,0.24089770339464195,-0.0730728066489076,1.6609749008181731,0.24089753526951235,-0.0730729833318539,1.6609761099930531,0.24089753526951235,-0.0730729833318539,1.6609761099930531,0.0,0.0,0.0,4.5348600643753665,0.07558100107292277
0.1590000000000001,0.2408976710047162,-0.07307278680991951,1.6609748920983318,0.24089753526951235,-0.0730729833318539,1.6609761099930531,0.24089753526951235,-0.0730729833318539,1.6609761099930531,0.0,0.0,0.0,4.534845599778861,0.07558075999631435
0.16000000000000011,0.2408976392781795,-0.07307276745946413,1.66097488461738,0.24089753526951235,-0.0730729833318539,1.6609761099930531,0.24089753526951235,-0.0730729833318539,1.6609761099930531,0.0,0.0,0.0,4.534831697920667,0.07558052829867777
0.16100000000000012,0.24089760822298345,-0.07307274860318061,1.6609748783378113,0.24089753526951235,-0.0730729833318539,1.6609761099930531,0.24089753526951235,-0.0730729833318539,1.6609761099930531,0.0,0.0,0.0,4.5348183478785336,0.07558030579797556
0.16200000000000012,0.2408975778461325,-0.07307273024600142,1.6609748732224985,0.24089753526951235,-0.0730729833318539,1.6609761099930531,0.24089753526951235,-0.0730729833318539,1.6609761099930531,0.0,0.0,0.0,4.534805538978705,0.07558009231631174
0.16300000000000012,0.24089754815370892,-0.07307271239217353,1.6609748692346922,0.24089753526951235,-0.0730729833318539,1.6609761099930531,0.24089753526951235,-0.0730729833318539,1.6609761099930531,0.0,0.0,0.0,4.53479326079284,0.07557988767988068
0.16400000000000012,0.24089751915089697,-0.07307269504528101,1.6609748663380155,0.24089753526951235,-0.0730729833318539,1.6609761099930531,0.24089753526951235,-0.0730729833318539,1.6609761099930531,0.0,0.0,0.0,4.534781503120344,0.0755796917186724
0.16500000000000012,0.24089749084200535,-0.0730726782082633,1.6609748644964626,0.24089753526951235,-0.0730729833318539,1.6609761099930531,0.24089753526951235,-0.0730729833318539,1.6609761099930531,0.0,0.0,0.0,4.534770255963051,0.07557950426605084
0.16600000000000012,0.2408974632304921,-0.07307266188343672,1.6609748636743993,0.24089753526951235,-0.0730729833318539,1.6609761099930531,0.24089753526951235,-0.0730729833318539,1.6609761099930531,0.0,0.0,0.0,4.534759509492796,0.07557932515821326
0.16700000000000012,0.2408974363189899,-0.07307264607251411,1.660974863836566,0.24089753526951235,-0.0730729833318539,1.6609761099930531,0.24089753526951235,-0.0730729833318539,1.6609761099930531,0.0,0.0,0.0,4.53474925401607,0.07557915423360116
0.16800000000000012,0.24089741010932977,-0.07307263077662181,1.6609748649480802,0.24089753526951235,-0.0730729833318539,1.6609761099930531,0.24089753526951235,-0.0730729833318539,1.6609761099930531,0.0,0.0,0.0,4.534739479938184,0.07557899133230307
0.16900000000000012,0.24089738460256763,-0.07307261599632223,1.6609748669744513,0.24089753526951235,-0.0730729833318539,1.6609761099930531,0.24089753526951235,-0.0730729833318539,1.6609761099930531,0.0,0.0,0.0,4.534730177728482,0.07557883629547471
0.17000000000000012,0.2408973597990112,-0.0730726017316291,1.6609748698815827,0.24089753526951235,-0.0730729833318539,1.6609761099930531,0.24089753526951235,-0.0730729833318539,1.6609761099930531,0.0,0.0,0.0,4.534721337887436,0.0755786889647906
0.17100000000000012,0.24089733569824495,-0.07307258798202813,1.66097487363579,0.24089753526951235,-0.0730729833318539,1.6609761099930531,0.24089753526951235,-0.0730729833318539,1.6609761099930531,0.0,0.0,0.0,4.534712950920238,0.07557854918200398
0.17200000000000013,0.24089731229916023,-0.07307257474649499,1.6609748782038118,0.24089753526951235,-0.0730729833318539,1.6609761099930531,0.24089753526951235,-0.0730729833318539,1.6609761099930531,0.0,0.0,0.0,4.534705007312641,0.07557841678854402
0.17300000000000013,0.24089728959997955,-0.0730725620235129,1.6609748835528253,0.24089753526951235,-0.0730729833318539,1.6609761099930531,0.24089753526951235,-0.0730729833318539,1.6609761099930531,0.0,0.0,0.0,4.534697497514983,0.07557829162524972
0.17400000000000013,0.24089726759828717,-0.07307254981109167,1.6609748896504628,0.24089753526951235,-0.0730729833318539,1.6609761099930531,0.24089753526951235,-0.0730729833318539,1.6609761099930531,0.0,0.0,0.0,4.5346904119296285,0.07557817353216048
0.17500000000000013,0.2408972462910547,-0.0730725381067859,1.6609748964648272,0.24089753526951235,-0.0730729833318539,1.6609761099930531,0.24089753526951235,-0.0730729833318539,1.6609761099930531,0.0,0.0,0.0,4.534683740905398,0.07557806234842329
0.17600000000000013,0.24089722567467106,-0.07307252690771232,1.6609749039645083,0.24089753526951235,-0.0730729833318539,1.6609761099930531,0.24089753526951235,-0.0730729833318539,1.6609761099930531,0.0,0.0,0.0,4.534677474737075,0.07557795791228458
0.17700000000000013,0.24089720574496834,-0.0730725162105691,1.6609749121185984,0.24089753526951235,-0.0730729833318539,1.6609761099930531,0.24089753526951235,-0.0730729833318539,1.6609761099930531,0.0,0.0,0.0,4.534671603669868,0.07557786006116447
0.17800000000000013,0.2408971864972505,-0.07307250601165213,1.6609749208967062,0.24089753526951235,-0.0730729833318539,1.6609761099930531,0.24089753526951235,-0.0730729833318539,1.6609761099930531,0.0,0.0,0.0,4.534666117907528,0.07557776863179214
0.17900000000000013,0.24089716792631966,-0.0730724963068737,1.6609749302689725,0.24089753526951235,-0.0730729833318539,1.6609761099930531,0.24089753526951235,-0.0730729833318539,1.6609761099930531,0.0,0.0,0.0,4.5346610076250125,0.07557768346041688
0.18000000000000013,0.2408971500265033,-0.07307248709178102,1.660974940206081,0.24089753526951235,-0.0730729833318539,1.6609761099930531,0.24089753526951235,-0.0730729833318539,1.6609761099930531,0.0,0.0,0.0,4.534656262983045,0.07557760438305075
0.18100000000000013,0.24089713279167896,-0.0730724783615717,1.6609749506792717,0.24089753526951235,-0.0730729833318539,1.6609761099930531,0.24089753526951235,-0.0730729833318539,1.6609761099930531,0.0,0.0,0.0,4.534651874145192,0.0755775312357532
0.18200000000000013,0.24089711621530108,-0.07307247011111215,1.660974961660347,0.24089753526951235,-0.0730729833318539,1.6609761099930531,0.24089753526951235,-0.0730729833318539,1.6609761099930531,0.0,0.0,0.0,4.534647831295773,0.07557746385492956
0.18300000000000013,0.24089710029042394,-0.07307246233495543,1.6609749731216834,0.24089753526951235,-0.0730729833318539,1.6609761099930531,0.24089753526951235,-0.0730729833318539,1.6609761099930531,0.0,0.0,0.0,4.534644124659012,0.07557740207765021
0.18400000000000014,0.24089708500972695,-0.0730724550273564,1.6609749850362334,0.24089753526951235,-0.0730729833318539,1.6609761099930531,0.24089753526951235,-0.0730729833318539,1.6609761099930531,0.0,0.0,0.0,4.534640744517431,0.0755773457419572
0.18500000000000014,0.24089707036553623,-0.07307244818228902,1.6609749973775338,0.24089753526951235,-0.0730729833318539,1.6609761099930531,0.24089753526951235,-0.0730729833318539,1.6609761099930531,0.0,0.0,0.0,4.534637681230121,0.07557729468716869
0.18600000000000014,0.24089705634984854,-0.07307244179346323,1.66097501011971,0.24089753526951235,-0.0730729833318539,1.6609761099930531,0.24089753526951235,-0.0730729833318539,1.6609761099930531,0.0,0.0,0.0,4.534634925248953,0.07557724875414921
0.18700000000000014,0.24089704295435077,-0.07307243585433923,1.6609750232374716,0.24089753526951235,-0.0730729833318539,1.6609761099930531,0.24089753526951235,-0.0730729833318539,1.6609761099930531,0.0,0.0,0.0,4.534632467133978,0.0755772077855663
0.18800000000000014,0.2408970301704418,-0.07307243035814477,1.660975036706119,0.24089753526951235,-0.0730729833318539,1.6609761099930531,0.24089753526951235,-0.0730729833318539,1.6609761099930531,0.0,0.0,0.0,4.534630297567441,0.07557717162612401
0.18900000000000014,0.24089701798925212,-0.07307242529788967,1.6609750505015397,0.24089753526951235,-0.0730729833318539,1.6609761099930531,0.24089753526951235,-0.0730729833318539,1.6609761099930531,0.0,0.0,0.0,4.534628407364226,0.0755771401227371
0.19000000000000014,0.24089700640166317,-0.07307242066638035,1.6609750646002082,0.24089753526951235,-0.0730729833318539,1.6609761099930531,0.24089753526951235,-0.0730729833318539,1.6609761099930531,0.0,0.0,0.0,4.534626787481518,0.07557711312469197
0.19100000000000014,0.24089699539832438,-0.07307241645623469,1.6609750789791795,0.24089753526951235,-0.0730729833318539,1.6609761099930531,0.24089753526951235,-0.0730729833318539,1.6609761099930531,0.0,0.0,0.0,4.534625429025652,0.07557709048376086
0.19200000000000014,0.2408969849696727,-0.07307241265989634,1.660975093616092,0.24089753526951235,-0.0730729833318539,1.6609761099930531,0.24089753526951235,-0.0730729833318539,1.6609761099930531,0.0,0.0,0.0,4.534624323257314,0.07557707205428857
0.19300000000000014,0.24089697510594915,-0.07307240926964824,1.6609751084891589,0.24089753526951235,-0.0730729833318539,1.6609761099930531,0.24089753526951235,-0.0730729833318539,1.6609761099930531,0.0,0.0,0.0,4.534623461593552,0.07557705769322585
0.19400000000000014,0.24089696579721423,-0.07307240627762587,1.6609751235771646,0.24089753526951235,-0.0730729833318539,1.6609761099930531,0.24089753526951235,-0.0730729833318539,1.6609761099930531,0.0,0.0,0.0,4.534622835609587,0.07557704726015978
0.19500000000000015,0.2408969570333654,-0.07307240367583108,1.6609751388594627,0.24089753526951235,-0.0730729833318539,1.6609761099930531,0.24089753526951235,-0.0730729833318539,1.6609761099930531,0.0,0.0,0.0,4.534622437037748,0.0755770406172958
0.19600000000000015,0.24089694880415197,-0.07307240145614363,1.6609751543159679,0.24089753526951235,-0.0730729833318539,1.6609761099930531,0.24089753526951235,-0.0730729833318539,1.6609761099930531,0.0,0.0,0.0,4.534622257765457,0.07557703762942428
0.19700000000000015,0.24089694109918963,-0.0730723996103342,1.6609751699271547,0.24089753526951235,-0.0730729833318539,1.6609761099930531,0.24089753526951235,-0.0730729833318539,1.6609761099930531,0.0,0.0,0.0,4.534622289831828,0.0755770381638638
0.19800000000000015,0.24089693390797567,-0.07307239813007663,1.660975185674049,0.24089753526951235,-0.0730729833318539,1.6609761099930531,0.24089753526951235,-0.0730729833318539,1.6609761099930531,0.0,0.0,0.0,4.534622525423154,0.07557704209038589
0.19900000000000015,0.2408969272199023,-0.07307239700695836,1.6609752015382266,0.24089753526951235,-0.0730729833318539,1.6609761099930531,0.24089753526951235,-0.0730729833318539,1.6609761099930531,0.0,0.0,0.0,4.534622956868918,0.07557704928114864
0.20000000000000015,0.2408969210242717,-0.07307239623249305,1.6609752175018073,0.24089753526951235,-0.0730729833318539,1.6609761099930531,0.24089753526951235,-0.0730729833318539,1.6609761099930531,0.0,0.0,0.0,4.534623576635214,0.0755770596105869
0.20100000000000015,0.24089691531030788,-0.07307239579813077,1.6609752335474497,0.24089753526951235,-0.0730729833318539,1.6609761099930531,0.24089753526951235,-0.0730729833318539,1.6609761099930531,0.0,0.0,0.0,4.534624377320149,0.07557707295533582
0.20200000000000015,0.24089691006717084,-0.07307239569526888,1.6609752496583476,0.24089753526951235,-0.0730729833318539,1.6609761099930531,0.24089753526951235,-0.0730729833318539,1.6609761099930531,0.0,0.0,0.0,4.534625351647888,0.07557708919413146
0.20300000000000015,0.24089690528396832,-0.07307239591526214,1.660975265818227,0.24089753526951235,-0.0730729833318539,1.6609761099930531,0.24089753526951235,-0.0730729833318539,1.6609761099930531,0.0,0.0,0.0,4.534626492463328,0.07557710820772214
0.20400000000000015,0.24089690094976915,-0.07307239644943252,1.6609752820113397,0.24089753526951235,-0.0730729833318539,1.6609761099930531,0.24089753526951235,-0.0730729833318539,1.6609761099930531,0.0,0.0,0.0,4.534627792726775,0.07557712987877958
0.20500000000000015,0.24089689705361556,-0.07307239728908022,1.6609752982224626,0.24089753526951235,-0.0730729833318539,1.6609761099930531,0.24089753526951235,-0.0730729833318539,1.6609761099930531,0.0,0.0,0.0,4.534629245510106,0.0755771540918351
0.20600000000000016,0.24089689358453226,-0.07307239842549108,1.6609753144368882,0.24089753526951235,-0.0730729833318539,1.6609761099930531,0.24089753526951235,-0.0730729833318539,1.6609761099930531,0.0,0.0,0.0,4.53463084399168,0.07557718073319467
0.20700000000000016,0.24089689053154079,-0.07307239984994707,1.6609753306404265,0.24089753526951235,-0.0730729833318539,1.6609761099930531,0.24089753526951235,-0.0730729833318539,1.6609761099930531,0.0,0.0,0.0,4.534632581454232,0.07557720969090385
0.20800000000000016,0.24089688788366953,-0.07307240155373416,1.6609753468193995,0.24089753526951235,-0.0730729833318539,1.6609761099930531,0.24089753526951235,-0.0730729833318539,1.6609761099930531,0.0,0.0,0.0,4.534634451281133,0.07557724085468555
0.20900000000000016,0.24089688562996475,-0.07307240352815282,1.6609753629606352,0.24089753526951235,-0.0730729833318539,1.6609761099930531,0.24089753526951235,-0.0730729833318539,1.6609761099930531,0.0,0.0,0.0,4.534636446954257,0.07557727411590427
0.21000000000000016,0.24089688375949925,-0.07307240576452316,1.6609753790514652,0.24089753526951235,-0.0730729833318539,1.6609761099930531,0.24089753526951235,-0.0730729833318539,1.6609761099930531,0.0,0.0,0.0,4.534638562053605,0.07557730936756007
0.21100000000000016,0.2408968822613866,-0.07307240825419566,1.6609753950797228,0.24089753526951235,-0.0730729833318539,1.6609761099930531,0.24089753526951235,-0.0730729833318539,1.6609761099930531,0.0,0.0,0.0,4.534640790255563,0.07557734650425937
0.21200000000000016,0.24089688112478463,-0.07307241098855752,1.660975411033732,0.24089753526951235,-0.0730729833318539,1.6609761099930531,0.24089753526951235,-0.0730729833318539,1.6609761099930531,0.0,0.0,0.0,4.534643125332997,0.07557738542221662
0.21300000000000016,0.2408968803389115,-0.07307241395904031,1.6609754269023114,0.24089753526951235,-0.0730729833318539,1.6609761099930531,0.24089753526951235,-0.0730729833318539,1.6609761099930531,0.0,0.0,0.0,4.534645561156377,0.07557742601927295
0.21400000000000016,0.24089687989304975,-0.07307241715712762,1.6609754426747623,0.24089753526951235,-0.0730729833318539,1.6609761099930531,0.24089753526951235,-0.0730729833318539,1.6609761099930531,0.0,0.0,0.0,4.534648091693623,0.07557746819489372
0.21500000000000016,0.24089687977655702,-0.07307242057436114,1.660975458340869,0.24089753526951235,-0.0730729833318539,1.6609761099930531,0.24089753526951235,-0.0730729833318539,1.6609761099930531,0.0,0.0,0.0,4.534650711012356,0.07557751185020593
0.21600000000000016,0.24089687997887393,-0.0730724242023474,1.6609754738908888,0.24089753526951235,-0.0730729833318539,1.6609761099930531,0.24089753526951235,-0.0730729833318539,1.6609761099930531,0.0,0.0,0.0,4.534653413280753,0.07557755688801256
0.21700000000000016,0.24089688048953303,-0.07307242803276445,1.6609754893155508,0.24089753526951235,-0.0730729833318539,1.6609761099930531,0.24089753526951235,-0.0730729833318539,1.6609761099930531,0.0,0.0,0.0,4.534656192770582,0.07557760321284303
0.21800000000000017,0.2408968812981638,-0.07307243205736845,1.6609755046060461,0.24089753526951235,-0.0730729833318539,1.6609761099930531,0.24089753526951235,-0.0730729833318539,1.6609761099930531,0.0,0.0,0.0,4.534659043858261,0.07557765073097102
0.21900000000000017,0.24089688239450324,-0.07307243626799823,1.6609755197540246,0.24089753526951235,-0.0730729833318539,1.6609761099930531,0.24089753526951235,-0.0730729833318539,1.6609761099930531,0.0,0.0,0.0,4.534661961028073,0.07557769935046789
0.22000000000000017,0.24089688376839932,-0.0730724406565808,1.6609755347515873,0.24089753526951235,-0.0730729833318539,1.6609761099930531,0.24089753526951235,-0.0730729833318539,1.6609761099930531,0.0,0.0,0.0,4.534664938873799,0.07557774898122999
0.22100000000000017,0.24089688540981935,-0.07307244521513805,1.6609755495912784,0.24089753526951235,-0.0730729833318539,1.6609761099930531,0.24089753526951235,-0.0730729833318539,1.6609761099930531,0.0,0.0,0.0,4.534667972101523,0.07557779953502537
0.22200000000000017,0.24089688730885622,-0.0730724499357908,1.6609755642660802,0.24089753526951235,-0.0730729833318539,1.6609761099930531,0.24089753526951235,-0.0730729833318539,1.6609761099930531,0.0,0.0,0.0,4.534671055531978,0.07557785092553296
0.22300000000000017,0.24089688945573334,-0.07307245481076317,1.660975578769404,0.24089753526951235,-0.0730729833318539,1.6609761099930531,0.24089753526951235,-0.0730729833318539,1.6609761099930531,0.0,0.0,0.0,4.534674184102551,0.07557790306837585
0.22400000000000017,0.2408968918408086,-0.07307245983238748,1.6609755930950827,0.24089753526951235,-0.0730729833318539,1.6609761099930531,0.24089753526951235,-0.0730729833318539,1.6609761099930531,0.0,0.0,0.0,4.5346773528696565,0.07557795588116094
0.22500000000000017,0.2408968944545835,-0.0730724649931085,1.660975607237364,0.24089753526951235,-0.0730729833318539,1.6609761099930531,0.24089753526951235,-0.0730729833318539,1.6609761099930531,0.0,0.0,0.0,4.534680557010759,0.07557800928351265
0.22600000000000017,0.24089689728770258,-0.07307247028548726,1.6609756211909015,0.24089753526951235,-0.0730729833318539,1.6609761099930531,0.24089753526951235,-0.0730729833318539,1.6609761099930531,0.0,0.0,0.0,4.534683791825639,0.07557806319709398
0.22700000000000017,0.24089690033096195,-0.07307247570220421,1.6609756349507452,0.24089753526951235,-0.0730729833318539,1.6609761099930531,0.24089753526951235,-0.0730729833318539,1.6609761099930531,0.0,0.0,0.0,4.534687052738256,0.0755781175456376
0.22800000000000017,0.24089690357531118,-0.07307248123606422,1.6609756485123346,0.24089753526951235,-0.0730729833318539,1.6609761099930531,0.24089753526951235,-0.0730729833318539,1.6609761099930531,0.0,0.0,0.0,4.534690335298484,0.07557817225497473
0.22900000000000018,0.2408969070118569,-0.07307248687999758,1.660975661871488,0.24089753526951235,-0.0730729833318539,1.6609761099930531,0.24089753526951235,-0.0730729833318539,1.6609761099930531,0.0,0.0,0.0,4.534693635182788,0.07557822725304647
0.23000000000000018,0.24089691063186697,-0.07307249262706433,1.6609756750243958,0.24089753526951235,-0.0730729833318539,1.6609761099930531,0.24089753526951235,-0.0730729833318539,1.6609761099930531,0.0,0.0,0.0,4.5346969481955375,0.07557828246992562
0.23100000000000018,0.2408969144267734,-0.07307249847045709,1.6609756879676099,0.24089753526951235,-0.0730729833318539,1.6609761099930531,0.24089753526951235,-0.0730729833318539,1.6609761099930531,0.0,0.0,0.0,4.534700270269237,0.07557833783782061
0.23200000000000018,0.24089691838817384,-0.0730725044035025,1.660975700698035,0.24089753526951235,-0.0730729833318539,1.6609761099930531,0.24089753526951235,-0.0730729833318539,1.6609761099930531,0.0,0.0,0.0,4.5347035974656,0.07557839329109334
0.23300000000000018,0.24089692250783584,-0.07307251041966445,1.6609757132129184,0.24089753526951235,-0.0730729833318539,1.6609761099930531,0.24089753526951235,-0.0730729833318539,1.6609761099930531,0.0,0.0,0.0,4.53470692597523,0.07557844876625383
0.23400000000000018,0.2408969267776977,-0.07307251651254544,1.6609757255098423,0.24089753526951235,-0.0730729833318539,1.6609761099930531,0.24089753526951235,-0.0730729833318539,1.6609761099930531,0.0,0.0,0.0,4.534710252118515,0.07557850420197525
0.23500000000000018,0.24089693118987066,-0.0730725226758884,1.660975737586712,0.24089753526951235,-0.0730729833318539,1.6609761099930531,0.24089753526951235,-0.0730729833318539,1.6609761099930531,0.0,0.0,0.0,4.53471357234499,0.07557855953908317
0.23600000000000018,0.24089693573664123,-0.07307252890357857,1.6609757494417494,0.24089753526951235,-0.0730729833318539,1.6609761099930531,0.24089753526951235,-0.0730729833318539,1.6609761099930531,0.0,0.0,0.0,4.534716883233461,0.07557861472055769
0.23700000000000018,0.24089694041047155,-0.07307253518964452,1.6609757610734797,0.24089753526951235,-0.0730729833318539,1.6609761099930531,0.24089753526951235,-0.0730729833318539,1.6609761099930531,0.0,0.0,0.0,4.534720181491417,0.07557866969152362
0.23800000000000018,0.2408969452040004,-0.07307254152826013,1.6609757724807241,0.24089753526951235,-0.0730729833318539,1.6609761099930531,0.24089753526951235,-0.0730729833318539,1.6609761099930531,0.0,0.0,0.0,4.5347234639546965,0.07557872439924494
0.23900000000000018,0.24089695011004547,-0.0730725479137435,1.6609757836625914,0.24089753526951235,-0.0730729833318539,1.6609761099930531,0.24089753526951235,-0.0730729833318539,1.6609761099930531,0.0,0.0,0.0,4.5347267275868175,0.07557877879311363
0.24000000000000019,0.24089695512160347,-0.07307255434056074,1.6609757946184665,0.24089753526951235,-0.0730729833318539,1.6609761099930531,0.24089753526951235,-0.0730729833318539,1.6609761099930531,0.0,0.0,0.0,4.5347299694781,0.075578832824635
0.2410000000000002,0.2408969602318487,-0.07307256080332346,1.6609758053479993,0.24089753526951235,-0.0730729833318539,1.6609761099930531,0.24089753526951235,-0.0730729833318539,1.6609761099930531,0.0,0.0,0.0,4.534733186844722,0.07557888644741204
0.2420000000000002,0.24089696543413647,-0.07307256729679117,1.6609758158510988,0.24089753526951235,-0.0730729833318539,1.6609761099930531,0.24089753526951235,-0.0730729833318539,1.6609761099930531,0.0,0.0,0.0,4.5347363770284606,0.075578939617141
0.2430000000000002,0.24089697072200023,-0.07307257381587078,1.660975826127922,0.24089753526951235,-0.0730729833318539,1.6609761099930531,0.24089753526951235,-0.0730729833318539,1.6609761099930531,0.0,0.0,0.0,4.534739537494616,0.07557899229157693
0.2440000000000002,0.2408969760891532,-0.07307258035561659,1.6609758361788611,0.24089753526951235,-0.0730729833318539,1.6609761099930531,0.24089753526951235,-0.0730729833318539,1.6609761099930531,0.0,0.0,0.0,4.534742665831228,0.07557904443052046
0.2450000000000002,0.24089698152948796,-0.07307258691123075,1.6609758460045425,0.24089753526951235,-0.0730729833318539,1.6609761099930531,0.24089753526951235,-0.0730729833318539,1.6609761099930531,0.0,0.0,0.0,4.534745759747976,0.0755790959957996
0.2460000000000002,0.2408969870370738,-0.07307259347806193,1.6609758556058063,0.24089753526951235,-0.0730729833318539,1.6609761099930531,0.24089753526951235,-0.0730729833318539,1.6609761099930531,0.0,0.0,0.0,4.534748817075404,0.07557914695125674
0.2470000000000002,0.2408969926061589,-0.07307260005160603,1.6609758649837065,0.24089753526951235,-0.0730729833318539,1.6609761099930531,0.24089753526951235,-0.0730729833318539,1.6609761099930531,0.0,0.0,0.0,4.5347518357624175,0.07557919726270695
0.2480000000000002,0.24089699823116717,-0.0730726066275041,1.660975874139496,0.24089753526951235,-0.0730729833318539,1.6609761099930531,0.24089753526951235,-0.0730729833318539,1.6609761099930531,0.0,0.0,0.0,4.534754813874699,0.07557924689791165
0.2490000000000002,0.2408970039066985,-0.07307261320154343,1.6609758830746204,0.24089753526951235,-0.0730729833318539,1.6609761099930531,0.24089753526951235,-0.0730729833318539,1.6609761099930531,0.0,0.0,0.0,4.534757749594232,0.07557929582657054
0.25000000000000017,0.24089700962752672,-0.07307261976965575,1.6609758917907074,0.24089753526951235,-0.0730729833318539,1.6609761099930531,0.24089753526951235,-0.0730729833318539,1.6609761099930531,0.0,0.0,0.0,4.534760641216776,0.0755793440202796
0.25100000000000017,0.24089701538859903,-0.07307262632791535,1.6609759002895585,0.24089753526951235,-0.0730729833318539,1.6609761099930531,0.24089753526951235,-0.0730729833318539,1.6609761099930531,0.0,0.0,0.0,4.534763487150577,0.07557939145250961
0.25200000000000017,0.24089702118503276,-0.07307263287254014,1.6609759085731401,0.24089753526951235,-0.0730729833318539,1.6609761099930531,0.24089753526951235,-0.0730729833318539,1.6609761099930531,0.0,0.0,0.0,4.534766285914259,0.07557943809857098
0.25300000000000017,0.24089702701211585,-0.07307263939988778,1.6609759166435742,0.24089753526951235,-0.0730729833318539,1.6609761099930531,0.24089753526951235,-0.0730729833318539,1.6609761099930531,0.0,0.0,0.0,4.534769036134994,0.07557948393558324
0.25400000000000017,0.24089703286530362,-0.07307264590645704,1.6609759245031308,0.24089753526951235,-0.0730729833318539,1.6609761099930531,0.24089753526951235,-0.0730729833318539,1.6609761099930531,0.0,0.0,0.0,4.534771736546664,0.0755795289424444
0.25500000000000017,0.24089703874021726,-0.07307265238888369,1.660975932154218,0.24089753526951235,-0.0730729833318539,1.6609761099930531,0.24089753526951235,-0.0730729833318539,1.6609761099930531,0.0,0.0,0.0,4.534774385987625,0.07557957309979374
0.25600000000000017,0.2408970446326421,-0.07307265884394099,1.660975939599375,0.24089753526951235,-0.0730729833318539,1.6609761099930531,0.24089753526951235,-0.0730729833318539,1.6609761099930531,0.0,0.0,0.0,4.534776983398651,0.07557961638997752
0.2570000000000002,0.24089705053852506,-0.07307266526853728,1.660975946841264,0.24089753526951235,-0.0730729833318539,1.6609761099930531,0.24089753526951235,-0.0730729833318539,1.6609761099930531,0.0,0.0,0.0,4.534779527820849,0.07557965879701414
0.2580000000000002,0.24089705645397205,-0.07307267165971368,1.6609759538826605,0.24089753526951235,-0.0730729833318539,1.6609761099930531,0.24089753526951235,-0.0730729833318539,1.6609761099930531,0.0,0.0,0.0,4.53478201839324,0.07557970030655399
0.2590000000000002,0.240897062375246,-0.0730726780146431,1.6609759607264456,0.24089753526951235,-0.0730729833318539,1.6609761099930531,0.24089753526951235,-0.0730729833318539,1.6609761099930531,0.0,0.0,0.0,4.534784454350353,0.07557974090583922
0.2600000000000002,0.2408970682987648,-0.07307268433062775,1.660975967375601,0.24089753526951235,-0.0730729833318539,1.6609761099930531,0.24089753526951235,-0.0730729833318539,1.6609761099930531,0.0,0.0,0.0,4.53478683502048,0.07557978058367466
0.2610000000000002,0.2408970742210979,-0.07307269060509797,1.6609759738331973,0.24089753526951235,-0.0730729833318539,1.6609761099930531,0.24089753526951235,-0.0730729833318539,1.6609761099930531,0.0,0.0,0.0,4.534789159822206,0.0755798193303701
0.2620000000000002,0.24089708013896488,-0.07307269683560882,1.6609759801023913,0.24089753526951235,-0.0730729833318539,1.6609761099930531,0.24089753526951235,-0.0730729833318539,1.6609761099930531,0.0,0.0,0.0,4.534791428262897,0.07557985713771495
0.2630000000000002,0.2408970860492302,-0.07307270301983848,1.6609759861864117,0.24089753526951235,-0.0730729833318539,1.6609761099930531,0.24089753526951235,-0.0730729833318539,1.6609761099930531,0.0,0.0,0.0,4.534793639935278,0.0755798939989213
0.2640000000000002,0.2408970919489048,-0.07307270915558756,1.6609759920885612,0.24089753526951235,-0.0730729833318539,1.6609761099930531,0.24089753526951235,-0.0730729833318539,1.6609761099930531,0.0,0.0,0.0,4.534795794516091,0.07557992990860152
0.2650000000000002,0.240897097835139,-0.07307271524077419,1.6609759978122023,0.24089753526951235,-0.0730729833318539,1.6609761099930531,0.24089753526951235,-0.0730729833318539,1.6609761099930531,0.0,0.0,0.0,4.53479789176201,0.07557996486270017
0.2660000000000002,0.24089710370522155,-0.07307272127343376,1.6609760033607546,0.24089753526951235,-0.0730729833318539,1.6609761099930531,0.24089753526951235,-0.0730729833318539,1.6609761099930531,0.0,0.0,0.0,4.534799931507963,0.07557999885846604
0.2670000000000002,0.24089710955657717,-0.07307272725171561,1.6609760087376852,0.24089753526951235,-0.0730729833318539,1.6609761099930531,0.24089753526951235,-0.0730729833318539,1.6609761099930531,0.0,0.0,0.0,4.5348019136640945,0.07558003189440157
0.2680000000000002,0.24089711538676223,-0.0730727331738816,1.6609760139465035,0.24089753526951235,-0.0730729833318539,1.6609761099930531,0.24089753526951235,-0.0730729833318539,1.6609761099930531,0.0,0.0,0.0,4.534803838213455,0.07558006397022425
0.2690000000000002,0.240897121193463,-0.07307273903830178,1.6609760189907592,0.24089753526951235,-0.0730729833318539,1.6609761099930531,0.24089753526951235,-0.0730729833318539,1.6609761099930531,0.0,0.0,0.0,4.534805705209318,0.07558009508682197
0.2700000000000002,0.2408971269744915,-0.07307274484345387,1.660976023874029,0.24089753526951235,-0.0730729833318539,1.6609761099930531,0.24089753526951235,-0.0730729833318539,1.6609761099930531,0.0,0.0,0.0,4.534807514771307,0.07558012524618846
0.2710000000000002,0.2408971327277833,-0.07307275058792032,1.6609760285999169,0.24089753526951235,-0.0730729833318539,1.6609761099930531,0.24089753526951235,-0.0730729833318539,1.6609761099930531,0.0,0.0,0.0,4.534809267084606,0.0755801544514101
0.2720000000000002,0.2408971384513945,-0.07307275627038534,1.6609760331720445,0.24089753526951235,-0.0730729833318539,1.6609761099930531,0.24089753526951235,-0.0730729833318539,1.6609761099930531,0.0,0.0,0.0,4.534810962395496,0.0755801827065916
0.2730000000000002,0.240897144143498,-0.07307276188963205,1.6609760375940499,0.24089753526951235,-0.0730729833318539,1.6609761099930531,0.24089753526951235,-0.0730729833318539,1.6609761099930531,0.0,0.0,0.0,4.534812601010255,0.0755802100168376
0.2740000000000002,0.24089714980238053,-0.07307276744454143,1.660976041869579,0.24089753526951235,-0.0730729833318539,1.6609761099930531,0.24089753526951235,-0.0730729833318539,1.6609761099930531,0.0,0.0,0.0,4.534814183290881,0.07558023638818136
0.2750000000000002,0.24089715542643964,-0.07307277293408786,1.6609760460022807,0.24089753526951235,-0.0730729833318539,1.6609761099930531,0.24089753526951235,-0.0730729833318539,1.6609761099930531,0.0,0.0,0.0,4.534815709653626,0.07558026182756043
0.2760000000000002,0.24089716101418118,-0.07307277835733786,1.6609760499958055,0.24089753526951235,-0.0730729833318539,1.6609761099930531,0.24089753526951235,-0.0730729833318539,1.6609761099930531,0.0,0.0,0.0,4.534817180566165,0.07558028634276942
0.2770000000000002,0.24089716656421462,-0.07307278371344751,1.6609760538537979,0.24089753526951235,-0.0730729833318539,1.6609761099930531,0.24089753526951235,-0.0730729833318539,1.6609761099930531,0.0,0.0,0.0,4.534818596544299,0.07558030994240499
0.2780000000000002,0.24089717207525227,-0.07307278900165887,1.660976057579891,0.24089753526951235,-0.0730729833318539,1.6609761099930531,0.24089753526951235,-0.0730729833318539,1.6609761099930531,0.0,0.0,0.0,4.534819958150045,0.0755803326358341
0.2790000000000002,0.24089717754610357,-0.07307279422129863,1.660976061177707,0.24089753526951235,-0.0730729833318539,1.6609761099930531,0.24089753526951235,-0.0730729833318539,1.6609761099930531,0.0,0.0,0.0,4.534821265989374,0.07558035443315622
0.2800000000000002,0.2408971829756745,-0.07307279937177466,1.660976064650848,0.24089753526951235,-0.0730729833318539,1.6609761099930531,0.24089753526951235,-0.0730729833318539,1.6609761099930531,0.0,0.0,0.0,4.534822520708758,0.07558037534514597
0.2810000000000002,0.2408971883629616,-0.07307280445257325,1.6609760680028964,0.24089753526951235,-0.0730729833318539,1.6609761099930531,0.24089753526951235,-0.0730729833318539,1.6609761099930531,0.0,0.0,0.0,4.534823722993441,0.07558039538322402
0.2820000000000002,0.240897193707052,-0.07307280946325824,1.6609760712374093,0.24089753526951235,-0.0730729833318539,1.6609761099930531,0.24089753526951235,-0.0730729833318539,1.6609761099930531,0.0,0.0,0.0,4.534824873564618,0.07558041455941031
0.2830000000000002,0.24089719900711914,-0.07307281440346663,1.6609760743579138,0.24089753526951235,-0.0730729833318539,1.6609761099930531,0.24089753526951235,-0.0730729833318539,1.6609761099930531,0.0,0.0,0.0,4.534825973177312,0.07558043288628853
0.2840000000000002,0.24089720426241817,-0.07307281927290629,1.6609760773679063,0.24089753526951235,-0.0730729833318539,1.6609761099930531,0.24089753526951235,-0.0730729833318539,1.6609761099930531,0.0,0.0,0.0,4.534827022618178,0.07558045037696964
0.2850000000000002,0.24089720947228527,-0.0730728240713544,1.660976080270848,0.24089753526951235,-0.0730729833318539,1.6609761099930531,0.24089753526951235,-0.0730729833318539,1.6609761099930531,0.0,0.0,0.0,4.5348280227029045,0.07558046704504841
0.2860000000000002,0.24089721463613356,-0.07307282879865491,1.660976083070163,0.24089753526951235,-0.0730729833318539,1.6609761099930531,0.24089753526951235,-0.0730729833318539,1.6609761099930531,0.0,0.0,0.0,4.534828974274036,0.07558048290456726
0.2870000000000002,0.2408972197534511,-0.07307283345471446,1.6609760857692342,0.24089753526951235,-0.0730729833318539,1.6609761099930531,0.24089753526951235,-0.0730729833318539,1.6609761099930531,0.0,0.0,0.0,4.5348298781987415,0.07558049796997902
0.2880000000000002,0.24089722482379672,-0.0730728380395024,1.660976088371402,0.24089753526951235,-0.0730729833318539,1.6609761099930531,0.24089753526951235,-0.0730729833318539,1.6609761099930531,0.0,0.0,0.0,4.534830735367205,0.07558051225612009
0.2890000000000002,0.24089722984679662,-0.07307284255304611,1.6609760908799611,0.24089753526951235,-0.0730729833318539,1.6609761099930531,0.24089753526951235,-0.0730729833318539,1.6609761099930531,0.0,0.0,0.0,4.534831546689975,0.07558052577816625
0.2900000000000002,0.24089723482214456,-0.0730728469954302,1.6609760932981579,0.24089753526951235,-0.0730729833318539,1.6609761099930531,0.24089753526951235,-0.0730729833318539,1.6609761099930531,0.0,0.0,0.0,4.53483231309605,0.07558053855160084
0.2910000000000002,0.24089723974959598,-0.07307285136679276,1.6609760956291906,0.24089753526951235,-0.0730729833318539,1.6609761099930531,0.24089753526951235,-0.0730729833318539,1.6609761099930531,0.0,0.0,0.0,4.53483303553131,0.0755805505921885
0.2920000000000002,0.24089724462896775,-0.07307285566732515,1.660976097876205,0.24089753526951235,-0.0730729833318539,1.6609761099930531,0.24089753526951235,-0.0730729833318539,1.6609761099930531,0.0,0.0,0.0,4.534833714955965,0.07558056191593275
0.2930000000000002,0.240897249460132,-0.0730728598972671,1.6609761000422927,0.24089753526951235,-0.0730729833318539,1.6609761099930531,0.24089753526951235,-0.0730729833318539,1.6609761099930531,0.0,0.0,0.0,4.534834352343278,0.07558057253905463
0.2940000000000002,0.24089725424301842,-0.07307286405690679,1.6609761021304925,0.24089753526951235,-0.0730729833318539,1.6609761099930531,0.24089753526951235,-0.0730729833318539,1.6609761099930531,0.0,0.0,0.0,4.534834948677612,0.0755805824779602
0.2950000000000002,0.24089725897760633,-0.07307286814657644,1.6609761041437827,0.24089753526951235,-0.0730729833318539,1.6609761099930531,0.24089753526951235,-0.0730729833318539,1.6609761099930531,0.0,0.0,0.0,4.534835504952483,0.07558059174920805
0.2960000000000002,0.24089726366392644,-0.07307287216665251,1.6609761060850883,0.24089753526951235,-0.0730729833318539,1.6609761099930531,0.24089753526951235,-0.0730729833318539,1.6609761099930531,0.0,0.0,0.0,4.53483602216961,0.07558060036949349
0.2970000000000002,0.2408972683020562,-0.07307287611755175,1.6609761079572707,0.24089753526951235,-0.0730729833318539,1.6609761099930531,0.24089753526951235,-0.0730729833318539,1.6609761099930531,0.0,0.0,0.0,4.534836501335972,0.07558060835559953
0.2980000000000002,0.24089727289211785,-0.07307287999972932,1.660976109763136,0.24089753526951235,-0.0730729833318539,1.6609761099930531,0.24089753526951235,-0.0730729833318539,1.6609761099930531,0.0,0.0,0.0,4.534836943464057,0.07558061572440096
0.2990000000000002,0.24089727743427564,-0.07307288381367819,1.6609761115054251,0.24089753526951235,-0.0730729833318539,1.6609761099930531,0.24089753526951235,-0.0730729833318539,1.6609761099930531,0.0,0.0,0.0,4.534837349568172,0.07558062249280287
0.3000000000000002,0.24089728192873378,-0.07307288755992461,1.660976113186818,0.24089753526951235,-0.0730729833318539,1.6609761099930531,0.24089753526951235,-0.0730729833318539,1.6609761099930531,0.0,0.0,0.0,4.5348377206651325,0.07558062867775221
0.3010000000000002,0.24089728637573507,-0.0730728912390287,1.6609761148099336,0.24089753526951235,-0.0730729833318539,1.6609761099930531,0.24089753526951235,-0.0730729833318539,1.6609761099930531,0.0,0.0,0.0,4.534838057771729,0.07558063429619549
0.3020000000000002,0.24089729077555666,-0.07307289485158107,1.6609761163773242,0.24089753526951235,-0.0730729833318539,1.6609761099930531,0.24089753526951235,-0.0730729833318539,1.6609761099930531,0.0,0.0,0.0,4.534838361903231,0.07558063936505384
0.3030000000000002,0.24089729512850966,-0.0730728983982015,1.6609761178914824,0.24089753526951235,-0.0730729833318539,1.6609761099930531,0.24089753526951235,-0.0730729833318539,1.6609761099930531,0.0,0.0,0.0,4.534838634073146,0.07558064390121909
0.3040000000000002,0.24089729943493615,-0.07307290187953563,1.660976119354833,0.24089753526951235,-0.0730729833318539,1.6609761099930531,0.24089753526951235,-0.0730729833318539,1.6609761099930531,0.0,0.0,0.0,4.534838875290766,0.07558064792151277
0.3050000000000002,0.24089730369520773,-0.07307290529625585,1.6609761207697376,0.24089753526951235,-0.0730729833318539,1.6609761099930531,0.24089753526951235,-0.0730729833318539,1.6609761099930531,0.0,0.0,0.0,4.53483908656109,0.07558065144268483
0.3060000000000002,0.24089730790972186,-0.073072908649057,1.6609761221384927,0.24089753526951235,-0.0730729833318539,1.6609761099930531,0.24089753526951235,-0.0730729833318539,1.6609761099930531,0.0,0.0,0.0,4.534839268882898,0.07558065448138164
0.3070000000000002,0.24089731207890214,-0.0730729119386567,1.6609761234633322,0.24089753526951235,-0.0730729833318539,1.6609761099930531,0.24089753526951235,-0.0730729833318539,1.6609761099930531,0.0,0.0,0.0,4.534839423248303,0.07558065705413838
0.3080000000000002,0.24089731620319532,-0.07307291516579152,1.6609761247464194,0.24089753526951235,-0.0730729833318539,1.6609761099930531,0.24089753526951235,-0.0730729833318539,1.6609761099930531,0.0,0.0,0.0,4.53483955064102,0.07558065917735032
0.3090000000000002,0.24089732028306973,-0.07307291833121761,1.6609761259898612,0.24089753526951235,-0.0730729833318539,1.6609761099930531,0.24089753526951235,-0.0730729833318539,1.6609761099930531,0.0,0.0,0.0,4.534839652037231,0.07558066086728718
0.3100000000000002,0.24089732431901187,-0.07307292143570701,1.6609761271956915,0.24089753526951235,-0.0730729833318539,1.6609761099930531,0.24089753526951235,-0.0730729833318539,1.6609761099930531,0.0,0.0,0.0,4.534839728401374,0.07558066214002289
0.3110000000000002,0.24089732831152808,-0.07307292448004805,1.6609761283658853,0.24089753526951235,-0.0730729833318539,1.6609761099930531,0.24089753526951235,-0.0730729833318539,1.6609761099930531,0.0,0.0,0.0,4.534839780689241,0.07558066301148735
0.3120000000000002,0.24089733226113969,-0.07307292746504276,1.6609761295023515,0.24089753526951235,-0.0730729833318539,1.6609761099930531,0.24089753526951235,-0.0730729833318539,1.6609761099930531,0.0,0.0,0.0,4.534839809844143,0.07558066349740238
0.3130000000000002,0.2408973361683825,-0.07307293039150528,1.6609761306069366,0.24089753526951235,-0.0730729833318539,1.6609761099930531,0.24089753526951235,-0.0730729833318539,1.6609761099930531,0.0,0.0,0.0,4.534839816797576,0.07558066361329294
0.3140000000000002,0.2408973400338057,-0.07307293326026128,1.6609761316814209,0.24089753526951235,-0.0730729833318539,1.6609761099930531,0.24089753526951235,-0.0730729833318539,1.6609761099930531,0.0,0.0,0.0,4.534839802468037,0.07558066337446728
0.3150000000000002,0.2408973438579697,-0.07307293607214582,1.6609761327275248,0.24089753526951235,-0.0730729833318539,1.6609761099930531,0.24089753526951235,-0.0730729833318539,1.6609761099930531,0.0,0.0,0.0,4.534839767761238,0.07558066279602065
0.3160000000000002,0.24089734764144527,-0.07307293882800245,1.6609761337469051,0.24089753526951235,-0.0730729833318539,1.6609761099930531,0.24089753526951235,-0.0730729833318539,1.6609761099930531,0.0,0.0,0.0,4.534839713568309,0.07558066189280516
0.3170000000000002,0.2408973513848109,-0.07307294152868214,1.6609761347411571,0.24089753526951235,-0.0730729833318539,1.6609761099930531,0.24089753526951235,-0.0730729833318539,1.6609761099930531,0.0,0.0,0.0,4.534839640766062,0.07558066067943438
0.3180000000000002,0.24089735508865345,-0.07307294417504162,1.6609761357118167,0.24089753526951235,-0.0730729833318539,1.6609761099930531,0.24089753526951235,-0.0730729833318539,1.6609761099930531,0.0,0.0,0.0,4.534839550216111,0.07558065917026852
0.31900000000000023,0.24089735875356488,-0.07307294676794206,1.6609761366603566,0.24089753526951235,-0.0730729833318539,1.6609761099930531,0.24089753526951235,-0.0730729833318539,1.6609761099930531,0.0,0.0,0.0,4.534839442764361,0.07558065737940602
0.32000000000000023,0.2408973623801423,-0.07307294930824934,1.6609761375881937,0.24089753526951235,-0.0730729833318539,1.6609761099930531,0.24089753526951235,-0.0730729833318539,1.6609761099930531,0.0,0.0,0.0,4.5348393192412795,0.07558065532068799
0.32100000000000023,0.2408973659689863,-0.07307295179683074,1.660976138496683,0.24089753526951235,-0.0730729833318539,1.6609761099930531,0.24089753526951235,-0.0730729833318539,1.6609761099930531,0.0,0.0,0.0,4.534839180460236,0.0755806530076706
0.32200000000000023,0.24089736952069923,-0.07307295423455583,1.6609761393871243,0.24089753526951235,-0.0730729833318539,1.6609761099930531,0.24089753526951235,-0.0730729833318539,1.6609761099930531,0.0,0.0,0.0,4.534839027218731,0.07558065045364552
0.32300000000000023,0.2408973730358856,-0.07307295662229414,1.6609761402607595,0.24089753526951235,-0.0730729833318539,1.6609761099930531,0.24089753526951235,-0.0730729833318539,1.6609761099930531,0.0,0.0,0.0,4.534838860296585,0.07558064767160974
0.32400000000000023,0.24089737651514936,-0.07307295896091591,1.6609761411187742,0.24089753526951235,-0.0730729833318539,1.6609761099930531,0.24089753526951235,-0.0730729833318539,1.6609761099930531,0.0,0.0,0.0,4.534838680456705,0.07558064467427841
0.32500000000000023,0.24089737995909427,-0.0730729612512884,1.6609761419623001,0.24089753526951235,-0.0730729833318539,1.6609761099930531,0.24089753526951235,-0.0730729833318539,1.6609761099930531,0.0,0.0,0.0,4.53483848844438,0.075580641474073
0.32600000000000023,0.2408973833683223,-0.07307296349427837,1.6609761427924143,0.24089753526951235,-0.0730729833318539,1.6609761099930531,0.24089753526951235,-0.0730729833318539,1.6609761099930531,0.0,0.0,0.0,4.534838284987246,0.07558063808312077
0.32700000000000023,0.24089738674343222,-0.0730729656907479,1.6609761436101416,0.24089753526951235,-0.0730729833318539,1.6609761099930531,0.24089753526951235,-0.0730729833318539,1.6609761099930531,0.0,0.0,0.0,4.534838070795053,0.07558063451325088
0.32800000000000024,0.24089739008501987,-0.07307296784155667,1.660976144416455,0.24089753526951235,-0.0730729833318539,1.6609761099930531,0.24089753526951235,-0.0730729833318539,1.6609761099930531,0.0,0.0,0.0,4.534837846559405,0.07558063077599009
0.32900000000000024,0.24089739339367666,-0.07307296994755935,1.660976145212275,0.24089753526951235,-0.0730729833318539,1.6609761099930531,0.24089753526951235,-0.0730729833318539,1.6609761099930531,0.0,0.0,0.0,4.53483761295373,0.07558062688256216
0.33000000000000024,0.24089739666998872,-0.07307297200960451,1.6609761459984747,0.24089753526951235,-0.0730729833318539,1.6609761099930531,0.24089753526951235,-0.0730729833318539,1.6609761099930531,0.0,0.0,0.0,4.534837370633677,0.07558062284389462
0.33100000000000024,0.24089739991453657,-0.07307297402853533,1.660976146775878,0.24089753526951235,-0.0730729833318539,1.6609761099930531,0.24089753526951235,-0.0730729833318539,1.6609761099930531,0.0,0.0,0.0,4.5348371202362,0.07558061867060334
0.33200000000000024,0.24089740312789504,-0.07307297600518903,1.6609761475452605,0.24089753526951235,-0.0730729833318539,1.6609761099930531,0.24089753526951235,-0.0730729833318539,1.6609761099930531,0.0,0.0,0.0,4.534836862380027,0.07558061437300045
0.33300000000000024,0.24089740631063006,-0.07307297794039434,1.660976148307352,0.24089753526951235,-0.0730729833318539,1.6609761099930531,0.24089753526951235,-0.0730729833318539,1.6609761099930531,0.0,0.0,0.0,4.534836597665943,0.07558060996109904
0.33400000000000024,0.24089740946330168,-0.07307297983497316,1.6609761490628379,0.24089753526951235,-0.0730729833318539,1.6609761099930531,0.24089753526951235,-0.0730729833318539,1.6609761099930531,0.0,0.0,0.0,4.53483632667614,0.07558060544460234
0.33500000000000024,0.24089741258646064,-0.07307298168973851,1.660976149812358,0.24089753526951235,-0.0730729833318539,1.6609761099930531,0.24089753526951235,-0.0730729833318539,1.6609761099930531,0.0,0.0,0.0,4.5348360499746585,0.07558060083291097
0.33600000000000024,0.24089741568064893,-0.07307298350549411,1.660976150556512,0.24089753526951235,-0.0730729833318539,1.6609761099930531,0.24089753526951235,-0.0730729833318539,1.6609761099930531,0.0,0.0,0.0,4.534835768107019,0.07558059613511699
0.33700000000000024,0.24089741874639986,-0.07307298528303578,1.6609761512958547,0.24089753526951235,-0.0730729833318539,1.6609761099930531,0.24089753526951235,-0.0730729833318539,1.6609761099930531,0.0,0.0,0.0,4.534835481601948,0.07558059136003246
0.33800000000000024,0.24089742178423665,-0.07307298702314793,1.6609761520309025,0.24089753526951235,-0.0730729833318539,1.6609761099930531,0.24089753526951235,-0.0730729833318539,1.6609761099930531,0.0,0.0,0.0,4.534835190969178,0.07558058651615297
0.33900000000000025,0.24089742479467222,-0.07307298872660589,1.6609761527621318,0.24089753526951235,-0.0730729833318539,1.6609761099930531,0.24089753526951235,-0.0730729833318539,1.6609761099930531,0.0,0.0,0.0,4.534834896700914,0.07558058161168191
0.34000000000000025,0.24089742777820966,-0.07307299039417417,1.6609761534899805,0.24089753526951235,-0.0730729833318539,1.6609761099930531,0.24089753526951235,-0.0730729833318539,1.6609761099930531,0.0,0.0,0.0,4.534834599271458,0.0755805766545243
0.34100000000000025,0.24089743073534023,-0.07307299202660539,1.660976154214851,0.24089753526951235,-0.0730729833318539,1.6609761099930531,0.24089753526951235,-0.0730729833318539,1.6609761099930531,0.0,0.0,0.0,4.534834299138092,0.07558057165230153
0.34200000000000025,0.24089743366654487,-0.0730729936246427,1.660976154937108,0.24089753526951235,-0.0730729833318539,1.6609761099930531,0.24089753526951235,-0.0730729833318539,1.6609761099930531,0.0,0.0,0.0,4.5348339967402165,0.07558056661233695
0.34300000000000025,0.2408974365722929,-0.07307299518901603,1.660976155657083,0.24089753526951235,-0.0730729833318539,1.6609761099930531,0.24089753526951235,-0.0730729833318539,1.6609761099930531,0.0,0.0,0.0,4.534833692500696,0.07558056154167826
0.34400000000000025,0.24089743945304176,-0.07307299672044434,1.6609761563750738,0.24089753526951235,-0.0730729833318539,1.6609761099930531,0.24089753526951235,-0.0730729833318539,1.6609761099930531,0.0,0.0,0.0,4.534833386825265,0.07558055644708775
0.34500000000000025,0.24089744230923663,-0.07307299821963452,1.660976157091345,0.24089753526951235,-0.0730729833318539,1.6609761099930531,0.24089753526951235,-0.0730729833318539,1.6609761099930531,0.0,0.0,0.0,4.534833080102849,0.07558055133504747
0.34600000000000025,0.2408974451413115,-0.07307299968728068,1.6609761578061306,0.24089753526951235,-0.0730729833318539,1.6609761099930531,0.24089753526951235,-0.0730729833318539,1.6609761099930531,0.0,0.0,0.0,4.534832772706125,0.07558054621176874
0.34700000000000025,0.2408974479496872,-0.07307300112406478,1.6609761585196352,0.24089753526951235,-0.0730729833318539,1.6609761099930531,0.24089753526951235,-0.0730729833318539,1.6609761099930531,0.0,0.0,0.0,4.534832464991626,0.07558054108319377
0.34800000000000025,0.24089745073477298,-0.07307300253065631,1.6609761592320338,0.24089753526951235,-0.0730729833318539,1.6609761099930531,0.24089753526951235,-0.0730729833318539,1.6609761099930531,0.0,0.0,0.0,4.534832157299534,0.07558053595499223
0.34900000000000025,0.2408974534969643,-0.0730730039077115,1.6609761599434738,0.24089753526951235,-0.0730729833318539,1.6609761099930531,0.24089753526951235,-0.0730729833318539,1.6609761099930531,0.0,0.0,0.0,4.534831849954807,0.07558053083258011
0.35000000000000026,0.2408974562366455,-0.07307300525587365,1.660976160654076,0.24089753526951235,-0.0730729833318539,1.6609761099930531,0.24089753526951235,-0.0730729833318539,1.6609761099930531,0.0,0.0,0.0,4.5348315432668,0.07558052572111333
0.35100000000000026,0.24089745895418657,-0.07307300657577384,1.6609761613639338,0.24089753526951235,-0.0730729833318539,1.6609761099930531,0.24089753526951235,-0.0730729833318539,1.6609761099930531,0.0,0.0,0.0,4.53483123752979,0.0755805206254965
0.35200000000000026,0.24089746164994713,-0.07307300786802909,1.660976162073121,0.24089753526951235,-0.0730729833318539,1.6609761099930531,0.24089753526951235,-0.0730729833318539,1.6609761099930531,0.0,0.0,0.0,4.5348309330235566,0.07558051555039261
0.35300000000000026,0.24089746432427236,-0.07307300913324404,1.660976162781683,0.24089753526951235,-0.0730729833318539,1.6609761099930531,0.24089753526951235,-0.0730729833318539,1.6609761099930531,0.0,0.0,0.0,4.534830630012501,0.07558051050020835
0.35400000000000026,0.24089746697749392,-0.07307301037200892,1.6609761634896447,0.24089753526951235,-0.0730729833318539,1.6609761099930531,0.24089753526951235,-0.0730729833318539,1.6609761099930531,0.0,0.0,0.0,4.534830328747501,0.07558050547912501
0.35500000000000026,0.24089746960993227,-0.07307301158490176,1.6609761641970084,0.24089753526951235,-0.0730729833318539,1.6609761099930531,0.24089753526951235,-0.0730729833318539,1.6609761099930531,0.0,0.0,0.0,4.53483002946536,0.07558050049108934
0.35600000000000026,0.24089747222189473,-0.07307301277248696,1.6609761649037582,0.24089753526951235,-0.0730729833318539,1.6609761099930531,0.24089753526951235,-0.0730729833318539,1.6609761099930531,0.0,0.0,0.0,4.534829732389546,0.07558049553982576
0.35700000000000026,0.24089747481367477,-0.07307301393531579,1.660976165609857,0.24089753526951235,-0.0730729833318539,1.6609761099930531,0.24089753526951235,-0.0730729833318539,1.6609761099930531,0.0,0.0,0.0,4.534829437729692,0.0755804906288282
0.35800000000000026,0.24089747738555667,-0.07307301507392631,1.6609761663152505,0.24089753526951235,-0.0730729833318539,1.6609761099930531,0.24089753526951235,-0.0730729833318539,1.6609761099930531,0.0,0.0,0.0,4.534829145682846,0.07558048576138075
0.35900000000000026,0.24089747993780802,-0.0730730161888428,1.6609761670198657,0.24089753526951235,-0.0730729833318539,1.6609761099930531,0.24089753526951235,-0.0730729833318539,1.6609761099930531,0.0,0.0,0.0,4.5348288564333155,0.07558048094055526
0.36000000000000026,0.24089748247068646,-0.07307301728057713,1.6609761677236152,0.24089753526951235,-0.0730729833318539,1.6609761099930531,0.24089753526951235,-0.0730729833318539,1.6609761099930531,0.0,0.0,0.0,4.534828570153172,0.07558047616921953
0.36100000000000027,0.2408974849844365,-0.07307301834962815,1.6609761684263937,0.24089753526951235,-0.0730729833318539,1.6609761099930531,0.24089753526951235,-0.0730729833318539,1.6609761099930531,0.0,0.0,0.0,4.53482828700214,0.07558047145003567
0.36200000000000027,0.24089748747929068,-0.07307301939648066,1.6609761691280818,0.24089753526951235,-0.0730729833318539,1.6609761099930531,0.24089753526951235,-0.0730729833318539,1.6609761099930531,0.0,0.0,0.0,4.534828007128702,0.07558046678547838
0.36300000000000027,0.2408974899554699,-0.0730730204216077,1.6609761698285472,0.24089753526951235,-0.0730729833318539,1.6609761099930531,0.24089753526951235,-0.0730729833318539,1.6609761099930531,0.0,0.0,0.0,4.5348277306701394,0.07558046217783566
0.36400000000000027,0.24089749241318215,-0.07307302142546888,1.6609761705276433,0.24089753526951235,-0.0730729833318539,1.6609761099930531,0.24089753526951235,-0.0730729833318539,1.6609761099930531,0.0,0.0,0.0,4.5348274577521925,0.07558045762920321
0.36500000000000027,0.24089749485262513,-0.0730730224085115,1.6609761712252131,0.24089753526951235,-0.0730729833318539,1.6609761099930531,0.24089753526951235,-0.0730729833318539,1.6609761099930531,0.0,0.0,0.0,4.534827188490492,0.0755804531415082
0.36600000000000027,0.2408974972739839,-0.07307302337116978,1.6609761719210865,0.24089753526951235,-0.0730729833318539,1.6609761099930531,0.24089753526951235,-0.0730729833318539,1.6609761099930531,0.0,0.0,0.0,4.534826922989827,0.0755804487164971
0.36700000000000027,0.2408974996774324,-0.07307302431386573,1.6609761726150836,0.24089753526951235,-0.0730729833318539,1.6609761099930531,0.24089753526951235,-0.0730729833318539,1.6609761099930531,0.0,0.0,0.0,4.534826661345341,0.07558044435575569
0.36800000000000027,0.24089750206313337,-0.07307302523700968,1.6609761733070156,0.24089753526951235,-0.0730729833318539,1.6609761099930531,0.24089753526951235,-0.0730729833318539,1.6609761099930531,0.0,0.0,0.0,4.534826403642399,0.07558044006070666
0.36900000000000027,0.24089750443123925,-0.07307302614099853,1.660976173996683,0.24089753526951235,-0.0730729833318539,1.6609761099930531,0.24089753526951235,-0.0730729833318539,1.6609761099930531,0.0,0.0,0.0,4.5348261499568805,0.07558043583261467
0.3700000000000003,0.24089750678189087,-0.0730730270262186,1.6609761746838798,0.24089753526951235,-0.0730729833318539,1.6609761099930531,0.24089753526951235,-0.0730729833318539,1.6609761099930531,0.0,0.0,0.0,4.534825900355982,0.0755804316725997
0.3710000000000003,0.2408975091152193,-0.07307302789304339,1.6609761753683912,0.24089753526951235,-0.0730729833318539,1.6609761099930531,0.24089753526951235,-0.0730729833318539,1.6609761099930531,0.0,0.0,0.0,4.534825654897747,0.07558042758162913
0.3720000000000003,0.24089751143134394,-0.07307302874183526,1.6609761760499973,0.24089753526951235,-0.0730729833318539,1.6609761099930531,0.24089753526951235,-0.0730729833318539,1.6609761099930531,0.0,0.0,0.0,4.534825413632141,0.07558042356053568
0.3730000000000003,0.24089751373037618,-0.07307302957294491,1.6609761767284692,0.24089753526951235,-0.0730729833318539,1.6609761099930531,0.24089753526951235,-0.0730729833318539,1.6609761099930531,0.0,0.0,0.0,4.534825176600522,0.0755804196100087
0.3740000000000003,0.24089751601241596,-0.07307303038671184,1.660976177403575,0.24089753526951235,-0.0730729833318539,1.6609761099930531,0.24089753526951235,-0.0730729833318539,1.6609761099930531,0.0,0.0,0.0,4.5348249438373704,0.07558041573062284
0.3750000000000003,0.24089751827755393,-0.07307303118346473,1.6609761780750758,0.24089753526951235,-0.0730729833318539,1.6609761099930531,0.24089753526951235,-0.0730729833318539,1.6609761099930531,0.0,0.0,0.0,4.534824715369011,0.07558041192281685
0.3760000000000003,0.24089752052587143,-0.07307303196352091,1.6609761787427302,0.24089753526951235,-0.0730729833318539,1.6609761099930531,0.24089753526951235,-0.0730729833318539,1.6609761099930531,0.0,0.0,0.0,4.534824491214953,0.07558040818691587
0.3770000000000003,0.24089752275744114,-0.07307303272718743,1.6609761794062936,0.24089753526951235,-0.0730729833318539,1.6609761099930531,0.24089753526951235,-0.0730729833318539,1.6609761099930531,0.0,0.0,0.0,4.534824271387018,0.07558040452311697
0.3780000000000003,0.24089752497232642,-0.07307303347476067,1.6609761800655154,0.24089753526951235,-0.0730729833318539,1.6609761099930531,0.24089753526951235,-0.0730729833318539,1.6609761099930531,0.0,0.0,0.0,4.534824055892115,0.07558040093153526
0.3790000000000003,0.24089752717058213,-0.07307303420652683,1.660976180720145,0.24089753526951235,-0.0730729833318539,1.6609761099930531,0.24089753526951235,-0.0730729833318539,1.6609761099930531,0.0,0.0,0.0,4.5348238447298606,0.07558039741216434
0.3800000000000003,0.24089752935225442,-0.07307303492276208,1.6609761813699282,0.24089753526951235,-0.0730729833318539,1.6609761099930531,0.24089753526951235,-0.0730729833318539,1.6609761099930531,0.0,0.0,0.0,4.534823637893573,0.07558039396489288
0.3810000000000003,0.24089753151738197,-0.07307303562373269,1.660976182014611,0.24089753526951235,-0.0730729833318539,1.6609761099930531,0.24089753526951235,-0.0730729833318539,1.6609761099930531,0.0,0.0,0.0,4.534823435371313,0.07558039058952187
0.3820000000000003,0.24089753366599556,-0.07307303630969593,1.6609761826539353,0.24089753526951235,-0.0730729833318539,1.6609761099930531,0.24089753526951235,-0.0730729833318539,1.6609761099930531,0.0,0.0,0.0,4.534823237145447,0.07558038728575744
0.3830000000000003,0.2408975357981174,-0.07307303698089863,1.660976183287645,0.24089753526951235,-0.0730729833318539,1.6609761099930531,0.24089753526951235,-0.0730729833318539,1.6609761099930531,0.0,0.0,0.0,4.534823043193733,0.0755803840532289
0.3840000000000003,0.24089753791376387,-0.0730730376375793,1.6609761839154842,0.24089753526951235,-0.0730729833318539,1.6609761099930531,0.24089753526951235,-0.0730729833318539,1.6609761099930531,0.0,0.0,0.0,4.534822853488565,0.07558038089147609
0.3850000000000003,0.24089754001294295,-0.07307303827996722,1.6609761845371938,0.24089753526951235,-0.0730729833318539,1.6609761099930531,0.24089753526951235,-0.0730729833318539,1.6609761099930531,0.0,0.0,0.0,4.534822667997672,0.07558037779996121
0.3860000000000003,0.24089754209565684,-0.0730730389082828,1.6609761851525195,0.24089753526951235,-0.0730729833318539,1.6609761099930531,0.24089753526951235,-0.0730729833318539,1.6609761099930531,0.0,0.0,0.0,4.534822486684842,0.0755803747780807
0.3870000000000003,0.24089754416190023,-0.0730730395227384,1.6609761857612044,0.24089753526951235,-0.0730729833318539,1.6609761099930531,0.24089753526951235,-0.0730729833318539,1.6609761099930531,0.0,0.0,0.0,4.534822309509183,0.07558037182515305
0.3880000000000003,0.24089754621166232,-0.07307304012353773,1.660976186362996,0.24089753526951235,-0.0730729833318539,1.6609761099930531,0.24089753526951235,-0.0730729833318539,1.6609761099930531,0.0,0.0,0.0,4.534822136426697,0.07558036894044494
0.3890000000000003,0.2408975482449255,-0.07307304071087652,1.6609761869576414,0.24089753526951235,-0.0730729833318539,1.6609761099930531,0.24089753526951235,-0.0730729833318539,1.6609761099930531,0.0,0.0,0.0,4.534821967388844,0.07558036612314739
0.3900000000000003,0.24089755026166781,-0.07307304128494332,1.660976187544891,0.24089753526951235,-0.0730729833318539,1.6609761099930531,0.24089753526951235,-0.0730729833318539,1.6609761099930531,0.0,0.0,0.0,4.534821802344279,0.07558036337240465
0.3910000000000003,0.24089755226186005,-0.07307304184591833,1.6609761881244973,0.24089753526951235,-0.0730729833318539,1.6609761099930531,0.24089753526951235,-0.0730729833318539,1.6609761099930531,0.0,0.0,0.0,4.534821641238355,0.07558036068730592
0.3920000000000003,0.24089755424546855,-0.07307304239397455,1.660976188696214,0.24089753526951235,-0.0730729833318539,1.6609761099930531,0.24089753526951235,-0.0730729833318539,1.6609761099930531,0.0,0.0,0.0,4.534821484013209,0.07558035806688682
0.3930000000000003,0.24089755621245523,-0.07307304292927805,1.660976189259803,0.24089753526951235,-0.0730729833318539,1.6609761099930531,0.24089753526951235,-0.0730729833318539,1.6609761099930531,0.0,0.0,0.0,4.534821330608977,0.0755803555101496
0.3940000000000003,0.24089755816277494,-0.07307304345198784,1.6609761898150202,0.24089753526951235,-0.0730729833318539,1.6609761099930531,0.24089753526951235,-0.0730729833318539,1.6609761099930531,0.0,0.0,0.0,4.534821180961761,0.07558035301602935
0.3950000000000003,0.24089756009638158,-0.07307304396225688,1.6609761903616356,0.24089753526951235,-0.0730729833318539,1.6609761099930531,0.24089753526951235,-0.0730729833318539,1.6609761099930531,0.0,0.0,0.0,4.534821035007476,0.07558035058345794
0.3960000000000003,0.2408975620132207,-0.07307304446023,1.6609761908994127,0.24089753526951235,-0.0730729833318539,1.6609761099930531,0.24089753526951235,-0.0730729833318539,1.6609761099930531,0.0,0.0,0.0,4.534820892677708,0.07558034821129513
0.3970000000000003,0.24089756391323763,-0.07307304494604791,1.660976191428128,0.24089753526951235,-0.0730729833318539,1.6609761099930531,0.24089753526951235,-0.0730729833318539,1.6609761099930531,0.0,0.0,0.0,4.534820753904155,0.07558034589840258
0.3980000000000003,0.240897565796371,-0.0730730454198438,1.6609761919475563,0.24089753526951235,-0.0730729833318539,1.6609761099930531,0.24089753526951235,-0.0730729833318539,1.6609761099930531,0.0,0.0,0.0,4.534820618614929,0.07558034364358215
0.3990000000000003,0.24089756766255735,-0.07307304588174565,1.6609761924574789,0.24089753526951235,-0.0730729833318539,1.6609761099930531,0.24089753526951235,-0.0730729833318539,1.6609761099930531,0.0,0.0,0.0,4.534820486737708,0.07558034144562846
0.4000000000000003,0.2408975695117292,-0.07307304633187549,1.6609761929576805,0.24089753526951235,-0.0730729833318539,1.6609761099930531,0.24089753526951235,-0.0730729833318539,1.6609761099930531,0.0,0.0,0.0,4.534820358198499,0.07558033930330832
0.4010000000000003,0.24089757134381629,-0.0730730467703503,1.660976193447952,0.24089753526951235,-0.0730729833318539,1.6609761099930531,0.24089753526951235,-0.0730729833318539,1.6609761099930531,0.0,0.0,0.0,4.5348202329220735,0.07558033721536789
0.4020000000000003,0.24089757315874472,-0.07307304719728154,1.6609761939280885,0.24089753526951235,-0.0730729833318539,1.6609761099930531,0.24089753526951235,-0.0730729833318539,1.6609761099930531,0.0,0.0,0.0,4.534820110831974,0.07558033518053289
0.4030000000000003,0.2408975749564391,-0.07307304761277604,1.6609761943978898,0.24089753526951235,-0.0730729833318539,1.6609761099930531,0.24089753526951235,-0.0730729833318539,1.6609761099930531,0.0,0.0,0.0,4.534819991850984,0.0755803331975164
0.4040000000000003,0.24089757673682005,-0.07307304801693534,1.6609761948571593,0.24089753526951235,-0.0730729833318539,1.6609761099930531,0.24089753526951235,-0.0730729833318539,1.6609761099930531,0.0,0.0,0.0,4.53481987590107,0.07558033126501783
0.4050000000000003,0.24089757849980734,-0.07307304840985664,1.6609761953057087,0.24089753526951235,-0.0730729833318539,1.6609761099930531,0.24089753526951235,-0.0730729833318539,1.6609761099930531,0.0,0.0,0.0,4.53481976290397,0.07558032938173283
0.4060000000000003,0.24089758024531732,-0.07307304879163284,1.6609761957433533,0.24089753526951235,-0.0730729833318539,1.6609761099930531,0.24089753526951235,-0.0730729833318539,1.6609761099930531,0.0,0.0,0.0,4.534819652780251,0.07558032754633752
0.4070000000000003,0.24089758197326525,-0.07307304916235208,1.6609761961699137,0.24089753526951235,-0.0730729833318539,1.6609761099930531,0.24089753526951235,-0.0730729833318539,1.6609761099930531,0.0,0.0,0.0,4.53481954545055,0.07558032575750917
0.4080000000000003,0.24089758368356443,-0.07307304952209935,1.660976196585215,0.24089753526951235,-0.0730729833318539,1.6609761099930531,0.24089753526951235,-0.0730729833318539,1.6609761099930531,0.0,0.0,0.0,4.534819440835197,0.07558032401391995
0.4090000000000003,0.2408975853761263,-0.07307304987095475,1.6609761969890904,0.24089753526951235,-0.0730729833318539,1.6609761099930531,0.24089753526951235,-0.0730729833318539,1.6609761099930531,0.0,0.0,0.0,4.534819338854758,0.07558032231424597
0.4100000000000003,0.24089758705086134,-0.07307305020899542,1.6609761973813773,0.24089753526951235,-0.0730729833318539,1.6609761099930531,0.24089753526951235,-0.0730729833318539,1.6609761099930531,0.0,0.0,0.0,4.5348192394292,0.07558032065715332
0.4110000000000003,0.24089758870767908,-0.07307305053629473,1.6609761977619175,0.24089753526951235,-0.0730729833318539,1.6609761099930531,0.24089753526951235,-0.0730729833318539,1.6609761099930531,0.0,0.0,0.0,4.534819142479077,0.07558031904131796
0.4120000000000003,0.24089759034648722,-0.07307305085292279,1.6609761981305597,0.24089753526951235,-0.0730729833318539,1.6609761099930531,0.24089753526951235,-0.0730729833318539,1.6609761099930531,0.0,0.0,0.0,4.534819047925301,0.07558031746542168
0.4130000000000003,0.24089759196719313,-0.07307305115894616,1.6609761984871594,0.24089753526951235,-0.0730729833318539,1.6609761099930531,0.24089753526951235,-0.0730729833318539,1.6609761099930531,0.0,0.0,0.0,4.534818955688772,0.07558031592814621
0.4140000000000003,0.24089759356970364,-0.07307305145442915,1.6609761988315754,0.24089753526951235,-0.0730729833318539,1.6609761099930531,0.24089753526951235,-0.0730729833318539,1.6609761099930531,0.0,0.0,0.0,4.5348188656909025,0.07558031442818171
0.4150000000000003,0.24089759515392473,-0.0730730517394322,1.6609761991636727,0.24089753526951235,-0.0730729833318539,1.6609761099930531,0.24089753526951235,-0.0730729833318539,1.6609761099930531,0.0,0.0,0.0,4.534818777853978,0.07558031296423297
0.4160000000000003,0.24089759671976174,-0.07307305201401405,1.6609761994833243,0.24089753526951235,-0.0730729833318539,1.6609761099930531,0.24089753526951235,-0.0730729833318539,1.6609761099930531,0.0,0.0,0.0,4.534818692100129,0.07558031153500215
0.4170000000000003,0.24089759826712057,-0.07307305227822981,1.6609761997904073,0.24089753526951235,-0.0730729833318539,1.6609761099930531,0.24089753526951235,-0.0730729833318539,1.6609761099930531,0.0,0.0,0.0,4.534818608353651,0.07558031013922752
0.4180000000000003,0.24089759979590603,-0.0730730525321329,1.6609762000848025,0.24089753526951235,-0.0730729833318539,1.6609761099930531,0.24089753526951235,-0.0730729833318539,1.6609761099930531,0.0,0.0,0.0,4.534818526538328,0.0755803087756388
0.4190000000000003,0.24089760130602422,-0.07307305277577464,1.6609762003664001,0.24089753526951235,-0.0730729833318539,1.6609761099930531,0.24089753526951235,-0.0730729833318539,1.6609761099930531,0.0,0.0,0.0,4.534818446579505,0.07558030744299175
0.4200000000000003,0.24089760279738012,-0.07307305300920344,1.6609762006350928,0.24089753526951235,-0.0730729833318539,1.6609761099930531,0.24089753526951235,-0.0730729833318539,1.6609761099930531,0.0,0.0,0.0,4.534818368402764,0.07558030614004606
0.4210000000000003,0.24089760426987974,-0.07307305323246659,1.6609762008907818,0.24089753526951235,-0.0730729833318539,1.6609761099930531,0.24089753526951235,-0.0730729833318539,1.6609761099930531,0.0,0.0,0.0,4.534818291935339,0.07558030486558898
0.4220000000000003,0.2408976057234295,-0.07307305344560829,1.6609762011333704,0.24089753526951235,-0.0730729833318539,1.6609761099930531,0.24089753526951235,-0.0730729833318539,1.6609761099930531,0.0,0.0,0.0,4.534818217105088,0.07558030361841814
0.4230000000000003,0.24089760715793596,-0.07307305364867245,1.6609762013627711,0.24089753526951235,-0.0730729833318539,1.6609761099930531,0.24089753526951235,-0.0730729833318539,1.6609761099930531,0.0,0.0,0.0,4.53481814384151,0.0755803023973585
0.4240000000000003,0.2408976085733066,-0.07307305384170068,1.660976201578899,0.24089753526951235,-0.0730729833318539,1.6609761099930531,0.24089753526951235,-0.0730729833318539,1.6609761099930531,0.0,0.0,0.0,4.534818072074689,0.07558030120124481
0.4250000000000003,0.2408976099694496,-0.07307305402473231,1.6609762017816758,0.24089753526951235,-0.0730729833318539,1.6609761099930531,0.24089753526951235,-0.0730729833318539,1.6609761099930531,0.0,0.0,0.0,4.534818001736443,0.07558030002894071
0.4260000000000003,0.24089761134627424,-0.07307305419780669,1.660976201971029,0.24089753526951235,-0.0730729833318539,1.6609761099930531,0.24089753526951235,-0.0730729833318539,1.6609761099930531,0.0,0.0,0.0,4.534817932759507,0.07558029887932512
0.4270000000000003,0.24089761270369014,-0.07307305436096093,1.6609762021468906,0.24089753526951235,-0.0730729833318539,1.6609761099930531,0.24089753526951235,-0.0730729833318539,1.6609761099930531,0.0,0.0,0.0,4.53481786507802,0.07558029775130033
0.4280000000000003,0.24089761404160875,-0.07307305451423132,1.6609762023091978,0.24089753526951235,-0.0730729833318539,1.6609761099930531,0.24089753526951235,-0.0730729833318539,1.6609761099930531,0.0,0.0,0.0,4.5348177986275795,0.075580296643793
0.4290000000000003,0.24089761535994214,-0.07307305465765279,1.6609762024578933,0.24089753526951235,-0.0730729833318539,1.6609761099930531,0.24089753526951235,-0.0730729833318539,1.6609761099930531,0.0,0.0,0.0,4.534817733345049,0.07558029555575081
0.4300000000000003,0.24089761665860304,-0.07307305479125914,1.6609762025929236,0.24089753526951235,-0.0730729833318539,1.6609761099930531,0.24089753526951235,-0.0730729833318539,1.6609761099930531,0.0,0.0,0.0,4.534817669168749,0.07558029448614582
0.4310000000000003,0.24089761793750714,-0.07307305491508428,1.6609762027142436,0.24089753526951235,-0.0730729833318539,1.6609761099930531,0.24089753526951235,-0.0730729833318539,1.6609761099930531,0.0,0.0,0.0,4.5348176060386916,0.0755802934339782
0.43200000000000033,0.24089761919656993,-0.07307305502916037,1.660976202821809,0.24089753526951235,-0.0730729833318539,1.6609761099930531,0.24089753526951235,-0.0730729833318539,1.6609761099930531,0.0,0.0,0.0,4.534817543895591,0.07558029239825985
0.43300000000000033,0.24089762043570945,-0.07307305513351896,1.6609762029155832,0.24089753526951235,-0.0730729833318539,1.6609761099930531,0.24089753526951235,-0.0730729833318539,1.6609761099930531,0.0,0.0,0.0,4.534817482682542,0.07558029137804237
0.43400000000000033,0.24089762165484407,-0.07307305522819134,1.6609762029955326,0.24089753526951235,-0.0730729833318539,1.6609761099930531,0.24089753526951235,-0.0730729833318539,1.6609761099930531,0.0,0.0,0.0,4.534817422343428,0.07558029037239047
0.43500000000000033,0.2408976228538952,-0.07307305531320758,1.6609762030616295,0.24089753526951235,-0.0730729833318539,1.6609761099930531,0.24089753526951235,-0.0730729833318539,1.6609761099930531,0.0,0.0,0.0,4.5348173628242066,0.07558028938040344
0.43600000000000033,0.2408976240327845,-0.07307305538859836,1.6609762031138497,0.24089753526951235,-0.0730729833318539,1.6609761099930531,0.24089753526951235,-0.0730729833318539,1.6609761099930531,0.0,0.0,0.0,4.5348173040720425,0.07558028840120071
0.43700000000000033,0.24089762519143576,-0.07307305545439291,1.6609762031521742,0.24089753526951235,-0.0730729833318539,1.6609761099930531,0.24089753526951235,-0.0730729833318539,1.6609761099930531,0.0,0.0,0.0,4.5348172460357645,0.0755802874339294
0.43800000000000033,0.24089762632977502,-0.07307305551062057,1.6609762031765878,0.24089753526951235,-0.0730729833318539,1.6609761099930531,0.24089753526951235,-0.0730729833318539,1.6609761099930531,0.0,0.0,0.0,4.534817188665729,0.07558028647776215
0.43900000000000033,0.24089762744773013,-0.07307305555731063,1.6609762031870792,0.24089753526951235,-0.0730729833318539,1.6609761099930531,0.24089753526951235,-0.0730729833318539,1.6609761099930531,0.0,0.0,0.0,4.534817131913897,0.07558028553189829
0.44000000000000034,0.2408976285452299,-0.07307305559449168,1.6609762031836424,0.24089753526951235,-0.0730729833318539,1.6609761099930531,0.24089753526951235,-0.0730729833318539,1.6609761099930531,0.0,0.0,0.0,4.534817075733742,0.07558028459556237
0.44100000000000034,0.24089762962220523,-0.07307305562219227,1.6609762031662747,0.24089753526951235,-0.0730729833318539,1.6609761099930531,0.24089753526951235,-0.0730729833318539,1.6609761099930531,0.0,0.0,0.0,4.534817020080206,0.07558028366800344
0.44200000000000034,0.24089763067859005,-0.07307305564044134,1.6609762031349775,0.24089753526951235,-0.0730729833318539,1.6609761099930531,0.24089753526951235,-0.0730729833318539,1.6609761099930531,0.0,0.0,0.0,4.534816964909902,0.07558028274849837
0.44300000000000034,0.24089763171431886,-0.07307305564926758,1.660976203089756,0.24089753526951235,-0.0730729833318539,1.6609761099930531,0.24089753526951235,-0.0730729833318539,1.6609761099930531,0.0,0.0,0.0,4.534816910181038,0.07558028183635064
0.44400000000000034,0.24089763272932901,-0.07307305564869912,1.6609762030306194,0.24089753526951235,-0.0730729833318539,1.6609761099930531,0.24089753526951235,-0.0730729833318539,1.6609761099930531,0.0,0.0,0.0,4.534816855853289,0.07558028093088814
0.44500000000000034,0.24089763372355966,-0.07307305563876478,1.6609762029575796,0.24089753526951235,-0.0730729833318539,1.6609761099930531,0.24089753526951235,-0.0730729833318539,1.6609761099930531,0.0,0.0,0.0,4.534816801887778,0.07558028003146296
0.44600000000000034,0.24089763469695147,-0.07307305561949326,1.6609762028706532,0.24089753526951235,-0.0730729833318539,1.6609761099930531,0.24089753526951235,-0.0730729833318539,1.6609761099930531,0.0,0.0,0.0,4.5348167482476125,0.07558027913746021
0.44700000000000034,0.24089763564944783,-0.07307305559091364,1.660976202769859,0.24089753526951235,-0.0730729833318539,1.6609761099930531,0.24089753526951235,-0.0730729833318539,1.6609761099930531,0.0,0.0,0.0,4.53481669489682,0.07558027824828034
0.44800000000000034,0.24089763658099417,-0.07307305555305492,1.6609762026552213,0.24089753526951235,-0.0730729833318539,1.6609761099930531,0.24089753526951235,-0.0730729833318539,1.6609761099930531,0.0,0.0,0.0,4.5348166418013465,0.07558027736335578
0.44900000000000034,0.2408976374915376,-0.07307305550594645,1.6609762025267645,0.24089753526951235,-0.0730729833318539,1.6609761099930531,0.24089753526951235,-0.0730729833318539,1.6609761099930531,0.0,0.0,0.0,4.534816588928213,0.07558027648213689
0.45000000000000034,0.24089763838102754,-0.07307305544961755,1.6609762023845176,0.24089753526951235,-0.0730729833318539,1.6609761099930531,0.24089753526951235,-0.0730729833318539,1.6609761099930531,0.0,0.0,0.0,4.534816536246591,0.07558027560410986
0.45100000000000035,0.24089763924941576,-0.07307305538409829,1.6609762022285142,0.24089753526951235,-0.0730729833318539,1.6609761099930531,0.24089753526951235,-0.0730729833318539,1.6609761099930531,0.0,0.0,0.0,4.534816483726775,0.07558027472877958
0.45200000000000035,0.2408976400966556,-0.0730730553094192,1.6609762020587882,0.24089753526951235,-0.0730729833318539,1.6609761099930531,0.24089753526951235,-0.0730729833318539,1.6609761099930531,0.0,0.0,0.0,4.534816431340168,0.07558027385566947
0.45300000000000035,0.24089764092270308,-0.07307305522560996,1.660976201875377,0.24089753526951235,-0.0730729833318539,1.6609761099930531,0.24089753526951235,-0.0730729833318539,1.6609761099930531,0.0,0.0,0.0,4.5348163790601435,0.07558027298433573
0.45400000000000035,0.24089764172751627,-0.07307305513270228,1.6609762016783225,0.24089753526951235,-0.0730729833318539,1.6609761099930531,0.24089753526951235,-0.0730729833318539,1.6609761099930531,0.0,0.0,0.0,4.534816326861176,0.07558027211435293
0.45500000000000035,0.24089764251105517,-0.0730730550307269,1.660976201467666,0.24089753526951235,-0.0730729833318539,1.6609761099930531,0.24089753526951235,-0.0730729833318539,1.6609761099930531,0.0,0.0,0.0,4.534816274719102,0.07558027124531837
0.45600000000000035,0.24089764327328184,-0.07307305491971601,1.660976201243454,0.24089753526951235,-0.0730729833318539,1.6609761099930531,0.24089753526951235,-0.0730729833318539,1.6609761099930531,0.0,0.0,0.0,4.534816222611485,0.07558027037685808
0.45700000000000035,0.2408976440141607,-0.07307305479970148,1.6609762010057338,0.24089753526951235,-0.0730729833318539,1.6609761099930531,0.24089753526951235,-0.0730729833318539,1.6609761099930531,0.0,0.0,0.0,4.534816170516112,0.07558026950860186
0.45800000000000035,0.2408976447336581,-0.07307305467071565,1.6609762007545568,0.24089753526951235,-0.0730729833318539,1.6609761099930531,0.24089753526951235,-0.0730729833318539,1.6609761099930531,0.0,0.0,0.0,4.534816118414405,0.07558026864024008
0.45900000000000035,0.24089764543174336,-0.0730730545327921,1.6609762004899746,0.24089753526951235,-0.0730729833318539,1.6609761099930531,0.24089753526951235,-0.0730729833318539,1.6609761099930531,0.0,0.0,0.0,4.534816066286895,0.07558026777144826
0.46000000000000035,0.24089764610838615,-0.0730730543859639,1.660976200212041,0.24089753526951235,-0.0730729833318539,1.6609761099930531,0.24089753526951235,-0.0730729833318539,1.6609761099930531,0.0,0.0,0.0,4.534816014116211,0.07558026690193684
0.46100000000000035,0.24089764676356015,-0.07307305423026497,1.6609761999208141,0.24089753526951235,-0.0730729833318539,1.6609761099930531,0.24089753526951235,-0.0730729833318539,1.6609761099930531,0.0,0.0,0.0,4.534815961886033,0.07558026603143389
0.46200000000000035,0.24089764739724004,-0.07307305406573067,1.6609761996163508,0.24089753526951235,-0.0730729833318539,1.6609761099930531,0.24089753526951235,-0.0730729833318539,1.6609761099930531,0.0,0.0,0.0,4.5348159095812575,0.07558026515968762
0.46300000000000036,0.240897648009403,-0.073073053892395,1.6609761992987113,0.24089753526951235,-0.0730729833318539,1.6609761099930531,0.24089753526951235,-0.0730729833318539,1.6609761099930531,0.0,0.0,0.0,4.534815857188334,0.07558026428647223
0.46400000000000036,0.24089764860002763,-0.073073053710294,1.660976198967958,0.24089753526951235,-0.0730729833318539,1.6609761099930531,0.24089753526951235,-0.0730729833318539,1.6609761099930531,0.0,0.0,0.0,4.534815804694568,0.07558026341157613
0.46500000000000036,0.24089764916909556,-0.07307305351946371,1.6609761986241545,0.24089753526951235,-0.0730729833318539,1.6609761099930531,0.24089753526951235,-0.0730729833318539,1.6609761099930531,0.0,0.0,0.0,4.534815752088406,0.07558026253480676
0.46600000000000036,0.24089764971658978,-0.0730730533199406,1.660976198267366,0.24089753526951235,-0.0730729833318539,1.6609761099930531,0.24089753526951235,-0.0730729833318539,1.6609761099930531,0.0,0.0,0.0,4.534815699359414,0.07558026165599023
0.46700000000000036,0.24089765024249538,-0.07307305311176189,1.6609761978976585,0.24089753526951235,-0.0730729833318539,1.6609761099930531,0.24089753526951235,-0.0730729833318539,1.6609761099930531,0.0,0.0,0.0,4.534815646498248,0.07558026077497079
0.46800000000000036,0.24089765074679936,-0.07307305289496459,1.6609761975151007,0.24089753526951235,-0.0730729833318539,1.6609761099930531,0.24089753526951235,-0.0730729833318539,1.6609761099930531,0.0,0.0,0.0,4.534815593496886,0.07558025989161478
0.46900000000000036,0.24089765122949178,-0.07307305266958752,1.660976197119761,0.24089753526951235,-0.0730729833318539,1.6609761099930531,0.24089753526951235,-0.0730729833318539,1.6609761099930531,0.0,0.0,0.0,4.53481554034769,0.07558025900579483
0.47000000000000036,0.24089765169056268,-0.07307305243566903,1.6609761967117096,0.24089753526951235,-0.0730729833318539,1.6609761099930531,0.24089753526951235,-0.0730729833318539,1.6609761099930531,0.0,0.0,0.0,4.534815487044889,0.07558025811741481
0.47100000000000036,0.2408976521300058,-0.07307305219324839,1.6609761962910201,0.24089753526951235,-0.0730729833318539,1.6609761099930531,0.24089753526951235,-0.0730729833318539,1.6609761099930531,0.0,0.0,0.0,4.534815433583046,0.0755802572263841
0.47200000000000036,0.24089765254781587,-0.0730730519423651,1.6609761958577631,0.24089753526951235,-0.0730729833318539,1.6609761099930531,0.24089753526951235,-0.0730729833318539,1.6609761099930531,0.0,0.0,0.0,4.534815379957496,0.07558025633262493
0.47300000000000036,0.24089765294399001,-0.07307305168305953,1.6609761954120135,0.24089753526951235,-0.0730729833318539,1.6609761099930531,0.24089753526951235,-0.0730729833318539,1.6609761099930531,0.0,0.0,0.0,4.5348153261652,0.07558025543608667
0.47400000000000037,0.24089765331852675,-0.07307305141537215,1.660976194953845,0.24089753526951235,-0.0730729833318539,1.6609761099930531,0.24089753526951235,-0.0730729833318539,1.6609761099930531,0.0,0.0,0.0,4.534815272203555,0.07558025453672591
0.47500000000000037,0.24089765367142676,-0.07307305113934442,1.6609761944833343,0.24089753526951235,-0.0730729833318539,1.6609761099930531,0.24089753526951235,-0.0730729833318539,1.6609761099930531,0.0,0.0,0.0,4.53481521807078,0.075580253634513
0.47600000000000037,0.2408976540026924,-0.07307305085501777,1.6609761940005565,0.24089753526951235,-0.0730729833318539,1.6609761099930531,0.24089753526951235,-0.0730729833318539,1.6609761099930531,0.0,0.0,0.0,4.534815163765866,0.0755802527294311
0.47700000000000037,0.2408976543123275,-0.07307305056243431,1.660976193505589,0.24089753526951235,-0.0730729833318539,1.6609761099930531,0.24089753526951235,-0.0730729833318539,1.6609761099930531,0.0,0.0,0.0,4.53481510928903,0.07558025182148384
0.47800000000000037,0.24089765460033846,-0.0730730502616366,1.6609761929985092,0.24089753526951235,-0.0730729833318539,1.6609761099930531,0.24089753526951235,-0.0730729833318539,1.6609761099930531,0.0,0.0,0.0,4.534815054640733,0.07558025091067888
0.47900000000000037,0.24089765486673206,-0.07307304995266792,1.660976192479396,0.24089753526951235,-0.0730729833318539,1.6609761099930531,0.24089753526951235,-0.0730729833318539,1.6609761099930531,0.0,0.0,0.0,4.534814999822499,0.07558024999704166
0.48000000000000037,0.24089765511152017,-0.07307304963557179,1.6609761919483277,0.24089753526951235,-0.0730729833318539,1.6609761099930531,0.24089753526951235,-0.0730729833318539,1.6609761099930531,0.0,0.0,0.0,4.534814944836322,0.07558024908060537
0.48100000000000037,0.24089765533471108,-0.07307304931039217,1.6609761914053836,0.24089753526951235,-0.0730729833318539,1.6609761099930531,0.24089753526951235,-0.0730729833318539,1.6609761099930531,0.0,0.0,0.0,4.534814889685116,0.07558024816141859
0.4820000000000004,0.24089765553631853,-0.07307304897717345,1.6609761908506433,0.24089753526951235,-0.0730729833318539,1.6609761099930531,0.24089753526951235,-0.0730729833318539,1.6609761099930531,0.0,0.0,0.0,4.534814834372278,0.07558024723953796
0.4830000000000004,0.24089765571635674,-0.07307304863596034,1.6609761902841875,0.24089753526951235,-0.0730729833318539,1.6609761099930531,0.24089753526951235,-0.0730729833318539,1.6609761099930531,0.0,0.0,0.0,4.534814778901966,0.07558024631503277
0.4840000000000004,0.24089765587484183,-0.07307304828679811,1.660976189706096,0.24089753526951235,-0.0730729833318539,1.6609761099930531,0.24089753526951235,-0.0730729833318539,1.6609761099930531,0.0,0.0,0.0,4.534814723278711,0.07558024538797851
0.4850000000000004,0.24089765601179114,-0.07307304792973263,1.6609761891164494,0.24089753526951235,-0.0730729833318539,1.6609761099930531,0.24089753526951235,-0.0730729833318539,1.6609761099930531,0.0,0.0,0.0,4.534814667507982,0.07558024445846637
0.4860000000000004,0.2408976561272239,-0.07307304756480966,1.6609761885153291,0.24089753526951235,-0.0730729833318539,1.6609761099930531,0.24089753526951235,-0.0730729833318539,1.6609761099930531,0.0,0.0,0.0,4.534814611595483,0.07558024352659137
0.4870000000000004,0.24089765622116038,-0.07307304719207547,1.6609761879028162,0.24089753526951235,-0.0730729833318539,1.6609761099930531,0.24089753526951235,-0.0730729833318539,1.6609761099930531,0.0,0.0,0.0,4.534814555547435,0.07558024259245724
0.4880000000000004,0.24089765629362236,-0.07307304681157704,1.6609761872789897,0.24089753526951235,-0.0730729833318539,1.6609761099930531,0.24089753526951235,-0.0730729833318539,1.6609761099930531,0.0,0.0,0.0,4.534814499370674,0.0755802416561779
0.4890000000000004,0.24089765634463434,-0.07307304642336167,1.6609761866439343,0.24089753526951235,-0.0730729833318539,1.6609761099930531,0.24089753526951235,-0.0730729833318539,1.6609761099930531,0.0,0.0,0.0,4.534814443072979,0.07558024071788298
0.4900000000000004,0.24089765637422053,-0.07307304602747619,1.6609761859977308,0.24089753526951235,-0.0730729833318539,1.6609761099930531,0.24089753526951235,-0.0730729833318539,1.6609761099930531,0.0,0.0,0.0,4.534814386661319,0.07558023977768864
0.4910000000000004,0.24089765638240668,-0.07307304562396888,1.660976185340458,0.24089753526951235,-0.0730729833318539,1.6609761099930531,0.24089753526951235,-0.0730729833318539,1.6609761099930531,0.0,0.0,0.0,4.534814330144053,0.07558023883573423
0.4920000000000004,0.2408976563692214,-0.07307304521288753,1.6609761846722004,0.24089753526951235,-0.0730729833318539,1.6609761099930531,0.24089753526951235,-0.0730729833318539,1.6609761099930531,0.0,0.0,0.0,4.534814273530068,0.07558023789216779
0.4930000000000004,0.24089765633469304,-0.07307304479428048,1.6609761839930357,0.24089753526951235,-0.0730729833318539,1.6609761099930531,0.24089753526951235,-0.0730729833318539,1.6609761099930531,0.0,0.0,0.0,4.5348142168278125,0.0755802369471302
0.4940000000000004,0.24089765627885232,-0.07307304436819644,1.6609761833030483,0.24089753526951235,-0.0730729833318539,1.6609761099930531,0.24089753526951235,-0.0730729833318539,1.6609761099930531,0.0,0.0,0.0,4.534814160047276,0.07558023600078793
0.4950000000000004,0.24089765620173065,-0.07307304393468408,1.6609761826023182,0.24089753526951235,-0.0730729833318539,1.6609761099930531,0.24089753526951235,-0.0730729833318539,1.6609761099930531,0.0,0.0,0.0,4.534814103197303,0.07558023505328838
0.4960000000000004,0.2408976561033609,-0.0730730434937927,1.6609761818909266,0.24089753526951235,-0.0730729833318539,1.6609761099930531,0.24089753526951235,-0.0730729833318539,1.6609761099930531,0.0,0.0,0.0,4.534814046288271,0.07558023410480451
0.4970000000000004,0.2408976559837775,-0.0730730430455718,1.6609761811689543,0.24089753526951235,-0.0730729833318539,1.6609761099930531,0.24089753526951235,-0.0730729833318539,1.6609761099930531,0.0,0.0,0.0,4.534813989330104,0.07558023315550173
0.4980000000000004,0.24089765584301473,-0.07307304259007055,1.6609761804364802,0.24089753526951235,-0.0730729833318539,1.6609761099930531,0.24089753526951235,-0.0730729833318539,1.6609761099930531,0.0,0.0,0.0,4.534813932333386,0.07558023220555644
0.4990000000000004,0.24089765568111002,-0.07307304212733887,1.6609761796935862,0.24089753526951235,-0.0730729833318539,1.6609761099930531,0.24089753526951235,-0.0730729833318539,1.6609761099930531,0.0,0.0,0.0,4.534813875309009,0.07558023125515015
0.5000000000000003,0.24089765549810038,-0.073073041657427,1.6609761789403525,0.24089753526951235,-0.0730729833318539,1.6609761099930531,0.24089753526951235,-0.0730729833318539,1.6609761099930531,0.0,0.0,0.0,4.534813818267808,0.07558023030446347
0.5010000000000003,0.2408976552940248,-0.07307304118038484,1.660976178176858,0.24089753526951235,-0.0730729833318539,1.6609761099930531,0.24089753526951235,-0.0730729833318539,1.6609761099930531,5.0,0.0,0.0,4.534813761220672,0.07558022935367786
0.5020000000000003,0.24090134779551964,-0.07307124700826569,1.6609739326482327,0.24089753526951235,-0.0730729833318539,1.6609761099930531,0.24089753526951235,-0.0730729833318539,1.6609761099930531,5.0,0.0,0.0,4.6234352900314235,0.07705725483385706
0.5030000000000003,0.24090852173572141,-0.07306780194398318,1.6609696201246682,0.24089753526951235,-0.0730729833318539,1.6609761099930531,0.24089753526951235,-0.0730729833318539,1.6609761099930531,5.0,0.0,0.0,4.706852912192161,0.07844754853653603
0.5040000000000003,0.24091897827198883,-0.07306283928193727,1.6609634068184889,0.24089753526951235,-0.0730729833318539,1.6609761099930531,0.24089753526951235,-0.0730729833318539,1.6609761099930531,5.0,0.0,0.0,4.785384150978788,0.07975640251631314
0.5050000000000003,0.24093253005232174,-0.07305648367702933,1.660955447980784,0.24089753526951235,-0.0730729833318539,1.6609761099930531,0.24089753526951235,-0.0730729833318539,1.6609761099930531,5.0,0.0,0.0,4.859325902711961,0.08098876504519935
0.5060000000000003,0.24094900051315454,-0.07304885173939185,1.660945888622888,0.24089753526951235,-0.0730729833318539,1.6609761099930531,0.24089753526951235,-0.0730729833318539,1.6609761099930531,5.0,0.0,0.0,4.928955923973879,0.08214926539956464
0.5070000000000003,0.24096822325254041,-0.07304005256217594,1.6609348642142956,0.24089753526951235,-0.0730729833318539,1.6609761099930531,0.24089753526951235,-0.0730729833318539,1.6609761099930531,5.0,0.0,0.0,4.994534229625561,0.08324223716042602
0.5080000000000003,0.2409900414514478,-0.07303018820955809,1.6609225013491846,0.24089753526951235,-0.0730729833318539,1.6609761099930531,0.24089753526951235,-0.0730729833318539,1.6609761099930531,5.0,0.0,0.0,5.056304135679189,0.08427173559465315
0.5090000000000003,0.24101430733386578,-0.07301935417096256,1.6609089183774142,0.24089753526951235,-0.0730729833318539,1.6609761099930531,0.24089753526951235,-0.0730729833318539,1.6609761099930531,5.0,0.0,0.0,5.114493228315229,0.08524155380525382
0.5100000000000003,0.24104088166096138,-0.07300763978430404,1.6608942259976647,0.24089753526951235,-0.0730729833318539,1.6609761099930531,0.24089753526951235,-0.0730729833318539,1.6609761099930531,5.0,0.0,0.0,5.169314312636026,0.08615523854393377
0.5110000000000003,0.24106963325586542,-0.07299512863044665,1.6608785278113924,0.24089753526951235,-0.0730729833318539,1.6609761099930531,0.24089753526951235,-0.0730729833318539,1.6609761099930531,5.0,0.0,0.0,5.2209663478471455,0.08701610579745242
0.5120000000000003,0.24110043855621663,-0.07298189890087724,1.6608619208370368,0.24089753526951235,-0.0730729833318539,1.6609761099930531,0.24089753526951235,-0.0730729833318539,1.6609761099930531,5.0,0.0,0.0,5.269635364450914,0.0878272560741819
0.5130000000000003,0.24113318119194505,-0.07296802374042896,1.6608444959845743,0.24089753526951235,-0.0730729833318539,1.6609761099930531,0.24089753526951235,-0.0730729833318539,1.6609761099930531,5.0,0.0,0.0,5.315495356638154,0.08859158927730257
0.5140000000000003,0.24116775158608356,-0.07295357156678324,1.6608263384911413,0.24089753526951235,-0.0730729833318539,1.6609761099930531,0.24089753526951235,-0.0730729833318539,1.6609761099930531,5.0,0.0,0.0,5.358709143031627,0.08931181905052711
0.5150000000000003,0.24120404657666128,-0.07293860636835425,1.6608075283189707,0.24089753526951235,-0.0730729833318539,1.6609761099930531,0.24089753526951235,-0.0730729833318539,1.6609761099930531,5.0,0.0,0.0,5.399429189640539,0.089990486494009
0.5160000000000003,0.24124196905800654,-0.072923187982067,1.6607881405173692,0.24089753526951235,-0.0730729833318539,1.6609761099930531,0.24089753526951235,-0.0730729833318539,1.6609761099930531,5.0,0.0,0.0,5.437798389893348,0.09062997316488913
0.5170000000000003,0.24128142764001553,-0.07290737235244223,1.6607682455508264,0.24089753526951235,-0.0730729833318539,1.6609761099930531,0.24089753526951235,-0.0730729833318539,1.6609761099930531,5.0,0.0,0.0,5.473950797743404,0.0912325132957234
0.5180000000000003,0.24132233632417363,-0.07289121177331764,1.6607479095956488,0.24089753526951235,-0.0730729833318539,1.6609761099930531,0.24089753526951235,-0.0730729833318539,1.6609761099930531,5.0,0.0,0.0,5.508012311014735,0.09180020518357891
0.5190000000000003,0.2413646141952987,-0.07287475511345062,1.6607271948077191,0.24089753526951235,-0.0730729833318539,1.6609761099930531,0.24089753526951235,-0.0730729833318539,1.6609761099930531,5.0,0.0,0.0,5.540101303321242,0.0923350217220207
0.5200000000000004,0.24140818512815956,-0.07285804802717474,1.6607061595641008,0.24089753526951235,-0.0730729833318539,1.6609761099930531,0.24089753526951235,-0.0730729833318539,1.6609761099930531,5.0,0.0,0.0,5.5703292040000285,0.09283882006666715
0.5210000000000004,0.2414529775082508,-0.0728411331512001,1.660684858681249,0.24089753526951235,-0.0730729833318539,1.6609761099930531,0.24089753526951235,-0.0730729833318539,1.6609761099930531,5.0,0.0,0.0,5.598801026526863,0.09331335044211439
0.5220000000000004,0.24149892396613512,-0.07282405028858717,1.6606633436125702,0.24089753526951235,-0.0730729833318539,1.6609761099930531,0.24089753526951235,-0.0730729833318539,1.6609761099930531,5.0,0.0,0.0,5.625615846792956,0.09376026411321593
0.5230000000000004,0.2415459611248576,-0.07280683658084579,1.6606416626279812,0.24089753526951235,-0.0730729833318539,1.6609761099930531,0.24089753526951235,-0.0730729833318539,1.6609761099930531,5.0,0.0,0.0,5.650867233405377,0.09418112055675627
0.5240000000000004,0.24159402935999852,-0.07278952666904925,1.6606198609779763,0.24089753526951235,-0.0730729833318539,1.6609761099930531,0.24089753526951235,-0.0730729833318539,1.6609761099930531,5.0,0.0,0.0,5.674643632820875,0.09457739388034793
0.5250000000000004,0.24164307257199094,-0.07277215284478637,1.6605979810445237,0.24089753526951235,-0.0730729833318539,1.6609761099930531,0.24089753526951235,-0.0730729833318539,1.6609761099930531,5.0,0.0,0.0,5.6970287126174854,0.09495047854362476
0.5260000000000004,0.24169303797036562,-0.07275474519171844,1.660576062480922,0.24089753526951235,-0.0730729833318539,1.6609761099930531,0.24089753526951235,-0.0730729833318539,1.6609761099930531,5.0,0.0,0.0,5.718101666569374,0.0953016944428229
0.5270000000000004,0.2417438758695889,-0.07273733171843234,1.6605541423424806,0.24089753526951235,-0.0730729833318539,1.6609761099930531,0.24089753526951235,-0.0730729833318539,1.6609761099930531,5.0,0.0,0.0,5.73793748540517,0.0956322914234195
0.5280000000000004,0.2417955394961829,-0.07271993848324716,1.660532255209668,0.24089753526951235,-0.0730729833318539,1.6609761099930531,0.24089753526951235,-0.0730729833318539,1.6609761099930531,5.0,0.0,0.0,5.756607197223377,0.09594345328705628
0.5290000000000004,0.24184798480679837,-0.07270258971154944,1.6605104333051153,0.24089753526951235,-0.0730729833318539,1.6609761099930531,0.24089753526951235,-0.0730729833318539,1.6609761099930531,5.0,0.0,0.0,5.774178081513963,0.09623630135856605
0.5300000000000004,0.24190117031690478,-0.07268530790620335,1.6604887066056155,0.24089753526951235,-0.0730729833318539,1.6609761099930531,0.24089753526951235,-0.0730729833318539,1.6609761099930531,5.0,0.0,0.0,5.790713860610637,0.09651189767684396
0.5310000000000004,0.24195505693974725,-0.07266811395151751,1.660467102950025,0.24089753526951235,-0.0730729833318539,1.6609761099930531,0.24089753526951235,-0.0730729833318539,1.6609761099930531,5.0,0.0,0.0,5.806274872191308,0.09677124786985512
0.5320000000000004,0.2420096078351932,-0.07265102721120606,1.6604456481437655,0.24089753526951235,-0.0730729833318539,1.6609761099930531,0.24089753526951235,-0.0730729833318539,1.6609761099930531,5.0,0.0,0.0,5.820918226171534,0.09701530376952557
0.5330000000000004,0.24206478826808303,-0.07263406562074805,1.6604243660604223,0.24089753526951235,-0.0730729833318539,1.6609761099930531,0.24089753526951235,-0.0730729833318539,1.6609761099930531,5.0,0.0,0.0,5.834697949009019,0.09724496581681699
0.5340000000000004,0.24212056547566257,-0.0726172457744954,1.6604032787407603,0.24089753526951235,-0.0730729833318539,1.6609761099930531,0.24089753526951235,-0.0730729833318539,1.6609761099930531,5.0,0.0,0.0,5.847665118082629,0.09746108530137715
0.5350000000000004,0.24217690854367857,-0.07260058300785499,1.6603824064893384,0.24089753526951235,-0.0730729833318539,1.6609761099930531,0.24089753526951235,-0.0730729833318539,1.6609761099930531,5.0,0.0,0.0,5.859867988434015,0.09766446647390024
0.5360000000000004,0.24223378829068654,-0.0725840914748333,1.6603617679687745,0.24089753526951235,-0.0730729833318539,1.6609761099930531,0.24089753526951235,-0.0730729833318539,1.6609761099930531,5.0,0.0,0.0,5.8713521137779505,0.09785586856296584
0.5370000000000004,0.24229117716012175,-0.07256778422120287,1.6603413802916198,0.24089753526951235,-0.0730729833318539,1.6609761099930531,0.24089753526951235,-0.0730729833318539,1.6609761099930531,5.0,0.0,0.0,5.882160463320874,0.09803600772201457
0.5380000000000004,0.24234904911967392,-0.07255167325352524,1.6603212591097256,0.24089753526951235,-0.0730729833318539,1.6609761099930531,0.24089753526951235,-0.0730729833318539,1.6609761099930531,5.0,0.0,0.0,5.892333535567281,0.09820555892612134
0.5390000000000004,0.24240737956750785,-0.07253576960424664,1.6603014187009482,0.24089753526951235,-0.0730729833318539,1.6609761099930531,0.24089753526951235,-0.0730729833318539,1.6609761099930531,5.0,0.0,0.0,5.901909469972357,0.09836515783287261
0.5400000000000004,0.24246614524487559,-0.07252008339305505,1.6602818720529866,0.24089753526951235,-0.0730729833318539,1.6609761099930531,0.24089753526951235,-0.0730729833318539,1.6609761099930531,5.0,0.0,0.0,5.9109241569991555,0.09851540261665259
0.5410000000000004,0.24252532415466937,-0.07250462388468282,1.6602626309441653,0.24089753526951235,-0.0730729833318539,1.6609761099930531,0.24089753526951235,-0.0730729833318539,1.6609761099930531,5.0,0.0,0.0,5.919411346886962,0.09865685578144937
0.5420000000000004,0.24258489548549597,-0.07248939954331662,1.660243706020965,0.24089753526951235,-0.0730729833318539,1.6609761099930531,0.24089753526951235,-0.0730729833318539,1.6609761099930531,5.0,0.0,0.0,5.9274027572121435,0.09879004595353573
0.5430000000000004,0.24264483954083654,-0.07247441808376978,1.660225106872109,0.24089753526951235,-0.0730729833318539,1.6609761099930531,0.24089753526951235,-0.0730729833318539,1.6609761099930531,5.0,0.0,0.0,5.934928179149825,0.09891546965249708
0.5440000000000004,0.24270513767291355,-0.07245968651956598,1.6602068420990808,0.24089753526951235,-0.0730729833318539,1.6609761099930531,0.24089753526951235,-0.0730729833318539,1.6609761099930531,5.0,0.0,0.0,5.942015582209303,0.09903359303682172
0.5450000000000004,0.24276577222088064,-0.07244521120807078,1.6601889193829387,0.24089753526951235,-0.0730729833318539,1.6609761099930531,0.24089753526951235,-0.0730729833318539,1.6609761099930531,5.0,0.0,0.0,5.948691217107524,0.09914485361845873
0.5460000000000004,0.24282672645298647,-0.0724309978928085,1.6601713455473759,0.24089753526951235,-0.0730729833318539,1.6609761099930531,0.24089753526951235,-0.0730729833318539,1.6609761099930531,5.0,0.0,0.0,5.9549797163913,0.099249661939855
0.5470000000000004,0.24288798451239207,-0.0724170517430937,1.6601541266179696,0.24089753526951235,-0.0730729833318539,1.6609761099930531,0.24089753526951235,-0.0730729833318539,1.6609761099930531,5.0,0.0,0.0,5.960904192379342,0.09934840320632236
0.5480000000000004,0.24294953136634226,-0.07240337739110676,1.6601372678776634,0.24089753526951235,-0.0730729833318539,1.6609761099930531,0.24089753526951235,-0.0730729833318539,1.6609761099930531,5.0,0.0,0.0,5.966486331999253,0.09944143886665421
0.5490000000000004,0.24301135275841118,-0.07238997896653881,1.6601207739185098,0.24089753526951235,-0.0730729833318539,1.6609761099930531,0.24089753526951235,-0.0730729833318539,1.6609761099930531,5.0,0.0,0.0,5.97174648810471,0.0995291081350785
0.5500000000000004,0.24307343516359142,-0.07237686012893128,1.660104648689789,0.24089753526951235,-0.0730729833318539,1.6609761099930531,0.24089753526951235,-0.0730729833318539,1.6609761099930531,5.0,0.0,0.0,5.976703766908927,0.09961172944848212
0.5510000000000004,0.2431357657459915,-0.07236402409783259,1.6600888955426156,0.24089753526951235,-0.0730729833318539,1.6609761099930531,0.24089753526951235,-0.0730729833318539,1.6609761099930531,5.0,0.0,0.0,5.981376111213832,0.09968960185356386
0.5520000000000004,0.24319833231894994,-0.07235147368089574,1.660073517271195,0.24089753526951235,-0.0730729833318539,1.6609761099930531,0.24089753526951235,-0.0730729833318539,1.6609761099930531,5.0,0.0,0.0,5.985780379186346,0.09976300631977245
0.5530000000000004,0.24326112330739094,-0.0723392113000331,1.6600585161509185,0.24089753526951235,-0.0730729833318539,1.6609761099930531,0.24089753526951235,-0.0730729833318539,1.6609761099930531,5.0,0.0,0.0,5.98993241850149,0.09983220697502483
0.5540000000000004,0.24332412771226378,-0.07232723901575051,1.6600438939734805,0.24089753526951235,-0.0730729833318539,1.6609761099930531,0.24089753526951235,-0.0730729833318539,1.6609761099930531,5.0,0.0,0.0,5.993847135744342,0.09989745226240569
0.5550000000000004,0.24338733507693386,-0.0723155585497777,1.6600296520792477,0.24089753526951235,-0.0730729833318539,1.6609761099930531,0.24089753526951235,-0.0730729833318539,1.6609761099930531,5.0,0.0,0.0,5.997538561038628,0.09995897601731046
0.5560000000000004,0.24345073545539878,-0.07230417130610395,1.6600157913870865,0.24089753526951235,-0.0730729833318539,1.6609761099930531,0.24089753526951235,-0.0730729833318539,1.6609761099930531,5.0,0.0,0.0,6.001019907936545,0.10001699846560909
0.5570000000000004,0.24351431938222934,-0.07229307839053656,1.6600023124218724,0.24089753526951235,-0.0730729833318539,1.6609761099930531,0.24089753526951235,-0.0730729833318539,1.6609761099930531,5.0,0.0,0.0,6.004303628672002,0.10007172714453336
0.5580000000000004,0.24357807784413632,-0.07228228062888449,1.659989215339901,0.24089753526951235,-0.0730729833318539,1.6609761099930531,0.24089753526951235,-0.0730729833318539,1.6609761099930531,5.0,0.0,0.0,6.007401464934874,0.10012335774891458
0.5590000000000004,0.24364200225308624,-0.07227177858387343,1.659976499952418,0.24089753526951235,-0.0730729833318539,1.6609761099930531,0.24089753526951235,-0.0730729833318539,1.6609761099930531,5.0,0.0,0.0,6.010324494372186,0.1001720749062031
0.5600000000000004,0.2437060844208809,-0.07226157257089032,1.6599641657474462,0.24089753526951235,-0.0730729833318539,1.6609761099930531,0.24089753526951235,-0.0730729833318539,1.6609761099930531,5.0,0.0,0.0,6.0130831730621,0.10021805288436833
0.5610000000000004,0.24377031653514802,-0.07225166267265361,1.6599522119101304,0.24089753526951235,-0.0730729833318539,1.6609761099930531,0.24089753526951235,-0.0730729833318539,1.6609761099930531,5.0,0.0,0.0,6.015687374241693,0.10026145623736156
0.5620000000000004,0.2438346911366631,-0.07224204875289437,1.659940637341738,0.24089753526951235,-0.0730729833318539,1.6609761099930531,0.24089753526951235,-0.0730729833318539,1.6609761099930531,5.0,0.0,0.0,6.018146423579572,0.10030244039299287
0.5630000000000004,0.24389920109795957,-0.0722327304691386,1.6599294406774987,0.24089753526951235,-0.0730729833318539,1.6609761099930531,0.24089753526951235,-0.0730729833318539,1.6609761099930531,5.0,0.0,0.0,6.02046913130953,0.10034115218849217
0.5640000000000004,0.2439638396031616,-0.07222370728466265,1.6599186203034015,0.24089753526951235,-0.0730729833318539,1.6609761099930531,0.24089753526951235,-0.0730729833318539,1.6609761099930531,5.0,0.0,0.0,6.02266382153267,0.10037773035887783
0.5650000000000004,0.24402860012899313,-0.07221497847969795,1.659908174372081,0.24089753526951235,-0.0730729833318539,1.6609761099930531,0.24089753526951235,-0.0730729833318539,1.6609761099930531,5.0,0.0,0.0,6.024738359001753,0.10041230598336255
0.5660000000000004,0.24409347642690915,-0.07220654316195302,1.659898100817887,0.24089753526951235,-0.0730729833318539,1.6609761099930531,0.24089753526951235,-0.0730729833318539,1.6609761099930531,5.0,0.0,0.0,6.02670017368283,0.10044500289471384
0.5670000000000004,0.2441584625062987,-0.07219840027650962,1.659888397371233,0.24089753526951235,-0.0730729833318539,1.6609761099930531,0.24089753526951235,-0.0730729833318539,1.6609761099930531,5.0,0.0,0.0,6.02855628337894,0.10047593805631566
0.5680000000000004,0.24422355261871292,-0.07219054861515314,1.65987906157229,0.24089753526951235,-0.0730729833318539,1.6609761099930531,0.24089753526951235,-0.0730729833318539,1.6609761099930531,5.0,0.0,0.0,6.030313314676503,0.10050522191127505
0.5690000000000004,0.24428874124306488,-0.07218298682518444,1.6598700907840716,0.24089753526951235,-0.0730729833318539,1.6609761099930531,0.24089753526951235,-0.0730729833318539,1.6609761099930531,5.0,0.0,0.0,6.031977522452491,0.10053295870754152
0.5700000000000004,0.2443540230717562,-0.07217571341775951,1.6598614822049778,0.24089753526951235,-0.0730729833318539,1.6609761099930531,0.24089753526951235,-0.0730729833318539,1.6609761099930531,5.0,0.0,0.0,6.033554808158,0.10055924680263333
0.5710000000000004,0.24441939299768078,-0.07216872677579617,1.6598532328808069,0.24089753526951235,-0.0730729833318539,1.6609761099930531,0.24089753526951235,-0.0730729833318539,1.6609761099930531,5.0,0.0,0.0,6.035050737058957,0.10058417895098262
0.5720000000000004,0.24448484610205765,-0.07216202516148187,1.6598453397162738,0.24089753526951235,-0.0730729833318539,1.6609761099930531,0.24089753526951235,-0.0730729833318539,1.6609761099930531,5.0,0.0,0.0,6.036470554597662,0.10060784257662769
0.5730000000000004,0.24455037764304627,-0.07215560672341981,1.6598377994860456,0.24089753526951235,-0.0730729833318539,1.6609761099930531,0.24089753526951235,-0.0730729833318539,1.6609761099930531,5.0,0.0,0.0,6.037819202003365,0.10063032003338941
0.5740000000000004,0.24461598304509757,-0.07214946950342836,1.6598306088453054,0.24089753526951235,-0.0730729833318539,1.6609761099930531,0.24089753526951235,-0.0730729833318539,1.6609761099930531,5.0,0.0,0.0,6.039101331260696,0.10065168885434493
0.5750000000000004,0.24468165788899573,-0.07214361144303141,1.6598237643398521,0.24089753526951235,-0.0730729833318539,1.6609761099930531,0.24089753526951235,-0.0730729833318539,1.6609761099930531,5.0,0.0,0.0,6.040321319517719,0.10067202199196197
0.5760000000000004,0.24474739790254563,-0.07213803038964915,1.6598172624157361,0.24089753526951235,-0.0730729833318539,1.6609761099930531,0.24089753526951235,-0.0730729833318539,1.6609761099930531,5.0,0.0,0.0,6.0414832830005984,0.10069138805000998
0.5770000000000004,0.24481319895186662,-0.07213272410251231,1.6598110994284403,0.24089753526951235,-0.0730729833318539,1.6609761099930531,0.24089753526951235,-0.0730729833318539,1.6609761099930531,5.0,0.0,0.0,6.042591090466817,0.10070985150778028
0.5780000000000004,0.24487905703324597,-0.07212769025831403,1.6598052716515994,0.24089753526951235,-0.0730729833318539,1.6609761099930531,0.24089753526951235,-0.0730729833318539,1.6609761099930531,5.0,0.0,0.0,6.043648376238599,0.10072747293730998
0.5790000000000004,0.24494496826551973,-0.07212292645661188,1.6597997752852636,0.24089753526951235,-0.0730729833318539,1.6609761099930531,0.24089753526951235,-0.0730729833318539,1.6609761099930531,5.0,0.0,0.0,6.044658552820557,0.10074430921367596
0.5800000000000004,0.24501092888293757,-0.07211843022499059,1.659794606463711,0.24089753526951235,-0.0730729833318539,1.6609761099930531,0.24089753526951235,-0.0730729833318539,1.6609761099930531,5.0,0.0,0.0,6.04562482310941,0.10076041371849016
0.5810000000000004,0.24507693522848267,-0.07211419902399915,1.6597897612628107,0.24089753526951235,-0.0730729833318539,1.6609761099930531,0.24089753526951235,-0.0730729833318539,1.6609761099930531,5.0,0.0,0.0,6.046550192189683,0.10077583653649472
0.5820000000000004,0.24514298374760835,-0.07211023025186633,1.6597852357069414,0.24089753526951235,-0.0730729833318539,1.6609761099930531,0.24089753526951235,-0.0730729833318539,1.6609761099930531,5.0,0.0,0.0,6.047437478707877,0.10079062464513129
0.5830000000000004,0.2452090709823666,-0.07210652124900653,1.659781025775484,0.24089753526951235,-0.0730729833318539,1.6609761099930531,0.24089753526951235,-0.0730729833318539,1.6609761099930531,5.0,0.0,0.0,6.048289325810543,0.10080482209684237
0.5840000000000004,0.24527519356589472,-0.07210306930232069,1.659777127408882,0.24089753526951235,-0.0730729833318539,1.6609761099930531,0.24089753526951235,-0.0730729833318539,1.6609761099930531,5.0,0.0,0.0,6.049108211632293,0.10081847019387155
0.5850000000000004,0.24534134821723919,-0.07209987164930216,1.659773536514307,0.24089753526951235,-0.0730729833318539,1.6609761099930531,0.24089753526951235,-0.0730729833318539,1.6609761099930531,5.0,0.0,0.0,6.049896459321678,0.1008316076553613
0.5860000000000004,0.24540753173648938,-0.07209692548194896,1.6597702489709156,0.24089753526951235,-0.0730729833318539,1.6609761099930531,0.24089753526951235,-0.0730729833318539,1.6609761099930531,5.0,0.0,0.0,6.0506562465905755,0.10084427077650959
0.5870000000000004,0.2454737410002017,-0.07209422795049579,1.6597672606347456,0.24089753526951235,-0.0730729833318539,1.6609761099930531,0.24089753526951235,-0.0730729833318539,1.6609761099930531,5.0,0.0,0.0,6.051389614780866,0.1008564935796811
0.5880000000000004,0.24553997295709268,-0.07209177616696523,1.6597645673432393,0.24089753526951235,-0.0730729833318539,1.6609761099930531,0.24089753526951235,-0.0730729833318539,1.6609761099930531,5.0,0.0,0.0,6.052098477439254,0.10086830795732091
0.5890000000000004,0.24560622462398515,-0.07208956720854973,1.659762164919444,0.24089753526951235,-0.0730729833318539,1.6609761099930531,0.24089753526951235,-0.0730729833318539,1.6609761099930531,5.0,0.0,0.0,6.052784628403055,0.10087974380671758
0.5900000000000004,0.24567249308198863,-0.07208759812082671,1.6597600491758813,0.24089753526951235,-0.0730729833318539,1.6609761099930531,0.24089753526951235,-0.0730729833318539,1.6609761099930531,5.0,0.0,0.0,6.0534497493949715,0.10089082915658286
0.5910000000000004,0.2457387754729024,-0.07208586592081681,1.6597582159181323,0.24089753526951235,-0.0730729833318539,1.6609761099930531,0.24089753526951235,-0.0730729833318539,1.6609761099930531,5.0,0.0,0.0,6.054095417139158,0.10090159028565264
0.5920000000000004,0.2458050689958253,-0.07208436759988754,1.6597566609481367,0.24089753526951235,-0.0730729833318539,1.6609761099930531,0.24089753526951235,-0.0730729833318539,1.6609761099930531,5.0,0.0,0.0,6.054723110003723,0.10091205183339538
0.5930000000000004,0.2458713709039628,-0.07208310012651248,1.659755380067246,0.24089753526951235,-0.0730729833318539,1.6609761099930531,0.24089753526951235,-0.0730729833318539,1.6609761099930531,5.0,0.0,0.0,6.055334214191298,0.1009222369031883
0.5940000000000004,0.2459376785016163,-0.07208206044889033,1.6597543690790366,0.24089753526951235,-0.0730729833318539,1.6609761099930531,0.24089753526951235,-0.0730729833318539,1.6609761099930531,5.0,0.0,0.0,6.055930029490213,0.10093216715817022
0.5950000000000004,0.2460039891413524,-0.07208124549743257,1.6597536237919133,0.24089753526951235,-0.0730729833318539,1.6609761099930531,0.24089753526951235,-0.0730729833318539,1.6609761099930531,5.0,0.0,0.0,6.056511774610828,0.10094186291018047
0.5960000000000004,0.2460703002213317,-0.07208065218712126,1.6597531400215104,0.24089753526951235,-0.0730729833318539,1.6609761099930531,0.24089753526951235,-0.0730729833318539,1.6609761099930531,5.0,0.0,0.0,6.057080592129741,0.10095134320216234
0.5970000000000004,0.246136609182802,-0.07208027741975119,1.6597529135929212,0.24089753526951235,-0.0730729833318539,1.6609761099930531,0.24089753526951235,-0.0730729833318539,1.6609761099930531,5.0,0.0,0.0,6.057637553066886,0.10096062588444811
0.5980000000000004,0.24620291350773454,-0.07208011808605484,1.6597529403427582,0.24089753526951235,-0.0730729833318539,1.6609761099930531,0.24089753526951235,-0.0730729833318539,1.6609761099930531,5.0,0.0,0.0,6.05818366112166,0.100969727685361
0.5990000000000004,0.24626921071660932,-0.072080171067722,1.6597532161210735,0.24089753526951235,-0.0730729833318539,1.6609761099930531,0.24089753526951235,-0.0730729833318539,1.6609761099930531,5.0,0.0,0.0,6.058719856594639,0.10097866427657731
0.6000000000000004,0.24633549836633023,-0.07208043323931702,1.659753736793135,0.24089753526951235,-0.0730729833318539,1.6609761099930531,0.24089753526951235,-0.0730729833318539,1.6609761099930531,5.0,0.0,0.0,6.059247020021322,0.10098745033368871
0.6010000000000004,0.24640177404827185,-0.07208090147010092,1.6597544982410888,0.24089753526951235,-0.0730729833318539,1.6609761099930531,0.24089753526951235,-0.0730729833318539,1.6609761099930531,5.0,0.0,0.0,6.05976597554556,0.100996099592426
0.6020000000000004,0.24646803538644985,-0.07208157262576328,1.6597554963655052,0.24089753526951235,-0.0730729833318539,1.6609761099930531,0.24089753526951235,-0.0730729833318539,1.6609761099930531,5.0,0.0,0.0,6.060277494055053,0.10100462490091755
0.6030000000000004,0.24653428003580322,-0.07208244357006943,1.6597567270868194,0.24089753526951235,-0.0730729833318539,1.6609761099930531,0.24089753526951235,-0.0730729833318539,1.6609761099930531,5.0,0.0,0.0,6.060782296105448,0.10101303826842414
0.6040000000000004,0.2466005056805954,-0.07208351116642964,1.6597581863466897,0.24089753526951235,-0.0730729833318539,1.6609761099930531,0.24089753526951235,-0.0730729833318539,1.6609761099930531,5.0,0.0,0.0,6.061281054651175,0.10102135091085292
0.6050000000000004,0.24666671003291168,-0.07208477227939,1.6597598701092529,0.24089753526951235,-0.0730729833318539,1.6609761099930531,0.24089753526951235,-0.0730729833318539,1.6609761099930531,5.0,0.0,0.0,6.061774397610238,0.10102957329350397
0.6060000000000004,0.24673289083126249,-0.07208622377605721,1.6597617743623083,0.24089753526951235,-0.0730729833318539,1.6609761099930531,0.24089753526951235,-0.0730729833318539,1.6609761099930531,5.0,0.0,0.0,6.062262910273724,0.10103771517122874
0.6070000000000004,0.2467990458392772,-0.07208786252745382,1.6597638951184206,0.24089753526951235,-0.0730729833318539,1.6609761099930531,0.24089753526951235,-0.0730729833318539,1.6609761099930531,5.0,0.0,0.0,6.062747137580668,0.10104578562634446
0.6080000000000004,0.24686517284448928,-0.07208968540981255,1.6597662284159511,0.24089753526951235,-0.0730729833318539,1.6609761099930531,0.24089753526951235,-0.0730729833318539,1.6609761099930531,5.0,0.0,0.0,6.063227586271799,0.10105379310452997
0.6090000000000004,0.24693126965720533,-0.07209168930581174,1.6597687703200237,0.24089753526951235,-0.0730729833318539,1.6609761099930531,0.24089753526951235,-0.0730729833318539,1.6609761099930531,5.0,0.0,0.0,6.063704726934601,0.10106174544891001
0.6100000000000004,0.24699733410945163,-0.07209387110575455,1.6597715169234175,0.24089753526951235,-0.0730729833318539,1.6609761099930531,0.24089753526951235,-0.0730729833318539,1.6609761099930531,5.0,0.0,0.0,6.064178995949764,0.10106964993249606
0.6110000000000004,0.24706336405399704,-0.07209622770869564,1.6597744643474064,0.24089753526951235,-0.0730729833318539,1.6609761099930531,0.24089753526951235,-0.0730729833318539,1.6609761099930531,5.0,0.0,0.0,6.064650797348444,0.10107751328914073
0.6120000000000004,0.24712935736344563,-0.07209875602351769,1.6597776087425287,0.24089753526951235,-0.0730729833318539,1.6609761099930531,0.24089753526951235,-0.0730729833318539,1.6609761099930531,5.0,0.0,0.0,6.06512050458595,0.10108534174309917
0.6130000000000004,0.2471953119293946,-0.07210145296996051,1.6597809462893047,0.24089753526951235,-0.0730729833318539,1.6609761099930531,0.24089753526951235,-0.0730729833318539,1.6609761099930531,5.0,0.0,0.0,6.065588462240232,0.1010931410373372
0.6140000000000004,0.2472612256616545,-0.07210431547960337,1.6597844731988927,0.24089753526951235,-0.0730729833318539,1.6609761099930531,0.24089753526951235,-0.0730729833318539,1.6609761099930531,5.0,0.0,0.0,6.06605498763623,0.10110091646060383
0.6150000000000004,0.24732709648752635,-0.07210734049680494,1.6597881857136965,0.24089753526951235,-0.0730729833318539,1.6609761099930531,0.24089753526951235,-0.0730729833318539,1.6609761099930531,5.0,0.0,0.0,6.0665203724029775,0.10110867287338296
0.6160000000000004,0.24739292235113441,-0.07211052497960076,1.6597920801079131,0.24089753526951235,-0.0730729833318539,1.6609761099930531,0.24089753526951235,-0.0730729833318539,1.6609761099930531,5.0,0.0,0.0,6.066984883962695,0.10111641473271157
0.6170000000000004,0.2474587012128074,-0.07211386590055975,1.6597961526880334,0.24089753526951235,-0.0730729833318539,1.6609761099930531,0.24089753526951235,-0.0730729833318539,1.6609761099930531,5.0,0.0,0.0,6.067448766956811,0.10112414611594685
0.6180000000000004,0.24752443104850985,-0.07211736024760343,1.6598003997932955,0.24089753526951235,-0.0730729833318539,1.6609761099930531,0.24089753526951235,-0.0730729833318539,1.6609761099930531,5.0,0.0,0.0,6.067912244608503,0.10113187074347504
0.6190000000000004,0.24759010984931418,-0.07212100502478376,1.6598048177960854,0.24089753526951235,-0.0730729833318539,1.6609761099930531,0.24089753526951235,-0.0730729833318539,1.6609761099930531,5.0,0.0,0.0,6.068375520022388,0.10113959200037313
0.6200000000000004,0.24765573562091728,-0.07212479725302978,1.659809403102296,0.24089753526951235,-0.0730729833318539,1.6609761099930531,0.24089753526951235,-0.0730729833318539,1.6609761099930531,5.0,0.0,0.0,6.068838777424754,0.10114731295707924
0.6210000000000004,0.2477213063831939,-0.07212873397085258,1.6598141521516454,0.24089753526951235,-0.0730729833318539,1.6609761099930531,0.24089753526951235,-0.0730729833318539,1.6609761099930531,5.0,0.0,0.0,6.06930218334214,0.10115503638903567
0.6220000000000004,0.24778682016978854,-0.07213281223502256,1.65981906141795,0.24089753526951235,-0.0730729833318539,1.6609761099930531,0.24089753526951235,-0.0730729833318539,1.6609761099930531,5.0,0.0,0.0,6.069765887720498,0.10116276479534164
0.6230000000000004,0.24785227502773755,-0.07213702912120565,1.6598241274093606,0.24089753526951235,-0.0730729833318539,1.6609761099930531,0.24089753526951235,-0.0730729833318539,1.6609761099930531,5.0,0.0,0.0,6.070230024986386,0.10117050041643977
0.6240000000000004,0.24791766901712559,-0.07214138172457343,1.6598293466685612,0.24089753526951235,-0.0730729833318539,1.6609761099930531,0.24089753526951235,-0.0730729833318539,1.6609761099930531,5.0,0.0,0.0,6.070694715049921,0.10117824525083202
0.6250000000000004,0.24798300021077294,-0.07214586716037649,1.659834715772937,0.24089753526951235,-0.0730729833318539,1.6609761099930531,0.24089753526951235,-0.0730729833318539,1.6609761099930531,5.0,0.0,0.0,6.071160064251746,0.10118600107086244
0.6260000000000004,0.24804826669394725,-0.0721504825644907,1.6598402313347074,0.24089753526951235,-0.0730729833318539,1.6609761099930531,0.24089753526951235,-0.0730729833318539,1.6609761099930531,5.0,0.0,0.0,6.071626166254515,0.10119376943757526
0.6270000000000004,0.24811346656410482,-0.07215522509392944,1.6598458900010293,0.24089753526951235,-0.0730729833318539,1.6609761099930531,0.24089753526951235,-0.0730729833318539,1.6609761099930531,5.0,0.0,0.0,6.072093102880978,0.10120155171468297
0.6280000000000004,0.2481785979306551,-0.07216009192732925,1.6598516884540735,0.24089753526951235,-0.0730729833318539,1.6609761099930531,0.24089753526951235,-0.0730729833318539,1.6609761099930531,5.0,0.0,0.0,6.07256094490124,0.10120934908168734
0.6290000000000004,0.24824365891474873,-0.07216508026540525,1.6598576234110785,0.24089753526951235,-0.0730729833318539,1.6609761099930531,0.24089753526951235,-0.0730729833318539,1.6609761099930531,5.0,0.0,0.0,6.07302975277028,0.10121716254617133
0.6300000000000004,0.24830864764908722,-0.07217018733137942,1.6598636916243716,0.24089753526951235,-0.0730729833318539,1.6609761099930531,0.24089753526951235,-0.0730729833318539,1.6609761099930531,5.0,0.0,0.0,6.073499577317239,0.10122499295528732
0.6310000000000004,0.24837356227775367,-0.07217541037138112,1.6598698898813857,0.24089753526951235,-0.0730729833318539,1.6609761099930531,0.24089753526951235,-0.0730729833318539,1.6609761099930531,5.0,0.0,0.0,6.073970460391151,0.10123284100651918
0.6320000000000005,0.2484384009560632,-0.07218074665482184,1.6598762150046362,0.24089753526951235,-0.0730729833318539,1.6609761099930531,0.24089753526951235,-0.0730729833318539,1.6609761099930531,5.0,0.0,0.0,6.074442435465286,0.10124070725775478
0.6330000000000005,0.24850316185043092,-0.0721861934747443,1.659882663851694,0.24089753526951235,-0.0730729833318539,1.6609761099930531,0.24089753526951235,-0.0730729833318539,1.6609761099930531,5.0,0.0,0.0,6.074915528196726,0.10124859213661211
0.6340000000000005,0.24856784313825703,-0.07219174814814606,1.659889233315139,0.24089753526951235,-0.0730729833318539,1.6609761099930531,0.24089753526951235,-0.0730729833318539,1.6609761099930531,5.0,0.0,0.0,6.0753897569541895,0.1012564959492365
0.6350000000000005,0.24863244300782933,-0.07219740801628005,1.6598959203224954,0.24089753526951235,-0.0730729833318539,1.6609761099930531,0.24089753526951235,-0.0730729833318539,1.6609761099930531,5.0,0.0,0.0,6.0758651333076354,0.10126441888846059
0.6360000000000005,0.248696959658241,-0.07220317044493205,1.6599027218361564,0.24089753526951235,-0.0730729833318539,1.6609761099930531,0.24089753526951235,-0.0730729833318539,1.6609761099930531,5.0,0.0,0.0,6.07634166248719,0.10127236104145317
0.6370000000000005,0.2487613912993208,-0.07220903282467428,1.659909634853297,0.24089753526951235,-0.0730729833318539,1.6609761099930531,0.24089753526951235,-0.0730729833318539,1.6609761099930531,5.0,0.0,0.0,6.076819343811377,0.10128032239685629
0.6380000000000005,0.2488257361515789,-0.07221499257110037,1.6599166564057724,0.24089753526951235,-0.0730729833318539,1.6609761099930531,0.24089753526951235,-0.0730729833318539,1.6609761099930531,5.0,0.0,0.0,6.077298171087275,0.10128830285145458
0.6390000000000005,0.2488899924461651,-0.07222104712503608,1.6599237835600118,0.24089753526951235,-0.0730729833318539,1.6609761099930531,0.24089753526951235,-0.0730729833318539,1.6609761099930531,5.0,0.0,0.0,6.077778132986929,0.10129630221644882
0.6400000000000005,0.2489541584248378,-0.0722271939527318,1.659931013416896,0.24089753526951235,-0.0730729833318539,1.6609761099930531,0.24089753526951235,-0.0730729833318539,1.6609761099930531,5.0,0.0,0.0,6.078259213398704,0.10130432022331173
0.6410000000000005,0.24901823233994547,-0.07223343054603656,1.659938343111632,0.24089753526951235,-0.0730729833318539,1.6609761099930531,0.24089753526951235,-0.0730729833318539,1.6609761099930531,5.0,0.0,0.0,6.078741391758428,0.10131235652930713
0.6420000000000005,0.24908221245441658,-0.07223975442255168,1.6599457698136142,0.24089753526951235,-0.0730729833318539,1.6609761099930531,0.24089753526951235,-0.0730729833318539,1.6609761099930531,5.0,0.0,0.0,6.07922464336029,0.1013204107226715
0.6430000000000005,0.24914609704176283,-0.07224616312576841,1.6599532907262882,0.24089753526951235,-0.0730729833318539,1.6609761099930531,0.24089753526951235,-0.0730729833318539,1.6609761099930531,5.0,0.0,0.0,6.0797089396507715,0.10132848232751286
0.6440000000000005,0.24920988438608682,-0.07225265422518734,1.6599609030869915,0.24089753526951235,-0.0730729833318539,1.6609761099930531,0.24089753526951235,-0.0730729833318539,1.6609761099930531,5.0,0.0,0.0,6.080194248504059,0.10133657080840099
0.6450000000000005,0.24927357278210038,-0.07225922531642169,1.6599686041668074,0.24089753526951235,-0.0730729833318539,1.6609761099930531,0.24089753526951235,-0.0730729833318539,1.6609761099930531,5.0,0.0,0.0,6.080680534485165,0.10134467557475274
0.6460000000000005,0.24933716053515165,-0.07226587402128633,1.659976391270397,0.24089753526951235,-0.0730729833318539,1.6609761099930531,0.24089753526951235,-0.0730729833318539,1.6609761099930531,5.0,0.0,0.0,6.081167759095651,0.10135279598492751
0.6470000000000005,0.24940064596125683,-0.0722725979878694,1.6599842617358327,0.24089753526951235,-0.0730729833318539,1.6609761099930531,0.24089753526951235,-0.0730729833318539,1.6609761099930531,5.0,0.0,0.0,6.081655881008594,0.10136093135014322
0.6480000000000005,0.24946402738713902,-0.07227939489059258,1.6599922129344291,0.24089753526951235,-0.0730729833318539,1.6609761099930531,0.24089753526951235,-0.0730729833318539,1.6609761099930531,5.0,0.0,0.0,6.082144856291418,0.10136908093819029
0.6490000000000005,0.24952730315027485,-0.07228626243025486,1.6600002422705609,0.24089753526951235,-0.0730729833318539,1.6609761099930531,0.24089753526951235,-0.0730729833318539,1.6609761099930531,5.0,0.0,0.0,6.082634638614785,0.10137724397691308
0.6500000000000005,0.24959047159894415,-0.07229319833406525,1.6600083471814835,0.24089753526951235,-0.0730729833318539,1.6609761099930531,0.24089753526951235,-0.0730729833318539,1.6609761099930531,5.0,0.0,0.0,6.083125179453908,0.10138541965756513
0.6510000000000005,0.24965353109228544,-0.07230020035566259,1.6600165251371475,0.24089753526951235,-0.0730729833318539,1.6609761099930531,0.24089753526951235,-0.0730729833318539,1.6609761099930531,5.0,0.0,0.0,6.083616428277415,0.1013936071379569
0.6520000000000005,0.24971648000035526,-0.07230726627512227,1.6600247736400058,0.24089753526951235,-0.0730729833318539,1.6609761099930531,0.24089753526951235,-0.0730729833318539,1.6609761099930531,5.0,0.0,0.0,6.084108332727116,0.10140180554545193
0.6530000000000005,0.24977931670419318,-0.072314393898954,1.6600330902248217,0.24089753526951235,-0.0730729833318539,1.6609761099930531,0.24089753526951235,-0.0730729833318539,1.6609761099930531,5.0,0.0,0.0,6.084600838788822,0.10141001397981371
0.6540000000000005,0.2498420395958882,-0.07232158106008596,1.6600414724584698,0.24089753526951235,-0.0730729833318539,1.6609761099930531,0.24089753526951235,-0.0730729833318539,1.6609761099930531,5.0,0.0,0.0,6.0850938909538295,0.10141823151589716
0.6550000000000005,0.24990464707864912,-0.07232882561784151,1.6600499179397354,0.24089753526951235,-0.0730729833318539,1.6609761099930531,0.24089753526951235,-0.0730729833318539,1.6609761099930531,5.0,0.0,0.0,6.085587432371745,0.10142645720619575
0.6560000000000005,0.24996713756687802,-0.07233612545790237,1.6600584242991094,0.24089753526951235,-0.0730729833318539,1.6609761099930531,0.24089753526951235,-0.0730729833318539,1.6609761099930531,5.0,0.0,0.0,6.086081404995591,0.10143469008325985
0.6570000000000005,0.2500295094862461,-0.07234347849226701,1.6600669891985835,0.24089753526951235,-0.0730729833318539,1.6609761099930531,0.24089753526951235,-0.0730729833318539,1.6609761099930531,5.0,0.0,0.0,6.086575749718087,0.1014429291619681
0.6580000000000005,0.2500917612737691,-0.07235088265919587,1.6600756103314376,0.24089753526951235,-0.0730729833318539,1.6609761099930531,0.24089753526951235,-0.0730729833318539,1.6609761099930531,5.0,0.0,0.0,6.087070406499851,0.10145117344166418
0.6590000000000005,0.2501538913778898,-0.07235833592315077,1.6600842854220281,0.24089753526951235,-0.0730729833318539,1.6609761099930531,0.24089753526951235,-0.0730729833318539,1.6609761099930531,5.0,0.0,0.0,6.087565314494585,0.10145942190824307
0.6600000000000005,0.2502158982585567,-0.0723658362747253,1.6600930122255746,0.24089753526951235,-0.0730729833318539,1.6609761099930531,0.24089753526951235,-0.0730729833318539,1.6609761099930531,5.0,0.0,0.0,6.088060412158783,0.10146767353597971
0.6610000000000005,0.2502777803873065,-0.07237338173056626,1.660101788527943,0.24089753526951235,-0.0730729833318539,1.6609761099930531,0.24089753526951235,-0.0730729833318539,1.6609761099930531,5.0,0.0,0.0,6.0885556373616065,0.10147592728936011
0.6620000000000005,0.25033953624734634,-0.07238097033329056,1.6601106121454248,0.24089753526951235,-0.0730729833318539,1.6609761099930531,0.24089753526951235,-0.0730729833318539,1.6609761099930531,5.0,0.0,0.0,6.089050927485433,0.10148418212475721
0.6630000000000005,0.25040116433363796,-0.07238860015139295,1.6601194809245206,0.24089753526951235,-0.0730729833318539,1.6609761099930531,0.24089753526951235,-0.0730729833318539,1.6609761099930531,5.0,0.0,0.0,6.089546219520896,0.10149243699201493
0.6640000000000005,0.2504626631529818,-0.07239626927914744,1.6601283927417179,0.24089753526951235,-0.0730729833318539,1.6609761099930531,0.24089753526951235,-0.0730729833318539,1.6609761099930531,5.0,0.0,0.0,6.090041450154228,0.1015006908359038
0.6650000000000005,0.250524031224101,-0.0724039758365027,1.6601373455032638,0.24089753526951235,-0.0730729833318539,1.6609761099930531,0.24089753526951235,-0.0730729833318539,1.6609761099930531,5.0,0.0,0.0,6.090536555850597,0.10150894259750995
0.6660000000000005,0.250585267077725,-0.07241171796897171,1.6601463371449476,0.24089753526951235,-0.0730729833318539,1.6609761099930531,0.24089753526951235,-0.0730729833318539,1.6609761099930531,5.0,0.0,0.0,6.0910314729315065,0.1015171912155251
0.6670000000000005,0.2506463692566752,-0.07241949384751459,1.6601553656318722,0.24089753526951235,-0.0730729833318539,1.6609761099930531,0.24089753526951235,-0.0730729833318539,1.6609761099930531,5.0,0.0,0.0,6.091526137646017,0.10152543562743362
0.6680000000000005,0.2507073363159485,-0.07242730166841932,1.6601644289582325,0.24089753526951235,-0.0730729833318539,1.6609761099930531,0.24089753526951235,-0.0730729833318539,1.6609761099930531,5.0,0.0,0.0,6.09202048623812,0.10153367477063532
0.6690000000000005,0.25076816682279846,-0.07243513965317089,1.6601735251470804,0.24089753526951235,-0.0730729833318539,1.6609761099930531,0.24089753526951235,-0.0730729833318539,1.6609761099930531,5.0,0.0,0.0,6.092514455008392,0.1015419075834732
0.6700000000000005,0.25082885935682275,-0.0724430060483236,1.660182652250111,0.24089753526951235,-0.0730729833318539,1.6609761099930531,0.24089753526951235,-0.0730729833318539,1.6609761099930531,5.0,0.0,0.0,6.093007980373918,0.10155013300623197
0.6710000000000005,0.25088941251004115,-0.07245089912536279,1.6601918083474247,0.24089753526951235,-0.0730729833318539,1.6609761099930531,0.24089753526951235,-0.0730729833318539,1.6609761099930531,5.0,0.0,0.0,6.093500998919642,0.10155834998199403
0.6720000000000005,0.2509498248869788,-0.07245881718056445,1.660200991547307,0.24089753526951235,-0.0730729833318539,1.6609761099930531,0.24089753526951235,-0.0730729833318539,1.6609761099930531,5.0,0.0,0.0,6.0939934474504005,0.10156655745750667
0.6730000000000005,0.25101009510474726,-0.07246675853485146,1.660210199985998,0.24089753526951235,-0.0730729833318539,1.6609761099930531,0.24089753526951235,-0.0730729833318539,1.6609761099930531,5.0,0.0,0.0,6.094485263036364,0.1015747543839394
0.6740000000000005,0.25107022179312166,-0.07247472153364515,1.6602194318274628,0.24089753526951235,-0.0730729833318539,1.6609761099930531,0.24089753526951235,-0.0730729833318539,1.6609761099930531,5.0,0.0,0.0,6.09497638305683,0.10158293971761383
0.6750000000000005,0.25113020359462,-0.07248270454671216,1.6602286852631707,0.24089753526951235,-0.0730729833318539,1.6609761099930531,0.24089753526951235,-0.0730729833318539,1.6609761099930531,5.0,0.0,0.0,6.095466745240352,0.10159111242067254
0.6760000000000005,0.2511900391645806,-0.07249070596801072,1.6602379585118634,0.24089753526951235,-0.0730729833318539,1.6609761099930531,0.24089753526951235,-0.0730729833318539,1.6609761099930531,5.0,0.0,0.0,6.09595628770143,0.1015992714616905
0.6770000000000005,0.2512497271712379,-0.07249872421553158,1.6602472498193284,0.24089753526951235,-0.0730729833318539,1.6609761099930531,0.24089753526951235,-0.0730729833318539,1.6609761099930531,5.0,0.0,0.0,6.096444948975335,0.10160741581625558
0.6780000000000005,0.2513092662957928,-0.07250675773113582,1.6602565574581736,0.24089753526951235,-0.0730729833318539,1.6609761099930531,0.24089753526951235,-0.0730729833318539,1.6609761099930531,5.0,0.0,0.0,6.096932668050842,0.10161554446751403
0.6790000000000005,0.2513686552324895,-0.07251480498039273,1.6602658797275989,0.24089753526951235,-0.0730729833318539,1.6609761099930531,0.24089753526951235,-0.0730729833318539,1.6609761099930531,5.0,0.0,0.0,6.097419384399186,0.10162365640665309
0.6800000000000005,0.2514278926886841,-0.07252286445241143,1.6602752149531719,0.24089753526951235,-0.0730729833318539,1.6609761099930531,0.24089753526951235,-0.0730729833318539,1.6609761099930531,5.0,0.0,0.0,6.097905038002383,0.10163175063337306
0.6810000000000005,0.25148697738491343,-0.07253093465967211,1.6602845614866024,0.24089753526951235,-0.0730729833318539,1.6609761099930531,0.24089753526951235,-0.0730729833318539,1.6609761099930531,5.0,0.0,0.0,6.0983895693787495,0.1016398261563125
0.6820000000000005,0.25154590805496313,-0.07253901413785556,1.6602939177055134,0.24089753526951235,-0.0730729833318539,1.6609761099930531,0.24089753526951235,-0.0730729833318539,1.6609761099930531,5.0,0.0,0.0,6.098872919606179,0.10164788199343631
0.6830000000000005,0.25160468344593234,-0.07254710144566956,1.660303282013222,0.24089753526951235,-0.0730729833318539,1.6609761099930531,0.24089753526951235,-0.0730729833318539,1.6609761099930531,5.0,0.0,0.0,6.099355030345824,0.1016559171724304
0.6840000000000005,0.2516633023182985,-0.07255519516467376,1.6603126528385095,0.24089753526951235,-0.0730729833318539,1.6609761099930531,0.24089753526951235,-0.0730729833318539,1.6609761099930531,5.0,0.0,0.0,6.099835843860703,0.10166393073101171
0.6850000000000005,0.2517217634459765,-0.07256329389910343,1.6603220286354006,0.24089753526951235,-0.0730729833318539,1.6609761099930531,0.24089753526951235,-0.0730729833318539,1.6609761099930531,5.0,0.0,0.0,6.1003153030361785,0.10167192171726964
0.6860000000000005,0.25178006561638083,-0.07257139627569009,1.6603314078829396,0.24089753526951235,-0.0730729833318539,1.6609761099930531,0.24089753526951235,-0.0730729833318539,1.6609761099930531,5.0,0.0,0.0,6.100793351396762,0.10167988918994603
0.6870000000000005,0.25183820763048215,-0.07257950094348371,1.6603407890849677,0.24089753526951235,-0.0730729833318539,1.6609761099930531,0.24089753526951235,-0.0730729833318539,1.6609761099930531,5.0,0.0,0.0,6.101269933122438,0.10168783221870731
0.6880000000000005,0.25189618830286176,-0.07258760657366983,1.6603501707698989,0.24089753526951235,-0.0730729833318539,1.6609761099930531,0.24089753526951235,-0.0730729833318539,1.6609761099930531,5.0,0.0,0.0,6.101744993063705,0.10169574988439509
0.6890000000000005,0.2519540064617664,-0.07259571185938907,1.6603595514905007,0.24089753526951235,-0.0730729833318539,1.6609761099930531,0.24089753526951235,-0.0730729833318539,1.6609761099930531,5.0,0.0,0.0,6.1022184767555805,0.10170364127925967
0.6900000000000005,0.25201166094915906,-0.07260381551555334,1.660368929823673,0.24089753526951235,-0.0730729833318539,1.6609761099930531,0.24089753526951235,-0.0730729833318539,1.6609761099930531,5.0,0.0,0.0,6.102690330429402,0.1017115055071567
0.6910000000000005,0.25206915062076773,-0.07261191627866215,1.6603783043702254,0.24089753526951235,-0.0730729833318539,1.6609761099930531,0.24089753526951235,-0.0730729833318539,1.6609761099930531,5.0,0.0,0.0,6.103160501025087,0.10171934168375145
0.6920000000000005,0.2521264743461318,-0.07262001290661796,1.6603876737546601,0.24089753526951235,-0.0730729833318539,1.6609761099930531,0.24089753526951235,-0.0730729833318539,1.6609761099930531,5.0,0.0,0.0,6.103628936201616,0.1017271489366936
0.6930000000000005,0.2521836310086478,-0.0726281041785411,1.6603970366249514,0.24089753526951235,-0.0730729833318539,1.6609761099930531,0.24089753526951235,-0.0730729833318539,1.6609761099930531,5.0,0.0,0.0,6.104095584345826,0.10173492640576377
0.6940000000000005,0.2522406195056113,-0.07263618889458416,1.6604063916523297,0.24089753526951235,-0.0730729833318539,1.6609761099930531,0.24089753526951235,-0.0730729833318539,1.6609761099930531,5.0,0.0,0.0,6.104560394581615,0.10174267324302691
0.6950000000000005,0.2522974387482568,-0.07264426587574478,1.660415737531059,0.24089753526951235,-0.0730729833318539,1.6609761099930531,0.24089753526951235,-0.0730729833318539,1.6609761099930531,5.0,0.0,0.0,6.105023316777025,0.10175038861295042
0.6960000000000005,0.2523540876617959,-0.07265233396368038,1.660425072978227,0.24089753526951235,-0.0730729833318539,1.6609761099930531,0.24089753526951235,-0.0730729833318539,1.6609761099930531,5.0,0.0,0.0,6.105484301552041,0.10175807169253401
0.6970000000000005,0.25241056518545363,-0.07266039202052055,1.660434396733522,0.24089753526951235,-0.0730729833318539,1.6609761099930531,0.24089753526951235,-0.0730729833318539,1.6609761099930531,5.0,0.0,0.0,6.105943300283064,0.1017657216713844
0.6980000000000005,0.25246687027250014,-0.07266843892867986,1.6604437075590233,0.24089753526951235,-0.0730729833318539,1.6609761099930531,0.24089753526951235,-0.0730729833318539,1.6609761099930531,5.0,0.0,0.0,6.1064002651098,0.10177333775182999
0.6990000000000005,0.252523001890284,-0.0726764735906712,1.6604530042389833,0.24089753526951235,-0.0730729833318539,1.6609761099930531,0.24089753526951235,-0.0730729833318539,1.6609761099930531,5.0,0.0,0.0,6.10685514893844,0.101780919148974
0.7000000000000005,0.252578959020259,-0.07268449492891879,1.660462285579616,0.24089753526951235,-0.0730729833318539,1.6609761099930531,0.24089753526951235,-0.0730729833318539,1.6609761099930531,5.0,0.0,0.0,6.107307905446287,0.10178846509077145
0.7010000000000005,0.25263474065801306,-0.07269250188557061,1.6604715504088816,0.24089753526951235,-0.0730729833318539,1.6609761099930531,0.24089753526951235,-0.0730729833318539,1.6609761099930531,5.0,0.0,0.0,6.10775848908439,0.10179597481807318
0.7020000000000005,0.2526903458132904,-0.07270049342231188,1.6604807975762792,0.24089753526951235,-0.0730729833318539,1.6609761099930531,0.24089753526951235,-0.0730729833318539,1.6609761099930531,5.0,0.0,0.0,6.108206855080499,0.10180344758467498
0.7030000000000005,0.25274577351001526,-0.07270846852017779,1.6604900259526292,0.24089753526951235,-0.0730729833318539,1.6609761099930531,0.24089753526951235,-0.0730729833318539,1.6609761099930531,5.0,0.0,0.0,6.108652959440282,0.10181088265733804
0.7040000000000005,0.25280102278631134,-0.07271642617936747,1.6604992344298686,0.24089753526951235,-0.0730729833318539,1.6609761099930531,0.24089753526951235,-0.0730729833318539,1.6609761099930531,5.0,0.0,0.0,6.10909675895008,0.10181827931583466
0.7050000000000005,0.25285609269451953,-0.07272436541905813,1.6605084219208401,0.24089753526951235,-0.0730729833318539,1.6609761099930531,0.24089753526951235,-0.0730729833318539,1.6609761099930531,5.0,0.0,0.0,6.109538211176533,0.10182563685294221
0.7060000000000005,0.2529109823012129,-0.072732285277218,1.6605175873590816,0.24089753526951235,-0.0730729833318539,1.6609761099930531,0.24089753526951235,-0.0730729833318539,1.6609761099930531,5.0,0.0,0.0,6.1099772744672105,0.1018329545744535
0.7070000000000005,0.2529656906872107,-0.07274018481042235,1.6605267296986228,0.24089753526951235,-0.0730729833318539,1.6609761099930531,0.24089753526951235,-0.0730729833318539,1.6609761099930531,5.0,0.0,0.0,6.110413907951448,0.1018402317991908
0.7080000000000005,0.2530202169475901,-0.07274806309366696,1.6605358479137742,0.24089753526951235,-0.0730729833318539,1.6609761099930531,0.24089753526951235,-0.0730729833318539,1.6609761099930531,5.0,0.0,0.0,6.1108480715383875,0.10184746785897313
0.7090000000000005,0.2530745601916932,-0.07275591922018512,1.6605449409989252,0.24089753526951235,-0.0730729833318539,1.6609761099930531,0.24089753526951235,-0.0730729833318539,1.6609761099930531,5.0,0.0,0.0,6.111279725917761,0.10185466209862935
0.7100000000000005,0.25312871954313554,-0.07276375230126264,1.6605540079683372,0.24089753526951235,-0.0730729833318539,1.6609761099930531,0.24089753526951235,-0.0730729833318539,1.6609761099930531,5.0,0.0,0.0,6.111708832557261,0.10186181387595435
0.7110000000000005,0.2531826941398101,-0.07277156146605457,1.66056304785594,0.24089753526951235,-0.0730729833318539,1.6609761099930531,0.24089753526951235,-0.0730729833318539,1.6609761099930531,5.0,0.0,0.0,6.112135353701758,0.10186892256169597
0.7120000000000005,0.25323648313389063,-0.07277934586140336,1.6605720597151323,0.24089753526951235,-0.0730729833318539,1.6609761099930531,0.24089753526951235,-0.0730729833318539,1.6609761099930531,5.0,0.0,0.0,6.11255925237136,0.10187598753952268
0.7130000000000005,0.253290085691831,-0.07278710465165539,1.6605810426185748,0.24089753526951235,-0.0730729833318539,1.6609761099930531,0.24089753526951235,-0.0730729833318539,1.6609761099930531,5.0,0.0,0.0,6.112980492358595,0.10188300820597658
0.7140000000000005,0.2533435009943645,-0.07279483701848019,1.6605899956579933,0.24089753526951235,-0.0730729833318539,1.6609761099930531,0.24089753526951235,-0.0730729833318539,1.6609761099930531,5.0,0.0,0.0,6.11339903822698,0.10188998397044967
0.7150000000000005,0.25339672823650017,-0.07280254216069011,1.6605989179439786,0.24089753526951235,-0.0730729833318539,1.6609761099930531,0.24089753526951235,-0.0730729833318539,1.6609761099930531,5.0,0.0,0.0,6.113814855307156,0.10189691425511928
0.7160000000000005,0.253449766627517,-0.07281021929405955,1.6606078086057852,0.24089753526951235,-0.0730729833318539,1.6609761099930531,0.24089753526951235,-0.0730729833318539,1.6609761099930531,5.0,0.0,0.0,6.114227909694822,0.1019037984949137
0.7170000000000005,0.25350261539095625,-0.07281786765114569,1.6606166667911384,0.24089753526951235,-0.0730729833318539,1.6609761099930531,0.24089753526951235,-0.0730729833318539,1.6609761099930531,5.0,0.0,0.0,6.114638168247318,0.1019106361374553
0.7180000000000005,0.25355527376461195,-0.0728254864811109,1.6606254916660315,0.24089753526951235,-0.0730729833318539,1.6609761099930531,0.24089753526951235,-0.0730729833318539,1.6609761099930531,5.0,0.0,0.0,6.115045598579301,0.10191742664298835
0.7190000000000005,0.2536077410005193,-0.07283307504954382,1.6606342824145364,0.24089753526951235,-0.0730729833318539,1.6609761099930531,0.24089753526951235,-0.0730729833318539,1.6609761099930531,5.0,0.0,0.0,6.11545016906104,0.10192416948435067
0.7200000000000005,0.2536600163649414,-0.07284063263828389,1.6606430382386037,0.24089753526951235,-0.0730729833318539,1.6609761099930531,0.24089753526951235,-0.0730729833318539,1.6609761099930531,5.0,0.0,0.0,6.115851848812554,0.1019308641468759
0.7210000000000005,0.2537120991383542,-0.07284815854524399,1.6606517583578728,0.24089753526951235,-0.0730729833318539,1.6609761099930531,0.24089753526951235,-0.0730729833318539,1.6609761099930531,5.0,0.0,0.0,6.116250607701048,0.1019375101283508
0.7220000000000005,0.25376398861542804,-0.07285565208423636,1.6606604420094775,0.24089753526951235,-0.0730729833318539,1.6609761099930531,0.24089753526951235,-0.0730729833318539,1.6609761099930531,5.0,0.0,0.0,6.116646416336451,0.10194410693894085
0.7230000000000005,0.25381568410501015,-0.0728631125847978,1.6606690884478548,0.24089753526951235,-0.0730729833318539,1.6609761099930531,0.24089753526951235,-0.0730729833318539,1.6609761099930531,5.0,0.0,0.0,6.117039246067001,0.10195065410111667
0.7240000000000005,0.25386718493010185,-0.07287053939201607,1.660677696944556,0.24089753526951235,-0.0730729833318539,1.6609761099930531,0.24089753526951235,-0.0730729833318539,1.6609761099930531,5.0,0.0,0.0,6.117429068974921,0.10195715114958202
0.7250000000000005,0.2539184904278385,-0.0728779318663583,1.660686266788055,0.24089753526951235,-0.0730729833318539,1.6609761099930531,0.24089753526951235,-0.0730729833318539,1.6609761099930531,5.0,0.0,0.0,6.117815857871659,0.10196359763119432
0.7260000000000005,0.25396959994946183,-0.07288528938349814,1.6606947972835613,0.24089753526951235,-0.0730729833318539,1.6609761099930531,0.24089753526951235,-0.0730729833318539,1.6609761099930531,5.0,0.0,0.0,6.11819958629377,0.10196999310489616
0.7270000000000005,0.2540205128602969,-0.07289261133414676,1.6607032877528323,0.24089753526951235,-0.0730729833318539,1.6609761099930531,0.24089753526951235,-0.0730729833318539,1.6609761099930531,5.0,0.0,0.0,6.118580228497678,0.10197633714162797
0.7280000000000005,0.2540712285397213,-0.07289989712388174,1.6607117375339882,0.24089753526951235,-0.0730729833318539,1.6609761099930531,0.24089753526951235,-0.0730729833318539,1.6609761099930531,5.0,0.0,0.0,6.118957759454975,0.10198262932424959
0.7290000000000005,0.2541217463811376,-0.07290714617297922,1.660720145981325,0.24089753526951235,-0.0730729833318539,1.6609761099930531,0.24089753526951235,-0.0730729833318539,1.6609761099930531,5.0,0.0,0.0,6.11933215484734,0.10198886924745568
0.7300000000000005,0.25417206579194107,-0.07291435791624527,1.660728512465134,0.24089753526951235,-0.0730729833318539,1.6609761099930531,0.24089753526951235,-0.0730729833318539,1.6609761099930531,5.0,0.0,0.0,6.119703391061529,0.10199505651769215
0.7310000000000005,0.2542221861934868,-0.07292153180285035,1.6607368363715131,0.24089753526951235,-0.0730729833318539,1.6609761099930531,0.24089753526951235,-0.0730729833318539,1.6609761099930531,5.0,0.0,0.0,6.120071445183782,0.10200119075306303
0.7320000000000005,0.25427210702105607,-0.07292866729616253,1.6607451171021914,0.24089753526951235,-0.0730729833318539,1.6609761099930531,0.24089753526951235,-0.0730729833318539,1.6609761099930531,5.0,0.0,0.0,6.120436294995789,0.10200727158326316
0.7330000000000005,0.2543218277238185,-0.07293576387358318,1.6607533540743447,0.24089753526951235,-0.0730729833318539,1.6609761099930531,0.24089753526951235,-0.0730729833318539,1.6609761099930531,5.0,0.0,0.0,6.120797918967638,0.10201329864946063
0.7340000000000005,0.2543713477647963,-0.07294282102638237,1.6607615467204169,0.24089753526951235,-0.0730729833318539,1.6609761099930531,0.24089753526951235,-0.0730729833318539,1.6609761099930531,5.0,0.0,0.0,6.121156296253764,0.1020192716042294
0.7350000000000005,0.25442066662082374,-0.07294983825953705,1.6607696944879393,0.24089753526951235,-0.0730729833318539,1.6609761099930531,0.24089753526951235,-0.0730729833318539,1.6609761099930531,5.0,0.0,0.0,6.121511406686507,0.10202519011144177
0.7360000000000005,0.2544697837825074,-0.07295681509156876,1.660777796839358,0.24089753526951235,-0.0730729833318539,1.6609761099930531,0.24089753526951235,-0.0730729833318539,1.6609761099930531,5.0,0.0,0.0,6.121863230771607,0.10203105384619346
0.7370000000000005,0.2545186987541824,-0.07296375105438266,1.6607858532518534,0.24089753526951235,-0.0730729833318539,1.6609761099930531,0.24089753526951235,-0.0730729833318539,1.6609761099930531,5.0,0.0,0.0,6.122211749681278,0.10203686249468796
0.7380000000000005,0.25456741105387193,-0.07297064569310752,1.6607938632171675,0.24089753526951235,-0.0730729833318539,1.6609761099930531,0.24089753526951235,-0.0730729833318539,1.6609761099930531,5.0,0.0,0.0,6.1225569452496575,0.10204261575416096
0.7390000000000005,0.25461592021323776,-0.07297749856593791,1.660801826241426,0.24089753526951235,-0.0730729833318539,1.6609761099930531,0.24089753526951235,-0.0730729833318539,1.6609761099930531,5.0,0.0,0.0,6.122898799966121,0.10204831333276869
0.7400000000000005,0.25466422577753994,-0.07298430924397561,1.660809741844972,0.24089753526951235,-0.0730729833318539,1.6609761099930531,0.24089753526951235,-0.0730729833318539,1.6609761099930531,5.0,0.0,0.0,6.123237296971027,0.10205395494951712
0.7410000000000005,0.2547123273055815,-0.07299107731107232,1.660817609562186,0.24089753526951235,-0.0730729833318539,1.6609761099930531,0.24089753526951235,-0.0730729833318539,1.6609761099930531,5.0,0.0,0.0,6.123572420047486,0.10205954033412476
0.7420000000000005,0.2547602243696665,-0.07299780236367567,1.6608254289413238,0.24089753526951235,-0.0730729833318539,1.6609761099930531,0.24089753526951235,-0.0730729833318539,1.6609761099930531,5.0,0.0,0.0,6.1239041536182475,0.1020650692269708
0.7430000000000005,0.2548079165555445,-0.07300448401067233,1.6608331995443386,0.24089753526951235,-0.0730729833318539,1.6609761099930531,0.24089753526951235,-0.0730729833318539,1.6609761099930531,5.0,0.0,0.0,6.124232482737209,0.1020705413789535
0.7440000000000005,0.25485540346236235,-0.07301112187323645,1.6608409209467185,0.24089753526951235,-0.0730729833318539,1.6609761099930531,0.24089753526951235,-0.0730729833318539,1.6609761099930531,5.0,0.0,0.0,6.124557393085672,0.10207595655142786
0.7450000000000006,0.2549026847026089,-0.07301771558467553,1.6608485927373169,0.24089753526951235,-0.0730729833318539,1.6609761099930531,0.24089753526951235,-0.0730729833318539,1.6609761099930531,5.0,0.0,0.0,6.124878870964816,0.10208131451608025
0.7460000000000006,0.2549497599020626,-0.07302426479027879,1.6608562145181844,0.24089753526951235,-0.0730729833318539,1.6609761099930531,0.24089753526951235,-0.0730729833318539,1.6609761099930531,5.0,0.0,0.0,6.125196903290503,0.1020866150548417
0.7470000000000006,0.2549966286997345,-0.07303076914716823,1.660863785904409,0.24089753526951235,-0.0730729833318539,1.6609761099930531,0.24089753526951235,-0.0730729833318539,1.6609761099930531,5.0,0.0,0.0,6.125511477587348,0.10209185795978913
0.7480000000000006,0.25504329074781334,-0.0730372283241465,1.6608713065239473,0.24089753526951235,-0.0730729833318539,1.6609761099930531,0.24089753526951235,-0.0730729833318539,1.6609761099930531,5.0,0.0,0.0,6.125822581981744,0.10209704303302906
0.7490000000000006,0.25508974571160753,-0.07304364200155065,1.6608787760174626,0.24089753526951235,-0.0730729833318539,1.6609761099930531,0.24089753526951235,-0.0730729833318539,1.6609761099930531,5.0,0.0,0.0,6.126130205196682,0.10210217008661136
0.7500000000000006,0.2551359932694849,-0.0730500098711036,1.6608861940381647,0.24089753526951235,-0.0730729833318539,1.6609761099930531,0.24089753526951235,-0.0730729833318539,1.6609761099930531,5.0,0.0,0.0,6.126434336545708,0.10210723894242847
0.7510000000000006,0.255182033112815,-0.07305633163576719,1.6608935602516475,0.24089753526951235,-0.0730729833318539,1.6609761099930531,0.24089753526951235,-0.0730729833318539,1.6609761099930531,5.0,0.0,0.0,6.1267349659261665,0.10211224943210277
0.7520000000000006,0.25522786494590655,-0.07306260700959843,1.6609008743357327,0.24089753526951235,-0.0730729833318539,1.6609761099930531,0.24089753526951235,-0.0730729833318539,1.6609761099930531,5.0,0.0,0.0,6.127032083812919,0.10211720139688199
0.7530000000000006,0.25527348848594644,-0.07306883571760228,1.6609081359803082,0.24089753526951235,-0.0730729833318539,1.6609761099930531,0.24089753526951235,-0.0730729833318539,1.6609761099930531,5.0,0.0,0.0,6.127325681255016,0.1021220946875836
0.7540000000000006,0.2553189034629362,-0.07307501749559117,1.660915344887171,0.24089753526951235,-0.0730729833318539,1.6609761099930531,0.24089753526951235,-0.0730729833318539,1.6609761099930531,5.0,0.0,0.0,6.127615749864997,0.10212692916441662
0.7550000000000006,0.25536410961962824,-0.07308115209004183,1.6609225007698745,0.24089753526951235,-0.0730729833318539,1.6609761099930531,0.24089753526951235,-0.0730729833318539,1.6609761099930531,5.0,0.0,0.0,6.127902281815798,0.10213170469692996
0.7560000000000006,0.2554091067114606,-0.07308723925795224,1.6609296033535694,0.24089753526951235,-0.0730729833318539,1.6609761099930531,0.24089753526951235,-0.0730729833318539,1.6609761099930531,5.0,0.0,0.0,6.128185269833824,0.10213642116389707
0.7570000000000006,0.2554538945064915,-0.0730932787667031,1.660936652374853,0.24089753526951235,-0.0730729833318539,1.6609761099930531,0.24089753526951235,-0.0730729833318539,1.6609761099930531,5.0,0.0,0.0,6.128464707193159,0.10214107845321932
0.7580000000000006,0.2554984727853318,-0.07309927039391859,1.6609436475816155,0.24089753526951235,-0.0730729833318539,1.6609761099930531,0.24089753526951235,-0.0730729833318539,1.6609761099930531,5.0,0.0,0.0,6.1287405877090215,0.10214567646181702
0.7590000000000006,0.2555428413410782,-0.07310521392732676,1.6609505887328901,0.24089753526951235,-0.0730729833318539,1.6609761099930531,0.24089753526951235,-0.0730729833318539,1.6609761099930531,5.0,0.0,0.0,6.129012905731857,0.10215021509553095
0.7600000000000006,0.25558699997924456,-0.07311110916462425,1.660957475598698,0.24089753526951235,-0.0730729833318539,1.6609761099930531,0.24089753526951235,-0.0730729833318539,1.6609761099930531,5.0,0.0,0.0,6.129281656140767,0.10215469426901279
0.7610000000000006,0.2556309485176909,-0.07311695591333789,1.6609643079599057,0.24089753526951235,-0.0730729833318539,1.6609761099930531,0.24089753526951235,-0.0730729833318539,1.6609761099930531,5.0,0.0,0.0,6.129546834338422,0.10215911390564036
0.7620000000000006,0.25567468678655425,-0.07312275399069065,1.6609710856080702,0.24089753526951235,-0.0730729833318539,1.6609761099930531,0.24089753526951235,-0.0730729833318539,1.6609761099930531,5.0,0.0,0.0,6.129808436243534,0.10216347393739224
0.7630000000000006,0.25571821462817756,-0.07312850322346764,1.6609778083452968,0.24089753526951235,-0.0730729833318539,1.6609761099930531,0.24089753526951235,-0.0730729833318539,1.6609761099930531,5.0,0.0,0.0,6.130066458286017,0.10216777430476695
0.7640000000000006,0.25576153189703954,-0.07313420344788348,1.6609844759840962,0.24089753526951235,-0.0730729833318539,1.6609761099930531,0.24089753526951235,-0.0730729833318539,1.6609761099930531,5.0,0.0,0.0,6.130320897400096,0.10217201495666826
0.7650000000000006,0.2558046384596775,-0.07313985450944789,1.6609910883472283,0.24089753526951235,-0.0730729833318539,1.6609761099930531,0.24089753526951235,-0.0730729833318539,1.6609761099930531,5.0,0.0,0.0,6.130571751017597,0.10217619585029329
0.7660000000000006,0.2558475341946181,-0.0731454562628365,1.6609976452675697,0.24089753526951235,-0.0730729833318539,1.6609761099930531,0.24089753526951235,-0.0730729833318539,1.6609761099930531,5.0,0.0,0.0,6.130819017064115,0.10218031695106859
0.7670000000000006,0.255890218992302,-0.07315100857176107,1.6610041465879675,0.24089753526951235,-0.0730729833318539,1.6609761099930531,0.24089753526951235,-0.0730729833318539,1.6609761099930531,5.0,0.0,0.0,6.13106269395061,0.10218437823251017
0.7680000000000006,0.25593269275500796,-0.07315651130883856,1.6610105921610987,0.24089753526951235,-0.0730729833318539,1.6609761099930531,0.24089753526951235,-0.0730729833318539,1.6609761099930531,5.0,0.0,0.0,6.131302780568224,0.10218837967613707
0.7690000000000006,0.2559749553967785,-0.07316196435546418,1.6610169818493263,0.24089753526951235,-0.0730729833318539,1.6609761099930531,0.24089753526951235,-0.0730729833318539,1.6609761099930531,5.0,0.0,0.0,6.131539276281781,0.102192321271363
0.7700000000000006,0.25601700684334444,-0.07316736760168484,1.6610233155245666,0.24089753526951235,-0.0730729833318539,1.6609761099930531,0.24089753526951235,-0.0730729833318539,1.6609761099930531,5.0,0.0,0.0,6.131772180925326,0.10219620301542211
0.7710000000000006,0.2560588470320453,-0.0731727209460716,1.6610295930681462,0.24089753526951235,-0.0730729833318539,1.6609761099930531,0.24089753526951235,-0.0730729833318539,1.6609761099930531,5.0,0.0,0.0,6.1320014947937835,0.10220002491322973
0.7720000000000006,0.25610047591175544,-0.07317802429559515,1.6610358143706658,0.24089753526951235,-0.0730729833318539,1.6609761099930531,0.24089753526951235,-0.0730729833318539,1.6609761099930531,5.0,0.0,0.0,6.132227218638363,0.10220378697730605
0.7730000000000006,0.256141893442803,-0.07318327756550273,1.661041979331868,0.24089753526951235,-0.0730729833318539,1.6609761099930531,0.24089753526951235,-0.0730729833318539,1.6609761099930531,5.0,0.0,0.0,6.132449353660782,0.1022074892276797
0.7740000000000006,0.25618309959689384,-0.0731884806791936,1.6610480878604994,0.24089753526951235,-0.0730729833318539,1.6609761099930531,0.24089753526951235,-0.0730729833318539,1.6609761099930531,5.0,0.0,0.0,6.132667901506004,0.10221113169176672
0.7750000000000006,0.2562240943570303,-0.07319363356809735,1.6610541398741774,0.24089753526951235,-0.0730729833318539,1.6609761099930531,0.24089753526951235,-0.0730729833318539,1.6609761099930531,5.0,0.0,0.0,6.132882864257352,0.10221471440428921
0.7760000000000006,0.25626487771743245,-0.07319873617155373,1.6610601352992573,0.24089753526951235,-0.0730729833318539,1.6609761099930531,0.24089753526951235,-0.0730729833318539,1.6609761099930531,5.0,0.0,0.0,6.1330942444303,0.10221823740717166
0.7770000000000006,0.2563054496834589,-0.07320378843669072,1.6610660740707062,0.24089753526951235,-0.0730729833318539,1.6609761099930531,0.24089753526951235,-0.0730729833318539,1.6609761099930531,5.0,0.0,0.0,6.133302044966751,0.10222170074944585
0.7780000000000006,0.25634581027152387,-0.07320879031830713,1.6610719561319645,0.24089753526951235,-0.0730729833318539,1.6609761099930531,0.24089753526951235,-0.0730729833318539,1.6609761099930531,5.0,0.0,0.0,6.133506269228139,0.10222510448713565
0.7790000000000006,0.25638595950901794,-0.07321374177875387,1.661077781434823,0.24089753526951235,-0.0730729833318539,1.6609761099930531,0.24089753526951235,-0.0730729833318539,1.6609761099930531,5.0,0.0,0.0,6.133706920990888,0.10222844868318147
0.7800000000000006,0.2564258974342257,-0.07321864278781585,1.661083549939293,0.24089753526951235,-0.0730729833318539,1.6609761099930531,0.24089753526951235,-0.0730729833318539,1.6609761099930531,5.0,0.0,0.0,6.133904004439845,0.10223173340733076
0.7810000000000006,0.2564656240962426,-0.07322349332259767,1.6610892616134794,0.24089753526951235,-0.0730729833318539,1.6609761099930531,0.24089753526951235,-0.0730729833318539,1.6609761099930531,5.0,0.0,0.0,6.134097524162353,0.10223495873603922
0.7820000000000006,0.2565051395548954,-0.0732282933674063,1.6610949164334552,0.24089753526951235,-0.0730729833318539,1.6609761099930531,0.24089753526951235,-0.0730729833318539,1.6609761099930531,5.0,0.0,0.0,6.134287485142753,0.10223812475237921
0.7830000000000006,0.256544443880656,-0.07323304291363913,1.661100514383136,0.24089753526951235,-0.0730729833318539,1.6609761099930531,0.24089753526951235,-0.0730729833318539,1.6609761099930531,5.0,0.0,0.0,6.1344738927565166,0.10224123154594195
0.7840000000000006,0.25658353715455967,-0.07323774195966865,1.6611060554541586,0.24089753526951235,-0.0730729833318539,1.6609761099930531,0.24089753526951235,-0.0730729833318539,1.6609761099930531,5.0,0.0,0.0,6.134656752764385,0.10224427921273975
0.7850000000000006,0.2566224194681211,-0.07324239051073138,1.6611115396457548,0.24089753526951235,-0.0730729833318539,1.6609761099930531,0.24089753526951235,-0.0730729833318539,1.6609761099930531,5.0,0.0,0.0,6.134836071306414,0.1022472678551069
0.7860000000000006,0.25666109092325096,-0.07324698857881597,1.6611169669646337,0.24089753526951235,-0.0730729833318539,1.6609761099930531,0.24089753526951235,-0.0730729833318539,1.6609761099930531,5.0,0.0,0.0,6.135011854897128,0.1022501975816188
0.7870000000000006,0.25669955163217,-0.07325153618255378,1.6611223374248583,0.24089753526951235,-0.0730729833318539,1.6609761099930531,0.24089753526951235,-0.0730729833318539,1.6609761099930531,5.0,0.0,0.0,6.135184110418585,0.10225306850697642
0.7880000000000006,0.2567378017173263,-0.0732560333471087,1.6611276510477302,0.24089753526951235,-0.0730729833318539,1.6609761099930531,0.24089753526951235,-0.0730729833318539,1.6609761099930531,5.0,0.0,0.0,6.135352845115956,0.1022558807519326
0.7890000000000006,0.25677584131130826,-0.0732604801040678,1.6611329078616652,0.24089753526951235,-0.0730729833318539,1.6609761099930531,0.24089753526951235,-0.0730729833318539,1.6609761099930531,5.0,0.0,0.0,6.135518066590836,0.1022586344431806
0.7900000000000006,0.25681367055676146,-0.07326487649133694,1.6611381079020824,0.24089753526951235,-0.0730729833318539,1.6609761099930531,0.24089753526951235,-0.0730729833318539,1.6609761099930531,5.0,0.0,0.0,6.135679782796612,0.10226132971327687
0.7910000000000006,0.2568512896063005,-0.07326922255303078,1.6611432512112858,0.24089753526951235,-0.0730729833318539,1.6609761099930531,0.24089753526951235,-0.0730729833318539,1.6609761099930531,5.0,0.0,0.0,6.135838002032008,0.10226396670053346
0.7920000000000006,0.25688869862242514,-0.07327351833936932,1.6611483378383467,0.24089753526951235,-0.0730729833318539,1.6609761099930531,0.24089753526951235,-0.0730729833318539,1.6609761099930531,5.0,0.0,0.0,6.135992732935998,0.1022665455489333
0.7930000000000006,0.2569258977774334,-0.07327776390657312,1.661153367838993,0.24089753526951235,-0.0730729833318539,1.6609761099930531,0.24089753526951235,-0.0730729833318539,1.6609761099930531,5.0,0.0,0.0,6.136143984482296,0.10226906640803828
0.7940000000000006,0.25696288725333527,-0.07328195931675921,1.6611583412754956,0.24089753526951235,-0.0730729833318539,1.6609761099930531,0.24089753526951235,-0.0730729833318539,1.6609761099930531,5.0,0.0,0.0,6.13629176597404,0.10227152943290066
0.7950000000000006,0.2569996672417665,-0.0732861046378378,1.6611632582165563,0.24089753526951235,-0.0730729833318539,1.6609761099930531,0.24089753526951235,-0.0730729833318539,1.6609761099930531,5.0,0.0,0.0,6.136436087037783,0.10227393478396304
0.7960000000000006,0.2570362379439013,-0.07329019994341239,1.6611681187371954,0.24089753526951235,-0.0730729833318539,1.6609761099930531,0.24089753526951235,-0.0730729833318539,1.6609761099930531,5.0,0.0,0.0,6.136576957618505,0.10227628262697509
0.7970000000000006,0.25707259957036527,-0.07329424531267699,1.6611729229186452,0.24089753526951235,-0.0730729833318539,1.6609761099930531,0.24089753526951235,-0.0730729833318539,1.6609761099930531,5.0,0.0,0.0,6.1367143879745605,0.10227857313290935
0.7980000000000006,0.25710875234114905,-0.07329824083031783,1.6611776708482378,0.24089753526951235,-0.0730729833318539,1.6609761099930531,0.24089753526951235,-0.0730729833318539,1.6609761099930531,5.0,0.0,0.0,6.136848388671135,0.10228080647785225
0.7990000000000006,0.257144696485521,-0.07330218658641294,1.6611823626192992,0.24089753526951235,-0.0730729833318539,1.6609761099930531,0.24089753526951235,-0.0730729833318539,1.6609761099930531,5.0,0.0,0.0,6.13697897057639,0.10228298284293984
0.8000000000000006,0.2571804322419391,-0.07330608267633568,1.6611869983310432,0.24089753526951235,-0.0730729833318539,1.6609761099930531,0.24089753526951235,-0.0730729833318539,1.6609761099930531,5.0,0.0,0.0,6.137106144855274,0.10228510241425456
0.8010000000000006,0.25721595985796286,-0.07330992920065643,1.6611915780884627,0.24089753526951235,-0.0730729833318539,1.6609761099930531,0.24089753526951235,-0.0730729833318539,1.6609761099930531,5.0,0.0,0.0,6.137229922964236,0.10228716538273727
0.8020000000000006,0.2572512795901672,-0.0733137262650463,1.6611961020022292,0.24089753526951235,-0.0730729833318539,1.6609761099930531,0.24089753526951235,-0.0730729833318539,1.6609761099930531,5.0,0.0,0.0,6.137350316646722,0.10228917194411204
0.8030000000000006,0.25728639170405454,-0.07331747398018458,1.6612005701885861,0.24089753526951235,-0.0730729833318539,1.6609761099930531,0.24089753526951235,-0.0730729833318539,1.6609761099930531,5.0,0.0,0.0,6.137467337927086,0.10229112229878477
0.8040000000000006,0.2573212964739649,-0.07332117246165999,1.6612049827692459,0.24089753526951235,-0.0730729833318539,1.6609761099930531,0.24089753526951235,-0.0730729833318539,1.6609761099930531,5.0,0.0,0.0,6.13758099910614,0.102293016651769
0.8050000000000006,0.2573559941829901,-0.07332482182988057,1.6612093398712926,0.24089753526951235,-0.0730729833318539,1.6609761099930531,0.24089753526951235,-0.0730729833318539,1.6609761099930531,5.0,0.0,0.0,6.137691312755783,0.10229485521259639
0.8060000000000006,0.25739048512288476,-0.073328422209981,1.6612136416270742,0.24089753526951235,-0.0730729833318539,1.6609761099930531,0.24089753526951235,-0.0730729833318539,1.6609761099930531,5.0,0.0,0.0,6.1377982917134375,0.10229663819522396
0.8070000000000006,0.25742476959397864,-0.07333197373172973,1.6612178881741095,0.24089753526951235,-0.0730729833318539,1.6609761099930531,0.24089753526951235,-0.0730729833318539,1.6609761099930531,5.0,0.0,0.0,6.137901949078289,0.10229836581797148
0.8080000000000006,0.2574588479050877,-0.07333547652943818,1.6612220796549864,0.24089753526951235,-0.0730729833318539,1.6609761099930531,0.24089753526951235,-0.0730729833318539,1.6609761099930531,5.0,0.0,0.0,6.138002298204959,0.10230003830341598
0.8090000000000006,0.25749272037342696,-0.07333893074187314,1.6612262162172637,0.24089753526951235,-0.0730729833318539,1.6609761099930531,0.24089753526951235,-0.0730729833318539,1.6609761099930531,5.0,0.0,0.0,6.138099352698887,0.10230165587831479
0.8100000000000006,0.25752638732452215,-0.07334233651216533,1.6612302980133762,0.24089753526951235,-0.0730729833318539,1.6609761099930531,0.24089753526951235,-0.0730729833318539,1.6609761099930531,5.0,0.0,0.0,6.138193126411938,0.1023032187735323
0.8110000000000006,0.2575598490921208,-0.07334569398772271,1.661234325200538,0.24089753526951235,-0.0730729833318539,1.6609761099930531,0.24089753526951235,-0.0730729833318539,1.6609761099930531,5.0,0.0,0.0,6.1382836334368776,0.10230472722394796
0.8120000000000006,0.25759310601810387,-0.07334900332014432,1.6612382979406464,0.24089753526951235,-0.0730729833318539,1.6609761099930531,0.24089753526951235,-0.0730729833318539,1.6609761099930531,5.0,0.0,0.0,6.138370888102655,0.10230618146837758
0.8130000000000006,0.25762615845239967,-0.07335226466513159,1.6612422164001925,0.24089753526951235,-0.0730729833318539,1.6609761099930531,0.24089753526951235,-0.0730729833318539,1.6609761099930531,5.0,0.0,0.0,6.138454904970093,0.10230758174950155
0.8140000000000006,0.2576590067528934,-0.07335547818240543,1.6612460807501623,0.24089753526951235,-0.0730729833318539,1.6609761099930531,0.24089753526951235,-0.0730729833318539,1.6609761099930531,5.0,0.0,0.0,6.138535698825927,0.10230892831376545
0.8150000000000006,0.2576916512853392,-0.0733586440356199,1.6612498911659488,0.24089753526951235,-0.0730729833318539,1.6609761099930531,0.24089753526951235,-0.0730729833318539,1.6609761099930531,5.0,0.0,0.0,6.138613284679488,0.1023102214113248
0.8160000000000006,0.2577240924232745,-0.07336176239228098,1.661253647827262,0.24089753526951235,-0.0730729833318539,1.6609761099930531,0.24089753526951235,-0.0730729833318539,1.6609761099930531,5.0,0.0,0.0,6.138687677756902,0.10231146129594837
0.8170000000000006,0.257756330547929,-0.07336483342366124,1.6612573509180342,0.24089753526951235,-0.0730729833318539,1.6609761099930531,0.24089753526951235,-0.0730729833318539,1.6609761099930531,5.0,0.0,0.0,6.138758893496622,0.1023126482249437
0.8180000000000006,0.2577883660481385,-0.07336785730471995,1.6612610006263362,0.24089753526951235,-0.0730729833318539,1.6609761099930531,0.24089753526951235,-0.0730729833318539,1.6609761099930531,5.0,0.0,0.0,6.138826947545313,0.10231378245908855
0.8190000000000006,0.257820199320257,-0.07337083421402142,1.6612645971442865,0.24089753526951235,-0.0730729833318539,1.6609761099930531,0.24089753526951235,-0.0730729833318539,1.6609761099930531,5.0,0.0,0.0,6.138891855752487,0.10231486426254145
0.8200000000000006,0.2578518307680678,-0.07337376433365499,1.6612681406679628,0.24089753526951235,-0.0730729833318539,1.6609761099930531,0.24089753526951235,-0.0730729833318539,1.6609761099930531,5.0,0.0,0.0,6.138953634166773,0.10231589390277955
0.8210000000000006,0.2578832608026971,-0.07337664784915525,1.661271631397319,0.24089753526951235,-0.0730729833318539,1.6609761099930531,0.24089753526951235,-0.0730729833318539,1.6609761099930531,5.0,0.0,0.0,6.13901229903067,0.10231687165051116
0.8220000000000006,0.25791448984252563,-0.07337948494942537,1.6612750695360994,0.24089753526951235,-0.0730729833318539,1.6609761099930531,0.24089753526951235,-0.0730729833318539,1.6609761099930531,5.0,0.0,0.0,6.139067866776238,0.10231779777960397
0.8230000000000006,0.2579455183131022,-0.07338227582665752,1.6612784552917494,0.24089753526951235,-0.0730729833318539,1.6609761099930531,0.24089753526951235,-0.0730729833318539,1.6609761099930531,5.0,0.0,0.0,6.139120354020525,0.10231867256700874
0.8240000000000006,0.25797634664705527,-0.0733850206762571,1.6612817888753415,0.24089753526951235,-0.0730729833318539,1.6609761099930531,0.24089753526951235,-0.0730729833318539,1.6609761099930531,5.0,0.0,0.0,6.139169777562073,0.10231949629270122
0.8250000000000006,0.2580069752840064,-0.07338771969676815,1.661285070501482,0.24089753526951235,-0.0730729833318539,1.6609761099930531,0.24089753526951235,-0.0730729833318539,1.6609761099930531,5.0,0.0,0.0,6.139216154374866,0.1023202692395811
0.8260000000000006,0.25803740467048286,-0.07339037308979494,1.6612883003882364,0.24089753526951235,-0.0730729833318539,1.6609761099930531,0.24089753526951235,-0.0730729833318539,1.6609761099930531,5.0,0.0,0.0,6.1392595016056735,0.10232099169342788
0.8270000000000006,0.25806763525983156,-0.07339298105993207,1.6612914787570474,0.24089753526951235,-0.0730729833318539,1.6609761099930531,0.24089753526951235,-0.0730729833318539,1.6609761099930531,5.0,0.0,0.0,6.139299836568749,0.10232166394281247
0.8280000000000006,0.2580976675121317,-0.07339554381468835,1.6612946058326523,0.24089753526951235,-0.0730729833318539,1.6609761099930531,0.24089753526951235,-0.0730729833318539,1.6609761099930531,5.0,0.0,0.0,6.139337176741519,0.10232228627902532
0.8290000000000006,0.2581275018941078,-0.07339806156441443,1.6612976818430074,0.24089753526951235,-0.0730729833318539,1.6609761099930531,0.24089753526951235,-0.0730729833318539,1.6609761099930531,5.0,0.0,0.0,6.1393715397611714,0.10232285899601952
0.8300000000000006,0.2581571388790451,-0.07340053452223246,1.6613007070192092,0.24089753526951235,-0.0730729833318539,1.6609761099930531,0.24089753526951235,-0.0730729833318539,1.6609761099930531,5.0,0.0,0.0,6.139402943419666,0.10232338239032777
0.8310000000000006,0.25818657894670116,-0.073402962903964,1.661303681595414,0.24089753526951235,-0.0730729833318539,1.6609761099930531,0.24089753526951235,-0.0730729833318539,1.6609761099930531,5.0,0.0,0.0,6.139431405659771,0.10232385676099617
0.8320000000000006,0.25821582258322145,-0.07340534692806033,1.6613066058087649,0.24089753526951235,-0.0730729833318539,1.6609761099930531,0.24089753526951235,-0.0730729833318539,1.6609761099930531,5.0,0.0,0.0,6.139456944571183,0.10232428240951971
0.8330000000000006,0.25824487028105353,-0.07340768681553363,1.6613094798993155,0.24089753526951235,-0.0730729833318539,1.6609761099930531,0.24089753526951235,-0.0730729833318539,1.6609761099930531,5.0,0.0,0.0,6.139479578386288,0.10232465963977147
0.8340000000000006,0.2582737225388609,-0.07340998278988814,1.661312304109955,0.24089753526951235,-0.0730729833318539,1.6609761099930531,0.24089753526951235,-0.0730729833318539,1.6609761099930531,5.0,0.0,0.0,6.139499325476275,0.10232498875793791
0.8350000000000006,0.2583023798614372,-0.07341223507705182,1.6613150786863335,0.24089753526951235,-0.0730729833318539,1.6609761099930531,0.24089753526951235,-0.0730729833318539,1.6609761099930531,5.0,0.0,0.0,6.1395162043469185,0.10232527007244864
0.8360000000000006,0.2583308427596238,-0.07341444390531116,1.6613178038767917,0.24089753526951235,-0.0730729833318539,1.6609761099930531,0.24089753526951235,-0.0730729833318539,1.6609761099930531,5.0,0.0,0.0,6.139530233634396,0.1023255038939066
0.8370000000000006,0.25835911175022147,-0.07341660950524359,1.6613204799322847,0.24089753526951235,-0.0730729833318539,1.6609761099930531,0.24089753526951235,-0.0730729833318539,1.6609761099930531,5.0,0.0,0.0,6.139541432102234,0.10232569053503723
0.8380000000000006,0.2583871873559077,-0.07341873210965269,1.6613231071063148,0.24089753526951235,-0.0730729833318539,1.6609761099930531,0.24089753526951235,-0.0730729833318539,1.6609761099930531,5.0,0.0,0.0,6.139549818636732,0.10232583031061221
0.8390000000000006,0.2584150701051527,-0.07342081195350394,1.6613256856548588,0.24089753526951235,-0.0730729833318539,1.6609761099930531,0.24089753526951235,-0.0730729833318539,1.6609761099930531,5.0,0.0,0.0,6.139555412243075,0.10232592353738458
0.8400000000000006,0.25844276053213433,-0.0734228492738603,1.6613282158362985,0.24089753526951235,-0.0730729833318539,1.6609761099930531,0.24089753526951235,-0.0730729833318539,1.6609761099930531,5.0,0.0,0.0,6.139558232041858,0.10232597053403096
0.8410000000000006,0.25847025917665456,-0.07342484430982063,1.6613306979113531,0.24089753526951235,-0.0730729833318539,1.6609761099930531,0.24089753526951235,-0.0730729833318539,1.6609761099930531,5.0,0.0,0.0,6.139558297265184,0.1023259716210864
0.8420000000000006,0.2584975665840562,-0.07342679730245576,1.6613331321430094,0.24089753526951235,-0.0730729833318539,1.6609761099930531,0.24089753526951235,-0.0730729833318539,1.6609761099930531,5.0,0.0,0.0,6.139555627252933,0.10232592712088222
0.8430000000000006,0.25852468330513956,-0.0734287084947483,1.6613355187964565,0.24089753526951235,-0.0730729833318539,1.6609761099930531,0.24089753526951235,-0.0730729833318539,1.6609761099930531,5.0,0.0,0.0,6.139550241449141,0.1023258373574857
0.8440000000000006,0.25855160989607917,-0.07343057813153134,1.6613378581390184,0.24089753526951235,-0.0730729833318539,1.6609761099930531,0.24089753526951235,-0.0730729833318539,1.6609761099930531,5.0,0.0,0.0,6.13954215939817,0.10232570265663617
0.8450000000000006,0.2585783469183415,-0.07343240645942853,1.6613401504400882,0.24089753526951235,-0.0730729833318539,1.6609761099930531,0.24089753526951235,-0.0730729833318539,1.6609761099930531,5.0,0.0,0.0,6.13953140074117,0.10232552334568616
0.8460000000000006,0.2586048949386024,-0.07343419372679563,1.6613423959710651,0.24089753526951235,-0.0730729833318539,1.6609761099930531,0.24089753526951235,-0.0730729833318539,1.6609761099930531,5.0,0.0,0.0,6.139517985212605,0.10232529975354342
0.8470000000000006,0.258631254528665,-0.07343594018366124,1.6613445950052872,0.24089753526951235,-0.0730729833318539,1.6609761099930531,0.24089753526951235,-0.0730729833318539,1.6609761099930531,5.0,0.0,0.0,6.139501932636582,0.1023250322106097
0.8480000000000006,0.25865742626537835,-0.07343764608166936,1.6613467478179729,0.24089753526951235,-0.0730729833318539,1.6609761099930531,0.24089753526951235,-0.0730729833318539,1.6609761099930531,5.0,0.0,0.0,6.13948326292382,0.10232472104873033
0.8490000000000006,0.25868341073055495,-0.07343931167402273,1.6613488546861535,0.24089753526951235,-0.0730729833318539,1.6609761099930531,0.24089753526951235,-0.0730729833318539,1.6609761099930531,5.0,0.0,0.0,6.139461996067027,0.10232436660111711
0.8500000000000006,0.258709208510891,-0.07344093721542574,1.661350915888615,0.24089753526951235,-0.0730729833318539,1.6609761099930531,0.24089753526951235,-0.0730729833318539,1.6609761099930531,5.0,0.0,0.0,6.139438152138737,0.10232396920231229
0.8510000000000006,0.2587348201978844,-0.07344252296202974,1.6613529317058364,0.24089753526951235,-0.0730729833318539,1.6609761099930531,0.24089753526951235,-0.0730729833318539,1.6609761099930531,5.0,0.0,0.0,6.139411751287449,0.10232352918812415
0.8520000000000006,0.2587602463877551,-0.07344406917137856,1.661354902419929,0.24089753526951235,-0.0730729833318539,1.6609761099930531,0.24089753526951235,-0.0730729833318539,1.6609761099930531,5.0,0.0,0.0,6.1393828137338495,0.10232304689556417
0.8530000000000006,0.25878548768136417,-0.07344557610235312,1.6613568283145774,0.24089753526951235,-0.0730729833318539,1.6609761099930531,0.24089753526951235,-0.0730729833318539,1.6609761099930531,5.0,0.0,0.0,6.139351359768277,0.10232252266280462
0.8540000000000006,0.2588105446841356,-0.07344704401511903,1.6613587096749827,0.24089753526951235,-0.0730729833318539,1.6609761099930531,0.24089753526951235,-0.0730729833318539,1.6609761099930531,5.0,0.0,0.0,6.139317409746784,0.10232195682911308
0.8550000000000006,0.25883541800597465,-0.07344847317107424,1.6613605467877997,0.24089753526951235,-0.0730729833318539,1.6609761099930531,0.24089753526951235,-0.0730729833318539,1.6609761099930531,5.0,0.0,0.0,6.139280984088224,0.10232134973480372
0.8560000000000006,0.2588601082611909,-0.0734498638327953,1.6613623399410875,0.24089753526951235,-0.0730729833318539,1.6609761099930531,0.24089753526951235,-0.0730729833318539,1.6609761099930531,5.0,0.0,0.0,6.13924210327121,0.10232070172118683
0.8570000000000007,0.25888461606841734,-0.07345121626398823,1.6613640894242445,0.24089753526951235,-0.0730729833318539,1.6609761099930531,0.24089753526951235,-0.0730729833318539,1.6609761099930531,5.0,0.0,0.0,6.139200787830199,0.10232001313050332
0.8580000000000007,0.2589089420505346,-0.07345253072943694,1.6613657955279597,0.24089753526951235,-0.0730729833318539,1.6609761099930531,0.24089753526951235,-0.0730729833318539,1.6609761099930531,5.0,0.0,0.0,6.139157058353458,0.10231928430589096
0.8590000000000007,0.258933086834591,-0.07345380749495299,1.661367458544154,0.24089753526951235,-0.0730729833318539,1.6609761099930531,0.24089753526951235,-0.0730729833318539,1.6609761099930531,5.0,0.0,0.0,6.139110935478998,0.10231851559131663
0.8600000000000007,0.2589570510517252,-0.073455046827327,1.661369078765929,0.24089753526951235,-0.0730729833318539,1.6609761099930531,0.24089753526951235,-0.0730729833318539,1.6609761099930531,5.0,0.0,0.0,6.139062439892233,0.10231770733153721
0.8610000000000007,0.25898083533709015,-0.07345624899427952,1.6613706564875086,0.24089753526951235,-0.0730729833318539,1.6609761099930531,0.24089753526951235,-0.0730729833318539,1.6609761099930531,5.0,0.0,0.0,6.139011592322255,0.10231685987203759
0.8620000000000007,0.2590044403297751,-0.07345741426441382,1.6613721920041935,0.24089753526951235,-0.0730729833318539,1.6609761099930531,0.24089753526951235,-0.0730729833318539,1.6609761099930531,5.0,0.0,0.0,6.138958413539746,0.10231597355899577
0.8630000000000007,0.2590278666727291,-0.07345854290716824,1.661373685612301,0.24089753526951235,-0.0730729833318539,1.6609761099930531,0.24089753526951235,-0.0730729833318539,1.6609761099930531,5.0,0.0,0.0,6.138902924352699,0.10231504873921166
0.8640000000000007,0.2590511150126861,-0.07345963519276931,1.6613751376091208,0.24089753526951235,-0.0730729833318539,1.6609761099930531,0.24089753526951235,-0.0730729833318539,1.6609761099930531,5.0,0.0,0.0,6.138845145605331,0.10231408576008885
0.8650000000000007,0.25907418600008725,-0.07346069139218675,1.6613765482928604,0.24089753526951235,-0.0730729833318539,1.6609761099930531,0.24089753526951235,-0.0730729833318539,1.6609761099930531,5.0,0.0,0.0,6.1387850981733445,0.10231308496955574
0.8660000000000007,0.2590970802890086,-0.07346171177708735,1.6613779179625952,0.24089753526951235,-0.0730729833318539,1.6609761099930531,0.24089753526951235,-0.0730729833318539,1.6609761099930531,5.0,0.0,0.0,6.138722802962304,0.1023120467160384
0.8670000000000007,0.25911979853708283,-0.07346269661979055,1.6613792469182216,0.24089753526951235,-0.0730729833318539,1.6609761099930531,0.24089753526951235,-0.0730729833318539,1.6609761099930531,5.0,0.0,0.0,6.138658280904736,0.10231097134841227
0.8680000000000007,0.2591423414054276,-0.07346364619322474,1.6613805354604056,0.24089753526951235,-0.0730729833318539,1.6609761099930531,0.24089753526951235,-0.0730729833318539,1.6609761099930531,5.0,0.0,0.0,6.138591552956463,0.10230985921594105
0.8690000000000007,0.2591647095585697,-0.0734645607708838,1.6613817838905376,0.24089753526951235,-0.0730729833318539,1.6609761099930531,0.24089753526951235,-0.0730729833318539,1.6609761099930531,5.0,0.0,0.0,6.138522640094898,0.1023087106682483
0.8700000000000007,0.25918690366437236,-0.07346544062678471,1.6613829925106827,0.24089753526951235,-0.0730729833318539,1.6609761099930531,0.24089753526951235,-0.0730729833318539,1.6609761099930531,5.0,0.0,0.0,6.138451563315794,0.10230752605526323
0.8710000000000007,0.25920892439396126,-0.07346628603542392,1.661384161623536,0.24089753526951235,-0.0730729833318539,1.6609761099930531,0.24089753526951235,-0.0730729833318539,1.6609761099930531,5.0,0.0,0.0,6.138378343630718,0.10230630572717864
0.8720000000000007,0.25923077242165304,-0.07346709727173834,1.6613852915323752,0.24089753526951235,-0.0730729833318539,1.6609761099930531,0.24089753526951235,-0.0730729833318539,1.6609761099930531,5.0,0.0,0.0,6.1383030020640925,0.10230505003440155
0.8730000000000007,0.2592524484248814,-0.07346787461106233,1.6613863825410162,0.24089753526951235,-0.0730729833318539,1.6609761099930531,0.24089753526951235,-0.0730729833318539,1.6609761099930531,5.0,0.0,0.0,6.138225559651753,0.1023037593275292
0.8740000000000007,0.2592739530841257,-0.07346861832908855,1.6613874349537692,0.24089753526951235,-0.0730729833318539,1.6609761099930531,0.24089753526951235,-0.0730729833318539,1.6609761099930531,5.0,0.0,0.0,6.138146037436884,0.10230243395728139
0.8750000000000007,0.2592952870828403,-0.07346932870182792,1.6613884490753927,0.24089753526951235,-0.0730729833318539,1.6609761099930531,0.24089753526951235,-0.0730729833318539,1.6609761099930531,5.0,0.0,0.0,6.138064456467989,0.10230107427446648
0.8760000000000007,0.25931645110738166,-0.07347000600557128,1.6613894252110522,0.24089753526951235,-0.0730729833318539,1.6609761099930531,0.24089753526951235,-0.0730729833318539,1.6609761099930531,5.0,0.0,0.0,6.137980837797008,0.10229968062995014
0.8770000000000007,0.2593374458469393,-0.07347065051684928,1.6613903636662757,0.24089753526951235,-0.0730729833318539,1.6609761099930531,0.24089753526951235,-0.0730729833318539,1.6609761099930531,5.0,0.0,0.0,6.137895202475994,0.1022982533745999
0.8780000000000007,0.2593582719934651,-0.07347126251239675,1.6613912647469138,0.24089753526951235,-0.0730729833318539,1.6609761099930531,0.24089753526951235,-0.0730729833318539,1.6609761099930531,5.0,0.0,0.0,6.137807571555484,0.10229679285925806
0.8790000000000007,0.25937893024160374,-0.0734718422691134,1.6613921287590971,0.24089753526951235,-0.0730729833318539,1.6609761099930531,0.24089753526951235,-0.0730729833318539,1.6609761099930531,5.0,0.0,0.0,6.137717966081434,0.10229529943469057
0.8800000000000007,0.259399421288621,-0.07347239006402821,1.6613929560091916,0.24089753526951235,-0.0730729833318539,1.6609761099930531,0.24089753526951235,-0.0730729833318539,1.6609761099930531,5.0,0.0,0.0,6.137626407093798,0.10229377345156329
0.8810000000000007,0.25941974583433924,-0.07347290617426279,1.661393746803766,0.24089753526951235,-0.0730729833318539,1.6609761099930531,0.24089753526951235,-0.0730729833318539,1.6609761099930531,5.0,0.0,0.0,6.137532915621549,0.10229221526035914
0.8820000000000007,0.2594399045810656,-0.07347339087699681,1.6613945014495481,0.24089753526951235,-0.0730729833318539,1.6609761099930531,0.24089753526951235,-0.0730729833318539,1.6609761099930531,5.0,0.0,0.0,6.137437512684269,0.10229062521140447
0.8830000000000007,0.25945989823352533,-0.07347384444943164,1.6613952202533837,0.24089753526951235,-0.0730729833318539,1.6609761099930531,0.24089753526951235,-0.0730729833318539,1.6609761099930531,5.0,0.0,0.0,6.137340219287364,0.1022890036547894
0.8840000000000007,0.25947972749879306,-0.07347426716875641,1.6613959035222028,0.24089753526951235,-0.0730729833318539,1.6609761099930531,0.24089753526951235,-0.0730729833318539,1.6609761099930531,5.0,0.0,0.0,6.1372410564207645,0.10228735094034608
0.8850000000000007,0.2594993930862276,-0.0734746593121148,1.6613965515629772,0.24089753526951235,-0.0730729833318539,1.6609761099930531,0.24089753526951235,-0.0730729833318539,1.6609761099930531,5.0,0.0,0.0,6.137140045055656,0.10228566741759426
0.8860000000000007,0.25951889570740344,-0.07347502115657072,1.6613971646826864,0.24089753526951235,-0.0730729833318539,1.6609761099930531,0.24089753526951235,-0.0730729833318539,1.6609761099930531,5.0,0.0,0.0,6.137037206143652,0.10228395343572753
0.8870000000000007,0.25953823607604587,-0.07347535297907598,1.6613977431882798,0.24089753526951235,-0.0730729833318539,1.6609761099930531,0.24089753526951235,-0.0730729833318539,1.6609761099930531,5.0,0.0,0.0,6.136932560613669,0.10228220934356115
0.8880000000000007,0.25955741490796475,-0.07347565505643783,1.6613982873866406,0.24089753526951235,-0.0730729833318539,1.6609761099930531,0.24089753526951235,-0.0730729833318539,1.6609761099930531,5.0,0.0,0.0,6.136826129370389,0.10228043548950648
0.8890000000000007,0.2595764329209891,-0.07347592766528821,1.6613987975845512,0.24089753526951235,-0.0730729833318539,1.6609761099930531,0.24089753526951235,-0.0730729833318539,1.6609761099930531,5.0,0.0,0.0,6.136717933292047,0.10227863222153412
0.8900000000000007,0.25959529083490174,-0.07347617108205066,1.6613992740886558,0.24089753526951235,-0.0730729833318539,1.6609761099930531,0.24089753526951235,-0.0730729833318539,1.6609761099930531,5.0,0.0,0.0,6.13660799322802,0.10227679988713367
0.8910000000000007,0.25961398937137736,-0.07347638558291116,1.66139971720543,0.24089753526951235,-0.0730729833318539,1.6609761099930531,0.24089753526951235,-0.0730729833318539,1.6609761099930531,5.0,0.0,0.0,6.136496329997422,0.10227493883329036
0.8920000000000007,0.2596325292539154,-0.07347657144378791,1.6614001272411418,0.24089753526951235,-0.0730729833318539,1.6609761099930531,0.24089753526951235,-0.0730729833318539,1.6609761099930531,5.0,0.0,0.0,6.136382964386526,0.10227304940644211
0.8930000000000007,0.2596509112077786,-0.07347672894030041,1.661400504501823,0.24089753526951235,-0.0730729833318539,1.6609761099930531,0.24089753526951235,-0.0730729833318539,1.6609761099930531,5.0,0.0,0.0,6.136267917147458,0.10227113195245763
0.8940000000000007,0.2596691359599304,-0.07347685834774237,1.661400849293235,0.24089753526951235,-0.0730729833318539,1.6609761099930531,0.24089753526951235,-0.0730729833318539,1.6609761099930531,5.0,0.0,0.0,6.136151208995601,0.10226918681659335
0.8950000000000007,0.2596872042389709,-0.07347695994105172,1.6614011619208349,0.24089753526951235,-0.0730729833318539,1.6609761099930531,0.24089753526951235,-0.0730729833318539,1.6609761099930531,5.0,0.0,0.0,6.1360328606079975,0.10226721434346663
0.8960000000000007,0.25970511677507585,-0.07347703399478214,1.6614014426897465,0.24089753526951235,-0.0730729833318539,1.6609761099930531,0.24089753526951235,-0.0730729833318539,1.6609761099930531,5.0,0.0,0.0,6.135912892621871,0.10226521487703118
0.8970000000000007,0.2597228742999357,-0.07347708078307637,1.6614016919047268,0.24089753526951235,-0.0730729833318539,1.6609761099930531,0.24089753526951235,-0.0730729833318539,1.6609761099930531,5.0,0.0,0.0,6.135791325632062,0.10226318876053436
0.8980000000000007,0.25974047754669255,-0.07347710057963922,1.6614019098701365,0.24089753526951235,-0.0730729833318539,1.6609761099930531,0.24089753526951235,-0.0730729833318539,1.6609761099930531,5.0,0.0,0.0,6.13566818018963,0.10226113633649384
0.8990000000000007,0.25975792724988217,-0.07347709365770978,1.66140209688991,0.24089753526951235,-0.0730729833318539,1.6609761099930531,0.24089753526951235,-0.0730729833318539,1.6609761099930531,5.0,0.0,0.0,6.1355434768003505,0.1022590579466725
0.9000000000000007,0.259775224145372,-0.0734770602900362,1.6614022532675263,0.24089753526951235,-0.0730729833318539,1.6609761099930531,0.24089753526951235,-0.0730729833318539,1.6609761099930531,5.0,0.0,0.0,6.135417235922491,0.10225695393204151
0.9010000000000007,0.2597923689703021,-0.07347700074885005,1.6614023793059791,0.24089753526951235,-0.0730729833318539,1.6609761099930531,0.24089753526951235,-0.0730729833318539,1.6609761099930531,5.0,0.0,0.0,6.135289477965102,0.1022548246327517
0.9020000000000007,0.25980936246302644,-0.07347691530584048,1.661402475307749,0.24089753526951235,-0.0730729833318539,1.6609761099930531,0.24089753526951235,-0.0730729833318539,1.6609761099930531,5.0,0.0,0.0,6.135160223286535,0.10225267038810891
0.9030000000000007,0.2598262053630535,-0.07347680423212957,1.6614025415747729,0.24089753526951235,-0.0730729833318539,1.6609761099930531,0.24089753526951235,-0.0730729833318539,1.6609761099930531,5.0,0.0,0.0,6.135029492192761,0.10225049153654601
0.9040000000000007,0.2598428984109883,-0.07347666779824912,1.661402578408421,0.24089753526951235,-0.0730729833318539,1.6609761099930531,0.24089753526951235,-0.0730729833318539,1.6609761099930531,5.0,0.0,0.0,6.134897304936179,0.10224828841560299
0.9050000000000007,0.2598594423484753,-0.07347650627411462,1.6614025861094672,0.24089753526951235,-0.0730729833318539,1.6609761099930531,0.24089753526951235,-0.0730729833318539,1.6609761099930531,5.0,0.0,0.0,6.134763681712844,0.10224606136188073
0.9060000000000007,0.25987583791813984,-0.07347631992900475,1.6614025649780606,0.24089753526951235,-0.0730729833318539,1.6609761099930531,0.24089753526951235,-0.0730729833318539,1.6609761099930531,5.0,0.0,0.0,6.134628642661913,0.10224381071103189
0.9070000000000007,0.25989208586353324,-0.07347610903153579,1.661402515313703,0.24089753526951235,-0.0730729833318539,1.6609761099930531,0.24089753526951235,-0.0730729833318539,1.6609761099930531,5.0,0.0,0.0,6.134492207863918,0.10224153679773197
0.9080000000000007,0.2599081869290747,-0.0734758738496407,1.661402437415222,0.24089753526951235,-0.0730729833318539,1.6609761099930531,0.24089753526951235,-0.0730729833318539,1.6609761099930531,5.0,0.0,0.0,6.134354397338862,0.10223923995564771
0.9090000000000007,0.25992414185999646,-0.0734756146505465,1.6614023315807442,0.24089753526951235,-0.0730729833318539,1.6609761099930531,0.24089753526951235,-0.0730729833318539,1.6609761099930531,5.0,0.0,0.0,6.13421523104497,0.10223692051741616
0.9100000000000007,0.2599399514022891,-0.07347533170075321,1.6614021981076736,0.24089753526951235,-0.0730729833318539,1.6609761099930531,0.24089753526951235,-0.0730729833318539,1.6609761099930531,5.0,0.0,0.0,6.134074728877691,0.10223457881462818
0.9110000000000007,0.25995561630264474,-0.07347502526601161,1.6614020372926657,0.24089753526951235,-0.0730729833318539,1.6609761099930531,0.24089753526951235,-0.0730729833318539,1.6609761099930531,5.0,0.0,0.0,6.133932910667382,0.1022322151777897
0.9120000000000007,0.25997113730840454,-0.0734746956113036,1.6614018494316027,0.24089753526951235,-0.0730729833318539,1.6609761099930531,0.24089753526951235,-0.0730729833318539,1.6609761099930531,5.0,0.0,0.0,6.133789796178181,0.10222982993630302
0.9130000000000007,0.2599865151675046,-0.07347434300082159,1.6614016348195726,0.24089753526951235,-0.0730729833318539,1.6609761099930531,0.24089753526951235,-0.0730729833318539,1.6609761099930531,5.0,0.0,0.0,6.13364540510719,0.10222742341845317
0.9140000000000007,0.26000175062842096,-0.07347396769794776,1.661401393750844,0.24089753526951235,-0.0730729833318539,1.6609761099930531,0.24089753526951235,-0.0730729833318539,1.6609761099930531,5.0,0.0,0.0,6.133499757082438,0.10222499595137396
0.9150000000000007,0.26001684444011924,-0.07347356996523596,1.661401126518847,0.24089753526951235,-0.0730729833318539,1.6609761099930531,0.24089753526951235,-0.0730729833318539,1.6609761099930531,5.0,0.0,0.0,6.133352871661762,0.10222254786102937
0.9160000000000007,0.26003179735199977,-0.07347315006439163,1.661400833416147,0.24089753526951235,-0.0730729833318539,1.6609761099930531,0.24089753526951235,-0.0730729833318539,1.6609761099930531,5.0,0.0,0.0,6.133204768331536,0.10222007947219228
0.9170000000000007,0.2600466101138472,-0.07347270825625296,1.6614005147344268,0.24089753526951235,-0.0730729833318539,1.6609761099930531,0.24089753526951235,-0.0730729833318539,1.6609761099930531,5.0,0.0,0.0,6.133055466505629,0.10221759110842715
0.9180000000000007,0.2600612834757787,-0.07347224480077363,1.6614001707644643,0.24089753526951235,-0.0730729833318539,1.6609761099930531,0.24089753526951235,-0.0730729833318539,1.6609761099930531,5.0,0.0,0.0,6.132904985523494,0.10221508309205823
0.9190000000000007,0.26007581818819264,-0.07347175995700372,1.6613998017961107,0.24089753526951235,-0.0730729833318539,1.6609761099930531,0.24089753526951235,-0.0730729833318539,1.6609761099930531,5.0,0.0,0.0,6.1327533446495375,0.10221255574415895
0.9200000000000007,0.26009021500171814,-0.0734712539830734,1.661399408118272,0.24089753526951235,-0.0730729833318539,1.6609761099930531,0.24089753526951235,-0.0730729833318539,1.6609761099930531,5.0,0.0,0.0,6.132600563071893,0.10221000938453155
0.9210000000000007,0.26010447466716524,-0.07347072713617461,1.6613989900188884,0.24089753526951235,-0.0730729833318539,1.6609761099930531,0.24089753526951235,-0.0730729833318539,1.6609761099930531,5.0,0.0,0.0,6.1324466599007135,0.10220744433167855
0.9220000000000007,0.26011859793547526,-0.07347017967254521,1.661398547784916,0.24089753526951235,-0.0730729833318539,1.6609761099930531,0.24089753526951235,-0.0730729833318539,1.6609761099930531,5.0,0.0,0.0,6.132291654167452,0.10220486090279086
0.9230000000000007,0.2601325855576717,-0.07346961184745222,1.6613980817023055,0.24089753526951235,-0.0730729833318539,1.6609761099930531,0.24089753526951235,-0.0730729833318539,1.6609761099930531,5.0,0.0,0.0,6.132135564823741,0.10220225941372901
0.9240000000000007,0.260146438284812,-0.07346902391517604,1.6613975920559854,0.24089753526951235,-0.0730729833318539,1.6609761099930531,0.24089753526951235,-0.0730729833318539,1.6609761099930531,5.0,0.0,0.0,6.131978410740279,0.10219964017900465
0.9250000000000007,0.26016015686793803,-0.07346841612899449,1.6613970791298445,0.24089753526951235,-0.0730729833318539,1.6609761099930531,0.24089753526951235,-0.0730729833318539,1.6609761099930531,5.0,0.0,0.0,6.1318202107056194,0.10219700351176032
0.9260000000000007,0.2601737420580319,-0.0734677887411685,1.6613965432067135,0.24089753526951235,-0.0730729833318539,1.6609761099930531,0.24089753526951235,-0.0730729833318539,1.6609761099930531,5.0,0.0,0.0,6.131660983424737,0.10219434972374562
0.9270000000000007,0.2601871946059635,-0.0734671420029257,1.6613959845683457,0.24089753526951235,-0.0730729833318539,1.6609761099930531,0.24089753526951235,-0.0730729833318539,1.6609761099930531,5.0,0.0,0.0,6.131500747518642,0.1021916791253107
0.9280000000000007,0.2602005152624485,-0.0734664761644475,1.6613954034954026,0.24089753526951235,-0.0730729833318539,1.6609761099930531,0.24089753526951235,-0.0730729833318539,1.6609761099930531,5.0,0.0,0.0,6.131339521523112,0.1021889920253852
0.9290000000000007,0.26021370477799977,-0.07346579147485321,1.661394800267437,0.24089753526951235,-0.0730729833318539,1.6609761099930531,0.24089753526951235,-0.0730729833318539,1.6609761099930531,5.0,0.0,0.0,6.1311773238878695,0.10218628873146449
0.9300000000000007,0.2602267639028827,-0.0734650881821881,1.661394175162876,0.24089753526951235,-0.0730729833318539,1.6609761099930531,0.24089753526951235,-0.0730729833318539,1.6609761099930531,5.0,0.0,0.0,6.131014172975052,0.1021835695495842
0.9310000000000007,0.2602396933870686,-0.07346436653340856,1.661393528459004,0.24089753526951235,-0.0730729833318539,1.6609761099930531,0.24089753526951235,-0.0730729833318539,1.6609761099930531,5.0,0.0,0.0,6.130850087058766,0.10218083478431277
0.9320000000000007,0.2602524939801914,-0.07346362677436954,1.6613928604319506,0.24089753526951235,-0.0730729833318539,1.6609761099930531,0.24089753526951235,-0.0730729833318539,1.6609761099930531,5.0,0.0,0.0,6.130685084324545,0.10217808473874242
0.9330000000000007,0.2602651664315022,-0.0734628691498108,1.6613921713566726,0.24089753526951235,-0.0730729833318539,1.6609761099930531,0.24089753526951235,-0.0730729833318539,1.6609761099930531,5.0,0.0,0.0,6.13051918286721,0.1021753197144535
0.9340000000000007,0.26027771148982687,-0.07346209390334657,1.6613914615069405,0.24089753526951235,-0.0730729833318539,1.6609761099930531,0.24089753526951235,-0.0730729833318539,1.6609761099930531,5.0,0.0,0.0,6.13035240069108,0.102172540011518
0.9350000000000007,0.2602901299035204,-0.07346130127745096,1.661390731155324,0.24089753526951235,-0.0730729833318539,1.6609761099930531,0.24089753526951235,-0.0730729833318539,1.6609761099930531,5.0,0.0,0.0,6.1301847557086155,0.10216974592847693
0.9360000000000007,0.26030242242042534,-0.07346049151344783,1.661389980573178,0.24089753526951235,-0.0730729833318539,1.6609761099930531,0.24089753526951235,-0.0730729833318539,1.6609761099930531,5.0,0.0,0.0,6.130016265739123,0.10216693776231871
0.9370000000000007,0.2603145897878306,-0.07345966485149844,1.6613892100306298,0.24089753526951235,-0.0730729833318539,1.6609761099930531,0.24089753526951235,-0.0730729833318539,1.6609761099930531,5.0,0.0,0.0,6.12984694851078,0.10216411580851299
0.9380000000000007,0.2603266327524265,-0.07345882153059073,1.6613884197965634,0.24089753526951235,-0.0730729833318539,1.6609761099930531,0.24089753526951235,-0.0730729833318539,1.6609761099930531,5.0,0.0,0.0,6.129676821655442,0.10216128036092403
0.9390000000000007,0.2603385520602651,-0.0734579617885282,1.661387610138609,0.24089753526951235,-0.0730729833318539,1.6609761099930531,0.24089753526951235,-0.0730729833318539,1.6609761099930531,5.0,0.0,0.0,6.129505902710461,0.10215843171184101
0.9400000000000007,0.2603503484567201,-0.07345708586191928,1.6613867813231291,0.24089753526951235,-0.0730729833318539,1.6609761099930531,0.24089753526951235,-0.0730729833318539,1.6609761099930531,5.0,0.0,0.0,6.129334209117594,0.1021555701519599
0.9410000000000007,0.26036202268644404,-0.07345619398616741,1.6613859336152073,0.24089753526951235,-0.0730729833318539,1.6609761099930531,0.24089753526951235,-0.0730729833318539,1.6609761099930531,5.0,0.0,0.0,6.1291617582222955,0.10215269597037159
0.9420000000000007,0.2603735754933285,-0.07345528639546077,1.6613850672786346,0.24089753526951235,-0.0730729833318539,1.6609761099930531,0.24089753526951235,-0.0730729833318539,1.6609761099930531,5.0,0.0,0.0,6.12898856727283,0.10214980945454717
0.9430000000000007,0.26038500762046657,-0.07345436332276319,1.6613841825759015,0.24089753526951235,-0.0730729833318539,1.6609761099930531,0.24089753526951235,-0.0730729833318539,1.6609761099930531,5.0,0.0,0.0,6.128814653419597,0.10214691089032661
0.9440000000000007,0.26039631981011097,-0.07345342499980385,1.66138327976818,0.24089753526951235,-0.0730729833318539,1.6609761099930531,0.24089753526951235,-0.0730729833318539,1.6609761099930531,5.0,0.0,0.0,6.128640033714216,0.1021440005619036
0.9450000000000007,0.26040751280363683,-0.07345247165706908,1.6613823591153207,0.24089753526951235,-0.0730729833318539,1.6609761099930531,0.24089753526951235,-0.0730729833318539,1.6609761099930531,5.0,0.0,0.0,6.128464725110034,0.10214107875183391
0.9460000000000007,0.2604185873415028,-0.07345150352379304,1.6613814208758362,0.24089753526951235,-0.0730729833318539,1.6609761099930531,0.24089753526951235,-0.0730729833318539,1.6609761099930531,5.0,0.0,0.0,6.1282887444595815,0.10213814574099303
0.9470000000000007,0.2604295441632134,-0.07345052082794945,1.6613804653068922,0.24089753526951235,-0.0730729833318539,1.6609761099930531,0.24089753526951235,-0.0730729833318539,1.6609761099930531,5.0,0.0,0.0,6.128112108515591,0.10213520180859319
0.9480000000000007,0.26044038400728164,-0.07344952379624367,1.6613794926643006,0.24089753526951235,-0.0730729833318539,1.6609761099930531,0.24089753526951235,-0.0730729833318539,1.6609761099930531,5.0,0.0,0.0,6.127934833929773,0.10213224723216288
0.9490000000000007,0.2604511076111916,-0.07344851265410438,1.6613785032025055,0.24089753526951235,-0.0730729833318539,1.6609761099930531,0.24089753526951235,-0.0730729833318539,1.6609761099930531,5.0,0.0,0.0,6.127756937251801,0.10212928228753002
0.9500000000000007,0.2604617157113629,-0.0734474876256759,1.6613774971745758,0.24089753526951235,-0.0730729833318539,1.6609761099930531,0.24089753526951235,-0.0730729833318539,1.6609761099930531,5.0,0.0,0.0,6.127578434929837,0.10212630724883061
0.9510000000000007,0.26047220904311325,-0.07344644893381072,1.661376474832196,0.24089753526951235,-0.0730729833318539,1.6609761099930531,0.24089753526951235,-0.0730729833318539,1.6609761099930531,5.0,0.0,0.0,6.127399343308832,0.10212332238848053
0.9520000000000007,0.2604825883406246,-0.07344539680006282,1.6613754364256583,0.24089753526951235,-0.0730729833318539,1.6609761099930531,0.24089753526951235,-0.0730729833318539,1.6609761099930531,5.0,0.0,0.0,6.127219678630879,0.10212032797718132
0.9530000000000007,0.2604928543369055,-0.07344433144468074,1.66137438220385,0.24089753526951235,-0.0730729833318539,1.6609761099930531,0.24089753526951235,-0.0730729833318539,1.6609761099930531,5.0,0.0,0.0,6.127039457034375,0.10211732428390624
0.9540000000000007,0.2605030077637605,-0.0734432530866005,1.6613733124142547,0.24089753526951235,-0.0730729833318539,1.6609761099930531,0.24089753526951235,-0.0730729833318539,1.6609761099930531,5.0,0.0,0.0,6.126858694553789,0.10211431157589648
0.9550000000000007,0.26051304935174985,-0.0734421619434394,1.6613722273029303,0.24089753526951235,-0.0730729833318539,1.6609761099930531,0.24089753526951235,-0.0730729833318539,1.6609761099930531,5.0,0.0,0.0,6.126677407117764,0.1021112901186294
0.9560000000000007,0.26052297983016065,-0.07344105823149032,1.6613711271145128,0.24089753526951235,-0.0730729833318539,1.6609761099930531,0.24089753526951235,-0.0730729833318539,1.6609761099930531,5.0,0.0,0.0,6.1264956105514194,0.10210826017585699
0.9570000000000007,0.26053279992697265,-0.07343994216571581,1.6613700120922066,0.24089753526951235,-0.0730729833318539,1.6609761099930531,0.24089753526951235,-0.0730729833318539,1.6609761099930531,5.0,0.0,0.0,6.126313320573786,0.1021052220095631
0.9580000000000007,0.2605425103688233,-0.07343881395974158,1.661368882477774,0.24089753526951235,-0.0730729833318539,1.6609761099930531,0.24089753526951235,-0.0730729833318539,1.6609761099930531,5.0,0.0,0.0,6.126130552797407,0.10210217587995678
0.9590000000000007,0.26055211188097627,-0.07343767382585269,1.6613677385115309,0.24089753526951235,-0.0730729833318539,1.6609761099930531,0.24089753526951235,-0.0730729833318539,1.6609761099930531,5.0,0.0,0.0,6.125947322729026,0.10209912204548376
0.9600000000000007,0.2605616051872896,-0.07343652197498707,1.661366580432339,0.24089753526951235,-0.0730729833318539,1.6609761099930531,0.24089753526951235,-0.0730729833318539,1.6609761099930531,5.0,0.0,0.0,6.125763645768456,0.1020960607628076
0.9610000000000007,0.2605709910101843,-0.07343535861673105,1.6613654084776004,0.24089753526951235,-0.0730729833318539,1.6609761099930531,0.24089753526951235,-0.0730729833318539,1.6609761099930531,5.0,0.0,0.0,6.125579537208913,0.10209299228681522
0.9620000000000007,0.2605802700706117,-0.07343418395931536,1.6613642228832526,0.24089753526951235,-0.0730729833318539,1.6609761099930531,0.24089753526951235,-0.0730729833318539,1.6609761099930531,5.0,0.0,0.0,6.1253950122357566,0.10208991687059595
0.9630000000000007,0.260589443088024,-0.07343299820960968,1.6613630238837591,0.24089753526951235,-0.0730729833318539,1.6609761099930531,0.24089753526951235,-0.0730729833318539,1.6609761099930531,5.0,0.0,0.0,6.125210085926611,0.10208683476544352
0.9640000000000007,0.2605985107803436,-0.07343180157311906,1.6613618117121085,0.24089753526951235,-0.0730729833318539,1.6609761099930531,0.24089753526951235,-0.0730729833318539,1.6609761099930531,5.0,0.0,0.0,6.125024773251161,0.10208374622085267
0.9650000000000007,0.2606074738639322,-0.0734305942539798,1.6613605865998042,0.24089753526951235,-0.0730729833318539,1.6609761099930531,0.24089753526951235,-0.0730729833318539,1.6609761099930531,5.0,0.0,0.0,6.124839089070551,0.10208065148450918
0.9660000000000007,0.26061633305356263,-0.07342937645495544,1.6613593487768652,0.24089753526951235,-0.0730729833318539,1.6609761099930531,0.24089753526951235,-0.0730729833318539,1.6609761099930531,5.0,0.0,0.0,6.124653048137826,0.10207755080229709
0.9670000000000007,0.26062508906238846,-0.07342814837743394,1.6613580984718166,0.24089753526951235,-0.0730729833318539,1.6609761099930531,0.24089753526951235,-0.0730729833318539,1.6609761099930531,5.0,0.0,0.0,6.124466665096243,0.10207444441827071
0.9680000000000007,0.26063374260191596,-0.07342691022142372,1.6613568359116857,0.24089753526951235,-0.0730729833318539,1.6609761099930531,0.24089753526951235,-0.0730729833318539,1.6609761099930531,5.0,0.0,0.0,6.124279954480472,0.10207133257467453
0.9690000000000007,0.2606422943819762,-0.0734256621855505,1.6613555613219995,0.24089753526951235,-0.0730729833318539,1.6609761099930531,0.24089753526951235,-0.0730729833318539,1.6609761099930531,5.0,0.0,0.0,6.124092930715793,0.10206821551192989
0.9700000000000008,0.26065074511069575,-0.07342440446705469,1.6613542749267802,0.24089753526951235,-0.0730729833318539,1.6609761099930531,0.24089753526951235,-0.0730729833318539,1.6609761099930531,5.0,0.0,0.0,6.12390560811787,0.10206509346863117
0.9710000000000008,0.26065909549447036,-0.07342313726178863,1.6613529769485396,0.24089753526951235,-0.0730729833318539,1.6609761099930531,0.24089753526951235,-0.0730729833318539,1.6609761099930531,5.0,0.0,0.0,6.123718000892225,0.10206196668153708
0.9720000000000008,0.2606673462379382,-0.07342186076421428,1.661351667608278,0.24089753526951235,-0.0730729833318539,1.6609761099930531,0.24089753526951235,-0.0730729833318539,1.6609761099930531,5.0,0.0,0.0,6.123530123134629,0.10205883538557715
0.9730000000000008,0.2606754980439513,-0.07342057516740039,1.6613503471254787,0.24089753526951235,-0.0730729833318539,1.6609761099930531,0.24089753526951235,-0.0730729833318539,1.6609761099930531,5.0,0.0,0.0,6.123341988830478,0.1020556998138413
0.9740000000000008,0.26068355161355117,-0.07341928066302049,1.6613490157181057,0.24089753526951235,-0.0730729833318539,1.6609761099930531,0.24089753526951235,-0.0730729833318539,1.6609761099930531,5.0,0.0,0.0,6.123153611855031,0.10205256019758385
0.9750000000000008,0.26069150764594257,-0.07341797744135174,1.6613476736026007,0.24089753526951235,-0.0730729833318539,1.6609761099930531,0.24089753526951235,-0.0730729833318539,1.6609761099930531,5.0,0.0,0.0,6.122965005972771,0.10204941676621286
0.9760000000000008,0.2606993668384669,-0.07341666569127224,1.66134632099388,0.24089753526951235,-0.0730729833318539,1.6609761099930531,0.24089753526951235,-0.0730729833318539,1.6609761099930531,5.0,0.0,0.0,6.122776184837845,0.10204626974729741
0.9770000000000008,0.2607071298865788,-0.07341534560025989,1.661344958105334,0.24089753526951235,-0.0730729833318539,1.6609761099930531,0.24089753526951235,-0.0730729833318539,1.6609761099930531,5.0,0.0,0.0,6.122587161993595,0.10204311936655991
0.9780000000000008,0.2607147974838192,-0.07341401735439095,1.6613435851488196,0.24089753526951235,-0.0730729833318539,1.6609761099930531,0.24089753526951235,-0.0730729833318539,1.6609761099930531,5.0,0.0,0.0,6.122397950871907,0.10203996584786511
0.9790000000000008,0.26072237032179496,-0.07341268113833956,1.661342202334666,0.24089753526951235,-0.0730729833318539,1.6609761099930531,0.24089753526951235,-0.0730729833318539,1.6609761099930531,5.0,0.0,0.0,6.12220856479447,0.10203680941324117
0.9800000000000008,0.2607298490901505,-0.07341133713537529,1.6613408098716649,0.24089753526951235,-0.0730729833318539,1.6609761099930531,0.24089753526951235,-0.0730729833318539,1.6609761099930531,5.0,0.0,0.0,6.122019016971537,0.10203365028285895
0.9810000000000008,0.26073723447654645,-0.07340998552736366,1.6613394079670738,0.24089753526951235,-0.0730729833318539,1.6609761099930531,0.24089753526951235,-0.0730729833318539,1.6609761099930531,5.0,0.0,0.0,6.121829320502371,0.10203048867503953
0.9820000000000008,0.2607445271666367,-0.07340862649476457,1.6613379968266129,0.24089753526951235,-0.0730729833318539,1.6609761099930531,0.24089753526951235,-0.0730729833318539,1.6609761099930531,5.0,0.0,0.0,6.121639488374816,0.10202732480624693
0.9830000000000008,0.2607517278440456,-0.073407260216633,1.6613365766544639,0.24089753526951235,-0.0730729833318539,1.6609761099930531,0.24089753526951235,-0.0730729833318539,1.6609761099930531,5.0,0.0,0.0,6.121449533464742,0.10202415889107903
0.9840000000000008,0.26075883719034465,-0.07340588687061732,1.6613351476532687,0.24089753526951235,-0.0730729833318539,1.6609761099930531,0.24089753526951235,-0.0730729833318539,1.6609761099930531,5.0,0.0,0.0,6.121259468539675,0.10202099114232792
0.9850000000000008,0.26076585588503143,-0.07340450663295943,1.6613337100241283,0.24089753526951235,-0.0730729833318539,1.6609761099930531,0.24089753526951235,-0.0730729833318539,1.6609761099930531,5.0,0.0,0.0,6.121069306252887,0.10201782177088145
0.9860000000000008,0.26077278460550807,-0.07340311967849582,1.6613322639666033,0.24089753526951235,-0.0730729833318539,1.6609761099930531,0.24089753526951235,-0.0730729833318539,1.6609761099930531,5.0,0.0,0.0,6.12087905914743,0.10201465098579049
0.9870000000000008,0.26077962402705934,-0.07340172618065695,1.6613308096787107,0.24089753526951235,-0.0730729833318539,1.6609761099930531,0.24089753526951235,-0.0730729833318539,1.6609761099930531,5.0,0.0,0.0,6.12068873965475,0.10201147899424584
0.9880000000000008,0.2607863748228326,-0.07340032631146777,1.661329347356926,0.24089753526951235,-0.0730729833318539,1.6609761099930531,0.24089753526951235,-0.0730729833318539,1.6609761099930531,5.0,0.0,0.0,6.120498360095569,0.10200830600159282
0.9890000000000008,0.2607930376638165,-0.07339892024154708,1.6613278771961824,0.24089753526951235,-0.0730729833318539,1.6609761099930531,0.24089753526951235,-0.0730729833318539,1.6609761099930531,5.0,0.0,0.0,6.120307932679095,0.10200513221131825
0.9900000000000008,0.2607996132188215,-0.07339750814011034,1.6613263993898713,0.24089753526951235,-0.0730729833318539,1.6609761099930531,0.24089753526951235,-0.0730729833318539,1.6609761099930531,5.0,0.0,0.0,6.120117469503301,0.10200195782505501
0.9910000000000008,0.26080610215445954,-0.07339609017496918,1.6613249141298387,0.24089753526951235,-0.0730729833318539,1.6609761099930531,0.24089753526951235,-0.0730729833318539,1.6609761099930531,5.0,0.0,0.0,6.119926982554924,0.10199878304258207
0.9920000000000008,0.2608125051351257,-0.07339466651253179,1.661323421606391,0.24089753526951235,-0.0730729833318539,1.6609761099930531,0.24089753526951235,-0.0730729833318539,1.6609761099930531,5.0,0.0,0.0,6.119736483710236,0.10199560806183726
0.9930000000000008,0.2608188228229779,-0.07339323731780559,1.661321922008292,0.24089753526951235,-0.0730729833318539,1.6609761099930531,0.24089753526951235,-0.0730729833318539,1.6609761099930531,5.0,0.0,0.0,6.119545984733976,0.10199243307889959
0.9940000000000008,0.26082505587791915,-0.07339180275439672,1.6613204155227654,0.24089753526951235,-0.0730729833318539,1.6609761099930531,0.24089753526951235,-0.0730729833318539,1.6609761099930531,5.0,0.0,0.0,6.119355497280053,0.10198925828800089
0.9950000000000008,0.26083120495757833,-0.07339036298451276,1.661318902335492,0.24089753526951235,-0.0730729833318539,1.6609761099930531,0.24089753526951235,-0.0730729833318539,1.6609761099930531,5.0,0.0,0.0,6.119165032891383,0.10198608388152304
0.9960000000000008,0.2608372707172941,-0.0733889181689637,1.6613173826306167,0.24089753526951235,-0.0730729833318539,1.6609761099930531,0.24089753526951235,-0.0730729833318539,1.6609761099930531,5.0,0.0,0.0,6.118974603000902,0.10198291005001504
0.9970000000000008,0.2608432538100951,-0.07338746846716353,1.6613158565907429,0.24089753526951235,-0.0730729833318539,1.6609761099930531,0.24089753526951235,-0.0730729833318539,1.6609761099930531,5.0,0.0,0.0,6.118784218930196,0.10197973698216994
0.9980000000000008,0.26084915488668314,-0.07338601403713137,1.6613143243969393,0.24089753526951235,-0.0730729833318539,1.6609761099930531,0.24089753526951235,-0.0730729833318539,1.6609761099930531,5.0,0.0,0.0,6.118593891890906,0.10197656486484843
0.9990000000000008,0.2608549745954187,-0.07338455503549543,1.6613127862287382,0.24089753526951235,-0.0730729833318539,1.6609761099930531,0.24089753526951235,-0.0730729833318539,1.6609761099930531,5.0,0.0,0.0,6.118403632983975,0.10197339388306625
1.0000000000000007,0.2608607135823007,-0.0733830916174926,1.6613112422641378,0.24089753526951235,-0.0730729833318539,1.6609761099930531,0.24089753526951235,-0.0730729833318539,1.6609761099930531,5.0,0.0,0.0,6.118213453200388,0.10197022422000647
1.0010000000000006,0.26086637249095257,-0.07338162393697178,1.6613096926796038,0.24089753526951235,-0.0730729833318539,1.6609761099930531,0.24089753526951235,-0.0730729833318539,1.6609761099930531,0.0,0.0,0.0,6.118023363421036,0.10196705605701727
1.0020000000000004,0.2608683248946009,-0.07338197012813023,1.6613103834147789,0.24089753526951235,-0.0730729833318539,1.6609761099930531,0.24089753526951235,-0.0730729833318539,1.6609761099930531,0.0,0.0,0.0,6.030993996791263,0.10051656661318772
1.0030000000000003,0.26086677972359834,-0.07338398099269502,1.6613131359477424,0.24089753526951235,-0.0730729833318539,1.6609761099930531,0.24089753526951235,-0.0730729833318539,1.6609761099930531,0.0,0.0,0.0,5.949129950744242,0.09915216584573736
1.0040000000000002,0.26086193326473117,-0.07338751744455124,1.6613177833512296,0.24089753526951235,-0.0730729833318539,1.6609761099930531,0.24089753526951235,-0.0730729833318539,1.6609761099930531,0.0,0.0,0.0,5.872110419088233,0.09786850698480389
1.0050000000000001,0.26085397016170264,-0.07339244963746709,1.6613241696692804,0.24089753526951235,-0.0730729833318539,1.6609761099930531,0.24089753526951235,-0.0730729833318539,1.6609761099930531,0.0,0.0,0.0,5.799636440117936,0.09666060733529894
1.006,0.2608430641668361,-0.07339865632394563,1.6613321492007223,0.24089753526951235,-0.0730729833318539,1.6609761099930531,0.24089753526951235,-0.0730729833318539,1.6609761099930531,0.0,0.0,0.0,5.731428749176205,0.09552381248627008
1.007,0.2608293788091641,-0.07340602428238742,1.6613415858125569,0.24089753526951235,-0.0730729833318539,1.6609761099930531,0.24089753526951235,-0.0730729833318539,1.6609761099930531,0.0,0.0,0.0,5.6672261823311745,0.09445376970551958
1.0079999999999998,0.260813068007674,-0.0734144477884502,1.6613523522844935,0.24089753526951235,-0.0730729833318539,1.6609761099930531,0.24089753526951235,-0.0730729833318539,1.6609761099930531,0.0,0.0,0.0,5.6067845570843104,0.0934464092847385
1.0089999999999997,0.2607942766400586,-0.0734238281245979,1.6613643296873626,0.24089753526951235,-0.0730729833318539,1.6609761099930531,0.24089753526951235,-0.0730729833318539,1.6609761099930531,0.0,0.0,0.0,5.549875660109376,0.0924979276684896
1.0099999999999996,0.260773141072599,-0.07343407312458292,1.6613774067975604,0.24089753526951235,-0.0730729833318539,1.6609761099930531,0.24089753526951235,-0.0730729833318539,1.6609761099930531,0.0,0.0,0.0,5.496286266352244,0.09160477110587073
1.0109999999999995,0.26074978965538914,-0.07344509675015497,1.6613914795490174,0.24089753526951235,-0.0730729833318539,1.6609761099930531,0.24089753526951235,-0.0730729833318539,1.6609761099930531,0.0,0.0,0.0,5.445817177361819,0.090763619622697
1.0119999999999993,0.2607243431864138,-0.07345681869750889,1.6614064505234403,0.24089753526951235,-0.0730729833318539,1.6609761099930531,0.24089753526951235,-0.0730729833318539,1.6609761099930531,0.0,0.0,0.0,5.398282281814209,0.08997137136357015
1.0129999999999992,0.2606969153475578,-0.07346916403116564,1.6614222284788673,0.24089753526951235,-0.0730729833318539,1.6609761099930531,0.24089753526951235,-0.0730729833318539,1.6609761099930531,0.0,0.0,0.0,5.353507644465814,0.08922512740776356
1.0139999999999991,0.2606676131152076,-0.07348206284313785,1.661438727915976,0.24089753526951235,-0.0730729833318539,1.6609761099930531,0.24089753526951235,-0.0730729833318539,1.6609761099930531,0.0,0.0,0.0,5.311330629969762,0.08852217716616269
1.014999999999999,0.2606365371477534,-0.07349544993539436,1.6614558686809942,0.24089753526951235,-0.0730729833318539,1.6609761099930531,0.24089753526951235,-0.0730729833318539,1.6609761099930531,0.0,0.0,0.0,5.271599067268484,0.08785998445447474
1.015999999999999,0.26060378215196467,-0.07350926452377551,1.6614735756035834,0.24089753526951235,-0.0730729833318539,1.6609761099930531,0.24089753526951235,-0.0730729833318539,1.6609761099930531,0.0,0.0,0.0,5.234170459264936,0.08723617432108227
1.0169999999999988,0.26056943722991116,-0.07352344996166406,1.6614917781677074,0.24089753526951235,-0.0730729833318539,1.6609761099930531,0.24089753526951235,-0.0730729833318539,1.6609761099930531,0.0,0.0,0.0,5.198911241338535,0.08664852068897558
1.0179999999999987,0.2605335862078436,-0.07353795348184347,1.6615104102131677,0.24089753526951235,-0.0730729833318539,1.6609761099930531,0.24089753526951235,-0.0730729833318539,1.6609761099930531,0.0,0.0,0.0,5.165696091107937,0.08609493485179895
1.0189999999999986,0.26049630794819245,-0.07355272595510612,1.661529409665299,0.24089753526951235,-0.0730729833318539,1.6609761099930531,0.24089753526951235,-0.0730729833318539,1.6609761099930531,0.0,0.0,0.0,5.134407290713796,0.08557345484522992
1.0199999999999985,0.260457676645678,-0.07356772166429738,1.6615487182902,0.24089753526951235,-0.0730729833318539,1.6609761099930531,0.24089753526951235,-0.0730729833318539,1.6609761099930531,0.0,0.0,0.0,5.104934141816966,0.08508223569694943
1.0209999999999984,0.2604177621083263,-0.073582898092592,1.6615682814728192,0.24089753526951235,-0.0730729833318539,1.6609761099930531,0.24089753526951235,-0.0730729833318539,1.6609761099930531,0.0,0.0,0.0,5.077172432535534,0.0846195405422589
1.0219999999999982,0.26037663002407385,-0.07359821572490756,1.661588048015261,0.24089753526951235,-0.0730729833318539,1.6609761099930531,0.24089753526951235,-0.0730729833318539,1.6609761099930531,0.0,0.0,0.0,5.051023954683218,0.08418373257805363
1.0229999999999981,0.260334342213529,-0.07361363786146652,1.6616079699527526,0.24089753526951235,-0.0730729833318539,1.6609761099930531,0.24089753526951235,-0.0730729833318539,1.6609761099930531,0.0,0.0,0.0,5.0263960689409,0.08377326781568167
1.023999999999998,0.2602909568693837,-0.07362913044260029,1.6616280023848586,0.24089753526951235,-0.0730729833318539,1.6609761099930531,0.24089753526951235,-0.0730729833318539,1.6609761099930531,0.0,0.0,0.0,5.003201315008219,0.08338668858347033
1.024999999999998,0.2602465287829078,-0.07364466188398347,1.6616481033197101,0.24089753526951235,-0.0730729833318539,1.6609761099930531,0.24089753526951235,-0.0730729833318539,1.6609761099930531,0.0,0.0,0.0,4.981357063332052,0.08302261772220086
1.0259999999999978,0.2602011095579329,-0.07366020292156833,1.6616682335292197,0.24089753526951235,-0.0730729833318539,1.6609761099930531,0.24089753526951235,-0.0730729833318539,1.6609761099930531,0.0,0.0,0.0,4.960785204701443,0.08267975341169072
1.0269999999999977,0.2601547478127046,-0.07367572646555026,1.66168835641349,0.24089753526951235,-0.0730729833318539,1.6609761099930531,0.24089753526951235,-0.0730729833318539,1.6609761099930531,0.0,0.0,0.0,4.941411873822956,0.08235686456371592
1.0279999999999976,0.26010748936998346,-0.07369120746277616,1.66170843787285,0.24089753526951235,-0.0730729833318539,1.6609761099930531,0.24089753526951235,-0.0730729833318539,1.6609761099930531,0.0,0.0,0.0,4.923167202933109,0.08205278671555181
1.0289999999999975,0.2600593774357716,-0.07370662276705638,1.661728446186205,0.24089753526951235,-0.0730729833318539,1.6609761099930531,0.24089753526951235,-0.0730729833318539,1.6609761099930531,0.0,0.0,0.0,4.905985101559433,0.08176641835932388
1.0299999999999974,0.2600104527670676,-0.07372195101690018,1.6617483518946103,0.24089753526951235,-0.0730729833318539,1.6609761099930531,0.24089753526951235,-0.0730729833318539,1.6609761099930531,0.0,0.0,0.0,4.889803058684793,0.08149671764474654
1.0309999999999973,0.25996075382905237,-0.07373717252024305,1.6617681276892138,0.24089753526951235,-0.0730729833318539,1.6609761099930531,0.24089753526951235,-0.0730729833318539,1.6609761099930531,0.0,0.0,0.0,4.874561963792816,0.08124269939654694
1.0319999999999971,0.25991031694213856,-0.07375226914576877,1.661787748302901,0.24089753526951235,-0.0730729833318539,1.6609761099930531,0.24089753526951235,-0.0730729833318539,1.6609761099930531,0.0,0.0,0.0,4.8602059435514535,0.08100343239252422
1.032999999999997,0.2598591764193334,-0.07376722422048111,1.6618071904051814,0.24089753526951235,-0.0730729833318539,1.6609761099930531,0.24089753526951235,-0.0730729833318539,1.6609761099930531,0.0,0.0,0.0,4.846682211220728,0.0807780368536788
1.033999999999997,0.2598073646943728,-0.07378202243319612,1.6618264325,0.24089753526951235,-0.0730729833318539,1.6609761099930531,0.24089753526951235,-0.0730729833318539,1.6609761099930531,0.0,0.0,0.0,4.833940926219719,0.08056568210366198
1.0349999999999968,0.2597549124411146,-0.07379664974366254,1.6618454548263104,0.24089753526951235,-0.0730729833318539,1.6609761099930531,0.24089753526951235,-0.0730729833318539,1.6609761099930531,0.0,0.0,0.0,4.821935061658416,0.0803655843609736
1.0359999999999967,0.2597018486846711,-0.07381109329704422,1.6618642392613494,0.24089753526951235,-0.0730729833318539,1.6609761099930531,0.24089753526951235,-0.0730729833318539,1.6609761099930531,0.0,0.0,0.0,4.81062027800788,0.08017700463346467
1.0369999999999966,0.2596482009047812,-0.07382534134350749,1.6618827692266458,0.24089753526951235,-0.0730729833318539,1.6609761099930531,0.24089753526951235,-0.0730729833318539,1.6609761099930531,0.0,0.0,0.0,4.799954801437418,0.07999924669062364
1.0379999999999965,0.25959399513191805,-0.07383938316268396,1.6619010295968684,0.24089753526951235,-0.0730729833318539,1.6609761099930531,0.24089753526951235,-0.0730729833318539,1.6609761099930531,0.0,0.0,0.0,4.789899305690049,0.07983165509483416
1.0389999999999964,0.2595392560366162,-0.07385320899278494,1.6619190066116407,0.24089753526951235,-0.0730729833318539,1.6609761099930531,0.24089753526951235,-0.0730729833318539,1.6609761099930531,0.0,0.0,0.0,4.780416796673825,0.07967361327789708
1.0399999999999963,0.2594840070125107,-0.07386680996416169,1.6619366877905064,0.24089753526951235,-0.0730729833318539,1.6609761099930531,0.24089753526951235,-0.0730729833318539,1.6609761099930531,0.0,0.0,0.0,4.7714724992306055,0.07952454165384343
1.0409999999999962,0.25942827025355103,-0.0738801780371029,1.661954061851208,0.24089753526951235,-0.0730729833318539,1.6609761099930531,0.24089753526951235,-0.0730729833318539,1.6609761099930531,0.0,0.0,0.0,4.763033745782338,0.07938389576303898
1.041999999999996,0.25937206682584224,-0.0738933059436854,1.6619711186314423,0.24089753526951235,-0.0730729833318539,1.6609761099930531,0.24089753526951235,-0.0730729833318539,1.6609761099930531,0.0,0.0,0.0,4.75506986676003,0.0792511644460005
1.042999999999996,0.2593154167345443,-0.07390618713347699,1.6619878490142554,0.24089753526951235,-0.0730729833318539,1.6609761099930531,0.24089753526951235,-0.0730729833318539,1.6609761099930531,0.0,0.0,0.0,4.747552082887454,0.07912586804812423
1.0439999999999958,0.2592583389862373,-0.07391881572291634,1.662004244857176,0.24089753526951235,-0.0730729833318539,1.6609761099930531,0.24089753526951235,-0.0730729833318539,1.6609761099930531,0.0,0.0,0.0,4.7404533995135445,0.07900755665855907
1.0449999999999957,0.25920085164713186,-0.0739311864481823,1.6620202989251842,0.24089753526951235,-0.0730729833318539,1.6609761099930531,0.24089753526951235,-0.0730729833318539,1.6609761099930531,0.0,0.0,0.0,4.733748503286029,0.07889580838810048
1.0459999999999956,0.2591429718974785,-0.07394329462137622,1.662036004827561,0.24089753526951235,-0.0730729833318539,1.6609761099930531,0.24089753526951235,-0.0730729833318539,1.6609761099930531,0.0,0.0,0.0,4.7274136615073346,0.07879022769178891
1.0469999999999955,0.25908471608250166,-0.07395513608983871,1.6620513569586162,0.24089753526951235,-0.0730729833318539,1.6609761099930531,0.24089753526951235,-0.0730729833318539,1.6609761099930531,0.0,0.0,0.0,4.721426624547827,0.07869044374246378
1.0479999999999954,0.25902609976015323,-0.07396670719842789,1.662066350442265,0.24089753526951235,-0.0730729833318539,1.6609761099930531,0.24089753526951235,-0.0730729833318539,1.6609761099930531,0.0,0.0,0.0,4.715766531686295,0.07859610886143825
1.0489999999999953,0.258967137745954,-0.07397800475458532,1.6620809810803818,0.24089753526951235,-0.0730729833318539,1.6609761099930531,0.24089753526951235,-0.0730729833318539,1.6609761099930531,0.0,0.0,0.0,4.710413820733031,0.07850689701221718
1.0499999999999952,0.25890784415516727,-0.07398902599602354,1.6620952453048152,0.24089753526951235,-0.0730729833318539,1.6609761099930531,0.24089753526951235,-0.0730729833318539,1.6609761099930531,0.0,0.0,0.0,4.705350141747838,0.07842250236246397
1.050999999999995,0.25884823244251226,-0.07399976856086243,1.6621091401329273,0.24089753526951235,-0.0730729833318539,1.6609761099930531,0.24089753526951235,-0.0730729833318539,1.6609761099930531,0.0,0.0,0.0,4.700558275113598,0.07834263791855996
1.051999999999995,0.2587883154396169,-0.07401023046005795,1.6621226631264931,0.24089753526951235,-0.0730729833318539,1.6609761099930531,0.24089753526951235,-0.0730729833318539,1.6609761099930531,0.0,0.0,0.0,4.69602205416983,0.07826703423616382
1.0529999999999948,0.25872810539036734,-0.07402041005195957,1.6621358123537648,0.24089753526951235,-0.0730729833318539,1.6609761099930531,0.24089753526951235,-0.0730729833318539,1.6609761099930531,0.0,0.0,0.0,4.691726292538443,0.07819543820897405
1.0539999999999947,0.2586676139843119,-0.07403030601884239,1.6621485863545027,0.24089753526951235,-0.0730729833318539,1.6609761099930531,0.24089753526951235,-0.0730729833318539,1.6609761099930531,0.0,0.0,0.0,4.687656716208349,0.07812761193680581
1.0549999999999946,0.25860685238823866,-0.0740399173452661,1.6621609841077498,0.24089753526951235,-0.0730729833318539,1.6609761099930531,0.24089753526951235,-0.0730729833318539,1.6609761099930531,0.0,0.0,0.0,4.683799900379019,0.07806333167298365
1.0559999999999945,0.2585458312760474,-0.07404924329811444,1.6621730050021453,0.24089753526951235,-0.0730729833318539,1.6609761099930531,0.24089753526951235,-0.0730729833318539,1.6609761099930531,0.0,0.0,0.0,4.680143210999013,0.07800238684998355
1.0569999999999944,0.25848456085700905,-0.07405828340817815,1.6621846488085374,0.24089753526951235,-0.0730729833318539,1.6609761099930531,0.24089753526951235,-0.0730729833318539,1.6609761099930531,0.0,0.0,0.0,4.676674750873287,0.07794457918122145
1.0579999999999943,0.2584230509025012,-0.07406703745315105,1.6621959156546946,0.24089753526951235,-0.0730729833318539,1.6609761099930531,0.24089753526951235,-0.0730729833318539,1.6609761099930531,0.0,0.0,0.0,4.67338331016727,0.07788972183612117
1.0589999999999942,0.2583613107712977,-0.07407550544191314,1.6622068060018964,0.24089753526951235,-0.0730729833318539,1.6609761099930531,0.24089753526951235,-0.0730729833318539,1.6609761099930531,0.0,0.0,0.0,4.67025832108861,0.07783763868481017
1.059999999999994,0.2582993494334807,-0.07408368759998564,1.6622173206232178,0.24089753526951235,-0.0730729833318539,1.6609761099930531,0.24089753526951235,-0.0730729833318539,1.6609761099930531,0.0,0.0,0.0,4.667289816494142,0.07778816360823569
1.060999999999994,0.2582371754930348,-0.07409158435604654,1.6622274605833103,0.24089753526951235,-0.0730729833318539,1.6609761099930531,0.24089753526951235,-0.0730729833318539,1.6609761099930531,0.0,0.0,0.0,4.664468392141514,0.07774113986902524
1.0619999999999938,0.2581747972091853,-0.07409919632941003,1.6622372272195158,0.24089753526951235,-0.0730729833318539,1.6609761099930531,0.24089753526951235,-0.0730729833318539,1.6609761099930531,0.0,0.0,0.0,4.661785172292497,0.07769641953820829
1.0629999999999937,0.2581122225165305,-0.07410652431836967,1.6622466221241707,0.24089753526951235,-0.0730729833318539,1.6609761099930531,0.24089753526951235,-0.0730729833318539,1.6609761099930531,0.0,0.0,0.0,4.659231778360968,0.0776538629726828
1.0639999999999936,0.2580494590440208,-0.07411356928932443,1.6622556471279486,0.24089753526951235,-0.0730729833318539,1.6609761099930531,0.24089753526951235,-0.0730729833318539,1.6609761099930531,0.0,0.0,0.0,4.656800300300029,0.07761333833833381
1.0649999999999935,0.2579865141328351,-0.07412033236661017,1.6622643042841339,0.24089753526951235,-0.0730729833318539,1.6609761099930531,0.24089753526951235,-0.0730729833318539,1.6609761099930531,0.0,0.0,0.0,4.654483270430421,0.07757472117384036
1.0659999999999934,0.2579233948531946,-0.07412681482296019,1.6622725958537259,0.24089753526951235,-0.0730729833318539,1.6609761099930531,0.24089753526951235,-0.0730729833318539,1.6609761099930531,0.0,0.0,0.0,4.6522736394187625,0.0775378939903127
1.0669999999999933,0.2578601080201748,-0.07413301807054086,1.6622805242912821,0.24089753526951235,-0.0730729833318539,1.6609761099930531,0.24089753526951235,-0.0730729833318539,1.6609761099930531,0.0,0.0,0.0,4.650164754137923,0.07750274590229872
1.0679999999999932,0.2577966602085485,-0.0741389436524994,1.6622880922314394,0.24089753526951235,-0.0730729833318539,1.6609761099930531,0.24089753526951235,-0.0730729833318539,1.6609761099930531,0.0,0.0,0.0,4.648150337155812,0.0774691722859302
1.068999999999993,0.25773305776671507,-0.07414459323497637,1.6622953024760425,0.24089753526951235,-0.0730729833318539,1.6609761099930531,0.24089753526951235,-0.0730729833318539,1.6609761099930531,0.0,0.0,0.0,4.64622446762562,0.077437074460427
1.069999999999993,0.2576693068297584,-0.07414996859954172,1.6623021579818529,0.24089753526951235,-0.0730729833318539,1.6609761099930531,0.24089753526951235,-0.0730729833318539,1.6609761099930531,0.0,0.0,0.0,4.64438156337777,0.0774063593896295
1.0709999999999928,0.2576054133316784,-0.07415507163601406,1.6623086618487908,0.24089753526951235,-0.0730729833318539,1.6609761099930531,0.24089753526951235,-0.0730729833318539,1.6609761099930531,0.0,0.0,0.0,4.642616364032652,0.0773769394005442
1.0719999999999927,0.25754138301684787,-0.07415990433563374,1.6623148173086901,0.24089753526951235,-0.0730729833318539,1.6609761099930531,0.24089753526951235,-0.0730729833318539,1.6609761099930531,0.0,0.0,0.0,4.640923914987053,0.07734873191645089
1.0729999999999926,0.2574772214507286,-0.07416446878455786,1.6623206277145508,0.24089753526951235,-0.0730729833318539,1.6609761099930531,0.24089753526951235,-0.0730729833318539,1.6609761099930531,0.0,0.0,0.0,4.639299552149117,0.07732165920248528
1.0739999999999925,0.25741293402989984,-0.07416876715766016,1.6623260965302598,0.24089753526951235,-0.0730729833318539,1.6609761099930531,0.24089753526951235,-0.0730729833318539,1.6609761099930531,0.0,0.0,0.0,4.637738887317538,0.07729564812195897
1.0749999999999924,0.25734852599144353,-0.07417280171261098,1.662331227320806,0.24089753526951235,-0.0730729833318539,1.6609761099930531,0.24089753526951235,-0.0730729833318539,1.6609761099930531,0.0,0.0,0.0,4.63623779413194,0.077270629902199
1.0759999999999923,0.2572840024217171,-0.07417657478422245,1.6623360237429394,0.24089753526951235,-0.0730729833318539,1.6609761099930531,0.24089753526951235,-0.0730729833318539,1.6609761099930531,0.0,0.0,0.0,4.634792394526287,0.07724653990877145
1.0769999999999922,0.2572193682645653,-0.07418008877904689,1.6623404895363092,0.24089753526951235,-0.0730729833318539,1.6609761099930531,0.24089753526951235,-0.0730729833318539,1.6609761099930531,0.0,0.0,0.0,4.633399045653591,0.07722331742755985
1.077999999999992,0.25715462832900543,-0.07418334617021359,1.6623446285150472,0.24089753526951235,-0.0730729833318539,1.6609761099930531,0.24089753526951235,-0.0730729833318539,1.6609761099930531,0.0,0.0,0.0,4.632054327247713,0.07720090545412854
1.078999999999992,0.2570897872964235,-0.07418634949249824,1.6623484445598202,0.24089753526951235,-0.0730729833318539,1.6609761099930531,0.24089753526951235,-0.0730729833318539,1.6609761099930531,0.0,0.0,0.0,4.630755029411386,0.07717925049018977
1.0799999999999919,0.2570248497273151,-0.07418910133761451,1.6623519416103152,0.24089753526951235,-0.0730729833318539,1.6609761099930531,0.24089753526951235,-0.0730729833318539,1.6609761099930531,0.0,0.0,0.0,4.629498140823104,0.07715830234705173
1.0809999999999917,0.2569598200676064,-0.07419160434971886,1.6623551236581777,0.24089753526951235,-0.0730729833318539,1.6609761099930531,0.24089753526951235,-0.0730729833318539,1.6609761099930531,0.0,0.0,0.0,4.6282808373689335,0.07713801395614889
1.0819999999999916,0.25689470265458425,-0.07419386122112906,1.6623579947403868,0.24089753526951235,-0.0730729833318539,1.6609761099930531,0.24089753526951235,-0.0730729833318539,1.6609761099930531,0.0,0.0,0.0,4.627100471201675,0.07711834118669457
1.0829999999999915,0.25682950172246277,-0.07419587468824176,1.6623605589330384,0.24089753526951235,-0.0730729833318539,1.6609761099930531,0.24089753526951235,-0.0730729833318539,1.6609761099930531,0.0,0.0,0.0,4.625954560239634,0.07709924267066057
1.0839999999999914,0.2567642214076197,-0.07419764752765216,1.6623628203455616,0.24089753526951235,-0.0730729833318539,1.6609761099930531,0.24089753526951235,-0.0730729833318539,1.6609761099930531,0.0,0.0,0.0,4.6248407781199665,0.07708067963533277
1.0849999999999913,0.2566988657535165,-0.07419918255246405,1.6623647831153185,0.24089753526951235,-0.0730729833318539,1.6609761099930531,0.24089753526951235,-0.0730729833318539,1.6609761099930531,0.0,0.0,0.0,4.623756944607416,0.07706261574345692
1.0859999999999912,0.25663343871532973,-0.07420048260878705,1.6623664514025835,0.24089753526951235,-0.0730729833318539,1.6609761099930531,0.24089753526951235,-0.0730729833318539,1.6609761099930531,0.0,0.0,0.0,4.622701016478438,0.0770450169413073
1.086999999999991,0.25656794416432177,-0.07420155057241917,1.6623678293859068,0.24089753526951235,-0.0730729833318539,1.6609761099930531,0.24089753526951235,-0.0730729833318539,1.6609761099930531,0.0,0.0,0.0,4.621671078880774,0.07702785131467957
1.087999999999991,0.2565023858919508,-0.07420238934570328,1.6623689212577981,0.24089753526951235,-0.0730729833318539,1.6609761099930531,0.24089753526951235,-0.0730729833318539,1.6609761099930531,0.0,0.0,0.0,4.620665337169598,0.07701108895282663
1.0889999999999909,0.25643676761375567,-0.07420300185455403,1.6623697312207544,0.24089753526951235,-0.0730729833318539,1.6609761099930531,0.24089753526951235,-0.0730729833318539,1.6609761099930531,0.0,0.0,0.0,4.619682109227534,0.0769947018204589
1.0899999999999908,0.25637109297301924,-0.07420339104565042,1.66237026348359,0.24089753526951235,-0.0730729833318539,1.6609761099930531,0.24089753526951235,-0.0730729833318539,1.6609761099930531,0.0,0.0,0.0,4.618719818255035,0.07697866363758392
1.0909999999999906,0.2563053655442272,-0.07420355988378616,1.662370522258046,0.24089753526951235,-0.0730729833318539,1.6609761099930531,0.24089753526951235,-0.0730729833318539,1.6609761099930531,0.0,0.0,0.0,4.617776986027398,0.0769629497671233
1.0919999999999905,0.25623958883633635,-0.07420351134937074,1.6623705117556744,0.24089753526951235,-0.0730729833318539,1.6609761099930531,0.24089753526951235,-0.0730729833318539,1.6609761099930531,0.0,0.0,0.0,4.616852226606179,0.07694753711010298
1.0929999999999904,0.2561737662958602,-0.07420324843607476,1.662370236184958,0.24089753526951235,-0.0730729833318539,1.6609761099930531,0.24089753526951235,-0.0730729833318539,1.6609761099930531,0.0,0.0,0.0,4.615944240485325,0.07693240400808875
1.0939999999999903,0.25610790130978245,-0.07420277414861222,1.6623696997486614,0.24089753526951235,-0.0730729833318539,1.6609761099930531,0.24089753526951235,-0.0730729833318539,1.6609761099930531,0.0,0.0,0.0,4.61505180915946,0.07691753015265766
1.0949999999999902,0.2560419972083124,-0.0742020915006534,1.662368906641388,0.24089753526951235,-0.0730729833318539,1.6609761099930531,0.24089753526951235,-0.0730729833318539,1.6609761099930531,0.0,0.0,0.0,4.614173790086177,0.07690289650143628
1.09599999999999,0.25597605726748385,-0.07420120351286064,1.6623678610473227,0.24089753526951235,-0.0730729833318539,1.6609761099930531,0.24089753526951235,-0.0730729833318539,1.6609761099930531,0.0,0.0,0.0,4.613309112023919,0.07688848520039865
1.09699999999999,0.25591008471160864,-0.07420011321103753,1.6623665671381467,0.24089753526951235,-0.0730729833318539,1.6609761099930531,0.24089753526951235,-0.0730729833318539,1.6609761099930531,0.0,0.0,0.0,4.612456770719734,0.07687427951199557
1.0979999999999899,0.2558440827155928,-0.07419882362438864,1.6623650290711125,0.24089753526951235,-0.0730729833318539,1.6609761099930531,0.24089753526951235,-0.0730729833318539,1.6609761099930531,0.0,0.0,0.0,4.611615824920109,0.07686026374866847
1.0989999999999898,0.2557780544071204,-0.07419733778387827,1.6623632509872581,0.24089753526951235,-0.0730729833318539,1.6609761099930531,0.24089753526951235,-0.0730729833318539,1.6609761099930531,0.0,0.0,0.0,4.6107853926800155,0.07684642321133359
1.0999999999999897,0.25571200286871215,-0.0741956587206861,1.6623612370097487,0.24089753526951235,-0.0730729833318539,1.6609761099930531,0.24089753526951235,-0.0730729833318539,1.6609761099930531,0.0,0.0,0.0,4.6099646479444445,0.07683274413240741
1.1009999999999895,0.2556459311396652,-0.07419378946474735,1.662358991242343,0.24089753526951235,-0.0730729833318539,1.6609761099930531,0.24089753526951235,-0.0730729833318539,1.6609761099930531,0.0,0.0,0.0,4.609152817378253,0.07681921362297088
1.1019999999999894,0.2555798422178774,-0.07419173304337687,1.6623565177679593,0.24089753526951235,-0.0730729833318539,1.6609761099930531,0.24089753526951235,-0.0730729833318539,1.6609761099930531,0.0,0.0,0.0,4.6083491774180985,0.07680581962363497
1.1029999999999893,0.25551373906156705,-0.07418949247996771,1.662353820647346,0.24089753526951235,-0.0730729833318539,1.6609761099930531,0.24089753526951235,-0.0730729833318539,1.6609761099930531,0.0,0.0,0.0,4.607553051526987,0.07679255085878313
1.1039999999999892,0.25544762459088743,-0.07418707079275878,1.6623509039178417,0.24089753526951235,-0.0730729833318539,1.6609761099930531,0.24089753526951235,-0.0730729833318539,1.6609761099930531,0.0,0.0,0.0,4.606763807627832,0.07677939679379721
1.104999999999989,0.25538150168944385,-0.07418447099366982,1.662347771592218,0.24089753526951235,-0.0730729833318539,1.6609761099930531,0.24089753526951235,-0.0730729833318539,1.6609761099930531,0.0,0.0,0.0,4.6059808556974575,0.07676634759495762
1.105999999999989,0.2553153732057192,-0.0741816960871916,1.6623444276576018,0.24089753526951235,-0.0730729833318539,1.6609761099930531,0.24089753526951235,-0.0730729833318539,1.6609761099930531,0.0,0.0,0.0,4.605203645505468,0.0767533940917578
1.1069999999999889,0.2552492419544123,-0.07417874906933683,1.6623408760744767,0.24089753526951235,-0.0730729833318539,1.6609761099930531,0.24089753526951235,-0.0730729833318539,1.6609761099930531,0.0,0.0,0.0,4.604431664479597,0.07674052774132661
1.1079999999999888,0.2551831107176922,-0.0741756329266383,1.6623371207757436,0.24089753526951235,-0.0730729833318539,1.6609761099930531,0.24089753526951235,-0.0730729833318539,1.6609761099930531,0.0,0.0,0.0,4.603664435685238,0.07672774059475397
1.1089999999999887,0.2551169822463743,-0.07417235063519798,1.6623331656658533,0.24089753526951235,-0.0730729833318539,1.6609761099930531,0.24089753526951235,-0.0730729833318539,1.6609761099930531,0.0,0.0,0.0,4.602901515909514,0.07671502526515857
1.1099999999999886,0.25505085926102283,-0.07416890515977773,1.662329014620006,0.24089753526951235,-0.0730729833318539,1.6609761099930531,0.24089753526951235,-0.0730729833318539,1.6609761099930531,0.0,0.0,0.0,4.602142493837158,0.07670237489728596
1.1109999999999884,0.25498474445298425,-0.07416529945293543,1.6623246714834006,0.24089753526951235,-0.0730729833318539,1.6609761099930531,0.24089753526951235,-0.0730729833318539,1.6609761099930531,0.0,0.0,0.0,4.6013869883102565,0.07668978313850427
1.1119999999999883,0.2549186404853533,-0.07416153645419707,1.6623201400705523,0.24089753526951235,-0.0730729833318539,1.6609761099930531,0.24089753526951235,-0.0730729833318539,1.6609761099930531,0.0,0.0,0.0,4.6006346466685155,0.07667724411114192
1.1129999999999882,0.25485254999387974,-0.07415761908926857,1.6623154241646598,0.24089753526951235,-0.0730729833318539,1.6609761099930531,0.24089753526951235,-0.0730729833318539,1.6609761099930531,0.0,0.0,0.0,4.599885143159758,0.07666475238599597
1.113999999999988,0.2547864755878142,-0.07415355026928186,1.6623105275170253,0.24089753526951235,-0.0730729833318539,1.6609761099930531,0.24089753526951235,-0.0730729833318539,1.6609761099930531,0.0,0.0,0.0,4.599138177420413,0.0766523029570069
1.114999999999988,0.25472041985070265,-0.074149332890074,1.6623054538465352,0.24089753526951235,-0.0730729833318539,1.6609761099930531,0.24089753526951235,-0.0730729833318539,1.6609761099930531,0.0,0.0,0.0,4.598393473021224,0.07663989121702039
1.115999999999988,0.2546543853411272,-0.07414496983150136,1.662300206839176,0.24089753526951235,-0.0730729833318539,1.6609761099930531,0.24089753526951235,-0.0730729833318539,1.6609761099930531,0.0,0.0,0.0,4.597650776074817,0.07662751293458028
1.1169999999999878,0.2545883745934004,-0.07414046395678203,1.6622947901476124,0.24089753526951235,-0.0730729833318539,1.6609761099930531,0.24089753526951235,-0.0730729833318539,1.6609761099930531,0.0,0.0,0.0,4.59690985390608,0.07661516423176801
1.1179999999999877,0.254522390118213,-0.0741358181118696,1.6622892073908064,0.24089753526951235,-0.0730729833318539,1.6609761099930531,0.24089753526951235,-0.0730729833318539,1.6609761099930531,0.0,0.0,0.0,4.596170493780243,0.07660284156300405
1.1189999999999876,0.254456434403243,-0.07413103512485794,1.662283462153674,0.24089753526951235,-0.0730729833318539,1.6609761099930531,0.24089753526951235,-0.0730729833318539,1.6609761099930531,0.0,0.0,0.0,4.5954325016907065,0.07659054169484511
1.1199999999999875,0.2543905099137208,-0.0741261178054115,1.6622775579867946,0.24089753526951235,-0.0730729833318539,1.6609761099930531,0.24089753526951235,-0.0730729833318539,1.6609761099930531,0.0,0.0,0.0,4.594695701205171,0.07657826168675284
1.1209999999999873,0.25432461909296067,-0.0741210689442276,1.6622714984061546,0.24089753526951235,-0.0730729833318539,1.6609761099930531,0.24089753526951235,-0.0730729833318539,1.6609761099930531,0.0,0.0,0.0,4.593959932367588,0.07656599887279314
1.1219999999999872,0.2542587643628539,-0.07411589131252197,1.6622652868929324,0.24089753526951235,-0.0730729833318539,1.6609761099930531,0.24089753526951235,-0.0730729833318539,1.6609761099930531,0.0,0.0,0.0,4.593225050657132,0.07655375084428553
1.1229999999999871,0.2541929481243346,-0.0741105876615458,1.6622589268933117,0.24089753526951235,-0.0730729833318539,1.6609761099930531,0.24089753526951235,-0.0730729833318539,1.6609761099930531,0.0,0.0,0.0,4.592490926001351,0.07654151543335584
1.123999999999987,0.2541271727578084,-0.07410516072212517,1.66225242181834,0.24089753526951235,-0.0730729833318539,1.6609761099930531,0.24089753526951235,-0.0730729833318539,1.6609761099930531,0.0,0.0,0.0,4.59175744184625,0.0765292906974375
1.124999999999987,0.25406144062355573,-0.07409961320422934,1.6622457750438089,0.24089753526951235,-0.0730729833318539,1.6609761099930531,0.24089753526951235,-0.0730729833318539,1.6609761099930531,0.0,0.0,0.0,4.591024494275506,0.07651707490459177
1.1259999999999868,0.2539957540621084,-0.0740939477965638,1.6622389899101693,0.24089753526951235,-0.0730729833318539,1.6609761099930531,0.24089753526951235,-0.0730729833318539,1.6609761099930531,0.0,0.0,0.0,4.590291991185304,0.07650486651975506
1.1269999999999867,0.2539301153945996,-0.07408816716618823,1.6622320697224733,0.24089753526951235,-0.0730729833318539,1.6609761099930531,0.24089753526951235,-0.0730729833318539,1.6609761099930531,0.0,0.0,0.0,4.589559851506872,0.07649266419178119
1.1279999999999866,0.2538645269230867,-0.07408227395815883,1.6622250177503388,0.24089753526951235,-0.0730729833318539,1.6609761099930531,0.24089753526951235,-0.0730729833318539,1.6609761099930531,0.0,0.0,0.0,4.588828004477465,0.07648046674129108
1.1289999999999865,0.2537989909308576,-0.07407627079519657,1.662217837227939,0.24089753526951235,-0.0730729833318539,1.6609761099930531,0.24089753526951235,-0.0730729833318539,1.6609761099930531,0.0,0.0,0.0,4.588096388958745,0.07646827314931243
1.1299999999999863,0.25373350968270814,-0.07407016027737597,1.6622105313540148,0.24089753526951235,-0.0730729833318539,1.6609761099930531,0.24089753526951235,-0.0730729833318539,1.6609761099930531,0.0,0.0,0.0,4.587364952799115,0.07645608254665191
1.1309999999999862,0.2536680854252043,-0.07406394498183987,1.6622031032919033,0.24089753526951235,-0.0730729833318539,1.6609761099930531,0.24089753526951235,-0.0730729833318539,1.6609761099930531,0.0,0.0,0.0,4.586633652236967,0.07644389420394944
1.1319999999999861,0.2536027203869241,-0.07405762746253453,1.6621955561695883,0.24089753526951235,-0.0730729833318539,1.6609761099930531,0.24089753526951235,-0.0730729833318539,1.6609761099930531,0.0,0.0,0.0,4.585902451344827,0.07643170752241378
1.132999999999986,0.2535374167786787,-0.07405121024996787,1.6621878930797636,0.24089753526951235,-0.0730729833318539,1.6609761099930531,0.24089753526951235,-0.0730729833318539,1.6609761099930531,0.0,0.0,0.0,4.585171321510285,0.07641952202517141
1.133999999999986,0.25347217679371875,-0.07404469585098816,1.6621801170799126,0.24089753526951235,-0.0730729833318539,1.6609761099930531,0.24089753526951235,-0.0730729833318539,1.6609761099930531,0.0,0.0,0.0,4.584440240951453,0.07640733734919089
1.1349999999999858,0.25340700260792404,-0.07403808674858248,1.6621722311924005,0.24089753526951235,-0.0730729833318539,1.6609761099930531,0.24089753526951235,-0.0730729833318539,1.6609761099930531,0.0,0.0,0.0,4.583709194265298,0.07639515323775496
1.1359999999999857,0.2533418963799766,-0.07403138540169737,1.662164238404583,0.24089753526951235,-0.0730729833318539,1.6609761099930531,0.24089753526951235,-0.0730729833318539,1.6609761099930531,0.0,0.0,0.0,4.582978172005979,0.07638296953343299
1.1369999999999856,0.25327686025152063,-0.07402459424507536,1.6621561416689146,0.24089753526951235,-0.0730729833318539,1.6609761099930531,0.24089753526951235,-0.0730729833318539,1.6609761099930531,0.0,0.0,0.0,4.582247170289823,0.07637078617149705
1.1379999999999855,0.25321189634730695,-0.07401771568911168,1.6621479439030828,0.24089753526951235,-0.0730729833318539,1.6609761099930531,0.24089753526951235,-0.0730729833318539,1.6609761099930531,0.0,0.0,0.0,4.581516190428368,0.07635860317380613
1.1389999999999854,0.253147006775327,-0.07401075211972757,1.6621396479901385,0.24089753526951235,-0.0730729833318539,1.6609761099930531,0.24089753526951235,-0.0730729833318539,1.6609761099930531,0.0,0.0,0.0,4.580785238581693,0.07634642064302821
1.1399999999999852,0.2530821936269319,-0.07400370589826274,1.6621312567786393,0.24089753526951235,-0.0730729833318539,1.6609761099930531,0.24089753526951235,-0.0730729833318539,1.6609761099930531,0.0,0.0,0.0,4.5800543254362065,0.0763342387572701
1.1409999999999851,0.25301745897694167,-0.07399657936137993,1.6621227730828037,0.24089753526951235,-0.0730729833318539,1.6609761099930531,0.24089753526951235,-0.0730729833318539,1.6609761099930531,0.0,0.0,0.0,4.579323465899929,0.07632205776499881
1.141999999999985,0.25295280488374383,-0.07398937482098857,1.6621141996826656,0.24089753526951235,-0.0730729833318539,1.6609761099930531,0.24089753526951235,-0.0730729833318539,1.6609761099930531,0.0,0.0,0.0,4.578592678816752,0.07630987798027919
1.142999999999985,0.25288823338938093,-0.07398209456418078,1.66210553932424,0.24089753526951235,-0.0730729833318539,1.6609761099930531,0.24089753526951235,-0.0730729833318539,1.6609761099930531,0.0,0.0,0.0,4.577861986697256,0.0762976997782876
1.1439999999999848,0.25282374651962963,-0.07397474085318255,1.6620967947196952,0.24089753526951235,-0.0730729833318539,1.6609761099930531,0.24089753526951235,-0.0730729833318539,1.6609761099930531,0.0,0.0,0.0,4.5771314154647,0.07628552359107833
1.1449999999999847,0.2527593462840707,-0.07396731592531731,1.662087968547523,0.24089753526951235,-0.0730729833318539,1.6609761099930531,0.24089753526951235,-0.0730729833318539,1.6609761099930531,0.0,0.0,0.0,4.576400994214393,0.07627334990357322
1.1459999999999846,0.2526950346761492,-0.07395982199298298,1.6620790634527252,0.24089753526951235,-0.0730729833318539,1.6609761099930531,0.24089753526951235,-0.0730729833318539,1.6609761099930531,0.0,0.0,0.0,4.575670754987109,0.07626117924978515
1.1469999999999845,0.25263081367323065,-0.07395226124364022,1.662070082046997,0.24089753526951235,-0.0730729833318539,1.6609761099930531,0.24089753526951235,-0.0730729833318539,1.6609761099930531,0.0,0.0,0.0,4.574940732552664,0.07624901220921106
1.1479999999999844,0.2525666852366469,-0.0739446358398118,1.6620610269089158,0.24089753526951235,-0.0730729833318539,1.6609761099930531,0.24089753526951235,-0.0730729833318539,1.6609761099930531,0.0,0.0,0.0,4.574210964206446,0.07623684940344076
1.1489999999999843,0.25250265131173627,-0.0739369479190951,1.662051900584136,0.24089753526951235,-0.0730729833318539,1.6609761099930531,0.24089753526951235,-0.0730729833318539,1.6609761099930531,0.0,0.0,0.0,4.573481489575224,0.0762246914929204
1.1499999999999841,0.25243871382787886,-0.07392919959418044,1.6620427055855895,0.24089753526951235,-0.0730729833318539,1.6609761099930531,0.24089753526951235,-0.0730729833318539,1.6609761099930531,0.0,0.0,0.0,4.572752350433389,0.07621253917388983
1.150999999999984,0.2523748746985246,-0.07392139295288344,1.662033444393683,0.24089753526951235,-0.0730729833318539,1.6609761099930531,0.24089753526951235,-0.0730729833318539,1.6609761099930531,0.0,0.0,0.0,4.572023590527558,0.0762003931754593
1.151999999999984,0.25231113582121756,-0.07391353005818325,1.6620241194565055,0.24089753526951235,-0.0730729833318539,1.6609761099930531,0.24089753526951235,-0.0730729833318539,1.6609761099930531,0.0,0.0,0.0,4.571295255411195,0.07618825425685326
1.1529999999999838,0.2522474990776144,-0.07390561294827243,1.6620147331900366,0.24089753526951235,-0.0730729833318539,1.6609761099930531,0.24089753526951235,-0.0730729833318539,1.6609761099930531,0.0,0.0,0.0,4.5705673922873205,0.07617612320478867
1.1539999999999837,0.2521839663334993,-0.07389764363661165,1.6620052879783571,0.24089753526951235,-0.0730729833318539,1.6609761099930531,0.24089753526951235,-0.0730729833318539,1.6609761099930531,0.0,0.0,0.0,4.569840049858717,0.07616400083097861
1.1549999999999836,0.25212053943879575,-0.07388962411199497,1.6619957861738641,0.24089753526951235,-0.0730729833318539,1.6609761099930531,0.24089753526951235,-0.0730729833318539,1.6609761099930531,0.0,0.0,0.0,4.569113278185973,0.07615188796976621
1.1559999999999835,0.2520572202275719,-0.07388155633862026,1.6619862300974855,0.24089753526951235,-0.0730729833318539,1.6609761099930531,0.24089753526951235,-0.0730729833318539,1.6609761099930531,0.0,0.0,0.0,4.568387128554136,0.07613978547590226
1.1569999999999834,0.2519940105180461,-0.0738734422561687,1.6619766220389003,0.24089753526951235,-0.0730729833318539,1.6609761099930531,0.24089753526951235,-0.0730729833318539,1.6609761099930531,0.0,0.0,0.0,4.567661653345377,0.07612769422242295
1.1579999999999833,0.25193091211258767,-0.07386528377988902,1.6619669642567596,0.24089753526951235,-0.0730729833318539,1.6609761099930531,0.24089753526951235,-0.0730729833318539,1.6609761099930531,0.0,0.0,0.0,4.56693690591902,0.07611561509865034
1.1589999999999832,0.25186792679771597,-0.07385708280068905,1.6619572589789096,0.24089753526951235,-0.0730729833318539,1.6609761099930531,0.24089753526951235,-0.0730729833318539,1.6609761099930531,0.0,0.0,0.0,4.566212940498962,0.07610354900831603
1.159999999999983,0.251805056344095,-0.07384884118523224,1.6619475084026147,0.24089753526951235,-0.0730729833318539,1.6609761099930531,0.24089753526951235,-0.0730729833318539,1.6609761099930531,0.0,0.0,0.0,4.565489812066159,0.07609149686776931
1.160999999999983,0.25174230250652957,-0.07384056077604081,1.6619377146947867,0.24089753526951235,-0.0730729833318539,1.6609761099930531,0.24089753526951235,-0.0730729833318539,1.6609761099930531,0.0,0.0,0.0,4.564767576258793,0.07607945960431323
1.1619999999999828,0.25167966702395606,-0.07383224339160299,1.6619278799922093,0.24089753526951235,-0.0730729833318539,1.6609761099930531,0.24089753526951235,-0.0730729833318539,1.6609761099930531,0.0,0.0,0.0,4.564046289278001,0.07606743815463335
1.1629999999999827,0.2516171516194339,-0.07382389082648688,1.6619180064017698,0.24089753526951235,-0.0730729833318539,1.6609761099930531,0.24089753526951235,-0.0730729833318539,1.6609761099930531,0.0,0.0,0.0,4.563326007799044,0.0760554334633174
1.1639999999999826,0.2515547580001348,-0.07381550485145659,1.6619080960006858,0.24089753526951235,-0.0730729833318539,1.6609761099930531,0.24089753526951235,-0.0730729833318539,1.6609761099930531,0.0,0.0,0.0,4.562606788887686,0.07604344648146143
1.1649999999999825,0.2514924878573305,-0.07380708721359477,1.6618981508367388,0.24089753526951235,-0.0730729833318539,1.6609761099930531,0.24089753526951235,-0.0730729833318539,1.6609761099930531,0.0,0.0,0.0,4.561888689923623,0.07603147816539371
1.1659999999999824,0.25143034286638066,-0.07379863963643012,1.6618881729285042,0.24089753526951235,-0.0730729833318539,1.6609761099930531,0.24089753526951235,-0.0730729833318539,1.6609761099930531,0.0,0.0,0.0,4.561171768526576,0.07601952947544292
1.1669999999999823,0.25136832468671877,-0.0737901638200651,1.6618781642655822,0.24089753526951235,-0.0730729833318539,1.6609761099930531,0.24089753526951235,-0.0730729833318539,1.6609761099930531,0.0,0.0,0.0,4.560456082488439,0.0760076013748073
1.1679999999999822,0.2513064349618371,-0.07378166144131114,1.6618681268088324,0.24089753526951235,-0.0730729833318539,1.6609761099930531,0.24089753526951235,-0.0730729833318539,1.6609761099930531,0.0,0.0,0.0,4.559741689710344,0.07599569482850572
1.168999999999982,0.251244675319272,-0.07377313415382708,1.6618580624906045,0.24089753526951235,-0.0730729833318539,1.6609761099930531,0.24089753526951235,-0.0730729833318539,1.6609761099930531,0.0,0.0,0.0,4.5590286481421165,0.07598381080236861
1.169999999999982,0.25118304737059144,-0.07376458358825769,1.6618479732149716,0.24089753526951235,-0.0730729833318539,1.6609761099930531,0.24089753526951235,-0.0730729833318539,1.6609761099930531,0.0,0.0,0.0,4.558317015727713,0.07597195026212855
1.1709999999999818,0.2511215527113747,-0.07375601135237822,1.661837860857962,0.24089753526951235,-0.0730729833318539,1.6609761099930531,0.24089753526951235,-0.0730729833318539,1.6609761099930531,0.0,0.0,0.0,4.5576068503534355,0.07596011417255726
1.1719999999999817,0.251060192921201,-0.07374741903124196,1.661827727267794,0.24089753526951235,-0.0730729833318539,1.6609761099930531,0.24089753526951235,-0.0730729833318539,1.6609761099930531,0.0,0.0,0.0,4.5568982097994475,0.07594830349665746
1.1729999999999816,0.2509989695636315,-0.07373880818732911,1.6618175742651053,0.24089753526951235,-0.0730729833318539,1.6609761099930531,0.24089753526951235,-0.0730729833318539,1.6609761099930531,0.0,0.0,0.0,4.5561911516946,0.07593651919491
1.1739999999999815,0.2509378841861965,-0.07373018036069832,1.6618074036431907,0.24089753526951235,-0.0730729833318539,1.6609761099930531,0.24089753526951235,-0.0730729833318539,1.6609761099930531,0.0,0.0,0.0,4.555485733475136,0.07592476222458559
1.1749999999999814,0.250876938320377,-0.07372153706914106,1.661797217168225,0.24089753526951235,-0.0730729833318539,1.6609761099930531,0.24089753526951235,-0.0730729833318539,1.6609761099930531,0.0,0.0,0.0,4.554782012344411,0.07591303353907351
1.1759999999999813,0.2508161334815926,-0.07371287980833793,1.6617870165795043,0.24089753526951235,-0.0730729833318539,1.6609761099930531,0.24089753526951235,-0.0730729833318539,1.6609761099930531,0.0,0.0,0.0,4.554080045237786,0.07590133408729643
1.1769999999999812,0.2507554711691872,-0.07370421005201845,1.66177680358967,0.24089753526951235,-0.0730729833318539,1.6609761099930531,0.24089753526951235,-0.0730729833318539,1.6609761099930531,0.0,0.0,0.0,4.553379888786885,0.07588966481311474
1.177999999999981,0.25069495286641336,-0.07369552925211906,1.6617665798849426,0.24089753526951235,-0.0730729833318539,1.6609761099930531,0.24089753526951235,-0.0730729833318539,1.6609761099930531,0.0,0.0,0.0,4.552681599289009,0.07587802665481683
1.178999999999981,0.25063458004042316,-0.07368683883894772,1.6617563471253556,0.24089753526951235,-0.0730729833318539,1.6609761099930531,0.24089753526951235,-0.0730729833318539,1.6609761099930531,0.0,0.0,0.0,4.5519852326765955,0.07586642054460993
1.1799999999999808,0.25057435414224993,-0.07367814022134436,1.6617461069449722,0.24089753526951235,-0.0730729833318539,1.6609761099930531,0.24089753526951235,-0.0730729833318539,1.6609761099930531,0.0,0.0,0.0,4.551290844488686,0.07585484740814477
1.1809999999999807,0.25051427660680325,-0.07366943478684869,1.661735860952132,0.24089753526951235,-0.0730729833318539,1.6609761099930531,0.24089753526951235,-0.0730729833318539,1.6609761099930531,0.0,0.0,0.0,4.550598489847272,0.0758433081641212
1.1819999999999806,0.2504543488528539,-0.07366072390186401,1.661725610729662,0.24089753526951235,-0.0730729833318539,1.6609761099930531,0.24089753526951235,-0.0730729833318539,1.6609761099930531,0.0,0.0,0.0,4.549908223429422,0.0758318037238237
1.1829999999999805,0.25039457228302703,-0.07365200891182683,1.6617153578351191,0.24089753526951235,-0.0730729833318539,1.6609761099930531,0.24089753526951235,-0.0730729833318539,1.6609761099930531,0.0,0.0,0.0,4.549220099447689,0.07582033499079482
1.1839999999999804,0.250334948283791,-0.07364329114137248,1.6617051038010064,0.24089753526951235,-0.0730729833318539,1.6609761099930531,0.24089753526951235,-0.0730729833318539,1.6609761099930531,0.0,0.0,0.0,4.548534171626294,0.07580890286043823
1.1849999999999803,0.2502754782254515,-0.07363457189450577,1.6616948501350037,0.24089753526951235,-0.0730729833318539,1.6609761099930531,0.24089753526951235,-0.0730729833318539,1.6609761099930531,0.0,0.0,0.0,4.547850493182665,0.07579750821971108
1.1859999999999802,0.2502161634621453,-0.07362585245477081,1.6616845983201929,0.24089753526951235,-0.0730729833318539,1.6609761099930531,0.24089753526951235,-0.0730729833318539,1.6609761099930531,0.0,0.0,0.0,4.5471691168082184,0.07578615194680365
1.18699999999998,0.2501570053318342,-0.0736171340854211,1.6616743498152817,0.24089753526951235,-0.0730729833318539,1.6609761099930531,0.24089753526951235,-0.0730729833318539,1.6609761099930531,0.0,0.0,0.0,4.546490094650968,0.07577483491084948
1.18799999999998,0.250098005156301,-0.07360841802959024,1.661664106054831,0.24089753526951235,-0.0730729833318539,1.6609761099930531,0.24089753526951235,-0.0730729833318539,1.6609761099930531,0.0,0.0,0.0,4.545813478299119,0.07576355797165199
1.1889999999999799,0.25003916424114825,-0.07359970551046377,1.6616538684494717,0.24089753526951235,-0.0730729833318539,1.6609761099930531,0.24089753526951235,-0.0730729833318539,1.6609761099930531,0.0,0.0,0.0,4.545139318765469,0.07575232197942448
1.1899999999999797,0.2499804838757942,-0.0735909977314503,1.6616436383861333,0.24089753526951235,-0.0730729833318539,1.6609761099930531,0.24089753526951235,-0.0730729833318539,1.6609761099930531,0.0,0.0,0.0,4.5444676664747385,0.07574112777457898
1.1909999999999796,0.249921965333474,-0.07358229587635376,1.66163341722826,0.24089753526951235,-0.0730729833318539,1.6609761099930531,0.24089753526951235,-0.0730729833318539,1.6609761099930531,0.0,0.0,0.0,4.543798571248664,0.07572997618747773
1.1919999999999795,0.24986360987124212,-0.07357360110954547,1.6616232063160365,0.24089753526951235,-0.0730729833318539,1.6609761099930531,0.24089753526951235,-0.0730729833318539,1.6609761099930531,0.0,0.0,0.0,4.5431320822950525,0.07571886803825087
1.1929999999999794,0.2498054187299726,-0.0735649145761359,1.6616130069666062,0.24089753526951235,-0.0730729833318539,1.6609761099930531,0.24089753526951235,-0.0730729833318539,1.6609761099930531,0.0,0.0,0.0,4.5424682481961876,0.07570780413660312
1.1939999999999793,0.24974739313436636,-0.07355623740214724,1.6616028204742856,0.24089753526951235,-0.0730729833318539,1.6609761099930531,0.24089753526951235,-0.0730729833318539,1.6609761099930531,0.0,0.0,0.0,4.541807116897548,0.0756967852816258
1.1949999999999792,0.24968953429295182,-0.07354757069468365,1.6615926481107914,0.24089753526951235,-0.0730729833318539,1.6609761099930531,0.24089753526951235,-0.0730729833318539,1.6609761099930531,0.0,0.0,0.0,4.541148735700114,0.07568581226166857
1.195999999999979,0.2496318433980954,-0.07353891554210527,1.661582491125448,0.24089753526951235,-0.0730729833318539,1.6609761099930531,0.24089753526951235,-0.0730729833318539,1.6609761099930531,0.0,0.0,0.0,4.540493151249248,0.07567488585415413
1.196999999999979,0.24957432162600934,-0.07353027301419801,1.6615723507454088,0.24089753526951235,-0.0730729833318539,1.6609761099930531,0.24089753526951235,-0.0730729833318539,1.6609761099930531,0.0,0.0,0.0,4.5398404095289555,0.07566400682548259
1.1979999999999789,0.2495169701367616,-0.07352164416234595,1.6615622281758753,0.24089753526951235,-0.0730729833318539,1.6609761099930531,0.24089753526951235,-0.0730729833318539,1.6609761099930531,0.0,0.0,0.0,4.539190555853144,0.07565317593088573
1.1989999999999787,0.2494597900742862,-0.07351303001970073,1.6615521246003024,0.24089753526951235,-0.0730729833318539,1.6609761099930531,0.24089753526951235,-0.0730729833318539,1.6609761099930531,0.0,0.0,0.0,4.538543634858551,0.07564239391430919
1.1999999999999786,0.24940278256639614,-0.07350443160135231,1.661542041180619,0.24089753526951235,-0.0730729833318539,1.6609761099930531,0.24089753526951235,-0.0730729833318539,1.6609761099930531,0.0,0.0,0.0,4.537899690500871,0.07563166150834785
1.2009999999999785,0.24934594872479826,-0.07349584990450035,1.6615319790574354,0.24089753526951235,-0.0730729833318539,1.6609761099930531,0.24089753526951235,-0.0730729833318539,1.6609761099930531,0.0,0.0,0.0,4.537258766047153,0.07562097943411922
1.2019999999999784,0.2492892896451091,-0.07348728590862127,1.6615219393502612,0.24089753526951235,-0.0730729833318539,1.6609761099930531,0.24089753526951235,-0.0730729833318539,1.6609761099930531,0.0,0.0,0.0,4.53662090407291,0.07561034840121517
1.2029999999999783,0.24923280640687143,-0.0734787405756392,1.6615119231577073,0.24089753526951235,-0.0730729833318539,1.6609761099930531,0.24089753526951235,-0.0730729833318539,1.6609761099930531,0.0,0.0,0.0,4.53598614645609,0.07559976910760151
1.2039999999999782,0.24917650007357334,-0.07347021485009265,1.6615019315577046,0.24089753526951235,-0.0730729833318539,1.6609761099930531,0.24089753526951235,-0.0730729833318539,1.6609761099930531,0.0,0.0,0.0,4.535354534375249,0.07558924223958748
1.204999999999978,0.24912037169266915,-0.07346170965930299,1.6614919656077036,0.24089753526951235,-0.0730729833318539,1.6609761099930531,0.24089753526951235,-0.0730729833318539,1.6609761099930531,0.0,0.0,0.0,4.534726108304636,0.07557876847174394
1.205999999999978,0.24906442229559927,-0.07345322591354099,1.6614820263448882,0.24089753526951235,-0.0730729833318539,1.6609761099930531,0.24089753526951235,-0.0730729833318539,1.6609761099930531,0.0,0.0,0.0,4.53410090801333,0.07556834846688883
1.2069999999999779,0.24900865289781646,-0.07344476450619326,1.6614721147863787,0.24089753526951235,-0.0730729833318539,1.6609761099930531,0.24089753526951235,-0.0730729833318539,1.6609761099930531,0.0,0.0,0.0,4.5334789725613795,0.07555798287602299
1.2079999999999778,0.24895306449880694,-0.07343632631392845,1.6614622319294385,0.24089753526951235,-0.0730729833318539,1.6609761099930531,0.24089753526951235,-0.0730729833318539,1.6609761099930531,0.0,0.0,0.0,4.532860340298937,0.07554767233831562
1.2089999999999776,0.2488976580821195,-0.07342791219686018,1.6614523787516773,0.24089753526951235,-0.0730729833318539,1.6609761099930531,0.24089753526951235,-0.0730729833318539,1.6609761099930531,0.0,0.0,0.0,4.532245048864737,0.07553741748107895
1.2099999999999775,0.24884243461539157,-0.07341952299871286,1.6614425562112543,0.24089753526951235,-0.0730729833318539,1.6609761099930531,0.24089753526951235,-0.0730729833318539,1.6609761099930531,0.0,0.0,0.0,4.531633135184661,0.07552721891974436
1.2109999999999774,0.24878739505037856,-0.07341115954698418,1.661432765247082,0.24089753526951235,-0.0730729833318539,1.6609761099930531,0.24089753526951235,-0.0730729833318539,1.6609761099930531,0.0,0.0,0.0,4.531024635471753,0.07551707725786255
1.2119999999999773,0.24873254032298453,-0.07340282265310771,1.661423006779025,0.24089753526951235,-0.0730729833318539,1.6609761099930531,0.24089753526951235,-0.0730729833318539,1.6609761099930531,0.0,0.0,0.0,4.530419585224698,0.0755069930870783
1.2129999999999772,0.2486778713532939,-0.0733945131126138,1.6614132817080993,0.24089753526951235,-0.0730729833318539,1.6609761099930531,0.24089753526951235,-0.0730729833318539,1.6609761099930531,0.0,0.0,0.0,4.529818019228856,0.07549696698714761
1.213999999999977,0.24862338904560516,-0.07338623170529174,1.661403590916676,0.24089753526951235,-0.0730729833318539,1.6609761099930531,0.24089753526951235,-0.0730729833318539,1.6609761099930531,0.0,0.0,0.0,4.529219971556528,0.07548699952594214
1.214999999999977,0.24856909428846585,-0.07337797919534772,1.6613939352686717,0.24089753526951235,-0.0730729833318539,1.6609761099930531,0.24089753526951235,-0.0730729833318539,1.6609761099930531,0.0,0.0,0.0,4.52862547556638,0.07547709125943966
1.2159999999999769,0.24851498795470706,-0.07336975633156578,1.6613843156097505,0.24089753526951235,-0.0730729833318539,1.6609761099930531,0.24089753526951235,-0.0730729833318539,1.6609761099930531,0.0,0.0,0.0,4.528034563905573,0.07546724273175955
1.2169999999999768,0.24846107090148342,-0.07336156384746456,1.6613747327675175,0.24089753526951235,-0.0730729833318539,1.6609761099930531,0.24089753526951235,-0.0730729833318539,1.6609761099930531,0.0,0.0,0.0,4.527447268509682,0.07545745447516136
1.2179999999999767,0.24840734397030947,-0.07335340246145454,1.661365187551713,0.24089753526951235,-0.0730729833318539,1.6609761099930531,0.24089753526951235,-0.0730729833318539,1.6609761099930531,0.0,0.0,0.0,4.526863620604731,0.07544772701007885
1.2189999999999765,0.2483538079871024,-0.07334527287699569,1.661355680754406,0.24089753526951235,-0.0730729833318539,1.6609761099930531,0.24089753526951235,-0.0730729833318539,1.6609761099930531,0.0,0.0,0.0,4.526283650708209,0.07543806084513682
1.2199999999999764,0.24830046376222176,-0.07333717578275056,1.6613462131501864,0.24089753526951235,-0.0730729833318539,1.6609761099930531,0.24089753526951235,-0.0730729833318539,1.6609761099930531,0.0,0.0,0.0,4.525707388631069,0.07542845647718449
1.2209999999999763,0.2482473120905122,-0.0733291118527416,1.6613367854963559,0.24089753526951235,-0.0730729833318539,1.6609761099930531,0.24089753526951235,-0.0730729833318539,1.6609761099930531,0.0,0.0,0.0,4.525134863479413,0.07541891439132355
1.2219999999999762,0.24819435375134932,-0.07332108174650191,1.6613273985331172,0.24089753526951235,-0.0730729833318539,1.6609761099930531,0.24089753526951235,-0.0730729833318539,1.6609761099930531,0.0,0.0,0.0,4.524566103656642,0.07540943506094402
1.222999999999976,0.24814158950868348,-0.07331308610922974,1.6613180529837632,0.24089753526951235,-0.0730729833318539,1.6609761099930531,0.24089753526951235,-0.0730729833318539,1.6609761099930531,0.0,0.0,0.0,4.524001136865588,0.0754000189477598
1.223999999999976,0.24808902011108752,-0.07330512557193918,1.661308749554865,0.24089753526951235,-0.0730729833318539,1.6609761099930531,0.24089753526951235,-0.0730729833318539,1.6609761099930531,0.0,0.0,0.0,4.523439990111304,0.07539066650185507
1.2249999999999759,0.24803664629180405,-0.07329720075161175,1.6612994889364563,0.24089753526951235,-0.0730729833318539,1.6609761099930531,0.24089753526951235,-0.0730729833318539,1.6609761099930531,0.0,0.0,0.0,4.522882689703007,0.07538137816171678
1.2259999999999758,0.24798446876879499,-0.07328931225134504,1.6612902718022233,0.24089753526951235,-0.0730729833318539,1.6609761099930531,0.24089753526951235,-0.0730729833318539,1.6609761099930531,0.0,0.0,0.0,4.522329261257729,0.07537215435429549
1.2269999999999757,0.24793248824479142,-0.07328146066050245,1.6612810988096807,0.24089753526951235,-0.0730729833318539,1.6609761099930531,0.24089753526951235,-0.0730729833318539,1.6609761099930531,0.0,0.0,0.0,4.521779729701845,0.07536299549503075
1.2279999999999756,0.24788070540734658,-0.07327364655486096,1.6612719706003636,0.24089753526951235,-0.0730729833318539,1.6609761099930531,0.24089753526951235,-0.0730729833318539,1.6609761099930531,0.0,0.0,0.0,4.521234119276038,0.07535390198793396
1.2289999999999754,0.2478291209288859,-0.07326587049675717,1.6612628878000026,0.24089753526951235,-0.0730729833318539,1.6609761099930531,0.24089753526951235,-0.0730729833318539,1.6609761099930531,0.0,0.0,0.0,4.520692453536602,0.07534487422561004
1.2299999999999753,0.24777773546676474,-0.07325813303523492,1.6612538510187091,0.24089753526951235,-0.0730729833318539,1.6609761099930531,0.24089753526951235,-0.0730729833318539,1.6609761099930531,0.0,0.0,0.0,4.520154755359596,0.0753359125893266
1.2309999999999752,0.24772654966331958,-0.07325043470618792,1.66124486085115,0.24089753526951235,-0.0730729833318539,1.6609761099930531,0.24089753526951235,-0.0730729833318539,1.6609761099930531,0.0,0.0,0.0,4.519621046944226,0.07532701744907043
1.2319999999999751,0.2476755641459265,-0.07324277603250685,1.6612359178767315,0.24089753526951235,-0.0730729833318539,1.6609761099930531,0.24089753526951235,-0.0730729833318539,1.6609761099930531,0.0,0.0,0.0,4.519091349816736,0.07531818916361227
1.232999999999975,0.24762477952705755,-0.07323515752421964,1.6612270226597712,0.24089753526951235,-0.0730729833318539,1.6609761099930531,0.24089753526951235,-0.0730729833318539,1.6609761099930531,0.0,0.0,0.0,4.518565684833109,0.07530942808055181
1.233999999999975,0.2475741964043393,-0.07322757967863555,1.661218175749677,0.24089753526951235,-0.0730729833318539,1.6609761099930531,0.24089753526951235,-0.0730729833318539,1.6609761099930531,0.0,0.0,0.0,4.518044072183703,0.07530073453639505
1.2349999999999748,0.24752381536061202,-0.07322004298048479,1.6612093776811212,0.24089753526951235,-0.0730729833318539,1.6609761099930531,0.24089753526951235,-0.0730729833318539,1.6609761099930531,0.0,0.0,0.0,4.517526531396774,0.0752921088566129
1.2359999999999747,0.2474736369639908,-0.07321254790206062,1.6612006289742145,0.24089753526951235,-0.0730729833318539,1.6609761099930531,0.24089753526951235,-0.0730729833318539,1.6609761099930531,0.0,0.0,0.0,4.517013081342262,0.07528355135570437
1.2369999999999746,0.24742366176792513,-0.07320509490335693,1.6611919301346774,0.24089753526951235,-0.0730729833318539,1.6609761099930531,0.24089753526951235,-0.0730729833318539,1.6609761099930531,0.0,0.0,0.0,4.516503740236376,0.07527506233727294
1.2379999999999745,0.2473738903112641,-0.07319768443220757,1.6611832816540113,0.24089753526951235,-0.0730729833318539,1.6609761099930531,0.24089753526951235,-0.0730729833318539,1.6609761099930531,0.0,0.0,0.0,4.515998525645412,0.0752666420940902
1.2389999999999743,0.2473243231183166,-0.07319031692442313,1.6611746840096728,0.24089753526951235,-0.0730729833318539,1.6609761099930531,0.24089753526951235,-0.0730729833318539,1.6609761099930531,0.0,0.0,0.0,4.5154974544893225,0.07525829090815538
1.2399999999999742,0.24727496069891786,-0.0731829928039282,1.661166137665236,0.24089753526951235,-0.0730729833318539,1.6609761099930531,0.24089753526951235,-0.0730729833318539,1.6609761099930531,0.0,0.0,0.0,4.515000543048871,0.07525000905081453
1.2409999999999741,0.24722580354849483,-0.07317571248289648,1.6611576430705661,0.24089753526951235,-0.0730729833318539,1.6609761099930531,0.24089753526951235,-0.0730729833318539,1.6609761099930531,0.0,0.0,0.0,4.514507806965964,0.07524179678276607
1.241999999999974,0.24717685214813062,-0.07316847636188498,1.661149200661982,0.24089753526951235,-0.0730729833318539,1.6609761099930531,0.24089753526951235,-0.0730729833318539,1.6609761099930531,0.0,0.0,0.0,4.514019261250534,0.07523365435417557
1.242999999999974,0.24712810696463255,-0.07316128482996831,1.6611408108624228,0.24089753526951235,-0.0730729833318539,1.6609761099930531,0.24089753526951235,-0.0730729833318539,1.6609761099930531,0.0,0.0,0.0,4.513534920284733,0.07522558200474555
1.2439999999999738,0.24707956845060142,-0.07315413826487129,1.6611324740816165,0.24089753526951235,-0.0730729833318539,1.6609761099930531,0.24089753526951235,-0.0730729833318539,1.6609761099930531,0.0,0.0,0.0,4.513054797827918,0.07521757996379863
1.2449999999999737,0.2470312370444971,-0.07314703703310016,1.661124190716234,0.24089753526951235,-0.0730729833318539,1.6609761099930531,0.24089753526951235,-0.0730729833318539,1.6609761099930531,0.0,0.0,0.0,4.512578907020231,0.07520964845033719
1.2459999999999736,0.2469831131707121,-0.07313998149007403,1.6611159611500603,0.24089753526951235,-0.0730729833318539,1.6609761099930531,0.24089753526951235,-0.0730729833318539,1.6609761099930531,0.0,0.0,0.0,4.512107260388627,0.0752017876731438
1.2469999999999735,0.24693519723963836,-0.07313297198025512,1.6611077857541503,0.24089753526951235,-0.0730729833318539,1.6609761099930531,0.24089753526951235,-0.0730729833318539,1.6609761099930531,0.0,0.0,0.0,4.511639869851082,0.07519399783085136
1.2479999999999734,0.24688748964774174,-0.07312600883727663,1.6610996648869878,0.24089753526951235,-0.0730729833318539,1.6609761099930531,0.24089753526951235,-0.0730729833318539,1.6609761099930531,0.0,0.0,0.0,4.511176746721222,0.07518627911202036
1.2489999999999732,0.24683999077763108,-0.07311909238407277,1.6610915988946477,0.24089753526951235,-0.0730729833318539,1.6609761099930531,0.24089753526951235,-0.0730729833318539,1.6609761099930531,0.0,0.0,0.0,4.51071790171391,0.07517863169523184
1.2499999999999731,0.24679270099813413,-0.07311222293300368,1.6610835881109511,0.24089753526951235,-0.0730729833318539,1.6609761099930531,0.24089753526951235,-0.0730729833318539,1.6609761099930531,0.0,0.0,0.0,4.510263344949293,0.07517105574915489
1.250999999999973,0.246745620664368,-0.07310540078598374,1.6610756328576186,0.24089753526951235,-0.0730729833318539,1.6609761099930531,0.24089753526951235,-0.0730729833318539,1.6609761099930531,0.0,0.0,0.0,4.509813085958768,0.07516355143264614
1.251999999999973,0.24669875011781583,-0.07309862623460534,1.661067733444431,0.24089753526951235,-0.0730729833318539,1.6609761099930531,0.24089753526951235,-0.0730729833318539,1.6609761099930531,0.0,0.0,0.0,4.509367133689469,0.07515611889482449
1.2529999999999728,0.24665208968640057,-0.07309189956026518,1.661059890169379,0.24089753526951235,-0.0730729833318539,1.6609761099930531,0.24089753526951235,-0.0730729833318539,1.6609761099930531,0.0,0.0,0.0,4.508925496509578,0.07514875827515963
1.2539999999999727,0.2466056396845611,-0.07308522103428691,1.661052103318817,0.24089753526951235,-0.0730729833318539,1.6609761099930531,0.24089753526951235,-0.0730729833318539,1.6609761099930531,0.0,0.0,0.0,4.5084881822133855,0.07514146970355642
1.2549999999999726,0.24655940041332836,-0.07307859091804332,1.6610443731676134,0.24089753526951235,-0.0730729833318539,1.6609761099930531,0.24089753526951235,-0.0730729833318539,1.6609761099930531,0.0,0.0,0.0,4.508055198026429,0.07513425330044048
1.2559999999999725,0.24651337216040264,-0.07307200946307868,1.661036699979304,0.24089753526951235,-0.0730729833318539,1.6609761099930531,0.24089753526951235,-0.0730729833318539,1.6609761099930531,0.0,0.0,0.0,4.507626550611081,0.07512710917685135
1.2569999999999724,0.24646755520023106,-0.0730654769112311,1.6610290840062372,0.24089753526951235,-0.0730729833318539,1.6609761099930531,0.24089753526951235,-0.0730729833318539,1.6609761099930531,0.0,0.0,0.0,4.507202246071104,0.07512003743451841
1.2579999999999723,0.2464219497940856,-0.07305899349475017,1.6610215254897231,0.24089753526951235,-0.0730729833318539,1.6609761099930531,0.24089753526951235,-0.0730729833318539,1.6609761099930531,0.0,0.0,0.0,4.506782289957633,0.07511303816596056
1.2589999999999721,0.2463765561901426,-0.07305255943641811,1.6610140246601839,0.24089753526951235,-0.0730729833318539,1.6609761099930531,0.24089753526951235,-0.0730729833318539,1.6609761099930531,0.0,0.0,0.0,4.5063666872742925,0.07510611145457154
1.259999999999972,0.24633137462356106,-0.0730461749496677,1.6610065817372932,0.24089753526951235,-0.0730729833318539,1.6609761099930531,0.24089753526951235,-0.0730729833318539,1.6609761099930531,0.0,0.0,0.0,4.505955442481816,0.07509925737469693
1.260999999999972,0.24628640531656454,-0.07303984023869912,1.660999196930127,0.24089753526951235,-0.0730729833318539,1.6609761099930531,0.24089753526951235,-0.0730729833318539,1.6609761099930531,0.0,0.0,0.0,4.505548559504931,0.07509247599174886
1.2619999999999718,0.24624164847851965,-0.07303355549859696,1.6609918704373015,0.24089753526951235,-0.0730729833318539,1.6609761099930531,0.24089753526951235,-0.0730729833318539,1.6609761099930531,0.0,0.0,0.0,4.505146041736107,0.07508576736226845
1.2629999999999717,0.24619710430601865,-0.07302732091544688,1.660984602447118,0.24089753526951235,-0.0730729833318539,1.6609761099930531,0.24089753526951235,-0.0730729833318539,1.6609761099930531,0.0,0.0,0.0,4.504747892041953,0.07507913153403255
1.2639999999999716,0.2461527729829599,-0.07302113666644912,1.6609773931377063,0.24089753526951235,-0.0730729833318539,1.6609761099930531,0.24089753526951235,-0.0730729833318539,1.6609761099930531,0.0,0.0,0.0,4.504354112768642,0.07507256854614403
1.2649999999999715,0.24610865468063103,-0.07301500292003377,1.6609702426771586,0.24089753526951235,-0.0730729833318539,1.6609761099930531,0.24089753526951235,-0.0730729833318539,1.6609761099930531,0.0,0.0,0.0,4.503964705746499,0.07506607842910833
1.2659999999999714,0.24606474955779128,-0.07300891983597363,1.6609631512236729,0.24089753526951235,-0.0730729833318539,1.6609761099930531,0.24089753526951235,-0.0730729833318539,1.6609761099930531,0.0,0.0,0.0,4.503579672296898,0.07505966120494831
1.2669999999999713,0.24602105776075345,-0.07300288756549637,1.660956118925692,0.24089753526951235,-0.0730729833318539,1.6609761099930531,0.24089753526951235,-0.0730729833318539,1.6609761099930531,0.0,0.0,0.0,4.503199013236565,0.07505331688727608
1.2679999999999712,0.24597757942346996,-0.07299690625139585,1.6609491459220338,0.24089753526951235,-0.0730729833318539,1.6609761099930531,0.24089753526951235,-0.0730729833318539,1.6609761099930531,0.0,0.0,0.0,4.502822728883031,0.07504704548138386
1.268999999999971,0.24593431466761306,-0.07299097602814487,1.6609422323420324,0.24089753526951235,-0.0730729833318539,1.6609761099930531,0.24089753526951235,-0.0730729833318539,1.6609761099930531,0.0,0.0,0.0,4.5024508190614245,0.07504084698435708
1.269999999999971,0.2458912636026624,-0.07298509702200158,1.6609353783056693,0.24089753526951235,-0.0730729833318539,1.6609761099930531,0.24089753526951235,-0.0730729833318539,1.6609761099930531,0.0,0.0,0.0,4.502083283108443,0.07503472138514072
1.2709999999999708,0.24584842632599124,-0.07297926935112274,1.6609285839237102,0.24089753526951235,-0.0730729833318539,1.6609761099930531,0.24089753526951235,-0.0730729833318539,1.6609761099930531,0.0,0.0,0.0,4.5017201198787875,0.07502866866464646
1.2719999999999707,0.2458058029229439,-0.07297349312566817,1.660921849297831,0.24089753526951235,-0.0730729833318539,1.6609761099930531,0.24089753526951235,-0.0730729833318539,1.6609761099930531,0.0,0.0,0.0,4.501361327750522,0.07502268879584204
1.2729999999999706,0.24576339346692957,-0.07296776844791043,1.6609151745207533,0.24089753526951235,-0.0730729833318539,1.6609761099930531,0.24089753526951235,-0.0730729833318539,1.6609761099930531,0.0,0.0,0.0,4.5010069046307315,0.07501678174384553
1.2739999999999705,0.2457211980195069,-0.07296209541234164,1.6609085596763753,0.24089753526951235,-0.0730729833318539,1.6609761099930531,0.24089753526951235,-0.0730729833318539,1.6609761099930531,0.0,0.0,0.0,4.500656847960912,0.07501094746601521
1.2749999999999704,0.24567921663046538,-0.07295647410577787,1.660902004839898,0.24089753526951235,-0.0730729833318539,1.6609761099930531,0.24089753526951235,-0.0730729833318539,1.6609761099930531,0.0,0.0,0.0,4.500311154722043,0.07500518591203405
1.2759999999999703,0.24563744933791581,-0.07295090460746463,1.6608955100779472,0.24089753526951235,-0.0730729833318539,1.6609761099930531,0.24089753526951235,-0.0730729833318539,1.6609761099930531,0.0,0.0,0.0,4.499969821440938,0.07499949702401562
1.2769999999999702,0.2455958961683779,-0.07294538698918225,1.6608890754487153,0.24089753526951235,-0.0730729833318539,1.6609761099930531,0.24089753526951235,-0.0730729833318539,1.6609761099930531,0.0,0.0,0.0,4.499632844196478,0.07499388073660797
1.27799999999997,0.24555455713686505,-0.07293992131534843,1.6608827010020706,0.24089753526951235,-0.0730729833318539,1.6609761099930531,0.24089753526951235,-0.0730729833318539,1.6609761099930531,0.0,0.0,0.0,4.499300218622608,0.07498833697704346
1.27899999999997,0.24551343224697325,-0.07293450764312004,1.6608763867796918,0.24089753526951235,-0.0730729833318539,1.6609761099930531,0.24089753526951235,-0.0730729833318539,1.6609761099930531,0.0,0.0,0.0,4.49897193991668,0.074982865665278
1.2799999999999698,0.24547252149096765,-0.07292914602249659,1.6608701328151845,0.24089753526951235,-0.0730729833318539,1.6609761099930531,0.24089753526951235,-0.0730729833318539,1.6609761099930531,0.0,0.0,0.0,4.4986480028431775,0.07497746671405296
1.2809999999999697,0.2454318248498723,-0.07292383649642009,1.66086393913421,0.24089753526951235,-0.0730729833318539,1.6609761099930531,0.24089753526951235,-0.0730729833318539,1.6609761099930531,0.0,0.0,0.0,4.498328401740733,0.07497214002901222
1.2819999999999696,0.2453913422935569,-0.07291857910087543,1.6608578057546006,0.24089753526951235,-0.0730729833318539,1.6609761099930531,0.24089753526951235,-0.0730729833318539,1.6609761099930531,0.0,0.0,0.0,4.498013130526141,0.07496688550876902
1.2829999999999695,0.2453510737808277,-0.0729133738649913,1.6608517326864858,0.24089753526951235,-0.0730729833318539,1.6609761099930531,0.24089753526951235,-0.0730729833318539,1.6609761099930531,0.0,0.0,0.0,4.497702182701328,0.07496170304502213
1.2839999999999694,0.24531101925951299,-0.07290822081113633,1.6608457199324043,0.24089753526951235,-0.0730729833318539,1.6609761099930531,0.24089753526951235,-0.0730729833318539,1.6609761099930531,0.0,0.0,0.0,4.497395551357449,0.07495659252262414
1.2849999999999693,0.24527117866655318,-0.07290311995501922,1.6608397674874236,0.24089753526951235,-0.0730729833318539,1.6609761099930531,0.24089753526951235,-0.0730729833318539,1.6609761099930531,0.0,0.0,0.0,4.497093229181752,0.07495155381969587
1.2859999999999692,0.2452315519280917,-0.07289807130578446,1.6608338753392637,0.24089753526951235,-0.0730729833318539,1.6609761099930531,0.24089753526951235,-0.0730729833318539,1.6609761099930531,0.0,0.0,0.0,4.496795208462976,0.07494658680771628
1.286999999999969,0.24519213895956268,-0.07289307486610945,1.6608280434684015,0.24089753526951235,-0.0730729833318539,1.6609761099930531,0.24089753526951235,-0.0730729833318539,1.6609761099930531,0.0,0.0,0.0,4.496501481095484,0.0749416913515914
1.287999999999969,0.2451529396657804,-0.0728881306322997,1.6608222718481969,0.24089753526951235,-0.0730729833318539,1.6609761099930531,0.24089753526951235,-0.0730729833318539,1.6609761099930531,0.0,0.0,0.0,4.496212038586695,0.07493686730977825
1.2889999999999688,0.24511395394102997,-0.07288323859438436,1.6608165604449974,0.24089753526951235,-0.0730729833318539,1.6609761099930531,0.24089753526951235,-0.0730729833318539,1.6609761099930531,0.0,0.0,0.0,4.495926872060913,0.07493211453434855
1.2899999999999687,0.24507518166915643,-0.07287839873620872,1.6608109092182557,0.24089753526951235,-0.0730729833318539,1.6609761099930531,0.24089753526951235,-0.0730729833318539,1.6609761099930531,0.0,0.0,0.0,4.495645972265886,0.0749274328710981
1.2909999999999686,0.24503662272365478,-0.0728736110355296,1.6608053181206395,0.24089753526951235,-0.0730729833318539,1.6609761099930531,0.24089753526951235,-0.0730729833318539,1.6609761099930531,0.0,0.0,0.0,4.495369329578039,0.07492282215963399
1.2919999999999685,0.24499827696776005,-0.07286887546410571,1.6607997870981432,0.24089753526951235,-0.0730729833318539,1.6609761099930531,0.24089753526951235,-0.0730729833318539,1.6609761099930531,0.0,0.0,0.0,4.495096934007928,0.07491828223346547
1.2929999999999684,0.24496014425453824,-0.07286419198779111,1.660794316090198,0.24089753526951235,-0.0730729833318539,1.6609761099930531,0.24089753526951235,-0.0730729833318539,1.6609761099930531,0.0,0.0,0.0,4.49482877520526,0.07491381292008767
1.2939999999999683,0.2449222244269751,-0.0728595605666253,1.660788905029775,0.24089753526951235,-0.0730729833318539,1.6609761099930531,0.24089753526951235,-0.0730729833318539,1.6609761099930531,0.0,0.0,0.0,4.494564842464599,0.07490941404107665
1.2949999999999682,0.24488451731806793,-0.07285498115492445,1.6607835538435018,0.24089753526951235,-0.0730729833318539,1.6609761099930531,0.24089753526951235,-0.0730729833318539,1.6609761099930531,0.0,0.0,0.0,4.494305124731465,0.07490508541219108
1.295999999999968,0.24484702275091527,-0.07285045370136933,1.6607782624517606,0.24089753526951235,-0.0730729833318539,1.6609761099930531,0.24089753526951235,-0.0730729833318539,1.6609761099930531,0.0,0.0,0.0,4.494049610606271,0.07490082684343785
1.296999999999968,0.24480974053880883,-0.07284597814909544,1.6607730307687993,0.24089753526951235,-0.0730729833318539,1.6609761099930531,0.24089753526951235,-0.0730729833318539,1.6609761099930531,0.0,0.0,0.0,4.493798288351213,0.07489663813918689
1.2979999999999678,0.2447726704853212,-0.07284155443578004,1.6607678587028327,0.24089753526951235,-0.0730729833318539,1.6609761099930531,0.24089753526951235,-0.0730729833318539,1.6609761099930531,0.0,0.0,0.0,4.493551145894708,0.07489251909824514
1.2989999999999677,0.24473581238439954,-0.07283718249373171,1.6607627461561474,0.24089753526951235,-0.0730729833318539,1.6609761099930531,0.24089753526951235,-0.0730729833318539,1.6609761099930531,0.0,0.0,0.0,4.493308170836893,0.07488846951394822
1.2999999999999676,0.24469916602045436,-0.07283286224997315,1.6607576930252048,0.24089753526951235,-0.0730729833318539,1.6609761099930531,0.24089753526951235,-0.0730729833318539,1.6609761099930531,0.0,0.0,0.0,4.493069350455293,0.07488448917425489
1.3009999999999675,0.24466273116845072,-0.07282859362632996,1.6607526992007395,0.24089753526951235,-0.0730729833318539,1.6609761099930531,0.24089753526951235,-0.0730729833318539,1.6609761099930531,0.0,0.0,0.0,4.492834671709381,0.07488057786182302
1.3019999999999674,0.24462650759400156,-0.0728243765395156,1.660747764567866,0.24089753526951235,-0.0730729833318539,1.6609761099930531,0.24089753526951235,-0.0730729833318539,1.6609761099930531,0.0,0.0,0.0,4.49260412124689,0.07487673535411483
1.3029999999999673,0.24459049505345132,-0.07282021090121328,1.6607428890061704,0.24089753526951235,-0.0730729833318539,1.6609761099930531,0.24089753526951235,-0.0730729833318539,1.6609761099930531,0.0,0.0,0.0,4.492377685407967,0.07487296142346613
1.3039999999999672,0.24455469329397475,-0.07281609661816277,1.6607380723898153,0.24089753526951235,-0.0730729833318539,1.6609761099930531,0.24089753526951235,-0.0730729833318539,1.6609761099930531,0.0,0.0,0.0,4.492155350231647,0.07486925583719412
1.304999999999967,0.24451910205366412,-0.07281203359224128,1.6607333145876362,0.24089753526951235,-0.0730729833318539,1.6609761099930531,0.24089753526951235,-0.0730729833318539,1.6609761099930531,0.0,0.0,0.0,4.4919371014596425,0.07486561835766072
1.305999999999967,0.24448372106161803,-0.07280802172054654,1.6607286154632335,0.24089753526951235,-0.0730729833318539,1.6609761099930531,0.24089753526951235,-0.0730729833318539,1.6609761099930531,0.0,0.0,0.0,4.491722924542548,0.0748620487423758
1.3069999999999669,0.24444855003803556,-0.0728040608954773,1.6607239748750746,0.24089753526951235,-0.0730729833318539,1.6609761099930531,0.24089753526951235,-0.0730729833318539,1.6609761099930531,0.0,0.0,0.0,4.4915128046448505,0.07485854674408084
1.3079999999999667,0.24441358869430496,-0.07280015100481545,1.6607193926765855,0.24089753526951235,-0.0730729833318539,1.6609761099930531,0.24089753526951235,-0.0730729833318539,1.6609761099930531,0.0,0.0,0.0,4.491306726649599,0.07485511211082665
1.3089999999999666,0.24437883673309388,-0.07279629193180523,1.6607148687162439,0.24089753526951235,-0.0730729833318539,1.6609761099930531,0.24089753526951235,-0.0730729833318539,1.6609761099930531,0.0,0.0,0.0,4.491104675164197,0.07485174458606995
1.3099999999999665,0.24434429384844175,-0.07279248355523238,1.6607104028376747,0.24089753526951235,-0.0730729833318539,1.6609761099930531,0.24089753526951235,-0.0730729833318539,1.6609761099930531,0.0,0.0,0.0,4.490906634524844,0.0748484439087474
1.3109999999999664,0.24430995972584785,-0.07278872574950414,1.660705994879739,0.24089753526951235,-0.0730729833318539,1.6609761099930531,0.24089753526951235,-0.0730729833318539,1.6609761099930531,0.0,0.0,0.0,4.49071258880186,0.07484520981336433
1.3119999999999663,0.24427583404236367,-0.07278501838472473,1.6607016446766272,0.24089753526951235,-0.0730729833318539,1.6609761099930531,0.24089753526951235,-0.0730729833318539,1.6609761099930531,0.0,0.0,0.0,4.4905225218048805,0.07484204203008134
1.3129999999999662,0.2442419164666812,-0.07278136132677533,1.6606973520579473,0.24089753526951235,-0.0730729833318539,1.6609761099930531,0.24089753526951235,-0.0730729833318539,1.6609761099930531,0.0,0.0,0.0,4.490336417087476,0.07483894028479127
1.313999999999966,0.24420820665922577,-0.07277775443738871,1.6606931168488184,0.24089753526951235,-0.0730729833318539,1.6609761099930531,0.24089753526951235,-0.0730729833318539,1.6609761099930531,0.0,0.0,0.0,4.490154257952676,0.07483590429921126
1.314999999999966,0.24417470427224344,-0.07277419757422618,1.6606889388699533,0.24089753526951235,-0.0730729833318539,1.6609761099930531,0.24089753526951235,-0.0730729833318539,1.6609761099930531,0.0,0.0,0.0,4.489976027456971,0.07483293379094952
1.3159999999999659,0.2441414089498924,-0.07277069059095205,1.660684817937748,0.24089753526951235,-0.0730729833318539,1.6609761099930531,0.24089753526951235,-0.0730729833318539,1.6609761099930531,0.0,0.0,0.0,4.489801708416313,0.07483002847360522
1.3169999999999658,0.24410832032833066,-0.07276723333730761,1.660680753864368,0.24089753526951235,-0.0730729833318539,1.6609761099930531,0.24089753526951235,-0.0730729833318539,1.6609761099930531,0.0,0.0,0.0,4.48963128341047,0.07482718805684117
1.3179999999999656,0.24407543803581155,-0.07276382565918718,1.6606767464578374,0.24089753526951235,-0.0730729833318539,1.6609761099930531,0.24089753526951235,-0.0730729833318539,1.6609761099930531,0.0,0.0,0.0,4.489464734788089,0.07482441224646814
1.3189999999999655,0.24404276169276434,-0.072760467398708,1.6606727955221168,0.24089753526951235,-0.0730729833318539,1.6609761099930531,0.24089753526951235,-0.0730729833318539,1.6609761099930531,0.0,0.0,0.0,4.489302044670904,0.07482170074451507
1.3199999999999654,0.24401029091189222,-0.07275715839428579,1.6606689008571955,0.24089753526951235,-0.0730729833318539,1.6609761099930531,0.24089753526951235,-0.0730729833318539,1.6609761099930531,0.0,0.0,0.0,4.4891431949593015,0.07481905324932168
1.3209999999999653,0.24397802529825596,-0.07275389848070406,1.6606650622591657,0.24089753526951235,-0.0730729833318539,1.6609761099930531,0.24089753526951235,-0.0730729833318539,1.6609761099930531,0.0,0.0,0.0,4.488988167336408,0.0748164694556068
1.3219999999999652,0.24394596444936584,-0.07275068748918698,1.660661279520311,0.24089753526951235,-0.0730729833318539,1.6609761099930531,0.24089753526951235,-0.0730729833318539,1.6609761099930531,0.0,0.0,0.0,4.488836943273395,0.07481394905455659
1.322999999999965,0.24391410795526797,-0.07274752524746773,1.660657552429182,0.24089753526951235,-0.0730729833318539,1.6609761099930531,0.24089753526951235,-0.0730729833318539,1.6609761099930531,0.0,0.0,0.0,4.488689504033983,0.07481149173389973
1.323999999999965,0.24388245539863723,-0.07274441157986075,1.6606538807706857,0.24089753526951235,-0.0730729833318539,1.6609761099930531,0.24089753526951235,-0.0730729833318539,1.6609761099930531,0.0,0.0,0.0,4.488545830679394,0.0748090971779899
1.3249999999999649,0.24385100635486,-0.07274134630732879,1.660650264326152,0.24089753526951235,-0.0730729833318539,1.6609761099930531,0.24089753526951235,-0.0730729833318539,1.6609761099930531,0.0,0.0,0.0,4.4884059040716755,0.07480676506786126
1.3259999999999648,0.2438197603921291,-0.0727383292475522,1.6606467028734264,0.24089753526951235,-0.0730729833318539,1.6609761099930531,0.24089753526951235,-0.0730729833318539,1.6609761099930531,0.0,0.0,0.0,4.488269704880568,0.0748044950813428
1.3269999999999647,0.24378871707152658,-0.07273536021499674,1.660643196186937,0.24089753526951235,-0.0730729833318539,1.6609761099930531,0.24089753526951235,-0.0730729833318539,1.6609761099930531,0.0,0.0,0.0,4.488137213585519,0.07480228689309198
1.3279999999999645,0.24375787594711396,-0.07273243902098014,1.6606397440377756,0.24089753526951235,-0.0730729833318539,1.6609761099930531,0.24089753526951235,-0.0730729833318539,1.6609761099930531,0.0,0.0,0.0,4.488008410482003,0.07480014017470005
1.3289999999999644,0.2437272365660203,-0.0727295654737392,1.6606363461937732,0.24089753526951235,-0.0730729833318539,1.6609761099930531,0.24089753526951235,-0.0730729833318539,1.6609761099930531,0.0,0.0,0.0,4.487883275685745,0.07479805459476242
1.3299999999999643,0.2436967984685292,-0.07272673937849461,1.6606330024195768,0.24089753526951235,-0.0730729833318539,1.6609761099930531,0.24089753526951235,-0.0730729833318539,1.6609761099930531,0.0,0.0,0.0,4.4877617891367,0.074796029818945
1.3309999999999642,0.24366656118816488,-0.07272396053751777,1.6606297124767226,0.24089753526951235,-0.0730729833318539,1.6609761099930531,0.24089753526951235,-0.0730729833318539,1.6609761099930531,0.0,0.0,0.0,4.487643930603646,0.07479406551006076
1.331999999999964,0.24363652425178228,-0.07272122875019318,1.6606264761237095,0.24089753526951235,-0.0730729833318539,1.6609761099930531,0.24089753526951235,-0.0730729833318539,1.6609761099930531,0.0,0.0,0.0,4.487529679688618,0.07479216132814363
1.332999999999964,0.24360668717964964,-0.07271854381308429,1.6606232931160687,0.24089753526951235,-0.0730729833318539,1.6609761099930531,0.24089753526951235,-0.0730729833318539,1.6609761099930531,0.0,0.0,0.0,4.487419015831365,0.07479031693052275
1.3339999999999639,0.2435770494855414,-0.07271590551999499,1.660620163206445,0.24089753526951235,-0.0730729833318539,1.6609761099930531,0.24089753526951235,-0.0730729833318539,1.6609761099930531,0.0,0.0,0.0,4.4873119183140835,0.0747885319719014
1.3349999999999638,0.24354761067681682,-0.07271331366203401,1.660617086144659,0.24089753526951235,-0.0730729833318539,1.6609761099930531,0.24089753526951235,-0.0730729833318539,1.6609761099930531,0.0,0.0,0.0,4.487208366264248,0.07478680610440414
1.3359999999999637,0.2435183702545105,-0.07271076802767443,1.6606140616777794,0.24089753526951235,-0.0730729833318539,1.6609761099930531,0.24089753526951235,-0.0730729833318539,1.6609761099930531,0.0,0.0,0.0,4.487108338660288,0.07478513897767147
1.3369999999999636,0.2434893277134198,-0.07270826840281795,1.660611089550196,0.24089753526951235,-0.0730729833318539,1.6609761099930531,0.24089753526951235,-0.0730729833318539,1.6609761099930531,0.0,0.0,0.0,4.487011814335663,0.07478353023892771
1.3379999999999634,0.24346048254218672,-0.07270581457085357,1.6606081695036876,0.24089753526951235,-0.0730729833318539,1.6609761099930531,0.24089753526951235,-0.0730729833318539,1.6609761099930531,0.0,0.0,0.0,4.486918771982224,0.07478197953303707
1.3389999999999633,0.24343183422338355,-0.07270340631271771,1.660605301277483,0.24089753526951235,-0.0730729833318539,1.6609761099930531,0.24089753526951235,-0.0730729833318539,1.6609761099930531,0.0,0.0,0.0,4.486829190154877,0.07478048650258128
1.3399999999999632,0.2434033822336013,-0.07270104340695521,1.660602484608341,0.24089753526951235,-0.0730729833318539,1.6609761099930531,0.24089753526951235,-0.0730729833318539,1.6609761099930531,0.0,0.0,0.0,4.486743047276603,0.07477905078794338
1.340999999999963,0.24337512604353045,-0.07269872562977642,1.660599719230606,0.24089753526951235,-0.0730729833318539,1.6609761099930531,0.24089753526951235,-0.0730729833318539,1.6609761099930531,0.0,0.0,0.0,4.486660321640388,0.0747776720273398
1.341999999999963,0.24334706511804746,-0.07269645275511623,1.660597004876281,0.24089753526951235,-0.0730729833318539,1.6609761099930531,0.24089753526951235,-0.0730729833318539,1.6609761099930531,0.0,0.0,0.0,4.486580991415335,0.07477634985692225
1.342999999999963,0.2433191989162985,-0.07269422455469234,1.6605943412750854,0.24089753526951235,-0.0730729833318539,1.6609761099930531,0.24089753526951235,-0.0730729833318539,1.6609761099930531,0.0,0.0,0.0,4.486505034649082,0.07477508391081804
1.3439999999999628,0.24329152689178268,-0.07269204079806063,1.6605917281545264,0.24089753526951235,-0.0730729833318539,1.6609761099930531,0.24089753526951235,-0.0730729833318539,1.6609761099930531,0.0,0.0,0.0,4.486432429273398,0.0747738738212233
1.3449999999999627,0.2432640484924365,-0.07268990125267312,1.6605891652399576,0.24089753526951235,-0.0730729833318539,1.6609761099930531,0.24089753526951235,-0.0730729833318539,1.6609761099930531,0.0,0.0,0.0,4.486363153106389,0.07477271921843981
1.3459999999999626,0.24323676316071716,-0.07268780568393367,1.6605866522546469,0.24089753526951235,-0.0730729833318539,1.6609761099930531,0.24089753526951235,-0.0730729833318539,1.6609761099930531,0.0,0.0,0.0,4.486297183857734,0.07477161973096223
1.3469999999999624,0.24320967033368254,-0.07268575385525179,1.6605841889198283,0.24089753526951235,-0.0730729833318539,1.6609761099930531,0.24089753526951235,-0.0730729833318539,1.6609761099930531,0.0,0.0,0.0,4.486234499131545,0.07477057498552574
1.3479999999999623,0.24318276944307915,-0.07268374552809889,1.6605817749547778,0.24089753526951235,-0.0730729833318539,1.6609761099930531,0.24089753526951235,-0.0730729833318539,1.6609761099930531,0.0,0.0,0.0,4.486175076431796,0.0747695846071966
1.3489999999999622,0.2431560599154198,-0.07268178046206182,1.6605794100768627,0.24089753526951235,-0.0730729833318539,1.6609761099930531,0.24089753526951235,-0.0730729833318539,1.6609761099930531,0.0,0.0,0.0,4.486118893163457,0.07476864821939096
1.3499999999999621,0.2431295411720668,-0.07267985841489583,1.660577094001604,0.24089753526951235,-0.0730729833318539,1.6609761099930531,0.24089753526951235,-0.0730729833318539,1.6609761099930531,0.0,0.0,0.0,4.486065926638491,0.07476776544397486
1.350999999999962,0.24310321262931428,-0.07267797914257831,1.6605748264427385,0.24089753526951235,-0.0730729833318539,1.6609761099930531,0.24089753526951235,-0.0730729833318539,1.6609761099930531,0.0,0.0,0.0,4.486016154079087,0.07476693590131811
1.351999999999962,0.24307707369846837,-0.07267614239936004,1.6605726071122744,0.24089753526951235,-0.0730729833318539,1.6609761099930531,0.24089753526951235,-0.0730729833318539,1.6609761099930531,0.0,0.0,0.0,4.485969552620556,0.0747661592103426
1.3529999999999618,0.2430511237859294,-0.07267434793781823,1.6605704357205495,0.24089753526951235,-0.0730729833318539,1.6609761099930531,0.24089753526951235,-0.0730729833318539,1.6609761099930531,0.0,0.0,0.0,4.485926099315638,0.07476543498859396
1.3539999999999617,0.24302536229327065,-0.07267259550890633,1.66056831197629,0.24089753526951235,-0.0730729833318539,1.6609761099930531,0.24089753526951235,-0.0730729833318539,1.6609761099930531,0.0,0.0,0.0,4.485885771138129,0.07476476285230214
1.3549999999999616,0.24299978861732002,-0.07267088486200549,1.6605662355866635,0.24089753526951235,-0.0730729833318539,1.6609761099930531,0.24089753526951235,-0.0730729833318539,1.6609761099930531,0.0,0.0,0.0,4.485848544985886,0.07476414241643142
1.3559999999999615,0.2429744021502389,-0.07266921574497404,1.660564206257337,0.24089753526951235,-0.0730729833318539,1.6609761099930531,0.24089753526951235,-0.0730729833318539,1.6609761099930531,0.0,0.0,0.0,4.4858143976849645,0.0747635732947494
1.3569999999999613,0.24294920227960265,-0.07266758790419825,1.6605622236925326,0.24089753526951235,-0.0730729833318539,1.6609761099930531,0.24089753526951235,-0.0730729833318539,1.6609761099930531,0.0,0.0,0.0,4.485783305992981,0.07476305509988301
1.3579999999999612,0.2429241883884789,-0.0726660010846386,1.66056028759508,0.24089753526951235,-0.0730729833318539,1.6609761099930531,0.24089753526951235,-0.0730729833318539,1.6609761099930531,0.0,0.0,0.0,4.485755246602075,0.07476258744336792
1.3589999999999611,0.24289935985550587,-0.07266445502988093,1.6605583976664693,0.24089753526951235,-0.0730729833318539,1.6609761099930531,0.24089753526951235,-0.0730729833318539,1.6609761099930531,0.0,0.0,0.0,4.485730196142818,0.07476216993571363
1.359999999999961,0.2428747160549723,-0.07266294948218252,1.6605565536069073,0.24089753526951235,-0.0730729833318539,1.6609761099930531,0.24089753526951235,-0.0730729833318539,1.6609761099930531,0.0,0.0,0.0,4.485708131187804,0.0747618021864634
1.360999999999961,0.2428502563568934,-0.07266148418251987,1.6605547551153663,0.24089753526951235,-0.0730729833318539,1.6609761099930531,0.24089753526951235,-0.0730729833318539,1.6609761099930531,0.0,0.0,0.0,4.485689028253957,0.07476148380423261
1.3619999999999608,0.24282598012709,-0.07266005887063579,1.6605530018896375,0.24089753526951235,-0.0730729833318539,1.6609761099930531,0.24089753526951235,-0.0730729833318539,1.6609761099930531,0.0,0.0,0.0,4.485672863807002,0.07476121439678336
1.3629999999999607,0.24280188672726533,-0.07265867328508414,1.6605512936263815,0.24089753526951235,-0.0730729833318539,1.6609761099930531,0.24089753526951235,-0.0730729833318539,1.6609761099930531,0.0,0.0,0.0,4.4856596142639615,0.07476099357106603
1.3639999999999606,0.2427779755150813,-0.0726573271632774,1.6605496300211795,0.24089753526951235,-0.0730729833318539,1.6609761099930531,0.24089753526951235,-0.0730729833318539,1.6609761099930531,0.0,0.0,0.0,4.4856492559968295,0.07476082093328049
1.3649999999999605,0.24275424584423563,-0.07265602024153014,1.6605480107685795,0.24089753526951235,-0.0730729833318539,1.6609761099930531,0.24089753526951235,-0.0730729833318539,1.6609761099930531,0.0,0.0,0.0,4.485641765335453,0.07476069608892422
1.3659999999999604,0.24273069706453743,-0.0726547522551043,1.6605464355621513,0.24089753526951235,-0.0730729833318539,1.6609761099930531,0.24089753526951235,-0.0730729833318539,1.6609761099930531,0.0,0.0,0.0,4.485637118571129,0.07476061864285215
1.3669999999999602,0.24270732852198323,-0.07265352293825285,1.6605449040945297,0.24089753526951235,-0.0730729833318539,1.6609761099930531,0.24089753526951235,-0.0730729833318539,1.6609761099930531,0.0,0.0,0.0,4.4856352919588005,0.07476058819931335
1.3679999999999601,0.24268413955883236,-0.0726523320242635,1.6605434160574641,0.24089753526951235,-0.0730729833318539,1.6609761099930531,0.24089753526951235,-0.0730729833318539,1.6609761099930531,0.0,0.0,0.0,4.485636261721287,0.07476060436202145
1.36899999999996,0.24266112951367994,-0.07265117924550253,1.6605419711418652,0.24089753526951235,-0.0730729833318539,1.6609761099930531,0.24089753526951235,-0.0730729833318539,1.6609761099930531,0.0,0.0,0.0,4.485640004051718,0.0747606667341953
1.36999999999996,0.2426382977215351,-0.07265006433345486,1.6605405690378536,0.24089753526951235,-0.0730729833318539,1.6609761099930531,0.24089753526951235,-0.0730729833318539,1.6609761099930531,0.0,0.0,0.0,4.485646495116617,0.07476077491861029
1.3709999999999598,0.2426156435138904,-0.07264898701876835,1.6605392094348024,0.24089753526951235,-0.0730729833318539,1.6609761099930531,0.24089753526951235,-0.0730729833318539,1.6609761099930531,0.0,0.0,0.0,4.485655711058406,0.0747609285176401
1.3719999999999597,0.24259316621879887,-0.07264794703129444,1.6605378920213845,0.24089753526951235,-0.0730729833318539,1.6609761099930531,0.24089753526951235,-0.0730729833318539,1.6609761099930531,0.0,0.0,0.0,4.48566762799936,0.07476112713332267
1.3729999999999596,0.2425708651609465,-0.0726469441001281,1.6605366164856166,0.24089753526951235,-0.0730729833318539,1.6609761099930531,0.24089753526951235,-0.0730729833318539,1.6609761099930531,0.0,0.0,0.0,4.485682222043761,0.07476137036739601
1.3739999999999595,0.24254873966172358,-0.07264597795364991,1.6605353825149043,0.24089753526951235,-0.0730729833318539,1.6609761099930531,0.24089753526951235,-0.0730729833318539,1.6609761099930531,0.0,0.0,0.0,4.485699469280936,0.07476165782134894
1.3749999999999594,0.2425267890392984,-0.07264504831956432,1.6605341897960837,0.24089753526951235,-0.0730729833318539,1.6609761099930531,0.24089753526951235,-0.0730729833318539,1.6609761099930531,0.0,0.0,0.0,4.48571934578796,0.07476198909646599
1.3759999999999593,0.24250501260868906,-0.07264415492494049,1.660533038015466,0.24089753526951235,-0.0730729833318539,1.6609761099930531,0.24089753526951235,-0.0730729833318539,1.6609761099930531,0.0,0.0,0.0,4.485741827633051,0.07476236379388418
1.3769999999999591,0.2424834096818349,-0.07264329749624994,1.6605319268588787,0.24089753526951235,-0.0730729833318539,1.6609761099930531,0.24089753526951235,-0.0730729833318539,1.6609761099930531,0.0,0.0,0.0,4.485766890877271,0.0747627815146212
1.377999999999959,0.2424619795676665,-0.07264247575940587,1.66053085601171,0.24089753526951235,-0.0730729833318539,1.6609761099930531,0.24089753526951235,-0.0730729833318539,1.6609761099930531,0.0,0.0,0.0,4.485794511578407,0.0747632418596401
1.378999999999959,0.24244072157217877,-0.07264168943980054,1.6605298251589447,0.24089753526951235,-0.0730729833318539,1.6609761099930531,0.24089753526951235,-0.0730729833318539,1.6609761099930531,0.0,0.0,0.0,4.485824665792467,0.07476374442987446
1.3799999999999588,0.24241963499849795,-0.07264093826234304,1.6605288339852096,0.24089753526951235,-0.0730729833318539,1.6609761099930531,0.24089753526951235,-0.0730729833318539,1.6609761099930531,0.0,0.0,0.0,4.48585732957769,0.07476428882629484
1.3809999999999587,0.24239871914695477,-0.07264022195149575,1.6605278821748113,0.24089753526951235,-0.0730729833318539,1.6609761099930531,0.24089753526951235,-0.0730729833318539,1.6609761099930531,0.0,0.0,0.0,4.48589247899591,0.07476487464993184
1.3819999999999586,0.2423779733151507,-0.0726395402313112,1.660526969411777,0.24089753526951235,-0.0730729833318539,1.6609761099930531,0.24089753526951235,-0.0730729833318539,1.6609761099930531,0.0,0.0,0.0,4.485930090115844,0.07476550150193075
1.3829999999999585,0.24235739679802948,-0.07263889282546834,1.6605260953798913,0.24089753526951235,-0.0730729833318539,1.6609761099930531,0.24089753526951235,-0.0730729833318539,1.6609761099930531,0.0,0.0,0.0,4.485970139015239,0.07476616898358732
1.3839999999999584,0.24233698888794414,-0.07263827945730732,1.660525259762736,0.24089753526951235,-0.0730729833318539,1.6609761099930531,0.24089753526951235,-0.0730729833318539,1.6609761099930531,0.0,0.0,0.0,4.486012601784017,0.07476687669640028
1.3849999999999583,0.24231674887472449,-0.07263769984986508,1.6605244622437285,0.24089753526951235,-0.0730729833318539,1.6609761099930531,0.24089753526951235,-0.0730729833318539,1.6609761099930531,0.0,0.0,0.0,4.486057454525975,0.07476762424209958
1.3859999999999582,0.242296676045747,-0.0726371537259097,1.6605237025061577,0.24089753526951235,-0.0730729833318539,1.6609761099930531,0.24089753526951235,-0.0730729833318539,1.6609761099930531,0.0,0.0,0.0,4.486104673361633,0.07476841122269388
1.386999999999958,0.24227676968599898,-0.07263664080797456,1.6605229802332195,0.24089753526951235,-0.0730729833318539,1.6609761099930531,0.24089753526951235,-0.0730729833318539,1.6609761099930531,0.0,0.0,0.0,4.486154234430832,0.07476923724051386
1.387999999999958,0.24225702907814844,-0.07263616081839176,1.6605222951080585,0.24089753526951235,-0.0730729833318539,1.6609761099930531,0.24089753526951235,-0.0730729833318539,1.6609761099930531,0.0,0.0,0.0,4.4862061138948395,0.07477010189824733
1.3889999999999578,0.24223745350260728,-0.07263571347932612,1.6605216468137969,0.24089753526951235,-0.0730729833318539,1.6609761099930531,0.24089753526951235,-0.0730729833318539,1.6609761099930531,0.0,0.0,0.0,4.486260287938214,0.07477100479897024
1.3899999999999577,0.2422180422375996,-0.07263529851280687,1.6605210350335737,0.24089753526951235,-0.0730729833318539,1.6609761099930531,0.24089753526951235,-0.0730729833318539,1.6609761099930531,0.0,0.0,0.0,4.486316732772144,0.0747719455462024
1.3909999999999576,0.24219879455922516,-0.07263491564076076,1.6605204594505771,0.24089753526951235,-0.0730729833318539,1.6609761099930531,0.24089753526951235,-0.0730729833318539,1.6609761099930531,0.0,0.0,0.0,4.486375424636027,0.07477292374393378
1.3919999999999575,0.24217970974152578,-0.07263456458504339,1.6605199197480813,0.24089753526951235,-0.0730729833318539,1.6609761099930531,0.24089753526951235,-0.0730729833318539,1.6609761099930531,0.0,0.0,0.0,4.486436339800181,0.07477393899666969
1.3929999999999574,0.2421607870565492,-0.0726342450674713,1.6605194156094771,0.24089753526951235,-0.0730729833318539,1.6609761099930531,0.24089753526951235,-0.0730729833318539,1.6609761099930531,0.0,0.0,0.0,4.486499454567356,0.07477499090945594
1.3939999999999573,0.24214202577441218,-0.07263395680985131,1.6605189467183064,0.24089753526951235,-0.0730729833318539,1.6609761099930531,0.24089753526951235,-0.0730729833318539,1.6609761099930531,0.0,0.0,0.0,4.486564745275586,0.07477607908792643
1.3949999999999572,0.24212342516336577,-0.0726336995340137,1.660518512758295,0.24089753526951235,-0.0730729833318539,1.6609761099930531,0.24089753526951235,-0.0730729833318539,1.6609761099930531,0.0,0.0,0.0,4.486632188299927,0.07477720313833211
1.395999999999957,0.24210498448985668,-0.07263347296184007,1.6605181134133848,0.24089753526951235,-0.0730729833318539,1.6609761099930531,0.24089753526951235,-0.0730729833318539,1.6609761099930531,0.0,0.0,0.0,4.486701760054658,0.07477836266757763
1.396999999999957,0.24208670301859198,-0.07263327681529345,1.6605177483677651,0.24089753526951235,-0.0730729833318539,1.6609761099930531,0.24089753526951235,-0.0730729833318539,1.6609761099930531,0.0,0.0,0.0,4.486773436995384,0.0747795572832564
1.3979999999999568,0.24206858001259934,-0.07263311081644816,1.6605174173059012,0.24089753526951235,-0.0730729833318539,1.6609761099930531,0.24089753526951235,-0.0730729833318539,1.6609761099930531,0.0,0.0,0.0,4.486847195621092,0.07478078659368487
1.3989999999999567,0.2420506147332887,-0.07263297468751836,1.6605171199125692,0.24089753526951235,-0.0730729833318539,1.6609761099930531,0.24089753526951235,-0.0730729833318539,1.6609761099930531,0.0,0.0,0.0,4.486923012476475,0.07478205020794125
1.3999999999999566,0.2420328064405157,-0.07263286815088638,1.6605168558728836,0.24089753526951235,-0.0730729833318539,1.6609761099930531,0.24089753526951235,-0.0730729833318539,1.6609761099930531,0.0,0.0,0.0,4.487000864153314,0.07478334773588857
1.4009999999999565,0.2420151543926401,-0.07263279092913051,1.6605166248723282,0.24089753526951235,-0.0730729833318539,1.6609761099930531,0.24089753526951235,-0.0730729833318539,1.6609761099930531,0.0,0.0,0.0,4.487080727292745,0.07478467878821242
1.4019999999999564,0.24199765784658728,-0.07263274274505284,1.660516426596783,0.24089753526951235,-0.0730729833318539,1.6609761099930531,0.24089753526951235,-0.0730729833318539,1.6609761099930531,0.0,0.0,0.0,4.487162578587125,0.0747860429764521
1.4029999999999563,0.24198031605790785,-0.07263272332170649,1.6605162607325568,0.24089753526951235,-0.0730729833318539,1.6609761099930531,0.24089753526951235,-0.0730729833318539,1.6609761099930531,0.0,0.0,0.0,4.4872463947823,0.07478743991303834
1.4039999999999562,0.24196312828083716,-0.07263273238242164,1.6605161269664097,0.24089753526951235,-0.0730729833318539,1.6609761099930531,0.24089753526951235,-0.0730729833318539,1.6609761099930531,0.0,0.0,0.0,4.487332152678209,0.07478886921130348
1.404999999999956,0.24194609376835455,-0.07263276965083298,1.660516024985588,0.24089753526951235,-0.0730729833318539,1.6609761099930531,0.24089753526951235,-0.0730729833318539,1.6609761099930531,0.0,0.0,0.0,4.4874198291327545,0.07479033048554591
1.405999999999956,0.24192921177224053,-0.07263283485090496,1.6605159544778443,0.24089753526951235,-0.0730729833318539,1.6609761099930531,0.24089753526951235,-0.0730729833318539,1.6609761099930531,0.0,0.0,0.0,4.487509401061761,0.07479182335102935
1.4069999999999558,0.2419124815431365,-0.072632927706957,1.6605159151314703,0.24089753526951235,-0.0730729833318539,1.6609761099930531,0.24089753526951235,-0.0730729833318539,1.6609761099930531,0.0,0.0,0.0,4.487600845441698,0.0747933474240283
1.4079999999999557,0.24189590233060176,-0.07263304794369005,1.6605159066353201,0.24089753526951235,-0.0730729833318539,1.6609761099930531,0.24089753526951235,-0.0730729833318539,1.6609761099930531,0.0,0.0,0.0,4.487694139310905,0.07479490232184842
1.4089999999999556,0.24187947338316945,-0.07263319528620867,1.6605159286788358,0.24089753526951235,-0.0730729833318539,1.6609761099930531,0.24089753526951235,-0.0730729833318539,1.6609761099930531,0.0,0.0,0.0,4.487789259771713,0.07479648766286189
1.4099999999999555,0.2418631939484045,-0.07263336946004892,1.6605159809520746,0.24089753526951235,-0.0730729833318539,1.6609761099930531,0.24089753526951235,-0.0730729833318539,1.6609761099930531,0.0,0.0,0.0,4.4878861839919315,0.07479810306653219
1.4109999999999554,0.24184706327295954,-0.07263357019119966,1.6605160631457334,0.24089753526951235,-0.0730729833318539,1.6609761099930531,0.24089753526951235,-0.0730729833318539,1.6609761099930531,0.0,0.0,0.0,4.487984889206548,0.07479974815344247
1.4119999999999553,0.24183108060263037,-0.0726337972061263,1.660516174951173,0.24089753526951235,-0.0730729833318539,1.6609761099930531,0.24089753526951235,-0.0730729833318539,1.6609761099930531,0.0,0.0,0.0,4.488085352719039,0.07480142254531731
1.4129999999999552,0.24181524518241104,-0.07263405023179587,1.660516316060443,0.24089753526951235,-0.0730729833318539,1.6609761099930531,0.24089753526951235,-0.0730729833318539,1.6609761099930531,0.0,0.0,0.0,4.488187551903462,0.0748031258650577
1.413999999999955,0.24179955625654903,-0.0726343289956983,1.660516486166306,0.24089753526951235,-0.0730729833318539,1.6609761099930531,0.24089753526951235,-0.0730729833318539,1.6609761099930531,0.0,0.0,0.0,4.488291464205795,0.07480485773676325
1.414999999999955,0.2417840130685992,-0.0726346332258685,1.660516684962258,0.24089753526951235,-0.0730729833318539,1.6609761099930531,0.24089753526951235,-0.0730729833318539,1.6609761099930531,0.0,0.0,0.0,4.488397067145142,0.07480661778575236
1.4159999999999549,0.2417686148614776,-0.07263496265091045,1.6605169121425547,0.24089753526951235,-0.0730729833318539,1.6609761099930531,0.24089753526951235,-0.0730729833318539,1.6609761099930531,0.0,0.0,0.0,4.488504338316037,0.07480840563860063
1.4169999999999547,0.24175336087751498,-0.07263531700001631,1.660517167402234,0.24089753526951235,-0.0730729833318539,1.6609761099930531,0.24089753526951235,-0.0730729833318539,1.6609761099930531,0.0,0.0,0.0,4.48861325538903,0.0748102209231505
1.4179999999999546,0.24173825035851,-0.07263569600299048,1.6605174504371365,0.24089753526951235,-0.0730729833318539,1.6609761099930531,0.24089753526951235,-0.0730729833318539,1.6609761099930531,0.0,0.0,0.0,4.48872379611257,0.07481206326854282
1.4189999999999545,0.24172328254578102,-0.07263609939026816,1.6605177609439272,0.24089753526951235,-0.0730729833318539,1.6609761099930531,0.24089753526951235,-0.0730729833318539,1.6609761099930531,0.0,0.0,0.0,4.488835938314248,0.07481393230523747
1.4199999999999544,0.2417084566802183,-0.07263652689293773,1.6605180986201178,0.24089753526951235,-0.0730729833318539,1.6609761099930531,0.24089753526951235,-0.0730729833318539,1.6609761099930531,0.0,0.0,0.0,4.488949659902519,0.07481582766504198
1.4209999999999543,0.24169377200233577,-0.07263697824276028,1.6605184631640875,0.24089753526951235,-0.0730729833318539,1.6609761099930531,0.24089753526951235,-0.0730729833318539,1.6609761099930531,0.0,0.0,0.0,4.489064938867843,0.07481774898113072
1.4219999999999542,0.2416792277523218,-0.0726374531721891,1.6605188542751026,0.24089753526951235,-0.0730729833318539,1.6609761099930531,0.24089753526951235,-0.0730729833318539,1.6609761099930531,0.0,0.0,0.0,4.489181753283902,0.07481969588806504
1.422999999999954,0.24166482317009014,-0.07263795141439058,1.6605192716533392,0.24089753526951235,-0.0730729833318539,1.6609761099930531,0.24089753526951235,-0.0730729833318539,1.6609761099930531,0.0,0.0,0.0,4.489300081309187,0.07482166802181979
1.423999999999954,0.2416505574953286,-0.07263847270326212,1.6605197149999,0.24089753526951235,-0.0730729833318539,1.6609761099930531,0.24089753526951235,-0.0730729833318539,1.6609761099930531,0.0,0.0,0.0,4.489419901187641,0.07482366501979401
1.4249999999999539,0.24163642996755133,-0.07263901677345203,1.6605201840168347,0.24089753526951235,-0.0730729833318539,1.6609761099930531,0.24089753526951235,-0.0730729833318539,1.6609761099930531,0.0,0.0,0.0,4.489541191250835,0.07482568652084724
1.4259999999999537,0.241622439826145,-0.07263958336037718,1.6605206784071584,0.24089753526951235,-0.0730729833318539,1.6609761099930531,0.24089753526951235,-0.0730729833318539,1.6609761099930531,0.0,0.0,0.0,4.489663929918666,0.07482773216531109
1.4269999999999536,0.24160858631042045,-0.07264017220024198,1.6605211978748753,0.24089753526951235,-0.0730729833318539,1.6609761099930531,0.24089753526951235,-0.0730729833318539,1.6609761099930531,0.0,0.0,0.0,4.489788095700877,0.07482980159501462
1.4279999999999535,0.24159486865965815,-0.07264078303005556,1.6605217421249867,0.24089753526951235,-0.0730729833318539,1.6609761099930531,0.24089753526951235,-0.0730729833318539,1.6609761099930531,0.0,0.0,0.0,4.4899136671971815,0.07483189445328636
1.4289999999999534,0.24158128611315835,-0.0726414155876501,1.6605223108635196,0.24089753526951235,-0.0730729833318539,1.6609761099930531,0.24089753526951235,-0.0730729833318539,1.6609761099930531,0.0,0.0,0.0,4.490040623100209,0.0748340103850035
1.4299999999999533,0.24156783791028646,-0.07264206961169765,1.660522903797537,0.24089753526951235,-0.0730729833318539,1.6609761099930531,0.24089753526951235,-0.0730729833318539,1.6609761099930531,0.0,0.0,0.0,4.490168942194887,0.07483614903658145
1.4309999999999532,0.2415545232905218,-0.07264274484172638,1.6605235206351592,0.24089753526951235,-0.0730729833318539,1.6609761099930531,0.24089753526951235,-0.0730729833318539,1.6609761099930531,0.0,0.0,0.0,4.490298603360745,0.07483831005601241
1.431999999999953,0.2415413414935022,-0.0726434410181387,1.660524161085578,0.24089753526951235,-0.0730729833318539,1.6609761099930531,0.24089753526951235,-0.0730729833318539,1.6609761099930531,0.0,0.0,0.0,4.490429585572286,0.07484049309287144
1.432999999999953,0.2415282917590713,-0.07264415788222568,1.6605248248590743,0.24089753526951235,-0.0730729833318539,1.6609761099930531,0.24089753526951235,-0.0730729833318539,1.6609761099930531,0.0,0.0,0.0,4.490561867900504,0.07484269779834173
1.4339999999999529,0.24151537332732326,-0.07264489517618473,1.6605255116670357,0.24089753526951235,-0.0730729833318539,1.6609761099930531,0.24089753526951235,-0.0730729833318539,1.6609761099930531,0.0,0.0,0.0,4.490695429513582,0.07484492382522637
1.4349999999999528,0.24150258543864805,-0.07264565264313379,1.6605262212219691,0.24089753526951235,-0.0730729833318539,1.6609761099930531,0.24089753526951235,-0.0730729833318539,1.6609761099930531,0.0,0.0,0.0,4.490830249677682,0.07484717082796137
1.4359999999999526,0.24148992733377686,-0.07264643002712734,1.6605269532375184,0.24089753526951235,-0.0730729833318539,1.6609761099930531,0.24089753526951235,-0.0730729833318539,1.6609761099930531,0.0,0.0,0.0,4.490966307758618,0.07484943846264364
1.4369999999999525,0.24147739825382403,-0.07264722707317177,1.6605277074284785,0.24089753526951235,-0.0730729833318539,1.6609761099930531,0.24089753526951235,-0.0730729833318539,1.6609761099930531,0.0,0.0,0.0,4.491103583222464,0.07485172638704106
1.4379999999999524,0.24146499744033328,-0.07264804352723873,1.6605284835108114,0.24089753526951235,-0.0730729833318539,1.6609761099930531,0.24089753526951235,-0.0730729833318539,1.6609761099930531,0.0,0.0,0.0,4.491242055636362,0.07485403426060604
1.4389999999999523,0.24145272413531926,-0.07264887913628083,1.6605292812016597,0.24089753526951235,-0.0730729833318539,1.6609761099930531,0.24089753526951235,-0.0730729833318539,1.6609761099930531,0.0,0.0,0.0,4.4913817046695295,0.07485636174449216
1.4399999999999522,0.24144057758131077,-0.0726497336482457,1.6605301002193595,0.24089753526951235,-0.0730729833318539,1.6609761099930531,0.24089753526951235,-0.0730729833318539,1.6609761099930531,0.0,0.0,0.0,4.491522510093678,0.0748587085015613
1.440999999999952,0.24142855702139354,-0.0726506068120886,1.6605309402834574,0.24089753526951235,-0.0730729833318539,1.6609761099930531,0.24089753526951235,-0.0730729833318539,1.6609761099930531,0.0,0.0,0.0,4.491664451785093,0.07486107419641821
1.441999999999952,0.24141666169925088,-0.07265149837778737,1.6605318011147199,0.24089753526951235,-0.0730729833318539,1.6609761099930531,0.24089753526951235,-0.0730729833318539,1.6609761099930531,0.0,0.0,0.0,4.491807509724169,0.07486345849540282
1.4429999999999519,0.24140489085920658,-0.07265240809635433,1.6605326824351514,0.24089753526951235,-0.0730729833318539,1.6609761099930531,0.24089753526951235,-0.0730729833318539,1.6609761099930531,0.0,0.0,0.0,4.49195166399699,0.0748658610666165
1.4439999999999518,0.24139324374626475,-0.0726533357198502,1.6605335839680015,0.24089753526951235,-0.0730729833318539,1.6609761099930531,0.24089753526951235,-0.0730729833318539,1.6609761099930531,0.0,0.0,0.0,4.492096894795527,0.07486828157992545
1.4449999999999517,0.24138171960615104,-0.07265428100139613,1.6605345054377822,0.24089753526951235,-0.0730729833318539,1.6609761099930531,0.24089753526951235,-0.0730729833318539,1.6609761099930531,0.0,0.0,0.0,4.49224318241906,0.07487071970698432
1.4459999999999515,0.241370317685352,-0.07265524369518644,1.6605354465702764,0.24089753526951235,-0.0730729833318539,1.6609761099930531,0.24089753526951235,-0.0730729833318539,1.6609761099930531,0.0,0.0,0.0,4.492390507274592,0.07487317512124321
1.4469999999999514,0.2413590372311557,-0.07265622355650055,1.6605364070925541,0.24089753526951235,-0.0730729833318539,1.6609761099930531,0.24089753526951235,-0.0730729833318539,1.6609761099930531,0.0,0.0,0.0,4.492538849877702,0.0748756474979617
1.4479999999999513,0.24134787749168995,-0.07265722034171446,1.6605373867329793,0.24089753526951235,-0.0730729833318539,1.6609761099930531,0.24089753526951235,-0.0730729833318539,1.6609761099930531,0.0,0.0,0.0,4.492688190852752,0.07487813651421253
1.4489999999999512,0.24133683771596115,-0.07265823380831259,1.6605383852212234,0.24089753526951235,-0.0730729833318539,1.6609761099930531,0.24089753526951235,-0.0730729833318539,1.6609761099930531,0.0,0.0,0.0,4.492838510934262,0.07488064184890436
1.449999999999951,0.24132591715389368,-0.07265926371489906,1.6605394022882793,0.24089753526951235,-0.0730729833318539,1.6609761099930531,0.24089753526951235,-0.0730729833318539,1.6609761099930531,0.0,0.0,0.0,4.492989790967522,0.07488316318279203
1.450999999999951,0.24131511505636605,-0.07266030982120882,1.660540437666465,0.24089753526951235,-0.0730729833318539,1.6609761099930531,0.24089753526951235,-0.0730729833318539,1.6609761099930531,0.0,0.0,0.0,4.493142011908152,0.07488570019846921
1.4519999999999509,0.24130443067524962,-0.07266137188811718,1.6605414910894416,0.24089753526951235,-0.0730729833318539,1.6609761099930531,0.24089753526951235,-0.0730729833318539,1.6609761099930531,0.0,0.0,0.0,4.493295154824543,0.07488825258040906
1.4529999999999508,0.24129386326344554,-0.0726624496776526,1.6605425622922168,0.24089753526951235,-0.0730729833318539,1.6609761099930531,0.24089753526951235,-0.0730729833318539,1.6609761099930531,0.0,0.0,0.0,4.493449200896738,0.07489082001494564
1.4539999999999507,0.24128341207491955,-0.07266354295300406,1.6605436510111604,0.24089753526951235,-0.0730729833318539,1.6609761099930531,0.24089753526951235,-0.0730729833318539,1.6609761099930531,0.0,0.0,0.0,4.493604131417478,0.07489340219029131
1.4549999999999506,0.24127307636474146,-0.07266465147853295,1.6605447569840117,0.24089753526951235,-0.0730729833318539,1.6609761099930531,0.24089753526951235,-0.0730729833318539,1.6609761099930531,0.0,0.0,0.0,4.493759927795116,0.07489599879658528
1.4559999999999504,0.2412628553891169,-0.07266577501978176,1.6605458799498856,0.24089753526951235,-0.0730729833318539,1.6609761099930531,0.24089753526951235,-0.0730729833318539,1.6609761099930531,0.0,0.0,0.0,4.493916571549649,0.07489860952582748
1.4569999999999503,0.24125274840542577,-0.07266691334348478,1.6605470196492873,0.24089753526951235,-0.0730729833318539,1.6609761099930531,0.24089753526951235,-0.0730729833318539,1.6609761099930531,0.0,0.0,0.0,4.494074044316726,0.07490123407194543
1.4579999999999502,0.2412427546722557,-0.07266806621757549,1.6605481758241172,0.24089753526951235,-0.0730729833318539,1.6609761099930531,0.24089753526951235,-0.0730729833318539,1.6609761099930531,0.0,0.0,0.0,4.4942323278464835,0.07490387213077472
1.4589999999999501,0.2412328734494354,-0.07266923341119588,1.6605493482176803,0.24089753526951235,-0.0730729833318539,1.6609761099930531,0.24089753526951235,-0.0730729833318539,1.6609761099930531,0.0,0.0,0.0,4.494391404005118,0.07490652340008529
1.45999999999995,0.2412231039980708,-0.07267041469470643,1.660550536574695,0.24089753526951235,-0.0730729833318539,1.6609761099930531,0.24089753526951235,-0.0730729833318539,1.6609761099930531,0.0,0.0,0.0,4.494551254774746,0.0749091875795791
1.46099999999995,0.24121344558057775,-0.07267160983969366,1.6605517406413004,0.24089753526951235,-0.0730729833318539,1.6609761099930531,0.24089753526951235,-0.0730729833318539,1.6609761099930531,0.0,0.0,0.0,4.494711862253947,0.07491186437089911
1.4619999999999498,0.24120389746071386,-0.0726728186189772,1.6605529601650642,0.24089753526951235,-0.0730729833318539,1.6609761099930531,0.24089753526951235,-0.0730729833318539,1.6609761099930531,0.0,0.0,0.0,4.494873208658306,0.07491455347763844
1.4629999999999497,0.2411944589036133,-0.07267404080661993,1.6605541948949913,0.24089753526951235,-0.0730729833318539,1.6609761099930531,0.24089753526951235,-0.0730729833318539,1.6609761099930531,0.0,0.0,0.0,4.495035276320539,0.0749172546053423
1.4639999999999496,0.24118512917581691,-0.07267527617793372,1.660555444581528,0.24089753526951235,-0.0730729833318539,1.6609761099930531,0.24089753526951235,-0.0730729833318539,1.6609761099930531,0.0,0.0,0.0,4.495198047690986,0.07491996746151643
1.4649999999999495,0.24117590754530677,-0.07267652450948799,1.660556708976572,0.24089753526951235,-0.0730729833318539,1.6609761099930531,0.24089753526951235,-0.0730729833318539,1.6609761099930531,0.0,0.0,0.0,4.495361505338255,0.07492269175563758
1.4659999999999493,0.2411667932815337,-0.07267778557911682,1.6605579878334766,0.24089753526951235,-0.0730729833318539,1.6609761099930531,0.24089753526951235,-0.0730729833318539,1.6609761099930531,0.0,0.0,0.0,4.495525631949411,0.07492542719915685
1.4669999999999492,0.24115778565545332,-0.07267905916592549,1.6605592809070626,0.24089753526951235,-0.0730729833318539,1.6609761099930531,0.24089753526951235,-0.0730729833318539,1.6609761099930531,0.0,0.0,0.0,4.4956904103302575,0.07492817350550429
1.4679999999999491,0.24114888393955236,-0.07268034505029762,1.6605605879536158,0.24089753526951235,-0.0730729833318539,1.6609761099930531,0.24089753526951235,-0.0730729833318539,1.6609761099930531,0.0,0.0,0.0,4.495855823405121,0.07493093039008535
1.468999999999949,0.24114008740788023,-0.07268164301390177,1.6605619087308996,0.24089753526951235,-0.0730729833318539,1.6609761099930531,0.24089753526951235,-0.0730729833318539,1.6609761099930531,0.0,0.0,0.0,4.496021854218311,0.07493369757030519
1.469999999999949,0.24113139533607997,-0.07268295283969765,1.6605632429981587,0.24089753526951235,-0.0730729833318539,1.6609761099930531,0.24089753526951235,-0.0730729833318539,1.6609761099930531,0.0,0.0,0.0,4.496188485933659,0.07493647476556098
1.4709999999999488,0.24112280700141622,-0.07268427431194159,1.6605645905161233,0.24089753526951235,-0.0730729833318539,1.6609761099930531,0.24089753526951235,-0.0730729833318539,1.6609761099930531,0.0,0.0,0.0,4.4963557018348785,0.07493926169724797
1.4719999999999487,0.24111432168280447,-0.07268560721619424,1.6605659510470192,0.24089753526951235,-0.0730729833318539,1.6609761099930531,0.24089753526951235,-0.0730729833318539,1.6609761099930531,0.0,0.0,0.0,4.496523485326132,0.07494205808876887
1.4729999999999486,0.24110593866084062,-0.0726869513393241,1.6605673243545653,0.24089753526951235,-0.0730729833318539,1.6609761099930531,0.24089753526951235,-0.0730729833318539,1.6609761099930531,0.0,0.0,0.0,4.496691819931325,0.07494486366552208
1.4739999999999485,0.24109765721782728,-0.07268830646951402,1.6605687102039848,0.24089753526951235,-0.0730729833318539,1.6609761099930531,0.24089753526951235,-0.0730729833318539,1.6609761099930531,0.0,0.0,0.0,4.49686068929585,0.07494767815493082
1.4749999999999484,0.2410894766378035,-0.07268967239626699,1.6605701083620075,0.24089753526951235,-0.0730729833318539,1.6609761099930531,0.24089753526951235,-0.0730729833318539,1.6609761099930531,0.0,0.0,0.0,4.497030077185349,0.07495050128642249
1.4759999999999482,0.24108139620657096,-0.07269104891041014,1.6605715185968737,0.24089753526951235,-0.0730729833318539,1.6609761099930531,0.24089753526951235,-0.0730729833318539,1.6609761099930531,0.0,0.0,0.0,4.4971999674855825,0.07495333279142638
1.4769999999999481,0.24107341521172065,-0.07269243580410016,1.6605729406783396,0.24089753526951235,-0.0730729833318539,1.6609761099930531,0.24089753526951235,-0.0730729833318539,1.6609761099930531,0.0,0.0,0.0,4.497370344206557,0.07495617240344261
1.477999999999948,0.24106553294266136,-0.07269383287082767,1.66057437437768,0.24089753526951235,-0.0730729833318539,1.6609761099930531,0.24089753526951235,-0.0730729833318539,1.6609761099930531,0.0,0.0,0.0,4.4975411914767776,0.0749590198579463
1.478999999999948,0.2410577486906429,-0.07269523990542218,1.6605758194676923,0.24089753526951235,-0.0730729833318539,1.6609761099930531,0.24089753526951235,-0.0730729833318539,1.6609761099930531,0.0,0.0,0.0,4.497712493547061,0.07496187489245101
1.4799999999999478,0.24105006174878504,-0.07269665670405566,1.6605772757227013,0.24089753526951235,-0.0730729833318539,1.6609761099930531,0.24089753526951235,-0.0730729833318539,1.6609761099930531,0.0,0.0,0.0,4.497884234789938,0.07496473724649896
1.4809999999999477,0.24104247141210058,-0.07269808306424669,1.6605787429185614,0.24089753526951235,-0.0730729833318539,1.6609761099930531,0.24089753526951235,-0.0730729833318539,1.6609761099930531,0.0,0.0,0.0,4.498056399699669,0.07496760666166115
1.4819999999999476,0.24103497697752127,-0.07269951878486525,1.6605802208326592,0.24089753526951235,-0.0730729833318539,1.6609761099930531,0.24089753526951235,-0.0730729833318539,1.6609761099930531,0.0,0.0,0.0,4.4982289728923135,0.07497048288153856
1.4829999999999475,0.24102757774392225,-0.07270096366613465,1.6605817092439177,0.24089753526951235,-0.0730729833318539,1.6609761099930531,0.24089753526951235,-0.0730729833318539,1.6609761099930531,0.0,0.0,0.0,4.498401939106168,0.07497336565176947
1.4839999999999474,0.24102027301214676,-0.07270241750963685,1.6605832079327985,0.24089753526951235,-0.0730729833318539,1.6609761099930531,0.24089753526951235,-0.0730729833318539,1.6609761099930531,0.0,0.0,0.0,4.498575283201079,0.07497625472001798
1.4849999999999473,0.24101306208502937,-0.07270388011831483,1.6605847166813055,0.24089753526951235,-0.0730729833318539,1.6609761099930531,0.24089753526951235,-0.0730729833318539,1.6609761099930531,0.0,0.0,0.0,4.498748990159292,0.0749791498359882
1.4859999999999471,0.24100594426741895,-0.07270535129647479,1.6605862352729834,0.24089753526951235,-0.0730729833318539,1.6609761099930531,0.24089753526951235,-0.0730729833318539,1.6609761099930531,0.0,0.0,0.0,4.498923045084823,0.07498205075141372
1.486999999999947,0.24099891886620517,-0.07270683084979139,1.6605877634929258,0.24089753526951235,-0.0730729833318539,1.6609761099930531,0.24089753526951235,-0.0730729833318539,1.6609761099930531,0.0,0.0,0.0,4.499097433204187,0.07498495722006979
1.487999999999947,0.24099198519033577,-0.07270831858530855,1.6605893011277724,0.24089753526951235,-0.0730729833318539,1.6609761099930531,0.24089753526951235,-0.0730729833318539,1.6609761099930531,0.0,0.0,0.0,4.499272139865763,0.07498786899776272
1.4889999999999468,0.24098514255084386,-0.07270981431144219,1.6605908479657125,0.24089753526951235,-0.0730729833318539,1.6609761099930531,0.24089753526951235,-0.0730729833318539,1.6609761099930531,0.0,0.0,0.0,4.499447150540152,0.07499078584233586
1.4899999999999467,0.24097839026086504,-0.07271131783798335,1.6605924037964845,0.24089753526951235,-0.0730729833318539,1.6609761099930531,0.24089753526951235,-0.0730729833318539,1.6609761099930531,0.0,0.0,0.0,4.4996224508201434,0.07499370751366906
1.4909999999999466,0.24097172763566554,-0.07271282897610035,1.6605939684113835,0.24089753526951235,-0.0730729833318539,1.6609761099930531,0.24089753526951235,-0.0730729833318539,1.6609761099930531,0.0,0.0,0.0,4.49979802642088,0.07499663377368133
1.4919999999999465,0.24096515399265694,-0.0727143475383406,1.6605955416032545,0.24089753526951235,-0.0730729833318539,1.6609761099930531,0.24089753526951235,-0.0730729833318539,1.6609761099930531,0.0,0.0,0.0,4.499973863179055,0.07499956438631758
1.4929999999999464,0.24095866865142113,-0.07271587333863129,1.6605971231665,0.24089753526951235,-0.0730729833318539,1.6609761099930531,0.24089753526951235,-0.0730729833318539,1.6609761099930531,0.0,0.0,0.0,4.50014994705399,0.0750024991175665
1.4939999999999463,0.2409522709337292,-0.07271740619228409,1.6605987128970765,0.24089753526951235,-0.0730729833318539,1.6609761099930531,0.24089753526951235,-0.0730729833318539,1.6609761099930531,0.0,0.0,0.0,4.500326264126261,0.07500543773543768
1.4949999999999461,0.24094596016356212,-0.07271894591599314,1.6606003105924976,0.24089753526951235,-0.0730729833318539,1.6609761099930531,0.24089753526951235,-0.0730729833318539,1.6609761099930531,0.0,0.0,0.0,4.500502800599026,0.07500838000998376
1.495999999999946,0.2409397356671305,-0.07272049232783949,1.6606019160518328,0.24089753526951235,-0.0730729833318539,1.6609761099930531,0.24089753526951235,-0.0730729833318539,1.6609761099930531,0.0,0.0,0.0,4.5006795427969015,0.07501132571328169
1.496999999999946,0.24093359677289353,-0.07272204524728973,1.6606035290757113,0.24089753526951235,-0.0730729833318539,1.6609761099930531,0.24089753526951235,-0.0730729833318539,1.6609761099930531,0.0,0.0,0.0,4.500856477166614,0.07501427461944357
1.4979999999999458,0.24092754281157885,-0.07272360449519896,1.6606051494663174,0.24089753526951235,-0.0730729833318539,1.6609761099930531,0.24089753526951235,-0.0730729833318539,1.6609761099930531,0.0,0.0,0.0,4.501033590275937,0.07501722650459895
1.4989999999999457,0.24092157311620105,-0.07272516989381086,1.6606067770273947,0.24089753526951235,-0.0730729833318539,1.6609761099930531,0.24089753526951235,-0.0730729833318539,1.6609761099930531,0.0,0.0,0.0,4.5012108688144865,0.0750201811469081
1.4999999999999456,0.2409156870220799,-0.07272674126675863,1.6606084115642445,0.24089753526951235,-0.0730729833318539,1.6609761099930531,0.24089753526951235,-0.0730729833318539,1.6609761099930531,0.0,0.0,0.0,4.501388299593302,0.07502313832655502
1.5009999999999455,0.24090988386685847,-0.07272831843906533,1.6606100528837235,0.24089753526951235,-0.0730729833318539,1.6609761099930531,0.24089753526951235,-0.0730729833318539,1.6609761099930531,0.0,0.0,0.0,4.5015658695443586,0.07502609782573931
